{
  "method": "standard",
  "columns": [
    "volume_ratio_5",
    "vma_10",
    "vma_5",
    "day_of_week_sin",
    "dist_sma_10",
    "return_lag_20",
    "rolling_vol_10",
    "return_lag_10",
    "day_of_week",
    "month_sin",
    "dist_sma_100",
    "rolling_vol_5",
    "volume_lag_3",
    "dist_sma_200",
    "roc_20",
    "momentum_20",
    "roc_10",
    "day_of_month",
    "volume_lag_20",
    "dist_sma_50",
    "High",
    "high_low_range",
    "open_close_diff",
    "momentum_10",
    "volume_momentum",
    "vma_20",
    "dist_sma_5",
    "obv",
    "Volume",
    "return_lag_3",
    "price_diff_pct",
    "price_diff",
    "volume_lag_10",
    "volume_change_ratio",
    "volume_lag_1",
    "volume_change",
    "volume_lag_5",
    "return_lag_1",
    "volume_ratio_10",
    "macd"
  ],
  "mean_": [
    1.0048967126946902,
    2155112.018423088,
    2151018.615704119,
    0.35450000227821876,
    0.0037811104415712126,
    0.0007057859631452455,
    0.24871451214631177,
    0.0007226272532097486,
    1.9935556178201177,
    0.006389422128689642,
    0.041813181701669096,
    0.2361606592764961,
    2129600.128159148,
    0.0854709750889334,
    0.018867111055891003,
    10.716693693520678,
    0.009459433728172779,
    15.831325301204819,
    2115342.0191650325,
    0.02072092650909071,
    702.9812401363836,
    0.02603438639584683,
    -4.27967601675514e-05,
    5.359072258784411,
    1.0048925165939484,
    2148783.1932121045,
    0.0016182658185567513,
    276005607.7406332,
    2129537.832277949,
    0.0007490853451306589,
    0.0008734719856344084,
    0.4336945030701951,
    2121533.596301486,
    1.1521216480491403,
    2133497.140084057,
    -13694.021731577444,
    2128758.443933875,
    0.0007439279550980324,
    1.0084239376426838,
    3.655367538182623
  ],
  "scale_": [
    0.40562675716726687,
    1161482.7768899424,
    1270317.686433665,
    0.5133248002908041,
    0.026621201382275347,
    0.016166252968442072,
    0.12838071039320756,
    0.01629420633604906,
    1.4113231184179889,
    0.7013085269178027,
    0.08090557823957753,
    0.1410929016381305,
    1551799.1273898017,
    0.10782692662512457,
    0.07004206739460389,
    43.34354907083554,
    0.05016849110028429,
    8.765147523249224,
    1518972.8708095436,
    0.0591485571287575,
    548.6928101879587,
    0.014720126121356324,
    0.016492744212394148,
    30.7988927256969,
    0.2978928083837274,
    1034282.4177368005,
    0.01757425432585183,
    103193684.10880463,
    1551140.6726580835,
    0.016358295812045696,
    0.01640746925442326,
    9.404517897070873,
    1535337.4299166007,
    0.6746956245538736,
    1551242.4663055846,
    1361709.3560349827,
    1551860.7089981716,
    0.016373265784101688,
    0.48384592008299154,
    11.058890129203538
  ]
}