{
  "method": "standard",
  "columns": [
    "macd",
    "open_close_diff",
    "return_lag_20",
    "volume_ratio_20",
    "bb_width",
    "price_diff_pct",
    "roc_5",
    "rolling_vol_5",
    "volume_momentum",
    "Volume",
    "volume_lag_10",
    "rolling_var_10",
    "rolling_var_5",
    "roc_20",
    "day_of_week",
    "bb_pct",
    "momentum_5",
    "dist_sma_10",
    "macd_hist",
    "price_diff",
    "day_of_week_sin",
    "dist_sma_100",
    "trading_day_number",
    "month_sin",
    "dist_sma_5",
    "obv",
    "return_lag_1",
    "dist_sma_50",
    "rolling_var_20",
    "roc_10",
    "rsi",
    "return_lag_3",
    "high_low_range",
    "volume_ratio_5",
    "sma_200",
    "open_lag_20",
    "return_lag_10",
    "atr",
    "volume_ratio_10",
    "volume_change"
  ],
  "mean_": [
    1.6268818394307158,
    -0.001237087571227536,
    0.00044804328554734604,
    1.0069023405541457,
    0.15047753960136148,
    0.0007082440255080489,
    0.00359251270955118,
    0.2962768341315218,
    1.0056343325393704,
    3553450.0758643886,
    3537117.1120425886,
    359.27025673214706,
    194.14618709678498,
    0.016093234877186963,
    1.9935556178201177,
    0.5331198307259014,
    0.9008842368645644,
    0.0026198681078010684,
    -0.06146386384613834,
    0.14456083879714066,
    0.35450000227821876,
    0.03491105199343078,
    1988.0599607733259,
    0.006389422128689642,
    0.0011698468925128579,
    297543639.43094426,
    0.000492761000581226,
    0.015156825453886953,
    700.0937780297595,
    0.007565419268854622,
    51.91264527228627,
    0.0004873984525617632,
    0.029813871748678413,
    1.003169675007701,
    658.2427678275974,
    813.4124049789159,
    0.00046346053854592044,
    23.125743534705165,
    1.0061442770016404,
    -25095.28914541886
  ],
  "scale_": [
    15.78008932074224,
    0.019329466810489294,
    0.020940550045233274,
    0.4636704352985902,
    0.09665774762948612,
    0.021097977182325395,
    0.04941143711918314,
    0.1789033476070015,
    0.273329402044719,
    2138203.954130072,
    2124803.844287868,
    527.6866702642269,
    325.4764619262176,
    0.1074700062267519,
    1.4113231184179889,
    0.32654694338896617,
    30.130698453426767,
    0.03702497650650642,
    4.644297045026693,
    12.546441521206185,
    0.5133248002908041,
    0.15302930160612332,
    1031.4387277682322,
    0.7013085269178027,
    0.023768716714180224,
    80312427.08680426,
    0.02110169066940495,
    0.09793087978180666,
    960.6243777877586,
    0.070090657630927,
    17.606696693428887,
    0.02108241207070163,
    0.018152293383239045,
    0.33729328712801315,
    307.0662380067571,
    342.3312837451531,
    0.021026913630885283,
    9.178671343248778,
    0.41297662434303367,
    1734915.0162550139
  ]
}