{
  "method": "standard",
  "columns": [
    "roc_5",
    "dist_sma_20",
    "macd_hist",
    "obv",
    "volume_lag_3",
    "vma_5",
    "macd",
    "bb_width",
    "month_sin",
    "pct_change_1d",
    "open_close_diff",
    "rolling_var_10",
    "volume_ratio_20",
    "volume_lag_1",
    "return_lag_1",
    "rolling_vol_5",
    "dist_sma_5",
    "momentum_5",
    "dist_sma_10",
    "return_lag_3",
    "volume_lag_10",
    "dist_sma_50",
    "dist_sma_100",
    "Volume",
    "rolling_vol_20",
    "rolling_vol_10",
    "return_lag_20",
    "day_of_week",
    "momentum_20",
    "week",
    "vma_20",
    "volume_change_ratio",
    "dist_sma_200",
    "rolling_var_5",
    "volume_lag_5",
    "price_diff",
    "open_lag_1",
    "roc_10",
    "return_lag_5",
    "bb_pct"
  ],
  "mean_": [
    0.004897668751003698,
    0.008588588737837249,
    0.007830262703879251,
    538917412.9661753,
    1741304.636839451,
    1768562.8522342395,
    0.7987697662614186,
    0.1103520208117394,
    0.006389422128689642,
    0.0010147645191941534,
    -0.0007346667041380262,
    16.938846774826306,
    1.010817392873296,
    1744730.4182908381,
    0.000910155084223115,
    0.2590596799544901,
    0.0018292487768287436,
    0.6194829911402744,
    0.004097876260378076,
    0.0008876154028028472,
    1737659.862112637,
    0.02158362783362298,
    0.044567880391460535,
    1740917.4497506307,
    0.2800485556930991,
    0.2727685828726664,
    0.0008626319275862893,
    1.9935556178201177,
    2.3110365702852746,
    26.38582235920426,
    1784012.3945570188,
    1.2851638160843524,
    0.09368759340428745,
    9.638750180517707,
    1740204.4669543293,
    0.12632036571978333,
    185.1433141425879,
    0.009828070980214858,
    0.0009052005775425224,
    0.5746510365564331
  ],
  "scale_": [
    0.03679124508984516,
    0.037278685770821496,
    0.937815056161791,
    208077177.71328232,
    1476189.1881701176,
    1178934.4029964337,
    2.923450758542407,
    0.06367694458737322,
    0.7013085269178027,
    0.0171348153077666,
    0.01803236249440614,
    36.20114135225653,
    0.6987488573248694,
    1475931.227675418,
    0.017138439087185323,
    0.15282737061707638,
    0.018108428994524077,
    6.208132557073989,
    0.02669614388070689,
    0.01708345729199282,
    1471529.1124864153,
    0.05523033797267836,
    0.07662999203924702,
    1471395.996707302,
    0.13491279081959948,
    0.14324853756525402,
    0.017080339363658888,
    1.4113231184179889,
    12.044328799582022,
    15.182256187575941,
    984559.4751049855,
    1.0817762930641406,
    0.11757850794326384,
    21.623918365349187,
    1473393.6584247758,
    2.9246214762636384,
    133.4619200532417,
    0.04947281750961153,
    0.01713450164106903,
    0.3073828555747669
  ]
}