{
  "method": "standard",
  "columns": [
    "month_sin",
    "return_lag_10",
    "pct_change_1d",
    "vma_5",
    "roc_5",
    "day_of_week",
    "return_lag_3",
    "rolling_vol_10",
    "return_lag_1",
    "momentum_20",
    "dist_sma_100",
    "momentum_10",
    "volume_ratio_5",
    "rolling_vol_5",
    "volume_momentum",
    "vma_20",
    "atr",
    "price_diff",
    "rsi",
    "rolling_var_5",
    "volume_lag_10",
    "volume_lag_3",
    "macd_signal",
    "dist_sma_10",
    "volume_lag_20",
    "volume_ratio_20",
    "open_close_diff",
    "dist_sma_200",
    "volume_lag_1",
    "rolling_vol_20",
    "dist_sma_5",
    "return_lag_20",
    "obv",
    "volume_lag_5",
    "atr_pct",
    "week",
    "momentum_5",
    "high_low_range",
    "High",
    "dist_sma_50"
  ],
  "mean_": [
    0.006389422128689642,
    0.0005471729671594145,
    0.000812073174607809,
    8639484.961051276,
    0.004578519499584632,
    1.9935556178201177,
    0.0005489478140175004,
    0.346566923172436,
    0.0005565609462083572,
    0.536802086385234,
    0.03402670202105614,
    0.31583273835528247,
    1.0033241093267764,
    0.33035765120856103,
    1.0059074655103062,
    8698617.168063883,
    3.3997074336079542,
    0.03672679302571501,
    51.68002106454419,
    2.1976202457450897,
    8562277.431269264,
    8577240.34482488,
    0.19245999432953875,
    0.0031519961490867033,
    8523294.62039787,
    1.0080183638582467,
    -0.0011007747746478668,
    0.07027494454959729,
    8593074.283833008,
    0.3553260846993309,
    0.00139663062946687,
    0.00048198233699578706,
    1362146915.7269263,
    8574976.949901933,
    0.03790155205783447,
    26.38582235920426,
    0.15737010235411023,
    0.03636732788572101,
    102.54213716596206,
    0.016334786965775054
  ],
  "scale_": [
    0.7013085269178027,
    0.022411385266583785,
    0.0224279586275596,
    4934470.724062853,
    0.05197009176549204,
    1.4113231184179889,
    0.02239957940683632,
    0.15609336125894807,
    0.022414862966239145,
    6.0482800305553726,
    0.11773309495062166,
    4.289029070797052,
    0.4249361980714462,
    0.1790098458479589,
    0.31221543998665674,
    4277310.928314223,
    2.459945467125505,
    1.3514071434680566,
    16.311488788990772,
    5.019700444418353,
    6297400.021923225,
    6294169.6020062305,
    1.3578160583228172,
    0.03840031921019027,
    6263602.679351088,
    0.5586146177180122,
    0.022152678015956374,
    0.15695695845223842,
    6284987.15940825,
    0.14074064792423183,
    0.024820241882767807,
    0.02229714247516941,
    932562963.5996352,
    6295170.070549533,
    0.015280713413239045,
    15.182256187575941,
    3.0630743308572064,
    0.020576552497755352,
    75.70604633489475,
    0.08712613031775464
  ]
}