{
  "method": "standard",
  "columns": [
    "week",
    "month_sin",
    "day_of_week_sin",
    "atr_pct",
    "roc_5",
    "price_diff_pct",
    "rolling_var_20",
    "volume_lag_20",
    "rsi",
    "macd",
    "dist_sma_10",
    "volume_momentum",
    "volume_change",
    "vma_20",
    "dist_sma_200",
    "rolling_var_5",
    "volume_ratio_20",
    "return_lag_5",
    "open_lag_20",
    "atr",
    "volume_lag_5",
    "volume_ratio_10",
    "rolling_var_10",
    "momentum_5",
    "month_cos",
    "dist_sma_20",
    "volume_lag_10",
    "bb_width",
    "return_lag_20",
    "obv",
    "momentum_20",
    "roc_20",
    "volume_lag_1",
    "Volume",
    "volume_ratio_5",
    "roc_10",
    "price_diff",
    "return_lag_3",
    "momentum_10",
    "High"
  ],
  "mean_": [
    26.38582235920426,
    0.006389422128689642,
    0.35450000227821876,
    0.042321195325329665,
    0.0021073129437056397,
    0.000390855087754861,
    44.11589696360847,
    7972765.918924068,
    50.52714099020661,
    0.06102085215249707,
    0.0008456481899152417,
    1.0065354125484958,
    -18783.54432053784,
    8075648.044573831,
    0.031090511037654905,
    13.260403050808467,
    1.0102913044538095,
    1.027041809372041e-05,
    152.69641223547274,
    6.1350881923835425,
    8036267.903457552,
    1.0071643752206698,
    23.854980345305176,
    0.03490154981412766,
    0.007264836993632733,
    0.0018069272628758479,
    8010521.817282151,
    0.18657660749517677,
    -2.3151105986865557e-05,
    815469451.3782235,
    0.132311651989271,
    0.008282205124107276,
    8066688.752625386,
    8052944.4178873645,
    1.004120983386624,
    0.0046728544952876865,
    0.018611134972415885,
    6.044072135720402e-05,
    0.060014094905581204,
    155.39475244690436
  ],
  "scale_": [
    15.182256187575941,
    0.7013085269178027,
    0.5133248002908041,
    0.01695707635287601,
    0.06143691575838971,
    0.02671653493519958,
    45.81304748689763,
    4553569.196255813,
    16.946365268881745,
    3.7652030642823906,
    0.046025258341801094,
    0.2535092900965389,
    3999113.3681514426,
    3206886.2915571546,
    0.24723529687675785,
    17.031707791048177,
    0.44436055278740216,
    0.026675654062450125,
    48.722351968148345,
    2.3935625515536643,
    4625496.511426799,
    0.4047814763919751,
    26.811641241211838,
    7.832907534040214,
    0.712792219023678,
    0.0674694016758891,
    4599146.394403086,
    0.09548173669931774,
    0.026465477746839633,
    508047566.9268073,
    15.238734787150975,
    0.12399716167178995,
    4627482.475396289,
    4630710.099570365,
    0.3418596806513021,
    0.08684652504779447,
    3.501320627893129,
    0.02673443216426996,
    10.902871343281351,
    49.4149570684231
  ]
}