{
  "method": "standard",
  "columns": [
    "High",
    "return_lag_1",
    "roc_5",
    "high_low_range",
    "return_lag_5",
    "atr_pct",
    "volume_ratio_20",
    "return_lag_10",
    "Volume",
    "rolling_var_5",
    "bb_pct",
    "week",
    "month_sin",
    "rolling_var_20",
    "volume_lag_10",
    "volume_momentum",
    "dist_sma_10",
    "dist_sma_20",
    "day_of_week_sin",
    "day_of_month",
    "rolling_vol_10",
    "rolling_vol_5",
    "open_close_diff",
    "return_lag_20",
    "price_diff",
    "volume_ratio_5",
    "volume_lag_1",
    "dist_sma_200",
    "macd_hist",
    "rsi",
    "obv",
    "dist_sma_5",
    "volume_ratio_10",
    "trading_day_number",
    "bb_width",
    "rolling_vol_20",
    "dist_sma_50",
    "volume_lag_5",
    "momentum_5",
    "return_lag_3"
  ],
  "mean_": [
    126.19555637680901,
    0.0005791471288319963,
    0.004947760258766786,
    0.04221740440125601,
    0.0006307490038234099,
    0.043772618033217914,
    1.0082879996804892,
    0.0006411778073396912,
    9624566.809601346,
    8.737914873759323,
    0.5375247539410448,
    26.37170129140932,
    0.006682719701654493,
    29.71948556203514,
    9594477.985906793,
    1.005195162177574,
    0.00310879315989383,
    0.007103360115954862,
    0.355044768095985,
    15.826501965188097,
    0.4146099160692643,
    0.3975474331772175,
    -0.000991878055560072,
    0.0004789591404245582,
    0.04350557593935177,
    1.002849570513235,
    9664469.178214487,
    0.08570773655935778,
    -0.012117399144536582,
    52.349840705884645,
    1776624861.5227063,
    0.001332565553018059,
    1.0060607312764616,
    1987.6375631667602,
    0.19410582870279067,
    0.4234915225764516,
    0.019317759370096912,
    9615839.366591802,
    0.18715291002370987,
    0.0005798846961209963
  ],
  "scale_": [
    87.04212140828889,
    0.0279379972548665,
    0.06468202276750637,
    0.026014793519657617,
    0.027765567025182705,
    0.02017049962850983,
    0.48332737436874246,
    0.02764111004001941,
    8426230.580749143,
    15.331537004127622,
    0.3264020398039698,
    15.17984888995204,
    0.701294408728913,
    53.26360682258767,
    8419967.13563124,
    0.27285287888956195,
    0.04909629149391282,
    0.07508383942412025,
    0.513175912676374,
    8.769856401715243,
    0.21462840280982579,
    0.23922573670807765,
    0.027193196857982493,
    0.02771343532605209,
    2.8279309935529695,
    0.3628917293184781,
    8431056.932049414,
    0.2908492195238018,
    0.9455107142648539,
    17.33922762986459,
    844929999.6639621,
    0.031329319754238236,
    0.43374023323364025,
    1031.3064070014266,
    0.12957896560284696,
    0.19409386964840034,
    0.13101260801583117,
    8427946.912368245,
    6.220025010588791,
    0.02791206372025777
  ]
}