{
  "method": "standard",
  "columns": [
    "volume_ratio_5",
    "day_of_month",
    "rolling_vol_10",
    "vma_5",
    "momentum_10",
    "dist_sma_10",
    "return_lag_20",
    "day_of_week",
    "macd_signal",
    "dist_sma_200",
    "roc_20",
    "dist_sma_20",
    "volume_lag_5",
    "volume_ratio_20",
    "month_sin",
    "return_lag_5",
    "Volume",
    "week",
    "volume_momentum",
    "macd",
    "open_close_diff",
    "volume_lag_3",
    "bb_pct",
    "open_lag_20",
    "dist_sma_5",
    "atr",
    "rolling_vol_5",
    "roc_5",
    "rsi",
    "volume_lag_1",
    "dist_sma_100",
    "rolling_vol_20",
    "volume_change_ratio",
    "return_lag_3",
    "price_diff_pct",
    "trading_day_number",
    "obv",
    "return_lag_10",
    "bb_width",
    "macd_hist"
  ],
  "mean_": [
    1.0057267254226778,
    15.831325301204819,
    0.2963941676469137,
    217936.06834855702,
    9.480215873771705,
    0.00298410185799831,
    0.0004940624185510393,
    1.9935556178201177,
    6.566572737605671,
    0.07532958833220123,
    0.016271724210932075,
    0.006480301891080786,
    213414.2896049314,
    1.0019032776429169,
    0.006389422128689642,
    0.0005482252127247345,
    214077.92891005886,
    26.38582235920426,
    1.005278792742681,
    6.4281198002792115,
    -0.0005798377596455085,
    213529.91426169797,
    0.5392597506139472,
    2096.324346342378,
    0.0012836227212463368,
    59.899159341584706,
    0.2828060398580753,
    0.004043466949930122,
    52.66478892316901,
    214597.16090781734,
    0.03602221371549943,
    0.304016884176515,
    1.3548731557584077,
    0.0005301816920120414,
    0.0007833367890919738,
    1988.0599607733259,
    19082419.046119362,
    0.0005345986833573755,
    0.1391885334075674,
    -0.06361875369197978
  ],
  "scale_": [
    0.5396184972526542,
    8.765147523249224,
    0.13456450689855018,
    161253.53679784853,
    125.67127484168739,
    0.0343758854169333,
    0.019523551596850937,
    1.4113231184179889,
    40.22786085045242,
    0.17066632184750793,
    0.0962236741235951,
    0.05211273707277406,
    188245.82188728772,
    0.6974386418541784,
    0.7013085269178027,
    0.019606940730446654,
    188884.23842185191,
    15.182256187575941,
    0.3779761997073197,
    42.94252219011403,
    0.020008279758747274,
    187950.49744189242,
    0.3269935749082154,
    1353.5606123897576,
    0.022074198661424044,
    30.792814205450714,
    0.15774328502325402,
    0.04539957999572729,
    17.285299605747245,
    189257.70539866123,
    0.12242417112853614,
    0.12043966317090495,
    1.3316724232840007,
    0.019611993535714783,
    0.01957291348064555,
    1031.4387277682322,
    13416734.78931868,
    0.019555956080615895,
    0.07770456848761749,
    13.738773252645897
  ]
}