{
  "method": "standard",
  "columns": [
    "bb_pct",
    "volume_momentum",
    "dist_sma_50",
    "high_low_range",
    "return_lag_20",
    "momentum_5",
    "dist_sma_20",
    "rolling_var_20",
    "volume_change",
    "volume_lag_5",
    "volume_lag_20",
    "volume_lag_10",
    "vma_20",
    "log_return",
    "rolling_vol_20",
    "day_of_week_sin",
    "roc_10",
    "rolling_var_5",
    "rolling_var_10",
    "rolling_vol_10",
    "atr",
    "return_lag_10",
    "day_of_month",
    "volume_lag_1",
    "dist_sma_10",
    "roc_20",
    "volume_change_ratio",
    "rsi",
    "day_of_week",
    "month_cos",
    "bb_upper",
    "week",
    "volume_ratio_10",
    "volume_lag_3",
    "momentum_20",
    "obv",
    "momentum_10",
    "macd",
    "dist_sma_5",
    "Volume"
  ],
  "mean_": [
    0.5376146141802637,
    1.0026878350699004,
    0.010335377553923908,
    0.03076010793945827,
    0.0002934645127343666,
    0.5105958080425375,
    0.00399937431249628,
    373.6452326266108,
    -6115.1473690108205,
    935936.6304623144,
    930512.1787951806,
    935490.3205715887,
    957536.6869470439,
    0.0003832540855300704,
    0.29369866595723476,
    0.35450000227821876,
    0.005790149145702712,
    100.36045547254528,
    192.99822881804562,
    0.2853069396642639,
    15.957014336582374,
    0.00036834412814745044,
    15.831325301204819,
    939893.0625609414,
    0.001839540913047505,
    0.01143138468064764,
    1.1983408895061292,
    52.15732784315475,
    1.9935556178201177,
    0.007264836993632733,
    523.9101977164354,
    26.38582235920426,
    1.005755297163444,
    937377.0087195293,
    2.0931827997286203,
    101650746.02769405,
    1.1361753332598197,
    0.7749187775908205,
    0.0008301634074744657,
    938098.7841748388
  ],
  "scale_": [
    0.32834842093356864,
    0.31026746908729047,
    0.09382475097889084,
    0.018489470329111152,
    0.01847121520600544,
    22.093124200060068,
    0.053648193302213404,
    569.7536207088305,
    650210.3528495011,
    811384.4065420812,
    804910.1585897526,
    809579.4032541057,
    620708.7331445784,
    0.01858981831661711,
    0.13663205841968448,
    0.5133248002908041,
    0.06575955546027334,
    179.7155513849947,
    325.2857263227321,
    0.14873181632494376,
    7.908384155441092,
    0.018620281976825,
    8.765147523249224,
    813639.3700493155,
    0.03398582889299771,
    0.10112686430409179,
    0.824452900692849,
    17.997345407990483,
    1.4113231184179889,
    0.712792219023678,
    255.04789506024863,
    15.182256187575941,
    0.5219745120090876,
    812722.9185068399,
    46.21679894519698,
    42609407.62948547,
    31.90715108059291,
    11.729429082775763,
    0.021099560272040945,
    812765.30154792
  ]
}