{
  "method": "standard",
  "columns": [
    "dist_sma_20",
    "volume_change_ratio",
    "volume_ratio_5",
    "High",
    "dist_sma_10",
    "Volume",
    "price_diff",
    "day_of_week_sin",
    "week",
    "vma_10",
    "atr",
    "bb_width",
    "volume_lag_5",
    "roc_5",
    "macd",
    "dist_sma_5",
    "dist_sma_50",
    "month_sin",
    "volume_lag_20",
    "atr_pct",
    "roc_10",
    "volume_ratio_20",
    "sma_200",
    "roc_20",
    "obv",
    "dist_sma_100",
    "momentum_20",
    "rolling_var_20",
    "momentum_5",
    "macd_hist",
    "vma_5",
    "bb_pct",
    "return_lag_5",
    "return_lag_10",
    "volume_momentum",
    "return_lag_3",
    "pct_change_1d",
    "momentum_10",
    "rolling_vol_5",
    "return_lag_1"
  ],
  "mean_": [
    0.003946645931076012,
    1.1881633887169876,
    1.0060198325450238,
    80.96109113037278,
    0.001983869498819678,
    9017532.014993524,
    0.020917516570017173,
    0.3551195910376512,
    26.799546632124354,
    9345004.2435136,
    2.0792575005634375,
    0.09414122277757658,
    8995079.094332902,
    0.0025521934866975307,
    0.13474036871232747,
    0.0008036278102022155,
    0.010125430373621128,
    -0.021415607904191763,
    8919088.08125,
    0.027252578670599513,
    0.004897306637208516,
    1.0066045746235885,
    49.145966134263574,
    0.00970822386927912,
    626486831.8596795,
    0.01830097007746403,
    0.4001061734881426,
    1.7622824260525318,
    0.10212790654730926,
    0.0037060380372449793,
    9249371.015151555,
    0.523591822072542,
    0.0004641337581612613,
    0.0003984469460954023,
    1.0075900017832486,
    0.00047056403993375105,
    0.0005128594199706945,
    0.2135278148354645,
    0.22750679153397677,
    0.00041625909491731434
  ],
  "scale_": [
    0.03204597052702004,
    0.7968541595154089,
    0.45119466653934887,
    23.446399178264794,
    0.02297996979465074,
    7910723.913793175,
    0.7663080415657839,
    0.5130950008159607,
    15.172506745240021,
    7048832.706851665,
    0.7823423914844934,
    0.05569154737486826,
    7883141.594532439,
    0.03200705427048612,
    0.6892707715386833,
    0.01590208286398834,
    0.04908801667883769,
    0.7008007438772613,
    7770386.33480736,
    0.01247049270106195,
    0.04171470811671011,
    0.6052592781223544,
    17.553998825874167,
    0.05999127998217926,
    402188034.1732672,
    0.06661362421390596,
    2.9049926514719324,
    2.203204802709754,
    1.600005452468193,
    0.23608213690048235,
    7270674.783946873,
    0.3152448883292246,
    0.01525326772948066,
    0.015315525956469225,
    0.3527588898726382,
    0.015186244869312492,
    0.015177491096947106,
    2.1332577318574093,
    0.12998528576014545,
    0.015191108393356226
  ]
}