{
  "method": "standard",
  "columns": [
    "roc_10",
    "month_sin",
    "price_diff",
    "momentum_10",
    "volume_lag_1",
    "volume_ratio_10",
    "rolling_var_5",
    "day_of_month",
    "rolling_var_20",
    "day_of_week_sin",
    "dist_sma_5",
    "rolling_var_10",
    "volume_lag_3",
    "atr_pct",
    "rolling_vol_20",
    "obv",
    "dist_sma_10",
    "bb_width",
    "month_cos",
    "day_of_week",
    "bb_pct",
    "return_lag_3",
    "volume_ratio_20",
    "rolling_vol_5",
    "momentum_20",
    "week",
    "High",
    "rolling_vol_10",
    "dist_sma_50",
    "roc_20",
    "vma_20",
    "macd",
    "macd_hist",
    "volume_ratio_5",
    "volume_lag_5",
    "Volume",
    "volume_lag_10",
    "return_lag_5",
    "volume_change_ratio",
    "dist_sma_200"
  ],
  "mean_": [
    0.00879858356040029,
    0.006639515562714657,
    1.170736546927047,
    13.802696889997703,
    734086.4725497896,
    1.0031874193858439,
    3785.8938218951293,
    15.825525946704067,
    13590.828126577979,
    0.3545025796576896,
    0.0014097646596296556,
    7252.472472188899,
    732620.5315680224,
    0.03135034460356379,
    0.2999655811278326,
    155042915.65385693,
    0.003266977343970061,
    0.1374973637591413,
    0.006646887075092949,
    1.9924263674614306,
    0.5549768338090584,
    0.0006857652253091155,
    1.0017770486125606,
    0.2792955697979418,
    26.199379925271742,
    26.377279102384293,
    3106.206985846692,
    0.2936681601875648,
    0.01833028384630041,
    0.01735707138846107,
    739906.8402053297,
    9.302303228054312,
    -0.2652659665330063,
    1.0027749357351663,
    731191.6084263674,
    732186.9340925666,
    731371.0064628331,
    0.0007509315298688204,
    1.1355431586432958,
    0.0839954489999122
  ],
  "scale_": [
    0.06358910069964632,
    0.7014496797051647,
    53.77627900978959,
    188.69700234342798,
    512814.72423038515,
    0.4699042400012977,
    9090.760127604426,
    8.765664834046936,
    28164.01990711094,
    0.513334342839447,
    0.021960577803045327,
    16155.355514614763,
    513539.40420978505,
    0.014224227413189508,
    0.12386011484926907,
    46253904.1708333,
    0.033603627217311076,
    0.07163421664144773,
    0.7126570581751263,
    1.4115130206808584,
    0.322916209054614,
    0.019331358602031154,
    0.5192619525023312,
    0.16380274145855586,
    269.2835106927286,
    15.176618537753226,
    2698.0856108651933,
    0.14266644354027602,
    0.08540590588877671,
    0.0926630480693482,
    345524.8962997247,
    71.072798196229,
    19.73340728670042,
    0.3911078266561178,
    511845.48096155975,
    513358.04615198355,
    511817.4845577412,
    0.019343930529184084,
    0.6627921690681157,
    0.19006532435393034
  ]
}