{
  "method": "standard",
  "columns": [
    "bb_pct",
    "volume_ratio_10",
    "rolling_var_20",
    "bb_upper",
    "sma_200",
    "return_lag_20",
    "volume_lag_3",
    "dist_sma_10",
    "rolling_vol_5",
    "dist_sma_5",
    "macd",
    "dist_sma_100",
    "obv",
    "high_low_range",
    "day_of_month",
    "vma_5",
    "momentum_20",
    "volume_lag_10",
    "volume_ratio_5",
    "vma_20",
    "macd_hist",
    "month_cos",
    "High",
    "dist_sma_50",
    "month_sin",
    "dist_sma_200",
    "open_close_diff",
    "volume_momentum",
    "volume_change",
    "return_lag_5",
    "atr",
    "volume_ratio_20",
    "Volume",
    "rolling_vol_20",
    "momentum_5",
    "rolling_vol_10",
    "volume_lag_20",
    "momentum_10",
    "return_lag_1",
    "volume_lag_5"
  ],
  "mean_": [
    0.48565015857935645,
    1.0090557580588955,
    15.251693128048327,
    130.36254886034502,
    123.78198592456042,
    -9.466563291438392e-05,
    5987872.136632811,
    -0.00011651577166606146,
    0.2574915246526862,
    -0.00011885151633249705,
    -0.06340962291171645,
    -0.0015036182691306368,
    269031854.5951797,
    0.026413826015986207,
    15.781640625,
    6078108.810095313,
    -0.17238117414713025,
    5968944.664367186,
    1.0048926396059605,
    6112855.038436718,
    0.002673576609328184,
    0.01513997275359277,
    277.2775797931552,
    -0.0008196871801109552,
    -0.022840290300898344,
    -0.0025472384988345044,
    -0.0012209458799602346,
    1.007196272805483,
    4359.830070312472,
    -6.17526310893464e-05,
    7.457069951466153,
    1.0111585123696496,
    5999569.552257812,
    0.2748430481121226,
    -0.03391567611694351,
    0.26838778910997574,
    5944767.108507811,
    -0.08068600010871892,
    -5.676098433139642e-05,
    5986822.213585936
  ],
  "scale_": [
    0.3197866789096196,
    0.5036191245638183,
    16.384358483247986,
    23.599493214530927,
    20.68292595872911,
    0.0174627735157782,
    5860438.7959359465,
    0.029475491401095944,
    0.12200284750455187,
    0.01916722624396957,
    2.225499053609322,
    0.08756243124049852,
    213264625.79584974,
    0.012502379185915059,
    8.784506449331664,
    5269138.898266511,
    8.795529916160348,
    5854445.294696853,
    0.4189596299624457,
    4933809.299438938,
    0.6897715540585043,
    0.7140917526655944,
    79.44251731976011,
    0.06579499563486603,
    0.6995155974951314,
    0.11776407695828942,
    0.016737449358325177,
    0.30892752432536713,
    4526012.058395246,
    0.017473114252401032,
    2.740962030035432,
    0.5644953490264158,
    5867050.615641949,
    0.08914462030962118,
    4.696677625884052,
    0.10107706752800989,
    5826791.726497717,
    6.307284412422588,
    0.017474482784379436,
    5860019.459800011
  ]
}