{
  "method": "standard",
  "columns": [
    "volume_lag_3",
    "vma_20",
    "vma_5",
    "bb_upper",
    "macd_signal",
    "return_lag_3",
    "volume_ratio_20",
    "dist_sma_10",
    "month_cos",
    "rolling_vol_10",
    "atr",
    "return_lag_20",
    "roc_10",
    "momentum_20",
    "obv",
    "volume_momentum",
    "return_lag_10",
    "rolling_vol_20",
    "bb_pct",
    "momentum_10",
    "rolling_var_5",
    "dist_sma_20",
    "volume_ratio_5",
    "dist_sma_200",
    "day_of_week_sin",
    "high_low_range",
    "volume_lag_20",
    "return_lag_1",
    "volume_lag_5",
    "return_lag_5",
    "dist_sma_100",
    "rolling_var_10",
    "day_of_month",
    "atr_pct",
    "rolling_var_20",
    "volume_lag_10",
    "rsi",
    "price_diff",
    "price_diff_pct",
    "rolling_vol_5"
  ],
  "mean_": [
    2153967.107906977,
    2192138.9214710006,
    2177971.6081210426,
    128.70878439884635,
    0.5035985647012476,
    0.0005024827173963629,
    1.0095653930326614,
    0.0025144000822244863,
    0.007264836993632733,
    0.3131599350153805,
    4.699620275381009,
    0.00044186407034885774,
    0.007019388335229851,
    1.465973354691249,
    368647729.2970468,
    1.0060103486539764,
    0.0004893193692190576,
    0.3239738187691058,
    0.5284088011928209,
    0.730635261396696,
    8.19404484644243,
    0.005033216922793584,
    1.005117430491921,
    0.057216645015427926,
    0.35450000227821876,
    0.03473225206132425,
    2139328.0563519197,
    0.0005187662690969663,
    2151836.891599888,
    0.0005078334838733357,
    0.02671188285022532,
    15.725347960656244,
    15.831325301204819,
    0.0357099568030236,
    31.205129046348787,
    2147312.3149677785,
    51.61027744287192,
    0.07537746905078133,
    0.0007520809287973955,
    0.2980898458836675
  ],
  "scale_": [
    1886659.583429325,
    1312629.13637029,
    1536189.0328434084,
    72.48912467694447,
    2.8833397410833577,
    0.02044611249426516,
    0.671200493523533,
    0.03508526494081312,
    0.712792219023678,
    0.133767401977221,
    2.3087565497546767,
    0.020321338544525815,
    0.06683108793270284,
    12.27862746788021,
    275691953.9538791,
    0.37508195989605514,
    0.020453278056534973,
    0.11923691742513202,
    0.32205452360354025,
    8.480657941901804,
    18.50290074972159,
    0.051325583258744416,
    0.492290111982664,
    0.16200046877912608,
    0.5133248002908041,
    0.01917484643017771,
    1877742.4956752781,
    0.020489804494595663,
    1885532.2846442116,
    0.02044330616041481,
    0.11162387146144893,
    35.432767027688065,
    8.765147523249224,
    0.01212108214758349,
    74.25301670773025,
    1882815.834083902,
    16.453698474060563,
    2.6302489315684165,
    0.02053676376292136,
    0.16195831968815216
  ]
}