{
  "method": "standard",
  "columns": [
    "volume_ratio_20",
    "dist_sma_200",
    "momentum_5",
    "atr",
    "atr_pct",
    "rsi",
    "day_of_week_sin",
    "dist_sma_50",
    "Volume",
    "momentum_10",
    "open_close_diff",
    "day_of_month",
    "vma_5",
    "rolling_vol_20",
    "volume_lag_20",
    "volume_momentum",
    "volume_lag_3",
    "return_lag_20",
    "month_sin",
    "rolling_var_5",
    "momentum_20",
    "return_lag_3",
    "volume_change",
    "rolling_var_10",
    "bb_pct",
    "volume_ratio_10",
    "price_diff",
    "dist_sma_10",
    "volume_lag_1",
    "sma_200",
    "dist_sma_5",
    "obv",
    "dist_sma_100",
    "volume_lag_10",
    "return_lag_10",
    "bb_lower",
    "macd_signal",
    "return_lag_1",
    "volume_ratio_5",
    "vma_10"
  ],
  "mean_": [
    1.004985760440905,
    0.042998782251270046,
    0.4373251329947331,
    11.644193658096196,
    0.036559075246984214,
    51.27798316600697,
    0.35450000227821876,
    0.009216011303328803,
    6188748.61597086,
    0.8774709192876162,
    -0.0009368141553083418,
    15.831325301204819,
    6233502.597536566,
    0.34098564805069714,
    6124233.127878959,
    1.0058384145135237,
    6185569.544802466,
    0.00021598094966428588,
    0.006389422128689642,
    45.5035111396088,
    1.6543557160372957,
    0.00029787843767907637,
    -27387.693325861317,
    79.98898765017799,
    0.5211187233190407,
    1.0080294256817044,
    0.08107753113425757,
    0.00176705446225605,
    6207812.439764641,
    288.88864368225126,
    0.0007443357185350787,
    -16914325.821753997,
    0.020333764298700856,
    6157602.9782572165,
    0.0002641779067529301,
    276.10938770662136,
    0.6089830411273162,
    0.0003013028244091985,
    1.0045074501945606,
    6255813.900654526
  ],
  "scale_": [
    0.574050507135057,
    0.15390889287136097,
    13.883325848901956,
    5.179487276261178,
    0.013108621545713897,
    15.508023897778935,
    0.5133248002908041,
    0.07365650487211949,
    5164567.383177807,
    18.932350802539247,
    0.02138316574349215,
    8.765147523249224,
    4119057.7419547867,
    0.12412458981674793,
    5130861.410309301,
    0.3270007237102734,
    5168332.713744338,
    0.021392426344036413,
    0.7013085269178027,
    71.99508917273936,
    26.120644840998303,
    0.021558814665315916,
    4347342.94253958,
    120.45225474344903,
    0.31542377569254193,
    0.517456869723809,
    6.582507810622029,
    0.03349225416628033,
    5182629.986030976,
    57.21192320440721,
    0.02270091975998596,
    147221559.28707135,
    0.10429441770998713,
    5152520.721722839,
    0.021551320921030445,
    57.023001884814576,
    5.994412832465824,
    0.021558632256870106,
    0.42490393780557656,
    3832766.266686427
  ]
}