{
  "method": "standard",
  "columns": [
    "rolling_vol_20",
    "volume_lag_10",
    "dist_sma_10",
    "return_lag_1",
    "price_diff",
    "rsi",
    "volume_ratio_20",
    "volume_lag_20",
    "vma_10",
    "High",
    "dist_sma_5",
    "price_diff_pct",
    "high_low_range",
    "return_lag_3",
    "rolling_vol_10",
    "rolling_var_5",
    "momentum_10",
    "macd_signal",
    "rolling_var_10",
    "month_sin",
    "macd",
    "rolling_vol_5",
    "roc_20",
    "atr",
    "vma_5",
    "day_of_week_sin",
    "bb_width",
    "volume_ratio_5",
    "return_lag_10",
    "dist_sma_50",
    "Volume",
    "roc_5",
    "obv",
    "return_lag_20",
    "bb_pct",
    "volume_momentum",
    "momentum_5",
    "dist_sma_20",
    "volume_lag_3",
    "day_of_month"
  ],
  "mean_": [
    0.28353830773410604,
    3367560.0745306807,
    0.003486108187818034,
    0.0007297154205787608,
    0.4402337405353611,
    53.140845255290174,
    1.0009041847716542,
    3367251.5581395347,
    3419869.2484908937,
    895.3875149980771,
    0.0015148429469791147,
    0.0008308260685770251,
    0.027706466280014285,
    0.0007020699548908699,
    0.2769294963811233,
    178.1820863848639,
    4.313241200916044,
    3.0197387890333145,
    309.8729961181446,
    0.006389422128689642,
    2.9990667648452716,
    0.2648945353704631,
    0.01741666548221043,
    21.245454038824526,
    3398801.6130254976,
    0.35450000227821876,
    0.11821853862088419,
    1.0025061589343531,
    0.0006765345118491779,
    0.01903106051058913,
    3357895.5135780335,
    0.004484525758448163,
    229349659.55324182,
    0.0006925030520939896,
    0.5556792768201569,
    1.002596735177934,
    2.154526583948668,
    0.00735474864088362,
    3364419.001400953,
    15.831325301204819
  ],
  "scale_": [
    0.12693281403720155,
    2185410.9198340913,
    0.02880373329565654,
    0.018346771178338057,
    12.096223615371272,
    15.7720902509728,
    0.4924334129035497,
    2182427.273001695,
    1670488.210064328,
    617.6235984972893,
    0.01976724146423242,
    0.018231358521639072,
    0.017021309752474695,
    0.018253276921177182,
    0.14070203150734806,
    391.5753144024494,
    37.86520711217545,
    10.722687743546093,
    592.4619982265702,
    0.7013085269178027,
    11.58095130189288,
    0.1628755084437524,
    0.07316287295955248,
    13.42391635785422,
    1776692.9603254448,
    0.5133248002908041,
    0.06028827389090561,
    0.3752030195193253,
    0.01822295684084124,
    0.06451778496004837,
    2163199.300729181,
    0.039406242358386585,
    118654088.18024994,
    0.01804459953310615,
    0.3148868389625116,
    0.28492647229020196,
    27.208542584354586,
    0.040613547459726215,
    2178898.4828548515,
    8.765147523249224
  ]
}