{
  "method": "standard",
  "columns": [
    "day_of_month",
    "volume_change",
    "rolling_vol_20",
    "return_lag_5",
    "high_low_range",
    "atr",
    "dist_sma_50",
    "volume_lag_5",
    "vma_20",
    "price_diff_pct",
    "dist_sma_5",
    "rsi",
    "roc_10",
    "volume_momentum",
    "month_cos",
    "dist_sma_200",
    "dist_sma_20",
    "volume_lag_20",
    "vma_10",
    "momentum_20",
    "macd_hist",
    "return_lag_20",
    "High",
    "momentum_5",
    "day_of_week_sin",
    "rolling_var_20",
    "trading_day_number",
    "obv",
    "open_lag_20",
    "price_diff",
    "volume_lag_3",
    "volume_lag_10",
    "return_lag_10",
    "volume_ratio_5",
    "rolling_var_10",
    "roc_5",
    "rolling_vol_5",
    "volume_ratio_10",
    "volume_change_ratio",
    "atr_pct"
  ],
  "mean_": [
    15.831325301204819,
    -92266.14649481545,
    0.3463641522007577,
    0.00017771618129921437,
    0.031676613275856975,
    6.811056180837249,
    0.009573334126567919,
    21320415.330299806,
    21263586.906321656,
    0.000392735517440598,
    0.000505815022901964,
    51.14010765237202,
    0.005326358894597246,
    1.003211923112757,
    0.007264836993632733,
    0.05067733819890576,
    0.0034410409733572358,
    21130757.929885123,
    21374126.189813394,
    0.7488723966086003,
    -0.017811390443308744,
    0.00019432931295201738,
    219.50578097800107,
    0.117936004057222,
    0.35450000227821876,
    64.33407461767627,
    1988.0599607733259,
    2398798172.199339,
    215.88641130177504,
    0.0055670931734070235,
    21343108.099703003,
    21240292.172182687,
    0.0001794491856570097,
    1.0026463400503107,
    33.426711724787104,
    0.0023791116344397414,
    0.32018263369280014,
    1.0047868284345431,
    1.0807582100967752,
    0.033375591542170194
  ],
  "scale_": [
    8.765147523249224,
    10163619.700452598,
    0.1433061439571516,
    0.021943596014062552,
    0.01870683236909533,
    2.5450127214298286,
    0.09762918234554112,
    12290069.168152347,
    8015250.739384269,
    0.021998756316583528,
    0.0249223367064102,
    17.568917594539883,
    0.07282382644372785,
    0.23956593180862007,
    0.712792219023678,
    0.1889127495713262,
    0.05805083977134478,
    11817070.912282439,
    9054985.967604615,
    19.05411634529501,
    1.404106829379218,
    0.021864986926907342,
    69.80379342258374,
    9.300906847866893,
    0.5133248002908041,
    84.06185553790463,
    1031.4387277682322,
    866374574.026755,
    69.96599073379943,
    3.922697883615881,
    12325573.3718843,
    12102445.435532546,
    0.022000624115138232,
    0.31215934686269076,
    45.180449083326344,
    0.051419708550818316,
    0.1740844350836446,
    0.37759446713055744,
    0.47401022016891975,
    0.013325467024642358
  ]
}