{
  "method": "standard",
  "columns": [
    "bb_pct",
    "macd_hist",
    "day_of_week",
    "rolling_vol_10",
    "dist_sma_100",
    "rolling_var_5",
    "momentum_20",
    "volume_change",
    "open_lag_20",
    "month_sin",
    "Volume",
    "sma_100",
    "atr",
    "High",
    "dist_sma_50",
    "atr_pct",
    "volume_lag_10",
    "volume_lag_3",
    "momentum_5",
    "bb_upper",
    "open_close_diff",
    "volume_lag_1",
    "rolling_vol_5",
    "macd",
    "volume_lag_20",
    "return_lag_1",
    "return_lag_10",
    "price_diff",
    "day_of_week_sin",
    "month_cos",
    "vma_5",
    "obv",
    "volume_momentum",
    "volume_ratio_5",
    "dist_sma_10",
    "dist_sma_20",
    "volume_ratio_20",
    "return_lag_3",
    "bb_width",
    "trading_day_number"
  ],
  "mean_": [
    0.5080404120164406,
    -0.0014609792543240155,
    1.9935556178201177,
    0.305693626163402,
    0.006983403106923598,
    3.537957896885669,
    0.0011299735272626613,
    -25660.31661529813,
    174.63115839715832,
    0.006389422128689642,
    8161356.73569067,
    93.14689797184613,
    5.6964219725016045,
    177.01941097217838,
    0.0025015334864021367,
    0.03361033875698078,
    8112672.372978426,
    8147851.79820678,
    0.004564686885030955,
    99.30215546747132,
    -0.0014928471866623013,
    8174247.291061923,
    0.29250157099829494,
    0.012062272897099529,
    8055524.829263099,
    5.418649816896055e-05,
    8.465546886437655e-05,
    0.0019902906473961354,
    0.35450000227821876,
    0.007264836993632733,
    8240119.603985433,
    811817721.8127319,
    1.0040642457179343,
    1.0031011096266012,
    0.0005448182693475665,
    0.0010420329954746697,
    1.0015410522385921,
    1.7864474079938918e-05,
    0.13201826288247173,
    1988.0599607733259
  ],
  "scale_": [
    0.31677201431495616,
    0.5811430707506777,
    1.4113231184179889,
    0.1484384775480836,
    0.11094402210739082,
    5.116946348774918,
    7.7963260853162035,
    4975105.975095015,
    35.4044935511524,
    0.7013085269178027,
    5621531.4376869025,
    22.45076477599816,
    2.228784895625036,
    36.20200797362308,
    0.07908954224295417,
    0.014372295138442952,
    5536845.799285439,
    5586488.307728269,
    3.922068176911554,
    23.93692252362542,
    0.01968779564443076,
    5619022.58305005,
    0.1654518223099553,
    1.9845221916099443,
    5379539.094340718,
    0.01991507914777061,
    0.019831864810566358,
    1.8002641260397227,
    0.5133248002908041,
    0.712792219023678,
    4625423.087796267,
    356698703.4615127,
    0.2677905882701486,
    0.384532256123968,
    0.03269466118345289,
    0.04771930858587925,
    0.4839920625181772,
    0.019915929609760886,
    0.07707264645640814,
    1031.4387277682322
  ]
}