{
  "method": "standard",
  "columns": [
    "bb_pct",
    "rolling_var_5",
    "volume_lag_10",
    "rolling_vol_10",
    "volume_change_ratio",
    "week",
    "volume_ratio_10",
    "dist_sma_100",
    "volume_lag_1",
    "volume_lag_20",
    "open_close_diff",
    "vma_5",
    "macd_signal",
    "rolling_var_20",
    "day_of_month",
    "Volume",
    "return_lag_20",
    "volume_ratio_5",
    "atr_pct",
    "dist_sma_200",
    "return_lag_3",
    "obv",
    "rolling_vol_20",
    "roc_20",
    "dist_sma_50",
    "volume_ratio_20",
    "rolling_vol_5",
    "return_lag_1",
    "volume_change",
    "rolling_var_10",
    "atr",
    "price_diff_pct",
    "rsi",
    "momentum_20",
    "volume_momentum",
    "high_low_range",
    "dist_sma_5",
    "macd",
    "roc_10",
    "momentum_5"
  ],
  "mean_": [
    0.5633878237669212,
    347.85698010947294,
    207296.2495393259,
    0.24656183699974207,
    1.6207877410279155,
    26.37949438202247,
    1.0045007668486918,
    0.0508244301558158,
    209765.5985505618,
    205496.59815730335,
    -0.0008316494899496318,
    215447.6076606741,
    4.660478310362061,
    1367.2632026709714,
    15.824157303370786,
    209306.17014606742,
    0.0007355496022584326,
    1.0052560221761961,
    0.03170766678531874,
    0.10682205932589983,
    0.0008155052901816579,
    45886213.23675281,
    0.2544366837112574,
    0.021592687733519116,
    0.02406367339404412,
    0.9994528736836666,
    0.23310376526191542,
    0.0008733244535945093,
    -2513.750831460698,
    705.114622898533,
    24.373044472383654,
    0.0010338664238584447,
    53.639590332572666,
    13.299608913293044,
    1.0021973646318982,
    0.030695692623367795,
    0.001886202500851705,
    4.710355617630965,
    0.010808894081068336,
    3.6796937857638583
  ],
  "scale_": [
    0.32446910482488217,
    916.4251949620597,
    230411.03904950467,
    0.11468215257994632,
    2.3681633764239356,
    15.179213158260247,
    0.8916669540938261,
    0.10757240318772326,
    232937.54112798715,
    228240.65983759536,
    0.018694346042268908,
    197216.06369211394,
    19.572612873018667,
    3446.509075799496,
    8.771729399007526,
    234045.38806144995,
    0.015760834476235767,
    0.6901431451938858,
    0.012193711822463418,
    0.16274702967769464,
    0.015909380784445204,
    34292413.2407931,
    0.0943521469264107,
    0.0772528449181048,
    0.0706030579848673,
    1.0297141225104482,
    0.13189994322907372,
    0.015965472752493763,
    210584.80274806847,
    1956.4100896974476,
    26.211209692896624,
    0.01598852262803307,
    17.49713916881022,
    79.62742510635438,
    0.512273546328034,
    0.019302331531514273,
    0.01805344489576009,
    20.569255857287164,
    0.05369027936459837,
    38.85410246245554
  ]
}