{
  "method": "standard",
  "columns": [
    "day_of_month",
    "day_of_week_sin",
    "volume_lag_20",
    "log_return",
    "month_cos",
    "volume_ratio_20",
    "roc_20",
    "rolling_vol_20",
    "dist_sma_200",
    "rolling_vol_10",
    "volume_change_ratio",
    "roc_5",
    "week",
    "volume_lag_10",
    "rolling_var_10",
    "vma_10",
    "return_lag_10",
    "dist_sma_100",
    "dist_sma_20",
    "obv",
    "macd",
    "volume_change",
    "volume_lag_5",
    "bb_pct",
    "day_of_week",
    "macd_signal",
    "rsi",
    "volume_ratio_10",
    "volume_lag_1",
    "return_lag_3",
    "rolling_vol_5",
    "return_lag_1",
    "price_diff",
    "open_close_diff",
    "momentum_10",
    "volume_ratio_5",
    "dist_sma_5",
    "return_lag_20",
    "macd_hist",
    "volume_momentum"
  ],
  "mean_": [
    15.831325301204819,
    0.35450000227821876,
    711259.8013449146,
    0.0010877946340471783,
    0.007264836993632733,
    0.9997003215204237,
    0.0252010045160257,
    0.3263369830058464,
    0.11102924587420164,
    0.31488013104428897,
    1.244722580288521,
    0.006363739346566462,
    26.38582235920426,
    712377.4693191372,
    387.3400123291391,
    740662.8555191932,
    0.0011003954905892026,
    0.054096790369815094,
    0.010319817763041797,
    208967491.24746427,
    4.104843312149764,
    -7453.017315774673,
    712257.6943121324,
    0.5768651391230962,
    1.9935556178201177,
    4.070898858584444,
    54.22970426984887,
    1.0034869808258096,
    713361.1922779491,
    0.0011255948659345811,
    0.29672437438004845,
    0.0011365033034698893,
    0.7469267264398505,
    -0.0005378153499292909,
    6.354203625029963,
    1.0043057912824838,
    0.0021688317916700815,
    0.001042632907810089,
    0.09430615529068459,
    1.0004171382130786
  ],
  "scale_": [
    8.765147523249224,
    0.5133248002908041,
    900102.2412328215,
    0.020214097630298092,
    0.712792219023678,
    0.6722482768607939,
    0.10282865140787033,
    0.15651821821817025,
    0.20440015039257217,
    0.17280751465402183,
    0.9879579757211583,
    0.0486820239607721,
    15.182256187575941,
    900817.9317325582,
    946.746524549978,
    793775.8512348725,
    0.02031082213886481,
    0.13933295416173938,
    0.056001504403051176,
    75979981.82299174,
    14.71049643159322,
    621210.8987631595,
    900656.0982905462,
    0.31784969514108874,
    1.4113231184179889,
    13.613328865058012,
    16.604142429509686,
    0.6061008559660847,
    900363.3166511081,
    0.02028414535968219,
    0.19128949956017,
    0.020284058362960194,
    12.49418685385791,
    0.02076279598638704,
    41.10126125702231,
    0.501212863795778,
    0.02323079676787683,
    0.020300373938574968,
    4.442821981910924,
    0.3742524622863255
  ]
}