{
  "method": "standard",
  "columns": [
    "volume_lag_10",
    "momentum_10",
    "atr_pct",
    "atr",
    "close_lag_20",
    "vma_20",
    "sma_200",
    "day_of_month",
    "obv",
    "open_close_diff",
    "vma_10",
    "month_sin",
    "volume_change_ratio",
    "high_low_range",
    "dist_sma_200",
    "price_diff",
    "rsi",
    "macd_signal",
    "return_lag_1",
    "return_lag_20",
    "macd",
    "rolling_var_10",
    "return_lag_5",
    "rolling_var_20",
    "dist_sma_5",
    "open_lag_20",
    "day_of_week",
    "volume_lag_3",
    "volume_lag_1",
    "volume_change",
    "dist_sma_100",
    "rolling_var_5",
    "macd_hist",
    "rolling_vol_5",
    "bb_pct",
    "dist_sma_50",
    "momentum_5",
    "return_lag_3",
    "High",
    "rolling_vol_10"
  ],
  "mean_": [
    6443419.960650043,
    0.1140490399010879,
    0.02929918222687665,
    3.917272391014464,
    84.96723318867939,
    6549296.6262801895,
    83.95927061515867,
    15.831325301204819,
    465450153.94972265,
    -0.0009272532461962289,
    6577058.268800224,
    0.006389422128689642,
    1.1949764642965384,
    0.028300202969563096,
    0.022179013701932853,
    0.006981184626200276,
    50.342933963894694,
    0.05412923155717807,
    0.00016730029111083886,
    7.967468636515728e-05,
    0.05265702291945105,
    4.14255657081937,
    0.0001587114483806472,
    7.5070588780979985,
    0.00038201220154037205,
    134.11006349084224,
    1.9935556178201177,
    6478644.620498739,
    6491614.856273466,
    19175.91467638039,
    0.009451660611466108,
    2.3652139585422036,
    0.0011132274325738134,
    0.2574247048868231,
    0.5057318557116846,
    0.0039274891783071825,
    0.05328574601994011,
    0.00017392784782626255,
    135.91140360149492,
    0.2674186547020288
  ],
  "scale_": [
    5686156.847564086,
    4.340214275179608,
    0.012678096395046547,
    1.8803482081216878,
    14.5825426070557,
    4125333.0477984576,
    14.705315722150615,
    8.765147523249224,
    118121396.25139435,
    0.017416797933320505,
    4505786.3800331615,
    0.7013085269178027,
    0.8135271026198067,
    0.016366315982543914,
    0.10783528722989404,
    1.4719435938427514,
    15.298474456879406,
    1.360797323294028,
    0.01756807682166732,
    0.017465191304895152,
    1.4593091543469112,
    6.427459971306085,
    0.01752462849042229,
    11.357410072553744,
    0.01890432022064537,
    23.395326487656106,
    1.4113231184179889,
    5727105.5494246185,
    5724303.067536617,
    4726092.536565609,
    0.0818851471603665,
    3.981170007919992,
    0.47060558846434836,
    0.14865865703522188,
    0.31818602108578026,
    0.06184101303642932,
    3.2140386052862318,
    0.01755268436235016,
    23.714875508956098,
    0.13059987125921355
  ]
}