{
  "method": "standard",
  "columns": [
    "bb_width",
    "dist_sma_200",
    "volume_change_ratio",
    "roc_5",
    "day_of_month",
    "atr",
    "rolling_var_20",
    "rolling_vol_5",
    "roc_10",
    "return_lag_5",
    "dist_sma_50",
    "rolling_var_10",
    "return_lag_20",
    "High",
    "macd",
    "volume_momentum",
    "week",
    "month_cos",
    "obv",
    "dist_sma_5",
    "volume_ratio_20",
    "momentum_5",
    "macd_hist",
    "rolling_vol_20",
    "volume_lag_10",
    "dist_sma_10",
    "open_close_diff",
    "return_lag_3",
    "volume_lag_1",
    "volume_change",
    "price_diff",
    "high_low_range",
    "rolling_var_5",
    "dist_sma_100",
    "momentum_20",
    "return_lag_10",
    "volume_lag_20",
    "momentum_10",
    "rolling_vol_10",
    "volume_lag_5"
  ],
  "mean_": [
    0.14253602533797116,
    0.06638688943592473,
    1.141493833428942,
    0.003422483609357291,
    15.828195067264573,
    12.729197723014776,
    185.76242246601123,
    0.30069106050117633,
    0.007087346185627252,
    0.0002895774145898823,
    0.012952296398393941,
    101.19970483265219,
    0.00028529663896317224,
    439.78439623007324,
    0.6488495903304333,
    1.002966669532536,
    26.38817264573991,
    0.007407007631803594,
    583967795.8719282,
    0.0008495915292883755,
    1.0061921626865094,
    0.43367819247224404,
    -0.017319972133302764,
    0.3226504046018156,
    2984291.274630045,
    0.0023353325873627716,
    -0.0006970847622130698,
    0.00033717273244174994,
    2999296.1172085204,
    -11535.64150224217,
    0.07418119571668678,
    0.03359477592418957,
    55.92188180493176,
    0.028490720670093676,
    1.6347457071483935,
    0.0003208161042190109,
    2964225.943710762,
    1.0136926713866499,
    0.31549229545947494,
    2987824.0280156946
  ],
  "scale_": [
    0.08683286961094133,
    0.20428839466393592,
    0.6550194315075849,
    0.047807022810888,
    8.764380936473318,
    5.27847074981364,
    264.7441427737425,
    0.16939500843954158,
    0.06678921262422466,
    0.020888525322702,
    0.08632551059669827,
    149.3570770927106,
    0.020701177530453318,
    223.8604614113852,
    7.812135247968707,
    0.25988644230901603,
    15.183734409128894,
    0.7128415014525314,
    221406740.44036666,
    0.02357609192258251,
    0.4846269999624756,
    16.08588567052135,
    2.3992970149885915,
    0.14439067991926086,
    1779223.28741975,
    0.03587648963090596,
    0.020463398975520002,
    0.020929177642829182,
    1799742.2580317964,
    1643201.321495243,
    7.109958089349814,
    0.02129863436453483,
    87.33654547861565,
    0.13266301057673355,
    31.262901598276642,
    0.02089661255955579,
    1754348.069554984,
    22.397099227842318,
    0.15342987016962184,
    1791380.5943170793
  ]
}