{
  "method": "standard",
  "columns": [
    "roc_20",
    "dist_sma_10",
    "month_cos",
    "vma_10",
    "bb_width",
    "momentum_10",
    "high_low_range",
    "volume_change_ratio",
    "price_diff",
    "return_lag_5",
    "roc_5",
    "macd_hist",
    "day_of_month",
    "dist_sma_20",
    "dist_sma_50",
    "return_lag_10",
    "momentum_20",
    "dist_sma_100",
    "volume_ratio_20",
    "trading_day_number",
    "return_lag_3",
    "volume_lag_1",
    "open_close_diff",
    "return_lag_1",
    "day_of_week",
    "return_lag_20",
    "atr_pct",
    "volume_lag_10",
    "vma_20",
    "volume_lag_5",
    "log_return",
    "vma_5",
    "volume_change",
    "Volume",
    "obv",
    "dist_sma_200",
    "volume_lag_20",
    "volume_ratio_10",
    "rolling_vol_5",
    "bb_upper"
  ],
  "mean_": [
    0.018807021846669436,
    0.003436011414468311,
    0.007264836993632733,
    9017579.851174,
    0.16465170972870669,
    1.6107904636322135,
    0.036156430897141836,
    1.1337785670628016,
    0.13916992200326136,
    0.0007084231051334351,
    0.004948949928069229,
    -0.01698276633714122,
    15.831325301204819,
    0.0072877943838592,
    0.01805347053634426,
    0.0007055714568842562,
    3.067160359235931,
    0.04014231160077904,
    1.0089099098872787,
    1988.0599607733259,
    0.0007232749025001683,
    9005356.994115999,
    -0.0008249466645259268,
    0.0006916890702069478,
    1.9935556178201177,
    0.0006713807100355611,
    0.037900432211678,
    8872344.637489494,
    8989108.61598543,
    8946397.53550014,
    0.000681376546555622,
    9047040.958619222,
    -27810.696643317355,
    8994928.077108433,
    710672260.92863,
    0.08529119189332025,
    8763212.711908098,
    1.0056287421530046,
    0.3499791543014547,
    343.69108326095886
  ],
  "scale_": [
    0.10973782606260002,
    0.04160775349890274,
    0.712792219023678,
    5441343.102164226,
    0.0962487979361999,
    21.229109452219994,
    0.023238193957434566,
    0.6591584038577052,
    6.884525293082065,
    0.024541925664831023,
    0.056253220697600574,
    2.239422194276357,
    8.765147523249224,
    0.06066765652494978,
    0.0976331744234733,
    0.024446031955618615,
    29.22354117099588,
    0.1445663162400468,
    0.48292838305705876,
    1031.4387277682322,
    0.024559945767982573,
    6719168.694533583,
    0.023391129632664005,
    0.024625478475280703,
    1.4113231184179889,
    0.024289712567533612,
    0.018922622045261166,
    6472784.90999248,
    5145917.83657545,
    6657384.1609258335,
    0.024592345742844225,
    5844094.734988196,
    4792758.2794629345,
    6733157.147828571,
    334237600.9826106,
    0.2021376265077894,
    6261401.543846171,
    0.4367336275495594,
    0.21113028793346925,
    214.16898891485064
  ]
}