{
  "method": "standard",
  "columns": [
    "vma_20",
    "rolling_var_20",
    "dist_sma_200",
    "dist_sma_10",
    "high_low_range",
    "return_lag_3",
    "volume_lag_1",
    "dist_sma_20",
    "obv",
    "volume_lag_20",
    "atr",
    "rolling_vol_5",
    "return_lag_10",
    "month_sin",
    "month_cos",
    "macd",
    "volume_lag_3",
    "Volume",
    "rolling_vol_10",
    "volume_change",
    "volume_momentum",
    "dist_sma_50",
    "rolling_var_10",
    "day_of_week_sin",
    "day_of_week",
    "dist_sma_5",
    "momentum_10",
    "day_of_month",
    "return_lag_5",
    "open_close_diff",
    "return_lag_20",
    "roc_20",
    "rolling_var_5",
    "macd_hist",
    "rolling_vol_20",
    "dist_sma_100",
    "volume_change_ratio",
    "roc_10",
    "volume_ratio_10",
    "volume_lag_5"
  ],
  "mean_": [
    6748801.32677018,
    25.384112340490287,
    0.15501669184442693,
    0.005951724365483852,
    0.04163660808420514,
    0.0011810663217691295,
    6777772.010011209,
    0.012546153285298355,
    1670880050.9809194,
    6397090.685941704,
    2.1446844536652887,
    0.34547959605803696,
    0.001259335933278913,
    0.006251078356864718,
    0.007509593227034656,
    0.7209334018208189,
    6726834.967163677,
    6773254.296087443,
    0.36925860757120205,
    15784.65594170375,
    1.012807969392665,
    0.03500768408365645,
    13.219460667572772,
    0.35438023448668576,
    1.9938340807174888,
    0.0024815366156959607,
    0.836059085405327,
    15.83043721973094,
    0.0011723220328162154,
    -0.00034565067842101004,
    0.0012919448295894821,
    0.03236953974503639,
    6.786598257094784,
    -0.012084815700203868,
    0.3830232460236668,
    0.07082744689276964,
    1.6422177503012343,
    0.016184492225205308,
    1.0157939634437478,
    6684038.487567264
  ],
  "scale_": [
    7190345.664952036,
    86.8841307889096,
    0.299761740629388,
    0.04317722874836474,
    0.029996226344455913,
    0.02447964825508647,
    10260451.988574414,
    0.06818330776074276,
    1030076527.3707824,
    9083134.0342759,
    3.3787552451123375,
    0.24146537188609685,
    0.02449881130222208,
    0.701358102964076,
    0.7127421282873445,
    2.97344878879887,
    10111284.049013762,
    10262583.379574599,
    0.22537296485731162,
    6788600.035618185,
    0.5750860164873832,
    0.12207910094372701,
    48.30329236948201,
    0.5133468683622165,
    1.41142284514851,
    0.02725381453084467,
    7.2427339112282585,
    8.76621518858656,
    0.024453952392182225,
    0.026921619461665856,
    0.024477354808748773,
    0.12840872003534737,
    24.403463583553037,
    0.80090996668609,
    0.20904753402969506,
    0.19864257859674267,
    2.3653223579286564,
    0.08514036298385055,
    0.92401203712864,
    9985759.467033502
  ]
}