{
  "method": "standard",
  "columns": [
    "vma_20",
    "rsi",
    "dist_ema_10",
    "volume_lag_20",
    "week",
    "month_sin",
    "volume_ratio_5",
    "volume_momentum",
    "roc_5",
    "month_cos",
    "dist_sma_50",
    "price_diff",
    "roc_20",
    "bb_pct",
    "open_close_diff",
    "roc_10",
    "volume_lag_5",
    "return_lag_1",
    "pct_change_1d",
    "vma_10",
    "macd_hist",
    "volume_lag_10",
    "trading_day_number",
    "rolling_var_5",
    "dist_sma_100",
    "Volume",
    "rolling_vol_20",
    "dist_sma_20",
    "return_lag_20",
    "volume_lag_1",
    "dist_sma_200",
    "macd_signal",
    "momentum_5",
    "macd",
    "return_lag_3",
    "obv",
    "rolling_vol_5",
    "volume_change",
    "volume_change_ratio",
    "dist_ema_20"
  ],
  "mean_": [
    1092695.3584875131,
    53.11523986643474,
    0.002737869692654548,
    1051925.1245867042,
    25.98346816742877,
    0.01793541366752253,
    1.008852891702074,
    1.0096577278428285,
    0.004117384590657301,
    -0.02202079414931955,
    0.010159376656355454,
    0.2356801671508827,
    0.015231364661005246,
    0.5577687216542966,
    -0.0005676484595450381,
    0.008009925746996117,
    1056539.7516707703,
    0.0006799486449433772,
    0.0008091952036786166,
    1085937.3757720715,
    0.08420933866592421,
    1055367.9212099893,
    2662.212803376715,
    35.03612869638597,
    0.01802520777919222,
    1058372.0568413648,
    0.22999564600767092,
    0.006481596001208235,
    0.0006732146366753237,
    1057920.2960253253,
    0.0349011209025555,
    1.2268995336528374,
    1.207811342092454,
    1.2908751174148179,
    0.0006692598071546642,
    85431489.12613435,
    0.20808416791550258,
    1087.4391839605628,
    1.4296523161639,
    0.004735249781825915
  ],
  "scale_": [
    833872.3138464096,
    16.578287597004216,
    0.02035209357902525,
    1099777.4960780323,
    14.978354918879779,
    0.6998154287652648,
    0.5890853525366234,
    0.423519763605113,
    0.031610119011593066,
    0.7137589027281529,
    0.08184046105365596,
    5.555545260773713,
    0.06244584646739682,
    0.3151708954946677,
    0.014740044725887837,
    0.04552663202954841,
    1097306.87225491,
    0.01420129939651062,
    0.014185584050922101,
    867559.8692343348,
    2.0321988408034457,
    1098039.2852708148,
    821.0262306010161,
    79.96319752240484,
    0.12608304820458832,
    1096780.8455254035,
    0.09338906072907616,
    0.03552170790786067,
    0.014192326230785196,
    1096473.2983122978,
    0.17968906673459725,
    6.609046720964768,
    11.788118746523034,
    6.768423864030306,
    0.014196451216927105,
    59656559.146632805,
    0.11191514848348445,
    996702.6790027814,
    1.5485088912064304,
    0.03313770047088662
  ]
}