{
  "method": "standard",
  "columns": [
    "vma_10",
    "month_cos",
    "macd",
    "obv",
    "return_lag_20",
    "rolling_vol_10",
    "volume_lag_1",
    "volume_lag_5",
    "week",
    "trading_day_number",
    "volume_change",
    "dist_sma_20",
    "momentum_20",
    "vma_5",
    "dist_sma_200",
    "volume_lag_3",
    "momentum_5",
    "high_low_range",
    "atr",
    "rolling_var_10",
    "bb_width",
    "volume_lag_10",
    "volume_lag_20",
    "atr_pct",
    "rolling_var_20",
    "return_lag_1",
    "day_of_week",
    "volume_ratio_10",
    "Volume",
    "price_diff",
    "pct_change_1d",
    "rolling_vol_5",
    "volume_momentum",
    "open_close_diff",
    "roc_10",
    "volume_change_ratio",
    "return_lag_10",
    "High",
    "return_lag_5",
    "bb_pct"
  ],
  "mean_": [
    522335.35430652846,
    0.007264836993632733,
    2.805859737849709,
    140707666.11151582,
    0.0010378372385423844,
    0.35162350146072713,
    497116.6739142618,
    494524.3989913141,
    26.38582235920426,
    1988.0599607733259,
    -3799.8936396749223,
    0.011789660973015157,
    7.909958549803069,
    515380.37509666575,
    0.134840967137337,
    495600.4731857664,
    2.0540276952964285,
    0.03856538568906066,
    27.744186530666536,
    1191.529070151105,
    0.1679770778832547,
    488743.68069487275,
    484236.09492855164,
    0.04017148418844824,
    2145.110940423478,
    0.0011126379505700652,
    1.9935556178201177,
    1.018938988450095,
    497148.7190809751,
    0.4505677198568774,
    0.0013948739677629427,
    0.3266634806201737,
    1.0070608600657578,
    -0.0007779116168392925,
    0.01456942392540582,
    1.521806024726744,
    0.0010827152028774038,
    953.8988601674952,
    0.0011098565063304556,
    0.556983991551178
  ],
  "scale_": [
    538179.4148372997,
    0.712792219023678,
    26.921374829165025,
    65326317.92487541,
    0.02264834062097273,
    0.18824127706982496,
    629689.5636365189,
    627680.7592571961,
    15.182256187575941,
    1031.4387277682322,
    476493.66731580603,
    0.06139103515050359,
    101.41358211227029,
    577223.2750118022,
    0.24074286830389355,
    629024.6502694741,
    54.15237554937945,
    0.025618570116726067,
    30.383462439440397,
    2370.135227335144,
    0.09684551939543014,
    614362.2942987346,
    610599.1281400701,
    0.01802352893230647,
    3992.140162470884,
    0.02291757933736728,
    1.4113231184179889,
    0.852603936235883,
    630255.7371658129,
    23.42386922010018,
    0.023041449365538168,
    0.21678417305421993,
    0.5552171454818008,
    0.02438488349718962,
    0.07833073399170871,
    2.045128414838158,
    0.02275824793474514,
    1064.4023615733554,
    0.02288822788949521,
    0.32253276215120635
  ]
}