{
  "method": "standard",
  "columns": [
    "day_of_week",
    "volume_lag_1",
    "volume_ratio_20",
    "volume_change_ratio",
    "dist_sma_100",
    "rolling_var_20",
    "return_lag_1",
    "obv",
    "volume_lag_5",
    "dist_sma_5",
    "Volume",
    "day_of_week_sin",
    "vma_10",
    "bb_width",
    "rolling_vol_20",
    "volume_momentum",
    "volume_ratio_5",
    "rolling_vol_5",
    "high_low_range",
    "return_lag_10",
    "bb_pct",
    "vma_5",
    "week",
    "macd",
    "volume_lag_20",
    "rolling_vol_10",
    "dist_sma_200",
    "atr_pct",
    "return_lag_5",
    "rsi",
    "volume_lag_3",
    "rolling_var_10",
    "return_lag_3",
    "dist_sma_50",
    "open_close_diff",
    "return_lag_20",
    "roc_5",
    "momentum_20",
    "volume_change",
    "momentum_5"
  ],
  "mean_": [
    1.9935556178201177,
    3342043.6013561226,
    1.0091615948486132,
    1.1813741203251642,
    0.030546980864849204,
    259.5702199380978,
    0.0007084516598930724,
    109048306.42276269,
    3306585.3818996917,
    0.0012707023033498507,
    3342220.5511459797,
    0.35450000227821876,
    3424846.379338751,
    0.12799822359659582,
    0.3007967007986729,
    1.008670389800982,
    1.0047365642675365,
    0.278091993453377,
    0.03207857724017918,
    0.0006468924026235021,
    0.5525264104734097,
    3357917.594124966,
    26.38582235920426,
    0.6495280859049872,
    3212989.1897898572,
    0.2920676427928709,
    0.06459519395704848,
    0.03313522930782108,
    0.0007019443066789188,
    53.00824323001984,
    3321201.7665004223,
    136.3502595872528,
    0.0007088152971531046,
    0.015051432934505195,
    -0.0005022487451794246,
    0.0006293859573786731,
    0.003741820002273671,
    2.045324259100925,
    -37599.88660128749,
    0.6420651507624809
  ],
  "scale_": [
    1.4113231184179889,
    3365397.047380021,
    0.594783610274476,
    0.7618252724247486,
    0.09533903895258707,
    545.2909004700442,
    0.018734343170703195,
    83888701.01991534,
    3255754.658136858,
    0.020589460256210723,
    3376183.31079534,
    0.5133248002908041,
    2936612.959369646,
    0.06470536553683692,
    0.11457784939196296,
    0.34331260047422113,
    0.43532064187701813,
    0.15432363059857337,
    0.017427074484705065,
    0.018610693112744554,
    0.32397095364300305,
    2794149.3451723326,
    15.182256187575941,
    8.737822228386669,
    2952587.044107546,
    0.13159345909673462,
    0.13559333343803684,
    0.012086308989147044,
    0.01870762783410777,
    16.408466037841368,
    3300041.0728763524,
    332.13033004931276,
    0.018727427168731547,
    0.06981942391965049,
    0.0193793880572506,
    0.01856204844493467,
    0.042050333229946835,
    35.59903238227606,
    2447414.6077518435,
    17.12092242221788
  ]
}