{
  "method": "standard",
  "columns": [
    "volume_lag_1",
    "rolling_var_5",
    "day_of_week",
    "volume_lag_10",
    "dist_sma_50",
    "volume_change",
    "dist_sma_10",
    "volume_lag_5",
    "atr_pct",
    "day_of_week_sin",
    "macd_signal",
    "rolling_vol_5",
    "open_close_diff",
    "rolling_var_20",
    "rolling_vol_20",
    "return_lag_1",
    "obv",
    "volume_lag_3",
    "dist_sma_100",
    "bb_width",
    "volume_ratio_5",
    "return_lag_20",
    "month_sin",
    "volume_ratio_10",
    "vma_5",
    "momentum_10",
    "macd",
    "return_lag_3",
    "dist_sma_5",
    "momentum_20",
    "price_diff_pct",
    "return_lag_5",
    "volume_momentum",
    "price_diff",
    "high_low_range",
    "volume_ratio_20",
    "roc_20",
    "rolling_vol_10",
    "roc_5",
    "momentum_5"
  ],
  "mean_": [
    4181285.505491411,
    14.853776078975832,
    1.993241340467474,
    4134869.3511686847,
    0.01812524952322922,
    -25301.856941706563,
    0.003366089686680795,
    4141373.4229794424,
    0.03593563651353517,
    0.3553511238116868,
    0.7330896663786008,
    0.31139252966914677,
    -0.00035079220919176347,
    47.2933404456842,
    0.3311866073443166,
    0.0006338177037800866,
    821617917.7544354,
    4150661.460996902,
    0.039038836282635006,
    0.13532304565138664,
    1.0030959668301003,
    0.0006042527245388433,
    0.005820859752485989,
    1.0067774218318868,
    4218852.946719234,
    1.1099990494517804,
    0.742199152880144,
    0.0007581991219580049,
    0.0014269763125776612,
    2.193376106599525,
    0.0008289289578176922,
    0.000690496516834001,
    1.0086755541836272,
    0.125024273441866,
    0.034543373873942206,
    1.0078493948168237,
    0.017756487096044275,
    0.3240453019805371,
    0.004699707844783566,
    0.6246864439164774
  ],
  "scale_": [
    2795718.273525683,
    31.494199066228767,
    1.410408844837136,
    2791024.981656367,
    0.08153158201246868,
    2968413.602208851,
    0.034306541591964106,
    2772187.089324481,
    0.018847791643226728,
    0.5134109102102813,
    3.0659233023818993,
    0.19940991084919701,
    0.02155889814871845,
    91.81044535617616,
    0.1672888352376607,
    0.02183617339367075,
    467241553.62199336,
    2786764.1036660387,
    0.12356493716064491,
    0.08193043432012669,
    0.44700230162849236,
    0.021765244807931204,
    0.7013343045177551,
    0.5362430145684739,
    1973649.4614241787,
    10.972868570561042,
    3.3541108576682035,
    0.02183963950662785,
    0.023027984202606443,
    14.42798490181147,
    0.021654379217951845,
    0.021683788787485336,
    0.3282742134629467,
    3.6735518788769,
    0.023387552984615558,
    0.5976287856759993,
    0.09084119486821753,
    0.1803900795118904,
    0.046922872283878585,
    7.765110610350493
  ]
}