{
  "method": "standard",
  "columns": [
    "dist_sma_100",
    "volume_lag_10",
    "rolling_vol_5",
    "roc_5",
    "day_of_month",
    "dist_sma_10",
    "volume_momentum",
    "macd_hist",
    "month_cos",
    "momentum_10",
    "day_of_week_sin",
    "rolling_var_10",
    "day_of_week",
    "trading_day_number",
    "volume_lag_1",
    "volume_change",
    "high_low_range",
    "rolling_vol_20",
    "return_lag_1",
    "atr_pct",
    "atr",
    "return_lag_10",
    "dist_sma_20",
    "dist_sma_5",
    "return_lag_5",
    "momentum_20",
    "week",
    "vma_5",
    "volume_ratio_20",
    "volume_change_ratio",
    "return_lag_20",
    "volume_ratio_10",
    "month_sin",
    "vma_20",
    "bb_width",
    "bb_pct",
    "rolling_var_20",
    "dist_sma_200",
    "Volume",
    "vma_10"
  ],
  "mean_": [
    0.03689158180572098,
    408041.0845174073,
    0.2670083735022132,
    0.004593781130035196,
    15.808944240022644,
    0.0033465899308040485,
    1.0061856302037935,
    0.03097660049526246,
    0.010197078811669553,
    6.136600923988996,
    0.3544783889599064,
    1018.4311205399603,
    1.9943390885932635,
    2010.8581941692612,
    412715.3403339937,
    -2786.78685536372,
    0.03068496925100063,
    0.2913052537856149,
    0.0008287003889464477,
    0.03176555195272789,
    46.40528996700542,
    0.0008469018539932834,
    0.00703158247428329,
    0.001568288929335972,
    0.0008127758660058179,
    12.327355273516966,
    26.48202660628361,
    414499.975975092,
    1.0058912555677226,
    1.205839527980629,
    0.0007429580603386599,
    1.0062390596786954,
    -0.0012506607096071615,
    416415.8460832154,
    0.13539647013004621,
    0.5551587219099599,
    1933.6071309141257,
    0.08219543014109054,
    410914.4358222473,
    415701.9486147749
  ],
  "scale_": [
    0.13268073646165754,
    287726.2875902515,
    0.16351920033322923,
    0.04487935779247657,
    8.767688237097108,
    0.034034638799567245,
    0.3306231536089536,
    7.485843130112027,
    0.7140046320196372,
    69.83433583256351,
    0.5132515519840721,
    1668.8421408542215,
    1.4111968632943954,
    1033.0051528534132,
    290426.91102856747,
    290596.0157293284,
    0.020046492824699627,
    0.1399370102937953,
    0.018342668931868564,
    0.01589262097971433,
    20.894620279639778,
    0.01817692236642788,
    0.05143342789605977,
    0.021268740915960104,
    0.018197629318611252,
    95.52197470824599,
    15.204373436862074,
    209242.09470764137,
    0.6063494192489687,
    0.9114557244424948,
    0.018015810681966532,
    0.5490830737244514,
    0.7000655975592577,
    159994.03793835925,
    0.08773257046491681,
    0.3216043366672576,
    3134.6663134542537,
    0.22045779153493514,
    289769.19067537895,
    182615.64256538762
  ]
}