{
  "method": "standard",
  "columns": [
    "volume_lag_20",
    "volume_momentum",
    "obv",
    "dist_sma_200",
    "return_lag_10",
    "rolling_var_20",
    "high_low_range",
    "dist_sma_5",
    "month_sin",
    "volume_change",
    "volume_lag_1",
    "dist_sma_10",
    "vma_20",
    "rsi",
    "dist_sma_100",
    "roc_5",
    "rolling_var_5",
    "roc_20",
    "day_of_week",
    "price_diff_pct",
    "volume_ratio_5",
    "volume_lag_5",
    "return_lag_5",
    "day_of_week_sin",
    "return_lag_1",
    "volume_lag_3",
    "momentum_10",
    "macd",
    "macd_hist",
    "rolling_vol_20",
    "volume_ratio_20",
    "High",
    "price_diff",
    "volume_ratio_10",
    "volume_change_ratio",
    "volume_lag_10",
    "rolling_vol_10",
    "trading_day_number",
    "return_lag_20",
    "day_of_month"
  ],
  "mean_": [
    1523470.3406444383,
    1.011239521180803,
    395080210.1575903,
    0.09845829015831759,
    0.0005305038195796504,
    759.8178305027607,
    0.04046184239930895,
    0.001538365844858978,
    0.006389422128689642,
    -6801.29380778928,
    1624310.151033903,
    0.0034447961320031254,
    1556991.1472787897,
    52.942108604884055,
    0.04409974944251324,
    0.0052841214092840165,
    222.96342089560386,
    0.020858155008555188,
    1.9935556178201177,
    0.0008950539067411,
    1.00875126016648,
    1593813.2176520042,
    0.000552825790922862,
    0.35450000227821876,
    0.0005469456073190258,
    1611149.303210984,
    1.7831274603675122,
    1.43492514339489,
    -0.07033171328482818,
    0.39822595546234724,
    1.019917803926416,
    634.5500763042062,
    0.14594881910140892,
    1.0167765090796559,
    1.203437731844672,
    1565152.6952423654,
    0.3894457922206385,
    1988.0599607733259,
    0.0004866291551443397,
    15.831325301204819
  ],
  "scale_": [
    1617180.0069760326,
    0.3569527916755614,
    158280367.60674185,
    0.26781598187596944,
    0.026258604306962516,
    1776.8868397584715,
    0.028773746085086753,
    0.030294138228673984,
    0.7013085269178027,
    1136976.7249665076,
    2001258.2671880524,
    0.04504597756644864,
    1331996.617708754,
    16.425773902480774,
    0.17466311017995487,
    0.06117526345217829,
    577.4248421273944,
    0.12624633619859918,
    1.4113231184179889,
    0.026468024920525718,
    0.46931346086742187,
    1876714.8140964746,
    0.02633216605695783,
    0.5133248002908041,
    0.02644110144345904,
    1955489.6814283605,
    43.536824234147375,
    16.47832764074904,
    4.617734058050259,
    0.22625085221363775,
    0.6515011040767453,
    596.105050944655,
    13.20960622799352,
    0.5808604889528051,
    0.8504784622751815,
    1759811.1990653959,
    0.24272317876444138,
    1031.4387277682322,
    0.025904979171762495,
    8.765147523249224
  ]
}