{
  "method": "standard",
  "columns": [
    "momentum_10",
    "rolling_vol_5",
    "return_lag_3",
    "open_close_diff",
    "bb_pct",
    "volume_change_ratio",
    "month_cos",
    "obv",
    "volume_ratio_5",
    "volume_lag_5",
    "volume_lag_10",
    "week",
    "dist_sma_10",
    "dist_sma_200",
    "rsi",
    "volume_change",
    "momentum_20",
    "Volume",
    "macd_hist",
    "volume_lag_1",
    "return_lag_10",
    "atr_pct",
    "volume_lag_3",
    "roc_5",
    "rolling_vol_10",
    "atr",
    "return_lag_1",
    "momentum_5",
    "volume_ratio_20",
    "vma_5",
    "rolling_var_10",
    "return_lag_20",
    "volume_momentum",
    "dist_sma_5",
    "trading_day_number",
    "volume_lag_20",
    "High",
    "dist_sma_20",
    "rolling_var_20",
    "vma_20"
  ],
  "mean_": [
    1.8991077076577119,
    0.2553021400629397,
    0.000658201665648792,
    -0.00032486459083704895,
    0.5550886609198965,
    1.2057269230445087,
    0.007264836993632733,
    332808432.32552534,
    1.0059617266261311,
    2390226.3696273468,
    2381549.604931353,
    26.38582235920426,
    0.003033908397844446,
    0.06606072737812167,
    53.121266642430356,
    -12991.557579153465,
    3.442596474196203,
    2397413.405659849,
    0.04976547773368508,
    2400188.3884561504,
    0.0006271060381519546,
    0.0301161786584781,
    2395642.3941720375,
    0.004118864989020562,
    0.27007593413249437,
    10.161564135914668,
    0.0006437809951967764,
    1.073675770544478,
    1.0117262532099525,
    2423304.609739423,
    90.65214732421623,
    0.0006156060856313319,
    1.0061711715078878,
    0.0013358353401104871,
    1988.0599607733259,
    2367750.210591202,
    386.2329118507494,
    0.006276392248631418,
    183.81598822513888,
    2422138.0300140097
  ],
  "scale_": [
    21.284077638763275,
    0.1452498937627998,
    0.017489170257499263,
    0.017324734234797887,
    0.3217058219320181,
    0.8551236283655337,
    0.712792219023678,
    138186166.73875248,
    0.4545139164980647,
    1811514.2281404757,
    1791587.5676289706,
    15.182256187575941,
    0.031006766077956403,
    0.16221485910317512,
    16.907336005368823,
    1675691.4608017653,
    29.640574955026413,
    1826094.412715737,
    2.3765161353657613,
    1823812.6449612288,
    0.01750871091900932,
    0.012479647986495535,
    1823841.6804363432,
    0.04060520082817562,
    0.12595590321359323,
    5.25494258918061,
    0.0175029983148601,
    14.954483766748462,
    0.6009801523557339,
    1443149.1978446678,
    171.6858144301379,
    0.017463242933019908,
    0.3289970782859059,
    0.01966115452828866,
    1031.4387277682322,
    1770429.0510325537,
    201.99028076370507,
    0.045831035299001725,
    387.115871519628,
    1158498.719473252
  ]
}