{
  "method": "standard",
  "columns": [
    "volume_lag_1",
    "roc_5",
    "volume_ratio_20",
    "momentum_20",
    "dist_sma_20",
    "dist_sma_50",
    "return_lag_20",
    "day_of_week_sin",
    "rolling_var_5",
    "rolling_var_10",
    "macd_signal",
    "log_return",
    "return_lag_10",
    "day_of_month",
    "roc_10",
    "atr",
    "rsi",
    "rolling_var_20",
    "return_lag_1",
    "week",
    "vma_20",
    "Volume",
    "roc_20",
    "return_lag_5",
    "rolling_vol_5",
    "dist_sma_100",
    "volume_lag_10",
    "volume_ratio_5",
    "macd",
    "vma_5",
    "volume_momentum",
    "volume_lag_3",
    "volume_lag_20",
    "dist_sma_10",
    "price_diff",
    "volume_ratio_10",
    "obv",
    "rolling_vol_20",
    "dist_sma_5",
    "bb_pct"
  ],
  "mean_": [
    13625055.132141255,
    0.003178749156273257,
    1.0025760662836534,
    0.5932950827038341,
    0.004970257935118064,
    0.012670624903272766,
    0.000514796989775699,
    0.3545993576600232,
    3.3200437700271874,
    6.073596423671135,
    0.21951918315085056,
    0.000524333518131702,
    0.0005339202611767021,
    15.828195067264573,
    0.006167533311118082,
    3.9226959537619734,
    52.44543710373261,
    11.512186989047349,
    0.000545511142912974,
    26.38817264573991,
    13665928.437598657,
    13597348.44265695,
    0.011842926079575248,
    0.000542507856798554,
    0.25097417510611286,
    0.027720993520959136,
    13597853.13969731,
    1.0038022244216724,
    0.21855903801814622,
    13657376.900266815,
    1.0019664014015852,
    13610811.835594168,
    13573223.226603137,
    0.0024379957059140144,
    0.04157464936175155,
    1.0032412750765356,
    2160106905.889238,
    0.2680222215753783,
    0.0010498106172513524,
    0.5431605212046818
  ],
  "scale_": [
    8646164.77034855,
    0.0360354427816987,
    0.5001239233976064,
    7.567792721361047,
    0.039073189963667536,
    0.056256871769876135,
    0.01680261842000261,
    0.5133624166168436,
    6.080741754293218,
    10.608494279439212,
    1.6922872715216184,
    0.016886158797912644,
    0.016902505168589963,
    8.764380936473318,
    0.05013642703384519,
    1.782958704372422,
    15.286947235217475,
    19.530305952334015,
    0.01693222919589435,
    15.183734409128894,
    5184641.456859063,
    8647402.747164184,
    0.06885096876234059,
    0.016912418357960823,
    0.14730851800190856,
    0.07790626976228629,
    8645180.553702762,
    0.3793124392716365,
    1.8244374227637619,
    6603201.833721783,
    0.2812591089168833,
    8652140.472682388,
    8580546.456826568,
    0.026723108871124796,
    1.7196079791235406,
    0.44841133535613836,
    978092109.5220226,
    0.10896342111147411,
    0.017812942035866513,
    0.31409116148323096
  ]
}