{
  "method": "standard",
  "columns": [
    "volume_lag_10",
    "open_close_diff",
    "trading_day_number",
    "price_diff_pct",
    "rolling_var_10",
    "volume_ratio_5",
    "rolling_vol_10",
    "return_lag_3",
    "volume_lag_3",
    "week",
    "dist_sma_200",
    "vma_20",
    "dist_sma_20",
    "volume_ratio_20",
    "bb_width",
    "return_lag_5",
    "day_of_month",
    "month_cos",
    "dist_sma_5",
    "day_of_week",
    "dist_sma_100",
    "month_sin",
    "dist_sma_10",
    "dist_sma_50",
    "obv",
    "high_low_range",
    "rolling_var_5",
    "macd",
    "bb_upper",
    "volume_change_ratio",
    "Volume",
    "day_of_week_sin",
    "volume_lag_20",
    "rolling_vol_5",
    "momentum_5",
    "roc_5",
    "bb_pct",
    "rsi",
    "atr",
    "return_lag_20"
  ],
  "mean_": [
    21656885.4205884,
    -0.0007390764727570741,
    1988.0599607733259,
    0.0007361446589708013,
    35.92709470293504,
    1.0040147882019,
    0.3574612554769889,
    0.00044815875759103145,
    21751148.369593725,
    26.38582235920426,
    0.06306307177011519,
    21784527.71736005,
    0.004684739187744905,
    1.0077817348266784,
    0.1602451170821286,
    0.0004535331413173106,
    15.831325301204819,
    0.007264836993632733,
    0.0008689549805938981,
    1.9935556178201177,
    0.02763992090359171,
    0.006389422128689642,
    0.0022071662514203515,
    0.011836150188825624,
    1641954397.228882,
    0.03371695731985535,
    20.480646870164673,
    0.735018188992738,
    212.35946573616653,
    1.106596570290976,
    21764270.813135333,
    0.35450000227821876,
    21488082.432883166,
    0.3397806928977511,
    0.48471786131341793,
    0.0034579434574498217,
    0.5304959821197919,
    52.03184199757906,
    7.089954787144664,
    0.00043948313213737565
  ],
  "scale_": [
    17758964.083865184,
    0.021781879492520674,
    1031.4387277682322,
    0.023932548991366594,
    51.03934448018427,
    0.3499190342747543,
    0.19430709502749077,
    0.023872455432879396,
    17806308.54313002,
    15.182256187575941,
    0.18978969900947731,
    14799651.96714243,
    0.058926178778733004,
    0.4672933457158618,
    0.10062955271655538,
    0.023812365821671667,
    8.765147523249224,
    0.712792219023678,
    0.027029946344779763,
    1.4113231184179889,
    0.13123780139996072,
    0.7013085269178027,
    0.04070568791242191,
    0.09379733915955149,
    744580160.444874,
    0.02207895773149588,
    32.81991615992519,
    4.491018766660183,
    101.90799748768373,
    0.5460072391806546,
    17800994.705286197,
    0.5133248002908041,
    17523543.369037703,
    0.20787647156691522,
    9.549211710199648,
    0.05539265296791917,
    0.3209040295541253,
    16.047322324364966,
    2.911924318639772,
    0.023483304802195334
  ]
}