2026-07-21 21:10:58,926 | INFO    | stockm.baseline_runner | Baseline run | models=['linear_regression', 'decision_tree', 'random_forest', 'gradient_boosting'] | target=target_next_return
2026-07-21 21:10:58,926 | INFO    | stockm.baseline_runner | Training 1 ticker(s)...
2026-07-21 21:10:58,927 | INFO    | stockm.models.training | === Baseline training: RELIANCE.NS (target=target_next_return) ===
2026-07-21 21:10:59,011 | ERROR   | stockm.baseline_runner |   RELIANCE.NS      FAILED: HistGradientBoostingRegressor.__init__() got an unexpected keyword argument 'n_estimators'
Traceback (most recent call last):
  File "C:\stockM\src\run_baseline_training.py", line 106, in main
    s = trainer.run(t)
  File "C:\stockM\src\models\training_pipeline.py", line 99, in run
    models = get_baseline_models(self.model_overrides)
  File "C:\stockM\src\models\baseline_models.py", line 200, in get_baseline_models
    models[name] = create_model(name, overrides.get(name))
                   ~~~~~~~~~~~~^^^^^^^^^^^^^^^^^^^^^^^^^^^
  File "C:\stockM\src\models\baseline_models.py", line 185, in create_model
    return _BUILDERS[name](merged)
           ~~~~~~~~~~~~~~~^^^^^^^^
  File "C:\stockM\src\models\baseline_models.py", line 134, in _build_gradient_boosting
    return HistGradientBoostingRegressor(**params)
TypeError: HistGradientBoostingRegressor.__init__() got an unexpected keyword argument 'n_estimators'
2026-07-21 21:10:59,015 | INFO    | stockm.baseline_runner | 
Done. 0/1 succeeded | 1 failure(s).
2026-07-21 21:10:59,015 | INFO    | stockm.baseline_runner |   FAILED RELIANCE.NS: TypeError("HistGradientBoostingRegressor.__init__() got an unexpected keyword argument 'n_estimators'")
2026-07-21 21:11:40,601 | INFO    | stockm.baseline_runner | Baseline run | models=['linear_regression', 'decision_tree', 'random_forest', 'gradient_boosting'] | target=target_next_return
2026-07-21 21:11:40,601 | INFO    | stockm.baseline_runner | Training 1 ticker(s)...
2026-07-21 21:11:40,602 | INFO    | stockm.models.training | === Baseline training: RELIANCE.NS (target=target_next_return) ===
2026-07-21 21:11:40,667 | INFO    | stockm.models | xgboost not installed - using gradient_boosting (HistGBT) as the booster.
2026-07-21 21:11:40,669 | INFO    | stockm.models.training | training RELIANCE.NS / linear_regression ...
2026-07-21 21:11:40,697 | INFO    | stockm.models.storage | saved RELIANCE.NS / linear_regression
2026-07-21 21:11:40,697 | INFO    | stockm.models.training | training RELIANCE.NS / decision_tree ...
2026-07-21 21:11:40,961 | INFO    | stockm.models.storage | saved RELIANCE.NS / decision_tree
2026-07-21 21:11:40,962 | INFO    | stockm.models.training | training RELIANCE.NS / random_forest ...
2026-07-21 21:12:00,381 | INFO    | stockm.models.storage | saved RELIANCE.NS / random_forest
2026-07-21 21:12:00,381 | INFO    | stockm.models.training | training RELIANCE.NS / gradient_boosting ...
2026-07-21 21:12:02,680 | INFO    | stockm.models.storage | saved RELIANCE.NS / gradient_boosting
2026-07-21 21:12:02,711 | INFO    | stockm.models.training | RELIANCE.NS done | best=random_forest | val_rmse=0.018467 test_rmse=0.014265 dir_acc=0.4987 naive_test_rmse=0.013040
2026-07-21 21:12:02,717 | INFO    | stockm.baseline_runner |   RELIANCE.NS      best=random_forest      val_rmse=0.018467 test_rmse=0.014265 dir_acc=0.4987 beats_naive=False
2026-07-21 21:12:02,721 | INFO    | stockm.baseline_runner | 
=== Global leaderboard (by validation RMSE) ===
2026-07-21 21:12:02,721 | INFO    | stockm.baseline_runner |    1. RELIANCE.NS      best=random_forest      val_rmse=0.018467 test_rmse=0.014265 dir_acc=0.4987
2026-07-21 21:12:02,721 | INFO    | stockm.baseline_runner | 
Done. 1/1 succeeded | 0 failure(s).
2026-07-21 21:18:41,579 | INFO    | stockm.baseline_runner | Baseline run | models=['linear_regression', 'decision_tree', 'random_forest', 'gradient_boosting'] | target=target_next_return
2026-07-21 21:18:41,580 | INFO    | stockm.baseline_runner | Training 1 ticker(s)...
2026-07-21 21:18:41,580 | INFO    | stockm.models.training | === Baseline training: RELIANCE.NS (target=target_next_return) ===
2026-07-21 21:18:41,639 | INFO    | stockm.models | xgboost not installed - using gradient_boosting (HistGBT) as the booster.
2026-07-21 21:18:41,641 | INFO    | stockm.models.training | training RELIANCE.NS / linear_regression ...
2026-07-21 21:18:41,654 | INFO    | stockm.models.storage | saved RELIANCE.NS / linear_regression
2026-07-21 21:18:41,654 | INFO    | stockm.models.training | training RELIANCE.NS / decision_tree ...
2026-07-21 21:18:41,921 | INFO    | stockm.models.storage | saved RELIANCE.NS / decision_tree
2026-07-21 21:18:41,921 | INFO    | stockm.models.training | training RELIANCE.NS / random_forest ...
2026-07-21 21:19:00,772 | INFO    | stockm.models.storage | saved RELIANCE.NS / random_forest
2026-07-21 21:19:00,772 | INFO    | stockm.models.training | training RELIANCE.NS / gradient_boosting ...
2026-07-21 21:19:02,919 | INFO    | stockm.models.storage | saved RELIANCE.NS / gradient_boosting
2026-07-21 21:19:02,952 | INFO    | stockm.models.training | RELIANCE.NS done | best=random_forest | val_rmse=0.018390 test_rmse=0.014074 dir_acc=0.4960 naive_test_rmse=0.013040
2026-07-21 21:19:02,958 | INFO    | stockm.baseline_runner |   RELIANCE.NS      best=random_forest      val_rmse=0.018390 test_rmse=0.014074 dir_acc=0.4960 beats_naive=False
2026-07-21 21:19:02,959 | INFO    | stockm.baseline_runner | 
=== Global leaderboard (by validation RMSE) ===
2026-07-21 21:19:02,959 | INFO    | stockm.baseline_runner |    1. RELIANCE.NS      best=random_forest      val_rmse=0.018390 test_rmse=0.014074 dir_acc=0.4960
2026-07-21 21:19:02,959 | INFO    | stockm.baseline_runner | 
Done. 1/1 succeeded | 0 failure(s).
2026-07-21 21:21:15,519 | INFO    | stockm.baseline_runner | Baseline run | models=['linear_regression', 'decision_tree', 'random_forest', 'gradient_boosting'] | target=target_next_return
2026-07-21 21:21:15,520 | INFO    | stockm.baseline_runner | Training 51 ticker(s)...
2026-07-21 21:21:15,520 | INFO    | stockm.models.training | === Baseline training: RELIANCE.NS (target=target_next_return) ===
2026-07-21 21:21:15,579 | INFO    | stockm.models | xgboost not installed - using gradient_boosting (HistGBT) as the booster.
2026-07-21 21:21:15,580 | INFO    | stockm.models.training | training RELIANCE.NS / linear_regression ...
2026-07-21 21:21:15,593 | INFO    | stockm.models.storage | saved RELIANCE.NS / linear_regression
2026-07-21 21:21:15,594 | INFO    | stockm.models.training | training RELIANCE.NS / decision_tree ...
2026-07-21 21:21:15,865 | INFO    | stockm.models.storage | saved RELIANCE.NS / decision_tree
2026-07-21 21:21:15,865 | INFO    | stockm.models.training | training RELIANCE.NS / random_forest ...
2026-07-21 21:21:28,704 | INFO    | stockm.models.storage | saved RELIANCE.NS / random_forest
2026-07-21 21:21:28,705 | INFO    | stockm.models.training | training RELIANCE.NS / gradient_boosting ...
2026-07-21 21:21:30,455 | INFO    | stockm.models.storage | saved RELIANCE.NS / gradient_boosting
2026-07-21 21:21:30,475 | INFO    | stockm.models.training | RELIANCE.NS done | best=random_forest | val_rmse=0.018021 test_rmse=0.014089 dir_acc=0.5265 naive_test_rmse=0.013040
2026-07-21 21:21:30,478 | INFO    | stockm.baseline_runner |   RELIANCE.NS      best=random_forest      val_rmse=0.018021 test_rmse=0.014089 dir_acc=0.5265 beats_naive=False
2026-07-21 21:21:30,478 | INFO    | stockm.models.training | === Baseline training: HDFCBANK.NS (target=target_next_return) ===
2026-07-21 21:21:30,537 | INFO    | stockm.models | xgboost not installed - using gradient_boosting (HistGBT) as the booster.
2026-07-21 21:21:30,538 | INFO    | stockm.models.training | training HDFCBANK.NS / linear_regression ...
2026-07-21 21:21:30,551 | INFO    | stockm.models.storage | saved HDFCBANK.NS / linear_regression
2026-07-21 21:21:30,551 | INFO    | stockm.models.training | training HDFCBANK.NS / decision_tree ...
2026-07-21 21:21:30,788 | INFO    | stockm.models.storage | saved HDFCBANK.NS / decision_tree
2026-07-21 21:21:30,788 | INFO    | stockm.models.training | training HDFCBANK.NS / random_forest ...
2026-07-21 21:21:45,677 | INFO    | stockm.models.storage | saved HDFCBANK.NS / random_forest
2026-07-21 21:21:45,677 | INFO    | stockm.models.training | training HDFCBANK.NS / gradient_boosting ...
2026-07-21 21:21:45,926 | INFO    | stockm.models.storage | saved HDFCBANK.NS / gradient_boosting
2026-07-21 21:21:45,953 | INFO    | stockm.models.training | HDFCBANK.NS done | best=random_forest | val_rmse=0.017317 test_rmse=0.013747 dir_acc=0.5033 naive_test_rmse=0.012512
2026-07-21 21:21:45,958 | INFO    | stockm.baseline_runner |   HDFCBANK.NS      best=random_forest      val_rmse=0.017317 test_rmse=0.013747 dir_acc=0.5033 beats_naive=False
2026-07-21 21:21:45,958 | INFO    | stockm.models.training | === Baseline training: INFY.NS (target=target_next_return) ===
2026-07-21 21:21:46,028 | INFO    | stockm.models | xgboost not installed - using gradient_boosting (HistGBT) as the booster.
2026-07-21 21:21:46,029 | INFO    | stockm.models.training | training INFY.NS / linear_regression ...
2026-07-21 21:21:46,043 | INFO    | stockm.models.storage | saved INFY.NS / linear_regression
2026-07-21 21:21:46,043 | INFO    | stockm.models.training | training INFY.NS / decision_tree ...
2026-07-21 21:21:46,333 | INFO    | stockm.models.storage | saved INFY.NS / decision_tree
2026-07-21 21:21:46,333 | INFO    | stockm.models.training | training INFY.NS / random_forest ...
2026-07-21 21:21:58,322 | INFO    | stockm.models.storage | saved INFY.NS / random_forest
2026-07-21 21:21:58,322 | INFO    | stockm.models.training | training INFY.NS / gradient_boosting ...
2026-07-21 21:21:58,575 | INFO    | stockm.models.storage | saved INFY.NS / gradient_boosting
2026-07-21 21:21:58,595 | INFO    | stockm.models.training | INFY.NS done | best=linear_regression | val_rmse=0.017870 test_rmse=0.017625 dir_acc=0.4914 naive_test_rmse=0.016081
2026-07-21 21:21:58,599 | INFO    | stockm.baseline_runner |   INFY.NS          best=linear_regression  val_rmse=0.017870 test_rmse=0.017625 dir_acc=0.4914 beats_naive=False
2026-07-21 21:21:58,599 | INFO    | stockm.models.training | === Baseline training: ICICIBANK.NS (target=target_next_return) ===
2026-07-21 21:21:58,659 | INFO    | stockm.models | xgboost not installed - using gradient_boosting (HistGBT) as the booster.
2026-07-21 21:21:58,661 | INFO    | stockm.models.training | training ICICIBANK.NS / linear_regression ...
2026-07-21 21:21:58,674 | INFO    | stockm.models.storage | saved ICICIBANK.NS / linear_regression
2026-07-21 21:21:58,674 | INFO    | stockm.models.training | training ICICIBANK.NS / decision_tree ...
2026-07-21 21:21:58,922 | INFO    | stockm.models.storage | saved ICICIBANK.NS / decision_tree
2026-07-21 21:21:58,922 | INFO    | stockm.models.training | training ICICIBANK.NS / random_forest ...
2026-07-21 21:22:12,475 | INFO    | stockm.models.storage | saved ICICIBANK.NS / random_forest
2026-07-21 21:22:12,476 | INFO    | stockm.models.training | training ICICIBANK.NS / gradient_boosting ...
2026-07-21 21:22:12,753 | INFO    | stockm.models.storage | saved ICICIBANK.NS / gradient_boosting
2026-07-21 21:22:12,777 | INFO    | stockm.models.training | ICICIBANK.NS done | best=random_forest | val_rmse=0.021811 test_rmse=0.016184 dir_acc=0.4767 naive_test_rmse=0.011724
2026-07-21 21:22:12,780 | INFO    | stockm.baseline_runner |   ICICIBANK.NS     best=random_forest      val_rmse=0.021811 test_rmse=0.016184 dir_acc=0.4767 beats_naive=False
2026-07-21 21:22:12,780 | INFO    | stockm.models.training | === Baseline training: TCS.NS (target=target_next_return) ===
2026-07-21 21:22:12,853 | INFO    | stockm.models | xgboost not installed - using gradient_boosting (HistGBT) as the booster.
2026-07-21 21:22:12,854 | INFO    | stockm.models.training | training TCS.NS / linear_regression ...
2026-07-21 21:22:12,868 | INFO    | stockm.models.storage | saved TCS.NS / linear_regression
2026-07-21 21:22:12,868 | INFO    | stockm.models.training | training TCS.NS / decision_tree ...
2026-07-21 21:22:13,115 | INFO    | stockm.models.storage | saved TCS.NS / decision_tree
2026-07-21 21:22:13,115 | INFO    | stockm.models.training | training TCS.NS / random_forest ...
2026-07-21 21:22:25,638 | INFO    | stockm.models.storage | saved TCS.NS / random_forest
2026-07-21 21:22:25,639 | INFO    | stockm.models.training | training TCS.NS / gradient_boosting ...
2026-07-21 21:22:25,882 | INFO    | stockm.models.storage | saved TCS.NS / gradient_boosting
2026-07-21 21:22:25,904 | INFO    | stockm.models.training | TCS.NS done | best=linear_regression | val_rmse=0.015414 test_rmse=0.017199 dir_acc=0.4734 naive_test_rmse=0.014056
2026-07-21 21:22:25,908 | INFO    | stockm.baseline_runner |   TCS.NS           best=linear_regression  val_rmse=0.015414 test_rmse=0.017199 dir_acc=0.4734 beats_naive=False
2026-07-21 21:22:25,908 | INFO    | stockm.models.training | === Baseline training: BHARTIARTL.NS (target=target_next_return) ===
2026-07-21 21:22:25,976 | INFO    | stockm.models | xgboost not installed - using gradient_boosting (HistGBT) as the booster.
2026-07-21 21:22:25,978 | INFO    | stockm.models.training | training BHARTIARTL.NS / linear_regression ...
2026-07-21 21:22:25,990 | INFO    | stockm.models.storage | saved BHARTIARTL.NS / linear_regression
2026-07-21 21:22:25,990 | INFO    | stockm.models.training | training BHARTIARTL.NS / decision_tree ...
2026-07-21 21:22:26,257 | INFO    | stockm.models.storage | saved BHARTIARTL.NS / decision_tree
2026-07-21 21:22:26,257 | INFO    | stockm.models.training | training BHARTIARTL.NS / random_forest ...
2026-07-21 21:22:38,381 | INFO    | stockm.models.storage | saved BHARTIARTL.NS / random_forest
2026-07-21 21:22:38,381 | INFO    | stockm.models.training | training BHARTIARTL.NS / gradient_boosting ...
2026-07-21 21:22:38,655 | INFO    | stockm.models.storage | saved BHARTIARTL.NS / gradient_boosting
2026-07-21 21:22:38,676 | INFO    | stockm.models.training | BHARTIARTL.NS done | best=random_forest | val_rmse=0.018422 test_rmse=0.015740 dir_acc=0.4887 naive_test_rmse=0.013033
2026-07-21 21:22:38,680 | INFO    | stockm.baseline_runner |   BHARTIARTL.NS    best=random_forest      val_rmse=0.018422 test_rmse=0.015740 dir_acc=0.4887 beats_naive=False
2026-07-21 21:22:38,680 | INFO    | stockm.models.training | === Baseline training: SBIN.NS (target=target_next_return) ===
2026-07-21 21:22:38,742 | INFO    | stockm.models | xgboost not installed - using gradient_boosting (HistGBT) as the booster.
2026-07-21 21:22:38,744 | INFO    | stockm.models.training | training SBIN.NS / linear_regression ...
2026-07-21 21:22:38,759 | INFO    | stockm.models.storage | saved SBIN.NS / linear_regression
2026-07-21 21:22:38,759 | INFO    | stockm.models.training | training SBIN.NS / decision_tree ...
2026-07-21 21:22:38,958 | INFO    | stockm.models.storage | saved SBIN.NS / decision_tree
2026-07-21 21:22:38,958 | INFO    | stockm.models.training | training SBIN.NS / random_forest ...
2026-07-21 21:22:51,241 | INFO    | stockm.models.storage | saved SBIN.NS / random_forest
2026-07-21 21:22:51,241 | INFO    | stockm.models.training | training SBIN.NS / gradient_boosting ...
2026-07-21 21:22:51,538 | INFO    | stockm.models.storage | saved SBIN.NS / gradient_boosting
2026-07-21 21:22:51,563 | INFO    | stockm.models.training | SBIN.NS done | best=linear_regression | val_rmse=0.021014 test_rmse=0.027517 dir_acc=0.4632 naive_test_rmse=0.015293
2026-07-21 21:22:51,567 | INFO    | stockm.baseline_runner |   SBIN.NS          best=linear_regression  val_rmse=0.021014 test_rmse=0.027517 dir_acc=0.4632 beats_naive=False
2026-07-21 21:22:51,567 | INFO    | stockm.models.training | === Baseline training: LT.NS (target=target_next_return) ===
2026-07-21 21:22:51,641 | INFO    | stockm.models | xgboost not installed - using gradient_boosting (HistGBT) as the booster.
2026-07-21 21:22:51,643 | INFO    | stockm.models.training | training LT.NS / linear_regression ...
2026-07-21 21:22:51,658 | INFO    | stockm.models.storage | saved LT.NS / linear_regression
2026-07-21 21:22:51,658 | INFO    | stockm.models.training | training LT.NS / decision_tree ...
2026-07-21 21:22:51,916 | INFO    | stockm.models.storage | saved LT.NS / decision_tree
2026-07-21 21:22:51,917 | INFO    | stockm.models.training | training LT.NS / random_forest ...
2026-07-21 21:23:04,954 | INFO    | stockm.models.storage | saved LT.NS / random_forest
2026-07-21 21:23:04,954 | INFO    | stockm.models.training | training LT.NS / gradient_boosting ...
2026-07-21 21:23:05,199 | INFO    | stockm.models.storage | saved LT.NS / gradient_boosting
2026-07-21 21:23:05,222 | INFO    | stockm.models.training | LT.NS done | best=linear_regression | val_rmse=0.018558 test_rmse=0.062059 dir_acc=0.4861 naive_test_rmse=0.015979
2026-07-21 21:23:05,226 | INFO    | stockm.baseline_runner |   LT.NS            best=linear_regression  val_rmse=0.018558 test_rmse=0.062059 dir_acc=0.4861 beats_naive=False
2026-07-21 21:23:05,226 | INFO    | stockm.models.training | === Baseline training: ITC.NS (target=target_next_return) ===
2026-07-21 21:23:05,296 | INFO    | stockm.models | xgboost not installed - using gradient_boosting (HistGBT) as the booster.
2026-07-21 21:23:05,298 | INFO    | stockm.models.training | training ITC.NS / linear_regression ...
2026-07-21 21:23:05,311 | INFO    | stockm.models.storage | saved ITC.NS / linear_regression
2026-07-21 21:23:05,311 | INFO    | stockm.models.training | training ITC.NS / decision_tree ...
2026-07-21 21:23:05,573 | INFO    | stockm.models.storage | saved ITC.NS / decision_tree
2026-07-21 21:23:05,573 | INFO    | stockm.models.training | training ITC.NS / random_forest ...
2026-07-21 21:23:18,584 | INFO    | stockm.models.storage | saved ITC.NS / random_forest
2026-07-21 21:23:18,585 | INFO    | stockm.models.training | training ITC.NS / gradient_boosting ...
2026-07-21 21:23:18,863 | INFO    | stockm.models.storage | saved ITC.NS / gradient_boosting
2026-07-21 21:23:18,887 | INFO    | stockm.models.training | ITC.NS done | best=linear_regression | val_rmse=0.015777 test_rmse=0.013552 dir_acc=0.5125 naive_test_rmse=0.011642
2026-07-21 21:23:18,892 | INFO    | stockm.baseline_runner |   ITC.NS           best=linear_regression  val_rmse=0.015777 test_rmse=0.013552 dir_acc=0.5125 beats_naive=False
2026-07-21 21:23:18,892 | INFO    | stockm.models.training | === Baseline training: AXISBANK.NS (target=target_next_return) ===
2026-07-21 21:23:18,961 | INFO    | stockm.models | xgboost not installed - using gradient_boosting (HistGBT) as the booster.
2026-07-21 21:23:18,963 | INFO    | stockm.models.training | training AXISBANK.NS / linear_regression ...
2026-07-21 21:23:18,978 | INFO    | stockm.models.storage | saved AXISBANK.NS / linear_regression
2026-07-21 21:23:18,978 | INFO    | stockm.models.training | training AXISBANK.NS / decision_tree ...
2026-07-21 21:23:19,299 | INFO    | stockm.models.storage | saved AXISBANK.NS / decision_tree
2026-07-21 21:23:19,299 | INFO    | stockm.models.training | training AXISBANK.NS / random_forest ...
2026-07-21 21:23:33,717 | INFO    | stockm.models.storage | saved AXISBANK.NS / random_forest
2026-07-21 21:23:33,717 | INFO    | stockm.models.training | training AXISBANK.NS / gradient_boosting ...
2026-07-21 21:23:33,989 | INFO    | stockm.models.storage | saved AXISBANK.NS / gradient_boosting
2026-07-21 21:23:34,014 | INFO    | stockm.models.training | AXISBANK.NS done | best=linear_regression | val_rmse=0.021761 test_rmse=0.018192 dir_acc=0.4894 naive_test_rmse=0.014591
2026-07-21 21:23:34,018 | INFO    | stockm.baseline_runner |   AXISBANK.NS      best=linear_regression  val_rmse=0.021761 test_rmse=0.018192 dir_acc=0.4894 beats_naive=False
2026-07-21 21:23:34,018 | INFO    | stockm.models.training | === Baseline training: KOTAKBANK.NS (target=target_next_return) ===
2026-07-21 21:23:34,086 | INFO    | stockm.models | xgboost not installed - using gradient_boosting (HistGBT) as the booster.
2026-07-21 21:23:34,088 | INFO    | stockm.models.training | training KOTAKBANK.NS / linear_regression ...
2026-07-21 21:23:34,102 | INFO    | stockm.models.storage | saved KOTAKBANK.NS / linear_regression
2026-07-21 21:23:34,102 | INFO    | stockm.models.training | training KOTAKBANK.NS / decision_tree ...
2026-07-21 21:23:34,483 | INFO    | stockm.models.storage | saved KOTAKBANK.NS / decision_tree
2026-07-21 21:23:34,484 | INFO    | stockm.models.training | training KOTAKBANK.NS / random_forest ...
2026-07-21 21:23:51,810 | INFO    | stockm.models.storage | saved KOTAKBANK.NS / random_forest
2026-07-21 21:23:51,810 | INFO    | stockm.models.training | training KOTAKBANK.NS / gradient_boosting ...
2026-07-21 21:23:52,123 | INFO    | stockm.models.storage | saved KOTAKBANK.NS / gradient_boosting
2026-07-21 21:23:52,150 | INFO    | stockm.models.training | KOTAKBANK.NS done | best=random_forest | val_rmse=0.018064 test_rmse=0.014715 dir_acc=0.5232 naive_test_rmse=0.013977
2026-07-21 21:23:52,154 | INFO    | stockm.baseline_runner |   KOTAKBANK.NS     best=random_forest      val_rmse=0.018064 test_rmse=0.014715 dir_acc=0.5232 beats_naive=False
2026-07-21 21:23:52,154 | INFO    | stockm.models.training | === Baseline training: HINDUNILVR.NS (target=target_next_return) ===
2026-07-21 21:23:52,232 | INFO    | stockm.models | xgboost not installed - using gradient_boosting (HistGBT) as the booster.
2026-07-21 21:23:52,234 | INFO    | stockm.models.training | training HINDUNILVR.NS / linear_regression ...
2026-07-21 21:23:52,249 | INFO    | stockm.models.storage | saved HINDUNILVR.NS / linear_regression
2026-07-21 21:23:52,249 | INFO    | stockm.models.training | training HINDUNILVR.NS / decision_tree ...
2026-07-21 21:23:52,614 | INFO    | stockm.models.storage | saved HINDUNILVR.NS / decision_tree
2026-07-21 21:23:52,614 | INFO    | stockm.models.training | training HINDUNILVR.NS / random_forest ...
2026-07-21 21:24:07,126 | INFO    | stockm.models.storage | saved HINDUNILVR.NS / random_forest
2026-07-21 21:24:07,126 | INFO    | stockm.models.training | training HINDUNILVR.NS / gradient_boosting ...
2026-07-21 21:24:07,428 | INFO    | stockm.models.storage | saved HINDUNILVR.NS / gradient_boosting
2026-07-21 21:24:07,458 | INFO    | stockm.models.training | HINDUNILVR.NS done | best=random_forest | val_rmse=0.013955 test_rmse=0.012369 dir_acc=0.5133 naive_test_rmse=0.012056
2026-07-21 21:24:07,465 | INFO    | stockm.baseline_runner |   HINDUNILVR.NS    best=random_forest      val_rmse=0.013955 test_rmse=0.012369 dir_acc=0.5133 beats_naive=False
2026-07-21 21:24:07,465 | INFO    | stockm.models.training | === Baseline training: Bajajfinsv.NS (target=target_next_return) ===
2026-07-21 21:24:07,537 | INFO    | stockm.models | xgboost not installed - using gradient_boosting (HistGBT) as the booster.
2026-07-21 21:24:07,539 | INFO    | stockm.models.training | training Bajajfinsv.NS / linear_regression ...
2026-07-21 21:24:07,552 | INFO    | stockm.models.storage | saved Bajajfinsv.NS / linear_regression
2026-07-21 21:24:07,552 | INFO    | stockm.models.training | training Bajajfinsv.NS / decision_tree ...
2026-07-21 21:24:07,800 | INFO    | stockm.models.storage | saved Bajajfinsv.NS / decision_tree
2026-07-21 21:24:07,800 | INFO    | stockm.models.training | training Bajajfinsv.NS / random_forest ...
2026-07-21 21:24:21,015 | INFO    | stockm.models.storage | saved Bajajfinsv.NS / random_forest
2026-07-21 21:24:21,015 | INFO    | stockm.models.training | training Bajajfinsv.NS / gradient_boosting ...
2026-07-21 21:24:21,248 | INFO    | stockm.models.storage | saved Bajajfinsv.NS / gradient_boosting
2026-07-21 21:24:21,271 | INFO    | stockm.models.training | Bajajfinsv.NS done | best=linear_regression | val_rmse=0.022985 test_rmse=0.016238 dir_acc=0.4768 naive_test_rmse=0.014660
2026-07-21 21:24:21,274 | INFO    | stockm.baseline_runner |   Bajajfinsv.NS    best=linear_regression  val_rmse=0.022985 test_rmse=0.016238 dir_acc=0.4768 beats_naive=False
2026-07-21 21:24:21,274 | INFO    | stockm.models.training | === Baseline training: BAJFINANCE.NS (target=target_next_return) ===
2026-07-21 21:24:21,334 | INFO    | stockm.models | xgboost not installed - using gradient_boosting (HistGBT) as the booster.
2026-07-21 21:24:21,336 | INFO    | stockm.models.training | training BAJFINANCE.NS / linear_regression ...
2026-07-21 21:24:21,349 | INFO    | stockm.models.storage | saved BAJFINANCE.NS / linear_regression
2026-07-21 21:24:21,349 | INFO    | stockm.models.training | training BAJFINANCE.NS / decision_tree ...
2026-07-21 21:24:21,658 | INFO    | stockm.models.storage | saved BAJFINANCE.NS / decision_tree
2026-07-21 21:24:21,658 | INFO    | stockm.models.training | training BAJFINANCE.NS / random_forest ...
2026-07-21 21:24:35,645 | INFO    | stockm.models.storage | saved BAJFINANCE.NS / random_forest
2026-07-21 21:24:35,646 | INFO    | stockm.models.training | training BAJFINANCE.NS / gradient_boosting ...
2026-07-21 21:24:35,883 | INFO    | stockm.models.storage | saved BAJFINANCE.NS / gradient_boosting
2026-07-21 21:24:35,912 | INFO    | stockm.models.training | BAJFINANCE.NS done | best=random_forest | val_rmse=0.025625 test_rmse=0.020173 dir_acc=0.4887 naive_test_rmse=0.016723
2026-07-21 21:24:35,916 | INFO    | stockm.baseline_runner |   BAJFINANCE.NS    best=random_forest      val_rmse=0.025625 test_rmse=0.020173 dir_acc=0.4887 beats_naive=False
2026-07-21 21:24:35,916 | INFO    | stockm.models.training | === Baseline training: MARUTI.NS (target=target_next_return) ===
2026-07-21 21:24:35,985 | INFO    | stockm.models | xgboost not installed - using gradient_boosting (HistGBT) as the booster.
2026-07-21 21:24:35,987 | INFO    | stockm.models.training | training MARUTI.NS / linear_regression ...
2026-07-21 21:24:36,001 | INFO    | stockm.models.storage | saved MARUTI.NS / linear_regression
2026-07-21 21:24:36,001 | INFO    | stockm.models.training | training MARUTI.NS / decision_tree ...
2026-07-21 21:24:36,238 | INFO    | stockm.models.storage | saved MARUTI.NS / decision_tree
2026-07-21 21:24:36,238 | INFO    | stockm.models.training | training MARUTI.NS / random_forest ...
2026-07-21 21:24:47,209 | INFO    | stockm.models.storage | saved MARUTI.NS / random_forest
2026-07-21 21:24:47,209 | INFO    | stockm.models.training | training MARUTI.NS / gradient_boosting ...
2026-07-21 21:24:47,451 | INFO    | stockm.models.storage | saved MARUTI.NS / gradient_boosting
2026-07-21 21:24:47,476 | INFO    | stockm.models.training | MARUTI.NS done | best=linear_regression | val_rmse=0.017537 test_rmse=0.016139 dir_acc=0.4841 naive_test_rmse=0.013613
2026-07-21 21:24:47,481 | INFO    | stockm.baseline_runner |   MARUTI.NS        best=linear_regression  val_rmse=0.017537 test_rmse=0.016139 dir_acc=0.4841 beats_naive=False
2026-07-21 21:24:47,481 | INFO    | stockm.models.training | === Baseline training: ASIANPAINT.NS (target=target_next_return) ===
2026-07-21 21:24:47,547 | INFO    | stockm.models | xgboost not installed - using gradient_boosting (HistGBT) as the booster.
2026-07-21 21:24:47,549 | INFO    | stockm.models.training | training ASIANPAINT.NS / linear_regression ...
2026-07-21 21:24:47,561 | INFO    | stockm.models.storage | saved ASIANPAINT.NS / linear_regression
2026-07-21 21:24:47,562 | INFO    | stockm.models.training | training ASIANPAINT.NS / decision_tree ...
2026-07-21 21:24:47,739 | INFO    | stockm.models.storage | saved ASIANPAINT.NS / decision_tree
2026-07-21 21:24:47,739 | INFO    | stockm.models.training | training ASIANPAINT.NS / random_forest ...
2026-07-21 21:24:59,576 | INFO    | stockm.models.storage | saved ASIANPAINT.NS / random_forest
2026-07-21 21:24:59,576 | INFO    | stockm.models.training | training ASIANPAINT.NS / gradient_boosting ...
2026-07-21 21:24:59,820 | INFO    | stockm.models.storage | saved ASIANPAINT.NS / gradient_boosting
2026-07-21 21:24:59,841 | INFO    | stockm.models.training | ASIANPAINT.NS done | best=random_forest | val_rmse=0.017028 test_rmse=0.013897 dir_acc=0.4953 naive_test_rmse=0.013263
2026-07-21 21:24:59,845 | INFO    | stockm.baseline_runner |   ASIANPAINT.NS    best=random_forest      val_rmse=0.017028 test_rmse=0.013897 dir_acc=0.4953 beats_naive=False
2026-07-21 21:24:59,845 | INFO    | stockm.models.training | === Baseline training: HCLTECH.NS (target=target_next_return) ===
2026-07-21 21:24:59,908 | INFO    | stockm.models | xgboost not installed - using gradient_boosting (HistGBT) as the booster.
2026-07-21 21:24:59,910 | INFO    | stockm.models.training | training HCLTECH.NS / linear_regression ...
2026-07-21 21:24:59,926 | INFO    | stockm.models.storage | saved HCLTECH.NS / linear_regression
2026-07-21 21:24:59,926 | INFO    | stockm.models.training | training HCLTECH.NS / decision_tree ...
2026-07-21 21:25:00,171 | INFO    | stockm.models.storage | saved HCLTECH.NS / decision_tree
2026-07-21 21:25:00,171 | INFO    | stockm.models.training | training HCLTECH.NS / random_forest ...
2026-07-21 21:25:13,728 | INFO    | stockm.models.storage | saved HCLTECH.NS / random_forest
2026-07-21 21:25:13,728 | INFO    | stockm.models.training | training HCLTECH.NS / gradient_boosting ...
2026-07-21 21:25:13,987 | INFO    | stockm.models.storage | saved HCLTECH.NS / gradient_boosting
2026-07-21 21:25:14,016 | INFO    | stockm.models.training | HCLTECH.NS done | best=random_forest | val_rmse=0.017892 test_rmse=0.018192 dir_acc=0.5093 naive_test_rmse=0.015895
2026-07-21 21:25:14,022 | INFO    | stockm.baseline_runner |   HCLTECH.NS       best=random_forest      val_rmse=0.017892 test_rmse=0.018192 dir_acc=0.5093 beats_naive=False
2026-07-21 21:25:14,023 | INFO    | stockm.models.training | === Baseline training: SUNPHARMA.NS (target=target_next_return) ===
2026-07-21 21:25:14,084 | INFO    | stockm.models | xgboost not installed - using gradient_boosting (HistGBT) as the booster.
2026-07-21 21:25:14,085 | INFO    | stockm.models.training | training SUNPHARMA.NS / linear_regression ...
2026-07-21 21:25:14,098 | INFO    | stockm.models.storage | saved SUNPHARMA.NS / linear_regression
2026-07-21 21:25:14,098 | INFO    | stockm.models.training | training SUNPHARMA.NS / decision_tree ...
2026-07-21 21:25:14,346 | INFO    | stockm.models.storage | saved SUNPHARMA.NS / decision_tree
2026-07-21 21:25:14,346 | INFO    | stockm.models.training | training SUNPHARMA.NS / random_forest ...
2026-07-21 21:25:26,165 | INFO    | stockm.models.storage | saved SUNPHARMA.NS / random_forest
2026-07-21 21:25:26,165 | INFO    | stockm.models.training | training SUNPHARMA.NS / gradient_boosting ...
2026-07-21 21:25:26,414 | INFO    | stockm.models.storage | saved SUNPHARMA.NS / gradient_boosting
2026-07-21 21:25:26,442 | INFO    | stockm.models.training | SUNPHARMA.NS done | best=random_forest | val_rmse=0.016078 test_rmse=0.015223 dir_acc=0.5033 naive_test_rmse=0.012262
2026-07-21 21:25:26,448 | INFO    | stockm.baseline_runner |   SUNPHARMA.NS     best=random_forest      val_rmse=0.016078 test_rmse=0.015223 dir_acc=0.5033 beats_naive=False
2026-07-21 21:25:26,448 | INFO    | stockm.models.training | === Baseline training: WIPRO.NS (target=target_next_return) ===
2026-07-21 21:25:26,516 | INFO    | stockm.models | xgboost not installed - using gradient_boosting (HistGBT) as the booster.
2026-07-21 21:25:26,518 | INFO    | stockm.models.training | training WIPRO.NS / linear_regression ...
2026-07-21 21:25:26,532 | INFO    | stockm.models.storage | saved WIPRO.NS / linear_regression
2026-07-21 21:25:26,532 | INFO    | stockm.models.training | training WIPRO.NS / decision_tree ...
2026-07-21 21:25:26,793 | INFO    | stockm.models.storage | saved WIPRO.NS / decision_tree
2026-07-21 21:25:26,794 | INFO    | stockm.models.training | training WIPRO.NS / random_forest ...
2026-07-21 21:25:38,770 | INFO    | stockm.models.storage | saved WIPRO.NS / random_forest
2026-07-21 21:25:38,770 | INFO    | stockm.models.training | training WIPRO.NS / gradient_boosting ...
2026-07-21 21:25:39,015 | INFO    | stockm.models.storage | saved WIPRO.NS / gradient_boosting
2026-07-21 21:25:39,039 | INFO    | stockm.models.training | WIPRO.NS done | best=gradient_boosting | val_rmse=0.020161 test_rmse=0.019102 dir_acc=0.5040 naive_test_rmse=0.016266
2026-07-21 21:25:39,044 | INFO    | stockm.baseline_runner |   WIPRO.NS         best=gradient_boosting  val_rmse=0.020161 test_rmse=0.019102 dir_acc=0.5040 beats_naive=False
2026-07-21 21:25:39,044 | INFO    | stockm.models.training | === Baseline training: ULTRACEMCO.NS (target=target_next_return) ===
2026-07-21 21:25:39,112 | INFO    | stockm.models | xgboost not installed - using gradient_boosting (HistGBT) as the booster.
2026-07-21 21:25:39,114 | INFO    | stockm.models.training | training ULTRACEMCO.NS / linear_regression ...
2026-07-21 21:25:39,127 | INFO    | stockm.models.storage | saved ULTRACEMCO.NS / linear_regression
2026-07-21 21:25:39,127 | INFO    | stockm.models.training | training ULTRACEMCO.NS / decision_tree ...
2026-07-21 21:25:39,389 | INFO    | stockm.models.storage | saved ULTRACEMCO.NS / decision_tree
2026-07-21 21:25:39,389 | INFO    | stockm.models.training | training ULTRACEMCO.NS / random_forest ...
2026-07-21 21:25:52,120 | INFO    | stockm.models.storage | saved ULTRACEMCO.NS / random_forest
2026-07-21 21:25:52,120 | INFO    | stockm.models.training | training ULTRACEMCO.NS / gradient_boosting ...
2026-07-21 21:25:52,334 | INFO    | stockm.models.storage | saved ULTRACEMCO.NS / gradient_boosting
2026-07-21 21:25:52,359 | INFO    | stockm.models.training | ULTRACEMCO.NS done | best=linear_regression | val_rmse=0.017516 test_rmse=0.017743 dir_acc=0.4815 naive_test_rmse=0.014120
2026-07-21 21:25:52,364 | INFO    | stockm.baseline_runner |   ULTRACEMCO.NS    best=linear_regression  val_rmse=0.017516 test_rmse=0.017743 dir_acc=0.4815 beats_naive=False
2026-07-21 21:25:52,364 | INFO    | stockm.models.training | === Baseline training: TITAN.NS (target=target_next_return) ===
2026-07-21 21:25:52,425 | INFO    | stockm.models | xgboost not installed - using gradient_boosting (HistGBT) as the booster.
2026-07-21 21:25:52,427 | INFO    | stockm.models.training | training TITAN.NS / linear_regression ...
2026-07-21 21:25:52,439 | INFO    | stockm.models.storage | saved TITAN.NS / linear_regression
2026-07-21 21:25:52,439 | INFO    | stockm.models.training | training TITAN.NS / decision_tree ...
2026-07-21 21:25:52,662 | INFO    | stockm.models.storage | saved TITAN.NS / decision_tree
2026-07-21 21:25:52,662 | INFO    | stockm.models.training | training TITAN.NS / random_forest ...
2026-07-21 21:26:04,445 | INFO    | stockm.models.storage | saved TITAN.NS / random_forest
2026-07-21 21:26:04,445 | INFO    | stockm.models.training | training TITAN.NS / gradient_boosting ...
2026-07-21 21:26:04,704 | INFO    | stockm.models.storage | saved TITAN.NS / gradient_boosting
2026-07-21 21:26:04,731 | INFO    | stockm.models.training | TITAN.NS done | best=linear_regression | val_rmse=0.019265 test_rmse=0.016125 dir_acc=0.5225 naive_test_rmse=0.013942
2026-07-21 21:26:04,736 | INFO    | stockm.baseline_runner |   TITAN.NS         best=linear_regression  val_rmse=0.019265 test_rmse=0.016125 dir_acc=0.5225 beats_naive=False
2026-07-21 21:26:04,736 | INFO    | stockm.models.training | === Baseline training: NESTLEIND.NS (target=target_next_return) ===
2026-07-21 21:26:04,797 | INFO    | stockm.models | xgboost not installed - using gradient_boosting (HistGBT) as the booster.
2026-07-21 21:26:04,799 | INFO    | stockm.models.training | training NESTLEIND.NS / linear_regression ...
2026-07-21 21:26:04,816 | INFO    | stockm.models.storage | saved NESTLEIND.NS / linear_regression
2026-07-21 21:26:04,816 | INFO    | stockm.models.training | training NESTLEIND.NS / decision_tree ...
2026-07-21 21:26:04,975 | INFO    | stockm.models.storage | saved NESTLEIND.NS / decision_tree
2026-07-21 21:26:04,975 | INFO    | stockm.models.training | training NESTLEIND.NS / random_forest ...
2026-07-21 21:26:13,536 | INFO    | stockm.models.storage | saved NESTLEIND.NS / random_forest
2026-07-21 21:26:13,536 | INFO    | stockm.models.training | training NESTLEIND.NS / gradient_boosting ...
2026-07-21 21:26:13,757 | INFO    | stockm.models.storage | saved NESTLEIND.NS / gradient_boosting
2026-07-21 21:26:13,780 | INFO    | stockm.models.training | NESTLEIND.NS done | best=linear_regression | val_rmse=0.011907 test_rmse=0.013483 dir_acc=0.5376 naive_test_rmse=0.012325
2026-07-21 21:26:13,784 | INFO    | stockm.baseline_runner |   NESTLEIND.NS     best=linear_regression  val_rmse=0.011907 test_rmse=0.013483 dir_acc=0.5376 beats_naive=False
2026-07-21 21:26:13,784 | INFO    | stockm.models.training | === Baseline training: ONGC.NS (target=target_next_return) ===
2026-07-21 21:26:13,842 | INFO    | stockm.models | xgboost not installed - using gradient_boosting (HistGBT) as the booster.
2026-07-21 21:26:13,843 | INFO    | stockm.models.training | training ONGC.NS / linear_regression ...
2026-07-21 21:26:13,855 | INFO    | stockm.models.storage | saved ONGC.NS / linear_regression
2026-07-21 21:26:13,856 | INFO    | stockm.models.training | training ONGC.NS / decision_tree ...
2026-07-21 21:26:14,104 | INFO    | stockm.models.storage | saved ONGC.NS / decision_tree
2026-07-21 21:26:14,104 | INFO    | stockm.models.training | training ONGC.NS / random_forest ...
2026-07-21 21:26:27,175 | INFO    | stockm.models.storage | saved ONGC.NS / random_forest
2026-07-21 21:26:27,175 | INFO    | stockm.models.training | training ONGC.NS / gradient_boosting ...
2026-07-21 21:26:27,417 | INFO    | stockm.models.storage | saved ONGC.NS / gradient_boosting
2026-07-21 21:26:27,442 | INFO    | stockm.models.training | ONGC.NS done | best=gradient_boosting | val_rmse=0.027928 test_rmse=0.024343 dir_acc=0.5113 naive_test_rmse=0.018380
2026-07-21 21:26:27,448 | INFO    | stockm.baseline_runner |   ONGC.NS          best=gradient_boosting  val_rmse=0.027928 test_rmse=0.024343 dir_acc=0.5113 beats_naive=False
2026-07-21 21:26:27,448 | INFO    | stockm.models.training | === Baseline training: NTPC.NS (target=target_next_return) ===
2026-07-21 21:26:27,518 | INFO    | stockm.models | xgboost not installed - using gradient_boosting (HistGBT) as the booster.
2026-07-21 21:26:27,520 | INFO    | stockm.models.training | training NTPC.NS / linear_regression ...
2026-07-21 21:26:27,535 | INFO    | stockm.models.storage | saved NTPC.NS / linear_regression
2026-07-21 21:26:27,535 | INFO    | stockm.models.training | training NTPC.NS / decision_tree ...
2026-07-21 21:26:27,816 | INFO    | stockm.models.storage | saved NTPC.NS / decision_tree
2026-07-21 21:26:27,816 | INFO    | stockm.models.training | training NTPC.NS / random_forest ...
2026-07-21 21:26:42,072 | INFO    | stockm.models.storage | saved NTPC.NS / random_forest
2026-07-21 21:26:42,072 | INFO    | stockm.models.training | training NTPC.NS / gradient_boosting ...
2026-07-21 21:26:42,440 | INFO    | stockm.models.storage | saved NTPC.NS / gradient_boosting
2026-07-21 21:26:42,474 | INFO    | stockm.models.training | NTPC.NS done | best=random_forest | val_rmse=0.018679 test_rmse=0.019329 dir_acc=0.4692 naive_test_rmse=0.016284
2026-07-21 21:26:42,481 | INFO    | stockm.baseline_runner |   NTPC.NS          best=random_forest      val_rmse=0.018679 test_rmse=0.019329 dir_acc=0.4692 beats_naive=False
2026-07-21 21:26:42,481 | INFO    | stockm.models.training | === Baseline training: POWERGRID.NS (target=target_next_return) ===
2026-07-21 21:26:42,562 | INFO    | stockm.models | xgboost not installed - using gradient_boosting (HistGBT) as the booster.
2026-07-21 21:26:42,564 | INFO    | stockm.models.training | training POWERGRID.NS / linear_regression ...
2026-07-21 21:26:42,582 | INFO    | stockm.models.storage | saved POWERGRID.NS / linear_regression
2026-07-21 21:26:42,582 | INFO    | stockm.models.training | training POWERGRID.NS / decision_tree ...
2026-07-21 21:26:42,791 | INFO    | stockm.models.storage | saved POWERGRID.NS / decision_tree
2026-07-21 21:26:42,791 | INFO    | stockm.models.training | training POWERGRID.NS / random_forest ...
2026-07-21 21:26:54,300 | INFO    | stockm.models.storage | saved POWERGRID.NS / random_forest
2026-07-21 21:26:54,300 | INFO    | stockm.models.training | training POWERGRID.NS / gradient_boosting ...
2026-07-21 21:26:54,641 | INFO    | stockm.models.storage | saved POWERGRID.NS / gradient_boosting
2026-07-21 21:26:54,674 | INFO    | stockm.models.training | POWERGRID.NS done | best=random_forest | val_rmse=0.016628 test_rmse=0.017067 dir_acc=0.5145 naive_test_rmse=0.016425
2026-07-21 21:26:54,678 | INFO    | stockm.baseline_runner |   POWERGRID.NS     best=random_forest      val_rmse=0.016628 test_rmse=0.017067 dir_acc=0.5145 beats_naive=False
2026-07-21 21:26:54,678 | INFO    | stockm.models.training | === Baseline training: TATAMOTORS.NS (target=target_next_return) ===
2026-07-21 21:26:54,679 | ERROR   | stockm.baseline_runner |   TATAMOTORS.NS    SKIP (no prepared dataset)
2026-07-21 21:26:54,679 | INFO    | stockm.models.training | === Baseline training: TATASTEEL.NS (target=target_next_return) ===
2026-07-21 21:26:54,757 | INFO    | stockm.models | xgboost not installed - using gradient_boosting (HistGBT) as the booster.
2026-07-21 21:26:54,760 | INFO    | stockm.models.training | training TATASTEEL.NS / linear_regression ...
2026-07-21 21:26:54,777 | INFO    | stockm.models.storage | saved TATASTEEL.NS / linear_regression
2026-07-21 21:26:54,777 | INFO    | stockm.models.training | training TATASTEEL.NS / decision_tree ...
2026-07-21 21:26:55,132 | INFO    | stockm.models.storage | saved TATASTEEL.NS / decision_tree
2026-07-21 21:26:55,132 | INFO    | stockm.models.training | training TATASTEEL.NS / random_forest ...
2026-07-21 21:27:10,026 | INFO    | stockm.models.storage | saved TATASTEEL.NS / random_forest
2026-07-21 21:27:10,026 | INFO    | stockm.models.training | training TATASTEEL.NS / gradient_boosting ...
2026-07-21 21:27:10,338 | INFO    | stockm.models.storage | saved TATASTEEL.NS / gradient_boosting
2026-07-21 21:27:10,366 | INFO    | stockm.models.training | TATASTEEL.NS done | best=random_forest | val_rmse=0.027337 test_rmse=0.021893 dir_acc=0.4715 naive_test_rmse=0.017512
2026-07-21 21:27:10,372 | INFO    | stockm.baseline_runner |   TATASTEEL.NS     best=random_forest      val_rmse=0.027337 test_rmse=0.021893 dir_acc=0.4715 beats_naive=False
2026-07-21 21:27:10,372 | INFO    | stockm.models.training | === Baseline training: JSWSTEEL.NS (target=target_next_return) ===
2026-07-21 21:27:10,443 | INFO    | stockm.models | xgboost not installed - using gradient_boosting (HistGBT) as the booster.
2026-07-21 21:27:10,445 | INFO    | stockm.models.training | training JSWSTEEL.NS / linear_regression ...
2026-07-21 21:27:10,460 | INFO    | stockm.models.storage | saved JSWSTEEL.NS / linear_regression
2026-07-21 21:27:10,460 | INFO    | stockm.models.training | training JSWSTEEL.NS / decision_tree ...
2026-07-21 21:27:10,757 | INFO    | stockm.models.storage | saved JSWSTEEL.NS / decision_tree
2026-07-21 21:27:10,758 | INFO    | stockm.models.training | training JSWSTEEL.NS / random_forest ...
2026-07-21 21:27:25,143 | INFO    | stockm.models.storage | saved JSWSTEEL.NS / random_forest
2026-07-21 21:27:25,143 | INFO    | stockm.models.training | training JSWSTEEL.NS / gradient_boosting ...
2026-07-21 21:27:25,414 | INFO    | stockm.models.storage | saved JSWSTEEL.NS / gradient_boosting
2026-07-21 21:27:25,438 | INFO    | stockm.models.training | JSWSTEEL.NS done | best=gradient_boosting | val_rmse=0.029991 test_rmse=0.023100 dir_acc=0.4867 naive_test_rmse=0.015510
2026-07-21 21:27:25,444 | INFO    | stockm.baseline_runner |   JSWSTEEL.NS      best=gradient_boosting  val_rmse=0.029991 test_rmse=0.023100 dir_acc=0.4867 beats_naive=False
2026-07-21 21:27:25,444 | INFO    | stockm.models.training | === Baseline training: COALINDIA.NS (target=target_next_return) ===
2026-07-21 21:27:25,505 | INFO    | stockm.models | xgboost not installed - using gradient_boosting (HistGBT) as the booster.
2026-07-21 21:27:25,507 | INFO    | stockm.models.training | training COALINDIA.NS / linear_regression ...
2026-07-21 21:27:25,520 | INFO    | stockm.models.storage | saved COALINDIA.NS / linear_regression
2026-07-21 21:27:25,520 | INFO    | stockm.models.training | training COALINDIA.NS / decision_tree ...
2026-07-21 21:27:25,710 | INFO    | stockm.models.storage | saved COALINDIA.NS / decision_tree
2026-07-21 21:27:25,710 | INFO    | stockm.models.training | training COALINDIA.NS / random_forest ...
2026-07-21 21:27:33,525 | INFO    | stockm.models.storage | saved COALINDIA.NS / random_forest
2026-07-21 21:27:33,525 | INFO    | stockm.models.training | training COALINDIA.NS / gradient_boosting ...
2026-07-21 21:27:33,785 | INFO    | stockm.models.storage | saved COALINDIA.NS / gradient_boosting
2026-07-21 21:27:33,806 | INFO    | stockm.models.training | COALINDIA.NS done | best=random_forest | val_rmse=0.020381 test_rmse=0.018285 dir_acc=0.5037 naive_test_rmse=0.016522
2026-07-21 21:27:33,810 | INFO    | stockm.baseline_runner |   COALINDIA.NS     best=random_forest      val_rmse=0.020381 test_rmse=0.018285 dir_acc=0.5037 beats_naive=False
2026-07-21 21:27:33,810 | INFO    | stockm.models.training | === Baseline training: M&M.NS (target=target_next_return) ===
2026-07-21 21:27:33,882 | INFO    | stockm.models | xgboost not installed - using gradient_boosting (HistGBT) as the booster.
2026-07-21 21:27:33,883 | INFO    | stockm.models.training | training M&M.NS / linear_regression ...
2026-07-21 21:27:33,899 | INFO    | stockm.models.storage | saved M&M.NS / linear_regression
2026-07-21 21:27:33,899 | INFO    | stockm.models.training | training M&M.NS / decision_tree ...
2026-07-21 21:27:34,216 | INFO    | stockm.models.storage | saved M&M.NS / decision_tree
2026-07-21 21:27:34,216 | INFO    | stockm.models.training | training M&M.NS / random_forest ...
2026-07-21 21:27:48,008 | INFO    | stockm.models.storage | saved M&M.NS / random_forest
2026-07-21 21:27:48,009 | INFO    | stockm.models.training | training M&M.NS / gradient_boosting ...
2026-07-21 21:27:48,283 | INFO    | stockm.models.storage | saved M&M.NS / gradient_boosting
2026-07-21 21:27:48,314 | INFO    | stockm.models.training | M&M.NS done | best=random_forest | val_rmse=0.021200 test_rmse=0.023874 dir_acc=0.4761 naive_test_rmse=0.018210
2026-07-21 21:27:48,320 | INFO    | stockm.baseline_runner |   M&M.NS           best=random_forest      val_rmse=0.021200 test_rmse=0.023874 dir_acc=0.4761 beats_naive=False
2026-07-21 21:27:48,320 | INFO    | stockm.models.training | === Baseline training: TECHM.NS (target=target_next_return) ===
2026-07-21 21:27:48,391 | INFO    | stockm.models | xgboost not installed - using gradient_boosting (HistGBT) as the booster.
2026-07-21 21:27:48,393 | INFO    | stockm.models.training | training TECHM.NS / linear_regression ...
2026-07-21 21:27:48,406 | INFO    | stockm.models.storage | saved TECHM.NS / linear_regression
2026-07-21 21:27:48,406 | INFO    | stockm.models.training | training TECHM.NS / decision_tree ...
2026-07-21 21:27:48,656 | INFO    | stockm.models.storage | saved TECHM.NS / decision_tree
2026-07-21 21:27:48,656 | INFO    | stockm.models.training | training TECHM.NS / random_forest ...
2026-07-21 21:28:00,206 | INFO    | stockm.models.storage | saved TECHM.NS / random_forest
2026-07-21 21:28:00,206 | INFO    | stockm.models.training | training TECHM.NS / gradient_boosting ...
2026-07-21 21:28:00,497 | INFO    | stockm.models.storage | saved TECHM.NS / gradient_boosting
2026-07-21 21:28:00,523 | INFO    | stockm.models.training | TECHM.NS done | best=gradient_boosting | val_rmse=0.020145 test_rmse=0.018410 dir_acc=0.4935 naive_test_rmse=0.016450
2026-07-21 21:28:00,528 | INFO    | stockm.baseline_runner |   TECHM.NS         best=gradient_boosting  val_rmse=0.020145 test_rmse=0.018410 dir_acc=0.4935 beats_naive=False
2026-07-21 21:28:00,528 | INFO    | stockm.models.training | === Baseline training: HDFCLIFE.NS (target=target_next_return) ===
2026-07-21 21:28:00,566 | INFO    | stockm.models | xgboost not installed - using gradient_boosting (HistGBT) as the booster.
2026-07-21 21:28:00,568 | INFO    | stockm.models.training | training HDFCLIFE.NS / linear_regression ...
2026-07-21 21:28:00,583 | INFO    | stockm.models.storage | saved HDFCLIFE.NS / linear_regression
2026-07-21 21:28:00,583 | INFO    | stockm.models.training | training HDFCLIFE.NS / decision_tree ...
2026-07-21 21:28:00,656 | INFO    | stockm.models.storage | saved HDFCLIFE.NS / decision_tree
2026-07-21 21:28:00,656 | INFO    | stockm.models.training | training HDFCLIFE.NS / random_forest ...
2026-07-21 21:28:04,226 | INFO    | stockm.models.storage | saved HDFCLIFE.NS / random_forest
2026-07-21 21:28:04,226 | INFO    | stockm.models.training | training HDFCLIFE.NS / gradient_boosting ...
2026-07-21 21:28:04,490 | INFO    | stockm.models.storage | saved HDFCLIFE.NS / gradient_boosting
2026-07-21 21:28:04,511 | INFO    | stockm.models.training | HDFCLIFE.NS done | best=linear_regression | val_rmse=0.015232 test_rmse=0.014651 dir_acc=0.4472 naive_test_rmse=0.013340
2026-07-21 21:28:04,513 | INFO    | stockm.baseline_runner |   HDFCLIFE.NS      best=linear_regression  val_rmse=0.015232 test_rmse=0.014651 dir_acc=0.4472 beats_naive=False
2026-07-21 21:28:04,513 | INFO    | stockm.models.training | === Baseline training: GRASIM.NS (target=target_next_return) ===
2026-07-21 21:28:04,583 | INFO    | stockm.models | xgboost not installed - using gradient_boosting (HistGBT) as the booster.
2026-07-21 21:28:04,585 | INFO    | stockm.models.training | training GRASIM.NS / linear_regression ...
2026-07-21 21:28:04,601 | INFO    | stockm.models.storage | saved GRASIM.NS / linear_regression
2026-07-21 21:28:04,601 | INFO    | stockm.models.training | training GRASIM.NS / decision_tree ...
2026-07-21 21:28:04,822 | INFO    | stockm.models.storage | saved GRASIM.NS / decision_tree
2026-07-21 21:28:04,822 | INFO    | stockm.models.training | training GRASIM.NS / random_forest ...
2026-07-21 21:28:16,623 | INFO    | stockm.models.storage | saved GRASIM.NS / random_forest
2026-07-21 21:28:16,623 | INFO    | stockm.models.training | training GRASIM.NS / gradient_boosting ...
2026-07-21 21:28:16,889 | INFO    | stockm.models.storage | saved GRASIM.NS / gradient_boosting
2026-07-21 21:28:16,912 | INFO    | stockm.models.training | GRASIM.NS done | best=random_forest | val_rmse=0.018517 test_rmse=0.014827 dir_acc=0.5066 naive_test_rmse=0.013985
2026-07-21 21:28:16,918 | INFO    | stockm.baseline_runner |   GRASIM.NS        best=random_forest      val_rmse=0.018517 test_rmse=0.014827 dir_acc=0.5066 beats_naive=False
2026-07-21 21:28:16,918 | INFO    | stockm.models.training | === Baseline training: DIVISLAB.NS (target=target_next_return) ===
2026-07-21 21:28:16,990 | INFO    | stockm.models | xgboost not installed - using gradient_boosting (HistGBT) as the booster.
2026-07-21 21:28:16,992 | INFO    | stockm.models.training | training DIVISLAB.NS / linear_regression ...
2026-07-21 21:28:17,007 | INFO    | stockm.models.storage | saved DIVISLAB.NS / linear_regression
2026-07-21 21:28:17,007 | INFO    | stockm.models.training | training DIVISLAB.NS / decision_tree ...
2026-07-21 21:28:17,206 | INFO    | stockm.models.storage | saved DIVISLAB.NS / decision_tree
2026-07-21 21:28:17,206 | INFO    | stockm.models.training | training DIVISLAB.NS / random_forest ...
2026-07-21 21:28:29,479 | INFO    | stockm.models.storage | saved DIVISLAB.NS / random_forest
2026-07-21 21:28:29,479 | INFO    | stockm.models.training | training DIVISLAB.NS / gradient_boosting ...
2026-07-21 21:28:29,748 | INFO    | stockm.models.storage | saved DIVISLAB.NS / gradient_boosting
2026-07-21 21:28:29,769 | INFO    | stockm.models.training | DIVISLAB.NS done | best=gradient_boosting | val_rmse=0.020639 test_rmse=0.016975 dir_acc=0.5067 naive_test_rmse=0.015368
2026-07-21 21:28:29,775 | INFO    | stockm.baseline_runner |   DIVISLAB.NS      best=gradient_boosting  val_rmse=0.020639 test_rmse=0.016975 dir_acc=0.5067 beats_naive=False
2026-07-21 21:28:29,775 | INFO    | stockm.models.training | === Baseline training: DRREDDY.NS (target=target_next_return) ===
2026-07-21 21:28:29,847 | INFO    | stockm.models | xgboost not installed - using gradient_boosting (HistGBT) as the booster.
2026-07-21 21:28:29,848 | INFO    | stockm.models.training | training DRREDDY.NS / linear_regression ...
2026-07-21 21:28:29,863 | INFO    | stockm.models.storage | saved DRREDDY.NS / linear_regression
2026-07-21 21:28:29,863 | INFO    | stockm.models.training | training DRREDDY.NS / decision_tree ...
2026-07-21 21:28:30,137 | INFO    | stockm.models.storage | saved DRREDDY.NS / decision_tree
2026-07-21 21:28:30,137 | INFO    | stockm.models.training | training DRREDDY.NS / random_forest ...
2026-07-21 21:28:43,961 | INFO    | stockm.models.storage | saved DRREDDY.NS / random_forest
2026-07-21 21:28:43,961 | INFO    | stockm.models.training | training DRREDDY.NS / gradient_boosting ...
2026-07-21 21:28:44,254 | INFO    | stockm.models.storage | saved DRREDDY.NS / gradient_boosting
2026-07-21 21:28:44,284 | INFO    | stockm.models.training | DRREDDY.NS done | best=linear_regression | val_rmse=0.016720 test_rmse=0.013959 dir_acc=0.4834 naive_test_rmse=0.013342
2026-07-21 21:28:44,290 | INFO    | stockm.baseline_runner |   DRREDDY.NS       best=linear_regression  val_rmse=0.016720 test_rmse=0.013959 dir_acc=0.4834 beats_naive=False
2026-07-21 21:28:44,290 | INFO    | stockm.models.training | === Baseline training: CIPLA.NS (target=target_next_return) ===
2026-07-21 21:28:44,355 | INFO    | stockm.models | xgboost not installed - using gradient_boosting (HistGBT) as the booster.
2026-07-21 21:28:44,357 | INFO    | stockm.models.training | training CIPLA.NS / linear_regression ...
2026-07-21 21:28:44,371 | INFO    | stockm.models.storage | saved CIPLA.NS / linear_regression
2026-07-21 21:28:44,372 | INFO    | stockm.models.training | training CIPLA.NS / decision_tree ...
2026-07-21 21:28:44,620 | INFO    | stockm.models.storage | saved CIPLA.NS / decision_tree
2026-07-21 21:28:44,620 | INFO    | stockm.models.training | training CIPLA.NS / random_forest ...
2026-07-21 21:28:57,519 | INFO    | stockm.models.storage | saved CIPLA.NS / random_forest
2026-07-21 21:28:57,519 | INFO    | stockm.models.training | training CIPLA.NS / gradient_boosting ...
2026-07-21 21:28:57,823 | INFO    | stockm.models.storage | saved CIPLA.NS / gradient_boosting
2026-07-21 21:28:57,851 | INFO    | stockm.models.training | CIPLA.NS done | best=random_forest | val_rmse=0.016861 test_rmse=0.015526 dir_acc=0.4813 naive_test_rmse=0.014697
2026-07-21 21:28:57,858 | INFO    | stockm.baseline_runner |   CIPLA.NS         best=random_forest      val_rmse=0.016861 test_rmse=0.015526 dir_acc=0.4813 beats_naive=False
2026-07-21 21:28:57,858 | INFO    | stockm.models.training | === Baseline training: ADANIPORTS.NS (target=target_next_return) ===
2026-07-21 21:28:57,925 | INFO    | stockm.models | xgboost not installed - using gradient_boosting (HistGBT) as the booster.
2026-07-21 21:28:57,928 | INFO    | stockm.models.training | training ADANIPORTS.NS / linear_regression ...
2026-07-21 21:28:57,941 | INFO    | stockm.models.storage | saved ADANIPORTS.NS / linear_regression
2026-07-21 21:28:57,941 | INFO    | stockm.models.training | training ADANIPORTS.NS / decision_tree ...
2026-07-21 21:28:58,152 | INFO    | stockm.models.storage | saved ADANIPORTS.NS / decision_tree
2026-07-21 21:28:58,152 | INFO    | stockm.models.training | training ADANIPORTS.NS / random_forest ...
2026-07-21 21:29:08,027 | INFO    | stockm.models.storage | saved ADANIPORTS.NS / random_forest
2026-07-21 21:29:08,027 | INFO    | stockm.models.training | training ADANIPORTS.NS / gradient_boosting ...
2026-07-21 21:29:08,398 | INFO    | stockm.models.storage | saved ADANIPORTS.NS / gradient_boosting
2026-07-21 21:29:08,419 | INFO    | stockm.models.training | ADANIPORTS.NS done | best=random_forest | val_rmse=0.027706 test_rmse=0.022361 dir_acc=0.5148 naive_test_rmse=0.022250
2026-07-21 21:29:08,422 | INFO    | stockm.baseline_runner |   ADANIPORTS.NS    best=random_forest      val_rmse=0.027706 test_rmse=0.022361 dir_acc=0.5148 beats_naive=False
2026-07-21 21:29:08,423 | INFO    | stockm.models.training | === Baseline training: ADANIENT.NS (target=target_next_return) ===
2026-07-21 21:29:08,494 | INFO    | stockm.models | xgboost not installed - using gradient_boosting (HistGBT) as the booster.
2026-07-21 21:29:08,496 | INFO    | stockm.models.training | training ADANIENT.NS / linear_regression ...
2026-07-21 21:29:08,510 | INFO    | stockm.models.storage | saved ADANIENT.NS / linear_regression
2026-07-21 21:29:08,511 | INFO    | stockm.models.training | training ADANIENT.NS / decision_tree ...
2026-07-21 21:29:08,747 | INFO    | stockm.models.storage | saved ADANIENT.NS / decision_tree
2026-07-21 21:29:08,748 | INFO    | stockm.models.training | training ADANIENT.NS / random_forest ...
2026-07-21 21:29:20,052 | INFO    | stockm.models.storage | saved ADANIENT.NS / random_forest
2026-07-21 21:29:20,052 | INFO    | stockm.models.training | training ADANIENT.NS / gradient_boosting ...
2026-07-21 21:29:20,297 | INFO    | stockm.models.storage | saved ADANIENT.NS / gradient_boosting
2026-07-21 21:29:20,321 | INFO    | stockm.models.training | ADANIENT.NS done | best=random_forest | val_rmse=0.041585 test_rmse=0.034389 dir_acc=0.4980 naive_test_rmse=0.024960
2026-07-21 21:29:20,326 | INFO    | stockm.baseline_runner |   ADANIENT.NS      best=random_forest      val_rmse=0.041585 test_rmse=0.034389 dir_acc=0.4980 beats_naive=False
2026-07-21 21:29:20,326 | INFO    | stockm.models.training | === Baseline training: EICHERMOT.NS (target=target_next_return) ===
2026-07-21 21:29:20,396 | INFO    | stockm.models | xgboost not installed - using gradient_boosting (HistGBT) as the booster.
2026-07-21 21:29:20,398 | INFO    | stockm.models.training | training EICHERMOT.NS / linear_regression ...
2026-07-21 21:29:20,411 | INFO    | stockm.models.storage | saved EICHERMOT.NS / linear_regression
2026-07-21 21:29:20,411 | INFO    | stockm.models.training | training EICHERMOT.NS / decision_tree ...
2026-07-21 21:29:20,617 | INFO    | stockm.models.storage | saved EICHERMOT.NS / decision_tree
2026-07-21 21:29:20,617 | INFO    | stockm.models.training | training EICHERMOT.NS / random_forest ...
2026-07-21 21:29:31,278 | INFO    | stockm.models.storage | saved EICHERMOT.NS / random_forest
2026-07-21 21:29:31,278 | INFO    | stockm.models.training | training EICHERMOT.NS / gradient_boosting ...
2026-07-21 21:29:31,514 | INFO    | stockm.models.storage | saved EICHERMOT.NS / gradient_boosting
2026-07-21 21:29:31,541 | INFO    | stockm.models.training | EICHERMOT.NS done | best=linear_regression | val_rmse=0.019678 test_rmse=0.022053 dir_acc=0.4894 naive_test_rmse=0.015953
2026-07-21 21:29:31,545 | INFO    | stockm.baseline_runner |   EICHERMOT.NS     best=linear_regression  val_rmse=0.019678 test_rmse=0.022053 dir_acc=0.4894 beats_naive=False
2026-07-21 21:29:31,545 | INFO    | stockm.models.training | === Baseline training: HEROMOTOCO.NS (target=target_next_return) ===
2026-07-21 21:29:31,611 | INFO    | stockm.models | xgboost not installed - using gradient_boosting (HistGBT) as the booster.
2026-07-21 21:29:31,612 | INFO    | stockm.models.training | training HEROMOTOCO.NS / linear_regression ...
2026-07-21 21:29:31,625 | INFO    | stockm.models.storage | saved HEROMOTOCO.NS / linear_regression
2026-07-21 21:29:31,625 | INFO    | stockm.models.training | training HEROMOTOCO.NS / decision_tree ...
2026-07-21 21:29:31,864 | INFO    | stockm.models.storage | saved HEROMOTOCO.NS / decision_tree
2026-07-21 21:29:31,864 | INFO    | stockm.models.training | training HEROMOTOCO.NS / random_forest ...
2026-07-21 21:29:43,931 | INFO    | stockm.models.storage | saved HEROMOTOCO.NS / random_forest
2026-07-21 21:29:43,931 | INFO    | stockm.models.training | training HEROMOTOCO.NS / gradient_boosting ...
2026-07-21 21:29:44,178 | INFO    | stockm.models.storage | saved HEROMOTOCO.NS / gradient_boosting
2026-07-21 21:29:44,200 | INFO    | stockm.models.training | HEROMOTOCO.NS done | best=linear_regression | val_rmse=0.017699 test_rmse=0.018852 dir_acc=0.5093 naive_test_rmse=0.016360
2026-07-21 21:29:44,205 | INFO    | stockm.baseline_runner |   HEROMOTOCO.NS    best=linear_regression  val_rmse=0.017699 test_rmse=0.018852 dir_acc=0.5093 beats_naive=False
2026-07-21 21:29:44,205 | INFO    | stockm.models.training | === Baseline training: BAJAJ-AUTO.NS (target=target_next_return) ===
2026-07-21 21:29:44,277 | INFO    | stockm.models | xgboost not installed - using gradient_boosting (HistGBT) as the booster.
2026-07-21 21:29:44,279 | INFO    | stockm.models.training | training BAJAJ-AUTO.NS / linear_regression ...
2026-07-21 21:29:44,294 | INFO    | stockm.models.storage | saved BAJAJ-AUTO.NS / linear_regression
2026-07-21 21:29:44,294 | INFO    | stockm.models.training | training BAJAJ-AUTO.NS / decision_tree ...
2026-07-21 21:29:44,566 | INFO    | stockm.models.storage | saved BAJAJ-AUTO.NS / decision_tree
2026-07-21 21:29:44,566 | INFO    | stockm.models.training | training BAJAJ-AUTO.NS / random_forest ...
2026-07-21 21:29:57,090 | INFO    | stockm.models.storage | saved BAJAJ-AUTO.NS / random_forest
2026-07-21 21:29:57,090 | INFO    | stockm.models.training | training BAJAJ-AUTO.NS / gradient_boosting ...
2026-07-21 21:29:57,323 | INFO    | stockm.models.storage | saved BAJAJ-AUTO.NS / gradient_boosting
2026-07-21 21:29:57,345 | INFO    | stockm.models.training | BAJAJ-AUTO.NS done | best=linear_regression | val_rmse=0.016481 test_rmse=0.021074 dir_acc=0.4659 naive_test_rmse=0.015925
2026-07-21 21:29:57,350 | INFO    | stockm.baseline_runner |   BAJAJ-AUTO.NS    best=linear_regression  val_rmse=0.016481 test_rmse=0.021074 dir_acc=0.4659 beats_naive=False
2026-07-21 21:29:57,350 | INFO    | stockm.models.training | === Baseline training: BRITANNIA.NS (target=target_next_return) ===
2026-07-21 21:29:57,413 | INFO    | stockm.models | xgboost not installed - using gradient_boosting (HistGBT) as the booster.
2026-07-21 21:29:57,415 | INFO    | stockm.models.training | training BRITANNIA.NS / linear_regression ...
2026-07-21 21:29:57,429 | INFO    | stockm.models.storage | saved BRITANNIA.NS / linear_regression
2026-07-21 21:29:57,429 | INFO    | stockm.models.training | training BRITANNIA.NS / decision_tree ...
2026-07-21 21:29:57,629 | INFO    | stockm.models.storage | saved BRITANNIA.NS / decision_tree
2026-07-21 21:29:57,629 | INFO    | stockm.models.training | training BRITANNIA.NS / random_forest ...
2026-07-21 21:30:08,484 | INFO    | stockm.models.storage | saved BRITANNIA.NS / random_forest
2026-07-21 21:30:08,484 | INFO    | stockm.models.training | training BRITANNIA.NS / gradient_boosting ...
2026-07-21 21:30:08,736 | INFO    | stockm.models.storage | saved BRITANNIA.NS / gradient_boosting
2026-07-21 21:30:08,757 | INFO    | stockm.models.training | BRITANNIA.NS done | best=linear_regression | val_rmse=0.013625 test_rmse=0.015276 dir_acc=0.5393 naive_test_rmse=0.012471
2026-07-21 21:30:08,763 | INFO    | stockm.baseline_runner |   BRITANNIA.NS     best=linear_regression  val_rmse=0.013625 test_rmse=0.015276 dir_acc=0.5393 beats_naive=False
2026-07-21 21:30:08,763 | INFO    | stockm.models.training | === Baseline training: UPL.NS (target=target_next_return) ===
2026-07-21 21:30:08,828 | INFO    | stockm.models | xgboost not installed - using gradient_boosting (HistGBT) as the booster.
2026-07-21 21:30:08,830 | INFO    | stockm.models.training | training UPL.NS / linear_regression ...
2026-07-21 21:30:08,842 | INFO    | stockm.models.storage | saved UPL.NS / linear_regression
2026-07-21 21:30:08,842 | INFO    | stockm.models.training | training UPL.NS / decision_tree ...
2026-07-21 21:30:09,058 | INFO    | stockm.models.storage | saved UPL.NS / decision_tree
2026-07-21 21:30:09,058 | INFO    | stockm.models.training | training UPL.NS / random_forest ...
2026-07-21 21:30:21,876 | INFO    | stockm.models.storage | saved UPL.NS / random_forest
2026-07-21 21:30:21,876 | INFO    | stockm.models.training | training UPL.NS / gradient_boosting ...
2026-07-21 21:30:22,229 | INFO    | stockm.models.storage | saved UPL.NS / gradient_boosting
2026-07-21 21:30:22,263 | INFO    | stockm.models.training | UPL.NS done | best=random_forest | val_rmse=0.022599 test_rmse=0.019260 dir_acc=0.5159 naive_test_rmse=0.018605
2026-07-21 21:30:22,269 | INFO    | stockm.baseline_runner |   UPL.NS           best=random_forest      val_rmse=0.022599 test_rmse=0.019260 dir_acc=0.5159 beats_naive=False
2026-07-21 21:30:22,269 | INFO    | stockm.models.training | === Baseline training: SHREECEM.NS (target=target_next_return) ===
2026-07-21 21:30:22,347 | INFO    | stockm.models | xgboost not installed - using gradient_boosting (HistGBT) as the booster.
2026-07-21 21:30:22,350 | INFO    | stockm.models.training | training SHREECEM.NS / linear_regression ...
2026-07-21 21:30:22,368 | INFO    | stockm.models.storage | saved SHREECEM.NS / linear_regression
2026-07-21 21:30:22,368 | INFO    | stockm.models.training | training SHREECEM.NS / decision_tree ...
2026-07-21 21:30:22,574 | INFO    | stockm.models.storage | saved SHREECEM.NS / decision_tree
2026-07-21 21:30:22,574 | INFO    | stockm.models.training | training SHREECEM.NS / random_forest ...
2026-07-21 21:30:33,518 | INFO    | stockm.models.storage | saved SHREECEM.NS / random_forest
2026-07-21 21:30:33,519 | INFO    | stockm.models.training | training SHREECEM.NS / gradient_boosting ...
2026-07-21 21:30:33,793 | INFO    | stockm.models.storage | saved SHREECEM.NS / gradient_boosting
2026-07-21 21:30:33,820 | INFO    | stockm.models.training | SHREECEM.NS done | best=linear_regression | val_rmse=0.019008 test_rmse=0.014363 dir_acc=0.5080 naive_test_rmse=0.013971
2026-07-21 21:30:33,826 | INFO    | stockm.baseline_runner |   SHREECEM.NS      best=linear_regression  val_rmse=0.019008 test_rmse=0.014363 dir_acc=0.5080 beats_naive=False
2026-07-21 21:30:33,826 | INFO    | stockm.models.training | === Baseline training: BPCL.NS (target=target_next_return) ===
2026-07-21 21:30:33,899 | INFO    | stockm.models | xgboost not installed - using gradient_boosting (HistGBT) as the booster.
2026-07-21 21:30:33,901 | INFO    | stockm.models.training | training BPCL.NS / linear_regression ...
2026-07-21 21:30:33,914 | INFO    | stockm.models.storage | saved BPCL.NS / linear_regression
2026-07-21 21:30:33,914 | INFO    | stockm.models.training | training BPCL.NS / decision_tree ...
2026-07-21 21:30:34,180 | INFO    | stockm.models.storage | saved BPCL.NS / decision_tree
2026-07-21 21:30:34,180 | INFO    | stockm.models.training | training BPCL.NS / random_forest ...
2026-07-21 21:30:46,357 | INFO    | stockm.models.storage | saved BPCL.NS / random_forest
2026-07-21 21:30:46,358 | INFO    | stockm.models.training | training BPCL.NS / gradient_boosting ...
2026-07-21 21:30:46,657 | INFO    | stockm.models.storage | saved BPCL.NS / gradient_boosting
2026-07-21 21:30:46,679 | INFO    | stockm.models.training | BPCL.NS done | best=random_forest | val_rmse=0.019365 test_rmse=0.021998 dir_acc=0.5087 naive_test_rmse=0.019319
2026-07-21 21:30:46,685 | INFO    | stockm.baseline_runner |   BPCL.NS          best=random_forest      val_rmse=0.019365 test_rmse=0.021998 dir_acc=0.5087 beats_naive=False
2026-07-21 21:30:46,685 | INFO    | stockm.models.training | === Baseline training: TATACONSUM.NS (target=target_next_return) ===
2026-07-21 21:30:46,748 | INFO    | stockm.models | xgboost not installed - using gradient_boosting (HistGBT) as the booster.
2026-07-21 21:30:46,750 | INFO    | stockm.models.training | training TATACONSUM.NS / linear_regression ...
2026-07-21 21:30:46,763 | INFO    | stockm.models.storage | saved TATACONSUM.NS / linear_regression
2026-07-21 21:30:46,763 | INFO    | stockm.models.training | training TATACONSUM.NS / decision_tree ...
2026-07-21 21:30:46,947 | INFO    | stockm.models.storage | saved TATACONSUM.NS / decision_tree
2026-07-21 21:30:46,947 | INFO    | stockm.models.training | training TATACONSUM.NS / random_forest ...
2026-07-21 21:30:58,210 | INFO    | stockm.models.storage | saved TATACONSUM.NS / random_forest
2026-07-21 21:30:58,210 | INFO    | stockm.models.training | training TATACONSUM.NS / gradient_boosting ...
2026-07-21 21:30:58,686 | INFO    | stockm.models.storage | saved TATACONSUM.NS / gradient_boosting
2026-07-21 21:30:58,712 | INFO    | stockm.models.training | TATACONSUM.NS done | best=random_forest | val_rmse=0.018213 test_rmse=0.016711 dir_acc=0.4807 naive_test_rmse=0.014395
2026-07-21 21:30:58,717 | INFO    | stockm.baseline_runner |   TATACONSUM.NS    best=random_forest      val_rmse=0.018213 test_rmse=0.016711 dir_acc=0.4807 beats_naive=False
2026-07-21 21:30:58,718 | INFO    | stockm.models.training | === Baseline training: INDUSINDBK.NS (target=target_next_return) ===
2026-07-21 21:30:58,793 | INFO    | stockm.models | xgboost not installed - using gradient_boosting (HistGBT) as the booster.
2026-07-21 21:30:58,796 | INFO    | stockm.models.training | training INDUSINDBK.NS / linear_regression ...
2026-07-21 21:30:58,812 | INFO    | stockm.models.storage | saved INDUSINDBK.NS / linear_regression
2026-07-21 21:30:58,812 | INFO    | stockm.models.training | training INDUSINDBK.NS / decision_tree ...
2026-07-21 21:30:59,269 | INFO    | stockm.models.storage | saved INDUSINDBK.NS / decision_tree
2026-07-21 21:30:59,269 | INFO    | stockm.models.training | training INDUSINDBK.NS / random_forest ...
2026-07-21 21:31:15,966 | INFO    | stockm.models.storage | saved INDUSINDBK.NS / random_forest
2026-07-21 21:31:15,966 | INFO    | stockm.models.training | training INDUSINDBK.NS / gradient_boosting ...
2026-07-21 21:31:16,236 | INFO    | stockm.models.storage | saved INDUSINDBK.NS / gradient_boosting
2026-07-21 21:31:16,262 | INFO    | stockm.models.training | INDUSINDBK.NS done | best=random_forest | val_rmse=0.028507 test_rmse=0.024169 dir_acc=0.4821 naive_test_rmse=0.022042
2026-07-21 21:31:16,269 | INFO    | stockm.baseline_runner |   INDUSINDBK.NS    best=random_forest      val_rmse=0.028507 test_rmse=0.024169 dir_acc=0.4821 beats_naive=False
2026-07-21 21:31:16,269 | INFO    | stockm.models.training | === Baseline training: SBILIFE.NS (target=target_next_return) ===
2026-07-21 21:31:16,312 | INFO    | stockm.models | xgboost not installed - using gradient_boosting (HistGBT) as the booster.
2026-07-21 21:31:16,315 | INFO    | stockm.models.training | training SBILIFE.NS / linear_regression ...
2026-07-21 21:31:16,327 | INFO    | stockm.models.storage | saved SBILIFE.NS / linear_regression
2026-07-21 21:31:16,327 | INFO    | stockm.models.training | training SBILIFE.NS / decision_tree ...
2026-07-21 21:31:16,401 | INFO    | stockm.models.storage | saved SBILIFE.NS / decision_tree
2026-07-21 21:31:16,401 | INFO    | stockm.models.training | training SBILIFE.NS / random_forest ...
2026-07-21 21:31:19,778 | INFO    | stockm.models.storage | saved SBILIFE.NS / random_forest
2026-07-21 21:31:19,778 | INFO    | stockm.models.training | training SBILIFE.NS / gradient_boosting ...
2026-07-21 21:31:20,036 | INFO    | stockm.models.storage | saved SBILIFE.NS / gradient_boosting
2026-07-21 21:31:20,054 | INFO    | stockm.models.training | SBILIFE.NS done | best=random_forest | val_rmse=0.015849 test_rmse=0.012975 dir_acc=0.5225 naive_test_rmse=0.012243
2026-07-21 21:31:20,055 | INFO    | stockm.baseline_runner |   SBILIFE.NS       best=random_forest      val_rmse=0.015849 test_rmse=0.012975 dir_acc=0.5225 beats_naive=False
2026-07-21 21:31:20,056 | INFO    | stockm.models.training | === Baseline training: HINDALCO.NS (target=target_next_return) ===
2026-07-21 21:31:20,133 | INFO    | stockm.models | xgboost not installed - using gradient_boosting (HistGBT) as the booster.
2026-07-21 21:31:20,135 | INFO    | stockm.models.training | training HINDALCO.NS / linear_regression ...
2026-07-21 21:31:20,149 | INFO    | stockm.models.storage | saved HINDALCO.NS / linear_regression
2026-07-21 21:31:20,149 | INFO    | stockm.models.training | training HINDALCO.NS / decision_tree ...
2026-07-21 21:31:20,418 | INFO    | stockm.models.storage | saved HINDALCO.NS / decision_tree
2026-07-21 21:31:20,418 | INFO    | stockm.models.training | training HINDALCO.NS / random_forest ...
2026-07-21 21:31:33,178 | INFO    | stockm.models.storage | saved HINDALCO.NS / random_forest
2026-07-21 21:31:33,178 | INFO    | stockm.models.training | training HINDALCO.NS / gradient_boosting ...
2026-07-21 21:31:33,543 | INFO    | stockm.models.storage | saved HINDALCO.NS / gradient_boosting
2026-07-21 21:31:33,575 | INFO    | stockm.models.training | HINDALCO.NS done | best=linear_regression | val_rmse=0.029372 test_rmse=0.033498 dir_acc=0.4509 naive_test_rmse=0.018441
2026-07-21 21:31:33,582 | INFO    | stockm.baseline_runner |   HINDALCO.NS      best=linear_regression  val_rmse=0.029372 test_rmse=0.033498 dir_acc=0.4509 beats_naive=False
2026-07-21 21:31:33,583 | INFO    | stockm.models.training | === Baseline training: DABUR.NS (target=target_next_return) ===
2026-07-21 21:31:33,675 | INFO    | stockm.models | xgboost not installed - using gradient_boosting (HistGBT) as the booster.
2026-07-21 21:31:33,678 | INFO    | stockm.models.training | training DABUR.NS / linear_regression ...
2026-07-21 21:31:33,695 | INFO    | stockm.models.storage | saved DABUR.NS / linear_regression
2026-07-21 21:31:33,695 | INFO    | stockm.models.training | training DABUR.NS / decision_tree ...
2026-07-21 21:31:34,044 | INFO    | stockm.models.storage | saved DABUR.NS / decision_tree
2026-07-21 21:31:34,044 | INFO    | stockm.models.training | training DABUR.NS / random_forest ...
2026-07-21 21:31:48,784 | INFO    | stockm.models.storage | saved DABUR.NS / random_forest
2026-07-21 21:31:48,784 | INFO    | stockm.models.training | training DABUR.NS / gradient_boosting ...
2026-07-21 21:31:49,147 | INFO    | stockm.models.storage | saved DABUR.NS / gradient_boosting
2026-07-21 21:31:49,178 | INFO    | stockm.models.training | DABUR.NS done | best=random_forest | val_rmse=0.014512 test_rmse=0.015178 dir_acc=0.4894 naive_test_rmse=0.013424
2026-07-21 21:31:49,185 | INFO    | stockm.baseline_runner |   DABUR.NS         best=random_forest      val_rmse=0.014512 test_rmse=0.015178 dir_acc=0.4894 beats_naive=False
2026-07-21 21:31:49,185 | INFO    | stockm.models.training | === Baseline training: JSPL.NS (target=target_next_return) ===
2026-07-21 21:31:49,264 | INFO    | stockm.models | xgboost not installed - using gradient_boosting (HistGBT) as the booster.
2026-07-21 21:31:49,266 | INFO    | stockm.models.training | training JSPL.NS / linear_regression ...
2026-07-21 21:31:49,282 | INFO    | stockm.models.storage | saved JSPL.NS / linear_regression
2026-07-21 21:31:49,282 | INFO    | stockm.models.training | training JSPL.NS / decision_tree ...
2026-07-21 21:31:49,519 | INFO    | stockm.models.storage | saved JSPL.NS / decision_tree
2026-07-21 21:31:49,519 | INFO    | stockm.models.training | training JSPL.NS / random_forest ...
2026-07-21 21:32:02,666 | INFO    | stockm.models.storage | saved JSPL.NS / random_forest
2026-07-21 21:32:02,667 | INFO    | stockm.models.training | training JSPL.NS / gradient_boosting ...
2026-07-21 21:32:02,952 | INFO    | stockm.models.storage | saved JSPL.NS / gradient_boosting
2026-07-21 21:32:02,979 | INFO    | stockm.models.training | JSPL.NS done | best=linear_regression | val_rmse=0.029707 test_rmse=0.020764 dir_acc=0.4715 naive_test_rmse=0.019543
2026-07-21 21:32:02,985 | INFO    | stockm.baseline_runner |   JSPL.NS          best=linear_regression  val_rmse=0.029707 test_rmse=0.020764 dir_acc=0.4715 beats_naive=False
2026-07-21 21:32:02,986 | INFO    | stockm.baseline_runner | 
=== Global leaderboard (by validation RMSE) ===
2026-07-21 21:32:02,986 | INFO    | stockm.baseline_runner |    1. NESTLEIND.NS     best=linear_regression  val_rmse=0.011907 test_rmse=0.013483 dir_acc=0.5376
2026-07-21 21:32:02,987 | INFO    | stockm.baseline_runner |    2. BRITANNIA.NS     best=linear_regression  val_rmse=0.013625 test_rmse=0.015276 dir_acc=0.5393
2026-07-21 21:32:02,987 | INFO    | stockm.baseline_runner |    3. HINDUNILVR.NS    best=random_forest      val_rmse=0.013955 test_rmse=0.012369 dir_acc=0.5133
2026-07-21 21:32:02,987 | INFO    | stockm.baseline_runner |    4. DABUR.NS         best=random_forest      val_rmse=0.014512 test_rmse=0.015178 dir_acc=0.4894
2026-07-21 21:32:02,987 | INFO    | stockm.baseline_runner |    5. HDFCLIFE.NS      best=linear_regression  val_rmse=0.015232 test_rmse=0.014651 dir_acc=0.4472
2026-07-21 21:32:02,987 | INFO    | stockm.baseline_runner |    6. TCS.NS           best=linear_regression  val_rmse=0.015414 test_rmse=0.017199 dir_acc=0.4734
2026-07-21 21:32:02,987 | INFO    | stockm.baseline_runner |    7. ITC.NS           best=linear_regression  val_rmse=0.015777 test_rmse=0.013552 dir_acc=0.5125
2026-07-21 21:32:02,987 | INFO    | stockm.baseline_runner |    8. SBILIFE.NS       best=random_forest      val_rmse=0.015849 test_rmse=0.012975 dir_acc=0.5225
2026-07-21 21:32:02,987 | INFO    | stockm.baseline_runner |    9. SUNPHARMA.NS     best=random_forest      val_rmse=0.016078 test_rmse=0.015223 dir_acc=0.5033
2026-07-21 21:32:02,987 | INFO    | stockm.baseline_runner |   10. BAJAJ-AUTO.NS    best=linear_regression  val_rmse=0.016481 test_rmse=0.021074 dir_acc=0.4659
2026-07-21 21:32:02,987 | INFO    | stockm.baseline_runner |   11. POWERGRID.NS     best=random_forest      val_rmse=0.016628 test_rmse=0.017067 dir_acc=0.5145
2026-07-21 21:32:02,987 | INFO    | stockm.baseline_runner |   12. DRREDDY.NS       best=linear_regression  val_rmse=0.016720 test_rmse=0.013959 dir_acc=0.4834
2026-07-21 21:32:02,987 | INFO    | stockm.baseline_runner |   13. CIPLA.NS         best=random_forest      val_rmse=0.016861 test_rmse=0.015526 dir_acc=0.4813
2026-07-21 21:32:02,987 | INFO    | stockm.baseline_runner |   14. ASIANPAINT.NS    best=random_forest      val_rmse=0.017028 test_rmse=0.013897 dir_acc=0.4953
2026-07-21 21:32:02,987 | INFO    | stockm.baseline_runner |   15. HDFCBANK.NS      best=random_forest      val_rmse=0.017317 test_rmse=0.013747 dir_acc=0.5033
2026-07-21 21:32:02,987 | INFO    | stockm.baseline_runner |   16. ULTRACEMCO.NS    best=linear_regression  val_rmse=0.017516 test_rmse=0.017743 dir_acc=0.4815
2026-07-21 21:32:02,987 | INFO    | stockm.baseline_runner |   17. MARUTI.NS        best=linear_regression  val_rmse=0.017537 test_rmse=0.016139 dir_acc=0.4841
2026-07-21 21:32:02,987 | INFO    | stockm.baseline_runner |   18. HEROMOTOCO.NS    best=linear_regression  val_rmse=0.017699 test_rmse=0.018852 dir_acc=0.5093
2026-07-21 21:32:02,987 | INFO    | stockm.baseline_runner |   19. INFY.NS          best=linear_regression  val_rmse=0.017870 test_rmse=0.017625 dir_acc=0.4914
2026-07-21 21:32:02,987 | INFO    | stockm.baseline_runner |   20. HCLTECH.NS       best=random_forest      val_rmse=0.017892 test_rmse=0.018192 dir_acc=0.5093
2026-07-21 21:32:02,988 | INFO    | stockm.baseline_runner |   21. RELIANCE.NS      best=random_forest      val_rmse=0.018021 test_rmse=0.014089 dir_acc=0.5265
2026-07-21 21:32:02,988 | INFO    | stockm.baseline_runner |   22. KOTAKBANK.NS     best=random_forest      val_rmse=0.018064 test_rmse=0.014715 dir_acc=0.5232
2026-07-21 21:32:02,988 | INFO    | stockm.baseline_runner |   23. TATACONSUM.NS    best=random_forest      val_rmse=0.018213 test_rmse=0.016711 dir_acc=0.4807
2026-07-21 21:32:02,988 | INFO    | stockm.baseline_runner |   24. BHARTIARTL.NS    best=random_forest      val_rmse=0.018422 test_rmse=0.015740 dir_acc=0.4887
2026-07-21 21:32:02,988 | INFO    | stockm.baseline_runner |   25. GRASIM.NS        best=random_forest      val_rmse=0.018517 test_rmse=0.014827 dir_acc=0.5066
2026-07-21 21:32:02,988 | INFO    | stockm.baseline_runner |   26. LT.NS            best=linear_regression  val_rmse=0.018558 test_rmse=0.062059 dir_acc=0.4861
2026-07-21 21:32:02,988 | INFO    | stockm.baseline_runner |   27. NTPC.NS          best=random_forest      val_rmse=0.018679 test_rmse=0.019329 dir_acc=0.4692
2026-07-21 21:32:02,988 | INFO    | stockm.baseline_runner |   28. SHREECEM.NS      best=linear_regression  val_rmse=0.019008 test_rmse=0.014363 dir_acc=0.5080
2026-07-21 21:32:02,988 | INFO    | stockm.baseline_runner |   29. TITAN.NS         best=linear_regression  val_rmse=0.019265 test_rmse=0.016125 dir_acc=0.5225
2026-07-21 21:32:02,988 | INFO    | stockm.baseline_runner |   30. BPCL.NS          best=random_forest      val_rmse=0.019365 test_rmse=0.021998 dir_acc=0.5087
2026-07-21 21:32:02,988 | INFO    | stockm.baseline_runner |   31. EICHERMOT.NS     best=linear_regression  val_rmse=0.019678 test_rmse=0.022053 dir_acc=0.4894
2026-07-21 21:32:02,988 | INFO    | stockm.baseline_runner |   32. TECHM.NS         best=gradient_boosting  val_rmse=0.020145 test_rmse=0.018410 dir_acc=0.4935
2026-07-21 21:32:02,988 | INFO    | stockm.baseline_runner |   33. WIPRO.NS         best=gradient_boosting  val_rmse=0.020161 test_rmse=0.019102 dir_acc=0.5040
2026-07-21 21:32:02,988 | INFO    | stockm.baseline_runner |   34. COALINDIA.NS     best=random_forest      val_rmse=0.020381 test_rmse=0.018285 dir_acc=0.5037
2026-07-21 21:32:02,988 | INFO    | stockm.baseline_runner |   35. DIVISLAB.NS      best=gradient_boosting  val_rmse=0.020639 test_rmse=0.016975 dir_acc=0.5067
2026-07-21 21:32:02,988 | INFO    | stockm.baseline_runner |   36. SBIN.NS          best=linear_regression  val_rmse=0.021014 test_rmse=0.027517 dir_acc=0.4632
2026-07-21 21:32:02,988 | INFO    | stockm.baseline_runner |   37. M&M.NS           best=random_forest      val_rmse=0.021200 test_rmse=0.023874 dir_acc=0.4761
2026-07-21 21:32:02,988 | INFO    | stockm.baseline_runner |   38. AXISBANK.NS      best=linear_regression  val_rmse=0.021761 test_rmse=0.018192 dir_acc=0.4894
2026-07-21 21:32:02,988 | INFO    | stockm.baseline_runner |   39. ICICIBANK.NS     best=random_forest      val_rmse=0.021811 test_rmse=0.016184 dir_acc=0.4767
2026-07-21 21:32:02,988 | INFO    | stockm.baseline_runner |   40. UPL.NS           best=random_forest      val_rmse=0.022599 test_rmse=0.019260 dir_acc=0.5159
2026-07-21 21:32:02,988 | INFO    | stockm.baseline_runner |   41. Bajajfinsv.NS    best=linear_regression  val_rmse=0.022985 test_rmse=0.016238 dir_acc=0.4768
2026-07-21 21:32:02,989 | INFO    | stockm.baseline_runner |   42. BAJFINANCE.NS    best=random_forest      val_rmse=0.025625 test_rmse=0.020173 dir_acc=0.4887
2026-07-21 21:32:02,989 | INFO    | stockm.baseline_runner |   43. TATASTEEL.NS     best=random_forest      val_rmse=0.027337 test_rmse=0.021893 dir_acc=0.4715
2026-07-21 21:32:02,989 | INFO    | stockm.baseline_runner |   44. ADANIPORTS.NS    best=random_forest      val_rmse=0.027706 test_rmse=0.022361 dir_acc=0.5148
2026-07-21 21:32:02,989 | INFO    | stockm.baseline_runner |   45. ONGC.NS          best=gradient_boosting  val_rmse=0.027928 test_rmse=0.024343 dir_acc=0.5113
2026-07-21 21:32:02,989 | INFO    | stockm.baseline_runner |   46. INDUSINDBK.NS    best=random_forest      val_rmse=0.028507 test_rmse=0.024169 dir_acc=0.4821
2026-07-21 21:32:02,989 | INFO    | stockm.baseline_runner |   47. HINDALCO.NS      best=linear_regression  val_rmse=0.029372 test_rmse=0.033498 dir_acc=0.4509
2026-07-21 21:32:02,989 | INFO    | stockm.baseline_runner |   48. JSPL.NS          best=linear_regression  val_rmse=0.029707 test_rmse=0.020764 dir_acc=0.4715
2026-07-21 21:32:02,989 | INFO    | stockm.baseline_runner |   49. JSWSTEEL.NS      best=gradient_boosting  val_rmse=0.029991 test_rmse=0.023100 dir_acc=0.4867
2026-07-21 21:32:02,989 | INFO    | stockm.baseline_runner |   50. ADANIENT.NS      best=random_forest      val_rmse=0.041585 test_rmse=0.034389 dir_acc=0.4980
2026-07-21 21:32:02,989 | INFO    | stockm.baseline_runner | 
Done. 50/51 succeeded | 1 failure(s).
2026-07-21 21:32:02,989 | INFO    | stockm.baseline_runner |   FAILED TATAMOTORS.NS: Prepared train not found for TATAMOTORS.NS: C:\stockM\data\prepared\TATAMOTORS_NS\train.csv. Run the EDA pipeline first (src/run_eda_pipeline.py).
2026-08-02 10:54:09,320 | INFO    | stockm.baseline_runner | Baseline run | models=['linear_regression', 'ridge', 'decision_tree', 'random_forest', 'gradient_boosting', 'xgboost', 'lightgbm'] | target=target_next_return
2026-08-02 10:54:09,321 | INFO    | stockm.baseline_runner | Training 51 ticker(s)...
2026-08-02 10:54:09,321 | INFO    | stockm.models.training | === Baseline training: RELIANCE.NS (target=target_next_return) ===
2026-08-02 10:54:09,385 | INFO    | stockm.models.training | training RELIANCE.NS / linear_regression ...
2026-08-02 10:54:09,413 | INFO    | stockm.models.storage | saved RELIANCE.NS / linear_regression
2026-08-02 10:54:09,414 | INFO    | stockm.models.training | training RELIANCE.NS / ridge ...
2026-08-02 10:54:09,432 | INFO    | stockm.models.storage | saved RELIANCE.NS / ridge
2026-08-02 10:54:09,432 | INFO    | stockm.models.training | training RELIANCE.NS / decision_tree ...
2026-08-02 10:54:09,695 | INFO    | stockm.models.storage | saved RELIANCE.NS / decision_tree
2026-08-02 10:54:09,695 | INFO    | stockm.models.training | training RELIANCE.NS / random_forest ...
2026-08-02 10:54:22,427 | INFO    | stockm.models.storage | saved RELIANCE.NS / random_forest
2026-08-02 10:54:22,428 | INFO    | stockm.models.training | training RELIANCE.NS / gradient_boosting ...
2026-08-02 10:54:25,220 | INFO    | stockm.models.storage | saved RELIANCE.NS / gradient_boosting
2026-08-02 10:54:25,220 | INFO    | stockm.models.training | training RELIANCE.NS / xgboost ...
2026-08-02 10:54:25,727 | INFO    | stockm.models.storage | saved RELIANCE.NS / xgboost
2026-08-02 10:54:25,727 | INFO    | stockm.models.training | training RELIANCE.NS / lightgbm ...
2026-08-02 10:54:25,853 | INFO    | stockm.models.storage | saved RELIANCE.NS / lightgbm
2026-08-02 10:54:25,881 | INFO    | stockm.models.training | RELIANCE.NS done | best=random_forest | val_rmse=0.018006 test_rmse=0.014038 dir_acc=0.5106 naive_test_rmse=0.013040
2026-08-02 10:54:25,886 | INFO    | stockm.baseline_runner |   RELIANCE.NS      best=random_forest      val_rmse=0.018006 test_rmse=0.014038 dir_acc=0.5106 beats_naive=False
2026-08-02 10:54:25,886 | INFO    | stockm.models.training | === Baseline training: HDFCBANK.NS (target=target_next_return) ===
2026-08-02 10:54:25,953 | INFO    | stockm.models.training | training HDFCBANK.NS / linear_regression ...
2026-08-02 10:54:25,966 | INFO    | stockm.models.storage | saved HDFCBANK.NS / linear_regression
2026-08-02 10:54:25,966 | INFO    | stockm.models.training | training HDFCBANK.NS / ridge ...
2026-08-02 10:54:25,978 | INFO    | stockm.models.storage | saved HDFCBANK.NS / ridge
2026-08-02 10:54:25,979 | INFO    | stockm.models.training | training HDFCBANK.NS / decision_tree ...
2026-08-02 10:54:26,227 | INFO    | stockm.models.storage | saved HDFCBANK.NS / decision_tree
2026-08-02 10:54:26,227 | INFO    | stockm.models.training | training HDFCBANK.NS / random_forest ...
2026-08-02 10:54:41,425 | INFO    | stockm.models.storage | saved HDFCBANK.NS / random_forest
2026-08-02 10:54:41,426 | INFO    | stockm.models.training | training HDFCBANK.NS / gradient_boosting ...
2026-08-02 10:54:41,660 | INFO    | stockm.models.storage | saved HDFCBANK.NS / gradient_boosting
2026-08-02 10:54:41,660 | INFO    | stockm.models.training | training HDFCBANK.NS / xgboost ...
2026-08-02 10:54:41,900 | INFO    | stockm.models.storage | saved HDFCBANK.NS / xgboost
2026-08-02 10:54:41,900 | INFO    | stockm.models.training | training HDFCBANK.NS / lightgbm ...
2026-08-02 10:54:42,005 | INFO    | stockm.models.storage | saved HDFCBANK.NS / lightgbm
2026-08-02 10:54:42,028 | INFO    | stockm.models.training | HDFCBANK.NS done | best=random_forest | val_rmse=0.017141 test_rmse=0.013626 dir_acc=0.5007 naive_test_rmse=0.012512
2026-08-02 10:54:42,032 | INFO    | stockm.baseline_runner |   HDFCBANK.NS      best=random_forest      val_rmse=0.017141 test_rmse=0.013626 dir_acc=0.5007 beats_naive=False
2026-08-02 10:54:42,033 | INFO    | stockm.models.training | === Baseline training: INFY.NS (target=target_next_return) ===
2026-08-02 10:54:42,095 | INFO    | stockm.models.training | training INFY.NS / linear_regression ...
2026-08-02 10:54:42,109 | INFO    | stockm.models.storage | saved INFY.NS / linear_regression
2026-08-02 10:54:42,109 | INFO    | stockm.models.training | training INFY.NS / ridge ...
2026-08-02 10:54:42,120 | INFO    | stockm.models.storage | saved INFY.NS / ridge
2026-08-02 10:54:42,120 | INFO    | stockm.models.training | training INFY.NS / decision_tree ...
2026-08-02 10:54:42,407 | INFO    | stockm.models.storage | saved INFY.NS / decision_tree
2026-08-02 10:54:42,407 | INFO    | stockm.models.training | training INFY.NS / random_forest ...
2026-08-02 10:54:54,575 | INFO    | stockm.models.storage | saved INFY.NS / random_forest
2026-08-02 10:54:54,575 | INFO    | stockm.models.training | training INFY.NS / gradient_boosting ...
2026-08-02 10:54:54,825 | INFO    | stockm.models.storage | saved INFY.NS / gradient_boosting
2026-08-02 10:54:54,825 | INFO    | stockm.models.training | training INFY.NS / xgboost ...
2026-08-02 10:54:55,068 | INFO    | stockm.models.storage | saved INFY.NS / xgboost
2026-08-02 10:54:55,069 | INFO    | stockm.models.training | training INFY.NS / lightgbm ...
2026-08-02 10:54:55,175 | INFO    | stockm.models.storage | saved INFY.NS / lightgbm
2026-08-02 10:54:55,201 | INFO    | stockm.models.training | INFY.NS done | best=ridge | val_rmse=0.017860 test_rmse=0.017613 dir_acc=0.4941 naive_test_rmse=0.016081
2026-08-02 10:54:55,207 | INFO    | stockm.baseline_runner |   INFY.NS          best=ridge              val_rmse=0.017860 test_rmse=0.017613 dir_acc=0.4941 beats_naive=False
2026-08-02 10:54:55,207 | INFO    | stockm.models.training | === Baseline training: ICICIBANK.NS (target=target_next_return) ===
2026-08-02 10:54:55,274 | INFO    | stockm.models.training | training ICICIBANK.NS / linear_regression ...
2026-08-02 10:54:55,287 | INFO    | stockm.models.storage | saved ICICIBANK.NS / linear_regression
2026-08-02 10:54:55,287 | INFO    | stockm.models.training | training ICICIBANK.NS / ridge ...
2026-08-02 10:54:55,298 | INFO    | stockm.models.storage | saved ICICIBANK.NS / ridge
2026-08-02 10:54:55,298 | INFO    | stockm.models.training | training ICICIBANK.NS / decision_tree ...
2026-08-02 10:54:55,591 | INFO    | stockm.models.storage | saved ICICIBANK.NS / decision_tree
2026-08-02 10:54:55,592 | INFO    | stockm.models.training | training ICICIBANK.NS / random_forest ...
2026-08-02 10:55:09,095 | INFO    | stockm.models.storage | saved ICICIBANK.NS / random_forest
2026-08-02 10:55:09,096 | INFO    | stockm.models.training | training ICICIBANK.NS / gradient_boosting ...
2026-08-02 10:55:09,336 | INFO    | stockm.models.storage | saved ICICIBANK.NS / gradient_boosting
2026-08-02 10:55:09,336 | INFO    | stockm.models.training | training ICICIBANK.NS / xgboost ...
2026-08-02 10:55:09,562 | INFO    | stockm.models.storage | saved ICICIBANK.NS / xgboost
2026-08-02 10:55:09,562 | INFO    | stockm.models.training | training ICICIBANK.NS / lightgbm ...
2026-08-02 10:55:09,662 | INFO    | stockm.models.storage | saved ICICIBANK.NS / lightgbm
2026-08-02 10:55:09,690 | INFO    | stockm.models.training | ICICIBANK.NS done | best=random_forest | val_rmse=0.021121 test_rmse=0.015742 dir_acc=0.4980 naive_test_rmse=0.011724
2026-08-02 10:55:09,697 | INFO    | stockm.baseline_runner |   ICICIBANK.NS     best=random_forest      val_rmse=0.021121 test_rmse=0.015742 dir_acc=0.4980 beats_naive=False
2026-08-02 10:55:09,698 | INFO    | stockm.models.training | === Baseline training: TCS.NS (target=target_next_return) ===
2026-08-02 10:55:09,769 | INFO    | stockm.models.training | training TCS.NS / linear_regression ...
2026-08-02 10:55:09,784 | INFO    | stockm.models.storage | saved TCS.NS / linear_regression
2026-08-02 10:55:09,785 | INFO    | stockm.models.training | training TCS.NS / ridge ...
2026-08-02 10:55:09,796 | INFO    | stockm.models.storage | saved TCS.NS / ridge
2026-08-02 10:55:09,796 | INFO    | stockm.models.training | training TCS.NS / decision_tree ...
2026-08-02 10:55:10,029 | INFO    | stockm.models.storage | saved TCS.NS / decision_tree
2026-08-02 10:55:10,029 | INFO    | stockm.models.training | training TCS.NS / random_forest ...
2026-08-02 10:55:22,828 | INFO    | stockm.models.storage | saved TCS.NS / random_forest
2026-08-02 10:55:22,828 | INFO    | stockm.models.training | training TCS.NS / gradient_boosting ...
2026-08-02 10:55:23,077 | INFO    | stockm.models.storage | saved TCS.NS / gradient_boosting
2026-08-02 10:55:23,077 | INFO    | stockm.models.training | training TCS.NS / xgboost ...
2026-08-02 10:55:23,307 | INFO    | stockm.models.storage | saved TCS.NS / xgboost
2026-08-02 10:55:23,307 | INFO    | stockm.models.training | training TCS.NS / lightgbm ...
2026-08-02 10:55:23,416 | INFO    | stockm.models.storage | saved TCS.NS / lightgbm
2026-08-02 10:55:23,438 | INFO    | stockm.models.training | TCS.NS done | best=ridge | val_rmse=0.015405 test_rmse=0.017176 dir_acc=0.4721 naive_test_rmse=0.014056
2026-08-02 10:55:23,444 | INFO    | stockm.baseline_runner |   TCS.NS           best=ridge              val_rmse=0.015405 test_rmse=0.017176 dir_acc=0.4721 beats_naive=False
2026-08-02 10:55:23,444 | INFO    | stockm.models.training | === Baseline training: BHARTIARTL.NS (target=target_next_return) ===
2026-08-02 10:55:23,504 | INFO    | stockm.models.training | training BHARTIARTL.NS / linear_regression ...
2026-08-02 10:55:23,518 | INFO    | stockm.models.storage | saved BHARTIARTL.NS / linear_regression
2026-08-02 10:55:23,518 | INFO    | stockm.models.training | training BHARTIARTL.NS / ridge ...
2026-08-02 10:55:23,530 | INFO    | stockm.models.storage | saved BHARTIARTL.NS / ridge
2026-08-02 10:55:23,530 | INFO    | stockm.models.training | training BHARTIARTL.NS / decision_tree ...
2026-08-02 10:55:23,782 | INFO    | stockm.models.storage | saved BHARTIARTL.NS / decision_tree
2026-08-02 10:55:23,782 | INFO    | stockm.models.training | training BHARTIARTL.NS / random_forest ...
2026-08-02 10:55:35,730 | INFO    | stockm.models.storage | saved BHARTIARTL.NS / random_forest
2026-08-02 10:55:35,730 | INFO    | stockm.models.training | training BHARTIARTL.NS / gradient_boosting ...
2026-08-02 10:55:36,002 | INFO    | stockm.models.storage | saved BHARTIARTL.NS / gradient_boosting
2026-08-02 10:55:36,003 | INFO    | stockm.models.training | training BHARTIARTL.NS / xgboost ...
2026-08-02 10:55:36,238 | INFO    | stockm.models.storage | saved BHARTIARTL.NS / xgboost
2026-08-02 10:55:36,239 | INFO    | stockm.models.training | training BHARTIARTL.NS / lightgbm ...
2026-08-02 10:55:36,350 | INFO    | stockm.models.storage | saved BHARTIARTL.NS / lightgbm
2026-08-02 10:55:36,376 | INFO    | stockm.models.training | BHARTIARTL.NS done | best=ridge | val_rmse=0.018771 test_rmse=0.026094 dir_acc=0.4660 naive_test_rmse=0.013033
2026-08-02 10:55:36,383 | INFO    | stockm.baseline_runner |   BHARTIARTL.NS    best=ridge              val_rmse=0.018771 test_rmse=0.026094 dir_acc=0.4660 beats_naive=False
2026-08-02 10:55:36,384 | INFO    | stockm.models.training | === Baseline training: SBIN.NS (target=target_next_return) ===
2026-08-02 10:55:36,448 | INFO    | stockm.models.training | training SBIN.NS / linear_regression ...
2026-08-02 10:55:36,461 | INFO    | stockm.models.storage | saved SBIN.NS / linear_regression
2026-08-02 10:55:36,462 | INFO    | stockm.models.training | training SBIN.NS / ridge ...
2026-08-02 10:55:36,472 | INFO    | stockm.models.storage | saved SBIN.NS / ridge
2026-08-02 10:55:36,473 | INFO    | stockm.models.training | training SBIN.NS / decision_tree ...
2026-08-02 10:55:36,669 | INFO    | stockm.models.storage | saved SBIN.NS / decision_tree
2026-08-02 10:55:36,669 | INFO    | stockm.models.training | training SBIN.NS / random_forest ...
2026-08-02 10:55:48,560 | INFO    | stockm.models.storage | saved SBIN.NS / random_forest
2026-08-02 10:55:48,560 | INFO    | stockm.models.training | training SBIN.NS / gradient_boosting ...
2026-08-02 10:55:48,812 | INFO    | stockm.models.storage | saved SBIN.NS / gradient_boosting
2026-08-02 10:55:48,813 | INFO    | stockm.models.training | training SBIN.NS / xgboost ...
2026-08-02 10:55:49,044 | INFO    | stockm.models.storage | saved SBIN.NS / xgboost
2026-08-02 10:55:49,044 | INFO    | stockm.models.training | training SBIN.NS / lightgbm ...
2026-08-02 10:55:49,150 | INFO    | stockm.models.storage | saved SBIN.NS / lightgbm
2026-08-02 10:55:49,174 | INFO    | stockm.models.training | SBIN.NS done | best=ridge | val_rmse=0.021013 test_rmse=0.027478 dir_acc=0.4632 naive_test_rmse=0.015293
2026-08-02 10:55:49,181 | INFO    | stockm.baseline_runner |   SBIN.NS          best=ridge              val_rmse=0.021013 test_rmse=0.027478 dir_acc=0.4632 beats_naive=False
2026-08-02 10:55:49,182 | INFO    | stockm.models.training | === Baseline training: LT.NS (target=target_next_return) ===
2026-08-02 10:55:49,240 | INFO    | stockm.models.training | training LT.NS / linear_regression ...
2026-08-02 10:55:49,254 | INFO    | stockm.models.storage | saved LT.NS / linear_regression
2026-08-02 10:55:49,254 | INFO    | stockm.models.training | training LT.NS / ridge ...
2026-08-02 10:55:49,264 | INFO    | stockm.models.storage | saved LT.NS / ridge
2026-08-02 10:55:49,265 | INFO    | stockm.models.training | training LT.NS / decision_tree ...
2026-08-02 10:55:49,521 | INFO    | stockm.models.storage | saved LT.NS / decision_tree
2026-08-02 10:55:49,521 | INFO    | stockm.models.training | training LT.NS / random_forest ...
2026-08-02 10:56:02,442 | INFO    | stockm.models.storage | saved LT.NS / random_forest
2026-08-02 10:56:02,442 | INFO    | stockm.models.training | training LT.NS / gradient_boosting ...
2026-08-02 10:56:02,771 | INFO    | stockm.models.storage | saved LT.NS / gradient_boosting
2026-08-02 10:56:02,772 | INFO    | stockm.models.training | training LT.NS / xgboost ...
2026-08-02 10:56:03,117 | INFO    | stockm.models.storage | saved LT.NS / xgboost
2026-08-02 10:56:03,117 | INFO    | stockm.models.training | training LT.NS / lightgbm ...
2026-08-02 10:56:03,335 | INFO    | stockm.models.storage | saved LT.NS / lightgbm
2026-08-02 10:56:03,371 | INFO    | stockm.models.training | LT.NS done | best=ridge | val_rmse=0.018553 test_rmse=0.061885 dir_acc=0.4861 naive_test_rmse=0.015979
2026-08-02 10:56:03,382 | INFO    | stockm.baseline_runner |   LT.NS            best=ridge              val_rmse=0.018553 test_rmse=0.061885 dir_acc=0.4861 beats_naive=False
2026-08-02 10:56:03,382 | INFO    | stockm.models.training | === Baseline training: ITC.NS (target=target_next_return) ===
2026-08-02 10:56:03,470 | INFO    | stockm.models.training | training ITC.NS / linear_regression ...
2026-08-02 10:56:03,487 | INFO    | stockm.models.storage | saved ITC.NS / linear_regression
2026-08-02 10:56:03,488 | INFO    | stockm.models.training | training ITC.NS / ridge ...
2026-08-02 10:56:03,501 | INFO    | stockm.models.storage | saved ITC.NS / ridge
2026-08-02 10:56:03,501 | INFO    | stockm.models.training | training ITC.NS / decision_tree ...
2026-08-02 10:56:03,779 | INFO    | stockm.models.storage | saved ITC.NS / decision_tree
2026-08-02 10:56:03,780 | INFO    | stockm.models.training | training ITC.NS / random_forest ...
2026-08-02 10:56:17,175 | INFO    | stockm.models.storage | saved ITC.NS / random_forest
2026-08-02 10:56:17,175 | INFO    | stockm.models.training | training ITC.NS / gradient_boosting ...
2026-08-02 10:56:17,471 | INFO    | stockm.models.storage | saved ITC.NS / gradient_boosting
2026-08-02 10:56:17,471 | INFO    | stockm.models.training | training ITC.NS / xgboost ...
2026-08-02 10:56:17,705 | INFO    | stockm.models.storage | saved ITC.NS / xgboost
2026-08-02 10:56:17,705 | INFO    | stockm.models.training | training ITC.NS / lightgbm ...
2026-08-02 10:56:17,816 | INFO    | stockm.models.storage | saved ITC.NS / lightgbm
2026-08-02 10:56:17,841 | INFO    | stockm.models.training | ITC.NS done | best=linear_regression | val_rmse=0.015777 test_rmse=0.013552 dir_acc=0.5125 naive_test_rmse=0.011642
2026-08-02 10:56:17,849 | INFO    | stockm.baseline_runner |   ITC.NS           best=linear_regression  val_rmse=0.015777 test_rmse=0.013552 dir_acc=0.5125 beats_naive=False
2026-08-02 10:56:17,849 | INFO    | stockm.models.training | === Baseline training: AXISBANK.NS (target=target_next_return) ===
2026-08-02 10:56:17,911 | INFO    | stockm.models.training | training AXISBANK.NS / linear_regression ...
2026-08-02 10:56:17,924 | INFO    | stockm.models.storage | saved AXISBANK.NS / linear_regression
2026-08-02 10:56:17,924 | INFO    | stockm.models.training | training AXISBANK.NS / ridge ...
2026-08-02 10:56:17,935 | INFO    | stockm.models.storage | saved AXISBANK.NS / ridge
2026-08-02 10:56:17,935 | INFO    | stockm.models.training | training AXISBANK.NS / decision_tree ...
2026-08-02 10:56:18,235 | INFO    | stockm.models.storage | saved AXISBANK.NS / decision_tree
2026-08-02 10:56:18,235 | INFO    | stockm.models.training | training AXISBANK.NS / random_forest ...
2026-08-02 10:56:32,651 | INFO    | stockm.models.storage | saved AXISBANK.NS / random_forest
2026-08-02 10:56:32,651 | INFO    | stockm.models.training | training AXISBANK.NS / gradient_boosting ...
2026-08-02 10:56:32,930 | INFO    | stockm.models.storage | saved AXISBANK.NS / gradient_boosting
2026-08-02 10:56:32,930 | INFO    | stockm.models.training | training AXISBANK.NS / xgboost ...
2026-08-02 10:56:33,166 | INFO    | stockm.models.storage | saved AXISBANK.NS / xgboost
2026-08-02 10:56:33,166 | INFO    | stockm.models.training | training AXISBANK.NS / lightgbm ...
2026-08-02 10:56:33,284 | INFO    | stockm.models.storage | saved AXISBANK.NS / lightgbm
2026-08-02 10:56:33,312 | INFO    | stockm.models.training | AXISBANK.NS done | best=ridge | val_rmse=0.021833 test_rmse=0.018249 dir_acc=0.4894 naive_test_rmse=0.014591
2026-08-02 10:56:33,320 | INFO    | stockm.baseline_runner |   AXISBANK.NS      best=ridge              val_rmse=0.021833 test_rmse=0.018249 dir_acc=0.4894 beats_naive=False
2026-08-02 10:56:33,321 | INFO    | stockm.models.training | === Baseline training: KOTAKBANK.NS (target=target_next_return) ===
2026-08-02 10:56:33,393 | INFO    | stockm.models.training | training KOTAKBANK.NS / linear_regression ...
2026-08-02 10:56:33,407 | INFO    | stockm.models.storage | saved KOTAKBANK.NS / linear_regression
2026-08-02 10:56:33,407 | INFO    | stockm.models.training | training KOTAKBANK.NS / ridge ...
2026-08-02 10:56:33,419 | INFO    | stockm.models.storage | saved KOTAKBANK.NS / ridge
2026-08-02 10:56:33,419 | INFO    | stockm.models.training | training KOTAKBANK.NS / decision_tree ...
2026-08-02 10:56:33,789 | INFO    | stockm.models.storage | saved KOTAKBANK.NS / decision_tree
2026-08-02 10:56:33,789 | INFO    | stockm.models.training | training KOTAKBANK.NS / random_forest ...
2026-08-02 10:56:51,287 | INFO    | stockm.models.storage | saved KOTAKBANK.NS / random_forest
2026-08-02 10:56:51,288 | INFO    | stockm.models.training | training KOTAKBANK.NS / gradient_boosting ...
2026-08-02 10:56:51,547 | INFO    | stockm.models.storage | saved KOTAKBANK.NS / gradient_boosting
2026-08-02 10:56:51,548 | INFO    | stockm.models.training | training KOTAKBANK.NS / xgboost ...
2026-08-02 10:56:51,830 | INFO    | stockm.models.storage | saved KOTAKBANK.NS / xgboost
2026-08-02 10:56:51,830 | INFO    | stockm.models.training | training KOTAKBANK.NS / lightgbm ...
2026-08-02 10:56:51,937 | INFO    | stockm.models.storage | saved KOTAKBANK.NS / lightgbm
2026-08-02 10:56:51,960 | INFO    | stockm.models.training | KOTAKBANK.NS done | best=random_forest | val_rmse=0.018243 test_rmse=0.014612 dir_acc=0.5232 naive_test_rmse=0.013977
2026-08-02 10:56:51,966 | INFO    | stockm.baseline_runner |   KOTAKBANK.NS     best=random_forest      val_rmse=0.018243 test_rmse=0.014612 dir_acc=0.5232 beats_naive=False
2026-08-02 10:56:51,967 | INFO    | stockm.models.training | === Baseline training: HINDUNILVR.NS (target=target_next_return) ===
2026-08-02 10:56:52,034 | INFO    | stockm.models.training | training HINDUNILVR.NS / linear_regression ...
2026-08-02 10:56:52,047 | INFO    | stockm.models.storage | saved HINDUNILVR.NS / linear_regression
2026-08-02 10:56:52,047 | INFO    | stockm.models.training | training HINDUNILVR.NS / ridge ...
2026-08-02 10:56:52,059 | INFO    | stockm.models.storage | saved HINDUNILVR.NS / ridge
2026-08-02 10:56:52,059 | INFO    | stockm.models.training | training HINDUNILVR.NS / decision_tree ...
2026-08-02 10:56:52,402 | INFO    | stockm.models.storage | saved HINDUNILVR.NS / decision_tree
2026-08-02 10:56:52,403 | INFO    | stockm.models.training | training HINDUNILVR.NS / random_forest ...
2026-08-02 10:57:06,394 | INFO    | stockm.models.storage | saved HINDUNILVR.NS / random_forest
2026-08-02 10:57:06,394 | INFO    | stockm.models.training | training HINDUNILVR.NS / gradient_boosting ...
2026-08-02 10:57:06,640 | INFO    | stockm.models.storage | saved HINDUNILVR.NS / gradient_boosting
2026-08-02 10:57:06,640 | INFO    | stockm.models.training | training HINDUNILVR.NS / xgboost ...
2026-08-02 10:57:06,871 | INFO    | stockm.models.storage | saved HINDUNILVR.NS / xgboost
2026-08-02 10:57:06,871 | INFO    | stockm.models.training | training HINDUNILVR.NS / lightgbm ...
2026-08-02 10:57:06,972 | INFO    | stockm.models.storage | saved HINDUNILVR.NS / lightgbm
2026-08-02 10:57:06,996 | INFO    | stockm.models.training | HINDUNILVR.NS done | best=random_forest | val_rmse=0.014300 test_rmse=0.012686 dir_acc=0.5312 naive_test_rmse=0.012056
2026-08-02 10:57:07,003 | INFO    | stockm.baseline_runner |   HINDUNILVR.NS    best=random_forest      val_rmse=0.014300 test_rmse=0.012686 dir_acc=0.5312 beats_naive=False
2026-08-02 10:57:07,003 | INFO    | stockm.models.training | === Baseline training: Bajajfinsv.NS (target=target_next_return) ===
2026-08-02 10:57:07,070 | INFO    | stockm.models.training | training Bajajfinsv.NS / linear_regression ...
2026-08-02 10:57:07,083 | INFO    | stockm.models.storage | saved Bajajfinsv.NS / linear_regression
2026-08-02 10:57:07,083 | INFO    | stockm.models.training | training Bajajfinsv.NS / ridge ...
2026-08-02 10:57:07,096 | INFO    | stockm.models.storage | saved Bajajfinsv.NS / ridge
2026-08-02 10:57:07,096 | INFO    | stockm.models.training | training Bajajfinsv.NS / decision_tree ...
2026-08-02 10:57:07,337 | INFO    | stockm.models.storage | saved Bajajfinsv.NS / decision_tree
2026-08-02 10:57:07,337 | INFO    | stockm.models.training | training Bajajfinsv.NS / random_forest ...
2026-08-02 10:57:20,578 | INFO    | stockm.models.storage | saved Bajajfinsv.NS / random_forest
2026-08-02 10:57:20,578 | INFO    | stockm.models.training | training Bajajfinsv.NS / gradient_boosting ...
2026-08-02 10:57:20,863 | INFO    | stockm.models.storage | saved Bajajfinsv.NS / gradient_boosting
2026-08-02 10:57:20,864 | INFO    | stockm.models.training | training Bajajfinsv.NS / xgboost ...
2026-08-02 10:57:21,160 | INFO    | stockm.models.storage | saved Bajajfinsv.NS / xgboost
2026-08-02 10:57:21,161 | INFO    | stockm.models.training | training Bajajfinsv.NS / lightgbm ...
2026-08-02 10:57:21,276 | INFO    | stockm.models.storage | saved Bajajfinsv.NS / lightgbm
2026-08-02 10:57:21,319 | INFO    | stockm.models.training | Bajajfinsv.NS done | best=linear_regression | val_rmse=0.022985 test_rmse=0.016238 dir_acc=0.4768 naive_test_rmse=0.014660
2026-08-02 10:57:21,327 | INFO    | stockm.baseline_runner |   Bajajfinsv.NS    best=linear_regression  val_rmse=0.022985 test_rmse=0.016238 dir_acc=0.4768 beats_naive=False
2026-08-02 10:57:21,327 | INFO    | stockm.models.training | === Baseline training: BAJFINANCE.NS (target=target_next_return) ===
2026-08-02 10:57:21,411 | INFO    | stockm.models.training | training BAJFINANCE.NS / linear_regression ...
2026-08-02 10:57:21,429 | INFO    | stockm.models.storage | saved BAJFINANCE.NS / linear_regression
2026-08-02 10:57:21,429 | INFO    | stockm.models.training | training BAJFINANCE.NS / ridge ...
2026-08-02 10:57:21,442 | INFO    | stockm.models.storage | saved BAJFINANCE.NS / ridge
2026-08-02 10:57:21,443 | INFO    | stockm.models.training | training BAJFINANCE.NS / decision_tree ...
2026-08-02 10:57:21,746 | INFO    | stockm.models.storage | saved BAJFINANCE.NS / decision_tree
2026-08-02 10:57:21,747 | INFO    | stockm.models.training | training BAJFINANCE.NS / random_forest ...
2026-08-02 10:57:44,677 | INFO    | stockm.models.storage | saved BAJFINANCE.NS / random_forest
2026-08-02 10:57:44,678 | INFO    | stockm.models.training | training BAJFINANCE.NS / gradient_boosting ...
2026-08-02 10:57:45,193 | INFO    | stockm.models.storage | saved BAJFINANCE.NS / gradient_boosting
2026-08-02 10:57:45,193 | INFO    | stockm.models.training | training BAJFINANCE.NS / xgboost ...
2026-08-02 10:57:45,550 | INFO    | stockm.models.storage | saved BAJFINANCE.NS / xgboost
2026-08-02 10:57:45,550 | INFO    | stockm.models.training | training BAJFINANCE.NS / lightgbm ...
2026-08-02 10:57:45,735 | INFO    | stockm.models.storage | saved BAJFINANCE.NS / lightgbm
2026-08-02 10:57:45,781 | INFO    | stockm.models.training | BAJFINANCE.NS done | best=random_forest | val_rmse=0.025632 test_rmse=0.020726 dir_acc=0.4820 naive_test_rmse=0.016723
2026-08-02 10:57:45,791 | INFO    | stockm.baseline_runner |   BAJFINANCE.NS    best=random_forest      val_rmse=0.025632 test_rmse=0.020726 dir_acc=0.4820 beats_naive=False
2026-08-02 10:57:45,791 | INFO    | stockm.models.training | === Baseline training: MARUTI.NS (target=target_next_return) ===
2026-08-02 10:57:45,897 | INFO    | stockm.models.training | training MARUTI.NS / linear_regression ...
2026-08-02 10:57:45,923 | INFO    | stockm.models.storage | saved MARUTI.NS / linear_regression
2026-08-02 10:57:45,924 | INFO    | stockm.models.training | training MARUTI.NS / ridge ...
2026-08-02 10:57:45,944 | INFO    | stockm.models.storage | saved MARUTI.NS / ridge
2026-08-02 10:57:45,944 | INFO    | stockm.models.training | training MARUTI.NS / decision_tree ...
2026-08-02 10:57:46,292 | INFO    | stockm.models.storage | saved MARUTI.NS / decision_tree
2026-08-02 10:57:46,293 | INFO    | stockm.models.training | training MARUTI.NS / random_forest ...
2026-08-02 10:58:06,856 | INFO    | stockm.models.storage | saved MARUTI.NS / random_forest
2026-08-02 10:58:06,857 | INFO    | stockm.models.training | training MARUTI.NS / gradient_boosting ...
2026-08-02 10:58:07,357 | INFO    | stockm.models.storage | saved MARUTI.NS / gradient_boosting
2026-08-02 10:58:07,357 | INFO    | stockm.models.training | training MARUTI.NS / xgboost ...
2026-08-02 10:58:07,692 | INFO    | stockm.models.storage | saved MARUTI.NS / xgboost
2026-08-02 10:58:07,692 | INFO    | stockm.models.training | training MARUTI.NS / lightgbm ...
2026-08-02 10:58:07,878 | INFO    | stockm.models.storage | saved MARUTI.NS / lightgbm
2026-08-02 10:58:07,921 | INFO    | stockm.models.training | MARUTI.NS done | best=ridge | val_rmse=0.017561 test_rmse=0.016216 dir_acc=0.4894 naive_test_rmse=0.013613
2026-08-02 10:58:07,931 | INFO    | stockm.baseline_runner |   MARUTI.NS        best=ridge              val_rmse=0.017561 test_rmse=0.016216 dir_acc=0.4894 beats_naive=False
2026-08-02 10:58:07,931 | INFO    | stockm.models.training | === Baseline training: ASIANPAINT.NS (target=target_next_return) ===
2026-08-02 10:58:08,044 | INFO    | stockm.models.training | training ASIANPAINT.NS / linear_regression ...
2026-08-02 10:58:08,068 | INFO    | stockm.models.storage | saved ASIANPAINT.NS / linear_regression
2026-08-02 10:58:08,068 | INFO    | stockm.models.training | training ASIANPAINT.NS / ridge ...
2026-08-02 10:58:08,087 | INFO    | stockm.models.storage | saved ASIANPAINT.NS / ridge
2026-08-02 10:58:08,087 | INFO    | stockm.models.training | training ASIANPAINT.NS / decision_tree ...
2026-08-02 10:58:08,409 | INFO    | stockm.models.storage | saved ASIANPAINT.NS / decision_tree
2026-08-02 10:58:08,409 | INFO    | stockm.models.training | training ASIANPAINT.NS / random_forest ...
2026-08-02 10:58:30,740 | INFO    | stockm.models.storage | saved ASIANPAINT.NS / random_forest
2026-08-02 10:58:30,741 | INFO    | stockm.models.training | training ASIANPAINT.NS / gradient_boosting ...
2026-08-02 10:58:31,244 | INFO    | stockm.models.storage | saved ASIANPAINT.NS / gradient_boosting
2026-08-02 10:58:31,244 | INFO    | stockm.models.training | training ASIANPAINT.NS / xgboost ...
2026-08-02 10:58:31,603 | INFO    | stockm.models.storage | saved ASIANPAINT.NS / xgboost
2026-08-02 10:58:31,603 | INFO    | stockm.models.training | training ASIANPAINT.NS / lightgbm ...
2026-08-02 10:58:31,797 | INFO    | stockm.models.storage | saved ASIANPAINT.NS / lightgbm
2026-08-02 10:58:31,843 | INFO    | stockm.models.training | ASIANPAINT.NS done | best=random_forest | val_rmse=0.017060 test_rmse=0.013779 dir_acc=0.4953 naive_test_rmse=0.013263
2026-08-02 10:58:31,853 | INFO    | stockm.baseline_runner |   ASIANPAINT.NS    best=random_forest      val_rmse=0.017060 test_rmse=0.013779 dir_acc=0.4953 beats_naive=False
2026-08-02 10:58:31,854 | INFO    | stockm.models.training | === Baseline training: HCLTECH.NS (target=target_next_return) ===
2026-08-02 10:58:31,968 | INFO    | stockm.models.training | training HCLTECH.NS / linear_regression ...
2026-08-02 10:58:31,993 | INFO    | stockm.models.storage | saved HCLTECH.NS / linear_regression
2026-08-02 10:58:31,994 | INFO    | stockm.models.training | training HCLTECH.NS / ridge ...
2026-08-02 10:58:32,011 | INFO    | stockm.models.storage | saved HCLTECH.NS / ridge
2026-08-02 10:58:32,012 | INFO    | stockm.models.training | training HCLTECH.NS / decision_tree ...
2026-08-02 10:58:32,495 | INFO    | stockm.models.storage | saved HCLTECH.NS / decision_tree
2026-08-02 10:58:32,495 | INFO    | stockm.models.training | training HCLTECH.NS / random_forest ...
2026-08-02 10:58:58,413 | INFO    | stockm.models.storage | saved HCLTECH.NS / random_forest
2026-08-02 10:58:58,413 | INFO    | stockm.models.training | training HCLTECH.NS / gradient_boosting ...
2026-08-02 10:58:58,920 | INFO    | stockm.models.storage | saved HCLTECH.NS / gradient_boosting
2026-08-02 10:58:58,920 | INFO    | stockm.models.training | training HCLTECH.NS / xgboost ...
2026-08-02 10:58:59,300 | INFO    | stockm.models.storage | saved HCLTECH.NS / xgboost
2026-08-02 10:58:59,300 | INFO    | stockm.models.training | training HCLTECH.NS / lightgbm ...
2026-08-02 10:58:59,482 | INFO    | stockm.models.storage | saved HCLTECH.NS / lightgbm
2026-08-02 10:58:59,527 | INFO    | stockm.models.training | HCLTECH.NS done | best=lightgbm | val_rmse=0.018556 test_rmse=0.017896 dir_acc=0.4840 naive_test_rmse=0.015895
2026-08-02 10:58:59,539 | INFO    | stockm.baseline_runner |   HCLTECH.NS       best=lightgbm           val_rmse=0.018556 test_rmse=0.017896 dir_acc=0.4840 beats_naive=False
2026-08-02 10:58:59,539 | INFO    | stockm.models.training | === Baseline training: SUNPHARMA.NS (target=target_next_return) ===
2026-08-02 10:58:59,649 | INFO    | stockm.models.training | training SUNPHARMA.NS / linear_regression ...
2026-08-02 10:58:59,673 | INFO    | stockm.models.storage | saved SUNPHARMA.NS / linear_regression
2026-08-02 10:58:59,674 | INFO    | stockm.models.training | training SUNPHARMA.NS / ridge ...
2026-08-02 10:58:59,693 | INFO    | stockm.models.storage | saved SUNPHARMA.NS / ridge
2026-08-02 10:58:59,694 | INFO    | stockm.models.training | training SUNPHARMA.NS / decision_tree ...
2026-08-02 10:59:00,159 | INFO    | stockm.models.storage | saved SUNPHARMA.NS / decision_tree
2026-08-02 10:59:00,160 | INFO    | stockm.models.training | training SUNPHARMA.NS / random_forest ...
2026-08-02 10:59:22,335 | INFO    | stockm.models.storage | saved SUNPHARMA.NS / random_forest
2026-08-02 10:59:22,335 | INFO    | stockm.models.training | training SUNPHARMA.NS / gradient_boosting ...
2026-08-02 10:59:22,834 | INFO    | stockm.models.storage | saved SUNPHARMA.NS / gradient_boosting
2026-08-02 10:59:22,834 | INFO    | stockm.models.training | training SUNPHARMA.NS / xgboost ...
2026-08-02 10:59:23,217 | INFO    | stockm.models.storage | saved SUNPHARMA.NS / xgboost
2026-08-02 10:59:23,218 | INFO    | stockm.models.training | training SUNPHARMA.NS / lightgbm ...
2026-08-02 10:59:23,411 | INFO    | stockm.models.storage | saved SUNPHARMA.NS / lightgbm
2026-08-02 10:59:23,456 | INFO    | stockm.models.training | SUNPHARMA.NS done | best=random_forest | val_rmse=0.016363 test_rmse=0.016720 dir_acc=0.5246 naive_test_rmse=0.012262
2026-08-02 10:59:23,465 | INFO    | stockm.baseline_runner |   SUNPHARMA.NS     best=random_forest      val_rmse=0.016363 test_rmse=0.016720 dir_acc=0.5246 beats_naive=False
2026-08-02 10:59:23,465 | INFO    | stockm.models.training | === Baseline training: WIPRO.NS (target=target_next_return) ===
2026-08-02 10:59:23,573 | INFO    | stockm.models.training | training WIPRO.NS / linear_regression ...
2026-08-02 10:59:23,599 | INFO    | stockm.models.storage | saved WIPRO.NS / linear_regression
2026-08-02 10:59:23,600 | INFO    | stockm.models.training | training WIPRO.NS / ridge ...
2026-08-02 10:59:23,626 | INFO    | stockm.models.storage | saved WIPRO.NS / ridge
2026-08-02 10:59:23,626 | INFO    | stockm.models.training | training WIPRO.NS / decision_tree ...
2026-08-02 10:59:24,124 | INFO    | stockm.models.storage | saved WIPRO.NS / decision_tree
2026-08-02 10:59:24,124 | INFO    | stockm.models.training | training WIPRO.NS / random_forest ...
2026-08-02 10:59:37,566 | INFO    | stockm.models.storage | saved WIPRO.NS / random_forest
2026-08-02 10:59:37,566 | INFO    | stockm.models.training | training WIPRO.NS / gradient_boosting ...
2026-08-02 10:59:37,813 | INFO    | stockm.models.storage | saved WIPRO.NS / gradient_boosting
2026-08-02 10:59:37,813 | INFO    | stockm.models.training | training WIPRO.NS / xgboost ...
2026-08-02 10:59:38,101 | INFO    | stockm.models.storage | saved WIPRO.NS / xgboost
2026-08-02 10:59:38,101 | INFO    | stockm.models.training | training WIPRO.NS / lightgbm ...
2026-08-02 10:59:38,211 | INFO    | stockm.models.storage | saved WIPRO.NS / lightgbm
2026-08-02 10:59:38,235 | INFO    | stockm.models.training | WIPRO.NS done | best=random_forest | val_rmse=0.018915 test_rmse=0.016637 dir_acc=0.5172 naive_test_rmse=0.016266
2026-08-02 10:59:38,242 | INFO    | stockm.baseline_runner |   WIPRO.NS         best=random_forest      val_rmse=0.018915 test_rmse=0.016637 dir_acc=0.5172 beats_naive=False
2026-08-02 10:59:38,243 | INFO    | stockm.models.training | === Baseline training: ULTRACEMCO.NS (target=target_next_return) ===
2026-08-02 10:59:38,313 | INFO    | stockm.models.training | training ULTRACEMCO.NS / linear_regression ...
2026-08-02 10:59:38,327 | INFO    | stockm.models.storage | saved ULTRACEMCO.NS / linear_regression
2026-08-02 10:59:38,327 | INFO    | stockm.models.training | training ULTRACEMCO.NS / ridge ...
2026-08-02 10:59:38,338 | INFO    | stockm.models.storage | saved ULTRACEMCO.NS / ridge
2026-08-02 10:59:38,338 | INFO    | stockm.models.training | training ULTRACEMCO.NS / decision_tree ...
2026-08-02 10:59:38,630 | INFO    | stockm.models.storage | saved ULTRACEMCO.NS / decision_tree
2026-08-02 10:59:38,631 | INFO    | stockm.models.training | training ULTRACEMCO.NS / random_forest ...
2026-08-02 10:59:51,258 | INFO    | stockm.models.storage | saved ULTRACEMCO.NS / random_forest
2026-08-02 10:59:51,258 | INFO    | stockm.models.training | training ULTRACEMCO.NS / gradient_boosting ...
2026-08-02 10:59:51,525 | INFO    | stockm.models.storage | saved ULTRACEMCO.NS / gradient_boosting
2026-08-02 10:59:51,525 | INFO    | stockm.models.training | training ULTRACEMCO.NS / xgboost ...
2026-08-02 10:59:51,865 | INFO    | stockm.models.storage | saved ULTRACEMCO.NS / xgboost
2026-08-02 10:59:51,866 | INFO    | stockm.models.training | training ULTRACEMCO.NS / lightgbm ...
2026-08-02 10:59:51,980 | INFO    | stockm.models.storage | saved ULTRACEMCO.NS / lightgbm
2026-08-02 10:59:52,005 | INFO    | stockm.models.training | ULTRACEMCO.NS done | best=linear_regression | val_rmse=0.017310 test_rmse=0.018490 dir_acc=0.4776 naive_test_rmse=0.014120
2026-08-02 10:59:52,011 | INFO    | stockm.baseline_runner |   ULTRACEMCO.NS    best=linear_regression  val_rmse=0.017310 test_rmse=0.018490 dir_acc=0.4776 beats_naive=False
2026-08-02 10:59:52,011 | INFO    | stockm.models.training | === Baseline training: TITAN.NS (target=target_next_return) ===
2026-08-02 10:59:52,078 | INFO    | stockm.models.training | training TITAN.NS / linear_regression ...
2026-08-02 10:59:52,093 | INFO    | stockm.models.storage | saved TITAN.NS / linear_regression
2026-08-02 10:59:52,093 | INFO    | stockm.models.training | training TITAN.NS / ridge ...
2026-08-02 10:59:52,105 | INFO    | stockm.models.storage | saved TITAN.NS / ridge
2026-08-02 10:59:52,105 | INFO    | stockm.models.training | training TITAN.NS / decision_tree ...
2026-08-02 10:59:52,355 | INFO    | stockm.models.storage | saved TITAN.NS / decision_tree
2026-08-02 10:59:52,355 | INFO    | stockm.models.training | training TITAN.NS / random_forest ...
2026-08-02 11:00:13,193 | INFO    | stockm.models.storage | saved TITAN.NS / random_forest
2026-08-02 11:00:13,193 | INFO    | stockm.models.training | training TITAN.NS / gradient_boosting ...
2026-08-02 11:00:13,702 | INFO    | stockm.models.storage | saved TITAN.NS / gradient_boosting
2026-08-02 11:00:13,703 | INFO    | stockm.models.training | training TITAN.NS / xgboost ...
2026-08-02 11:00:14,060 | INFO    | stockm.models.storage | saved TITAN.NS / xgboost
2026-08-02 11:00:14,060 | INFO    | stockm.models.training | training TITAN.NS / lightgbm ...
2026-08-02 11:00:14,251 | INFO    | stockm.models.storage | saved TITAN.NS / lightgbm
2026-08-02 11:00:14,290 | INFO    | stockm.models.training | TITAN.NS done | best=ridge | val_rmse=0.019258 test_rmse=0.016071 dir_acc=0.5199 naive_test_rmse=0.013942
2026-08-02 11:00:14,301 | INFO    | stockm.baseline_runner |   TITAN.NS         best=ridge              val_rmse=0.019258 test_rmse=0.016071 dir_acc=0.5199 beats_naive=False
2026-08-02 11:00:14,302 | INFO    | stockm.models.training | === Baseline training: NESTLEIND.NS (target=target_next_return) ===
2026-08-02 11:00:14,399 | INFO    | stockm.models.training | training NESTLEIND.NS / linear_regression ...
2026-08-02 11:00:14,422 | INFO    | stockm.models.storage | saved NESTLEIND.NS / linear_regression
2026-08-02 11:00:14,423 | INFO    | stockm.models.training | training NESTLEIND.NS / ridge ...
2026-08-02 11:00:14,445 | INFO    | stockm.models.storage | saved NESTLEIND.NS / ridge
2026-08-02 11:00:14,445 | INFO    | stockm.models.training | training NESTLEIND.NS / decision_tree ...
2026-08-02 11:00:14,740 | INFO    | stockm.models.storage | saved NESTLEIND.NS / decision_tree
2026-08-02 11:00:14,741 | INFO    | stockm.models.training | training NESTLEIND.NS / random_forest ...
2026-08-02 11:00:31,608 | INFO    | stockm.models.storage | saved NESTLEIND.NS / random_forest
2026-08-02 11:00:31,609 | INFO    | stockm.models.training | training NESTLEIND.NS / gradient_boosting ...
2026-08-02 11:00:32,236 | INFO    | stockm.models.storage | saved NESTLEIND.NS / gradient_boosting
2026-08-02 11:00:32,236 | INFO    | stockm.models.training | training NESTLEIND.NS / xgboost ...
2026-08-02 11:00:32,799 | INFO    | stockm.models.storage | saved NESTLEIND.NS / xgboost
2026-08-02 11:00:32,800 | INFO    | stockm.models.training | training NESTLEIND.NS / lightgbm ...
2026-08-02 11:00:33,034 | INFO    | stockm.models.storage | saved NESTLEIND.NS / lightgbm
2026-08-02 11:00:33,080 | INFO    | stockm.models.training | NESTLEIND.NS done | best=ridge | val_rmse=0.011906 test_rmse=0.013482 dir_acc=0.5376 naive_test_rmse=0.012325
2026-08-02 11:00:33,088 | INFO    | stockm.baseline_runner |   NESTLEIND.NS     best=ridge              val_rmse=0.011906 test_rmse=0.013482 dir_acc=0.5376 beats_naive=False
2026-08-02 11:00:33,088 | INFO    | stockm.models.training | === Baseline training: ONGC.NS (target=target_next_return) ===
2026-08-02 11:00:33,220 | INFO    | stockm.models.training | training ONGC.NS / linear_regression ...
2026-08-02 11:00:33,247 | INFO    | stockm.models.storage | saved ONGC.NS / linear_regression
2026-08-02 11:00:33,247 | INFO    | stockm.models.training | training ONGC.NS / ridge ...
2026-08-02 11:00:33,267 | INFO    | stockm.models.storage | saved ONGC.NS / ridge
2026-08-02 11:00:33,268 | INFO    | stockm.models.training | training ONGC.NS / decision_tree ...
2026-08-02 11:00:33,763 | INFO    | stockm.models.storage | saved ONGC.NS / decision_tree
2026-08-02 11:00:33,763 | INFO    | stockm.models.training | training ONGC.NS / random_forest ...
2026-08-02 11:00:57,448 | INFO    | stockm.models.storage | saved ONGC.NS / random_forest
2026-08-02 11:00:57,448 | INFO    | stockm.models.training | training ONGC.NS / gradient_boosting ...
2026-08-02 11:00:57,932 | INFO    | stockm.models.storage | saved ONGC.NS / gradient_boosting
2026-08-02 11:00:57,932 | INFO    | stockm.models.training | training ONGC.NS / xgboost ...
2026-08-02 11:00:58,331 | INFO    | stockm.models.storage | saved ONGC.NS / xgboost
2026-08-02 11:00:58,331 | INFO    | stockm.models.training | training ONGC.NS / lightgbm ...
2026-08-02 11:00:58,513 | INFO    | stockm.models.storage | saved ONGC.NS / lightgbm
2026-08-02 11:00:58,555 | INFO    | stockm.models.training | ONGC.NS done | best=gradient_boosting | val_rmse=0.028750 test_rmse=0.026393 dir_acc=0.5046 naive_test_rmse=0.018380
2026-08-02 11:00:58,565 | INFO    | stockm.baseline_runner |   ONGC.NS          best=gradient_boosting  val_rmse=0.028750 test_rmse=0.026393 dir_acc=0.5046 beats_naive=False
2026-08-02 11:00:58,565 | INFO    | stockm.models.training | === Baseline training: NTPC.NS (target=target_next_return) ===
2026-08-02 11:00:58,698 | INFO    | stockm.models.training | training NTPC.NS / linear_regression ...
2026-08-02 11:00:58,723 | INFO    | stockm.models.storage | saved NTPC.NS / linear_regression
2026-08-02 11:00:58,724 | INFO    | stockm.models.training | training NTPC.NS / ridge ...
2026-08-02 11:00:58,741 | INFO    | stockm.models.storage | saved NTPC.NS / ridge
2026-08-02 11:00:58,742 | INFO    | stockm.models.training | training NTPC.NS / decision_tree ...
2026-08-02 11:00:59,230 | INFO    | stockm.models.storage | saved NTPC.NS / decision_tree
2026-08-02 11:00:59,230 | INFO    | stockm.models.training | training NTPC.NS / random_forest ...
2026-08-02 11:01:24,414 | INFO    | stockm.models.storage | saved NTPC.NS / random_forest
2026-08-02 11:01:24,414 | INFO    | stockm.models.training | training NTPC.NS / gradient_boosting ...
2026-08-02 11:01:24,919 | INFO    | stockm.models.storage | saved NTPC.NS / gradient_boosting
2026-08-02 11:01:24,919 | INFO    | stockm.models.training | training NTPC.NS / xgboost ...
2026-08-02 11:01:25,267 | INFO    | stockm.models.storage | saved NTPC.NS / xgboost
2026-08-02 11:01:25,267 | INFO    | stockm.models.training | training NTPC.NS / lightgbm ...
2026-08-02 11:01:25,466 | INFO    | stockm.models.storage | saved NTPC.NS / lightgbm
2026-08-02 11:01:25,512 | INFO    | stockm.models.training | NTPC.NS done | best=random_forest | val_rmse=0.018596 test_rmse=0.019903 dir_acc=0.4732 naive_test_rmse=0.016284
2026-08-02 11:01:25,523 | INFO    | stockm.baseline_runner |   NTPC.NS          best=random_forest      val_rmse=0.018596 test_rmse=0.019903 dir_acc=0.4732 beats_naive=False
2026-08-02 11:01:25,524 | INFO    | stockm.models.training | === Baseline training: POWERGRID.NS (target=target_next_return) ===
2026-08-02 11:01:25,627 | INFO    | stockm.models.training | training POWERGRID.NS / linear_regression ...
2026-08-02 11:01:25,654 | INFO    | stockm.models.storage | saved POWERGRID.NS / linear_regression
2026-08-02 11:01:25,654 | INFO    | stockm.models.training | training POWERGRID.NS / ridge ...
2026-08-02 11:01:25,676 | INFO    | stockm.models.storage | saved POWERGRID.NS / ridge
2026-08-02 11:01:25,676 | INFO    | stockm.models.training | training POWERGRID.NS / decision_tree ...
2026-08-02 11:01:26,015 | INFO    | stockm.models.storage | saved POWERGRID.NS / decision_tree
2026-08-02 11:01:26,015 | INFO    | stockm.models.training | training POWERGRID.NS / random_forest ...
2026-08-02 11:01:38,947 | INFO    | stockm.models.storage | saved POWERGRID.NS / random_forest
2026-08-02 11:01:38,948 | INFO    | stockm.models.training | training POWERGRID.NS / gradient_boosting ...
2026-08-02 11:01:39,443 | INFO    | stockm.models.storage | saved POWERGRID.NS / gradient_boosting
2026-08-02 11:01:39,443 | INFO    | stockm.models.training | training POWERGRID.NS / xgboost ...
2026-08-02 11:01:39,824 | INFO    | stockm.models.storage | saved POWERGRID.NS / xgboost
2026-08-02 11:01:39,824 | INFO    | stockm.models.training | training POWERGRID.NS / lightgbm ...
2026-08-02 11:01:40,009 | INFO    | stockm.models.storage | saved POWERGRID.NS / lightgbm
2026-08-02 11:01:40,054 | INFO    | stockm.models.training | POWERGRID.NS done | best=ridge | val_rmse=0.016892 test_rmse=0.033546 dir_acc=0.5130 naive_test_rmse=0.016425
2026-08-02 11:01:40,062 | INFO    | stockm.baseline_runner |   POWERGRID.NS     best=ridge              val_rmse=0.016892 test_rmse=0.033546 dir_acc=0.5130 beats_naive=False
2026-08-02 11:01:40,062 | INFO    | stockm.models.training | === Baseline training: TATAMOTORS.NS (target=target_next_return) ===
2026-08-02 11:01:40,063 | ERROR   | stockm.baseline_runner |   TATAMOTORS.NS    SKIP (no prepared dataset)
2026-08-02 11:01:40,063 | INFO    | stockm.models.training | === Baseline training: TATASTEEL.NS (target=target_next_return) ===
2026-08-02 11:01:40,176 | INFO    | stockm.models.training | training TATASTEEL.NS / linear_regression ...
2026-08-02 11:01:40,200 | INFO    | stockm.models.storage | saved TATASTEEL.NS / linear_regression
2026-08-02 11:01:40,201 | INFO    | stockm.models.training | training TATASTEEL.NS / ridge ...
2026-08-02 11:01:40,219 | INFO    | stockm.models.storage | saved TATASTEEL.NS / ridge
2026-08-02 11:01:40,219 | INFO    | stockm.models.training | training TATASTEEL.NS / decision_tree ...
2026-08-02 11:01:40,847 | INFO    | stockm.models.storage | saved TATASTEEL.NS / decision_tree
2026-08-02 11:01:40,847 | INFO    | stockm.models.training | training TATASTEEL.NS / random_forest ...
2026-08-02 11:02:06,874 | INFO    | stockm.models.storage | saved TATASTEEL.NS / random_forest
2026-08-02 11:02:06,875 | INFO    | stockm.models.training | training TATASTEEL.NS / gradient_boosting ...
2026-08-02 11:02:07,376 | INFO    | stockm.models.storage | saved TATASTEEL.NS / gradient_boosting
2026-08-02 11:02:07,376 | INFO    | stockm.models.training | training TATASTEEL.NS / xgboost ...
2026-08-02 11:02:07,737 | INFO    | stockm.models.storage | saved TATASTEEL.NS / xgboost
2026-08-02 11:02:07,737 | INFO    | stockm.models.training | training TATASTEEL.NS / lightgbm ...
2026-08-02 11:02:07,923 | INFO    | stockm.models.storage | saved TATASTEEL.NS / lightgbm
2026-08-02 11:02:07,964 | INFO    | stockm.models.training | TATASTEEL.NS done | best=random_forest | val_rmse=0.026876 test_rmse=0.022747 dir_acc=0.4768 naive_test_rmse=0.017512
2026-08-02 11:02:07,975 | INFO    | stockm.baseline_runner |   TATASTEEL.NS     best=random_forest      val_rmse=0.026876 test_rmse=0.022747 dir_acc=0.4768 beats_naive=False
2026-08-02 11:02:07,975 | INFO    | stockm.models.training | === Baseline training: JSWSTEEL.NS (target=target_next_return) ===
2026-08-02 11:02:08,087 | INFO    | stockm.models.training | training JSWSTEEL.NS / linear_regression ...
2026-08-02 11:02:08,110 | INFO    | stockm.models.storage | saved JSWSTEEL.NS / linear_regression
2026-08-02 11:02:08,111 | INFO    | stockm.models.training | training JSWSTEEL.NS / ridge ...
2026-08-02 11:02:08,129 | INFO    | stockm.models.storage | saved JSWSTEEL.NS / ridge
2026-08-02 11:02:08,129 | INFO    | stockm.models.training | training JSWSTEEL.NS / decision_tree ...
2026-08-02 11:02:08,645 | INFO    | stockm.models.storage | saved JSWSTEEL.NS / decision_tree
2026-08-02 11:02:08,645 | INFO    | stockm.models.training | training JSWSTEEL.NS / random_forest ...
2026-08-02 11:02:34,806 | INFO    | stockm.models.storage | saved JSWSTEEL.NS / random_forest
2026-08-02 11:02:34,807 | INFO    | stockm.models.training | training JSWSTEEL.NS / gradient_boosting ...
2026-08-02 11:02:35,308 | INFO    | stockm.models.storage | saved JSWSTEEL.NS / gradient_boosting
2026-08-02 11:02:35,308 | INFO    | stockm.models.training | training JSWSTEEL.NS / xgboost ...
2026-08-02 11:02:35,666 | INFO    | stockm.models.storage | saved JSWSTEEL.NS / xgboost
2026-08-02 11:02:35,666 | INFO    | stockm.models.training | training JSWSTEEL.NS / lightgbm ...
2026-08-02 11:02:35,862 | INFO    | stockm.models.storage | saved JSWSTEEL.NS / lightgbm
2026-08-02 11:02:35,906 | INFO    | stockm.models.training | JSWSTEEL.NS done | best=lightgbm | val_rmse=0.029466 test_rmse=0.021529 dir_acc=0.4814 naive_test_rmse=0.015510
2026-08-02 11:02:35,918 | INFO    | stockm.baseline_runner |   JSWSTEEL.NS      best=lightgbm           val_rmse=0.029466 test_rmse=0.021529 dir_acc=0.4814 beats_naive=False
2026-08-02 11:02:35,918 | INFO    | stockm.models.training | === Baseline training: COALINDIA.NS (target=target_next_return) ===
2026-08-02 11:02:36,012 | INFO    | stockm.models.training | training COALINDIA.NS / linear_regression ...
2026-08-02 11:02:36,034 | INFO    | stockm.models.storage | saved COALINDIA.NS / linear_regression
2026-08-02 11:02:36,034 | INFO    | stockm.models.training | training COALINDIA.NS / ridge ...
2026-08-02 11:02:36,053 | INFO    | stockm.models.storage | saved COALINDIA.NS / ridge
2026-08-02 11:02:36,053 | INFO    | stockm.models.training | training COALINDIA.NS / decision_tree ...
2026-08-02 11:02:36,422 | INFO    | stockm.models.storage | saved COALINDIA.NS / decision_tree
2026-08-02 11:02:36,423 | INFO    | stockm.models.training | training COALINDIA.NS / random_forest ...
2026-08-02 11:02:50,859 | INFO    | stockm.models.storage | saved COALINDIA.NS / random_forest
2026-08-02 11:02:50,860 | INFO    | stockm.models.training | training COALINDIA.NS / gradient_boosting ...
2026-08-02 11:02:51,369 | INFO    | stockm.models.storage | saved COALINDIA.NS / gradient_boosting
2026-08-02 11:02:51,369 | INFO    | stockm.models.training | training COALINDIA.NS / xgboost ...
2026-08-02 11:02:51,703 | INFO    | stockm.models.storage | saved COALINDIA.NS / xgboost
2026-08-02 11:02:51,703 | INFO    | stockm.models.training | training COALINDIA.NS / lightgbm ...
2026-08-02 11:02:51,883 | INFO    | stockm.models.storage | saved COALINDIA.NS / lightgbm
2026-08-02 11:02:51,925 | INFO    | stockm.models.training | COALINDIA.NS done | best=random_forest | val_rmse=0.020243 test_rmse=0.017543 dir_acc=0.5093 naive_test_rmse=0.016522
2026-08-02 11:02:51,935 | INFO    | stockm.baseline_runner |   COALINDIA.NS     best=random_forest      val_rmse=0.020243 test_rmse=0.017543 dir_acc=0.5093 beats_naive=False
2026-08-02 11:02:51,935 | INFO    | stockm.models.training | === Baseline training: M&M.NS (target=target_next_return) ===
2026-08-02 11:02:52,050 | INFO    | stockm.models.training | training M&M.NS / linear_regression ...
2026-08-02 11:02:52,077 | INFO    | stockm.models.storage | saved M&M.NS / linear_regression
2026-08-02 11:02:52,077 | INFO    | stockm.models.training | training M&M.NS / ridge ...
2026-08-02 11:02:52,095 | INFO    | stockm.models.storage | saved M&M.NS / ridge
2026-08-02 11:02:52,095 | INFO    | stockm.models.training | training M&M.NS / decision_tree ...
2026-08-02 11:02:52,702 | INFO    | stockm.models.storage | saved M&M.NS / decision_tree
2026-08-02 11:02:52,703 | INFO    | stockm.models.training | training M&M.NS / random_forest ...
2026-08-02 11:03:18,004 | INFO    | stockm.models.storage | saved M&M.NS / random_forest
2026-08-02 11:03:18,005 | INFO    | stockm.models.training | training M&M.NS / gradient_boosting ...
2026-08-02 11:03:18,494 | INFO    | stockm.models.storage | saved M&M.NS / gradient_boosting
2026-08-02 11:03:18,494 | INFO    | stockm.models.training | training M&M.NS / xgboost ...
2026-08-02 11:03:18,868 | INFO    | stockm.models.storage | saved M&M.NS / xgboost
2026-08-02 11:03:18,868 | INFO    | stockm.models.training | training M&M.NS / lightgbm ...
2026-08-02 11:03:19,053 | INFO    | stockm.models.storage | saved M&M.NS / lightgbm
2026-08-02 11:03:19,098 | INFO    | stockm.models.training | M&M.NS done | best=random_forest | val_rmse=0.021527 test_rmse=0.025101 dir_acc=0.4775 naive_test_rmse=0.018210
2026-08-02 11:03:19,109 | INFO    | stockm.baseline_runner |   M&M.NS           best=random_forest      val_rmse=0.021527 test_rmse=0.025101 dir_acc=0.4775 beats_naive=False
2026-08-02 11:03:19,110 | INFO    | stockm.models.training | === Baseline training: TECHM.NS (target=target_next_return) ===
2026-08-02 11:03:19,211 | INFO    | stockm.models.training | training TECHM.NS / linear_regression ...
2026-08-02 11:03:19,235 | INFO    | stockm.models.storage | saved TECHM.NS / linear_regression
2026-08-02 11:03:19,236 | INFO    | stockm.models.training | training TECHM.NS / ridge ...
2026-08-02 11:03:19,253 | INFO    | stockm.models.storage | saved TECHM.NS / ridge
2026-08-02 11:03:19,253 | INFO    | stockm.models.training | training TECHM.NS / decision_tree ...
2026-08-02 11:03:19,717 | INFO    | stockm.models.storage | saved TECHM.NS / decision_tree
2026-08-02 11:03:19,718 | INFO    | stockm.models.training | training TECHM.NS / random_forest ...
2026-08-02 11:03:39,112 | INFO    | stockm.models.storage | saved TECHM.NS / random_forest
2026-08-02 11:03:39,113 | INFO    | stockm.models.training | training TECHM.NS / gradient_boosting ...
2026-08-02 11:03:39,361 | INFO    | stockm.models.storage | saved TECHM.NS / gradient_boosting
2026-08-02 11:03:39,362 | INFO    | stockm.models.training | training TECHM.NS / xgboost ...
2026-08-02 11:03:39,594 | INFO    | stockm.models.storage | saved TECHM.NS / xgboost
2026-08-02 11:03:39,594 | INFO    | stockm.models.training | training TECHM.NS / lightgbm ...
2026-08-02 11:03:39,704 | INFO    | stockm.models.storage | saved TECHM.NS / lightgbm
2026-08-02 11:03:39,730 | INFO    | stockm.models.training | TECHM.NS done | best=random_forest | val_rmse=0.019849 test_rmse=0.019253 dir_acc=0.4949 naive_test_rmse=0.016450
2026-08-02 11:03:39,736 | INFO    | stockm.baseline_runner |   TECHM.NS         best=random_forest      val_rmse=0.019849 test_rmse=0.019253 dir_acc=0.4949 beats_naive=False
2026-08-02 11:03:39,737 | INFO    | stockm.models.training | === Baseline training: HDFCLIFE.NS (target=target_next_return) ===
2026-08-02 11:03:39,781 | INFO    | stockm.models.training | training HDFCLIFE.NS / linear_regression ...
2026-08-02 11:03:39,793 | INFO    | stockm.models.storage | saved HDFCLIFE.NS / linear_regression
2026-08-02 11:03:39,794 | INFO    | stockm.models.training | training HDFCLIFE.NS / ridge ...
2026-08-02 11:03:39,808 | INFO    | stockm.models.storage | saved HDFCLIFE.NS / ridge
2026-08-02 11:03:39,808 | INFO    | stockm.models.training | training HDFCLIFE.NS / decision_tree ...
2026-08-02 11:03:39,883 | INFO    | stockm.models.storage | saved HDFCLIFE.NS / decision_tree
2026-08-02 11:03:39,884 | INFO    | stockm.models.training | training HDFCLIFE.NS / random_forest ...
2026-08-02 11:03:43,357 | INFO    | stockm.models.storage | saved HDFCLIFE.NS / random_forest
2026-08-02 11:03:43,357 | INFO    | stockm.models.training | training HDFCLIFE.NS / gradient_boosting ...
2026-08-02 11:03:43,623 | INFO    | stockm.models.storage | saved HDFCLIFE.NS / gradient_boosting
2026-08-02 11:03:43,623 | INFO    | stockm.models.training | training HDFCLIFE.NS / xgboost ...
2026-08-02 11:03:43,877 | INFO    | stockm.models.storage | saved HDFCLIFE.NS / xgboost
2026-08-02 11:03:43,877 | INFO    | stockm.models.training | training HDFCLIFE.NS / lightgbm ...
2026-08-02 11:03:44,015 | INFO    | stockm.models.storage | saved HDFCLIFE.NS / lightgbm
2026-08-02 11:03:44,041 | INFO    | stockm.models.training | HDFCLIFE.NS done | best=ridge | val_rmse=0.015227 test_rmse=0.014589 dir_acc=0.4542 naive_test_rmse=0.013340
2026-08-02 11:03:44,045 | INFO    | stockm.baseline_runner |   HDFCLIFE.NS      best=ridge              val_rmse=0.015227 test_rmse=0.014589 dir_acc=0.4542 beats_naive=False
2026-08-02 11:03:44,046 | INFO    | stockm.models.training | === Baseline training: GRASIM.NS (target=target_next_return) ===
2026-08-02 11:03:44,129 | INFO    | stockm.models.training | training GRASIM.NS / linear_regression ...
2026-08-02 11:03:44,142 | INFO    | stockm.models.storage | saved GRASIM.NS / linear_regression
2026-08-02 11:03:44,143 | INFO    | stockm.models.training | training GRASIM.NS / ridge ...
2026-08-02 11:03:44,155 | INFO    | stockm.models.storage | saved GRASIM.NS / ridge
2026-08-02 11:03:44,155 | INFO    | stockm.models.training | training GRASIM.NS / decision_tree ...
2026-08-02 11:03:44,428 | INFO    | stockm.models.storage | saved GRASIM.NS / decision_tree
2026-08-02 11:03:44,428 | INFO    | stockm.models.training | training GRASIM.NS / random_forest ...
2026-08-02 11:03:56,451 | INFO    | stockm.models.storage | saved GRASIM.NS / random_forest
2026-08-02 11:03:56,451 | INFO    | stockm.models.training | training GRASIM.NS / gradient_boosting ...
2026-08-02 11:03:56,735 | INFO    | stockm.models.storage | saved GRASIM.NS / gradient_boosting
2026-08-02 11:03:56,735 | INFO    | stockm.models.training | training GRASIM.NS / xgboost ...
2026-08-02 11:03:56,954 | INFO    | stockm.models.storage | saved GRASIM.NS / xgboost
2026-08-02 11:03:56,955 | INFO    | stockm.models.training | training GRASIM.NS / lightgbm ...
2026-08-02 11:03:57,069 | INFO    | stockm.models.storage | saved GRASIM.NS / lightgbm
2026-08-02 11:03:57,096 | INFO    | stockm.models.training | GRASIM.NS done | best=random_forest | val_rmse=0.018233 test_rmse=0.015014 dir_acc=0.5079 naive_test_rmse=0.013985
2026-08-02 11:03:57,104 | INFO    | stockm.baseline_runner |   GRASIM.NS        best=random_forest      val_rmse=0.018233 test_rmse=0.015014 dir_acc=0.5079 beats_naive=False
2026-08-02 11:03:57,104 | INFO    | stockm.models.training | === Baseline training: DIVISLAB.NS (target=target_next_return) ===
2026-08-02 11:03:57,178 | INFO    | stockm.models.training | training DIVISLAB.NS / linear_regression ...
2026-08-02 11:03:57,194 | INFO    | stockm.models.storage | saved DIVISLAB.NS / linear_regression
2026-08-02 11:03:57,194 | INFO    | stockm.models.training | training DIVISLAB.NS / ridge ...
2026-08-02 11:03:57,205 | INFO    | stockm.models.storage | saved DIVISLAB.NS / ridge
2026-08-02 11:03:57,205 | INFO    | stockm.models.training | training DIVISLAB.NS / decision_tree ...
2026-08-02 11:03:57,399 | INFO    | stockm.models.storage | saved DIVISLAB.NS / decision_tree
2026-08-02 11:03:57,400 | INFO    | stockm.models.training | training DIVISLAB.NS / random_forest ...
2026-08-02 11:04:09,946 | INFO    | stockm.models.storage | saved DIVISLAB.NS / random_forest
2026-08-02 11:04:09,946 | INFO    | stockm.models.training | training DIVISLAB.NS / gradient_boosting ...
2026-08-02 11:04:10,981 | INFO    | stockm.models.storage | saved DIVISLAB.NS / gradient_boosting
2026-08-02 11:04:10,982 | INFO    | stockm.models.training | training DIVISLAB.NS / xgboost ...
2026-08-02 11:04:12,314 | INFO    | stockm.models.storage | saved DIVISLAB.NS / xgboost
2026-08-02 11:04:12,314 | INFO    | stockm.models.training | training DIVISLAB.NS / lightgbm ...
2026-08-02 11:04:12,564 | INFO    | stockm.models.storage | saved DIVISLAB.NS / lightgbm
2026-08-02 11:04:12,607 | INFO    | stockm.models.training | DIVISLAB.NS done | best=lightgbm | val_rmse=0.020304 test_rmse=0.017072 dir_acc=0.5227 naive_test_rmse=0.015368
2026-08-02 11:04:12,617 | INFO    | stockm.baseline_runner |   DIVISLAB.NS      best=lightgbm           val_rmse=0.020304 test_rmse=0.017072 dir_acc=0.5227 beats_naive=False
2026-08-02 11:04:12,617 | INFO    | stockm.models.training | === Baseline training: DRREDDY.NS (target=target_next_return) ===
2026-08-02 11:04:12,707 | INFO    | stockm.models.training | training DRREDDY.NS / linear_regression ...
2026-08-02 11:04:12,727 | INFO    | stockm.models.storage | saved DRREDDY.NS / linear_regression
2026-08-02 11:04:12,727 | INFO    | stockm.models.training | training DRREDDY.NS / ridge ...
2026-08-02 11:04:12,741 | INFO    | stockm.models.storage | saved DRREDDY.NS / ridge
2026-08-02 11:04:12,741 | INFO    | stockm.models.training | training DRREDDY.NS / decision_tree ...
2026-08-02 11:04:13,033 | INFO    | stockm.models.storage | saved DRREDDY.NS / decision_tree
2026-08-02 11:04:13,033 | INFO    | stockm.models.training | training DRREDDY.NS / random_forest ...
2026-08-02 11:04:28,984 | INFO    | stockm.models.storage | saved DRREDDY.NS / random_forest
2026-08-02 11:04:28,985 | INFO    | stockm.models.training | training DRREDDY.NS / gradient_boosting ...
2026-08-02 11:04:29,450 | INFO    | stockm.models.storage | saved DRREDDY.NS / gradient_boosting
2026-08-02 11:04:29,451 | INFO    | stockm.models.training | training DRREDDY.NS / xgboost ...
2026-08-02 11:04:30,155 | INFO    | stockm.models.storage | saved DRREDDY.NS / xgboost
2026-08-02 11:04:30,156 | INFO    | stockm.models.training | training DRREDDY.NS / lightgbm ...
2026-08-02 11:04:30,456 | INFO    | stockm.models.storage | saved DRREDDY.NS / lightgbm
2026-08-02 11:04:30,498 | INFO    | stockm.models.training | DRREDDY.NS done | best=ridge | val_rmse=0.016707 test_rmse=0.013995 dir_acc=0.4834 naive_test_rmse=0.013342
2026-08-02 11:04:30,510 | INFO    | stockm.baseline_runner |   DRREDDY.NS       best=ridge              val_rmse=0.016707 test_rmse=0.013995 dir_acc=0.4834 beats_naive=False
2026-08-02 11:04:30,510 | INFO    | stockm.models.training | === Baseline training: CIPLA.NS (target=target_next_return) ===
2026-08-02 11:04:30,623 | INFO    | stockm.models.training | training CIPLA.NS / linear_regression ...
2026-08-02 11:04:30,649 | INFO    | stockm.models.storage | saved CIPLA.NS / linear_regression
2026-08-02 11:04:30,649 | INFO    | stockm.models.training | training CIPLA.NS / ridge ...
2026-08-02 11:04:30,671 | INFO    | stockm.models.storage | saved CIPLA.NS / ridge
2026-08-02 11:04:30,671 | INFO    | stockm.models.training | training CIPLA.NS / decision_tree ...
2026-08-02 11:04:30,948 | INFO    | stockm.models.storage | saved CIPLA.NS / decision_tree
2026-08-02 11:04:30,948 | INFO    | stockm.models.training | training CIPLA.NS / random_forest ...
2026-08-02 11:04:44,275 | INFO    | stockm.models.storage | saved CIPLA.NS / random_forest
2026-08-02 11:04:44,275 | INFO    | stockm.models.training | training CIPLA.NS / gradient_boosting ...
2026-08-02 11:04:44,706 | INFO    | stockm.models.storage | saved CIPLA.NS / gradient_boosting
2026-08-02 11:04:44,706 | INFO    | stockm.models.training | training CIPLA.NS / xgboost ...
2026-08-02 11:04:45,111 | INFO    | stockm.models.storage | saved CIPLA.NS / xgboost
2026-08-02 11:04:45,111 | INFO    | stockm.models.training | training CIPLA.NS / lightgbm ...
2026-08-02 11:04:45,255 | INFO    | stockm.models.storage | saved CIPLA.NS / lightgbm
2026-08-02 11:04:45,284 | INFO    | stockm.models.training | CIPLA.NS done | best=random_forest | val_rmse=0.016708 test_rmse=0.015209 dir_acc=0.5280 naive_test_rmse=0.014697
2026-08-02 11:04:45,291 | INFO    | stockm.baseline_runner |   CIPLA.NS         best=random_forest      val_rmse=0.016708 test_rmse=0.015209 dir_acc=0.5280 beats_naive=False
2026-08-02 11:04:45,292 | INFO    | stockm.models.training | === Baseline training: ADANIPORTS.NS (target=target_next_return) ===
2026-08-02 11:04:45,369 | INFO    | stockm.models.training | training ADANIPORTS.NS / linear_regression ...
2026-08-02 11:04:45,385 | INFO    | stockm.models.storage | saved ADANIPORTS.NS / linear_regression
2026-08-02 11:04:45,385 | INFO    | stockm.models.training | training ADANIPORTS.NS / ridge ...
2026-08-02 11:04:45,399 | INFO    | stockm.models.storage | saved ADANIPORTS.NS / ridge
2026-08-02 11:04:45,399 | INFO    | stockm.models.training | training ADANIPORTS.NS / decision_tree ...
2026-08-02 11:04:45,626 | INFO    | stockm.models.storage | saved ADANIPORTS.NS / decision_tree
2026-08-02 11:04:45,626 | INFO    | stockm.models.training | training ADANIPORTS.NS / random_forest ...
2026-08-02 11:04:58,894 | INFO    | stockm.models.storage | saved ADANIPORTS.NS / random_forest
2026-08-02 11:04:58,894 | INFO    | stockm.models.training | training ADANIPORTS.NS / gradient_boosting ...
2026-08-02 11:04:59,416 | INFO    | stockm.models.storage | saved ADANIPORTS.NS / gradient_boosting
2026-08-02 11:04:59,417 | INFO    | stockm.models.training | training ADANIPORTS.NS / xgboost ...
2026-08-02 11:04:59,878 | INFO    | stockm.models.storage | saved ADANIPORTS.NS / xgboost
2026-08-02 11:04:59,878 | INFO    | stockm.models.training | training ADANIPORTS.NS / lightgbm ...
2026-08-02 11:05:00,097 | INFO    | stockm.models.storage | saved ADANIPORTS.NS / lightgbm
2026-08-02 11:05:00,142 | INFO    | stockm.models.training | ADANIPORTS.NS done | best=random_forest | val_rmse=0.027355 test_rmse=0.022770 dir_acc=0.5163 naive_test_rmse=0.022250
2026-08-02 11:05:00,150 | INFO    | stockm.baseline_runner |   ADANIPORTS.NS    best=random_forest      val_rmse=0.027355 test_rmse=0.022770 dir_acc=0.5163 beats_naive=False
2026-08-02 11:05:00,151 | INFO    | stockm.models.training | === Baseline training: ADANIENT.NS (target=target_next_return) ===
2026-08-02 11:05:00,292 | INFO    | stockm.models.training | training ADANIENT.NS / linear_regression ...
2026-08-02 11:05:00,331 | INFO    | stockm.models.storage | saved ADANIENT.NS / linear_regression
2026-08-02 11:05:00,331 | INFO    | stockm.models.training | training ADANIENT.NS / ridge ...
2026-08-02 11:05:00,361 | INFO    | stockm.models.storage | saved ADANIENT.NS / ridge
2026-08-02 11:05:00,361 | INFO    | stockm.models.training | training ADANIENT.NS / decision_tree ...
2026-08-02 11:05:00,816 | INFO    | stockm.models.storage | saved ADANIENT.NS / decision_tree
2026-08-02 11:05:00,817 | INFO    | stockm.models.training | training ADANIENT.NS / random_forest ...
2026-08-02 11:05:19,962 | INFO    | stockm.models.storage | saved ADANIENT.NS / random_forest
2026-08-02 11:05:19,962 | INFO    | stockm.models.training | training ADANIENT.NS / gradient_boosting ...
2026-08-02 11:05:20,413 | INFO    | stockm.models.storage | saved ADANIENT.NS / gradient_boosting
2026-08-02 11:05:20,413 | INFO    | stockm.models.training | training ADANIENT.NS / xgboost ...
2026-08-02 11:05:20,774 | INFO    | stockm.models.storage | saved ADANIENT.NS / xgboost
2026-08-02 11:05:20,774 | INFO    | stockm.models.training | training ADANIENT.NS / lightgbm ...
2026-08-02 11:05:20,945 | INFO    | stockm.models.storage | saved ADANIENT.NS / lightgbm
2026-08-02 11:05:20,987 | INFO    | stockm.models.training | ADANIENT.NS done | best=random_forest | val_rmse=0.042231 test_rmse=0.034956 dir_acc=0.4914 naive_test_rmse=0.024960
2026-08-02 11:05:20,996 | INFO    | stockm.baseline_runner |   ADANIENT.NS      best=random_forest      val_rmse=0.042231 test_rmse=0.034956 dir_acc=0.4914 beats_naive=False
2026-08-02 11:05:20,997 | INFO    | stockm.models.training | === Baseline training: EICHERMOT.NS (target=target_next_return) ===
2026-08-02 11:05:21,101 | INFO    | stockm.models.training | training EICHERMOT.NS / linear_regression ...
2026-08-02 11:05:21,125 | INFO    | stockm.models.storage | saved EICHERMOT.NS / linear_regression
2026-08-02 11:05:21,125 | INFO    | stockm.models.training | training EICHERMOT.NS / ridge ...
2026-08-02 11:05:21,142 | INFO    | stockm.models.storage | saved EICHERMOT.NS / ridge
2026-08-02 11:05:21,142 | INFO    | stockm.models.training | training EICHERMOT.NS / decision_tree ...
2026-08-02 11:05:21,491 | INFO    | stockm.models.storage | saved EICHERMOT.NS / decision_tree
2026-08-02 11:05:21,491 | INFO    | stockm.models.training | training EICHERMOT.NS / random_forest ...
2026-08-02 11:05:41,168 | INFO    | stockm.models.storage | saved EICHERMOT.NS / random_forest
2026-08-02 11:05:41,168 | INFO    | stockm.models.training | training EICHERMOT.NS / gradient_boosting ...
2026-08-02 11:05:41,627 | INFO    | stockm.models.storage | saved EICHERMOT.NS / gradient_boosting
2026-08-02 11:05:41,627 | INFO    | stockm.models.training | training EICHERMOT.NS / xgboost ...
2026-08-02 11:05:42,028 | INFO    | stockm.models.storage | saved EICHERMOT.NS / xgboost
2026-08-02 11:05:42,029 | INFO    | stockm.models.training | training EICHERMOT.NS / lightgbm ...
2026-08-02 11:05:42,291 | INFO    | stockm.models.storage | saved EICHERMOT.NS / lightgbm
2026-08-02 11:05:42,352 | INFO    | stockm.models.training | EICHERMOT.NS done | best=linear_regression | val_rmse=0.019540 test_rmse=0.017225 dir_acc=0.5000 naive_test_rmse=0.015953
2026-08-02 11:05:42,365 | INFO    | stockm.baseline_runner |   EICHERMOT.NS     best=linear_regression  val_rmse=0.019540 test_rmse=0.017225 dir_acc=0.5000 beats_naive=False
2026-08-02 11:05:42,366 | INFO    | stockm.models.training | === Baseline training: HEROMOTOCO.NS (target=target_next_return) ===
2026-08-02 11:05:42,474 | INFO    | stockm.models.training | training HEROMOTOCO.NS / linear_regression ...
2026-08-02 11:05:42,506 | INFO    | stockm.models.storage | saved HEROMOTOCO.NS / linear_regression
2026-08-02 11:05:42,507 | INFO    | stockm.models.training | training HEROMOTOCO.NS / ridge ...
2026-08-02 11:05:42,529 | INFO    | stockm.models.storage | saved HEROMOTOCO.NS / ridge
2026-08-02 11:05:42,529 | INFO    | stockm.models.training | training HEROMOTOCO.NS / decision_tree ...
2026-08-02 11:05:42,950 | INFO    | stockm.models.storage | saved HEROMOTOCO.NS / decision_tree
2026-08-02 11:05:42,951 | INFO    | stockm.models.training | training HEROMOTOCO.NS / random_forest ...
2026-08-02 11:06:04,641 | INFO    | stockm.models.storage | saved HEROMOTOCO.NS / random_forest
2026-08-02 11:06:04,641 | INFO    | stockm.models.training | training HEROMOTOCO.NS / gradient_boosting ...
2026-08-02 11:06:05,130 | INFO    | stockm.models.storage | saved HEROMOTOCO.NS / gradient_boosting
2026-08-02 11:06:05,130 | INFO    | stockm.models.training | training HEROMOTOCO.NS / xgboost ...
2026-08-02 11:06:05,566 | INFO    | stockm.models.storage | saved HEROMOTOCO.NS / xgboost
2026-08-02 11:06:05,566 | INFO    | stockm.models.training | training HEROMOTOCO.NS / lightgbm ...
2026-08-02 11:06:05,752 | INFO    | stockm.models.storage | saved HEROMOTOCO.NS / lightgbm
2026-08-02 11:06:05,796 | INFO    | stockm.models.training | HEROMOTOCO.NS done | best=ridge | val_rmse=0.017696 test_rmse=0.018831 dir_acc=0.5080 naive_test_rmse=0.016360
2026-08-02 11:06:05,800 | INFO    | stockm.baseline_runner |   HEROMOTOCO.NS    best=ridge              val_rmse=0.017696 test_rmse=0.018831 dir_acc=0.5080 beats_naive=False
2026-08-02 11:06:05,800 | INFO    | stockm.models.training | === Baseline training: BAJAJ-AUTO.NS (target=target_next_return) ===
2026-08-02 11:06:05,922 | INFO    | stockm.models.training | training BAJAJ-AUTO.NS / linear_regression ...
2026-08-02 11:06:05,949 | INFO    | stockm.models.storage | saved BAJAJ-AUTO.NS / linear_regression
2026-08-02 11:06:05,949 | INFO    | stockm.models.training | training BAJAJ-AUTO.NS / ridge ...
2026-08-02 11:06:05,978 | INFO    | stockm.models.storage | saved BAJAJ-AUTO.NS / ridge
2026-08-02 11:06:05,978 | INFO    | stockm.models.training | training BAJAJ-AUTO.NS / decision_tree ...
2026-08-02 11:06:06,378 | INFO    | stockm.models.storage | saved BAJAJ-AUTO.NS / decision_tree
2026-08-02 11:06:06,378 | INFO    | stockm.models.training | training BAJAJ-AUTO.NS / random_forest ...
2026-08-02 11:06:27,546 | INFO    | stockm.models.storage | saved BAJAJ-AUTO.NS / random_forest
2026-08-02 11:06:27,546 | INFO    | stockm.models.training | training BAJAJ-AUTO.NS / gradient_boosting ...
2026-08-02 11:06:28,043 | INFO    | stockm.models.storage | saved BAJAJ-AUTO.NS / gradient_boosting
2026-08-02 11:06:28,043 | INFO    | stockm.models.training | training BAJAJ-AUTO.NS / xgboost ...
2026-08-02 11:06:28,407 | INFO    | stockm.models.storage | saved BAJAJ-AUTO.NS / xgboost
2026-08-02 11:06:28,407 | INFO    | stockm.models.training | training BAJAJ-AUTO.NS / lightgbm ...
2026-08-02 11:06:28,600 | INFO    | stockm.models.storage | saved BAJAJ-AUTO.NS / lightgbm
2026-08-02 11:06:28,646 | INFO    | stockm.models.training | BAJAJ-AUTO.NS done | best=ridge | val_rmse=0.016477 test_rmse=0.021064 dir_acc=0.4659 naive_test_rmse=0.015925
2026-08-02 11:06:28,658 | INFO    | stockm.baseline_runner |   BAJAJ-AUTO.NS    best=ridge              val_rmse=0.016477 test_rmse=0.021064 dir_acc=0.4659 beats_naive=False
2026-08-02 11:06:28,658 | INFO    | stockm.models.training | === Baseline training: BRITANNIA.NS (target=target_next_return) ===
2026-08-02 11:06:28,808 | INFO    | stockm.models.training | training BRITANNIA.NS / linear_regression ...
2026-08-02 11:06:28,837 | INFO    | stockm.models.storage | saved BRITANNIA.NS / linear_regression
2026-08-02 11:06:28,838 | INFO    | stockm.models.training | training BRITANNIA.NS / ridge ...
2026-08-02 11:06:28,859 | INFO    | stockm.models.storage | saved BRITANNIA.NS / ridge
2026-08-02 11:06:28,860 | INFO    | stockm.models.training | training BRITANNIA.NS / decision_tree ...
2026-08-02 11:06:29,191 | INFO    | stockm.models.storage | saved BRITANNIA.NS / decision_tree
2026-08-02 11:06:29,191 | INFO    | stockm.models.training | training BRITANNIA.NS / random_forest ...
2026-08-02 11:06:48,571 | INFO    | stockm.models.storage | saved BRITANNIA.NS / random_forest
2026-08-02 11:06:48,571 | INFO    | stockm.models.training | training BRITANNIA.NS / gradient_boosting ...
2026-08-02 11:06:49,098 | INFO    | stockm.models.storage | saved BRITANNIA.NS / gradient_boosting
2026-08-02 11:06:49,099 | INFO    | stockm.models.training | training BRITANNIA.NS / xgboost ...
2026-08-02 11:06:49,544 | INFO    | stockm.models.storage | saved BRITANNIA.NS / xgboost
2026-08-02 11:06:49,545 | INFO    | stockm.models.training | training BRITANNIA.NS / lightgbm ...
2026-08-02 11:06:49,761 | INFO    | stockm.models.storage | saved BRITANNIA.NS / lightgbm
2026-08-02 11:06:49,807 | INFO    | stockm.models.training | BRITANNIA.NS done | best=ridge | val_rmse=0.013623 test_rmse=0.015256 dir_acc=0.5379 naive_test_rmse=0.012471
2026-08-02 11:06:49,812 | INFO    | stockm.baseline_runner |   BRITANNIA.NS     best=ridge              val_rmse=0.013623 test_rmse=0.015256 dir_acc=0.5379 beats_naive=False
2026-08-02 11:06:49,812 | INFO    | stockm.models.training | === Baseline training: UPL.NS (target=target_next_return) ===
2026-08-02 11:06:49,935 | INFO    | stockm.models.training | training UPL.NS / linear_regression ...
2026-08-02 11:06:49,961 | INFO    | stockm.models.storage | saved UPL.NS / linear_regression
2026-08-02 11:06:49,962 | INFO    | stockm.models.training | training UPL.NS / ridge ...
2026-08-02 11:06:49,981 | INFO    | stockm.models.storage | saved UPL.NS / ridge
2026-08-02 11:06:49,981 | INFO    | stockm.models.training | training UPL.NS / decision_tree ...
2026-08-02 11:06:50,345 | INFO    | stockm.models.storage | saved UPL.NS / decision_tree
2026-08-02 11:06:50,346 | INFO    | stockm.models.training | training UPL.NS / random_forest ...
2026-08-02 11:07:11,157 | INFO    | stockm.models.storage | saved UPL.NS / random_forest
2026-08-02 11:07:11,158 | INFO    | stockm.models.training | training UPL.NS / gradient_boosting ...
2026-08-02 11:07:11,625 | INFO    | stockm.models.storage | saved UPL.NS / gradient_boosting
2026-08-02 11:07:11,625 | INFO    | stockm.models.training | training UPL.NS / xgboost ...
2026-08-02 11:07:11,998 | INFO    | stockm.models.storage | saved UPL.NS / xgboost
2026-08-02 11:07:11,999 | INFO    | stockm.models.training | training UPL.NS / lightgbm ...
2026-08-02 11:07:12,174 | INFO    | stockm.models.storage | saved UPL.NS / lightgbm
2026-08-02 11:07:12,213 | INFO    | stockm.models.training | UPL.NS done | best=random_forest | val_rmse=0.022686 test_rmse=0.019058 dir_acc=0.5040 naive_test_rmse=0.018605
2026-08-02 11:07:12,218 | INFO    | stockm.baseline_runner |   UPL.NS           best=random_forest      val_rmse=0.022686 test_rmse=0.019058 dir_acc=0.5040 beats_naive=False
2026-08-02 11:07:12,219 | INFO    | stockm.models.training | === Baseline training: SHREECEM.NS (target=target_next_return) ===
2026-08-02 11:07:12,339 | INFO    | stockm.models.training | training SHREECEM.NS / linear_regression ...
2026-08-02 11:07:12,370 | INFO    | stockm.models.storage | saved SHREECEM.NS / linear_regression
2026-08-02 11:07:12,371 | INFO    | stockm.models.training | training SHREECEM.NS / ridge ...
2026-08-02 11:07:12,388 | INFO    | stockm.models.storage | saved SHREECEM.NS / ridge
2026-08-02 11:07:12,388 | INFO    | stockm.models.training | training SHREECEM.NS / decision_tree ...
2026-08-02 11:07:12,680 | INFO    | stockm.models.storage | saved SHREECEM.NS / decision_tree
2026-08-02 11:07:12,680 | INFO    | stockm.models.training | training SHREECEM.NS / random_forest ...
2026-08-02 11:07:32,095 | INFO    | stockm.models.storage | saved SHREECEM.NS / random_forest
2026-08-02 11:07:32,095 | INFO    | stockm.models.training | training SHREECEM.NS / gradient_boosting ...
2026-08-02 11:07:32,703 | INFO    | stockm.models.storage | saved SHREECEM.NS / gradient_boosting
2026-08-02 11:07:32,704 | INFO    | stockm.models.training | training SHREECEM.NS / xgboost ...
2026-08-02 11:07:33,171 | INFO    | stockm.models.storage | saved SHREECEM.NS / xgboost
2026-08-02 11:07:33,171 | INFO    | stockm.models.training | training SHREECEM.NS / lightgbm ...
2026-08-02 11:07:33,368 | INFO    | stockm.models.storage | saved SHREECEM.NS / lightgbm
2026-08-02 11:07:33,410 | INFO    | stockm.models.training | SHREECEM.NS done | best=ridge | val_rmse=0.019005 test_rmse=0.014361 dir_acc=0.5080 naive_test_rmse=0.013971
2026-08-02 11:07:33,421 | INFO    | stockm.baseline_runner |   SHREECEM.NS      best=ridge              val_rmse=0.019005 test_rmse=0.014361 dir_acc=0.5080 beats_naive=False
2026-08-02 11:07:33,421 | INFO    | stockm.models.training | === Baseline training: BPCL.NS (target=target_next_return) ===
2026-08-02 11:07:33,532 | INFO    | stockm.models.training | training BPCL.NS / linear_regression ...
2026-08-02 11:07:33,558 | INFO    | stockm.models.storage | saved BPCL.NS / linear_regression
2026-08-02 11:07:33,558 | INFO    | stockm.models.training | training BPCL.NS / ridge ...
2026-08-02 11:07:33,576 | INFO    | stockm.models.storage | saved BPCL.NS / ridge
2026-08-02 11:07:33,576 | INFO    | stockm.models.training | training BPCL.NS / decision_tree ...
2026-08-02 11:07:33,999 | INFO    | stockm.models.storage | saved BPCL.NS / decision_tree
2026-08-02 11:07:33,999 | INFO    | stockm.models.training | training BPCL.NS / random_forest ...
2026-08-02 11:07:56,633 | INFO    | stockm.models.storage | saved BPCL.NS / random_forest
2026-08-02 11:07:56,633 | INFO    | stockm.models.training | training BPCL.NS / gradient_boosting ...
2026-08-02 11:07:57,195 | INFO    | stockm.models.storage | saved BPCL.NS / gradient_boosting
2026-08-02 11:07:57,196 | INFO    | stockm.models.training | training BPCL.NS / xgboost ...
2026-08-02 11:07:57,660 | INFO    | stockm.models.storage | saved BPCL.NS / xgboost
2026-08-02 11:07:57,661 | INFO    | stockm.models.training | training BPCL.NS / lightgbm ...
2026-08-02 11:07:57,870 | INFO    | stockm.models.storage | saved BPCL.NS / lightgbm
2026-08-02 11:07:57,915 | INFO    | stockm.models.training | BPCL.NS done | best=random_forest | val_rmse=0.019647 test_rmse=0.021842 dir_acc=0.4847 naive_test_rmse=0.019319
2026-08-02 11:07:57,921 | INFO    | stockm.baseline_runner |   BPCL.NS          best=random_forest      val_rmse=0.019647 test_rmse=0.021842 dir_acc=0.4847 beats_naive=False
2026-08-02 11:07:57,921 | INFO    | stockm.models.training | === Baseline training: TATACONSUM.NS (target=target_next_return) ===
2026-08-02 11:07:58,061 | INFO    | stockm.models.training | training TATACONSUM.NS / linear_regression ...
2026-08-02 11:07:58,089 | INFO    | stockm.models.storage | saved TATACONSUM.NS / linear_regression
2026-08-02 11:07:58,090 | INFO    | stockm.models.training | training TATACONSUM.NS / ridge ...
2026-08-02 11:07:58,106 | INFO    | stockm.models.storage | saved TATACONSUM.NS / ridge
2026-08-02 11:07:58,107 | INFO    | stockm.models.training | training TATACONSUM.NS / decision_tree ...
2026-08-02 11:07:58,459 | INFO    | stockm.models.storage | saved TATACONSUM.NS / decision_tree
2026-08-02 11:07:58,459 | INFO    | stockm.models.training | training TATACONSUM.NS / random_forest ...
2026-08-02 11:08:17,546 | INFO    | stockm.models.storage | saved TATACONSUM.NS / random_forest
2026-08-02 11:08:17,547 | INFO    | stockm.models.training | training TATACONSUM.NS / gradient_boosting ...
2026-08-02 11:08:18,102 | INFO    | stockm.models.storage | saved TATACONSUM.NS / gradient_boosting
2026-08-02 11:08:18,102 | INFO    | stockm.models.training | training TATACONSUM.NS / xgboost ...
2026-08-02 11:08:18,495 | INFO    | stockm.models.storage | saved TATACONSUM.NS / xgboost
2026-08-02 11:08:18,496 | INFO    | stockm.models.training | training TATACONSUM.NS / lightgbm ...
2026-08-02 11:08:18,672 | INFO    | stockm.models.storage | saved TATACONSUM.NS / lightgbm
2026-08-02 11:08:18,715 | INFO    | stockm.models.training | TATACONSUM.NS done | best=random_forest | val_rmse=0.018669 test_rmse=0.017177 dir_acc=0.4900 naive_test_rmse=0.014395
2026-08-02 11:08:18,719 | INFO    | stockm.baseline_runner |   TATACONSUM.NS    best=random_forest      val_rmse=0.018669 test_rmse=0.017177 dir_acc=0.4900 beats_naive=False
2026-08-02 11:08:18,719 | INFO    | stockm.models.training | === Baseline training: INDUSINDBK.NS (target=target_next_return) ===
2026-08-02 11:08:18,841 | INFO    | stockm.models.training | training INDUSINDBK.NS / linear_regression ...
2026-08-02 11:08:18,866 | INFO    | stockm.models.storage | saved INDUSINDBK.NS / linear_regression
2026-08-02 11:08:18,866 | INFO    | stockm.models.training | training INDUSINDBK.NS / ridge ...
2026-08-02 11:08:18,882 | INFO    | stockm.models.storage | saved INDUSINDBK.NS / ridge
2026-08-02 11:08:18,882 | INFO    | stockm.models.training | training INDUSINDBK.NS / decision_tree ...
2026-08-02 11:08:19,593 | INFO    | stockm.models.storage | saved INDUSINDBK.NS / decision_tree
2026-08-02 11:08:19,593 | INFO    | stockm.models.training | training INDUSINDBK.NS / random_forest ...
2026-08-02 11:08:47,595 | INFO    | stockm.models.storage | saved INDUSINDBK.NS / random_forest
2026-08-02 11:08:47,596 | INFO    | stockm.models.training | training INDUSINDBK.NS / gradient_boosting ...
2026-08-02 11:08:48,138 | INFO    | stockm.models.storage | saved INDUSINDBK.NS / gradient_boosting
2026-08-02 11:08:48,138 | INFO    | stockm.models.training | training INDUSINDBK.NS / xgboost ...
2026-08-02 11:08:48,556 | INFO    | stockm.models.storage | saved INDUSINDBK.NS / xgboost
2026-08-02 11:08:48,556 | INFO    | stockm.models.training | training INDUSINDBK.NS / lightgbm ...
2026-08-02 11:08:48,743 | INFO    | stockm.models.storage | saved INDUSINDBK.NS / lightgbm
2026-08-02 11:08:48,784 | INFO    | stockm.models.training | INDUSINDBK.NS done | best=random_forest | val_rmse=0.030457 test_rmse=0.025365 dir_acc=0.4768 naive_test_rmse=0.022042
2026-08-02 11:08:48,794 | INFO    | stockm.baseline_runner |   INDUSINDBK.NS    best=random_forest      val_rmse=0.030457 test_rmse=0.025365 dir_acc=0.4768 beats_naive=False
2026-08-02 11:08:48,794 | INFO    | stockm.models.training | === Baseline training: SBILIFE.NS (target=target_next_return) ===
2026-08-02 11:08:48,868 | INFO    | stockm.models.training | training SBILIFE.NS / linear_regression ...
2026-08-02 11:08:48,891 | INFO    | stockm.models.storage | saved SBILIFE.NS / linear_regression
2026-08-02 11:08:48,891 | INFO    | stockm.models.training | training SBILIFE.NS / ridge ...
2026-08-02 11:08:48,909 | INFO    | stockm.models.storage | saved SBILIFE.NS / ridge
2026-08-02 11:08:48,909 | INFO    | stockm.models.training | training SBILIFE.NS / decision_tree ...
2026-08-02 11:08:49,026 | INFO    | stockm.models.storage | saved SBILIFE.NS / decision_tree
2026-08-02 11:08:49,026 | INFO    | stockm.models.training | training SBILIFE.NS / random_forest ...
2026-08-02 11:08:54,721 | INFO    | stockm.models.storage | saved SBILIFE.NS / random_forest
2026-08-02 11:08:54,722 | INFO    | stockm.models.training | training SBILIFE.NS / gradient_boosting ...
2026-08-02 11:08:55,260 | INFO    | stockm.models.storage | saved SBILIFE.NS / gradient_boosting
2026-08-02 11:08:55,261 | INFO    | stockm.models.training | training SBILIFE.NS / xgboost ...
2026-08-02 11:08:55,598 | INFO    | stockm.models.storage | saved SBILIFE.NS / xgboost
2026-08-02 11:08:55,599 | INFO    | stockm.models.training | training SBILIFE.NS / lightgbm ...
2026-08-02 11:08:55,803 | INFO    | stockm.models.storage | saved SBILIFE.NS / lightgbm
2026-08-02 11:08:55,840 | INFO    | stockm.models.training | SBILIFE.NS done | best=random_forest | val_rmse=0.016053 test_rmse=0.012696 dir_acc=0.4948 naive_test_rmse=0.012243
2026-08-02 11:08:55,841 | INFO    | stockm.baseline_runner |   SBILIFE.NS       best=random_forest      val_rmse=0.016053 test_rmse=0.012696 dir_acc=0.4948 beats_naive=False
2026-08-02 11:08:55,842 | INFO    | stockm.models.training | === Baseline training: HINDALCO.NS (target=target_next_return) ===
2026-08-02 11:08:55,987 | INFO    | stockm.models.training | training HINDALCO.NS / linear_regression ...
2026-08-02 11:08:56,012 | INFO    | stockm.models.storage | saved HINDALCO.NS / linear_regression
2026-08-02 11:08:56,012 | INFO    | stockm.models.training | training HINDALCO.NS / ridge ...
2026-08-02 11:08:56,034 | INFO    | stockm.models.storage | saved HINDALCO.NS / ridge
2026-08-02 11:08:56,034 | INFO    | stockm.models.training | training HINDALCO.NS / decision_tree ...
2026-08-02 11:08:56,460 | INFO    | stockm.models.storage | saved HINDALCO.NS / decision_tree
2026-08-02 11:08:56,461 | INFO    | stockm.models.training | training HINDALCO.NS / random_forest ...
2026-08-02 11:09:17,875 | INFO    | stockm.models.storage | saved HINDALCO.NS / random_forest
2026-08-02 11:09:17,875 | INFO    | stockm.models.training | training HINDALCO.NS / gradient_boosting ...
2026-08-02 11:09:18,418 | INFO    | stockm.models.storage | saved HINDALCO.NS / gradient_boosting
2026-08-02 11:09:18,418 | INFO    | stockm.models.training | training HINDALCO.NS / xgboost ...
2026-08-02 11:09:19,097 | INFO    | stockm.models.storage | saved HINDALCO.NS / xgboost
2026-08-02 11:09:19,098 | INFO    | stockm.models.training | training HINDALCO.NS / lightgbm ...
2026-08-02 11:09:19,350 | INFO    | stockm.models.storage | saved HINDALCO.NS / lightgbm
2026-08-02 11:09:19,401 | INFO    | stockm.models.training | HINDALCO.NS done | best=ridge | val_rmse=0.029508 test_rmse=0.036073 dir_acc=0.4496 naive_test_rmse=0.018441
2026-08-02 11:09:19,407 | INFO    | stockm.baseline_runner |   HINDALCO.NS      best=ridge              val_rmse=0.029508 test_rmse=0.036073 dir_acc=0.4496 beats_naive=False
2026-08-02 11:09:19,407 | INFO    | stockm.models.training | === Baseline training: DABUR.NS (target=target_next_return) ===
2026-08-02 11:09:19,534 | INFO    | stockm.models.training | training DABUR.NS / linear_regression ...
2026-08-02 11:09:19,567 | INFO    | stockm.models.storage | saved DABUR.NS / linear_regression
2026-08-02 11:09:19,567 | INFO    | stockm.models.training | training DABUR.NS / ridge ...
2026-08-02 11:09:19,591 | INFO    | stockm.models.storage | saved DABUR.NS / ridge
2026-08-02 11:09:19,591 | INFO    | stockm.models.training | training DABUR.NS / decision_tree ...
2026-08-02 11:09:20,108 | INFO    | stockm.models.storage | saved DABUR.NS / decision_tree
2026-08-02 11:09:20,108 | INFO    | stockm.models.training | training DABUR.NS / random_forest ...
2026-08-02 11:09:43,023 | INFO    | stockm.models.storage | saved DABUR.NS / random_forest
2026-08-02 11:09:43,023 | INFO    | stockm.models.training | training DABUR.NS / gradient_boosting ...
2026-08-02 11:09:43,521 | INFO    | stockm.models.storage | saved DABUR.NS / gradient_boosting
2026-08-02 11:09:43,522 | INFO    | stockm.models.training | training DABUR.NS / xgboost ...
2026-08-02 11:09:44,075 | INFO    | stockm.models.storage | saved DABUR.NS / xgboost
2026-08-02 11:09:44,076 | INFO    | stockm.models.training | training DABUR.NS / lightgbm ...
2026-08-02 11:09:44,274 | INFO    | stockm.models.storage | saved DABUR.NS / lightgbm
2026-08-02 11:09:44,320 | INFO    | stockm.models.training | DABUR.NS done | best=random_forest | val_rmse=0.014234 test_rmse=0.015510 dir_acc=0.4987 naive_test_rmse=0.013424
2026-08-02 11:09:44,332 | INFO    | stockm.baseline_runner |   DABUR.NS         best=random_forest      val_rmse=0.014234 test_rmse=0.015510 dir_acc=0.4987 beats_naive=False
2026-08-02 11:09:44,332 | INFO    | stockm.models.training | === Baseline training: JSPL.NS (target=target_next_return) ===
2026-08-02 11:09:44,451 | INFO    | stockm.models.training | training JSPL.NS / linear_regression ...
2026-08-02 11:09:44,474 | INFO    | stockm.models.storage | saved JSPL.NS / linear_regression
2026-08-02 11:09:44,474 | INFO    | stockm.models.training | training JSPL.NS / ridge ...
2026-08-02 11:09:44,490 | INFO    | stockm.models.storage | saved JSPL.NS / ridge
2026-08-02 11:09:44,490 | INFO    | stockm.models.training | training JSPL.NS / decision_tree ...
2026-08-02 11:09:44,872 | INFO    | stockm.models.storage | saved JSPL.NS / decision_tree
2026-08-02 11:09:44,873 | INFO    | stockm.models.training | training JSPL.NS / random_forest ...
2026-08-02 11:10:04,186 | INFO    | stockm.models.storage | saved JSPL.NS / random_forest
2026-08-02 11:10:04,186 | INFO    | stockm.models.training | training JSPL.NS / gradient_boosting ...
2026-08-02 11:10:04,563 | INFO    | stockm.models.storage | saved JSPL.NS / gradient_boosting
2026-08-02 11:10:04,564 | INFO    | stockm.models.training | training JSPL.NS / xgboost ...
2026-08-02 11:10:05,027 | INFO    | stockm.models.storage | saved JSPL.NS / xgboost
2026-08-02 11:10:05,027 | INFO    | stockm.models.training | training JSPL.NS / lightgbm ...
2026-08-02 11:10:05,177 | INFO    | stockm.models.storage | saved JSPL.NS / lightgbm
2026-08-02 11:10:05,211 | INFO    | stockm.models.training | JSPL.NS done | best=linear_regression | val_rmse=0.029707 test_rmse=0.020764 dir_acc=0.4715 naive_test_rmse=0.019543
2026-08-02 11:10:05,216 | INFO    | stockm.baseline_runner |   JSPL.NS          best=linear_regression  val_rmse=0.029707 test_rmse=0.020764 dir_acc=0.4715 beats_naive=False
2026-08-02 11:10:05,218 | INFO    | stockm.baseline_runner | 
=== Global leaderboard (by validation RMSE) ===
2026-08-02 11:10:05,219 | INFO    | stockm.baseline_runner |    1. NESTLEIND.NS     best=ridge              val_rmse=0.011906 test_rmse=0.013482 dir_acc=0.5376
2026-08-02 11:10:05,219 | INFO    | stockm.baseline_runner |    2. BRITANNIA.NS     best=ridge              val_rmse=0.013623 test_rmse=0.015256 dir_acc=0.5379
2026-08-02 11:10:05,219 | INFO    | stockm.baseline_runner |    3. DABUR.NS         best=random_forest      val_rmse=0.014234 test_rmse=0.015510 dir_acc=0.4987
2026-08-02 11:10:05,219 | INFO    | stockm.baseline_runner |    4. HINDUNILVR.NS    best=random_forest      val_rmse=0.014300 test_rmse=0.012686 dir_acc=0.5312
2026-08-02 11:10:05,220 | INFO    | stockm.baseline_runner |    5. HDFCLIFE.NS      best=ridge              val_rmse=0.015227 test_rmse=0.014589 dir_acc=0.4542
2026-08-02 11:10:05,220 | INFO    | stockm.baseline_runner |    6. TCS.NS           best=ridge              val_rmse=0.015405 test_rmse=0.017176 dir_acc=0.4721
2026-08-02 11:10:05,220 | INFO    | stockm.baseline_runner |    7. ITC.NS           best=linear_regression  val_rmse=0.015777 test_rmse=0.013552 dir_acc=0.5125
2026-08-02 11:10:05,220 | INFO    | stockm.baseline_runner |    8. SBILIFE.NS       best=random_forest      val_rmse=0.016053 test_rmse=0.012696 dir_acc=0.4948
2026-08-02 11:10:05,220 | INFO    | stockm.baseline_runner |    9. SUNPHARMA.NS     best=random_forest      val_rmse=0.016363 test_rmse=0.016720 dir_acc=0.5246
2026-08-02 11:10:05,220 | INFO    | stockm.baseline_runner |   10. BAJAJ-AUTO.NS    best=ridge              val_rmse=0.016477 test_rmse=0.021064 dir_acc=0.4659
2026-08-02 11:10:05,221 | INFO    | stockm.baseline_runner |   11. DRREDDY.NS       best=ridge              val_rmse=0.016707 test_rmse=0.013995 dir_acc=0.4834
2026-08-02 11:10:05,221 | INFO    | stockm.baseline_runner |   12. CIPLA.NS         best=random_forest      val_rmse=0.016708 test_rmse=0.015209 dir_acc=0.5280
2026-08-02 11:10:05,221 | INFO    | stockm.baseline_runner |   13. POWERGRID.NS     best=ridge              val_rmse=0.016892 test_rmse=0.033546 dir_acc=0.5130
2026-08-02 11:10:05,221 | INFO    | stockm.baseline_runner |   14. ASIANPAINT.NS    best=random_forest      val_rmse=0.017060 test_rmse=0.013779 dir_acc=0.4953
2026-08-02 11:10:05,221 | INFO    | stockm.baseline_runner |   15. HDFCBANK.NS      best=random_forest      val_rmse=0.017141 test_rmse=0.013626 dir_acc=0.5007
2026-08-02 11:10:05,221 | INFO    | stockm.baseline_runner |   16. ULTRACEMCO.NS    best=linear_regression  val_rmse=0.017310 test_rmse=0.018490 dir_acc=0.4776
2026-08-02 11:10:05,221 | INFO    | stockm.baseline_runner |   17. MARUTI.NS        best=ridge              val_rmse=0.017561 test_rmse=0.016216 dir_acc=0.4894
2026-08-02 11:10:05,222 | INFO    | stockm.baseline_runner |   18. HEROMOTOCO.NS    best=ridge              val_rmse=0.017696 test_rmse=0.018831 dir_acc=0.5080
2026-08-02 11:10:05,222 | INFO    | stockm.baseline_runner |   19. INFY.NS          best=ridge              val_rmse=0.017860 test_rmse=0.017613 dir_acc=0.4941
2026-08-02 11:10:05,222 | INFO    | stockm.baseline_runner |   20. RELIANCE.NS      best=random_forest      val_rmse=0.018006 test_rmse=0.014038 dir_acc=0.5106
2026-08-02 11:10:05,222 | INFO    | stockm.baseline_runner |   21. GRASIM.NS        best=random_forest      val_rmse=0.018233 test_rmse=0.015014 dir_acc=0.5079
2026-08-02 11:10:05,222 | INFO    | stockm.baseline_runner |   22. KOTAKBANK.NS     best=random_forest      val_rmse=0.018243 test_rmse=0.014612 dir_acc=0.5232
2026-08-02 11:10:05,222 | INFO    | stockm.baseline_runner |   23. LT.NS            best=ridge              val_rmse=0.018553 test_rmse=0.061885 dir_acc=0.4861
2026-08-02 11:10:05,223 | INFO    | stockm.baseline_runner |   24. HCLTECH.NS       best=lightgbm           val_rmse=0.018556 test_rmse=0.017896 dir_acc=0.4840
2026-08-02 11:10:05,223 | INFO    | stockm.baseline_runner |   25. NTPC.NS          best=random_forest      val_rmse=0.018596 test_rmse=0.019903 dir_acc=0.4732
2026-08-02 11:10:05,223 | INFO    | stockm.baseline_runner |   26. TATACONSUM.NS    best=random_forest      val_rmse=0.018669 test_rmse=0.017177 dir_acc=0.4900
2026-08-02 11:10:05,223 | INFO    | stockm.baseline_runner |   27. BHARTIARTL.NS    best=ridge              val_rmse=0.018771 test_rmse=0.026094 dir_acc=0.4660
2026-08-02 11:10:05,223 | INFO    | stockm.baseline_runner |   28. WIPRO.NS         best=random_forest      val_rmse=0.018915 test_rmse=0.016637 dir_acc=0.5172
2026-08-02 11:10:05,223 | INFO    | stockm.baseline_runner |   29. SHREECEM.NS      best=ridge              val_rmse=0.019005 test_rmse=0.014361 dir_acc=0.5080
2026-08-02 11:10:05,223 | INFO    | stockm.baseline_runner |   30. TITAN.NS         best=ridge              val_rmse=0.019258 test_rmse=0.016071 dir_acc=0.5199
2026-08-02 11:10:05,224 | INFO    | stockm.baseline_runner |   31. EICHERMOT.NS     best=linear_regression  val_rmse=0.019540 test_rmse=0.017225 dir_acc=0.5000
2026-08-02 11:10:05,224 | INFO    | stockm.baseline_runner |   32. BPCL.NS          best=random_forest      val_rmse=0.019647 test_rmse=0.021842 dir_acc=0.4847
2026-08-02 11:10:05,224 | INFO    | stockm.baseline_runner |   33. TECHM.NS         best=random_forest      val_rmse=0.019849 test_rmse=0.019253 dir_acc=0.4949
2026-08-02 11:10:05,224 | INFO    | stockm.baseline_runner |   34. COALINDIA.NS     best=random_forest      val_rmse=0.020243 test_rmse=0.017543 dir_acc=0.5093
2026-08-02 11:10:05,224 | INFO    | stockm.baseline_runner |   35. DIVISLAB.NS      best=lightgbm           val_rmse=0.020304 test_rmse=0.017072 dir_acc=0.5227
2026-08-02 11:10:05,224 | INFO    | stockm.baseline_runner |   36. SBIN.NS          best=ridge              val_rmse=0.021013 test_rmse=0.027478 dir_acc=0.4632
2026-08-02 11:10:05,224 | INFO    | stockm.baseline_runner |   37. ICICIBANK.NS     best=random_forest      val_rmse=0.021121 test_rmse=0.015742 dir_acc=0.4980
2026-08-02 11:10:05,225 | INFO    | stockm.baseline_runner |   38. M&M.NS           best=random_forest      val_rmse=0.021527 test_rmse=0.025101 dir_acc=0.4775
2026-08-02 11:10:05,225 | INFO    | stockm.baseline_runner |   39. AXISBANK.NS      best=ridge              val_rmse=0.021833 test_rmse=0.018249 dir_acc=0.4894
2026-08-02 11:10:05,225 | INFO    | stockm.baseline_runner |   40. UPL.NS           best=random_forest      val_rmse=0.022686 test_rmse=0.019058 dir_acc=0.5040
2026-08-02 11:10:05,225 | INFO    | stockm.baseline_runner |   41. Bajajfinsv.NS    best=linear_regression  val_rmse=0.022985 test_rmse=0.016238 dir_acc=0.4768
2026-08-02 11:10:05,225 | INFO    | stockm.baseline_runner |   42. BAJFINANCE.NS    best=random_forest      val_rmse=0.025632 test_rmse=0.020726 dir_acc=0.4820
2026-08-02 11:10:05,226 | INFO    | stockm.baseline_runner |   43. TATASTEEL.NS     best=random_forest      val_rmse=0.026876 test_rmse=0.022747 dir_acc=0.4768
2026-08-02 11:10:05,226 | INFO    | stockm.baseline_runner |   44. ADANIPORTS.NS    best=random_forest      val_rmse=0.027355 test_rmse=0.022770 dir_acc=0.5163
2026-08-02 11:10:05,226 | INFO    | stockm.baseline_runner |   45. ONGC.NS          best=gradient_boosting  val_rmse=0.028750 test_rmse=0.026393 dir_acc=0.5046
2026-08-02 11:10:05,226 | INFO    | stockm.baseline_runner |   46. JSWSTEEL.NS      best=lightgbm           val_rmse=0.029466 test_rmse=0.021529 dir_acc=0.4814
2026-08-02 11:10:05,226 | INFO    | stockm.baseline_runner |   47. HINDALCO.NS      best=ridge              val_rmse=0.029508 test_rmse=0.036073 dir_acc=0.4496
2026-08-02 11:10:05,226 | INFO    | stockm.baseline_runner |   48. JSPL.NS          best=linear_regression  val_rmse=0.029707 test_rmse=0.020764 dir_acc=0.4715
2026-08-02 11:10:05,226 | INFO    | stockm.baseline_runner |   49. INDUSINDBK.NS    best=random_forest      val_rmse=0.030457 test_rmse=0.025365 dir_acc=0.4768
2026-08-02 11:10:05,227 | INFO    | stockm.baseline_runner |   50. ADANIENT.NS      best=random_forest      val_rmse=0.042231 test_rmse=0.034956 dir_acc=0.4914
2026-08-02 11:10:05,227 | INFO    | stockm.baseline_runner | 
Done. 50/51 succeeded | 1 failure(s).
2026-08-02 11:10:05,227 | INFO    | stockm.baseline_runner |   FAILED TATAMOTORS.NS: Prepared train not found for TATAMOTORS.NS: C:\stockM\data\prepared\TATAMOTORS_NS\train.csv. Run the EDA pipeline first (src/run_eda_pipeline.py).
