{
  "method": "standard",
  "columns": [
    "momentum_20",
    "price_diff",
    "week",
    "volume_lag_1",
    "macd",
    "rolling_var_20",
    "volume_lag_3",
    "year",
    "return_lag_1",
    "vma_10",
    "return_lag_20",
    "obv",
    "vma_20",
    "bb_pct",
    "dist_sma_20",
    "sma_200",
    "return_lag_3",
    "rolling_vol_20",
    "dist_sma_10",
    "momentum_5",
    "volume_lag_10",
    "bb_width",
    "return_lag_10",
    "open_lag_20",
    "rsi",
    "volume_change",
    "rolling_vol_5",
    "Volume",
    "rolling_var_10",
    "dist_sma_100",
    "day_of_month",
    "vma_5",
    "open_close_diff",
    "high_low_range",
    "atr",
    "dist_sma_5",
    "macd_hist",
    "rolling_var_5",
    "volume_momentum",
    "volume_change_ratio"
  ],
  "mean_": [
    2.049483017284721,
    0.1280037990309714,
    27.03560830860534,
    3478479.305519288,
    0.7882120347595343,
    307.0042754825553,
    3474539.6734718103,
    2020.9094955489613,
    0.0002916186234032896,
    3548235.302209199,
    0.0002481875983504166,
    313659603.0582493,
    3544871.711914688,
    0.5137633793276085,
    0.0025400861279812437,
    548.7882580298608,
    0.0002868691333931905,
    0.2729550933668606,
    0.0012912703797628257,
    0.7046606160059179,
    3461422.387121662,
    0.11472995463054146,
    0.0003093104655327399,
    569.0342637761056,
    51.18344817932215,
    16957.510727002624,
    0.24998710722645634,
    3480532.1608605343,
    163.86780692240535,
    0.013148835901853043,
    15.741097922848665,
    3549620.2705074176,
    -0.001132570025257343,
    0.02567119935801311,
    14.894648155092739,
    0.0005769145015685808,
    -0.0007907188291630624,
    91.00671573962566,
    1.0132352378270089,
    1.2159275796787845
  ],
  "scale_": [
    41.65614565538652,
    9.446956832214708,
    15.526045189595681,
    2995330.4386972417,
    10.392546401540594,
    356.7855562232328,
    2997465.6167428843,
    1.6014085178611082,
    0.017114269388976335,
    1880822.1301972906,
    0.017015893856080204,
    157040568.23878255,
    1582603.8536911171,
    0.32821203376861063,
    0.04145974654289893,
    84.22493277253619,
    0.017113263602708217,
    0.14511831943942216,
    0.02821827708591208,
    19.989593933831806,
    2999406.0158476513,
    0.06195810393327433,
    0.017088545740996167,
    99.17162498398412,
    16.44472394120833,
    2922853.18897277,
    0.14979966256660068,
    2994273.5477672517,
    219.14000176682435,
    0.09699914920956414,
    8.7641637452535,
    2237672.3899968755,
    0.015936964660058832,
    0.013857124195256898,
    4.900151720266347,
    0.01846822263213,
    3.0114974614243266,
    123.41917475814772,
    0.38496516190123586,
    0.9546225985334542
  ]
}