{
  "method": "standard",
  "columns": [
    "atr",
    "rolling_vol_10",
    "High",
    "return_lag_1",
    "volume_change",
    "day_of_month",
    "volume_lag_20",
    "return_lag_3",
    "volume_change_ratio",
    "roc_10",
    "vma_10",
    "rolling_vol_5",
    "day_of_week_sin",
    "atr_pct",
    "vma_20",
    "volume_ratio_20",
    "bb_pct",
    "dist_sma_20",
    "vma_5",
    "month_cos",
    "return_lag_20",
    "roc_20",
    "momentum_5",
    "Volume",
    "volume_momentum",
    "high_low_range",
    "week",
    "dist_sma_200",
    "volume_lag_1",
    "rolling_var_5",
    "volume_lag_10",
    "volume_ratio_5",
    "return_lag_10",
    "dist_sma_5",
    "volume_lag_5",
    "momentum_20",
    "price_diff",
    "dist_sma_10",
    "rolling_var_20",
    "open_close_diff"
  ],
  "mean_": [
    8.325031189293435,
    0.36547213105612536,
    238.08685911931585,
    0.0004715139053541515,
    -16113.846399551681,
    15.831325301204819,
    2079501.9745362848,
    0.0005194793233282614,
    1.2822024273117907,
    0.008603848048919997,
    2153008.768752032,
    0.34772393532216933,
    0.35450000227821876,
    0.041790401364131056,
    2150872.740066125,
    1.0095908619719192,
    0.5357632944823872,
    0.006112046128207057,
    2143041.724888765,
    0.007264836993632733,
    0.0003951462514282574,
    0.01677476209386284,
    0.5706536024269452,
    2100302.635001401,
    1.0088517041728546,
    0.040542515564422156,
    26.38582235920426,
    0.07224427019265216,
    2104615.174939759,
    29.423252009131662,
    2090617.605626226,
    1.007408390385976,
    0.000434968942356892,
    0.0012144768713148269,
    2097952.938716728,
    2.103568715966359,
    0.10077120502244233,
    0.0029553251495499106,
    96.85804058720329,
    -0.0006137230218255765
  ],
  "scale_": [
    5.454801802726076,
    0.16156637030880638,
    184.04817924920062,
    0.023982139049731024,
    1544581.490034574,
    8.765147523249224,
    1705218.7094908198,
    0.023918845644660132,
    1.0541761730059767,
    0.07535044195234468,
    1370826.3312358977,
    0.1863545740533114,
    0.5133248002908041,
    0.01730042008441513,
    1237671.0124442696,
    0.6657704444109774,
    0.31969286827195037,
    0.057988291966391256,
    1475409.0666731142,
    0.712792219023678,
    0.023897384792376533,
    0.10610726109877605,
    11.450703299278125,
    1715279.2050126498,
    0.367684517190729,
    0.023286892652868835,
    15.182256187575941,
    0.18201628808725895,
    1721236.0093958327,
    63.092863883035314,
    1706691.916242772,
    0.509511045970873,
    0.023940518065672885,
    0.026673192916277226,
    1721450.5286195774,
    22.132333979930667,
    4.917944906326153,
    0.03990170976662409,
    176.1582306353496,
    0.02432805742986823
  ]
}