{
  "method": "standard",
  "columns": [
    "rolling_var_20",
    "obv",
    "dist_sma_5",
    "bb_width",
    "volume_momentum",
    "volume_lag_5",
    "dist_sma_200",
    "volume_ratio_10",
    "dist_sma_10",
    "day_of_week",
    "momentum_5",
    "return_lag_5",
    "rolling_vol_10",
    "day_of_month",
    "rsi",
    "macd",
    "month_sin",
    "high_low_range",
    "bb_upper",
    "pct_change_1d",
    "roc_10",
    "day_of_week_sin",
    "Volume",
    "bb_pct",
    "momentum_10",
    "volume_ratio_5",
    "month_cos",
    "macd_hist",
    "momentum_20",
    "dist_sma_100",
    "roc_5",
    "return_lag_3",
    "roc_20",
    "return_lag_20",
    "rolling_vol_20",
    "volume_change_ratio",
    "volume_ratio_20",
    "volume_lag_20",
    "rolling_vol_5",
    "price_diff"
  ],
  "mean_": [
    314.0880067514496,
    2955230370.168305,
    0.002201225825422366,
    0.15795744197860304,
    0.9997707211265956,
    3956444.6624264503,
    0.12662844628779682,
    1.0025542044953868,
    0.005146084747190771,
    1.9935556178201177,
    1.6864202490304527,
    0.0010484266647899517,
    0.3600500725819371,
    15.831325301204819,
    53.99119318643031,
    1.9927694574199202,
    0.006389422128689642,
    0.037358537038238805,
    351.23932155702204,
    0.001320443315455763,
    0.013449694367253025,
    0.35450000227821876,
    3940993.5236760997,
    0.5674296174721417,
    3.273514471441535,
    1.004121118880112,
    0.007264836993632733,
    0.024711347947586934,
    5.61434047576058,
    0.05867703765679843,
    0.006860599130153525,
    0.0010192483393246523,
    0.026874360060241857,
    0.0009944082980313284,
    0.37164745837506474,
    1.2174951198898674,
    0.9987706807396339,
    4031632.328439339,
    0.3417858643787391,
    0.2906967030335761
  ],
  "scale_": [
    950.2415712983565,
    294949553.1546816,
    0.025694667608202965,
    0.09202218869616766,
    0.3663594166602468,
    6911991.191225937,
    0.19510241512578863,
    0.5701762235675331,
    0.03891541339558189,
    1.4113231184179889,
    17.284345274720636,
    0.02344975819245961,
    0.1832247808903419,
    8.765147523249224,
    16.452244295791324,
    10.085442617839565,
    0.7013085269178027,
    0.022500154909573515,
    351.22765740415196,
    0.023554199791371803,
    0.07397710938466567,
    0.5133248002908041,
    6867085.071221115,
    0.31865421040627195,
    24.25571266731184,
    0.4754229196651133,
    0.712792219023678,
    2.7991237835050784,
    40.01091668594162,
    0.13014934539980527,
    0.05259847557801239,
    0.02346354184331899,
    0.10712676715533366,
    0.02334901695821037,
    0.16540843165592134,
    0.9259897090460786,
    0.6430872947759636,
    7035235.087294778,
    0.21329214954027825,
    7.3730959085215035
  ]
}