{
  "method": "standard",
  "columns": [
    "trading_day_number",
    "month_cos",
    "day_of_week",
    "return_lag_10",
    "rsi",
    "rolling_vol_20",
    "vma_20",
    "obv",
    "volume_change",
    "dist_sma_5",
    "momentum_10",
    "bb_pct",
    "Volume",
    "price_diff",
    "volume_ratio_10",
    "volume_lag_10",
    "rolling_var_5",
    "volume_momentum",
    "return_lag_1",
    "atr",
    "day_of_week_sin",
    "roc_10",
    "vma_10",
    "open_close_diff",
    "macd_hist",
    "momentum_20",
    "rolling_vol_10",
    "volume_ratio_20",
    "price_diff_pct",
    "return_lag_5",
    "volume_lag_20",
    "day_of_month",
    "volume_lag_5",
    "return_lag_3",
    "bb_width",
    "dist_sma_200",
    "volume_change_ratio",
    "high_low_range",
    "dist_sma_20",
    "atr_pct"
  ],
  "mean_": [
    1988.0599607733259,
    0.007264836993632733,
    1.9935556178201177,
    0.0010088261569300748,
    53.40300646080566,
    0.31645209151971554,
    18773.53594115999,
    4893289.497450267,
    -30.235954048751225,
    0.00227072269930308,
    55.069096966992255,
    0.5601182291697501,
    18308.906662930793,
    5.2534420284699905,
    1.0108137110941398,
    18110.390137293358,
    31610.89515473038,
    1.0058802146181092,
    0.0010548793684699326,
    244.23699267254665,
    0.35450000227821876,
    0.01324364671353935,
    18675.561473802194,
    -0.00013727609464812276,
    -0.42143810929994346,
    110.4925383141396,
    0.30682517759835165,
    1.0065529869718988,
    0.0012644465611862546,
    0.001051898988128033,
    17962.385654244885,
    15.831325301204819,
    18263.356088540208,
    0.0010624524501055932,
    0.15459668113155767,
    0.13120314183586682,
    1.9315445310609225,
    0.038323231894840167,
    0.010865121383894944,
    0.03929460231868212
  ],
  "scale_": [
    1031.4387277682322,
    0.712792219023678,
    1.4113231184179889,
    0.020165058400954502,
    18.697449410152863,
    0.12068810318464933,
    11880.169014240968,
    1904561.789644494,
    24353.86504239915,
    0.02375730856562709,
    541.4188937908028,
    0.3272909576651943,
    21429.39278013887,
    161.48125063104783,
    0.9226869574831202,
    21147.83393837144,
    70624.72751352098,
    0.4964629069745216,
    0.020179727355032588,
    227.05488821194706,
    0.5133248002908041,
    0.07334521532687947,
    12915.759166340886,
    0.02248238304400964,
    57.255475501171105,
    740.0847344546304,
    0.13751147330849944,
    1.0222479609670423,
    0.02019157939914211,
    0.020177817790128994,
    20924.35329329042,
    8.765147523249224,
    21408.959791040943,
    0.020149012138017848,
    0.08796335353040406,
    0.25267236219564265,
    3.19002536724886,
    0.023336888394312215,
    0.05839583731333994,
    0.015548371807396698
  ]
}