{
  "method": "standard",
  "columns": [
    "volume_lag_20",
    "rolling_var_10",
    "atr",
    "day_of_month",
    "high_low_range",
    "High",
    "roc_20",
    "rolling_vol_20",
    "Volume",
    "dist_sma_50",
    "return_lag_10",
    "macd_hist",
    "vma_10",
    "dist_sma_10",
    "volume_momentum",
    "rolling_vol_5",
    "momentum_5",
    "macd_signal",
    "rolling_var_20",
    "month_cos",
    "momentum_20",
    "return_lag_20",
    "month_sin",
    "volume_change_ratio",
    "price_diff_pct",
    "volume_lag_1",
    "macd",
    "return_lag_1",
    "week",
    "vma_20",
    "volume_lag_5",
    "dist_sma_5",
    "volume_ratio_20",
    "return_lag_3",
    "volume_lag_10",
    "volume_lag_3",
    "obv",
    "dist_sma_20",
    "vma_5",
    "rsi"
  ],
  "mean_": [
    447454.1608181564,
    1273.4262929759416,
    56.21554253914147,
    15.831325301204819,
    0.029650503210226536,
    2067.0002726193657,
    0.010464137854308608,
    0.2877313171975904,
    454680.15943961893,
    0.010628780318596416,
    0.0003568232036940102,
    -0.022291626401861952,
    464660.6832020174,
    0.0018315055161244999,
    1.0043425577334115,
    0.2658599304798864,
    1.7874388848088578,
    2.328351833264594,
    2286.5735331219953,
    0.007264836993632733,
    6.174272441783854,
    0.00032072094624694336,
    0.006389422128689642,
    1.190788822724451,
    0.0005183212662587266,
    455243.440325021,
    2.317601504745486,
    0.00036198639213740454,
    26.38582235920426,
    463952.717538246,
    452295.55271504633,
    0.0008079294346521142,
    1.0048368615502936,
    0.00033618440312315146,
    450668.9188904455,
    453756.9187447464,
    53536569.496721774,
    0.004017089713272177,
    462022.47641356126,
    51.13179070624332
  ],
  "scale_": [
    308426.42810964567,
    1855.4583474251733,
    21.82107915712478,
    8.765147523249224,
    0.01698167490235648,
    940.2889622584944,
    0.07519809436202689,
    0.11476284552455354,
    321916.31218613463,
    0.06399334244560372,
    0.018180888954063966,
    8.392485730571073,
    247624.22577777092,
    0.029667517592563208,
    0.3154632454622215,
    0.1509758464440207,
    56.51154985548475,
    23.908956349679094,
    2781.145108261007,
    0.712792219023678,
    104.61459329116231,
    0.017977876333310844,
    0.7013085269178027,
    0.789095752780892,
    0.01823090682229598,
    321338.2766661204,
    25.66765799917997,
    0.018228305288355444,
    15.182256187575941,
    219322.2562012589,
    316397.54774784815,
    0.01972605707722146,
    0.5706203125274922,
    0.018230269182410653,
    313204.69081820216,
    319143.41025408835,
    18631980.306660533,
    0.04258317324078289,
    267251.43547305313,
    16.205806965113958
  ]
}