{
  "method": "standard",
  "columns": [
    "high_low_range",
    "dist_sma_100",
    "volume_lag_1",
    "vma_5",
    "vma_10",
    "dist_sma_20",
    "volume_change",
    "return_lag_10",
    "return_lag_1",
    "bb_pct",
    "roc_20",
    "bb_width",
    "open_close_diff",
    "volume_lag_5",
    "bb_upper",
    "roc_10",
    "return_lag_5",
    "dist_sma_5",
    "obv",
    "day_of_week_sin",
    "roc_5",
    "rolling_vol_5",
    "vma_20",
    "macd",
    "rsi",
    "momentum_5",
    "dist_sma_200",
    "day_of_month",
    "atr_pct",
    "volume_lag_10",
    "volume_lag_20",
    "momentum_10",
    "macd_hist",
    "dist_sma_50",
    "return_lag_20",
    "price_diff",
    "rolling_var_5",
    "price_diff_pct",
    "rolling_var_10",
    "volume_lag_3"
  ],
  "mean_": [
    0.03563939270768466,
    0.050761824667853055,
    12721942.05362847,
    12972538.738907257,
    13033553.364438219,
    0.00907214396398762,
    -42522.327766880546,
    0.0009466278969686965,
    0.0009693500095495996,
    0.5702050305538087,
    0.02362430283063342,
    0.151964572188897,
    -0.0005208164878538114,
    12651424.37674419,
    108.34910566479847,
    0.011463626154486548,
    0.0009075790047283295,
    0.0018807691901098766,
    2216351477.9258056,
    0.35450000227821876,
    0.005905990422512607,
    0.32223915913112205,
    13009169.643496778,
    0.5648791068836234,
    53.89491985083702,
    0.369597265596783,
    0.11208340048760444,
    15.831325301204819,
    0.03699501379543655,
    12604004.110563187,
    12503991.668702722,
    0.7685732087477084,
    -0.00856236856975875,
    0.024500355289311198,
    0.0009505322758268292,
    0.07950549712732859,
    4.137309272602847,
    0.0012178512023532189,
    7.1113739729960725,
    12671606.349845897
  ],
  "scale_": [
    0.02559723640476158,
    0.1375393562922745,
    11215918.092124172,
    10303085.045582123,
    9828704.098789366,
    0.05781345230529726,
    8197140.268085849,
    0.023125059343981416,
    0.023243486127112686,
    0.316575436558199,
    0.10888250861663494,
    0.10830178456368157,
    0.022973067304240494,
    11174716.73069321,
    91.51415382845069,
    0.07368540941922772,
    0.023142311808674477,
    0.02588510494407641,
    1025033103.0561508,
    0.5133248002908041,
    0.05388463709356435,
    0.2232302895657884,
    9189803.93610678,
    1.9541713756614458,
    15.743947508721607,
    4.0900606195643014,
    0.20588543264386724,
    8.765147523249224,
    0.02182925490969132,
    11116983.273473792,
    11038587.271829557,
    5.491626528531106,
    0.5643505130517772,
    0.09762326523805799,
    0.022821403083555843,
    1.9043925558025256,
    9.24321703448949,
    0.023222539037282924,
    14.141107436803384,
    11183411.88929731
  ]
}