{
  "method": "standard",
  "columns": [
    "atr",
    "price_diff",
    "return_lag_1",
    "month_sin",
    "volume_momentum",
    "macd_hist",
    "volume_change_ratio",
    "macd_signal",
    "roc_10",
    "roc_20",
    "volume_lag_5",
    "return_lag_3",
    "volume_lag_1",
    "dist_sma_20",
    "obv",
    "bb_width",
    "day_of_week_sin",
    "rolling_var_20",
    "rolling_vol_5",
    "momentum_20",
    "vma_10",
    "price_diff_pct",
    "rolling_vol_20",
    "return_lag_10",
    "day_of_week",
    "volume_ratio_5",
    "dist_sma_5",
    "dist_sma_50",
    "volume_ratio_10",
    "open_close_diff",
    "momentum_5",
    "volume_lag_20",
    "roc_5",
    "bb_upper",
    "return_lag_20",
    "high_low_range",
    "volume_lag_10",
    "volume_lag_3",
    "rolling_var_10",
    "rolling_vol_10"
  ],
  "mean_": [
    7.293604487578042,
    0.15196779357448406,
    0.0006599628183029737,
    0.006389422128689642,
    1.001162097909101,
    -0.0038178459257780435,
    1.09028155665405,
    1.0676275590105289,
    0.009196582905147764,
    0.01811103741652225,
    23464215.928854022,
    0.0006718825793321724,
    23549460.600762125,
    0.00745943668020449,
    4207697099.356918,
    0.13308325916190333,
    0.35450000227821876,
    96.8260079036521,
    0.2807856029353183,
    2.994105681218698,
    23643475.341632947,
    0.0008427144520666495,
    0.3009581672913429,
    0.0006141937993628151,
    1.9935556178201177,
    1.001639182407527,
    0.0015065792806782613,
    0.018654446065342663,
    1.0039108101924257,
    -0.0006427195404955068,
    0.8449339302984347,
    23722402.433185764,
    0.004631970083280547,
    262.936185387246,
    0.0005810322611158733,
    0.027023284032321928,
    23505571.464578316,
    23498710.08548053,
    56.928319499244395,
    0.2934671907079782
  ],
  "scale_": [
    4.320972865946506,
    4.9360163827212435,
    0.019286246138181,
    0.7013085269178027,
    0.23802887383075788,
    1.6540133488367368,
    0.49750135574195387,
    5.324050820314187,
    0.06260603578982422,
    0.09129552384003284,
    16728543.591947742,
    0.019199547238195717,
    16851178.407714583,
    0.04893955775556636,
    791977305.872625,
    0.07842589305628203,
    0.5133248002908041,
    167.21758896154134,
    0.17384209545252025,
    22.121162550035546,
    14487789.089464094,
    0.01926745074162057,
    0.14863913183340602,
    0.019223239374187632,
    1.4113231184179889,
    0.31660950786799286,
    0.02182626275127318,
    0.08019056869127893,
    0.38015680030360594,
    0.018085556640485733,
    11.265848696336157,
    17510907.141247764,
    0.04521228119726652,
    147.97023089222594,
    0.019070104742383635,
    0.01623871672371067,
    16807605.7909537,
    16852176.44948207,
    126.43406253586792,
    0.15737688039971587
  ]
}