{
  "method": "standard",
  "columns": [
    "dist_sma_200",
    "month_cos",
    "volume_ratio_10",
    "macd",
    "momentum_10",
    "rsi",
    "volume_lag_5",
    "week",
    "return_lag_5",
    "dist_sma_10",
    "volume_lag_10",
    "rolling_vol_10",
    "rolling_vol_20",
    "high_low_range",
    "return_lag_3",
    "volume_lag_3",
    "obv",
    "day_of_week",
    "rolling_vol_5",
    "bb_upper",
    "month_sin",
    "momentum_5",
    "vma_10",
    "rolling_var_5",
    "day_of_month",
    "macd_signal",
    "atr",
    "dist_sma_20",
    "return_lag_10",
    "bb_pct",
    "macd_hist",
    "volume_momentum",
    "vma_5",
    "volume_ratio_20",
    "atr_pct",
    "volume_lag_20",
    "volume_change_ratio",
    "return_lag_20",
    "dist_sma_5",
    "price_diff"
  ],
  "mean_": [
    0.054980311438997044,
    0.03568079262932826,
    0.999934858989751,
    4.074469790784707,
    5.874303775982263,
    53.19577699699759,
    1260044.0939124087,
    27.307299270072992,
    0.000734389706732876,
    0.0029115032465809746,
    1254320.03259854,
    0.2520413191553802,
    0.2603732126959038,
    0.026811522245322628,
    0.0007532014040236529,
    1262514.3508467153,
    95216526.62627737,
    2.0043795620437956,
    0.23987468563920528,
    1025.6682936285474,
    -0.049392186564238216,
    2.9888720346715316,
    1328665.0346934306,
    251.5491194642131,
    15.797810218978102,
    3.9814996751839735,
    26.119055348067135,
    0.006293326768800741,
    0.0007187568731789071,
    0.5688774115978865,
    0.04860271403716737,
    1.016878149648735,
    1330852.7809167884,
    1.006507340908557,
    0.0275957422692592,
    1243190.4012116787,
    1.3748772548063353,
    0.0007310872136779047,
    0.001343648360170792,
    0.6983257807153851
  ],
  "scale_": [
    0.12053658932280133,
    0.71263663155116,
    0.621142029900772,
    15.599179775717191,
    46.07910109063904,
    15.502559520422201,
    1104513.8034429671,
    15.329319910238596,
    0.01598843240387803,
    0.02629338788347337,
    1104985.9719388222,
    0.11575268737322159,
    0.11543941672260537,
    0.015328102364948117,
    0.01599794645614094,
    1103849.3318195788,
    63094137.54170602,
    1.4131741263577915,
    0.13645779587939136,
    252.96274997870165,
    0.6988821963071906,
    33.22765948737524,
    885551.7074693015,
    361.7242409355035,
    8.81683001737155,
    14.941837370649543,
    8.147274852233172,
    0.03779857544561587,
    0.015945254233173414,
    0.311517486949095,
    4.931363955052088,
    0.3985452677143451,
    1043188.3293987293,
    0.7420320138833649,
    0.011203631809924154,
    1105855.4727571686,
    1.5769718444803738,
    0.015872700224449962,
    0.017433807534638343,
    15.123586788967097
  ]
}