{
  "method": "standard",
  "columns": [
    "obv",
    "week",
    "volume_lag_5",
    "return_lag_10",
    "rsi",
    "dist_sma_100",
    "atr",
    "momentum_20",
    "rolling_var_5",
    "roc_20",
    "rolling_var_20",
    "momentum_5",
    "return_lag_3",
    "return_lag_1",
    "Volume",
    "high_low_range",
    "volume_change",
    "rolling_vol_10",
    "volume_change_ratio",
    "return_lag_20",
    "dist_sma_200",
    "volume_lag_20",
    "rolling_vol_5",
    "day_of_week_sin",
    "volume_lag_1",
    "return_lag_5",
    "pct_change_1d",
    "momentum_10",
    "volume_momentum",
    "macd",
    "price_diff",
    "dist_sma_5",
    "roc_10",
    "open_close_diff",
    "bb_width",
    "sma_200",
    "trading_day_number",
    "dist_sma_50",
    "day_of_month",
    "rolling_vol_20"
  ],
  "mean_": [
    129196790.17500722,
    26.533621933621934,
    765138.4312265512,
    -9.46855399028135e-05,
    50.83570097381058,
    0.03084252568620693,
    11.387898274163959,
    0.15837570586761981,
    73.453544622351,
    0.016576647162711546,
    275.54034360771044,
    0.017497273674947775,
    1.3826145614341439e-05,
    0.00010636317658043006,
    765590.8557575757,
    0.04375933902085139,
    -46920.82158730146,
    0.4628233771552,
    1.1900063031585126,
    0.00028065984540476876,
    0.06765219403866997,
    762698.3281962483,
    0.4426983963794021,
    0.3607332518765306,
    808071.9316017316,
    0.00017066187922923346,
    0.00042986513180462134,
    0.22310029507371504,
    1.012588705762892,
    0.11146902325596947,
    -0.03868507440299886,
    0.00044293418453666625,
    0.007527687896708664,
    -0.0013560052947839403,
    0.21811972755697964,
    261.74363898602326,
    2019.3887445887447,
    0.012674844290713552,
    15.814430014430014,
    0.4739839130206386
  ],
  "scale_": [
    66359304.73846466,
    15.12106347990348,
    805195.4408905219,
    0.030074062471224346,
    17.884498828126777,
    0.23523676429997384,
    8.132971925342558,
    38.84367956659097,
    131.10471676629967,
    0.15783796619349086,
    453.27759947973664,
    18.659104861986293,
    0.030694013514265883,
    0.03152988401575249,
    805033.443138077,
    0.027989608230443924,
    658072.9844594302,
    0.2328502646594268,
    1.0849792040829942,
    0.02983609397753957,
    0.3745211067470141,
    804759.5724949391,
    0.25946981303709943,
    0.5154543102017365,
    806072.9474415145,
    0.030356040444449107,
    0.02980332576930432,
    26.876032925541192,
    0.37695482535402586,
    10.303987912315765,
    7.8975537477276445,
    0.0346856166284345,
    0.10632538980565716,
    0.028439191885945698,
    0.13327820222116563,
    191.2420885754238,
    1051.367068395205,
    0.14925967792489353,
    8.735485648983763,
    0.2055600137765676
  ]
}