{
  "method": "standard",
  "columns": [
    "roc_20",
    "rolling_var_5",
    "month_sin",
    "macd",
    "volume_lag_5",
    "return_lag_10",
    "rolling_vol_10",
    "volume_lag_20",
    "rolling_vol_5",
    "dist_sma_5",
    "volume_ratio_5",
    "day_of_week_sin",
    "momentum_20",
    "return_lag_5",
    "dist_sma_50",
    "day_of_week",
    "roc_10",
    "price_diff",
    "atr_pct",
    "dist_sma_10",
    "volume_change",
    "rolling_var_20",
    "momentum_10",
    "open_close_diff",
    "volume_ratio_10",
    "Volume",
    "dist_sma_20",
    "volume_ratio_20",
    "return_lag_1",
    "dist_sma_100",
    "volume_momentum",
    "return_lag_3",
    "volume_lag_10",
    "price_diff_pct",
    "volume_lag_1",
    "obv",
    "bb_width",
    "macd_hist",
    "rolling_var_10",
    "dist_sma_200"
  ],
  "mean_": [
    0.017787467974201537,
    8.78546115481653,
    0.006389422128689642,
    0.9510276255268346,
    12706486.296665732,
    0.0007462910718871336,
    0.254340757034826,
    12563694.182191089,
    0.24343201517713783,
    0.0015955783497169193,
    1.001850724426729,
    0.35450000227821876,
    2.634495624938776,
    0.0007397063882025523,
    0.019917796309538334,
    1.9935556178201177,
    0.009141803369592626,
    0.12934434909451836,
    0.02749474402417235,
    0.0036862573815816305,
    -40066.961344914365,
    30.08878237924488,
    1.303581182768981,
    6.900479536279809e-05,
    1.002207143371295,
    12736399.202801906,
    0.007653208307329413,
    0.9977218979743322,
    0.0007661434017165488,
    0.04196051084065132,
    1.0026111153661725,
    0.000756284446739921,
    12656618.836402355,
    0.0008950667925435803,
    12780492.34813113,
    1850312241.9917064,
    0.11119399108204034,
    -0.01905466638168241,
    15.442309939716429,
    0.08880096421489196
  ],
  "scale_": [
    0.07422255603490785,
    19.651112614982953,
    0.7013085269178027,
    3.044898151857738,
    10022352.657568041,
    0.017125707270998672,
    0.1515895972726668,
    9744931.752209954,
    0.16455746999135268,
    0.01911647482685743,
    0.36966146112485304,
    0.5133248002908041,
    11.665565598895792,
    0.01712290717358954,
    0.06564643614351066,
    1.4113231184179889,
    0.050991989422261304,
    2.6952504382003095,
    0.01537867986708939,
    0.027681694974358895,
    7264439.244100375,
    70.116528715253,
    8.168467842817297,
    0.01624136085170854,
    0.43823711542962795,
    10022885.03679343,
    0.04056662673193635,
    0.4668940662941013,
    0.017149064129574388,
    0.08904867279711448,
    0.2681794253970702,
    0.017132091559885265,
    9921630.32885969,
    0.017161669709934508,
    10082164.007233936,
    958418500.6822959,
    0.067376501004477,
    0.8389659141592134,
    31.823469436558934,
    0.12042314055474376
  ]
}