{
  "method": "standard",
  "columns": [
    "rolling_vol_20",
    "high_low_range",
    "volume_lag_10",
    "roc_10",
    "day_of_week",
    "return_lag_3",
    "volume_lag_3",
    "atr",
    "sma_200",
    "volume_ratio_20",
    "month_sin",
    "volume_ratio_10",
    "dist_ema_10",
    "dist_sma_10",
    "return_lag_20",
    "bb_upper",
    "rolling_vol_5",
    "volume_lag_1",
    "dist_ema_20",
    "dist_sma_200",
    "macd",
    "rolling_var_10",
    "roc_20",
    "bb_width",
    "return_lag_10",
    "price_diff_pct",
    "log_return",
    "dist_sma_100",
    "atr_pct",
    "price_diff",
    "roc_5",
    "rolling_var_5",
    "vma_5",
    "volume_change_ratio",
    "volume_change",
    "obv",
    "open_close_diff",
    "volume_momentum",
    "rolling_var_20",
    "momentum_20"
  ],
  "mean_": [
    0.38523830381120777,
    0.03743902967848908,
    1337948.047193032,
    0.007851098420716112,
    1.9929755549311605,
    0.0007046936106347169,
    1357681.4085417252,
    22.85111146315622,
    621.1245738060611,
    1.0115193926130894,
    0.0066782661400480725,
    1.0083494144672673,
    -0.0002310456580694976,
    0.0024652323787194884,
    0.0006932420246813121,
    662.0968038903255,
    0.3184495756229056,
    1367799.8036751898,
    -0.0024899343348476436,
    0.06516083022528814,
    -1.0924016260633385,
    1263.014215254697,
    0.014508407365792547,
    0.18660632736108704,
    0.0007128387747733752,
    0.0008886979122132803,
    0.0006310227922789568,
    0.01906138261520203,
    0.039905369119471366,
    0.1312367766557976,
    0.004844055827517187,
    592.9847336459367,
    1397510.0655689805,
    1.4262527378018415,
    -26424.28038212977,
    465923301.6392807,
    -0.0005269171145699154,
    1.0050003106583736,
    2703.168431892047,
    -2.0516272757782934
  ],
  "scale_": [
    0.3852485988349608,
    0.02435006425851214,
    2067152.8332668042,
    0.09005538391637499,
    1.4109140263249944,
    0.022857689352074956,
    2111770.5522656143,
    37.383381988863114,
    837.0850249789061,
    0.9276068449152688,
    0.7016400470585523,
    0.7780061905259638,
    0.04728288641637379,
    0.0464593017109429,
    0.022673259278973047,
    935.2194349265453,
    0.20360477503990915,
    2135884.475205191,
    0.08684741540140567,
    0.3158373478141293,
    32.70519564276561,
    4149.27993495424,
    0.153514490733669,
    0.20110418595020776,
    0.02272804892425928,
    0.022696712932926567,
    0.022689891735730827,
    0.23480614866291213,
    0.023320259493379316,
    19.764154452192688,
    0.05885122552264142,
    2048.361933328815,
    1838573.335647566,
    1.8349838456186105,
    1496056.9124521175,
    327754580.9642647,
    0.022927115093296698,
    0.4870425043076704,
    8192.941098549963,
    124.00243017506065
  ]
}