{
  "method": "standard",
  "columns": [
    "volume_ratio_5",
    "return_lag_3",
    "volume_change_ratio",
    "dist_sma_5",
    "price_diff",
    "momentum_10",
    "vma_5",
    "bb_width",
    "momentum_20",
    "week",
    "rolling_vol_10",
    "vma_10",
    "macd_hist",
    "day_of_week",
    "return_lag_20",
    "sma_200",
    "volume_change",
    "vma_20",
    "momentum_5",
    "dist_sma_100",
    "month_cos",
    "volume_lag_3",
    "rolling_vol_20",
    "day_of_week_sin",
    "rolling_vol_5",
    "dist_sma_50",
    "dist_sma_10",
    "Volume",
    "rolling_var_20",
    "rsi",
    "roc_10",
    "open_close_diff",
    "High",
    "roc_20",
    "dist_sma_200",
    "dist_sma_20",
    "atr_pct",
    "volume_ratio_20",
    "pct_change_1d",
    "volume_lag_1"
  ],
  "mean_": [
    1.0032479175845628,
    0.000312470586132725,
    1.2048366037185825,
    0.0007941193389544842,
    0.1875732528839995,
    1.5480841832275756,
    2335581.758768668,
    0.15156750217495327,
    3.022733931932388,
    26.65742151782993,
    0.3292911368984145,
    2334129.2298079855,
    0.05402643864998018,
    1.9905516610789393,
    0.00031287365560810304,
    279.0963827870667,
    -11971.149222797958,
    2329476.7696738797,
    0.7620239195028693,
    0.019521995796490537,
    -0.019598070767821458,
    2294472.34239561,
    0.33852203640099027,
    0.35577981001200193,
    0.3124636817488787,
    0.009073061291573965,
    0.0016803000235182568,
    2299906.728863151,
    122.46273798839579,
    51.48243206925761,
    0.0055575063956744605,
    -0.0013999561497007875,
    406.6588788435685,
    0.010993016005480576,
    0.039314005557423246,
    0.003339807193320353,
    0.03604214665612525,
    1.0031342843326483,
    0.000526602934848247,
    2302938.523864675
  ],
  "scale_": [
    0.4674936664990128,
    0.02181996265795613,
    0.8731110559813902,
    0.02479836592468735,
    5.6202783991508465,
    17.922337477850682,
    1810441.2003969972,
    0.10559031528126712,
    26.381833566283667,
    14.883628051118713,
    0.18454099068575364,
    1650879.7895992168,
    1.9278407156615815,
    1.410189235248822,
    0.021779148793435146,
    155.3493072783568,
    1787233.385522099,
    1533093.238767632,
    12.717193473011408,
    0.16993907780829168,
    0.7111340366990572,
    2167000.4029693794,
    0.16760292013863182,
    0.512953260823705,
    0.2019626929421068,
    0.10386517839297105,
    0.037256369939517364,
    2171019.3135854485,
    171.51954025764346,
    17.260032191593783,
    0.07050856946571052,
    0.0218574774274454,
    216.98063648076098,
    0.10756529568226132,
    0.25594184629155725,
    0.05751449990103776,
    0.01743916111607012,
    0.6540604139185374,
    0.021844531009267296,
    2170746.6556569277
  ]
}