{
  "method": "standard",
  "columns": [
    "bb_width",
    "roc_10",
    "rolling_vol_10",
    "momentum_5",
    "volume_lag_5",
    "volume_ratio_5",
    "High",
    "return_lag_3",
    "return_lag_1",
    "volume_lag_1",
    "dist_sma_20",
    "dist_sma_200",
    "rolling_vol_20",
    "bb_pct",
    "atr",
    "obv",
    "dist_sma_5",
    "roc_20",
    "open_close_diff",
    "volume_ratio_20",
    "macd",
    "macd_hist",
    "price_diff",
    "momentum_10",
    "rsi",
    "dist_sma_10",
    "volume_lag_3",
    "return_lag_5",
    "Volume",
    "rolling_var_10",
    "return_lag_20",
    "dist_sma_100",
    "volume_change",
    "volume_change_ratio",
    "rolling_var_5",
    "high_low_range",
    "sma_200",
    "dist_sma_50",
    "volume_momentum",
    "rolling_vol_5"
  ],
  "mean_": [
    0.18473679953475877,
    0.004746149444352005,
    0.3934248978115715,
    0.0038835903348359005,
    64102842.65872794,
    1.0030526224656895,
    45.196799691612554,
    9.940495424317597e-05,
    7.871384479011733e-05,
    64328448.570254974,
    0.0017853738045647094,
    0.03237313946319393,
    0.4010848967429129,
    0.50210723255428,
    1.6737767547135913,
    6721580158.158252,
    0.00026833852486259985,
    0.009698811563242789,
    -0.0017203281265959392,
    1.0054799348743761,
    0.0101506506132307,
    -0.00159619867215173,
    -0.0003536879137872178,
    0.005425997857253854,
    50.82049098984268,
    0.0007263477342768397,
    64193231.201456994,
    7.700539837130414e-05,
    64220944.77949005,
    1.2139043325759022,
    7.658996386917581e-05,
    0.01450696538352716,
    -265673.77021014,
    1.0818253545631171,
    0.665521682714461,
    0.03662267386326368,
    30.72478988321918,
    0.005769758473986914,
    1.003275070934623,
    0.37756854705446347
  ],
  "scale_": [
    0.1116750639901832,
    0.08787962466755304,
    0.1963017937768111,
    1.7728812552533624,
    39780900.06580292,
    0.3095847873837206,
    14.231457011590788,
    0.026356080687123327,
    0.026418941751868142,
    39863963.27464407,
    0.06980925521710378,
    0.25562013849150367,
    0.177636475306923,
    0.3277032171313489,
    0.8545135235636909,
    3857264369.661086,
    0.029495162657053597,
    0.13106282930905958,
    0.024686528664078267,
    0.3944567694482629,
    0.9743720895092438,
    0.2714506594194901,
    0.7759769889514562,
    2.542321903140763,
    17.501570441945898,
    0.045572753275858725,
    39854531.215813056,
    0.026392941400529227,
    39914770.71735962,
    1.5696716000698978,
    0.026162727564077407,
    0.17689228229559234,
    29002478.70552935,
    0.47204963025453156,
    0.9603956633759235,
    0.02233485382073534,
    8.827130551535973,
    0.11769398094097526,
    0.22311950173930323,
    0.22001579423147757
  ]
}