{
  "method": "standard",
  "columns": [
    "dist_sma_100",
    "momentum_10",
    "high_low_range",
    "roc_10",
    "macd_signal",
    "vma_5",
    "dist_sma_5",
    "return_lag_10",
    "volume_lag_5",
    "roc_20",
    "volume_ratio_20",
    "volume_lag_20",
    "open_close_diff",
    "dist_sma_200",
    "price_diff",
    "High",
    "rolling_var_10",
    "volume_lag_3",
    "volume_change_ratio",
    "week",
    "month_cos",
    "momentum_5",
    "month_sin",
    "rolling_vol_10",
    "price_diff_pct",
    "return_lag_1",
    "volume_ratio_5",
    "rolling_vol_5",
    "volume_change",
    "volume_lag_10",
    "rolling_var_20",
    "macd_hist",
    "bb_pct",
    "atr_pct",
    "return_lag_3",
    "Volume",
    "atr",
    "volume_lag_1",
    "return_lag_5",
    "roc_5"
  ],
  "mean_": [
    0.01975333445809086,
    0.9597702162323901,
    0.02944766170539149,
    0.005001545191242438,
    0.5387667034765115,
    1710543.3297282152,
    0.000861151752193262,
    0.00043438686493124337,
    1689963.0595797147,
    0.00986914478139245,
    1.008399042735391,
    1657636.0826225837,
    -0.0016231334000844913,
    0.042607418282469715,
    0.1165220759662472,
    408.17758320259827,
    75.38730639964443,
    1695897.9198430935,
    1.1595625601834576,
    26.38582235920426,
    0.007264836993632733,
    0.5334705884425242,
    0.006389422128689642,
    0.26704087922061986,
    0.0005621678837126826,
    0.0004425689016282223,
    1.0077797663801715,
    0.2540069927059629,
    46.042364808218544,
    1678950.3642588963,
    139.8094504361764,
    0.01820167718388984,
    0.5283511776587265,
    0.030440607059024374,
    0.0004441372965707334,
    1702522.115393668,
    11.481254090293607,
    1702303.667548333,
    0.0004163810486624149,
    0.0026885446759592965
  ],
  "scale_": [
    0.09531509261582229,
    19.319526941000284,
    0.01657764423550871,
    0.052379265394570204,
    6.074753190091959,
    1007987.6386166232,
    0.01868998288569891,
    0.017174956446763923,
    1270209.7732524679,
    0.07341319754158529,
    0.5689517172725991,
    1174479.6621396448,
    0.017176129574219868,
    0.13899716990945513,
    6.214273028785968,
    156.72302490692368,
    112.69665302539435,
    1284553.3961613032,
    0.7000269964216513,
    15.182256187575941,
    0.712792219023678,
    13.740333719905232,
    0.7013085269178027,
    0.11975437211364447,
    0.017206663249748635,
    0.017214139848776726,
    0.4222588494970912,
    0.13530711409443535,
    1140531.4547095085,
    1229235.2826315938,
    208.71062344356804,
    2.055698089701643,
    0.32066917374372284,
    0.01170032632184182,
    0.01718954432262236,
    1303335.371110694,
    4.631319931650903,
    1293228.5351503661,
    0.01717062325244017,
    0.03830722107669873
  ]
}