{
  "method": "standard",
  "columns": [
    "volume_lag_1",
    "volume_ratio_20",
    "atr",
    "dist_sma_200",
    "volume_lag_5",
    "dist_sma_20",
    "roc_10",
    "month_sin",
    "dist_sma_10",
    "return_lag_10",
    "log_return",
    "volume_momentum",
    "bb_pct",
    "price_diff",
    "dist_sma_100",
    "dist_sma_5",
    "open_close_diff",
    "momentum_20",
    "day_of_month",
    "month_cos",
    "rolling_vol_5",
    "week",
    "vma_10",
    "volume_change_ratio",
    "day_of_week_sin",
    "day_of_week",
    "return_lag_20",
    "high_low_range",
    "obv",
    "Volume",
    "rolling_var_20",
    "return_lag_5",
    "rolling_var_10",
    "rolling_var_5",
    "bb_width",
    "volume_ratio_10",
    "vma_20",
    "volume_lag_3",
    "bb_upper",
    "vma_5"
  ],
  "mean_": [
    9354872.85460353,
    1.0063095500729597,
    2.371822811942541,
    0.04012635238979968,
    9329175.702639395,
    0.003004485178998528,
    0.0042406953079399574,
    0.006389422128689642,
    0.0013178119744678065,
    0.00028052100124148564,
    0.00022498189974952154,
    1.0034273888381375,
    0.5306239230457105,
    0.016226622393632956,
    0.01849457063524571,
    0.000594411887617089,
    -0.0006458286905345565,
    0.33499908750816787,
    15.831325301204819,
    0.007264836993632733,
    0.2682983703879744,
    26.38582235920426,
    9406015.378838891,
    1.1499475285788845,
    0.35450000227821876,
    1.9935556178201177,
    0.0002445590013777638,
    0.0302452385918069,
    1497042880.0379603,
    9335604.934637154,
    5.064346813353043,
    0.00024225991670505178,
    2.6465554002903016,
    1.4845019383041653,
    0.12093686255478044,
    1.0070173163052536,
    9416683.85783693,
    9331052.252653405,
    76.83972916378846,
    9386186.42428019
  ],
  "scale_": [
    5759907.632291336,
    0.5317933036998702,
    0.6792052986410397,
    0.1699607632241993,
    5758456.52326028,
    0.04469767310461398,
    0.0564561240618863,
    0.7013085269178027,
    0.030089795571009856,
    0.018780609110069277,
    0.018740931770310554,
    0.29311045354536663,
    0.32101648192801063,
    1.1911511400163617,
    0.11546059928971739,
    0.01976732062775644,
    0.018172931310463554,
    5.333914133823783,
    8.765147523249224,
    0.712792219023678,
    0.1707449312350763,
    15.182256187575941,
    3631039.072270832,
    0.6686817447812001,
    0.5133248002908041,
    1.4113231184179889,
    0.01867497830845852,
    0.01931169461809392,
    710050744.20096,
    5756552.27289196,
    6.186363338589085,
    0.01873842238293378,
    3.218117874342335,
    2.002600147441145,
    0.07281521555392793,
    0.47945115535774124,
    3096539.9933508667,
    5755818.873432556,
    27.14052159107745,
    4155233.0822132784
  ]
}