Date,Adj Close,Close,High,Low,Open,Volume
2005-01-03,68.99205780029297,93.11500549316406,94.45999908447266,90.19999694824219,90.19999694824219,779790
2005-01-04,68.95499420166016,93.06500244140625,94.4000015258789,92.80000305175781,94.4000015258789,42580
2005-01-05,67.06192016601562,90.51000213623047,94.4000015258789,90.0,93.5999984741211,74470
2005-01-06,66.76924133300781,90.11500549316406,91.69499969482422,87.5,91.4000015258789,71230
2005-01-07,66.77664947509766,90.125,90.94999694824219,89.5,89.9000015258789,51050
2005-01-10,66.84334564208984,90.21500396728516,90.9000015258789,87.6050033569336,90.11000061035156,49150
2005-01-11,66.38394165039062,89.59500122070312,90.0,88.52999877929688,89.0,39280
2005-01-12,66.01348114013672,89.09500122070312,90.1500015258789,88.4000015258789,89.98999786376953,64170
2005-01-13,66.23577117919922,89.39500427246094,90.69999694824219,86.40499877929688,90.0,52940
2005-01-14,64.92060852050781,87.62000274658203,91.0,87.5,91.0,30480
2005-01-17,64.8687515258789,87.55000305175781,92.0,86.99500274658203,92.0,66960
2005-01-18,66.44694519042969,89.68000030517578,90.5,87.25,89.80000305175781,50320
2005-01-19,65.072509765625,87.82499694824219,89.99500274658203,87.5,87.8499984741211,63990
2005-01-20,63.11272048950195,85.18000030517578,88.79499816894531,85.0,87.05000305175781,34000
2005-01-24,65.51335906982422,88.41999816894531,88.48999786376953,86.0,87.80000305175781,103700
2005-01-25,64.24634552001953,86.70999908447266,89.5,85.0,89.5,33300
2005-01-27,64.0759506225586,86.4800033569336,87.98999786376953,85.11000061035156,87.98999786376953,45530
2005-01-28,64.46122741699219,87.0,87.5,86.0,87.4800033569336,29670
2005-01-31,64.93914794921875,87.64500427246094,88.0,86.30500030517578,86.99500274658203,316300
2005-02-01,66.70626068115234,90.02999877929688,91.0999984741211,87.79499816894531,89.58999633789062,327090
2005-02-02,66.68035125732422,89.99500274658203,90.9800033569336,89.15499877929688,90.0,262870
2005-02-03,66.68773651123047,90.00499725341797,91.08999633789062,90.0,90.0,225410
2005-02-04,66.82852172851562,90.19499969482422,90.99500274658203,89.9000015258789,90.99500274658203,73150
2005-02-07,66.68404388427734,90.0,91.08999633789062,90.0,91.08999633789062,27980
2005-02-08,66.7284927368164,90.05999755859375,90.5,89.13999938964844,90.0,26780
2005-02-09,66.01348114013672,89.09500122070312,90.4800033569336,88.0999984741211,90.19999694824219,60140
2005-02-10,66.69146728515625,90.01000213623047,90.19999694824219,88.6050033569336,88.6050033569336,12520
2005-02-11,66.72480773925781,90.05500030517578,90.19999694824219,89.7249984741211,90.19999694824219,83910
2005-02-14,69.2069320678711,93.40499877929688,94.88999938964844,90.5,90.5,254080
2005-02-15,68.58454895019531,92.56500244140625,94.4000015258789,92.0,94.4000015258789,52320
2005-02-16,69.24766540527344,93.45999908447266,93.625,92.01000213623047,93.0,162710
2005-02-17,68.85498809814453,92.93000030517578,93.9000015258789,92.5,92.5,148470
2005-02-18,68.61417388916016,92.6050033569336,92.8499984741211,92.5,92.5,41360
2005-02-21,68.90685272216797,93.0,93.00499725341797,92.30500030517578,92.5999984741211,58460
2005-02-22,68.27702331542969,92.1500015258789,92.99500274658203,91.4000015258789,92.99500274658203,95970
2005-02-23,68.35112762451172,92.25,92.80000305175781,91.5,91.5,25360
2005-02-24,68.5771255493164,92.55500030517578,93.0,92.0,93.0,98250
2005-02-25,68.58824920654297,92.56999969482422,92.9000015258789,92.02999877929688,92.02999877929688,98510
2005-02-28,68.9105453491211,93.00499725341797,93.4000015258789,92.19999694824219,92.19999694824219,28930
2005-03-01,68.5030288696289,92.45500183105469,93.08499908447266,87.80000305175781,90.19999694824219,22070
2005-03-02,68.8253402709961,92.88999938964844,93.0,92.19999694824219,92.98999786376953,97020
2005-03-03,68.9105453491211,93.00499725341797,93.1500015258789,92.25,92.88999938964844,82740
2005-03-04,68.92537689208984,93.0250015258789,93.14500427246094,92.16000366210938,92.16000366210938,24240
2005-03-07,68.90685272216797,93.0,93.67500305175781,91.80000305175781,91.80000305175781,82230
2005-03-08,68.90685272216797,93.0,93.5999984741211,92.12000274658203,92.12000274658203,47960
2005-03-09,68.90685272216797,93.0,93.5,92.25499725341797,93.5,176300
2005-03-10,68.65861511230469,92.66500091552734,93.69999694824219,92.54000091552734,93.4000015258789,98050
2005-03-11,68.90685272216797,93.0,93.5,93.0,93.0,275830
2005-03-14,68.90685272216797,93.0,93.30000305175781,93.0,93.0,11310
2005-03-15,68.54376983642578,92.51000213623047,93.0,92.19999694824219,92.51000213623047,6820
2005-03-16,68.9105453491211,93.00499725341797,93.5,92.24500274658203,92.51000213623047,87700
2005-03-17,68.90685272216797,93.0,93.19999694824219,92.5,92.51000213623047,81920
2005-03-18,68.9512939453125,93.05999755859375,93.0999984741211,92.5,93.0,43970
2005-03-21,66.89520263671875,90.28499603271484,92.69999694824219,89.0,92.69999694824219,26880
2005-03-22,64.86502838134766,87.54499816894531,91.0,87.0999984741211,90.9000015258789,19460
2005-03-23,63.00528335571289,85.03499603271484,89.20999908447266,85.0,89.20999908447266,32250
2005-03-24,63.76105880737305,86.05500030517578,87.92500305175781,85.5,85.5,40110
2005-03-28,62.297706604003906,84.08000183105469,87.69000244140625,83.5,87.5,557560
2005-03-29,63.086795806884766,85.14500427246094,86.48999786376953,84.18000030517578,85.0999984741211,51360
2005-03-30,63.05345153808594,85.0999984741211,85.89500427246094,84.06500244140625,84.06500244140625,28930
2005-03-31,62.916404724121094,84.91500091552734,86.5,84.0,85.38999938964844,62580
2005-04-01,63.66472625732422,85.92500305175781,88.0,85.11500549316406,87.0,62330
2005-04-04,63.28315353393555,85.41000366210938,86.0,84.81999969482422,85.80000305175781,50850
2005-04-05,62.84599685668945,84.81999969482422,86.68499755859375,84.0999984741211,86.68499755859375,11050
2005-04-06,62.153221130371094,83.88499450683594,85.0,83.58499908447266,84.69999694824219,19910
2005-04-07,63.17572784423828,85.26499938964844,85.75,84.44999694824219,85.0,43020
2005-04-08,62.586673736572266,84.47000122070312,86.18000030517578,83.5,86.18000030517578,111500
2005-04-11,62.62002944946289,84.51499938964844,84.99500274658203,83.05500030517578,83.69999694824219,25620
2005-04-12,62.95344161987305,84.96500396728516,85.98999786376953,84.5,84.5,1130
2005-04-13,62.97937774658203,85.0,85.9000015258789,85.0,85.31500244140625,23370
2005-04-15,62.331050872802734,84.125,85.98999786376953,83.20500183105469,85.98999786376953,14660
2005-04-18,61.649375915527344,83.20500183105469,84.0,83.0,83.1050033569336,43020
2005-04-19,61.519737243652344,83.02999877929688,85.4000015258789,81.19999694824219,81.19999694824219,22850
2005-04-20,61.519737243652344,83.02999877929688,83.5,83.0,83.5,3300
2005-04-21,61.83832550048828,83.45999908447266,84.38499450683594,83.05000305175781,84.0,24220
2005-04-22,61.58642578125,83.12000274658203,84.48500061035156,83.0,84.0999984741211,51300
2005-04-25,62.27918243408203,84.05500030517578,84.45999908447266,83.1500015258789,83.22000122070312,36360
2005-04-26,63.39800262451172,85.56500244140625,86.5,84.5,86.0,34560
2005-04-27,63.34243392944336,85.48999786376953,85.98999786376953,83.19999694824219,83.19999694824219,261250
2005-04-28,63.05345153808594,85.0999984741211,85.59500122070312,84.0,84.0,20550
2005-04-29,63.20534896850586,85.30500030517578,86.0,85.0,85.5,14970
2005-05-02,63.29426956176758,85.42500305175781,85.80000305175781,85.0,85.0999984741211,7800
2005-05-03,62.42737579345703,84.25499725341797,85.93499755859375,84.0,85.0,6480
2005-05-04,63.03864669799805,85.08000183105469,85.80000305175781,85.0,85.0,9630
2005-05-05,63.2905387878418,85.41999816894531,86.19000244140625,85.0999984741211,85.0999984741211,1960
2005-05-06,63.83884048461914,86.16000366210938,86.5,85.0,85.00499725341797,46690
2005-05-09,63.77216339111328,86.06999969482422,86.5,85.20500183105469,85.20500183105469,26460
2005-05-10,63.89072036743164,86.2300033569336,87.4000015258789,85.80500030517578,86.0,86630
2005-05-11,64.09075927734375,86.5,87.39500427246094,86.0,86.0,69500
2005-05-12,64.1352310180664,86.55999755859375,88.0,86.5,86.5,44660
2005-05-13,63.67215347290039,85.93499755859375,86.83000183105469,85.00499725341797,86.6500015258789,49910
2005-05-16,64.264892578125,86.73500061035156,87.0999984741211,85.9000015258789,85.9000015258789,11670
2005-05-17,64.46492004394531,87.00499725341797,87.48999786376953,83.20500183105469,86.32499694824219,39650
2005-05-18,63.94629669189453,86.30500030517578,86.9000015258789,85.7249984741211,86.0,19460
2005-05-19,62.92750549316406,84.93000030517578,86.69499969482422,84.80000305175781,85.32499694824219,14360
2005-05-20,62.6163215637207,84.51000213623047,85.69499969482422,84.0,85.69499969482422,15440
2005-05-23,62.594085693359375,84.4800033569336,85.99500274658203,84.30000305175781,85.69999694824219,8820
2005-05-24,62.0865364074707,83.79499816894531,85.5,83.05000305175781,85.4000015258789,12590
2005-05-25,63.05717468261719,85.1050033569336,86.57499694824219,84.94999694824219,85.0,38150
2005-05-26,63.39430236816406,85.55999755859375,87.4000015258789,85.1500015258789,87.4000015258789,57930
2005-05-27,63.364662170410156,85.5199966430664,86.5,84.0,85.00499725341797,42470
2005-05-30,63.73512268066406,86.0199966430664,86.80000305175781,84.66000366210938,85.0,61310
2005-05-31,64.17227935791016,86.61000061035156,86.99500274658203,86.05999755859375,86.99500274658203,36000
2005-06-01,64.21672058105469,86.66999816894531,87.4800033569336,86.5,86.80000305175781,22910
2005-06-02,64.23895263671875,86.69999694824219,87.98999786376953,86.5,87.0,91480
2005-06-03,64.53533935546875,87.0999984741211,87.49500274658203,86.19499969482422,87.49500274658203,47920
2005-06-06,64.83911895751953,87.51000213623047,87.69000244140625,86.5999984741211,87.69000244140625,23500
2005-06-07,64.7020263671875,87.32499694824219,87.75,86.7699966430664,87.5,27350
2005-06-08,64.98360443115234,87.70500183105469,87.79499816894531,87.39500427246094,87.39500427246094,26670
2005-06-09,64.97988891601562,87.69999694824219,87.8499984741211,87.5,87.69999694824219,7930
2005-06-10,65.96533203125,89.02999877929688,89.80000305175781,87.20999908447266,87.20999908447266,33630
2005-06-13,65.61337280273438,88.55500030517578,90.0,88.19999694824219,90.0,18840
2005-06-14,65.5726318359375,88.5,89.26000213623047,88.5,88.51499938964844,19180
2005-06-15,67.11749267578125,90.58499908447266,90.9000015258789,88.89500427246094,88.9000015258789,136800
2005-06-16,66.83221435546875,90.19999694824219,90.98999786376953,89.82499694824219,90.98999786376953,40580
2005-06-17,66.75442504882812,90.09500122070312,91.47000122070312,89.6500015258789,91.47000122070312,48500
2005-06-20,67.06192016601562,90.51000213623047,90.69999694824219,88.5,89.5,41360
2005-06-21,66.95448303222656,90.36500549316406,90.5,90.0,90.02999877929688,42410
2005-06-22,66.7951889038086,90.1500015258789,90.80000305175781,90.0,90.0,226500
2005-06-23,66.76554107666016,90.11000061035156,90.5,90.0,90.4000015258789,131070
2005-06-24,67.02115631103516,90.45500183105469,90.99500274658203,90.0,90.00499725341797,19030
2005-06-27,67.23603820800781,90.74500274658203,91.5,90.01000213623047,90.88499450683594,69860
2005-06-28,66.93223571777344,90.33499908447266,91.80000305175781,90.19999694824219,91.80000305175781,22940
2005-06-29,67.23233795166016,90.73999786376953,90.9000015258789,90.30000305175781,90.5999984741211,12930
2005-06-30,67.1471176147461,90.625,91.5,90.33000183105469,91.5,18150
2005-07-01,67.1545181274414,90.63499450683594,91.0999984741211,90.5999984741211,91.0,4360
2005-07-04,68.06216430664062,91.86000061035156,92.0999984741211,90.5999984741211,91.75,12840
2005-07-05,68.54006958007812,92.50499725341797,93.5,89.0,89.0,79290
2005-07-06,68.92906951904297,93.02999877929688,95.5,92.61000061035156,95.5,38440
2005-07-07,69.36993408203125,93.625,95.5,92.80000305175781,93.5,45640
2005-07-08,70.33271789550781,93.50499725341797,94.02999877929688,92.0,93.5,28720
2005-07-11,70.32897186279297,93.5,94.19999694824219,93.5,93.97000122070312,59060
2005-07-12,70.7614517211914,94.07499694824219,94.3499984741211,93.5,93.94999694824219,311430
2005-07-13,71.04727172851562,94.45500183105469,94.98999786376953,90.50499725341797,90.50499725341797,31210
2005-07-14,72.0665054321289,95.80999755859375,96.30000305175781,94.0,94.69499969482422,52450
2005-07-15,72.75849914550781,96.7300033569336,96.94999694824219,91.11000061035156,91.11000061035156,43270
2005-07-18,73.41667175292969,97.6050033569336,97.98999786376953,95.51000213623047,96.9000015258789,71380
2005-07-19,73.64229583740234,97.90499877929688,98.5,96.06500244140625,96.06500244140625,24370
2005-07-20,75.157958984375,99.91999816894531,100.19999694824219,96.80000305175781,98.79000091552734,185450
2005-07-21,78.58789825439453,104.4800033569336,106.0,99.99500274658203,100.30000305175781,123120
2005-07-22,77.10610961914062,102.51000213623047,105.0,101.50499725341797,102.5,38800
2005-07-25,74.51484680175781,99.06500244140625,104.79499816894531,98.0,103.0,63350
2005-07-26,75.28582763671875,100.08999633789062,101.0,99.5999984741211,101.0,45270
2005-07-27,75.60550689697266,100.51499938964844,101.0,100.0,100.5,38350
2005-07-28,75.60550689697266,100.51499938964844,100.51499938964844,100.51499938964844,100.51499938964844,0
2005-07-29,75.61302185058594,100.5250015258789,100.9000015258789,100.0,100.5,118180
2005-08-01,75.8650131225586,100.86000061035156,101.5,100.0,101.0,49410
2005-08-02,75.80105590820312,100.7750015258789,101.04000091552734,100.19999694824219,101.0,31030
2005-08-03,75.22565460205078,100.01000213623047,102.0,96.80000305175781,102.0,61830
2005-08-04,76.8277816772461,102.13999938964844,103.0,100.19999694824219,100.9000015258789,71350
2005-08-05,77.79058837890625,103.41999816894531,105.5,100.80999755859375,102.30000305175781,213750
2005-08-08,79.0392074584961,105.08000183105469,105.98999786376953,103.50499725341797,103.50499725341797,124000
2005-08-09,79.28742218017578,105.41000366210938,106.19999694824219,103.5,105.0,124110
2005-08-10,80.29911804199219,106.75499725341797,107.30000305175781,104.0999984741211,104.0999984741211,99980
2005-08-11,80.86700439453125,107.51000213623047,107.80000305175781,106.51000213623047,106.69999694824219,21290
2005-08-12,79.03170013427734,105.06999969482422,108.9000015258789,103.24500274658203,107.5,27560
2005-08-16,83.52220916748047,111.04000091552734,114.0,104.5,105.0999984741211,280080
2005-08-17,83.24767303466797,110.67500305175781,113.80000305175781,110.0999984741211,113.80000305175781,17360
2005-08-18,82.45787048339844,109.625,113.4000015258789,108.0,113.29499816894531,14430
2005-08-19,82.52932739257812,109.72000122070312,112.0,109.5,110.0,17600
2005-08-22,82.71360778808594,109.96499633789062,112.5,107.5999984741211,111.0,26180
2005-08-23,78.76089477539062,104.70999908447266,115.5999984741211,102.99500274658203,115.5999984741211,41310
2005-08-24,79.1219711303711,105.19000244140625,106.48999786376953,104.0,104.69999694824219,47720
2005-08-25,81.5627670288086,108.43499755859375,109.5,105.5,106.69999694824219,64280
2005-08-26,84.5301513671875,112.37999725341797,116.51000213623047,108.50499725341797,108.50499725341797,24920
2005-08-29,86.4068374633789,114.875,115.5,108.20500183105469,113.0,35630
2005-08-30,86.34664154052734,114.79499816894531,115.0,113.6050033569336,113.6050033569336,14860
2005-08-31,86.65879821777344,115.20999908447266,115.5,113.0,113.0,45660
2005-09-01,89.53591918945312,119.03500366210938,119.80000305175781,115.0,116.80000305175781,42210
2005-09-02,91.3524169921875,121.44999694824219,122.0,117.5999984741211,118.0999984741211,75200
2005-09-05,89.12972259521484,118.49500274658203,120.80000305175781,117.51000213623047,120.80000305175781,13150
2005-09-06,91.56302642822266,121.7300033569336,124.0,118.50499725341797,120.0,35620
2005-09-08,90.40841674804688,120.19499969482422,122.0,119.5,119.5,34440
2005-09-09,90.49118041992188,120.30500030517578,121.0,119.69999694824219,120.4000015258789,19980
2005-09-12,90.32569122314453,120.08499908447266,122.98500061035156,119.5,120.0,58920
2005-09-13,90.40090942382812,120.18499755859375,120.88500213623047,117.70999908447266,117.70999908447266,22200
2005-09-14,90.2617416381836,120.0,120.87000274658203,119.99500274658203,120.05000305175781,103530
2005-09-15,90.28809356689453,120.03500366210938,124.5,120.0,124.5,31450
2005-09-16,91.04402160644531,121.04000091552734,122.5,120.0,120.0,22370
2005-09-19,86.96720123291016,115.62000274658203,128.0,112.5,126.30000305175781,195310
2005-09-20,90.2918472290039,120.04000091552734,120.87000274658203,116.0,118.49500274658203,125020
2005-09-21,90.47236633300781,120.27999877929688,121.0,119.9749984741211,120.0999984741211,106300
2005-09-22,90.33697509765625,120.0999984741211,120.59500122070312,120.0,120.19999694824219,83050
2005-09-23,90.23920440673828,119.97000122070312,120.67500305175781,119.5,120.00499725341797,115530
2005-09-26,91.33361053466797,121.42500305175781,121.5999984741211,120.0,121.0999984741211,21000
2005-09-27,91.7021713256836,121.91500091552734,122.0,121.0,121.5,22820
2005-09-28,91.31104278564453,121.3949966430664,122.0,121.0,121.11000061035156,10520
2005-09-29,99.19766998291016,131.8800048828125,145.6750030517578,122.6050033569336,122.6050033569336,1742860
2005-09-30,94.58302307128906,125.74500274658203,133.5,124.12999725341797,133.5,205980
2005-10-03,93.5638427734375,124.38999938964844,134.6999969482422,121.5,124.9000015258789,340310
2005-10-04,95.85044860839844,127.43000030517578,132.0,126.19999694824219,126.19999694824219,108180
2005-10-05,93.85718536376953,124.77999877929688,131.0,122.55500030517578,122.55500030517578,94710
2005-10-06,93.82709503173828,124.73999786376953,126.99500274658203,123.5,125.30000305175781,45060
2005-10-07,92.24376678466797,122.63500213623047,126.69999694824219,122.0,126.69999694824219,34040
2005-10-10,94.55670928955078,125.70999908447266,127.98999786376953,122.0,124.98999786376953,71050
2005-10-11,93.83086395263672,124.74500274658203,128.0500030517578,123.2300033569336,128.0500030517578,40500
2005-10-13,91.86013793945312,122.125,126.0,121.30000305175781,124.69999694824219,22750
2005-10-14,90.27679443359375,120.0199966430664,123.19499969482422,118.0,119.0999984741211,42720
2005-10-17,90.30690002441406,120.05999755859375,125.5,120.0,125.0,29540
2005-10-18,92.46189880371094,122.92500305175781,124.5,120.61499786376953,121.9000015258789,48040
2005-10-19,88.47157287597656,117.62000274658203,123.4800033569336,116.4000015258789,116.4000015258789,27770
2005-10-20,85.74113464355469,113.98999786376953,122.88999938964844,110.00499725341797,116.19999694824219,38900
2005-10-21,88.37754821777344,117.49500274658203,118.9000015258789,112.5,112.5,17070
2005-10-24,89.38546752929688,118.83499908447266,119.125,116.0250015258789,119.125,12960
2005-10-25,88.22711181640625,117.29499816894531,120.98999786376953,115.5,115.5,21480
2005-10-26,85.88783264160156,114.18499755859375,119.2750015258789,113.19999694824219,119.25,14720
2005-10-27,87.28687286376953,116.04499816894531,116.9000015258789,114.69999694824219,114.69999694824219,31500
2005-10-28,87.17781066894531,115.9000015258789,118.8949966430664,115.23500061035156,116.0,315470
2005-10-31,90.75442504882812,120.65499877929688,122.5,115.50499725341797,116.0,54850
2005-11-02,91.89775848388672,122.17500305175781,122.49500274658203,116.92500305175781,120.0,33170
2005-11-04,91.89775848388672,122.17500305175781,122.17500305175781,122.17500305175781,122.17500305175781,0
2005-11-07,93.0636215209961,123.7249984741211,124.5,122.4000015258789,122.9000015258789,152730
2005-11-08,94.51533508300781,125.65499877929688,126.0,123.69999694824219,124.99500274658203,37800
2005-11-09,93.54502868652344,124.36499786376953,126.30000305175781,123.5,125.95999908447266,102470
2005-11-10,93.11251831054688,123.79000091552734,127.49500274658203,120.0999984741211,126.0,45860
2005-11-11,94.451416015625,125.56999969482422,129.3000030517578,115.68000030517578,115.68000030517578,28290
2005-11-14,92.52957153320312,123.01499938964844,126.30000305175781,121.19999694824219,126.25,34940
2005-11-16,92.69129943847656,123.2300033569336,124.99500274658203,121.625,124.79000091552734,37080
2005-11-17,94.36491394042969,125.45500183105469,126.5,122.50499725341797,124.0,179230
2005-11-18,93.23287963867188,123.94999694824219,125.5,123.80000305175781,123.86499786376953,112520
2005-11-21,91.67960357666016,121.88500213623047,125.79499816894531,121.5,125.79499816894531,53120
2005-11-22,92.3415298461914,122.76499938964844,124.0,121.01000213623047,123.58499908447266,61260
2005-11-23,91.98048400878906,122.28500366210938,124.0,121.5,124.0,5450
2005-11-24,90.54757690429688,120.37999725341797,122.9000015258789,118.80000305175781,122.9000015258789,33730
2005-11-25,91.28095245361328,121.3550033569336,122.87999725341797,117.20999908447266,117.20999908447266,21150
2005-11-28,94.34609985351562,125.43000030517578,126.0,122.0999984741211,122.4000015258789,79670
2005-11-29,94.85008239746094,126.0999984741211,130.0,124.00499725341797,130.0,1201780
2005-11-30,93.92488098144531,124.87000274658203,129.59500122070312,124.0,129.59500122070312,44740
2005-12-01,94.79365539550781,126.0250015258789,126.5,125.0,125.05000305175781,51170
2005-12-02,95.18103790283203,126.54000091552734,128.75,125.0,126.5,69090
2005-12-05,95.0606689453125,126.37999725341797,127.79499816894531,126.0999984741211,126.30000305175781,59000
2005-12-06,95.31266021728516,126.71499633789062,126.9000015258789,125.9000015258789,125.9000015258789,22770
2005-12-07,95.88053131103516,127.47000122070312,127.69999694824219,126.0,126.0,40610
2005-12-08,97.1178970336914,129.11500549316406,130.0,126.81999969482422,126.81999969482422,43630
2005-12-09,100.51022338867188,133.625,137.0,126.1500015258789,126.1500015258789,80430
2005-12-12,98.05437469482422,130.36000061035156,138.76499938964844,130.0,134.0,32450
2005-12-13,99.29546356201172,132.00999450683594,134.5,131.0800018310547,134.5,23020
2005-12-14,98.02801513671875,130.3249969482422,132.5,128.39999389648438,128.39999389648438,49870
2005-12-15,96.59134674072266,128.4149932861328,131.27499389648438,127.5,131.27499389648438,24090
2005-12-16,97.6256103515625,129.7899932861328,130.8000030517578,127.75,130.49000549316406,44870
2005-12-19,98.3740463256836,130.78500366210938,133.1699981689453,125.19999694824219,125.19999694824219,72740
2005-12-20,97.55040740966797,129.69000244140625,131.85499572753906,128.0,131.85499572753906,23380
2005-12-21,97.67827606201172,129.86000061035156,134.0,122.5,134.0,43790
2005-12-22,98.35147857666016,130.7550048828125,131.0,127.62000274658203,127.62000274658203,21480
2005-12-23,98.52069091796875,130.97999572753906,131.27000427246094,130.5,130.60000610351562,61540
2005-12-26,98.22360229492188,130.5850067138672,131.39999389648438,126.55500030517578,126.55500030517578,31410
2005-12-27,99.34434509277344,132.0749969482422,132.4600067138672,128.10000610351562,128.10000610351562,363520
2005-12-28,99.53616333007812,132.3300018310547,132.74000549316406,131.5,131.50999450683594,58810
2005-12-29,100.89008331298828,134.1300048828125,135.1999969482422,132.35000610351562,132.35000610351562,234690
2005-12-30,102.3154525756836,136.02499389648438,136.8000030517578,134.0,134.0050048828125,50230
2006-01-02,103.52269744873047,137.6300048828125,138.9949951171875,134.50999450683594,134.50999450683594,19090
2006-01-03,105.39187622070312,140.11500549316406,140.99000549316406,135.4499969482422,138.88999938964844,51410
2006-01-04,105.32417297363281,140.02499389648438,141.89500427246094,137.8000030517578,137.8000030517578,17570
2006-01-05,105.31291198730469,140.00999450683594,141.39500427246094,140.0,140.0,109950
2006-01-06,109.79590606689453,145.97000122070312,154.8000030517578,140.10000610351562,140.10000610351562,209960
2006-01-09,113.83887481689453,151.34500122070312,152.0,144.13999938964844,144.13999938964844,46480
2006-01-10,114.43309020996094,152.13499450683594,152.7899932861328,150.0,152.0,30350
2006-01-12,113.01148223876953,150.2449951171875,153.8000030517578,150.0,150.0,43370
2006-01-13,113.53801727294922,150.94500732421875,151.3699951171875,149.30499267578125,149.30499267578125,17890
2006-01-16,113.20704650878906,150.5050048828125,151.99000549316406,148.875,150.0,21750
2006-01-17,112.26683807373047,149.2550048828125,152.0,149.0,151.0,10790
2006-01-18,114.16986083984375,151.78500366210938,152.5,148.1999969482422,148.1999969482422,32480
2006-01-19,112.26305389404297,149.25,156.88999938964844,149.0,156.88999938964844,7660
2006-01-20,114.72269439697266,152.52000427246094,153.39999389648438,151.15499877929688,153.39999389648438,146270
2006-01-23,113.65458679199219,151.10000610351562,151.89999389648438,150.11500549316406,150.1199951171875,5390
2006-01-24,111.85688781738281,148.7100067138672,151.5,148.5,150.0,6910
2006-01-25,111.39427947998047,148.09500122070312,152.875,146.52499389648438,151.5,12090
2006-01-27,112.01107788085938,148.9149932861328,150.0,146.42999267578125,148.4949951171875,66370
2006-01-30,110.13438415527344,146.4199981689453,148.8000030517578,144.0,148.7949981689453,40710
2006-01-31,110.80757904052734,147.31500244140625,149.99000549316406,146.5050048828125,149.99000549316406,188500
2006-02-01,111.82302856445312,148.6649932861328,149.7949981689453,146.5,146.5,64540
2006-02-02,112.54888916015625,149.6300048828125,149.99000549316406,145.3000030517578,148.59500122070312,68800
2006-02-03,113.81632232666016,151.31500244140625,151.5,148.2050018310547,149.9949951171875,62530
2006-02-06,114.6512222290039,152.4250030517578,152.6999969482422,149.55999755859375,151.0,34850
2006-02-07,114.3729248046875,152.05499267578125,153.99000549316406,149.03500366210938,153.99000549316406,38740
2006-02-08,114.40680694580078,152.10000610351562,152.5,148.6300048828125,148.6300048828125,62850
2006-02-10,115.90361022949219,154.08999633789062,155.0,150.0,150.0,47360
2006-02-13,114.35034942626953,152.02499389648438,154.89500427246094,150.08999633789062,150.08999633789062,21070
2006-02-14,114.70010375976562,152.49000549316406,153.4949951171875,150.0,150.0,74950
2006-02-15,114.39173126220703,152.0800018310547,153.39500427246094,150.0,150.0,13700
2006-02-16,114.3315200805664,152.0,152.48500061035156,150.0,151.0,16070
2006-02-17,115.01982116699219,152.9149932861328,154.0,148.75999450683594,152.98500061035156,22880
2006-02-20,111.92832946777344,148.80499267578125,151.0,147.0,150.10499572753906,17990
2006-02-21,114.24507141113281,151.88499450683594,152.39999389648438,148.0,149.99000549316406,55330
2006-02-22,114.06452941894531,151.64500427246094,155.39999389648438,146.22999572753906,154.94500732421875,62210
2006-02-23,114.40300750732422,152.09500122070312,152.89500427246094,150.67999267578125,152.5,42330
2006-02-24,113.05284881591797,150.3000030517578,151.88499450683594,148.10000610351562,148.10000610351562,16330
2006-02-27,116.11421966552734,154.3699951171875,156.0,145.66000366210938,145.66000366210938,40190
2006-02-28,114.30900573730469,151.97000122070312,153.3000030517578,151.10000610351562,153.0,25580
2006-03-01,120.95450592041016,160.80499267578125,162.0,152.10000610351562,152.1999969482422,84330
2006-03-02,125.90007781982422,167.3800048828125,169.8000030517578,162.85000610351562,162.85000610351562,64790
2006-03-03,126.29498291015625,167.90499877929688,169.3000030517578,161.0,161.0,21600
2006-03-06,130.6839599609375,173.74000549316406,176.85000610351562,168.10000610351562,170.0,398190
2006-03-07,129.43911743164062,172.0850067138672,175.0,164.25999450683594,164.25999450683594,54380
2006-03-08,124.62894439697266,165.69000244140625,175.0,165.0050048828125,165.5,87520
2006-03-09,127.87083435058594,170.0,171.9949951171875,164.9949951171875,166.0,878000
2006-03-10,127.93101501464844,170.0800018310547,173.59500122070312,166.3300018310547,166.3300018310547,33470
2006-03-13,131.54896545410156,174.88999938964844,177.5,168.0,168.0,49280
2006-03-14,132.22970581054688,175.7949981689453,176.0,172.11000061035156,175.5,35410
2006-03-16,131.72572326660156,175.125,176.0,172.5,174.39999389648438,23420
2006-03-17,128.5740966796875,170.93499755859375,175.5,169.66000366210938,175.125,61760
2006-03-20,131.4474334716797,174.7550048828125,176.0,172.5,174.8000030517578,31720
2006-03-21,133.16241455078125,177.03500366210938,180.5,173.11500549316406,175.0,61340
2006-03-22,128.22055053710938,170.46499633789062,180.0,169.00999450683594,180.0,34500
2006-03-23,130.4056854248047,173.3699951171875,177.1999969482422,171.0,171.0,59330
2006-03-24,131.57904052734375,174.92999267578125,176.0,171.10000610351562,174.6999969482422,102740
2006-03-27,131.66177368164062,175.0399932861328,175.9949951171875,171.10000610351562,171.10000610351562,37800
2006-03-28,130.28907775878906,173.21499633789062,175.35000610351562,171.89999389648438,172.60000610351562,32440
2006-03-29,128.9050750732422,171.375,174.0,171.0,174.0,12650
2006-03-30,131.97772216796875,175.4600067138672,176.0,171.61000061035156,173.5,51630
2006-03-31,134.13275146484375,178.3249969482422,179.5,167.14999389648438,171.0,53850
2006-04-03,142.85426330566406,189.9199981689453,195.0,172.0,172.0,75450
2006-04-04,141.28973388671875,187.83999633789062,191.8000030517578,184.0,188.0,35390
2006-04-05,138.89779663085938,184.66000366210938,196.0,183.0,183.0,53910
2006-04-07,141.63198852539062,188.2949981689453,192.0,185.1999969482422,189.8699951171875,123360
2006-04-10,139.6913299560547,185.71499633789062,189.5,180.5,180.5,25740
2006-04-12,135.88909912109375,180.66000366210938,186.49000549316406,176.60000610351562,186.0,41950
2006-04-13,132.70358276367188,176.4250030517578,185.49000549316406,175.0,185.49000549316406,17130
2006-04-17,135.87022399902344,180.63499450683594,181.07000732421875,178.1999969482422,180.0,17020
2006-04-18,135.7837677001953,180.52000427246094,183.85499572753906,180.0,181.8000030517578,9110
2006-04-19,134.49754333496094,178.80999755859375,182.77000427246094,177.5,180.01499938964844,44820
2006-04-20,135.85147094726562,180.61000061035156,182.13499450683594,178.8000030517578,178.8000030517578,17160
2006-04-21,135.20462036132812,179.75,182.0,173.07000732421875,181.0,143320
2006-04-24,131.41734313964844,174.71499633789062,182.88999938964844,174.0,174.0,42500
2006-04-25,125.5616455078125,166.92999267578125,179.97999572753906,166.0,179.97999572753906,44560
2006-04-26,129.7512664794922,172.5,173.88999938964844,167.5050048828125,173.88999938964844,65450
2006-04-27,130.36428833007812,173.31500244140625,184.99000549316406,172.0,174.89999389648438,22160
2006-04-28,129.7888946533203,172.5500030517578,173.9949951171875,167.61500549316406,167.61500549316406,44920
2006-05-02,135.3324432373047,179.9199981689453,183.97500610351562,173.0050048828125,183.97500610351562,52760
2006-05-03,132.14695739746094,175.68499755859375,180.0,174.22500610351562,174.22500610351562,14380
2006-05-04,132.68475341796875,176.39999389648438,177.5,173.0,176.0,76440
2006-05-05,133.25270080566406,177.15499877929688,178.78500366210938,176.0050048828125,177.5,26100
2006-05-08,134.33583068847656,178.59500122070312,186.0,176.65499877929688,186.0,7250
2006-05-09,132.96310424804688,176.77000427246094,179.0,176.60000610351562,178.8000030517578,27330
2006-05-10,131.51515197753906,174.84500122070312,179.02999877929688,174.1199951171875,179.02999877929688,12200
2006-05-11,128.05133056640625,170.24000549316406,176.0,169.10000610351562,176.0,15010
2006-05-12,125.7496566772461,167.17999267578125,172.48500061035156,165.2050018310547,170.0,17620
2006-05-15,124.17012023925781,165.0800018310547,170.9949951171875,163.5,165.30499267578125,14040
2006-05-16,118.18649291992188,157.125,165.9949951171875,151.10000610351562,165.0,30280
2006-05-17,121.15758514404297,161.0749969482422,175.0,158.1199951171875,175.0,39460
2006-05-18,114.72645568847656,152.52499389648438,160.0,149.0,160.0,42820
2006-05-19,112.9513168334961,150.1649932861328,159.60000610351562,149.0,159.60000610351562,56320
2006-05-22,110.64588928222656,147.10000610351562,150.0,120.5,149.5,55380
2006-05-23,112.01859283447266,148.9250030517578,150.0,135.5,135.5,19870
2006-05-24,111.46576690673828,148.19000244140625,152.47999572753906,145.1999969482422,150.0,7060
2006-05-25,108.73910522460938,144.56500244140625,149.98500061035156,144.0,149.98500061035156,21580
2006-05-26,110.43901062011719,146.8249969482422,154.63999938964844,145.2100067138672,145.2100067138672,7980
2006-05-29,111.2739486694336,147.93499755859375,153.56500244140625,145.63999938964844,153.56500244140625,8690
2006-05-30,109.32955169677734,145.35000610351562,151.86000061035156,145.0,146.0,3180
2006-05-31,109.50631713867188,145.5850067138672,167.60000610351562,142.5,142.5,18450
2006-06-01,108.73910522460938,144.56500244140625,150.0,142.5050048828125,150.0,29000
2006-06-02,109.25811767578125,145.2550048828125,147.4949951171875,140.0,140.0,94510
2006-06-05,103.84992980957031,138.06500244140625,146.875,137.5050048828125,143.6999969482422,13470
2006-06-06,100.32218170166016,133.375,139.99000549316406,131.8300018310547,138.06500244140625,195020
2006-06-07,95.75645446777344,127.30500030517578,148.5,113.05500030517578,148.5,37040
2006-06-08,94.06399536132812,125.05500030517578,129.0,114.00499725341797,129.0,31880
2006-06-09,93.98881530761719,124.95500183105469,129.0,116.0,116.0,18610
2006-06-12,92.75523376464844,123.31500244140625,128.49000549316406,115.9000015258789,115.9000015258789,7030
2006-06-13,91.886474609375,122.16000366210938,127.0,117.5,121.0,40150
2006-06-14,90.21286010742188,119.93499755859375,127.8949966430664,117.9000015258789,117.9000015258789,15380
2006-06-15,92.54084777832031,123.02999877929688,125.7300033569336,117.69999694824219,120.0,23140
2006-06-16,96.71170043945312,128.5749969482422,134.9949951171875,122.5,124.88500213623047,23720
2006-06-19,99.62264251708984,132.44500732421875,133.0500030517578,128.0,130.0,7130
2006-06-20,97.1103515625,129.10499572753906,139.2949981689453,125.1050033569336,139.2949981689453,7170
2006-06-21,98.4718017578125,130.9149932861328,144.39999389648438,129.39999389648438,144.39999389648438,10080
2006-06-22,96.13630676269531,127.80999755859375,144.5,125.0,139.8800048828125,73020
2006-06-23,96.17391204833984,127.86000061035156,132.5,122.01000213623047,128.0,11290
2006-06-26,93.66535949707031,124.5250015258789,130.0,123.11000061035156,130.0,9550
2006-06-27,93.35697937011719,124.11499786376953,127.9000015258789,121.3499984741211,125.0,353490
2006-06-28,91.02897644042969,121.0199966430664,124.48500061035156,116.61000061035156,116.61000061035156,8070
2006-06-29,90.32945251464844,120.08999633789062,123.99500274658203,119.5,123.99500274658203,60070
2006-06-30,90.16021728515625,119.86499786376953,124.8949966430664,119.0,123.5999984741211,44840
2006-07-03,90.28430938720703,120.02999877929688,124.80000305175781,119.5,124.80000305175781,19210
2006-07-04,90.76947021484375,120.67500305175781,121.9749984741211,119.5999984741211,121.9749984741211,17560
2006-07-05,90.42721557617188,120.22000122070312,123.5999984741211,113.68000030517578,121.5,109890
2006-07-06,89.65625,119.19499969482422,122.69000244140625,118.11000061035156,120.0,10310
2006-07-07,88.58438110351562,117.7699966430664,120.99500274658203,116.0,120.0,83240
2006-07-10,86.4782943725586,114.97000122070312,119.79499816894531,114.5,117.5,21470
2006-07-11,85.09051513671875,113.125,117.0,112.51000213623047,117.0,28350
2006-07-12,84.0374526977539,111.7249984741211,118.30000305175781,105.32499694824219,108.0999984741211,70450
2006-07-13,86.6964111328125,115.26000213623047,115.69499969482422,112.0,114.69499969482422,27640
2006-07-14,85.96681213378906,114.29000091552734,116.9000015258789,113.5,116.9000015258789,26140
2006-07-17,83.9735107421875,111.63999938964844,116.40499877929688,110.01000213623047,114.19999694824219,32330
2006-07-18,84.04214477539062,110.2300033569336,112.3949966430664,109.5,112.3949966430664,157400
2006-07-19,84.5033950805664,110.83499908447266,112.49500274658203,110.0999984741211,112.49500274658203,34790
2006-07-20,83.69904327392578,109.77999877929688,111.0999984741211,107.80000305175781,111.0999984741211,32620
2006-07-21,81.97213745117188,107.51499938964844,109.25,106.5,109.19999694824219,44140
2006-07-24,80.04322052001953,104.98500061035156,107.0,104.0,104.80000305175781,49060
2006-07-25,80.08516693115234,105.04000091552734,107.69999694824219,102.8499984741211,107.69999694824219,76890
2006-07-26,79.04443359375,103.67500305175781,105.0,102.5,105.0,50890
2006-07-27,79.83354949951172,104.70999908447266,108.0,104.0,108.0,48750
2006-07-28,80.60740661621094,105.7249984741211,106.38500213623047,104.4000015258789,104.9000015258789,160710
2006-07-31,83.53511047363281,109.56500244140625,111.0,105.5999984741211,106.5,90160
2006-08-01,83.44746398925781,109.44999694824219,119.9000015258789,103.45999908447266,112.0,76400
2006-08-02,83.50080108642578,109.5199966430664,112.69999694824219,108.5,112.69999694824219,121240
2006-08-03,83.59992218017578,109.6500015258789,111.0,106.40499877929688,111.0,81420
2006-08-04,83.56941986083984,109.61000061035156,111.0,109.15499877929688,111.0,32180
2006-08-07,84.13744354248047,110.3550033569336,111.0,109.0250015258789,109.9800033569336,33500
2006-08-08,87.03083801269531,114.1500015258789,115.80000305175781,111.19999694824219,112.49500274658203,57450
2006-08-09,89.92806243896484,117.94999694824219,119.69499969482422,110.0,110.0,73390
2006-08-10,89.98906707763672,118.02999877929688,127.19999694824219,117.44999694824219,121.0,59710
2006-08-11,90.1872787475586,118.29000091552734,121.80000305175781,112.4000015258789,112.4000015258789,16660
2006-08-14,90.55323791503906,118.7699966430664,119.99500274658203,118.5999984741211,119.98999786376953,31710
2006-08-16,90.93446350097656,119.2699966430664,121.98999786376953,118.5,121.98999786376953,58030
2006-08-17,90.00048065185547,118.04499816894531,121.0,117.4000015258789,119.99500274658203,350420
2006-08-18,88.60905456542969,116.22000122070312,119.69999694824219,115.55500030517578,119.69999694824219,24210
2006-08-21,87.59884643554688,114.8949966430664,119.9000015258789,114.30000305175781,119.9000015258789,29980
2006-08-22,86.5047836303711,113.45999908447266,117.5,112.80000305175781,117.5,35140
2006-08-23,85.68897247314453,112.38999938964844,115.0,111.80000305175781,114.30000305175781,31880
2006-08-24,84.42716979980469,110.73500061035156,113.0,110.2300033569336,111.4000015258789,40640
2006-08-25,85.13240814208984,111.66000366210938,113.98999786376953,111.1500015258789,112.58999633789062,35710
2006-08-28,85.76902770996094,112.49500274658203,113.8949966430664,111.0,113.8949966430664,18490
2006-08-29,83.97351837158203,110.13999938964844,113.88500213623047,109.69999694824219,113.87999725341797,90950
2006-08-30,84.21749877929688,110.45999908447266,113.5,110.19999694824219,113.5,35570
2006-08-31,81.99119567871094,107.54000091552734,111.8949966430664,105.50499725341797,111.8949966430664,108580
2006-09-01,82.258056640625,107.88999938964844,109.8949966430664,107.5,109.5,100210
2006-09-04,81.7777328491211,107.26000213623047,109.80000305175781,104.19999694824219,104.19999694824219,121190
2006-09-05,81.4041519165039,106.7699966430664,108.9000015258789,106.0,108.80000305175781,49560
2006-09-06,80.61122131347656,105.7300033569336,107.98999786376953,105.5,107.9000015258789,61280
2006-09-07,80.06990814208984,105.0199966430664,107.0,104.75,106.0,82810
2006-09-08,79.48664855957031,104.25499725341797,106.98999786376953,103.51499938964844,106.4000015258789,86810
2006-09-11,78.74708557128906,103.28500366210938,105.0,103.0,104.80000305175781,64750
2006-09-12,79.62769317626953,104.44000244140625,120.98999786376953,102.5,120.98999786376953,76430
2006-09-13,83.30638885498047,109.26499938964844,110.0,105.80000305175781,109.9000015258789,92360
2006-09-14,83.8744125366211,110.01000213623047,113.0,109.01000213623047,110.5,101930
2006-09-15,83.72955322265625,109.81999969482422,112.5,107.69999694824219,112.5,77160
2006-09-18,84.96467590332031,111.44000244140625,113.05000305175781,109.5999984741211,112.5,289580
2006-09-19,83.95445251464844,110.11499786376953,112.49500274658203,109.5,112.0,64140
2006-09-20,84.69401550292969,111.08499908447266,114.4000015258789,109.0,109.0,124410
2006-09-21,84.9074935913086,111.36499786376953,112.04499816894531,111.19999694824219,111.19999694824219,41250
2006-09-22,84.11455535888672,110.32499694824219,111.5999984741211,110.00499725341797,111.5999984741211,24190
2006-09-25,83.2416000366211,109.18000030517578,111.0999984741211,109.11499786376953,111.0,33190
2006-09-26,81.95690155029297,107.49500274658203,109.69000244140625,107.01000213623047,109.19999694824219,52450
2006-09-27,82.48680114746094,108.19000244140625,109.44499969482422,107.44999694824219,108.5,91800
2006-09-28,83.45125579833984,109.45500183105469,110.5,108.0999984741211,109.44999694824219,31220
2006-09-29,84.93035888671875,111.3949966430664,113.69999694824219,108.87000274658203,109.0,183750
2006-10-03,83.83248138427734,109.95500183105469,111.9800033569336,109.0,111.5,119460
2006-10-04,85.8071517944336,112.54499816894531,115.19999694824219,109.19999694824219,111.80000305175781,112630
2006-10-05,89.38292694091797,117.23500061035156,118.0999984741211,113.5,114.5999984741211,166940
2006-10-06,90.57231140136719,118.79499816894531,119.80000305175781,116.20999908447266,118.30000305175781,102330
2006-10-09,92.6499252319336,121.5199966430664,122.0,117.4000015258789,117.4000015258789,86590
2006-10-10,98.50152587890625,129.19500732421875,131.89999389648438,121.50499725341797,122.49500274658203,251790
2006-10-11,97.97547149658203,128.5050048828125,132.0,126.0,130.89999389648438,182570
2006-10-12,96.19139099121094,126.16500091552734,130.0,125.0999984741211,128.8000030517578,62340
2006-10-13,98.20039367675781,128.8000030517578,130.0,126.80000305175781,128.39999389648438,83970
2006-10-16,96.68697357177734,126.81500244140625,129.89500427246094,125.50499725341797,129.60000610351562,65230
2006-10-17,95.23072814941406,124.90499877929688,127.6449966430664,124.20999908447266,127.0999984741211,47270
2006-10-18,96.35533142089844,126.37999725341797,127.30000305175781,125.0,125.0,91990
2006-10-19,96.67552947998047,126.80000305175781,129.10000610351562,125.01000213623047,126.5,111690
2006-10-20,96.59166717529297,126.69000244140625,128.5,126.0199966430664,127.5,85680
2006-10-23,96.50015258789062,126.56999969482422,129.88999938964844,126.0,129.88999938964844,26370
2006-10-26,95.35271453857422,125.06500244140625,127.19999694824219,124.5999984741211,126.0,25570
2006-10-27,95.50901794433594,125.2699966430664,127.0,124.55999755859375,126.0,32160
2006-10-30,90.7133560180664,118.9800033569336,124.0,118.30000305175781,124.0,235870
2006-10-31,87.20237731933594,114.375,122.83999633789062,113.22000122070312,120.5999984741211,122100
2006-11-01,88.0715560913086,115.51499938964844,117.30000305175781,114.69999694824219,114.69999694824219,86400
2006-11-02,88.52900695800781,116.11499786376953,118.5,114.5,114.5,76180
2006-11-03,88.02198791503906,115.44999694824219,119.7699966430664,114.69999694824219,119.7699966430664,50550
2006-11-06,86.4361572265625,113.37000274658203,115.4000015258789,113.0,115.0999984741211,95070
2006-11-07,86.4895248413086,113.44000244140625,117.69999694824219,113.0,117.0,43560
2006-11-08,84.64443969726562,111.0199966430664,114.05000305175781,110.5,113.80000305175781,59320
2006-11-09,84.41954803466797,110.7249984741211,113.0,110.5,111.0,44480
2006-11-10,85.43355560302734,112.05500030517578,112.80000305175781,107.9000015258789,107.9000015258789,57850
2006-11-13,86.37516021728516,113.29000091552734,116.0,112.38999938964844,112.38999938964844,40990
2006-11-14,87.30913543701172,114.51499938964844,115.0,113.0999984741211,114.80000305175781,61270
2006-11-15,86.88216400146484,113.95500183105469,115.9800033569336,112.9000015258789,114.5,95140
2006-11-16,86.74493408203125,113.7750015258789,114.9000015258789,111.19999694824219,114.0,77640
2006-11-17,85.6851577758789,112.38500213623047,114.4000015258789,112.00499725341797,112.4000015258789,29960
2006-11-20,84.3852310180664,110.68000030517578,112.0,109.0,112.0,29760
2006-11-21,84.41572570800781,110.72000122070312,112.0,110.30000305175781,110.30000305175781,16930
2006-11-22,84.85411834716797,111.29499816894531,112.48999786376953,110.0999984741211,112.48999786376953,74060
2006-11-23,84.66351318359375,111.04499816894531,113.0,110.20500183105469,113.0,23750
2006-11-24,85.0066146850586,111.49500274658203,112.29000091552734,111.0,112.29000091552734,75830
2006-11-27,84.987548828125,111.47000122070312,113.0,111.0,113.0,13180
2006-11-28,84.84648895263672,111.28500366210938,112.0999984741211,111.0,111.0,24950
2006-11-29,85.06758880615234,111.57499694824219,111.98999786376953,111.20500183105469,111.25,21580
2006-11-30,85.837646484375,112.58499908447266,113.80000305175781,111.5,111.5999984741211,40150
2006-12-01,86.5352783203125,113.5,114.9000015258789,111.6050033569336,113.4000015258789,44320
2006-12-04,86.97367095947266,114.07499694824219,114.9000015258789,112.0999984741211,114.0,34190
2006-12-05,88.58618927001953,116.19000244140625,116.5,113.13500213623047,114.69999694824219,54970
2006-12-06,87.9724349975586,115.38500213623047,116.0,114.6050033569336,115.0,25510
2006-12-07,85.59747314453125,112.2699966430664,114.99500274658203,111.12000274658203,114.99500274658203,28600
2006-12-08,86.37896728515625,113.29499816894531,115.0,112.41999816894531,112.5999984741211,28980
2006-12-11,83.3521499633789,109.32499694824219,113.99500274658203,109.0,110.19999694824219,26700
2006-12-12,83.9011001586914,110.04499816894531,112.87999725341797,105.5999984741211,109.30000305175781,84470
2006-12-13,82.8375015258789,108.6500015258789,110.0,105.5250015258789,110.0,57070
2006-12-14,87.91908264160156,115.31500244140625,117.0999984741211,110.0,111.0,100260
2006-12-15,86.55432891845703,113.5250015258789,119.0999984741211,112.62999725341797,116.5,35240
2006-12-18,86.4552001953125,113.3949966430664,120.0,112.0,119.0,19290
2006-12-19,86.1388168334961,112.9800033569336,115.5999984741211,111.19999694824219,111.9000015258789,32850
2006-12-20,84.78929901123047,111.20999908447266,113.5,111.0,113.4000015258789,16180
2006-12-21,84.28230285644531,110.54499816894531,112.5,107.19999694824219,107.19999694824219,16440
2006-12-22,84.57202911376953,110.92500305175781,112.4000015258789,110.0,110.5,9600
2006-12-26,84.65969848632812,111.04000091552734,112.83999633789062,110.9000015258789,112.83999633789062,12010
2006-12-27,84.32042694091797,110.59500122070312,111.95500183105469,110.19999694824219,111.12999725341797,24490
2006-12-28,83.92777252197266,110.08000183105469,111.5,109.59500122070312,111.5,22060
2006-12-29,83.43600463867188,109.43499755859375,112.79000091552734,108.0,108.0,35210
2007-01-02,83.9011001586914,110.04499816894531,114.0,109.20500183105469,114.0,14800
2007-01-03,83.55038452148438,109.58499908447266,111.49500274658203,109.4000015258789,111.4000015258789,35440
2007-01-04,84.45001983642578,110.76499938964844,112.0999984741211,109.0,110.0,531070
2007-01-05,84.08788299560547,110.29000091552734,112.5,110.0,110.69499969482422,49430
2007-01-08,83.62281036376953,109.68000030517578,113.9000015258789,109.12000274658203,113.9000015258789,31140
2007-01-09,83.51986694335938,109.54499816894531,110.79499816894531,105.5,105.5,28850
2007-01-10,84.63301849365234,111.00499725341797,112.0,104.1500015258789,104.1500015258789,38790
2007-01-11,85.41450500488281,112.02999877929688,112.8499984741211,103.69999694824219,103.69999694824219,55160
2007-01-12,84.40047454833984,110.69999694824219,113.0,110.0,113.0,58030
2007-01-15,85.4526138305664,112.08000183105469,112.3949966430664,110.51000213623047,112.0,33560
2007-01-16,85.23534393310547,111.79499816894531,118.0,110.80000305175781,118.0,12480
2007-01-17,85.66990661621094,112.36499786376953,113.69499969482422,111.5,113.69499969482422,47190
2007-01-18,85.44499969482422,112.06999969482422,113.9000015258789,111.55000305175781,113.9000015258789,35120
2007-01-19,85.06378173828125,111.56999969482422,113.37999725341797,110.5,113.37999725341797,31160
2007-01-22,85.78809356689453,112.5199966430664,115.7699966430664,109.05500030517578,114.0,36540
2007-01-23,86.11212158203125,112.94499969482422,114.0,111.59500122070312,113.0,26600
2007-01-24,86.64962768554688,113.6500015258789,114.4000015258789,112.54000091552734,114.0,20930
2007-01-25,86.64201354980469,113.63999938964844,114.9000015258789,110.55500030517578,113.0,53730
2007-01-29,86.89742279052734,113.9749984741211,114.9000015258789,112.4000015258789,113.5,36620
2007-01-31,88.05249786376953,115.48999786376953,118.4000015258789,111.0,111.41000366210938,124220
2007-02-01,87.43875885009766,114.68499755859375,116.5999984741211,113.5,116.5999984741211,328550
2007-02-02,87.5721664428711,114.86000061035156,118.80000305175781,114.05999755859375,116.0,111570
2007-02-05,84.82745361328125,111.26000213623047,115.9000015258789,109.0199966430664,113.19999694824219,60950
2007-02-06,88.56713104248047,116.16500091552734,117.5,111.66000366210938,114.4000015258789,105830
2007-02-07,89.42485046386719,117.29000091552734,118.0,115.5,117.0,64730
2007-02-08,90.4998779296875,118.69999694824219,119.5,115.52999877929688,115.52999877929688,44560
2007-02-09,90.51892852783203,118.7249984741211,119.30000305175781,117.6500015258789,118.5,43760
2007-02-12,89.7717514038086,117.74500274658203,119.80000305175781,116.1050033569336,119.80000305175781,30590
2007-02-13,90.83535766601562,119.13999938964844,119.80000305175781,112.0999984741211,112.0999984741211,61520
2007-02-14,96.30574798583984,126.31500244140625,127.5,115.9000015258789,115.9000015258789,111190
2007-02-15,97.01480865478516,127.24500274658203,128.125,122.0199966430664,122.0199966430664,71120
2007-02-19,96.9118881225586,127.11000061035156,129.0,125.00499725341797,127.9800033569336,62120
2007-02-20,95.4747085571289,125.2249984741211,126.0,121.20500183105469,123.4000015258789,43150
2007-02-21,97.48751068115234,127.86499786376953,128.0,121.52999877929688,122.69999694824219,1292660
2007-02-22,96.45824432373047,126.51499938964844,130.89999389648438,126.0,130.89999389648438,19670
2007-02-23,91.7159423828125,120.29499816894531,125.79499816894531,119.5,124.0999984741211,61880
2007-02-26,91.48339080810547,119.98999786376953,123.9000015258789,119.49500274658203,123.9000015258789,82560
2007-02-27,97.07198333740234,127.31999969482422,129.99000549316406,119.62999725341797,124.4000015258789,89580
2007-02-28,94.27767944335938,123.65499877929688,129.5,112.69999694824219,120.0,91690
2007-03-01,94.74276733398438,124.26499938964844,126.5,122.5999984741211,123.0,44660
2007-03-02,98.93993377685547,129.77000427246094,131.39999389648438,124.0,124.0,641450
2007-03-05,99.60322570800781,130.63999938964844,131.3800048828125,125.01000213623047,125.01000213623047,620170
2007-03-06,97.26258850097656,127.56999969482422,135.0,127.0,131.4499969482422,42800
2007-03-07,93.30943298339844,122.38500213623047,131.0,121.5,128.0,40830
2007-03-08,94.42636108398438,123.8499984741211,125.0,122.19999694824219,124.79499816894531,34380
2007-03-09,93.67537689208984,122.86499786376953,124.91999816894531,121.19999694824219,124.0,47460
2007-03-12,97.9068374633789,128.4149932861328,129.1300048828125,123.51000213623047,124.69999694824219,739350
2007-03-13,97.78485870361328,128.2550048828125,133.0,127.05500030517578,128.96499633789062,42940
2007-03-14,96.04652404785156,125.9749984741211,127.5,124.0,127.5,52480
2007-03-15,96.39723205566406,126.43499755859375,133.39999389648438,125.0,126.0,25700
2007-03-16,95.89404296875,125.7750015258789,129.1999969482422,125.0,129.1999969482422,19210
2007-03-19,98.39862060546875,129.05999755859375,129.8000030517578,124.19999694824219,128.0,36300
2007-03-20,97.53705596923828,127.93000030517578,131.89999389648438,126.0,126.5199966430664,32560
2007-03-21,96.49636840820312,126.56500244140625,127.49500274658203,125.5,127.0,13590
2007-03-22,94.47592163085938,123.91500091552734,127.7699966430664,122.19999694824219,127.0,64390
2007-03-23,94.46829223632812,123.90499877929688,127.0,122.31999969482422,122.31999969482422,32920
2007-03-26,96.48872375488281,126.55500030517578,129.89999389648438,124.0,126.0,31100
2007-03-28,94.17475891113281,123.5199966430664,128.05499267578125,118.0199966430664,120.3550033569336,15160
2007-03-29,91.1860580444336,119.5999984741211,124.66000366210938,118.5,123.0,49690
2007-03-30,95.6424331665039,125.44499969482422,125.5999984741211,121.00499725341797,122.29499816894531,38680
2007-04-02,92.53173065185547,121.36499786376953,124.49500274658203,120.62000274658203,124.49500274658203,9160
2007-04-03,93.76685333251953,122.98500061035156,123.5,120.11499786376953,121.0999984741211,19110
2007-04-04,93.06925964355469,122.06999969482422,123.5,120.5,123.5,19790
2007-04-05,94.0985336303711,123.41999816894531,125.5,121.5,122.0,17500
2007-04-09,94.39205932617188,123.80500030517578,125.69999694824219,123.61000061035156,124.99500274658203,18470
2007-04-10,94.70083618164062,124.20999908447266,124.98500061035156,123.00499725341797,124.80000305175781,5860
2007-04-11,93.58389282226562,122.74500274658203,124.69999694824219,122.5999984741211,124.20999908447266,10550
2007-04-12,94.45304870605469,123.88500213623047,124.9800033569336,122.0999984741211,122.5,10540
2007-04-13,94.64746856689453,124.13999938964844,125.44999694824219,121.5999984741211,124.0,23880
2007-04-16,97.19776916503906,127.48500061035156,130.0,115.62000274658203,115.62000274658203,40950
2007-04-17,97.04911041259766,127.29000091552734,130.0,127.0,129.39999389648438,24180
2007-04-18,95.39844512939453,125.125,127.5,124.5,127.49500274658203,8070
2007-04-19,95.31079864501953,125.01000213623047,125.5,119.3550033569336,119.3550033569336,9180
2007-04-20,95.26121520996094,124.94499969482422,126.69499969482422,124.52999877929688,126.0,8870
2007-04-23,95.24978637695312,124.93000030517578,126.69999694824219,124.3499984741211,125.0,27790
2007-04-24,96.86231231689453,127.04499816894531,128.5,121.50499725341797,124.30500030517578,331110
2007-04-25,97.54850769042969,127.94499969482422,128.49000549316406,125.12999725341797,126.49500274658203,60040
2007-04-26,97.30833435058594,127.62999725341797,130.0,124.2249984741211,127.50499725341797,93210
2007-04-27,96.38579559326172,126.41999816894531,127.5,125.0,126.9000015258789,5790
2007-04-30,96.58023071289062,126.67500305175781,128.39999389648438,123.0,126.5,7900
2007-05-03,99.92726135253906,131.06500244140625,131.89999389648438,125.0,130.0,85960
2007-05-04,99.90819549560547,131.0399932861328,140.0,129.6999969482422,135.0,108920
2007-05-07,100.70112609863281,132.0800018310547,133.5,131.0,131.0,44210
2007-05-08,105.19182586669922,137.97000122070312,138.89999389648438,131.0,132.0,552390
2007-05-09,113.1591567993164,148.4199981689453,149.6999969482422,134.63999938964844,137.89999389648438,161610
2007-05-10,119.94853973388672,157.3249969482422,161.0,145.61000061035156,148.0,207610
2007-05-11,116.04113006591797,152.1999969482422,156.89999389648438,149.0,156.89999389648438,80120
2007-05-14,114.40955352783203,150.05999755859375,159.89999389648438,148.05999755859375,154.2949981689453,55400
2007-05-15,111.3941421508789,146.10499572753906,152.47999572753906,145.02499389648438,152.47999572753906,57050
2007-05-16,109.22502899169922,143.25999450683594,149.69000244140625,142.0,149.67999267578125,36800
2007-05-17,109.35845947265625,143.43499755859375,148.9949951171875,142.5,148.9949951171875,42840
2007-05-18,108.29869842529297,142.0449981689453,144.0,136.2550048828125,143.5,18380
2007-05-21,108.03946685791016,141.7050018310547,144.85499572753906,137.39999389648438,137.39999389648438,22710
2007-05-22,109.67867279052734,143.85499572753906,145.0,140.5,143.39500427246094,33040
2007-05-23,110.24286651611328,144.59500122070312,148.0,141.6999969482422,146.8000030517578,82020
2007-05-24,113.06768035888672,148.3000030517578,151.0,144.6999969482422,147.9949951171875,34100
2007-05-25,114.68782043457031,150.4250030517578,151.0,145.0,145.10000610351562,41610
2007-05-28,119.37672424316406,156.5749969482422,157.0,151.0,152.60000610351562,356830
2007-05-29,123.00205993652344,161.3300018310547,165.0,150.55499267578125,156.5,670350
2007-05-30,118.96122741699219,156.02999877929688,162.5,153.22999572753906,161.8000030517578,557080
2007-05-31,116.7730712890625,153.16000366210938,160.9949951171875,150.5050048828125,160.8000030517578,746810
2007-06-01,117.12377166748047,153.6199951171875,158.1999969482422,151.1199951171875,155.0,40210
2007-06-04,113.7805404663086,149.23500061035156,156.25,147.63499450683594,153.6999969482422,45540
2007-06-05,118.05774688720703,154.84500122070312,155.48500061035156,151.0,151.0,83240
2007-06-06,116.40708923339844,152.67999267578125,156.25,152.0,154.1999969482422,31160
2007-06-07,113.79576110839844,149.2550048828125,155.8000030517578,147.55499267578125,154.0,38140
2007-06-08,115.24057006835938,151.14999389648438,152.4949951171875,145.1999969482422,145.1999969482422,45940
2007-06-11,113.79195404052734,149.25,155.0,147.0800018310547,155.0,58720
2007-06-12,114.16557312011719,149.74000549316406,154.5,144.61000061035156,154.0,45470
2007-06-13,112.77413940429688,147.9149932861328,153.4499969482422,146.2100067138672,153.4499969482422,10180
2007-06-14,112.61399841308594,147.7050018310547,151.4949951171875,147.5,151.4949951171875,11810
2007-06-15,111.51992797851562,146.27000427246094,150.39999389648438,145.5,149.9949951171875,18130
2007-06-18,111.36746215820312,146.07000732421875,149.7449951171875,145.5,147.60000610351562,69480
2007-06-19,111.3178939819336,146.0050048828125,149.97999572753906,145.0,149.97999572753906,27520
2007-06-20,112.09938049316406,147.02999877929688,149.39999389648438,146.11500549316406,147.5,133030
2007-06-21,116.05636596679688,152.22000122070312,161.0,150.0,150.0,209810
2007-06-22,115.97633361816406,152.11500549316406,153.74000549316406,151.0,152.60000610351562,55030
2007-06-25,116.93698120117188,153.375,154.0,151.5,153.39999389648438,48640
2007-06-26,115.9801025390625,152.1199951171875,158.39999389648438,151.99000549316406,156.0,61690
2007-06-27,117.6384048461914,154.2949981689453,155.0,151.5,153.5,73440
2007-06-28,116.93316650390625,153.3699951171875,154.4949951171875,151.8000030517578,153.0,40920
2007-06-29,120.11627197265625,157.5449981689453,158.00999450683594,153.0,153.8000030517578,66830
2007-07-02,119.773193359375,157.09500122070312,157.52000427246094,156.10000610351562,157.0,113500
2007-07-03,122.60179138183594,160.80499267578125,162.0,157.55499267578125,160.0,643530
2007-07-04,124.22196960449219,162.92999267578125,167.6999969482422,160.0,160.49000549316406,207850
2007-07-05,130.19932556152344,170.77000427246094,177.1999969482422,165.89999389648438,165.89999389648438,317400
2007-07-06,130.3556671142578,170.97500610351562,172.5,168.5500030517578,168.5500030517578,65670
2007-07-09,131.0189666748047,171.84500122070312,173.10000610351562,170.60000610351562,171.89999389648438,51670
2007-07-10,128.29330444335938,168.27000427246094,172.0,165.55499267578125,165.55499267578125,260540
2007-07-11,129.20057678222656,169.4600067138672,170.0,165.0399932861328,165.0399932861328,41000
2007-07-12,127.11914825439453,166.72999572753906,177.3000030517578,165.97000122070312,177.3000030517578,39730
2007-07-13,128.96043395996094,169.14500427246094,173.0,165.13499450683594,170.5,132020
2007-07-16,132.9136199951172,174.3300018310547,177.0,171.5,177.0,373290
2007-07-17,131.92628479003906,173.03500366210938,177.0,172.24000549316406,174.89500427246094,129770
2007-07-18,132.90977478027344,174.3249969482422,175.6999969482422,171.0,171.0,50600
2007-07-19,131.4954833984375,172.47000122070312,175.0,171.00999450683594,175.0,50430
2007-07-20,130.73309326171875,171.47000122070312,173.0,170.13999938964844,173.0,29680
2007-07-23,130.14599609375,170.6999969482422,173.4949951171875,169.7100067138672,172.1999969482422,31880
2007-07-24,130.3213348388672,170.92999267578125,175.0,170.0399932861328,174.88999938964844,40670
2007-07-25,130.34039306640625,170.9550018310547,172.49000549316406,166.7050018310547,170.0,37740
2007-07-26,129.77622985839844,170.21499633789062,171.98500061035156,168.10000610351562,171.98500061035156,28790
2007-07-27,129.22341918945312,169.49000549316406,171.0,162.5,162.5,27630
2007-07-30,126.75702667236328,166.2550048828125,169.5,165.0,167.0050048828125,18210
2007-07-31,130.20700073242188,170.77999877929688,172.0,164.22999572753906,168.9949951171875,44260
2007-08-01,125.04155731201172,164.0050048828125,169.0,164.0,167.0,424710
2007-08-02,123.44807434082031,161.9149932861328,169.39500427246094,160.1999969482422,169.39500427246094,13210
2007-08-03,124.24866485595703,162.96499633789062,167.5,162.0,166.86500549316406,29970
2007-08-06,122.31969451904297,160.43499755859375,164.60000610351562,157.61000061035156,162.0050048828125,27910
2007-08-07,123.04019927978516,161.3800048828125,164.89999389648438,160.5,164.89999389648438,6220
2007-08-08,123.01731872558594,161.35000610351562,163.6999969482422,161.2050018310547,162.5,10260
2007-08-09,122.0871810913086,160.1300048828125,163.2100067138672,159.3000030517578,161.2100067138672,10870
2007-08-10,121.96134185791016,159.96499633789062,165.99000549316406,152.50999450683594,152.50999450683594,25860
2007-08-13,123.6539306640625,162.18499755859375,180.0,156.52499389648438,180.0,17030
2007-08-14,125.21691131591797,164.23500061035156,165.1999969482422,152.85499572753906,152.85499572753906,28460
2007-08-16,120.27256774902344,157.75,161.5,157.5,160.0,14940
2007-08-17,121.7364273071289,159.6699981689453,160.0,156.0,157.5,31340
2007-08-20,121.04644012451172,158.76499938964844,161.0,155.0,160.50999450683594,1106040
2007-08-21,120.37550354003906,157.88499450683594,162.5,153.0,161.8000030517578,30190
2007-08-22,117.38679504394531,153.96499633789062,159.9949951171875,149.60000610351562,154.1649932861328,35550
2007-08-23,116.09066009521484,152.26499938964844,160.0,150.5,159.49000549316406,22660
2007-08-24,116.14024353027344,152.3300018310547,154.0,151.5,153.0,10080
2007-08-27,121.44672393798828,159.2899932861328,160.0,151.5,151.5,26840
2007-08-28,120.8405990600586,158.4949951171875,165.0,157.0,157.0,52390
2007-08-29,121.16465759277344,158.9199981689453,160.0,157.0,157.0,28310
2007-08-30,122.63858032226562,159.3350067138672,160.5,158.1999969482422,160.5,37550
2007-08-31,120.81829071044922,156.97000122070312,161.0,156.0050048828125,161.0,15890
2007-09-03,124.57437133789062,161.85000610351562,166.3000030517578,159.5,162.0,105850
2007-09-04,123.71611022949219,160.73500061035156,167.0,160.10000610351562,164.44000244140625,36380
2007-09-05,122.40766906738281,159.03500366210938,163.6999969482422,156.60000610351562,158.10000610351562,15880
2007-09-06,122.00743865966797,158.51499938964844,160.0,156.10499572753906,158.10000610351562,7700
2007-09-07,121.06069946289062,157.28500366210938,159.39999389648438,156.22500610351562,159.39999389648438,16550
2007-09-10,120.3641357421875,156.3800048828125,158.89500427246094,154.00999450683594,156.1300048828125,12230
2007-09-11,119.34046173095703,155.0500030517578,157.0,154.60000610351562,157.0,33530
2007-09-12,117.997314453125,153.30499267578125,157.5,152.5,157.5,38750
2007-09-13,118.4861068725586,153.94000244140625,160.0,153.5,158.6999969482422,16840
2007-09-14,117.21997833251953,152.2949981689453,156.39999389648438,151.30499267578125,156.39500427246094,20740
2007-09-17,115.8845443725586,150.55999755859375,154.0,150.0,151.8000030517578,12130
2007-09-18,117.42008972167969,152.55499267578125,153.9949951171875,147.61000061035156,150.5,348850
2007-09-19,116.37714385986328,151.1999969482422,158.0,150.1999969482422,158.0,40760
2007-09-20,118.2205810546875,153.59500122070312,154.60000610351562,152.3000030517578,152.3000030517578,55700
2007-09-21,113.36762237548828,147.2899932861328,154.89999389648438,146.0,153.8000030517578,78100
2007-09-24,114.29898834228516,148.5,154.98500061035156,147.5050048828125,154.98500061035156,286040
2007-09-25,113.94877624511719,148.0449981689453,149.5,140.0,140.0,25090
2007-09-26,113.46385955810547,147.4149932861328,148.88499450683594,145.6199951171875,148.88499450683594,9260
2007-09-27,111.90139770507812,145.38499450683594,148.8000030517578,144.0,147.08999633789062,20760
2007-09-28,112.54023742675781,146.21499633789062,153.80499267578125,144.10000610351562,153.80499267578125,158870
2007-10-01,111.44343566894531,144.7899932861328,146.18499755859375,144.0,146.0,14090
2007-10-03,109.79629516601562,142.64999389648438,148.25,141.60000610351562,145.0,38260
2007-10-04,110.73917388916016,143.875,144.8000030517578,141.0050048828125,144.8000030517578,51270
2007-10-05,108.51862335205078,140.99000549316406,144.69500732421875,140.10000610351562,143.875,135690
2007-10-08,110.37743377685547,143.40499877929688,145.89999389648438,137.5,142.5,105600
2007-10-09,111.99760437011719,145.50999450683594,146.1999969482422,135.15499877929688,138.2550048828125,101690
2007-10-10,110.14266967773438,143.10000610351562,150.0,143.0,144.0,28140
2007-10-11,110.52364349365234,143.59500122070312,148.47000122070312,142.11000061035156,148.47000122070312,90690
2007-10-12,109.88095092773438,142.75999450683594,144.60000610351562,140.0,144.60000610351562,53480
2007-10-15,107.85283660888672,140.125,143.0,139.9499969482422,141.5,1312510
2007-10-16,107.81434631347656,140.0749969482422,144.7449951171875,137.1199951171875,138.0,37650
2007-10-17,106.44430541992188,138.2949981689453,141.0,135.39999389648438,135.39999389648438,17940
2007-10-18,104.36228942871094,135.58999633789062,144.0,135.0,144.0,32760
2007-10-19,106.7483139038086,138.69000244140625,139.7949981689453,134.0,139.7949981689453,32640
2007-10-22,107.77201843261719,140.02000427246094,140.5,133.35499572753906,133.35499572753906,35550
2007-10-23,107.18318939208984,139.2550048828125,143.0,138.22500610351562,142.5,26980
2007-10-24,113.95263671875,148.0500030517578,155.96499633789062,145.5,149.89999389648438,111730
2007-10-25,115.6189956665039,150.21499633789062,154.39500427246094,147.60000610351562,149.89999389648438,58590
2007-10-26,117.4931869506836,152.64999389648438,153.0,150.0,151.89999389648438,76840
2007-10-29,117.7779769897461,153.02000427246094,156.0,151.5,156.0,41330
2007-10-30,115.36502075195312,149.88499450683594,156.0,145.5,156.0,36210
2007-10-31,118.58231353759766,154.06500244140625,155.8000030517578,149.0,150.5,77120
2007-11-01,116.8466567993164,151.80999755859375,155.0,150.0,155.0,32380
2007-11-02,115.50740051269531,150.07000732421875,155.0,148.3000030517578,154.5,48390
2007-11-05,114.72615814208984,149.05499267578125,152.5,141.44000244140625,148.10000610351562,19070
2007-11-06,115.48046875,150.03500366210938,153.5,149.0050048828125,152.89999389648438,29420
2007-11-07,115.4650650024414,150.01499938964844,151.10000610351562,148.5,149.0,24050
2007-11-08,115.53819274902344,150.11000061035156,151.5,150.0,151.3000030517578,7610
2007-11-12,116.2193603515625,150.9949951171875,154.4949951171875,150.0050048828125,153.89999389648438,42080
2007-11-13,116.6811752319336,151.59500122070312,155.0,150.02499389648438,155.0,25030
2007-11-14,116.59651947021484,151.48500061035156,154.1999969482422,150.0,153.89999389648438,17860
2007-11-15,118.7670669555664,154.30499267578125,155.5,150.5050048828125,150.52000427246094,40870
2007-11-16,116.19243621826172,150.9600067138672,156.0,150.60000610351562,153.39999389648438,23330
2007-11-19,117.37774658203125,152.5,154.49000549316406,150.8000030517578,151.0,12170
2007-11-20,116.99288940429688,152.0,153.5,151.0,151.5,41620
2007-11-21,117.01215362548828,152.02499389648438,153.89500427246094,151.0,152.0,28000
2007-11-22,115.28418731689453,149.77999877929688,153.0,149.0,153.0,2013270
2007-11-23,115.53819274902344,150.11000061035156,154.0,150.0,153.6999969482422,508700
2007-11-26,115.45352935791016,150.0,151.9949951171875,150.0,150.3000030517578,16780
2007-11-27,116.71966552734375,151.64500427246094,152.5,150.0,152.38499450683594,10070
2007-11-28,114.13731384277344,148.2899932861328,152.4949951171875,147.0,152.4949951171875,28250
2007-11-29,115.44581604003906,149.99000549316406,151.4949951171875,148.60499572753906,148.60499572753906,3930
2007-11-30,114.86470031738281,149.23500061035156,151.99000549316406,146.22500610351562,146.22500610351562,10300
2007-12-03,112.99820709228516,146.80999755859375,150.0,145.5050048828125,145.5050048828125,18190
2007-12-04,113.479248046875,147.43499755859375,149.3000030517578,147.00999450683594,149.3000030517578,9840
2007-12-05,116.57726287841797,151.4600067138672,152.5,147.1999969482422,149.0,22910
2007-12-06,115.09562683105469,149.53500366210938,155.6999969482422,148.5,151.4600067138672,18330
2007-12-07,114.73767852783203,149.07000732421875,152.8000030517578,147.89999389648438,147.89999389648438,9330
2007-12-10,112.24005126953125,145.8249969482422,149.0,144.89999389648438,149.0,51710
2007-12-11,112.35167694091797,145.97000122070312,148.19000244140625,144.125,148.10000610351562,300420
2007-12-12,114.1873779296875,148.35499572753906,148.5,144.2050018310547,144.8000030517578,45180
2007-12-13,116.18089294433594,150.94500732421875,152.5,145.00999450683594,145.00999450683594,855150
2007-12-14,115.54972076416016,150.125,152.6999969482422,142.26499938964844,142.26499938964844,25860
2007-12-17,115.42658233642578,149.96499633789062,151.0,149.5,151.0,22190
2007-12-18,115.42658233642578,149.96499633789062,149.96499633789062,149.96499633789062,149.96499633789062,0
2007-12-19,114.41829681396484,148.65499877929688,151.1999969482422,148.5,150.1999969482422,369230
2007-12-20,112.85582733154297,146.625,149.99000549316406,146.5,148.3000030517578,18940
2007-12-24,112.91740417480469,146.7050018310547,150.5,146.00999450683594,150.5,25150
2007-12-26,113.2945327758789,147.19500732421875,150.0,146.0,150.0,49700
2007-12-27,113.1483154296875,147.0050048828125,149.60000610351562,144.3000030517578,144.3000030517578,15200
2007-12-28,112.80579376220703,146.55999755859375,148.47999572753906,144.55499267578125,147.0399932861328,22230
2007-12-31,113.40998840332031,147.34500122070312,149.5,146.5,149.0,72870
2008-01-01,113.479248046875,147.43499755859375,149.0,147.0050048828125,148.89999389648438,40210
2008-01-02,114.61839294433594,148.9149932861328,151.9600067138672,147.0,148.0,313820
2008-01-03,116.38484954833984,151.2100067138672,152.89999389648438,148.5,148.5,34420
2008-01-04,115.81141662597656,150.46499633789062,153.1999969482422,150.10000610351562,153.0,30660
2008-01-07,117.22381591796875,152.3000030517578,153.2899932861328,147.2100067138672,153.0,35810
2008-01-08,117.98194885253906,153.28500366210938,165.0,152.0,155.39999389648438,118920
2008-01-09,119.31353759765625,155.01499938964844,156.375,153.10000610351562,156.375,57930
2008-01-10,119.54057312011719,155.30999755859375,158.0,153.0,156.0,71410
2008-01-11,123.87777709960938,160.94500732421875,162.5,152.7050018310547,161.0,92310
2008-01-14,123.12730407714844,159.97000122070312,162.0,156.2050018310547,156.2050018310547,25480
2008-01-15,121.84965515136719,158.30999755859375,160.10000610351562,157.32000732421875,157.32000732421875,6530
2008-01-16,119.52904510498047,155.2949981689453,157.9949951171875,154.6300048828125,157.0,29440
2008-01-17,119.332763671875,155.0399932861328,157.88499450683594,153.0050048828125,153.0050048828125,15350
2008-01-18,119.332763671875,155.0399932861328,155.0399932861328,155.0399932861328,155.0399932861328,0
2008-01-21,113.75636291503906,147.7949981689453,155.8800048828125,137.5,152.5,32070
2008-01-22,114.40287780761719,148.63499450683594,151.0,119.0,135.75,42060
2008-01-23,110.45822143554688,143.50999450683594,150.0,137.5050048828125,148.5,19410
2008-01-24,112.19002532958984,145.75999450683594,155.0,120.66500091552734,144.00999450683594,45370
2008-01-25,113.83715057373047,147.89999389648438,149.0,141.5,141.60000610351562,12870
2008-01-28,111.43958282470703,144.78500366210938,154.39999389648438,143.0050048828125,149.0,12290
2008-01-29,110.73529052734375,143.8699951171875,153.89999389648438,142.5,149.99000549316406,30180
2008-01-30,110.90847778320312,144.09500122070312,146.6999969482422,142.5,146.27999877929688,10230
2008-01-31,111.3356704711914,144.64999389648438,145.5,142.0,144.0,7630
2008-02-01,109.57308959960938,142.36000061035156,147.5,141.3000030517578,147.49000549316406,8730
2008-02-04,114.16043853759766,148.32000732421875,149.8000030517578,143.60499572753906,147.39999389648438,17010
2008-02-05,113.2137222290039,147.08999633789062,149.99000549316406,145.3000030517578,145.3000030517578,6140
2008-02-06,110.99703216552734,144.2100067138672,146.8000030517578,127.55000305175781,127.55000305175781,9620
2008-02-07,109.52305603027344,142.2949981689453,146.3000030517578,142.0,145.8000030517578,7170
2008-02-08,108.11837005615234,140.47000122070312,143.4499969482422,139.5050048828125,140.8699951171875,6250
2008-02-11,109.08818054199219,141.72999572753906,150.0,137.5,150.0,12540
2008-02-12,104.87796020507812,136.25999450683594,142.89999389648438,135.0,138.0,9450
2008-02-13,104.49312591552734,135.75999450683594,140.0,135.0,140.0,11040
2008-02-14,106.263427734375,138.05999755859375,140.0,136.0,136.0,9340
2008-02-15,107.03309631347656,139.05999755859375,139.99000549316406,137.6199951171875,139.97999572753906,6490
2008-02-18,106.95612335205078,138.9600067138672,142.5,138.1999969482422,142.0,7100
2008-02-19,110.09264373779297,143.03500366210938,143.4949951171875,137.80999755859375,140.0,23050
2008-02-20,108.97273254394531,141.5800018310547,144.6999969482422,138.2550048828125,140.5,13510
2008-02-21,107.7758560180664,140.02499389648438,143.39999389648438,138.89999389648438,141.5800018310547,5320
2008-02-22,107.27555847167969,139.375,143.38999938964844,137.5,143.38999938964844,6180
2008-02-25,107.28710174560547,139.38999938964844,142.5,137.5,138.5,4250
2008-02-26,107.43721008300781,139.5850067138672,142.96499633789062,138.02999877929688,138.02999877929688,5060
2008-02-27,106.86378479003906,138.83999633789062,141.6999969482422,138.10000610351562,140.0,10930
2008-02-28,108.21072387695312,140.58999633789062,141.4499969482422,137.51499938964844,138.10499572753906,4900
2008-02-29,106.10562896728516,137.85499572753906,141.77999877929688,137.5,139.99000549316406,17260
2008-03-03,104.72016906738281,136.05499267578125,138.85499572753906,135.11000061035156,138.39999389648438,15500
2008-03-04,104.59703063964844,135.89500427246094,136.00999450683594,133.5,136.0,34380
2008-03-05,105.77082061767578,137.4199981689453,137.9949951171875,134.5,134.53500366210938,10390
2008-03-07,105.32439422607422,136.83999633789062,138.49000549316406,132.3000030517578,132.3000030517578,21680
2008-03-10,105.80545043945312,137.46499633789062,139.0,134.0,138.5,26350
2008-03-11,109.38835144042969,142.1199951171875,143.0,134.22500610351562,137.5,33200
2008-03-12,106.49046325683594,138.35499572753906,151.0,136.52999877929688,148.8000030517578,6770
2008-03-13,106.95997619628906,138.96499633789062,142.0,134.0,142.0,19770
2008-03-14,105.2859115600586,136.7899932861328,137.3000030517578,135.14999389648438,135.14999389648438,9890
2008-03-17,99.33621215820312,129.05999755859375,136.0,125.0,134.99000549316406,60410
2008-03-18,100.04431915283203,129.97999572753906,132.64500427246094,129.0,129.10000610351562,13820
2008-03-19,98.41641998291016,127.86499786376953,134.89500427246094,127.0,130.5,11720
2008-03-24,95.64938354492188,124.2699966430664,131.5,118.91500091552734,131.5,43620
2008-03-25,96.68846893310547,125.62000274658203,129.0,125.0,126.5,20600
2008-03-26,101.02568817138672,131.2550048828125,132.5,125.11000061035156,126.5,45690
2008-03-27,99.75184631347656,129.60000610351562,131.08999633789062,128.8000030517578,128.85000610351562,3870
2008-03-28,101.28736877441406,131.59500122070312,134.48500061035156,129.5050048828125,134.48500061035156,4950
2008-03-31,101.8685073852539,132.35000610351562,134.89999389648438,130.1999969482422,134.89999389648438,7380
2008-04-01,102.55735778808594,133.2449951171875,135.5,128.0,128.0,7260
2008-04-02,101.4528579711914,131.80999755859375,135.6999969482422,130.0,135.10000610351562,27020
2008-04-03,99.28233337402344,128.99000549316406,131.5,128.3000030517578,131.5,8320
2008-04-04,99.45934295654297,129.22000122070312,132.89999389648438,128.1999969482422,132.89999389648438,2180
2008-04-07,99.70565032958984,129.5399932861328,133.38499450683594,126.5,126.5,10780
2008-04-08,100.31757354736328,130.3350067138672,130.99000549316406,128.61000061035156,129.52499389648438,4010
2008-04-09,99.71719360351562,129.55499267578125,132.5,128.10000610351562,128.10000610351562,14090
2008-04-10,99.62869262695312,129.44000244140625,133.5,128.5,131.99000549316406,33420
2008-04-11,99.33621215820312,129.05999755859375,131.75,126.5,130.5,54790
2008-04-15,99.37852478027344,129.11500549316406,131.4949951171875,128.50999450683594,131.3000030517578,3710
2008-04-16,100.49073791503906,130.55999755859375,132.99000549316406,128.2050018310547,128.2050018310547,13040
2008-04-17,100.05972290039062,130.0,131.8000030517578,129.0,130.60000610351562,29680
2008-04-21,100.12899017333984,130.08999633789062,131.4949951171875,129.0,129.0,5560
2008-04-22,101.61066436767578,132.01499938964844,132.3000030517578,130.0,130.0,10610
2008-04-23,101.66067504882812,132.0800018310547,132.99000549316406,130.60000610351562,132.99000549316406,11590
2008-04-24,101.79537963867188,132.2550048828125,133.39999389648438,132.0050048828125,132.5,5460
2008-04-25,106.0363540649414,137.76499938964844,143.5,132.5,132.99000549316406,74750
2008-04-28,103.29627227783203,134.2050018310547,137.98500061035156,133.1999969482422,137.5,11790
2008-04-29,103.41556549072266,134.36000061035156,139.89999389648438,133.6999969482422,138.0,6390
2008-04-30,104.22374725341797,135.41000366210938,138.0,134.5,135.0,14630
2008-05-02,104.6278305053711,135.93499755859375,139.89999389648438,135.0,136.75999450683594,18980
2008-05-05,104.54316711425781,135.8249969482422,138.9949951171875,132.55499267578125,138.9949951171875,10220
2008-05-06,104.45849609375,135.71499633789062,139.89999389648438,131.3000030517578,131.3000030517578,10900
2008-05-07,105.91322326660156,137.60499572753906,140.0,133.3300018310547,136.0,36790
2008-05-08,105.95553588867188,137.66000366210938,138.5,135.55499267578125,137.5,17390
2008-05-09,105.8747329711914,137.55499267578125,138.5,134.01499938964844,136.60000610351562,28790
2008-05-12,106.04023742675781,137.77000427246094,138.5,135.0,135.25,7230
2008-05-13,106.04405212402344,137.77499389648438,138.0,136.16000366210938,136.16000366210938,15390
2008-05-14,105.84007263183594,137.50999450683594,137.9949951171875,137.0,137.5,10330
2008-05-15,107.91824340820312,140.2100067138672,141.3000030517578,137.5,137.5050048828125,30970
2008-05-16,109.78475952148438,142.63499450683594,144.5,140.1999969482422,140.8000030517578,17180
2008-05-20,109.3344955444336,142.0500030517578,142.39999389648438,137.7449951171875,137.7449951171875,19770
2008-05-21,110.53134155273438,143.60499572753906,144.47000122070312,141.7949981689453,141.8000030517578,15760
2008-05-22,109.71161651611328,142.5399932861328,145.60000610351562,141.05499267578125,145.60000610351562,21260
2008-05-23,109.71932220458984,142.5500030517578,143.0,141.2050018310547,141.2050018310547,8140
2008-05-26,113.2945327758789,147.19500732421875,147.89999389648438,136.0,136.0,38890
2008-05-27,110.3697280883789,143.39500427246094,152.0,142.10000610351562,148.0,47540
2008-05-28,107.46028900146484,139.61500549316406,144.8000030517578,138.50999450683594,144.8000030517578,27960
2008-05-29,111.76671600341797,145.2100067138672,146.5,140.2100067138672,145.0,25010
2008-05-30,111.3895492553711,144.72000122070312,149.8000030517578,143.10000610351562,147.5,13610
2008-06-02,110.94699096679688,144.14500427246094,148.0,141.90499877929688,143.3000030517578,16080
2008-06-03,111.37416076660156,144.6999969482422,145.89999389648438,137.55499267578125,143.89999389648438,17380
2008-06-04,110.7237777709961,143.85499572753906,147.7949981689453,142.5,147.7949981689453,5360
2008-06-05,111.98604583740234,145.4949951171875,146.0,138.00999450683594,144.0,10130
2008-06-06,113.91028594970703,147.9949951171875,153.99000549316406,143.5,153.99000549316406,4511640
2008-06-09,114.62995147705078,148.92999267578125,151.39999389648438,140.11500549316406,144.89999389648438,1065330
2008-06-10,114.1450424194336,148.3000030517578,148.89999389648438,146.0,146.0,25980
2008-06-11,113.73326110839844,147.76499938964844,150.88499450683594,142.5,149.8800048828125,4191650
2008-06-12,114.72615814208984,149.05499267578125,150.0,143.3000030517578,143.3000030517578,10610
2008-06-13,114.49911499023438,148.75999450683594,151.89999389648438,145.5,151.89999389648438,33090
2008-06-16,113.64092254638672,147.64500427246094,151.8000030517578,145.00999450683594,149.89999389648438,24750
2008-06-17,115.29571533203125,149.7949981689453,150.0,146.1649932861328,146.1649932861328,47770
2008-06-18,112.81730651855469,146.5749969482422,149.1999969482422,146.10000610351562,148.25,12270
2008-06-19,111.70897674560547,145.13499450683594,149.0,142.10000610351562,144.10000610351562,5590
2008-06-20,111.33182525634766,144.64500427246094,149.0,140.6999969482422,146.0,9660
2008-06-23,108.68407440185547,141.2050018310547,142.39999389648438,139.5,140.1999969482422,11130
2008-06-24,107.9375,140.23500061035156,144.0,140.0,142.0,9190
2008-06-25,109.29598999023438,142.0,142.7899932861328,136.39999389648438,140.0,7750
2008-06-26,110.67373657226562,143.7899932861328,144.99000549316406,141.25999450683594,142.1999969482422,5680
2008-06-27,111.65892791748047,145.07000732421875,147.6649932861328,135.3000030517578,135.3000030517578,21520
2008-06-30,110.75841522216797,143.89999389648438,146.89500427246094,140.22500610351562,146.89500427246094,11630
2008-07-01,109.09972381591797,141.7449951171875,144.97999572753906,137.99000549316406,143.5050048828125,7630
2008-07-02,106.3980941772461,138.23500061035156,139.39999389648438,135.52499389648438,137.35000610351562,6990
2008-07-03,102.60353088378906,133.30499267578125,139.89999389648438,132.0,139.89999389648438,100740
2008-07-04,104.28915405273438,135.4949951171875,136.1999969482422,130.10000610351562,130.10000610351562,4110
2008-07-07,105.05115509033203,136.48500061035156,138.9949951171875,135.0,135.0,111120
2008-07-08,105.03577423095703,136.46499633789062,136.6999969482422,135.22500610351562,135.5,116380
2008-07-09,105.66690826416016,137.28500366210938,139.89999389648438,137.10000610351562,139.89999389648438,69010
2008-07-10,105.29360961914062,136.8000030517578,137.6999969482422,132.9199981689453,137.6999969482422,100550
2008-07-11,105.30130767822266,136.80999755859375,140.0,135.22500610351562,140.0,5210
2008-07-14,105.6288833618164,135.42999267578125,140.0,134.39999389648438,140.0,5580
2008-07-15,103.06285858154297,132.13999938964844,135.1999969482422,131.75,132.02999877929688,2860
2008-07-16,102.9614486694336,132.00999450683594,135.0,131.0,135.0,5500
2008-07-17,102.86785888671875,131.88999938964844,134.97999572753906,131.5,134.0,63370
2008-07-18,103.7647933959961,133.0399932861328,137.0,132.05999755859375,134.5,6560
2008-07-21,103.96759033203125,133.3000030517578,134.0,131.2100067138672,132.5,2350
2008-07-22,102.85614013671875,131.875,133.89999389648438,130.3000030517578,130.3000030517578,83380
2008-07-23,104.40827941894531,133.86500549316406,135.8000030517578,132.0,132.0,8560
2008-07-24,103.98709106445312,133.3249969482422,135.0,132.53500366210938,135.0,8580
2008-07-25,106.2879409790039,136.27499389648438,137.2899932861328,133.1999969482422,134.0,5740
2008-07-28,107.67625427246094,138.05499267578125,139.5,133.00999450683594,136.0399932861328,8380
2008-07-29,105.36759948730469,135.09500122070312,137.4949951171875,133.60000610351562,133.60000610351562,2650
2008-07-30,106.23726654052734,136.2100067138672,137.5,133.0,134.5,3350
2008-07-31,107.7308578491211,138.125,139.5,134.9149932861328,138.35000610351562,7870
2008-08-01,107.06788635253906,137.27499389648438,138.0,135.72500610351562,138.0,1420
2008-08-04,106.4790267944336,136.52000427246094,138.5,136.11000061035156,136.1750030517578,12530
2008-08-05,107.11859893798828,137.33999633789062,139.39999389648438,137.0,137.39999389648438,3660
2008-08-06,106.81050872802734,136.94500732421875,139.0,136.5,138.60000610351562,12360
2008-08-07,107.22779083251953,137.47999572753906,138.39999389648438,136.5,136.89999389648438,1940
2008-08-08,105.34030151367188,135.05999755859375,138.44000244140625,133.30999755859375,137.80999755859375,5120
2008-08-11,107.24728393554688,137.5050048828125,138.44000244140625,136.0,138.4250030517578,6690
2008-08-12,106.25677490234375,136.23500061035156,138.6999969482422,135.01499938964844,136.60000610351562,6020
2008-08-13,107.86344146728516,138.2949981689453,138.5,136.42999267578125,137.5,9940
2008-08-14,108.44062042236328,139.03500366210938,139.5,138.0,139.0,5000
2008-08-18,108.41332244873047,139.0,139.89999389648438,139.0,139.89999389648438,7410
2008-08-19,108.97098541259766,139.71499633789062,140.0,138.0,140.0,12570
2008-08-20,110.749267578125,141.9949951171875,142.5,139.0,139.10000610351562,9420
2008-08-21,111.15874481201172,142.52000427246094,143.0,141.0,141.8000030517578,7620
2008-08-22,111.11975860595703,142.47000122070312,142.99000549316406,140.00999450683594,142.99000549316406,8110
2008-08-25,111.14704895019531,142.5050048828125,146.52499389648438,142.3000030517578,146.52499389648438,7400
2008-08-26,111.25626373291016,142.64500427246094,143.85000610351562,141.60000610351562,142.5,6600
2008-08-27,111.29912567138672,142.6999969482422,142.9949951171875,139.5050048828125,141.6999969482422,2740
2008-08-28,111.17822265625,142.5449981689453,142.75,141.50999450683594,142.10000610351562,1230
2008-08-29,112.38327026367188,144.08999633789062,144.5,141.30999755859375,143.39999389648438,17890
2008-09-01,112.4456787109375,144.1699981689453,145.8000030517578,142.10499572753906,144.5,13250
2008-09-02,112.93704986572266,144.8000030517578,145.85000610351562,142.60000610351562,144.5,5520
2008-09-04,113.89636993408203,146.02999877929688,146.22500610351562,144.10000610351562,146.0,10200
2008-09-05,109.86013793945312,140.85499572753906,145.0,139.14999389648438,142.02499389648438,7130
2008-09-08,111.41614532470703,142.85000610351562,144.89999389648438,141.00999450683594,142.8000030517578,8660
2008-09-09,109.04508209228516,139.80999755859375,142.97999572753906,138.89999389648438,142.0,4380
2008-09-10,108.66292572021484,139.32000732421875,141.8000030517578,138.5050048828125,141.8000030517578,2470
2008-09-11,106.97041320800781,137.14999389648438,139.5,137.0,139.5,5000
2008-09-12,104.91522979736328,134.51499938964844,143.5,133.80999755859375,138.5,11100
2008-09-15,102.3335952758789,131.2050018310547,136.35000610351562,129.0,131.02499389648438,8940
2008-09-16,104.54086303710938,134.03500366210938,146.69000244140625,128.0,130.0,184210
2008-09-17,104.9035415649414,134.5,137.5,132.10000610351562,137.5,10420
2008-09-18,107.13029479980469,137.35499572753906,138.8000030517578,128.10000610351562,134.94500732421875,9270
2008-09-19,107.53195190429688,137.8699951171875,141.3000030517578,132.5050048828125,134.1999969482422,16380
2008-09-22,105.7146987915039,135.5399932861328,136.875,133.5,136.0,2430
2008-09-23,103.75700378417969,133.02999877929688,136.4499969482422,131.10000610351562,132.60000610351562,21110
2008-09-24,105.34030151367188,135.05999755859375,135.89999389648438,134.0,134.0,7130
2008-09-25,103.44892120361328,132.63499450683594,136.0,132.52999877929688,136.0,2270
2008-09-26,102.98485565185547,132.0399932861328,134.5,131.3000030517578,133.1999969482422,1880
2008-09-29,104.1625747680664,133.5500030517578,135.0,128.1999969482422,131.10000610351562,17570
2008-09-30,105.32081604003906,135.03500366210938,138.0,128.11500549316406,132.0,14830
2008-10-01,103.50352478027344,132.7050018310547,135.0,132.10000610351562,132.10000610351562,2810
2008-10-03,102.80545806884766,131.80999755859375,135.0,131.61000061035156,132.5,3960
2008-10-06,98.96028900146484,126.87999725341797,131.5,125.4000015258789,131.5,12430
2008-10-07,101.56533813476562,130.22000122070312,132.10000610351562,125.00499725341797,130.6999969482422,41320
2008-10-08,97.34190368652344,124.80500030517578,128.6999969482422,122.5,128.6999969482422,9900
2008-10-10,93.52793884277344,119.91500091552734,124.69999694824219,115.0,117.0,10280
2008-10-13,93.95301055908203,120.45999908447266,125.9000015258789,118.0,125.9000015258789,7890
2008-10-14,94.49897003173828,121.16000366210938,127.5,120.0,124.0,4000
2008-10-15,92.96248626708984,119.19000244140625,121.98999786376953,117.11000061035156,121.0,2880
2008-10-16,90.57581329345703,116.12999725341797,124.5,113.51000213623047,113.51000213623047,7270
2008-10-17,89.5735855102539,114.84500122070312,120.5,113.5,119.5,7450
2008-10-20,89.335693359375,114.54000091552734,116.5,112.0999984741211,116.5,7220
2008-10-21,89.72177124023438,115.03500366210938,116.875,110.0,110.45999908447266,6610
2008-10-22,87.91619110107422,112.72000122070312,115.375,112.0,112.70999908447266,3320
2008-10-23,88.48944091796875,113.45500183105469,113.69999694824219,108.30000305175781,112.5,16000
2008-10-24,85.90390014648438,110.13999938964844,113.5999984741211,108.5,110.11000061035156,26980
2008-10-27,86.51616668701172,110.92500305175781,115.0,98.0250015258789,110.0,27080
2008-10-29,88.64153289794922,113.6500015258789,114.5999984741211,109.00499725341797,111.5999984741211,3780
2008-10-31,91.50395965576172,117.31999969482422,118.0,110.00499725341797,110.00499725341797,17400
2008-11-03,92.36579895019531,118.42500305175781,120.9800033569336,116.5,117.30000305175781,8460
2008-11-04,92.93125915527344,119.1500015258789,120.0,115.55500030517578,119.9000015258789,7240
2008-11-05,92.19029235839844,118.19999694824219,122.4000015258789,116.9000015258789,122.4000015258789,7990
2008-11-06,90.80199432373047,116.41999816894531,117.5,113.5,113.69999694824219,5810
2008-11-07,89.90115356445312,115.26499938964844,118.5,113.40499877929688,118.5,11840
2008-11-10,90.17804718017578,115.62000274658203,117.94999694824219,114.51000213623047,116.0,58950
2008-11-11,90.98918914794922,116.66000366210938,118.0,116.0,116.5,3160
2008-11-12,89.92845916748047,115.30000305175781,116.38999938964844,113.51000213623047,113.51000213623047,1430
2008-11-14,88.03709411621094,112.875,115.98999786376953,112.5999984741211,113.24500274658203,1190
2008-11-17,86.97244262695312,111.51000213623047,113.5,111.0999984741211,112.5999984741211,102600
2008-11-18,86.23148345947266,110.55999755859375,111.86499786376953,108.99500274658203,111.0,4620
2008-11-19,85.98970031738281,110.25,111.4000015258789,107.19999694824219,107.19999694824219,18360
2008-11-20,85.98970031738281,110.25,110.25,110.25,110.25,0
2008-11-21,86.02870178222656,110.30000305175781,113.69999694824219,106.0250015258789,111.0,6620
2008-11-24,88.5128402709961,113.48500061035156,113.5999984741211,110.5,111.4000015258789,4630
2008-11-25,87.43260192871094,112.0999984741211,114.80000305175781,111.5,113.00499725341797,4650
2008-11-26,86.20027923583984,110.5199966430664,115.0,109.50499725341797,115.0,2810
2008-11-27,86.20027923583984,110.5199966430664,110.5199966430664,110.5199966430664,110.5199966430664,0
2008-11-28,86.4654541015625,110.86000061035156,111.83999633789062,108.0199966430664,108.0199966430664,3590
2008-12-01,85.93509674072266,110.18000030517578,112.0,110.0,110.25,5560
2008-12-02,86.63314819335938,111.07499694824219,115.0,110.0,115.0,11060
2008-12-03,87.64710235595703,112.375,114.9000015258789,110.55000305175781,114.9000015258789,4900
2008-12-04,97.82937622070312,125.43000030517578,134.39999389648438,110.80500030517578,110.80500030517578,45610
2008-12-05,91.54685974121094,117.375,127.5,117.0,122.55000305175781,363800
2008-12-08,92.72457885742188,118.88500213623047,130.0,118.01000213623047,127.5,17820
2008-12-10,93.70341491699219,120.13999938964844,121.0,119.01000213623047,121.0,160030
2008-12-11,98.44552612304688,126.22000122070312,128.8000030517578,118.0250015258789,119.0,26780
2008-12-12,95.78589630126953,122.80999755859375,124.87999725341797,121.5999984741211,121.80000305175781,6970
2008-12-15,95.2126235961914,122.07499694824219,134.39999389648438,121.0,121.01000213623047,18030
2008-12-16,93.34464263916016,119.68000030517578,123.5,118.0,123.0,10660
2008-12-17,93.07945251464844,119.33999633789062,122.0,119.0,122.0,5220
2008-12-18,93.00536346435547,119.24500274658203,120.5,115.20500183105469,118.5999984741211,14150
2008-12-19,101.30796813964844,129.88999938964844,131.0,118.69999694824219,119.30000305175781,28690
2008-12-22,100.4889907836914,128.83999633789062,137.0,122.6050033569336,127.69999694824219,56030
2008-12-23,99.35807800292969,127.38999938964844,134.9949951171875,126.5999984741211,128.8000030517578,9320
2008-12-24,96.49955749511719,123.7249984741211,129.0,122.125,129.0,34330
2008-12-26,97.72017669677734,125.29000091552734,126.69999694824219,122.30000305175781,124.20500183105469,510030
2008-12-29,99.0031967163086,126.93499755859375,128.67999267578125,124.51000213623047,126.5,4140
2008-12-30,99.9157485961914,128.10499572753906,134.47500610351562,123.0,134.47500610351562,8230
2008-12-31,103.14473724365234,132.2449951171875,133.02999877929688,128.0,128.10000610351562,20160
2009-01-02,103.44111633300781,132.625,133.59500122070312,130.60499572753906,131.6999969482422,5730
2009-01-05,104.69684600830078,134.23500061035156,135.0,132.10499572753906,134.89999389648438,23660
2009-01-06,104.51744842529297,134.0050048828125,134.9499969482422,132.63499450683594,133.5,11320
2009-01-07,100.7190933227539,129.13499450683594,134.0,127.51499938964844,134.0,61840
2009-01-09,98.6639175415039,126.5,130.0,124.69999694824219,130.0,499570
2009-01-12,99.8299331665039,127.99500274658203,129.5,126.5999984741211,126.5999984741211,118380
2009-01-13,100.20433044433594,128.47500610351562,128.89500427246094,127.5,127.80000305175781,9980
2009-01-14,101.39765167236328,130.0050048828125,130.5,128.0,129.10000610351562,3620
2009-01-15,101.5146484375,130.15499877929688,130.8000030517578,126.0,129.0,8400
2009-01-16,101.47173309326172,130.10000610351562,131.0,129.0,129.89999389648438,6040
2009-01-19,102.31021118164062,131.1750030517578,132.4499969482422,127.50499725341797,127.50499725341797,8720
2009-01-20,102.1893081665039,131.02000427246094,131.3000030517578,128.52999877929688,128.52999877929688,4130
2009-01-21,103.53081512451172,132.74000549316406,133.5,128.5050048828125,128.5050048828125,205230
2009-01-22,103.09403228759766,132.17999267578125,134.1999969482422,131.1999969482422,134.1999969482422,11460
2009-01-23,102.30628204345703,131.1699981689453,132.0,130.72999572753906,131.5,3440
2009-01-27,105.42220306396484,135.1649932861328,135.6999969482422,130.0050048828125,130.0050048828125,12870
2009-01-28,103.51132202148438,132.71499633789062,133.5,131.02999877929688,132.0,11460
2009-01-29,104.54867553710938,134.0449981689453,135.89999389648438,131.77999877929688,132.5,22880
2009-01-30,108.46400451660156,139.06500244140625,140.0,131.0050048828125,133.0,61370
2009-02-02,109.1971664428711,140.0050048828125,142.89999389648438,135.0500030517578,142.4949951171875,23780
2009-02-03,107.9531478881836,138.41000366210938,140.88999938964844,138.0,138.10499572753906,11780
2009-02-04,107.2940902709961,137.56500244140625,140.0,136.00999450683594,139.0,11720
2009-02-05,106.08124542236328,136.00999450683594,137.875,135.2050018310547,136.5500030517578,93260
2009-02-06,108.97881317138672,139.72500610351562,140.0,136.0,137.5,21050
2009-02-09,107.58264923095703,137.93499755859375,139.89999389648438,137.39999389648438,138.00999450683594,5860
2009-02-10,108.96707153320312,139.7100067138672,139.99000549316406,136.1300048828125,139.0,17190
2009-02-11,108.9007797241211,139.625,140.01499938964844,137.02999877929688,140.01499938964844,1690
2009-02-12,107.66453552246094,138.0399932861328,140.4949951171875,137.125,140.0,6740
2009-02-13,108.25342559814453,138.7949981689453,139.0,135.30999755859375,137.50999450683594,21050
2009-02-16,106.95869445800781,137.13499450683594,138.9949951171875,137.0,138.9949951171875,4100
2009-02-17,105.5313949584961,135.30499267578125,136.89999389648438,134.30499267578125,136.5,3040
2009-02-18,107.88294982910156,138.32000732421875,139.10000610351562,135.2050018310547,136.0,17200
2009-02-19,106.06175994873047,135.98500061035156,139.69000244140625,135.6999969482422,138.00999450683594,3270
2009-02-20,105.86677551269531,135.73500061035156,138.0449981689453,135.0500030517578,137.9949951171875,11800
2009-02-24,104.55257415771484,134.0500030517578,137.89500427246094,130.2100067138672,137.5,147790
2009-02-25,103.51132202148438,132.71499633789062,134.38999938964844,131.10000610351562,134.38999938964844,9210
2009-02-26,102.55589294433594,131.49000549316406,133.39500427246094,131.10000610351562,131.5050048828125,7090
2009-02-27,102.57147216796875,131.50999450683594,132.48500061035156,131.0050048828125,131.5,1290
2009-03-02,102.56368255615234,131.5,133.5,131.5,132.0,3900
2009-03-03,102.79767608642578,131.8000030517578,132.41000366210938,130.0,131.5,10990
2009-03-04,100.53970336914062,128.90499877929688,131.98500061035156,128.0,131.2050018310547,10670
2009-03-05,98.83939361572266,126.7249984741211,131.39999389648438,125.43499755859375,131.39999389648438,32720
2009-03-06,99.0031967163086,126.93499755859375,128.4499969482422,126.0,126.0,4890
2009-03-09,95.53630828857422,122.48999786376953,127.9800033569336,122.0,127.9800033569336,8680
2009-03-12,96.99481964111328,124.36000061035156,124.4749984741211,122.4000015258789,123.1050033569336,6050
2009-03-13,96.55415344238281,123.79499816894531,125.0,122.5,125.0,5810
2009-03-16,100.69568634033203,129.10499572753906,132.0,123.5,124.79499816894531,30070
2009-03-17,100.97647094726562,129.46499633789062,129.52499389648438,128.2100067138672,128.3000030517578,54120
2009-03-18,104.63053894042969,134.14999389648438,135.0,128.52000427246094,130.39999389648438,14750
2009-03-19,101.5341567993164,130.17999267578125,134.5,129.10000610351562,132.0050048828125,41450
2009-03-20,105.69126892089844,135.50999450683594,136.3699951171875,130.11000061035156,132.4949951171875,437550
2009-03-23,105.58989715576172,135.3800048828125,136.88999938964844,133.5,135.5,63860
2009-03-24,104.32636260986328,133.75999450683594,136.47999572753906,130.60000610351562,136.47999572753906,46320
2009-03-25,100.04054260253906,128.26499938964844,132.9600067138672,126.25,131.64999389648438,70790
2009-03-26,103.56591796875,132.78500366210938,152.0,131.3249969482422,134.89500427246094,45630
2009-03-27,104.36927032470703,133.81500244140625,136.49000549316406,132.125,136.49000549316406,31480
2009-03-30,108.21443176269531,138.7449951171875,139.0,129.00999450683594,130.5050048828125,50010
2009-03-31,109.1971664428711,140.0050048828125,144.8000030517578,136.5,140.0,701060
2009-04-01,109.18157196044922,139.98500061035156,142.38999938964844,138.39999389648438,138.5,129510
2009-04-02,111.322509765625,142.72999572753906,143.5,139.00999450683594,142.77000427246094,49130
2009-04-06,115.35487365722656,147.89999389648438,168.8000030517578,140.60000610351562,145.3000030517578,919940
2009-04-08,114.8479232788086,147.25,148.47999572753906,141.1649932861328,141.1649932861328,68050
2009-04-09,112.85125732421875,144.69000244140625,151.89999389648438,143.11000061035156,148.0,55930
2009-04-13,115.06629180908203,147.52999877929688,148.60000610351562,145.0,145.47999572753906,38810
2009-04-15,118.52151489257812,151.9600067138672,152.5,145.0,145.0,362020
2009-04-16,118.60730743408203,152.07000732421875,153.5,151.10000610351562,152.5,78850
2009-04-17,119.82402038574219,153.6300048828125,155.0,152.1999969482422,153.8000030517578,138740
2009-04-20,124.43350219726562,159.5399932861328,160.10000610351562,151.5,153.5,131020
2009-04-21,121.41514587402344,155.6699981689453,169.89999389648438,151.6999969482422,164.0,317190
2009-04-22,118.54100799560547,151.98500061035156,156.89999389648438,150.0,156.89999389648438,66220
2009-04-23,118.85293579101562,152.38499450683594,152.5,150.0,152.5,17360
2009-04-24,121.1655044555664,155.35000610351562,156.0,150.5,152.39999389648438,658590
2009-04-27,120.22569274902344,154.14500427246094,161.6999969482422,150.10499572753906,154.89500427246094,114550
2009-04-28,121.89476013183594,156.28500366210938,158.0,152.5,156.0,45990
2009-04-29,124.85469055175781,160.0800018310547,161.5,154.5050048828125,157.5,79390
2009-04-30,124.85469055175781,160.0800018310547,160.0800018310547,160.0800018310547,160.0800018310547,0
2009-05-04,123.24797821044922,158.02000427246094,162.0,156.0,157.3000030517578,29770
2009-05-05,120.68975830078125,154.74000549316406,159.0,154.0,158.0500030517578,25620
2009-05-06,121.63349151611328,155.9499969482422,156.5,150.8000030517578,155.8000030517578,30240
2009-05-07,121.70760345458984,156.0449981689453,159.5,152.6999969482422,156.99000549316406,22510
2009-05-08,121.6998062133789,156.03500366210938,156.3699951171875,152.8000030517578,154.48500061035156,46130
2009-05-11,122.39781951904297,156.92999267578125,157.6999969482422,135.14999389648438,150.66000366210938,130470
2009-05-12,122.46419525146484,157.01499938964844,157.85000610351562,153.8000030517578,155.36000061035156,26950
2009-05-13,122.5304183959961,157.10000610351562,157.5,154.60499572753906,157.0,63000
2009-05-14,124.83909606933594,160.05999755859375,161.0,153.10000610351562,154.5,77580
2009-05-15,127.58455657958984,163.5800018310547,165.1999969482422,160.0,160.89999389648438,174720
2009-05-18,127.58455657958984,163.5800018310547,163.5800018310547,163.5800018310547,163.5800018310547,0
2009-05-19,131.18402099609375,168.19500732421875,178.8000030517578,164.0,168.0,539010
2009-05-20,135.3099365234375,173.48500061035156,179.0,166.5,168.10000610351562,214970
2009-05-21,135.45033264160156,173.6649932861328,178.5,171.5,174.5,45340
2009-05-22,132.75949096679688,170.21499633789062,174.0,169.1999969482422,172.00999450683594,6410
2009-05-25,132.57229614257812,169.97500610351562,172.5,167.0050048828125,172.5,9700
2009-05-26,132.44754028320312,169.81500244140625,172.5,167.5,170.3000030517578,64790
2009-05-27,135.6375274658203,173.90499877929688,200.0,171.0,179.9949951171875,278600
2009-05-28,132.470947265625,169.84500122070312,198.22000122070312,165.625,198.22000122070312,327130
2009-05-29,133.71495056152344,171.44000244140625,179.5,166.0,179.5,80790
2009-06-01,131.2503204345703,168.27999877929688,172.3300018310547,166.0,170.89999389648438,70630
2009-06-02,130.2129669189453,166.9499969482422,169.47999572753906,164.5,164.5,26730
2009-06-03,127.86141967773438,163.93499755859375,169.39999389648438,162.57000732421875,169.39999389648438,33620
2009-06-04,127.27255249023438,163.17999267578125,166.39999389648438,162.0,163.1199951171875,43680
2009-06-05,128.1694793701172,164.3300018310547,165.3000030517578,163.67999267578125,164.97000122070312,75490
2009-06-08,127.8184814453125,163.8800048828125,168.0,163.5,165.1999969482422,31360
2009-06-09,129.31350708007812,161.75,163.0,153.39999389648438,162.6999969482422,43070
2009-06-10,128.1582794189453,160.30499267578125,164.39999389648438,160.0,160.8000030517578,21850
2009-06-11,128.22625732421875,160.38999938964844,163.39999389648438,158.10000610351562,161.10000610351562,15080
2009-06-12,125.12430572509766,156.50999450683594,161.3249969482422,156.0,161.3000030517578,18470
2009-06-15,126.88316345214844,158.7100067138672,160.0,155.50999450683594,158.60000610351562,14060
2009-06-16,126.15961456298828,157.80499267578125,158.27999877929688,155.5,156.5,23540
2009-06-17,127.8984603881836,159.97999572753906,161.0,158.69500732421875,159.99000549316406,20160
2009-06-18,127.95046997070312,160.0449981689453,161.97999572753906,158.0500030517578,159.89999389648438,16800
2009-06-19,125.1603012084961,156.55499267578125,160.0,155.50999450683594,160.0,10720
2009-06-22,125.1603012084961,156.55499267578125,159.89999389648438,152.60000610351562,155.0,9250
2009-06-23,124.71258544921875,155.9949951171875,156.4499969482422,152.7100067138672,154.5050048828125,43050
2009-06-24,125.45211029052734,156.9199981689453,157.5,156.00999450683594,156.00999450683594,10490
2009-06-25,123.9770736694336,155.0749969482422,157.47999572753906,155.0,156.00999450683594,10460
2009-06-26,124.66062927246094,155.92999267578125,158.0,154.5,156.0,15310
2009-06-29,128.71791076660156,161.0050048828125,163.0,155.10499572753906,157.5,72240
2009-06-30,127.542724609375,159.53500366210938,162.4949951171875,157.30499267578125,160.99000549316406,57550
2009-07-01,125.52806091308594,157.01499938964844,160.49000549316406,156.1300048828125,160.0,43540
2009-07-02,126.42345428466797,158.13499450683594,160.0,157.5,158.0,18300
2009-07-03,126.5433578491211,158.28500366210938,159.7949981689453,157.5,158.99000549316406,32530
2009-07-06,126.45146179199219,158.1699981689453,159.89500427246094,155.5500030517578,158.11000061035156,45600
2009-07-07,129.98507690429688,162.58999633789062,165.89999389648438,156.05499267578125,158.89500427246094,53900
2009-07-08,128.27420043945312,160.4499969482422,162.0,158.60000610351562,159.0,13390
2009-07-09,127.41078186035156,159.3699951171875,160.02000427246094,158.00999450683594,160.02000427246094,4740
2009-07-10,126.21556854248047,157.875,159.64999389648438,157.02000427246094,159.64999389648438,3050
2009-07-13,128.68592834472656,160.96499633789062,162.5,157.0,158.89999389648438,43920
2009-07-14,127.77450561523438,159.8249969482422,161.39999389648438,158.5500030517578,160.96499633789062,4570
2009-07-15,127.37079620361328,159.32000732421875,161.4499969482422,158.39999389648438,160.85000610351562,4330
2009-07-16,126.61532592773438,158.375,160.5,157.75999450683594,160.5,5170
2009-07-17,126.73125457763672,158.52000427246094,159.99000549316406,158.0,158.0,3790
2009-07-20,132.56736755371094,165.82000732421875,168.5,159.3000030517578,159.88999938964844,252040
2009-07-21,132.83116149902344,166.14999389648438,167.5,160.5,167.5,15430
2009-07-22,137.02432250976562,171.39500427246094,173.0,166.14999389648438,166.14999389648438,46070
2009-07-23,142.44473266601562,178.1750030517578,179.5,170.60000610351562,172.0,182020
2009-07-24,145.51068115234375,182.00999450683594,183.5,179.0,179.5,83390
2009-07-27,147.3694305419922,184.3350067138672,185.0,180.0,181.94000244140625,36940
2009-07-28,144.18759155273438,180.35499572753906,185.0,176.89999389648438,185.0,17890
2009-07-29,145.83447265625,182.4149932861328,183.48500061035156,174.5,178.0,24900
2009-07-30,145.25485229492188,181.69000244140625,182.9949951171875,180.10000610351562,180.11000061035156,5170
2009-07-31,149.40008544921875,186.875,189.39999389648438,182.2100067138672,183.4949951171875,82160
2009-08-03,146.8178253173828,183.64500427246094,189.0,182.5,189.0,132370
2009-08-04,142.6805877685547,178.47000122070312,185.0,177.8000030517578,183.69500732421875,15420
2009-08-05,144.36746215820312,180.5800018310547,183.85000610351562,179.6999969482422,182.0,17420
2009-08-06,139.60267639160156,174.6199951171875,182.5,171.22999572753906,181.0,29570
2009-08-07,136.26885986328125,170.4499969482422,175.0,170.0,175.0,16270
2009-08-10,135.18557739257812,169.09500122070312,179.24000549316406,168.0,174.89500427246094,198460
2009-08-11,132.47543334960938,165.7050018310547,172.5,164.94500732421875,171.0,9930
2009-08-12,131.62001037597656,164.63499450683594,167.4499969482422,163.6999969482422,167.4499969482422,47020
2009-08-13,134.0023956298828,167.61500549316406,169.0,163.5,166.10000610351562,12300
2009-08-14,137.82785034179688,172.39999389648438,174.9949951171875,169.0,169.0,78580
2009-08-17,134.35816955566406,168.05999755859375,173.0,167.39999389648438,173.0,10100
2009-08-18,132.97906494140625,166.3350067138672,169.4949951171875,165.5,166.39999389648438,15360
2009-08-19,133.222900390625,166.63999938964844,168.5,165.10000610351562,167.39999389648438,14690
2009-08-20,131.743896484375,164.7899932861328,168.5,164.2050018310547,166.8000030517578,11050
2009-08-21,130.864501953125,163.69000244140625,167.0,162.5,167.0,16460
2009-08-24,131.9117889404297,165.0,167.47999572753906,163.6999969482422,167.47999572753906,666200
2009-08-25,134.5860137939453,168.34500122070312,173.10000610351562,165.5,166.47000122070312,36670
2009-08-26,132.77520751953125,166.0800018310547,169.39999389648438,165.0,169.3000030517578,11120
2009-08-27,130.9644317626953,163.81500244140625,169.0,162.1999969482422,165.1199951171875,40860
2009-08-28,132.6272735595703,165.89500427246094,166.99000549316406,164.0,164.0,217550
2009-08-31,133.02703857421875,166.39500427246094,168.5,164.0050048828125,164.0050048828125,431010
2009-09-01,134.498046875,168.23500061035156,178.61000061035156,166.5,169.0,68010
2009-09-02,134.25820922851562,167.93499755859375,169.0,166.89999389648438,168.0,8590
2009-09-03,134.0943145751953,167.72999572753906,168.39999389648438,167.0,167.0,5300
2009-09-04,132.31948852539062,165.50999450683594,168.5,165.0,166.5,7300
2009-09-07,131.93177795410156,165.02499389648438,168.89999389648438,164.7899932861328,168.39999389648438,286270
2009-09-08,132.67929077148438,165.9600067138672,167.3000030517578,163.5,167.3000030517578,15480
2009-09-09,131.72792053222656,164.77000427246094,166.89999389648438,164.0,165.89999389648438,11140
2009-09-10,131.5959930419922,164.60499572753906,166.9949951171875,162.10000610351562,162.10000610351562,24840
2009-09-11,131.77589416503906,164.8300018310547,166.39999389648438,164.25,166.39999389648438,85830
2009-09-14,131.44009399414062,164.41000366210938,166.0,163.7050018310547,166.0,6080
2009-09-15,131.65194702148438,164.6750030517578,165.39999389648438,163.61000061035156,165.39999389648438,14300
2009-09-16,127.83052062988281,159.89500427246094,166.0,159.10000610351562,166.0,63950
2009-09-17,125.46005249023438,156.92999267578125,163.53500366210938,156.6649932861328,163.5,1262870
2009-09-18,123.38148498535156,154.3300018310547,158.4949951171875,153.10000610351562,158.4949951171875,111150
2009-09-22,120.95511627197266,151.2949981689453,156.4949951171875,150.5,154.3300018310547,219680
2009-09-23,121.11498260498047,151.4949951171875,154.0,151.1999969482422,152.0,253250
2009-09-24,122.40211486816406,153.10499572753906,154.0,150.60499572753906,152.0,193450
2009-09-25,122.15032958984375,152.7899932861328,154.49000549316406,152.10000610351562,152.3300018310547,41880
2009-09-29,123.67728424072266,154.6999969482422,155.9499969482422,151.0,154.8000030517578,24770
2009-09-30,125.12832641601562,156.51499938964844,158.10000610351562,153.1999969482422,153.1999969482422,432440
2009-10-01,124.68464660644531,155.9600067138672,158.0,154.10000610351562,154.10000610351562,33740
2009-10-05,124.07300567626953,155.19500732421875,157.0800018310547,154.5,156.0,29280
2009-10-06,122.86183166503906,153.67999267578125,160.5,152.00999450683594,159.5,73120
2009-10-07,123.83317565917969,154.89500427246094,156.99000549316406,154.0500030517578,154.5,33040
2009-10-08,125.699951171875,157.22999572753906,157.88999938964844,153.5,154.1999969482422,80980
2009-10-09,130.72056579589844,163.50999450683594,165.5,155.0,156.8000030517578,168340
2009-10-12,131.17227172851562,164.0749969482422,166.0050048828125,162.5,163.89999389648438,42240
2009-10-13,131.17227172851562,164.0749969482422,164.0749969482422,164.0749969482422,164.0749969482422,0
2009-10-14,130.4447784423828,163.1649932861328,165.35000610351562,161.25,164.0,35920
2009-10-15,131.18829345703125,164.09500122070312,164.8000030517578,161.50999450683594,163.10000610351562,21400
2009-10-16,131.22422790527344,164.13999938964844,165.5800018310547,162.80999755859375,162.80999755859375,27180
2009-10-20,140.94972229003906,176.30499267578125,178.5,173.5,173.5,156180
2009-10-21,140.57797241210938,175.83999633789062,178.64999389648438,172.0,172.0,87180
2009-10-22,135.9210968017578,170.01499938964844,175.0,169.5,174.0500030517578,19860
2009-10-23,138.34747314453125,173.0500030517578,176.99000549316406,171.0,171.0,45940
2009-10-26,137.12432861328125,171.52000427246094,175.0,171.1199951171875,173.0,20070
2009-10-27,133.53070068359375,167.02499389648438,172.89500427246094,166.1999969482422,170.0,17920
2009-10-28,133.7345428466797,167.27999877929688,168.0,164.0,165.0,30970
2009-10-29,134.30215454101562,167.99000549316406,168.89999389648438,165.1999969482422,165.1999969482422,15790
2009-10-30,133.0110626220703,166.375,173.44500732421875,165.5500030517578,171.0,16670
2009-11-03,132.387451171875,165.59500122070312,167.89500427246094,164.00999450683594,165.1999969482422,9810
2009-11-04,132.5393524169922,165.78500366210938,166.9499969482422,164.23500061035156,166.9499969482422,14490
2009-11-05,131.53201293945312,164.52499389648438,166.10000610351562,161.8000030517578,161.8000030517578,11500
2009-11-06,131.1202850341797,164.00999450683594,166.3000030517578,162.0,165.0,73970
2009-11-09,133.65061950683594,167.1750030517578,168.0,162.39999389648438,163.5,16520
2009-11-10,133.48275756835938,166.96499633789062,168.99000549316406,166.2100067138672,167.0,10620
2009-11-11,135.2615203857422,169.19000244140625,170.0,165.5,167.0,16470
2009-11-12,134.04237365722656,167.6649932861328,170.0,167.0,170.0,7080
2009-11-13,133.6226348876953,167.13999938964844,169.89999389648438,166.0050048828125,168.89999389648438,8760
2009-11-16,133.69459533691406,167.22999572753906,169.49000549316406,166.0,169.49000549316406,16300
2009-11-17,130.88047790527344,163.7100067138672,168.0,156.22500610351562,168.0,24540
2009-11-18,133.70262145996094,167.24000549316406,168.89999389648438,165.0,167.89999389648438,85190
2009-11-19,134.5740203857422,168.3300018310547,169.10000610351562,167.8000030517578,168.0,9870
2009-11-20,134.9817352294922,168.83999633789062,169.1199951171875,166.125,166.125,92200
2009-11-23,131.8557891845703,164.92999267578125,168.6999969482422,164.00999450683594,167.3000030517578,15520
2009-11-24,133.73855590820312,167.28500366210938,168.0,166.11000061035156,167.0,9220
2009-11-25,133.27487182617188,166.7050018310547,168.39500427246094,166.5,168.39500427246094,5340
2009-11-26,131.8957977294922,164.97999572753906,167.5,164.0,165.5,12130
2009-11-27,129.77723693847656,162.3300018310547,165.0,159.60000610351562,165.0,24330
2009-11-30,128.1622772216797,160.30999755859375,165.5,159.0,162.60000610351562,34850
2009-12-01,129.95709228515625,162.55499267578125,166.89999389648438,161.19000244140625,166.89999389648438,16550
2009-12-02,129.5853271484375,162.08999633789062,164.89999389648438,161.2100067138672,162.5,111950
2009-12-03,130.51670837402344,163.2550048828125,164.7899932861328,161.5,161.5,15380
2009-12-04,131.0283966064453,163.89500427246094,166.8000030517578,161.60000610351562,161.60000610351562,20280
2009-12-07,133.26287841796875,166.69000244140625,167.0,164.1999969482422,164.1999969482422,27920
2009-12-08,133.6666259765625,167.19500732421875,168.0,166.0,166.0,14920
2009-12-09,132.5593719482422,165.80999755859375,166.99000549316406,165.1999969482422,166.10000610351562,7180
2009-12-10,132.05967712402344,165.18499755859375,167.0,164.5,166.89500427246094,15570
2009-12-11,132.73924255371094,166.03500366210938,167.875,165.0,166.0,19890
2009-12-14,131.0763397216797,163.9550018310547,166.97999572753906,163.5,166.0,12860
2009-12-15,129.7052764892578,162.24000549316406,165.8000030517578,162.0,163.0050048828125,19160
2009-12-16,131.02035522460938,163.88499450683594,164.8800048828125,161.7050018310547,162.5,6220
2009-12-17,129.56533813476562,162.06500244140625,165.99000549316406,161.0,165.99000549316406,12350
2009-12-18,130.57667541503906,163.3300018310547,165.0,162.1999969482422,162.1999969482422,12670
2009-12-21,130.35682678222656,163.05499267578125,164.75,162.75,164.5,6700
2009-12-22,129.36949157714844,161.82000732421875,163.8699951171875,161.125,163.6999969482422,12440
2009-12-23,131.0283966064453,163.89500427246094,164.0,162.5,162.5,14060
2009-12-24,130.00106811523438,162.61000061035156,164.1999969482422,162.0,164.0,6770
2009-12-29,131.48805236816406,164.47000122070312,166.5,163.0,165.0,14790
2009-12-30,133.2668914794922,166.69500732421875,167.0,164.10000610351562,164.89999389648438,13680
2009-12-31,134.3421630859375,168.0399932861328,168.4499969482422,164.14999389648438,168.4499969482422,24750
2010-01-04,133.394775390625,166.85499572753906,169.5,166.10499572753906,166.89999389648438,18690
2010-01-05,133.5946502685547,167.10499572753906,169.4199981689453,166.0,167.0,22810
2010-01-06,132.37953186035156,165.5850067138672,168.5,164.5,168.5,21500
2010-01-07,131.83583068847656,164.90499877929688,166.5,164.0,165.5850067138672,821990
2010-01-08,132.1276397705078,165.27000427246094,166.98500061035156,164.10000610351562,164.10000610351562,145140
2010-01-11,132.0956573486328,165.22999572753906,167.3000030517578,165.0,167.3000030517578,1115070
2010-01-12,133.222900390625,166.63999938964844,169.5,164.52499389648438,167.5,534950
2010-01-13,132.73924255371094,166.03500366210938,167.8000030517578,165.25999450683594,167.8000030517578,10840
2010-01-14,134.3301544189453,168.02499389648438,169.1999969482422,166.03500366210938,167.39999389648438,36870
2010-01-15,135.4054412841797,169.3699951171875,169.60000610351562,167.1999969482422,167.22500610351562,22940
2010-01-18,134.57000732421875,168.3249969482422,171.39999389648438,167.5,169.89999389648438,31790
2010-01-19,135.1176300048828,169.00999450683594,170.375,168.02999877929688,169.39999389648438,28070
2010-01-20,132.88714599609375,166.22000122070312,170.89500427246094,165.8800048828125,169.97999572753906,11010
2010-01-21,131.7159423828125,164.7550048828125,166.99000549316406,164.2449951171875,166.0,22210
2010-01-22,131.2482452392578,164.1699981689453,165.0,160.8000030517578,161.60000610351562,18500
2010-01-25,130.52471923828125,163.26499938964844,165.9499969482422,162.5,165.9499969482422,13250
2010-01-27,125.79988098144531,157.35499572753906,165.47999572753906,155.0,164.0,29810
2010-01-28,127.55866241455078,159.55499267578125,161.5,157.5,160.0,101900
2010-01-29,125.23622131347656,156.64999389648438,158.89999389648438,154.50999450683594,158.89999389648438,33120
2010-02-01,127.57868194580078,159.5800018310547,160.5,155.60499572753906,156.60000610351562,10330
2010-02-02,127.90245819091797,159.98500061035156,160.97999572753906,159.10000610351562,160.0050048828125,12330
2010-02-03,127.84648895263672,159.9149932861328,161.44000244140625,156.5,159.0,21660
2010-02-04,127.58665466308594,159.58999633789062,161.39500427246094,159.10000610351562,160.0,6310
2010-02-05,127.71460723876953,159.75,161.39999389648438,154.5,159.11000061035156,23760
2010-02-08,128.5020751953125,160.73500061035156,163.3000030517578,159.5,161.8000030517578,37340
2010-02-09,128.62998962402344,160.89500427246094,163.5,160.0,163.5,10100
2010-02-10,130.02102661132812,162.63499450683594,163.33999633789062,160.10000610351562,160.72000122070312,22230
2010-02-11,130.33680725097656,163.02999877929688,165.47999572753906,161.5,161.5,52810
2010-02-15,131.90379333496094,164.99000549316406,166.6999969482422,162.13999938964844,162.14500427246094,24750
2010-02-16,130.3128662109375,163.0,164.27499389648438,162.60000610351562,163.5,16400
2010-02-17,130.42477416992188,163.13999938964844,164.5,162.6999969482422,162.7050018310547,18400
2010-02-18,130.7965087890625,163.60499572753906,178.5,162.11000061035156,165.0,12690
2010-02-19,130.48074340820312,163.2100067138672,165.0,162.5,164.5,25950
2010-02-22,130.31686401367188,163.0050048828125,164.4949951171875,162.10499572753906,164.4949951171875,5810
2010-02-23,130.23294067382812,162.89999389648438,163.77999877929688,162.0,162.01499938964844,18380
2010-02-24,131.11231994628906,164.0,164.7899932861328,160.1999969482422,162.0050048828125,125160
2010-02-25,131.58799743652344,164.59500122070312,167.0,160.52999877929688,165.0,31950
2010-02-26,133.7865447998047,167.34500122070312,167.69500732421875,164.89999389648438,166.00999450683594,64360
2010-03-02,135.17759704589844,169.0850067138672,170.0,166.72500610351562,170.0,123080
2010-03-03,139.32281494140625,174.27000427246094,176.0,167.8000030517578,167.8000030517578,54550
2010-03-04,139.58663940429688,174.60000610351562,175.10499572753906,172.2050018310547,174.97000122070312,55360
2010-03-05,141.29751586914062,176.74000549316406,177.39999389648438,174.60000610351562,175.5,143710
2010-03-08,131.1202850341797,164.00999450683594,169.89500427246094,161.0050048828125,169.77000427246094,191150
2010-03-09,128.7099151611328,160.9949951171875,166.5,157.5,166.0,88590
2010-03-10,127.61467742919922,159.625,163.0,159.10000610351562,162.0,57860
2010-03-11,126.0636978149414,157.68499755859375,161.49000549316406,156.5050048828125,160.8000030517578,49360
2010-03-12,126.03570556640625,157.64999389648438,160.0,155.7100067138672,160.0,45280
2010-03-15,127.05900573730469,158.92999267578125,159.39999389648438,157.52000427246094,158.875,38060
2010-03-16,127.97047424316406,160.07000732421875,160.5,158.10000610351562,158.11000061035156,34540
2010-03-17,127.5387191772461,159.52999877929688,161.0,159.1199951171875,160.0,17930
2010-03-18,126.81119537353516,158.6199951171875,160.6999969482422,158.5,159.02000427246094,21730
2010-03-19,126.46342468261719,158.18499755859375,159.9499969482422,156.0,159.9499969482422,25160
2010-03-22,126.33548736572266,158.02499389648438,158.60000610351562,156.10000610351562,157.00999450683594,22870
2010-03-23,125.7599105834961,157.30499267578125,159.0,156.13499450683594,157.52499389648438,21960
2010-03-25,127.55866241455078,159.55499267578125,160.39999389648438,157.0050048828125,157.00999450683594,48310
2010-03-26,126.53135681152344,158.27000427246094,159.99000549316406,158.0,159.10000610351562,10030
2010-03-29,125.39614868164062,156.85000610351562,159.35000610351562,156.5,158.10000610351562,214220
2010-03-30,125.82783508300781,157.38999938964844,160.0,157.0,157.0,22000
2010-03-31,127.8385009765625,159.90499877929688,160.5,157.76499938964844,158.8000030517578,291500
2010-04-01,127.91445922851562,160.0,161.77999877929688,158.60000610351562,160.5,169390
2010-04-05,128.0183868408203,160.1300048828125,161.8000030517578,159.50999450683594,160.89999389648438,20550
2010-04-06,129.44943237304688,161.9199981689453,162.3000030517578,158.5,159.10000610351562,117620
2010-04-07,132.1636199951172,165.31500244140625,166.8000030517578,161.89999389648438,162.89999389648438,71600
2010-04-08,131.8477783203125,164.9199981689453,173.60000610351562,162.0,162.0,201200
2010-04-09,132.50340270996094,165.74000549316406,169.0,165.10000610351562,166.97500610351562,31000
2010-04-12,131.979736328125,165.0850067138672,167.89999389648438,164.33999633789062,167.89999389648438,15510
2010-04-13,132.1396484375,165.28500366210938,169.5,164.5,167.39999389648438,128680
2010-04-15,131.91578674316406,165.0050048828125,167.6999969482422,165.0,167.6999969482422,88960
2010-04-16,132.43544006347656,165.65499877929688,166.89999389648438,163.60000610351562,164.0,13410
2010-04-19,130.80455017089844,163.61500549316406,166.39999389648438,163.02499389648438,166.39999389648438,6950
2010-04-20,131.25222778320312,164.1750030517578,164.9499969482422,163.02499389648438,163.02499389648438,8000
2010-04-21,132.0956573486328,165.22999572753906,166.2899932861328,162.50999450683594,164.97999572753906,118800
2010-04-22,132.387451171875,165.59500122070312,166.89500427246094,165.1999969482422,166.89500427246094,6310
2010-04-23,133.13095092773438,166.52499389648438,170.0,164.0050048828125,164.0050048828125,27520
2010-04-26,133.04701232910156,166.4199981689453,167.9949951171875,165.7100067138672,167.44000244140625,9640
2010-04-27,131.18829345703125,164.09500122070312,166.59500122070312,163.63999938964844,166.3699951171875,13280
2010-04-28,131.26023864746094,164.18499755859375,166.0,162.61000061035156,164.5,13400
2010-04-29,130.50473022460938,163.24000549316406,165.9949951171875,163.0,164.0,13910
2010-04-30,132.29953002929688,165.48500061035156,165.89999389648438,163.5050048828125,165.89999389648438,219580
2010-05-03,131.91578674316406,165.0050048828125,167.5,163.8000030517578,163.89999389648438,10730
2010-05-04,131.9117889404297,165.0,165.9499969482422,165.0,165.9499969482422,11770
2010-05-05,131.9117889404297,165.0,165.39999389648438,161.0,161.0,28490
2010-05-06,132.33950805664062,165.53500366210938,165.99000549316406,163.33999633789062,165.88999938964844,12650
2010-05-07,130.6206512451172,163.38499450683594,165.39999389648438,162.5,162.5,9600
2010-05-10,131.91981506347656,165.00999450683594,166.0,164.5,164.5,64260
2010-05-11,131.91981506347656,165.00999450683594,166.0,163.3000030517578,164.1999969482422,14020
2010-05-12,131.9637451171875,165.06500244140625,166.5,165.0,165.0,14670
2010-05-13,131.9637451171875,165.06500244140625,166.39500427246094,164.10000610351562,166.0,24110
2010-05-14,131.9757537841797,165.0800018310547,165.8000030517578,165.0,165.8000030517578,11650
2010-05-17,132.3634796142578,165.56500244140625,165.97999572753906,162.2550048828125,165.0,28100
2010-05-18,134.55398559570312,168.30499267578125,169.5,165.39999389648438,165.69500732421875,57910
2010-05-19,133.75454711914062,167.30499267578125,168.0,165.13999938964844,165.5,29410
2010-05-20,133.9543914794922,167.55499267578125,168.49000549316406,166.0,166.5,19800
2010-05-21,133.77853393554688,167.3350067138672,167.5,164.5,167.0,44350
2010-05-24,133.93043518066406,167.52499389648438,168.7949981689453,165.44000244140625,165.44000244140625,10220
2010-05-25,133.66261291503906,167.19000244140625,167.64999389648438,166.5,166.50999450683594,70220
2010-05-26,133.394775390625,166.85499572753906,169.4949951171875,166.0,166.25,77170
2010-05-27,133.68260192871094,167.21499633789062,169.0,166.50999450683594,169.0,67230
2010-05-28,135.97706604003906,170.0850067138672,171.89999389648438,167.02499389648438,167.52999877929688,70670
2010-05-31,136.62062072753906,170.88999938964844,172.5,166.39999389648438,167.10499572753906,25340
2010-06-01,134.3821258544922,168.08999633789062,170.875,166.0,166.5,13170
2010-06-02,135.14161682128906,169.0399932861328,170.49000549316406,168.0,168.5,10480
2010-06-03,137.0323486328125,171.40499877929688,172.5,169.0399932861328,169.0399932861328,23030
2010-06-04,137.22021484375,171.63999938964844,172.39999389648438,169.55499267578125,172.0,16090
2010-06-07,136.1209716796875,170.26499938964844,171.39500427246094,167.5850067138672,170.0,22900
2010-06-08,135.50936889648438,169.5,170.5,168.61000061035156,168.61000061035156,8820
2010-06-09,137.83580017089844,172.41000366210938,174.0,169.5,169.5,24280
2010-06-10,138.04769897460938,172.6750030517578,174.8000030517578,172.0,172.0,21720
2010-06-11,140.40208435058594,175.6199951171875,176.39999389648438,172.51499938964844,173.5,19660
2010-06-14,141.37747192382812,176.83999633789062,177.5,173.0,173.0,10760
2010-06-15,142.26486206054688,177.9499969482422,179.0,175.0,175.0,16130
2010-06-16,144.97500610351562,181.33999633789062,182.4949951171875,177.5,178.10000610351562,38520
2010-06-17,145.2108612060547,181.63499450683594,184.8350067138672,180.1999969482422,181.0,26300
2010-06-18,148.0130157470703,185.13999938964844,186.0,182.5,182.5,57870
2010-06-21,148.77249145507812,186.08999633789062,186.9949951171875,184.3000030517578,185.0,35620
2010-06-22,148.08497619628906,185.22999572753906,186.8000030517578,182.60000610351562,186.8000030517578,12140
2010-06-23,148.1768798828125,185.34500122070312,186.39500427246094,184.52999877929688,185.5,5990
2010-06-24,149.44808959960938,186.93499755859375,190.59500122070312,185.0050048828125,186.34500122070312,24110
2010-06-25,148.65658569335938,185.94500732421875,188.86500549316406,185.0050048828125,185.0050048828125,18360
2010-06-28,147.9370880126953,185.0449981689453,186.89999389648438,184.53500366210938,185.5050048828125,23390
2010-06-29,148.55665588378906,185.82000732421875,190.0,184.00999450683594,185.50999450683594,33420
2010-06-30,148.44076538085938,185.6750030517578,186.8800048828125,184.0,184.0,16080
2010-07-01,149.0883026123047,186.48500061035156,188.5,183.2100067138672,188.39999389648438,226200
2010-07-02,148.74053955078125,186.0500030517578,188.0,185.3000030517578,186.10000610351562,6560
2010-07-05,148.72454833984375,186.02999877929688,187.27999877929688,185.75,186.50999450683594,3490
2010-07-06,149.15225219726562,186.56500244140625,199.39999389648438,185.10000610351562,199.39999389648438,13240
2010-07-07,153.70123291015625,192.2550048828125,195.89999389648438,186.0,186.39999389648438,68620
2010-07-08,152.1062774658203,190.25999450683594,196.0,189.60000610351562,196.0,70030
2010-07-09,151.9184112548828,190.02499389648438,194.0,189.11000061035156,189.11000061035156,46870
2010-07-12,153.4654083251953,191.9600067138672,195.1649932861328,190.7100067138672,195.1649932861328,21780
2010-07-13,154.55665588378906,193.3249969482422,194.89999389648438,191.10000610351562,191.10000610351562,21390
2010-07-14,155.89175415039062,194.9949951171875,199.0,193.60000610351562,194.39999389648438,33020
2010-07-15,155.29214477539062,194.2449951171875,197.5,193.1999969482422,197.0,11540
2010-07-16,155.55996704101562,194.5800018310547,196.8000030517578,192.50999450683594,194.0,19270
2010-07-19,154.6445770263672,193.43499755859375,194.8000030517578,193.03500366210938,194.0,8290
2010-07-20,148.64459228515625,185.92999267578125,194.6999969482422,184.60000610351562,194.47999572753906,43080
2010-07-21,150.75518798828125,188.57000732421875,197.0,188.10000610351562,194.0,30010
2010-07-22,154.888427734375,193.74000549316406,196.39999389648438,184.0,188.0,162310
2010-07-23,158.65452575683594,195.88999938964844,199.0,191.0,191.0,295990
2010-07-26,155.81576538085938,192.38499450683594,196.9949951171875,191.5,196.0,14170
2010-07-27,155.44720458984375,191.92999267578125,194.1999969482422,188.1199951171875,188.1199951171875,9400
2010-07-28,154.54421997070312,190.81500244140625,193.89500427246094,190.10000610351562,192.0,16990
2010-07-29,152.709716796875,188.5500030517578,193.0,188.10000610351562,191.0,11940
2010-07-30,159.41989135742188,196.8350067138672,198.0,188.5,188.5,119180
2010-08-02,169.244140625,208.96499633789062,214.72000122070312,199.02499389648438,202.61000061035156,710190
2010-08-03,171.6860809326172,211.97999572753906,214.5,208.0,210.0,431500
2010-08-04,175.9179229736328,217.2050018310547,218.5,210.89999389648438,212.89999389648438,340040
2010-08-05,186.11473083496094,229.7949981689453,237.66000366210938,218.0,218.8000030517578,1220100
2010-08-06,184.90391540527344,228.3000030517578,233.5,224.4949951171875,232.0,441510
2010-08-09,174.17251586914062,215.0500030517578,234.6999969482422,213.0,229.0,957970
2010-08-10,166.0085906982422,204.97000122070312,214.0,182.05999755859375,205.5,360270
2010-08-11,168.5030975341797,208.0500030517578,213.39999389648438,204.0050048828125,204.0050048828125,265670
2010-08-12,170.06222534179688,209.97500610351562,213.5,204.5,205.510009765625,182070
2010-08-13,170.35781860351562,210.33999633789062,213.5,208.2100067138672,213.39999389648438,609890
2010-08-16,166.146240234375,205.13999938964844,210.39999389648438,200.3000030517578,209.8000030517578,112090
2010-08-17,163.55859375,201.94500732421875,209.4949951171875,200.8000030517578,209.4949951171875,59080
2010-08-18,162.36392211914062,200.47000122070312,207.5,199.11000061035156,205.0,112780
2010-08-19,162.32749938964844,200.4250030517578,204.875,199.72999572753906,202.10000610351562,56430
2010-08-20,165.54286193847656,204.39500427246094,205.39999389648438,198.39999389648438,198.39999389648438,103310
2010-08-23,164.94757080078125,203.66000366210938,209.10000610351562,202.39999389648438,202.39999389648438,156950
2010-08-24,164.34011840820312,202.91000366210938,207.5,202.39999389648438,204.0,112690
2010-08-25,162.96331787109375,201.2100067138672,205.89500427246094,200.0,203.99000549316406,64360
2010-08-26,163.78939819335938,202.22999572753906,204.8000030517578,200.5,204.8000030517578,39870
2010-08-27,162.43682861328125,200.55999755859375,203.7949981689453,200.0,203.7949981689453,39070
2010-08-30,163.7650909423828,202.1999969482422,205.0,200.1999969482422,201.8000030517578,117360
2010-08-31,166.01263427734375,204.97500610351562,206.94000244140625,200.5,201.5,119020
2010-09-01,166.51072692871094,205.58999633789062,207.5,204.03500366210938,206.39999389648438,73280
2010-09-02,166.29608154296875,205.3249969482422,207.1999969482422,204.0,206.0,30330
2010-09-03,166.5754852294922,205.6699981689453,207.5,204.8100128173828,204.8100128173828,38810
2010-09-06,168.60836791992188,208.17999267578125,209.6999969482422,206.0,206.7949981689453,68510
2010-09-07,171.96551513671875,212.3249969482422,215.510009765625,209.0,209.0,179840
2010-09-08,195.4935760498047,241.375,249.5,212.5749969482422,215.125,1064572
2010-09-09,195.43284606933594,241.3000030517578,267.45001220703125,239.0749969482422,245.0500030517578,2624460
2010-09-13,191.2415008544922,236.125,247.3249969482422,225.8000030517578,237.5,557102
2010-09-14,181.44151306152344,224.02499389648438,237.39999389648438,222.5,236.5,490184
2010-09-15,180.51011657714844,222.875,227.5,220.0500030517578,225.0,468788
2010-09-16,175.52914428710938,216.72500610351562,226.4250030517578,215.625,224.75,279096
2010-09-17,173.42332458496094,214.125,218.97500610351562,212.5,217.5,399560
2010-09-20,176.54153442382812,217.97500610351562,223.0,214.5,215.875,456820
2010-09-21,176.0150604248047,217.3249969482422,223.0,216.0500030517578,219.875,399604
2010-09-22,175.77206420898438,217.02499389648438,222.0,215.52499389648438,217.0500030517578,264442
2010-09-23,173.3625946044922,214.0500030517578,218.9499969482422,213.5,218.9499969482422,138560
2010-09-24,173.60560607910156,214.35000610351562,217.0,213.02499389648438,215.0,721184
2010-09-27,173.60560607910156,214.35000610351562,217.4499969482422,213.5,217.4499969482422,139462
2010-09-28,175.93411254882812,217.22500610351562,221.5,212.5,212.5,575712
2010-09-29,174.33453369140625,215.25,219.97500610351562,214.5,217.22500610351562,224070
2010-09-30,177.35145568847656,218.97500610351562,220.0,213.5,215.5,200504
2010-10-01,176.82498168945312,218.3249969482422,221.97500610351562,217.5,217.5749969482422,150832
2010-10-04,174.96217346191406,216.02499389648438,219.875,215.5,218.5,106300
2010-10-05,175.1849365234375,216.3000030517578,219.75,215.02499389648438,215.75,129972
2010-10-06,176.17706298828125,217.52499389648438,219.0,216.5500030517578,218.0,107528
2010-10-07,178.62704467773438,220.5500030517578,226.4499969482422,217.5500030517578,218.0,589042
2010-10-08,178.58657836914062,220.5,222.85000610351562,219.77499389648438,220.75,182360
2010-10-11,180.2671356201172,222.5749969482422,223.0,219.5,220.5,115846
2010-10-12,180.59112548828125,222.97500610351562,223.75,220.0500030517578,222.5,93946
2010-10-13,177.14895629882812,218.72500610351562,223.0,217.8000030517578,222.5,70706
2010-10-14,176.33908081054688,217.72500610351562,221.4499969482422,217.5,220.3000030517578,51818
2010-10-15,173.9497833251953,214.77499389648438,220.47500610351562,213.02499389648438,217.75,75724
2010-10-18,171.66177368164062,211.9499969482422,215.89999389648438,210.1999969482422,215.5,44560
2010-10-19,171.84402465820312,212.1750030517578,214.9499969482422,210.125,212.60000610351562,40314
2010-10-20,172.5526885986328,213.0500030517578,214.6999969482422,212.02499389648438,212.02499389648438,111524
2010-10-21,174.31427001953125,215.22500610351562,216.89999389648438,212.5,214.35000610351562,60940
2010-10-22,172.43116760253906,212.89999389648438,215.9499969482422,212.5,215.0,38170
2010-10-25,172.12745666503906,212.52499389648438,214.5,211.3000030517578,213.0,60660
2010-10-26,169.85972595214844,209.72500610351562,213.9499969482422,209.25,212.75,61560
2010-10-27,168.422119140625,207.9499969482422,212.35000610351562,207.5,211.9499969482422,52642
2010-10-28,170.54815673828125,210.5749969482422,212.4250030517578,207.5,207.5,48678
2010-10-29,167.5109405517578,206.8249969482422,212.375,205.5500030517578,209.0500030517578,43070
2010-11-01,167.3084716796875,206.5749969482422,209.9499969482422,204.60000610351562,207.0,39684
2010-11-02,167.49070739746094,206.8000030517578,208.4499969482422,204.0,208.4499969482422,54082
2010-11-03,168.3613739013672,207.875,209.0,207.0,207.1750030517578,30640
2010-11-04,167.5514678955078,206.875,208.89999389648438,205.0,207.5500030517578,44012
2010-11-08,169.57623291015625,209.375,211.0,207.5,210.0,434200
2010-11-09,178.32334899902344,220.1750030517578,224.0,209.375,210.0,389802
2010-11-10,177.63491821289062,219.3249969482422,226.0,218.3000030517578,220.8249969482422,250576
2010-11-11,174.8002166748047,215.8249969482422,222.35000610351562,206.14999389648438,213.75,347066
2010-11-12,171.66177368164062,211.9499969482422,218.4250030517578,211.02499389648438,217.0,130578
2010-11-15,167.63246154785156,206.97500610351562,213.5,205.0500030517578,212.5,79656
2010-11-16,166.215087890625,205.22500610351562,211.375,204.0500030517578,209.0,66366
2010-11-18,166.0733642578125,205.0500030517578,225.0,203.10000610351562,207.5,88276
2010-11-19,164.47378540039062,203.0749969482422,206.9499969482422,199.1750030517578,205.25,147368
2010-11-22,164.1700439453125,202.6999969482422,205.5,201.52499389648438,205.0,26838
2010-11-23,161.3758087158203,199.25,205.0,198.5,205.0,73462
2010-11-24,161.27459716796875,199.125,202.75,197.5,202.75,34074
2010-11-25,159.1485595703125,196.5,201.0,195.0500030517578,199.125,38822
2010-11-26,158.98660278320312,196.3000030517578,199.5,195.52499389648438,196.5,61532
2010-11-29,163.1374053955078,201.4250030517578,204.9499969482422,197.5,199.4499969482422,86514
2010-11-30,162.97544860839844,201.22500610351562,205.39999389648438,195.52499389648438,201.0,69792
2010-12-01,166.1543426513672,205.14999389648438,206.9250030517578,199.0,201.5,73118
2010-12-02,167.0250244140625,206.22500610351562,207.4499969482422,205.02499389648438,207.0,30874
2010-12-03,161.537841796875,199.4499969482422,207.5,195.0,206.5,59728
2010-12-06,163.82583618164062,202.27499389648438,203.5,198.5,202.5,55922
2010-12-07,162.16554260253906,200.22500610351562,202.9250030517578,199.0500030517578,202.8249969482422,24788
2010-12-08,166.49855041503906,205.5749969482422,206.5,199.0,200.0500030517578,66818
2010-12-09,162.00352478027344,200.02499389648438,207.8249969482422,199.0,203.5,252040
2010-12-10,162.93495178222656,201.1750030517578,202.5,198.9250030517578,200.0,34630
2010-12-13,164.25103759765625,202.8000030517578,205.5,201.35000610351562,201.5,22248
2010-12-14,164.12957763671875,202.64999389648438,205.0,202.0,202.5,12400
2010-12-15,164.31178283691406,202.875,204.5,202.5,204.5,12830
2010-12-16,163.82583618164062,202.27499389648438,204.0,201.5,204.0,67916
2010-12-20,161.78079223632812,199.75,203.97500610351562,198.6999969482422,200.5,2108058
2010-12-21,163.6031036376953,202.0,204.3249969482422,199.5,200.5,269500
2010-12-22,162.42874145507812,200.5500030517578,203.9250030517578,200.02499389648438,202.5,175802
2010-12-23,161.1126708984375,198.9250030517578,201.64999389648438,198.5,200.75,12926
2010-12-24,160.66717529296875,198.375,200.5,197.5,199.25,14230
2010-12-27,160.10023498535156,197.6750030517578,203.0,197.0,200.1999969482422,18706
2010-12-28,161.537841796875,199.4499969482422,200.5,198.0500030517578,200.5,13942
2010-12-29,161.9022979736328,199.89999389648438,202.0,198.35000610351562,198.35000610351562,107262
2010-12-30,162.55023193359375,200.6999969482422,204.0,198.39999389648438,199.89999389648438,46328
2010-12-31,167.4501953125,206.75,211.0,199.5,200.89999389648438,63744
2011-01-03,165.76966857910156,204.6750030517578,211.85000610351562,203.0,206.0,42202
2011-01-04,165.87086486816406,204.8000030517578,208.5,204.0500030517578,204.5,459664
2011-01-05,166.03286743164062,205.0,206.60000610351562,202.47500610351562,204.0,459554
2011-01-06,162.65145874023438,200.8249969482422,205.0,197.52499389648438,205.0,35418
2011-01-07,160.282470703125,197.89999389648438,201.85000610351562,197.5,200.8249969482422,20294
2011-01-10,156.29359436035156,192.97500610351562,198.5,192.5,198.5,35886
2011-01-11,151.77835083007812,187.39999389648438,195.0,186.5,195.0,41522
2011-01-12,151.39361572265625,186.9250030517578,189.97500610351562,184.0,189.0,83762
2011-01-13,150.6444549560547,186.0,189.0,185.0,185.5,29996
2011-01-14,149.1461181640625,184.14999389648438,188.22500610351562,182.60000610351562,188.22500610351562,71954
2011-01-17,143.7196807861328,177.4499969482422,186.97500610351562,176.0,184.27499389648438,50810
2011-01-18,144.1448516845703,177.97500610351562,182.5,177.0,182.5,40580
2011-01-19,143.47669982910156,177.14999389648438,184.22500610351562,175.5,181.5500030517578,47490
2011-01-20,157.18450927734375,194.0749969482422,199.35000610351562,175.5,179.0,147652
2011-01-21,150.9886932373047,186.4250030517578,195.0,185.0,195.0,113410
2011-01-24,151.13040161132812,186.60000610351562,191.5,184.5,185.10000610351562,91450
2011-01-25,151.39361572265625,186.9250030517578,190.47500610351562,186.4499969482422,188.0,21078
2011-01-27,150.5634307861328,185.89999389648438,189.97500610351562,184.0749969482422,186.5,33068
2011-01-28,149.1663818359375,184.1750030517578,187.5,182.5500030517578,186.97500610351562,94322
2011-01-31,153.19570922851562,189.14999389648438,191.0,182.5,185.9499969482422,81856
2011-02-01,152.32501220703125,188.0749969482422,190.9499969482422,184.0500030517578,186.0,18934
2011-02-02,148.2754364013672,183.0749969482422,197.35000610351562,182.3249969482422,189.5,91076
2011-02-03,149.57131958007812,184.6750030517578,186.9499969482422,182.0,183.14999389648438,48618
2011-02-04,146.91883850097656,181.39999389648438,186.0,180.5,186.0,39440
2011-02-07,144.48907470703125,178.39999389648438,182.9499969482422,177.5,180.75,19764
2011-02-08,145.40023803710938,179.52499389648438,186.39999389648438,175.52499389648438,178.0,179664
2011-02-09,143.9828643798828,177.77499389648438,182.5,172.64999389648438,179.75,195350
2011-02-10,140.03456115722656,172.89999389648438,180.0,172.60000610351562,176.5,72824
2011-02-11,141.5126495361328,174.72500610351562,176.0,170.5,173.0,38606
2011-02-14,146.81761169433594,181.27499389648438,187.0,175.0,175.0,115988
2011-02-15,146.95933532714844,181.4499969482422,184.5,180.10000610351562,182.5,139700
2011-02-16,146.7568359375,181.1999969482422,183.4499969482422,180.0,183.0,21008
2011-02-17,146.49363708496094,180.875,183.02499389648438,180.5,181.47500610351562,26474
2011-02-18,149.06515502929688,184.0500030517578,186.0,180.0,182.0,87488
2011-02-21,145.80520629882812,180.02499389648438,185.1999969482422,179.10000610351562,183.0,17482
2011-02-22,145.54196166992188,179.6999969482422,182.8249969482422,178.8000030517578,181.0,18242
2011-02-23,145.01551818847656,179.0500030517578,183.125,178.25,180.0,32170
2011-02-24,144.02337646484375,177.8249969482422,182.5,177.0,181.0,30814
2011-02-25,140.35850524902344,173.3000030517578,179.14999389648438,173.0,178.0,27498
2011-02-28,136.20767211914062,168.1750030517578,178.5,166.5,173.5,99186
2011-03-01,138.94114685058594,171.5500030517578,174.0,169.52499389648438,170.0,44902
2011-03-03,140.31802368164062,173.25,175.0,172.0,172.0,36438
2011-03-04,139.48785400390625,172.22500610351562,175.47500610351562,171.5,173.47500610351562,19556
2011-03-07,140.0142822265625,172.875,173.85000610351562,171.0500030517578,172.75,63802
2011-03-08,140.88494873046875,173.9499969482422,175.4499969482422,173.0749969482422,173.5,13308
2011-03-09,141.67465209960938,174.9250030517578,176.5,173.9499969482422,173.9499969482422,20076
2011-03-10,142.05935668945312,175.39999389648438,176.5,173.25,174.60000610351562,12200
2011-03-11,143.9828643798828,177.77499389648438,181.8000030517578,172.5,172.5,113618
2011-03-14,144.0638885498047,177.875,178.9250030517578,176.5,178.0500030517578,18606
2011-03-15,145.40023803710938,179.52499389648438,182.25,175.5,177.0,56210
2011-03-16,145.92669677734375,180.1750030517578,182.39999389648438,179.39999389648438,181.0,16874
2011-03-17,145.74444580078125,179.9499969482422,181.0,178.5,180.0,35100
2011-03-18,143.92213439941406,177.6999969482422,181.89999389648438,175.8249969482422,178.52499389648438,16504
2011-03-21,142.84901428222656,176.375,179.8000030517578,174.10000610351562,178.35000610351562,16150
2011-03-22,141.99859619140625,175.3249969482422,178.02499389648438,174.5,177.0,53280
2011-03-23,141.47215270996094,174.6750030517578,176.3249969482422,172.60000610351562,175.5,35864
2011-03-24,142.05935668945312,175.39999389648438,176.75,172.25,175.02499389648438,47020
2011-03-25,143.51718139648438,177.1999969482422,179.5,173.0500030517578,176.0,250198
2011-03-28,145.8254852294922,180.0500030517578,180.5,177.5,178.02499389648438,23446
2011-03-29,143.69940185546875,177.4250030517578,180.9499969482422,176.60000610351562,178.5749969482422,19828
2011-03-30,148.21469116210938,183.0,183.5,177.75,178.9499969482422,35336
2011-03-31,150.84693908691406,186.25,187.60000610351562,180.0,183.0,87548
2011-04-01,150.6849822998047,186.0500030517578,187.5,183.0,184.75,22116
2011-04-04,150.54319763183594,185.875,187.0,185.0,186.14999389648438,13878
2011-04-05,148.13369750976562,182.89999389648438,188.39999389648438,181.3000030517578,188.39999389648438,30670
2011-04-06,148.2349395751953,183.02499389648438,184.9250030517578,181.5,181.77499389648438,16370
2011-04-07,148.59942626953125,183.47500610351562,185.0,183.0500030517578,183.14999389648438,11696
2011-04-08,152.2845001220703,188.02499389648438,194.3249969482422,183.0500030517578,184.9499969482422,192522
2011-04-11,153.2362060546875,189.1999969482422,193.625,185.0,185.0,98448
2011-04-13,156.19235229492188,192.85000610351562,201.0,188.0500030517578,190.5,458526
2011-04-15,157.62998962402344,194.625,197.5,191.4499969482422,194.0,119252
2011-04-18,152.709716796875,188.5500030517578,196.9499969482422,187.3000030517578,194.0,77044
2011-04-19,151.4543914794922,187.0,190.4499969482422,186.25,190.4250030517578,38472
2011-04-20,154.1270751953125,190.3000030517578,195.89999389648438,188.4250030517578,188.4250030517578,214036
2011-04-21,154.47129821777344,190.72500610351562,194.875,190.0,192.5,92326
2011-04-25,153.84364318847656,189.9499969482422,192.85000610351562,188.25,191.0500030517578,73046
2011-04-26,154.04611206054688,190.1999969482422,191.9499969482422,189.8000030517578,191.9499969482422,40608
2011-04-27,153.1551971435547,189.10000610351562,192.4499969482422,187.5,192.4499969482422,45520
2011-04-28,153.78286743164062,189.875,191.39999389648438,188.52499389648438,190.02499389648438,31298
2011-04-29,149.55108642578125,184.64999389648438,190.5,184.0,189.5500030517578,177574
2011-05-02,147.72874450683594,182.39999389648438,185.89999389648438,181.64999389648438,185.89999389648438,20882
2011-05-03,146.93910217285156,181.4250030517578,183.72500610351562,180.0749969482422,181.14999389648438,35470
2011-05-04,146.85809326171875,181.3249969482422,182.89999389648438,179.0,182.625,32432
2011-05-05,147.1617889404297,181.6999969482422,183.8000030517578,179.14999389648438,181.0749969482422,28716
2011-05-06,150.09776306152344,185.3249969482422,186.10000610351562,181.3000030517578,183.9499969482422,19868
2011-05-09,149.40931701660156,184.47500610351562,187.22500610351562,183.75,185.60000610351562,15008
2011-05-10,148.98411560058594,183.9499969482422,221.375,147.60000610351562,185.0,1758376
2011-05-11,152.750244140625,188.60000610351562,202.1999969482422,186.5,194.39999389648438,687186
2011-05-12,150.90769958496094,186.3249969482422,190.4499969482422,185.25,188.5,75592
2011-05-13,150.3205108642578,185.60000610351562,187.5,185.0,185.02499389648438,34174
2011-05-16,151.8998260498047,187.5500030517578,191.39999389648438,183.5,185.0,102290
2011-05-17,151.83909606933594,187.47500610351562,192.0,185.8000030517578,192.0,107704
2011-05-18,152.81097412109375,188.6750030517578,190.0,186.5,189.4250030517578,214826
2011-05-19,154.79527282714844,191.125,192.0,188.0,189.0,70468
2011-05-20,154.71429443359375,191.02499389648438,192.47500610351562,189.25,192.47500610351562,29068
2011-05-23,155.9291229248047,192.52499389648438,198.5,186.1750030517578,186.1750030517578,123158
2011-05-24,159.59402465820312,197.0500030517578,199.85000610351562,190.625,190.625,164724
2011-05-25,160.12051391601562,197.6999969482422,199.75,195.0500030517578,195.0500030517578,145786
2011-05-26,158.6423797607422,195.875,197.89999389648438,194.02499389648438,196.625,18064
2011-05-27,158.35888671875,195.52499389648438,199.1750030517578,191.35000610351562,195.875,266432
2011-05-30,165.93162536621094,204.875,206.0,192.75,197.9250030517578,430544
2011-05-31,170.28492736816406,210.25,212.5,204.14999389648438,206.0,265010
2011-06-01,170.54815673828125,210.5749969482422,214.5,208.5500030517578,211.0,200310
2011-06-02,174.90145874023438,215.9499969482422,218.14999389648438,207.1999969482422,208.4499969482422,271638
2011-06-03,180.2266387939453,222.52499389648438,225.5,217.375,217.39999389648438,438520
2011-06-06,181.27951049804688,223.8249969482422,226.0,216.5749969482422,223.625,180306
2011-06-07,180.59112548828125,222.97500610351562,224.1999969482422,220.5500030517578,224.1999969482422,85138
2011-06-08,180.20640563964844,222.5,223.9250030517578,220.0500030517578,220.0500030517578,42600
2011-06-09,179.35597229003906,221.4499969482422,225.0,219.5,223.5,154748
2011-06-10,179.59898376464844,221.75,223.5,218.0,222.39999389648438,43176
2011-06-13,181.03656005859375,223.52499389648438,225.0,219.52499389648438,221.25,82146
2011-06-14,190.6138153076172,235.35000610351562,242.5,222.0,222.02499389648438,758392
2011-06-15,188.48779296875,232.72500610351562,240.5,230.5,235.97500610351562,155360
2011-06-16,190.978271484375,235.8000030517578,238.5,229.5,230.5,303098
2011-06-17,190.47210693359375,235.1750030517578,243.5,233.5,237.0,334360
2011-06-20,190.5125732421875,235.22500610351562,239.5,230.0749969482422,235.0,135630
2011-06-21,191.16053771972656,236.02499389648438,240.0,232.0,237.1999969482422,209324
2011-06-22,186.36175537109375,230.10000610351562,237.5,228.3000030517578,237.5,167690
2011-06-23,184.7216796875,228.0749969482422,232.4499969482422,224.0,230.35000610351562,94190
2011-06-24,188.467529296875,232.6999969482422,233.89999389648438,215.125,225.5500030517578,92530
2011-06-27,188.7105255126953,233.0,236.9499969482422,225.5,225.5,74898
2011-06-28,189.47991943359375,233.9499969482422,236.5,232.5,235.0,44464
2011-06-29,191.72747802734375,236.72500610351562,242.0,233.97500610351562,233.97500610351562,189860
2011-06-30,194.0559539794922,239.60000610351562,241.89999389648438,237.52499389648438,239.0,148600
2011-07-01,197.45758056640625,243.8000030517578,249.10000610351562,239.60000610351562,239.60000610351562,198742
2011-07-04,197.31590270996094,243.625,248.75,242.625,245.9499969482422,119572
2011-07-05,195.9592742919922,241.9499969482422,245.52499389648438,241.27499389648438,243.52499389648438,43086
2011-07-06,196.4249725341797,242.52499389648438,245.0,241.22500610351562,241.52499389648438,82642
2011-07-07,196.22250366210938,242.27499389648438,247.3000030517578,241.5,243.0,71610
2011-07-08,193.2865447998047,238.64999389648438,244.6999969482422,236.64999389648438,242.75,101554
2011-07-11,193.20555114746094,238.5500030517578,241.0,237.3000030517578,238.60000610351562,26812
2011-07-12,190.8972930908203,235.6999969482422,239.25,234.3000030517578,238.85000610351562,44634
2011-07-13,192.21340942382812,237.3249969482422,239.6999969482422,235.0,239.0,85802
2011-07-14,194.15721130371094,239.72500610351562,242.25,218.8249969482422,218.8249969482422,52446
2011-07-15,193.9344940185547,239.4499969482422,244.39999389648438,237.5500030517578,244.39999389648438,34188
2011-07-18,195.31137084960938,241.14999389648438,242.3249969482422,237.5,237.5,85894
2011-07-19,200.95558166503906,244.77499389648438,246.875,238.27499389648438,239.5,153162
2011-07-20,196.83013916015625,239.75,245.97500610351562,239.0,245.10000610351562,93448
2011-07-21,198.10267639160156,241.3000030517578,242.35000610351562,237.64999389648438,240.5,37874
2011-07-22,197.035400390625,240.0,243.4499969482422,238.27499389648438,242.5,55956
2011-07-25,197.63059997558594,240.72500610351562,244.0,239.0500030517578,242.4499969482422,129446
2011-07-26,194.30564880371094,236.6750030517578,241.625,236.02499389648438,239.3000030517578,85032
2011-07-27,192.27369689941406,234.1999969482422,238.0,230.75,238.0,87260
2011-07-28,195.39344787597656,238.0,239.5,231.52499389648438,232.0749969482422,71726
2011-07-29,197.83584594726562,240.97500610351562,242.9499969482422,236.5,239.5,42658
2011-08-01,196.29652404785156,239.10000610351562,244.9499969482422,235.47500610351562,241.25,42058
2011-08-02,197.07643127441406,240.0500030517578,242.4499969482422,236.27499389648438,242.4499969482422,54702
2011-08-03,196.9532928466797,239.89999389648438,240.0,235.6999969482422,239.5,57352
2011-08-04,196.31703186035156,239.125,241.0,237.0,241.0,165220
2011-08-05,192.90997314453125,234.97500610351562,239.5,230.0,235.0,119408
2011-08-08,194.7982177734375,237.27499389648438,238.0,229.5,230.0,241248
2011-08-09,193.8130645751953,236.0749969482422,237.3000030517578,216.1750030517578,216.1750030517578,263328
2011-08-10,192.7047119140625,234.72500610351562,239.5,217.6750030517578,217.6750030517578,225078
2011-08-11,190.9190673828125,232.5500030517578,238.3249969482422,232.0,235.5,63980
2011-08-12,193.6488800048828,235.875,236.5,233.25,233.25,27010
2011-08-16,191.74008178710938,233.5500030517578,236.25,231.52499389648438,236.25,34430
2011-08-17,194.20303344726562,236.5500030517578,238.0,230.5,230.5,33728
2011-08-18,194.20303344726562,236.5500030517578,236.5500030517578,236.5500030517578,236.5500030517578,0
2011-08-19,189.13345336914062,230.375,236.875,226.0,226.0,35910
2011-08-22,189.09239196777344,230.3249969482422,238.8249969482422,229.5,238.8249969482422,348636
2011-08-23,190.44703674316406,231.97500610351562,234.0,229.5,230.75,77610
2011-08-24,195.0445098876953,237.5749969482422,239.5,230.52499389648438,237.4499969482422,59686
2011-08-25,194.20303344726562,236.5500030517578,240.0,234.0,240.0,74068
2011-08-26,194.42877197265625,236.8249969482422,239.75,234.0,237.47500610351562,47872
2011-08-29,192.86892700195312,234.9250030517578,239.0,234.02499389648438,239.0,26282
2011-08-30,200.75038146972656,244.52499389648438,246.0,235.25,235.4250030517578,162920
2011-09-02,196.9327850341797,239.875,247.35000610351562,238.0,245.0,82988
2011-09-05,196.85064697265625,239.77499389648438,243.3249969482422,239.0500030517578,241.0500030517578,25914
2011-09-06,196.07073974609375,238.8249969482422,241.5,237.5,239.77499389648438,15318
2011-09-07,196.17340087890625,238.9499969482422,241.9250030517578,238.5,240.0,27254
2011-09-08,195.08560180664062,237.625,241.0,235.5749969482422,238.5749969482422,15428
2011-09-09,193.0125732421875,235.10000610351562,241.0,194.5,194.5,121794
2011-09-12,195.59869384765625,238.25,239.375,233.0749969482422,236.875,124116
2011-09-13,192.3352813720703,234.27499389648438,239.875,233.0,238.77499389648438,29850
2011-09-14,190.9190673828125,232.5500030517578,237.47500610351562,231.0500030517578,235.0749969482422,83642
2011-09-15,192.7047119140625,234.72500610351562,237.0,232.1999969482422,235.0,13550
2011-09-16,190.77545166015625,232.375,236.22500610351562,226.0,230.0,22656
2011-09-19,187.2246856689453,228.0500030517578,232.0,227.5,232.0,86578
2011-09-20,188.18934631347656,229.22500610351562,235.0,227.5500030517578,229.0,50570
2011-09-21,190.24179077148438,231.72500610351562,232.47500610351562,229.5500030517578,229.5749969482422,37820
2011-09-22,186.7731475830078,227.5,231.6999969482422,226.5,230.22500610351562,26924
2011-09-23,190.22128295898438,231.6999969482422,233.5,225.0,227.5,39114
2011-09-26,186.8141632080078,227.5500030517578,230.0,223.3000030517578,226.0,53508
2011-09-27,191.04222106933594,232.6999969482422,234.9499969482422,224.1999969482422,224.1999969482422,31444
2011-09-28,187.1220245361328,227.9250030517578,236.85000610351562,227.5,236.85000610351562,18240
2011-09-29,189.35922241210938,230.64999389648438,235.72500610351562,226.625,226.625,32606
2011-09-30,192.848388671875,234.89999389648438,235.8000030517578,228.6999969482422,228.6999969482422,42172
2011-10-03,189.37977600097656,230.6750030517578,233.8249969482422,224.5,232.5,14646
2011-10-04,188.80503845214844,229.97500610351562,234.47500610351562,228.0,228.5,60356
2011-10-05,185.06959533691406,225.4250030517578,233.89999389648438,225.0,229.0500030517578,18008
2011-10-07,185.04908752441406,225.39999389648438,232.0,221.72500610351562,228.0,70784
2011-10-10,183.222412109375,223.1750030517578,228.5,217.5,217.5500030517578,91108
2011-10-11,183.1608428955078,223.10000610351562,226.5,220.0500030517578,226.5,38874
2011-10-12,184.7412109375,225.02499389648438,230.0,223.22500610351562,230.0,45428
2011-10-13,184.06390380859375,224.1999969482422,229.9250030517578,223.5500030517578,226.5500030517578,49570
2011-10-14,183.77655029296875,223.85000610351562,226.0,220.0,224.89999389648438,39836
2011-10-17,183.94078063964844,224.0500030517578,226.39999389648438,222.5,225.5,14822
2011-10-18,182.75030517578125,222.60000610351562,224.0,220.5500030517578,224.0,9402
2011-10-19,185.76742553710938,226.27499389648438,227.1999969482422,222.5,223.85000610351562,118608
2011-10-20,181.84730529785156,221.5,228.0,220.52499389648438,226.0,46324
2011-10-21,182.380859375,222.14999389648438,227.0,219.5500030517578,222.0,129258
2011-10-24,185.15170288085938,225.52499389648438,227.5,222.14999389648438,222.14999389648438,32464
2011-10-25,186.9989013671875,227.77499389648438,228.4250030517578,223.0,223.0,19610
2011-10-28,192.95098876953125,235.02499389648438,236.75,231.0,232.5,151084
2011-10-31,192.54052734375,234.52499389648438,237.22500610351562,232.5,234.77499389648438,62008
2011-11-01,194.8598175048828,237.35000610351562,240.5,235.0,235.0,41176
2011-11-02,194.90086364746094,237.39999389648438,239.0,235.0,238.5,15962
2011-11-03,193.44363403320312,235.625,238.85000610351562,232.5,237.0,14496
2011-11-04,192.47894287109375,234.4499969482422,236.6999969482422,231.0,231.0,14556
2011-11-08,193.77195739746094,236.02499389648438,237.14999389648438,234.0,234.0,29090
2011-11-09,195.537109375,238.1750030517578,242.0,237.0500030517578,237.5500030517578,95210
2011-11-11,198.9236297607422,242.3000030517578,246.5,235.5749969482422,237.5,186620
2011-11-14,194.3877410888672,236.77499389648438,246.5,235.47500610351562,242.5,42956
2011-11-15,196.0502166748047,238.8000030517578,239.9250030517578,234.5,237.5,54904
2011-11-16,199.53939819335938,243.0500030517578,243.8000030517578,236.5,239.0,461910
2011-11-17,198.86209106445312,242.22500610351562,243.5500030517578,240.0,243.0,244280
2011-11-18,193.3820343017578,235.5500030517578,242.5,231.60000610351562,241.0,33238
2011-11-21,196.21438598632812,239.0,240.97500610351562,233.0,236.5,45286
2011-11-22,195.14715576171875,237.6999969482422,240.0,235.125,236.8249969482422,60490
2011-11-23,190.9190673828125,232.5500030517578,239.4499969482422,230.0,239.4499969482422,33716
2011-11-24,192.3763427734375,234.3249969482422,236.47500610351562,229.5,232.52499389648438,15846
2011-11-25,194.7982177734375,237.27499389648438,239.14999389648438,230.5749969482422,232.0,37304
2011-11-28,192.15052795410156,234.0500030517578,240.0,233.0,238.0,26262
2011-11-29,192.9920654296875,235.0749969482422,236.125,232.5,232.5,24844
2011-11-30,192.54052734375,234.52499389648438,237.0,233.5,235.0,647412
2011-12-01,192.3147735595703,234.25,239.0,233.25,235.10000610351562,833608
2011-12-02,190.89854431152344,232.52499389648438,236.0,230.0,233.0,145838
2011-12-05,191.41163635253906,233.14999389648438,235.0,232.5,233.0,112062
2011-12-07,192.1710662841797,234.0749969482422,235.0,231.0,234.89999389648438,18858
2011-12-08,189.56448364257812,230.89999389648438,237.5,229.39999389648438,235.5,108906
2011-12-09,187.6762237548828,228.60000610351562,234.875,225.5749969482422,232.5,93030
2011-12-12,188.59982299804688,229.72500610351562,234.85000610351562,227.5,232.0,378592
2011-12-13,188.82559204101562,230.0,233.0,227.0,227.5,44478
2011-12-14,183.26345825195312,223.22500610351562,231.25,222.1999969482422,229.25,34308
2011-12-15,186.21896362304688,226.8249969482422,227.75,219.52499389648438,222.5,17532
2011-12-16,186.40370178222656,227.0500030517578,230.47500610351562,224.52499389648438,228.5,15420
2011-12-19,182.75030517578125,222.60000610351562,230.89999389648438,220.5,228.5,54164
2011-12-20,180.90310668945312,220.35000610351562,224.0,219.5,222.5,16074
2011-12-21,180.49266052246094,219.85000610351562,223.97500610351562,217.97500610351562,223.97500610351562,21886
2011-12-22,181.2520294189453,220.77499389648438,222.25,216.0500030517578,221.39999389648438,19842
2011-12-23,180.67739868164062,220.0749969482422,227.0,220.0,222.4499969482422,174220
2011-12-26,180.67739868164062,220.0749969482422,224.47500610351562,219.0,221.5500030517578,26284
2011-12-27,183.50975036621094,223.52499389648438,226.875,218.5,218.5,68082
2011-12-28,184.86436462402344,225.1750030517578,226.0,220.52499389648438,225.5,25108
2011-12-29,181.7035675048828,221.3249969482422,226.75,219.89999389648438,225.1750030517578,23290
2011-12-30,184.14598083496094,224.3000030517578,225.4499969482422,221.64999389648438,223.8249969482422,25106
2012-01-02,183.2018585205078,223.14999389648438,225.39999389648438,220.625,222.5,16654
2012-01-03,183.61231994628906,223.64999389648438,227.9250030517578,222.5,224.5,47238
2012-01-04,183.98179626464844,224.10000610351562,225.47500610351562,221.0,221.0,12650
2012-01-05,180.4105224609375,219.75,225.5,214.27499389648438,223.0,23998
2012-01-06,181.90884399414062,221.5749969482422,223.0,220.0500030517578,221.5,13846
2012-01-09,184.7412109375,225.02499389648438,225.47500610351562,220.0,223.0,36260
2012-01-10,183.48919677734375,223.5,226.25,222.5,223.0500030517578,21868
2012-01-11,181.58045959472656,221.1750030517578,224.9499969482422,220.5,223.5,21988
2012-01-12,179.83584594726562,219.0500030517578,223.75,217.75,223.75,39016
2012-01-13,180.18478393554688,219.47500610351562,227.6750030517578,218.0,219.25,79902
2012-01-16,180.00006103515625,219.25,224.5,217.8000030517578,221.85000610351562,29978
2012-01-17,182.31930541992188,222.0749969482422,222.5,219.0,222.5,19792
2012-01-18,182.75030517578125,222.60000610351562,225.0,221.5,223.75,47576
2012-01-19,185.66481018066406,226.14999389648438,227.5,222.02499389648438,222.02499389648438,56888
2012-01-20,187.1631317138672,227.97500610351562,232.64999389648438,225.75,225.75,50974
2012-01-23,185.15170288085938,225.52499389648438,235.5500030517578,223.5,235.5500030517578,42338
2012-01-24,186.52687072753906,227.1999969482422,229.35000610351562,225.0,225.0,14278
2012-01-25,187.38888549804688,228.25,229.4499969482422,223.5,225.52499389648438,162864
2012-01-27,188.55877685546875,229.6750030517578,231.0500030517578,225.75,229.0,24878
2012-01-30,183.0581817626953,222.97500610351562,230.0500030517578,220.0500030517578,230.0,20292
2012-01-31,186.1779327392578,226.77499389648438,227.89999389648438,223.85000610351562,224.9250030517578,21504
2012-02-01,190.61123657226562,232.1750030517578,232.5,223.5749969482422,223.5749969482422,30952
2012-02-02,190.52911376953125,232.0749969482422,234.89999389648438,229.5,234.89999389648438,30038
2012-02-03,195.0445098876953,237.5749969482422,238.39999389648438,230.0,234.5,57472
2012-02-06,195.02398681640625,237.5500030517578,239.9499969482422,220.8249969482422,237.5,52126
2012-02-07,195.1676788330078,237.72500610351562,244.0,237.0,244.0,94104
2012-02-08,197.8563690185547,241.0,242.0,236.0500030517578,240.125,27930
2012-02-09,199.4162139892578,242.89999389648438,243.9499969482422,240.0,240.0,49390
2012-02-10,202.67962646484375,246.875,250.5,244.25,248.5,334890
2012-02-13,212.57244873046875,258.92498779296875,264.0,250.5,250.5,660724
2012-02-14,212.90089416503906,259.32501220703125,263.9750061035156,256.20001220703125,263.9750061035156,264080
2012-02-15,216.3284454345703,263.5,264.95001220703125,260.0,262.0,241302
2012-02-16,217.3136444091797,264.70001220703125,267.5,262.25,265.0,95728
2012-02-17,215.651123046875,262.67498779296875,271.2250061035156,260.5,266.75,174942
2012-02-21,216.59530639648438,263.82501220703125,274.75,262.5,266.1000061035156,348814
2012-02-22,210.17108154296875,256.0,266.3999938964844,255.0,266.3999938964844,121832
2012-02-23,211.09469604492188,257.125,261.5,251.0,261.5,216316
2012-02-24,212.61351013183594,258.9750061035156,264.875,255.5500030517578,257.8999938964844,104752
2012-02-27,208.38546752929688,253.8249969482422,263.5,252.0,263.4750061035156,53746
2012-02-28,209.53485107421875,255.22500610351562,258.45001220703125,252.5749969482422,255.0,44832
2012-02-29,213.61924743652344,260.20001220703125,267.45001220703125,254.0,257.0,161660
2012-03-01,214.9533233642578,261.82501220703125,264.95001220703125,214.9499969482422,257.54998779296875,161820
2012-03-02,221.00807189941406,269.20001220703125,273.1000061035156,258.5,262.5,613610
2012-03-05,222.62945556640625,271.17498779296875,276.5,264.9750061035156,265.0,251928
2012-03-06,220.5769805908203,268.67498779296875,275.7250061035156,266.75,267.0,883966
2012-03-07,218.54510498046875,266.20001220703125,268.67498779296875,264.0249938964844,268.67498779296875,143478
2012-03-09,227.53482055664062,277.1499938964844,277.5,269.07501220703125,269.5,361870
2012-03-12,232.76858520507812,283.5249938964844,286.4750061035156,277.5,280.0,257896
2012-03-13,235.60098266601562,286.9750061035156,289.45001220703125,284.04998779296875,285.0,816900
2012-03-14,232.95327758789062,283.75,287.5,280.2250061035156,287.5,212296
2012-03-15,232.4812774658203,283.17498779296875,286.0,276.8999938964844,280.5,231520
2012-03-16,234.8621063232422,286.07501220703125,289.25,283.5,284.8999938964844,87442
2012-03-19,232.15284729003906,282.7749938964844,287.3500061035156,276.29998779296875,285.0249938964844,133818
2012-03-20,229.3409881591797,279.3500061035156,287.3999938964844,277.54998779296875,284.9750061035156,186004
2012-03-21,232.419677734375,283.1000061035156,284.0,279.125,279.25,77722
2012-03-22,234.22581481933594,285.29998779296875,286.25,281.6499938964844,281.6499938964844,48734
2012-03-23,232.13230895996094,282.75,288.45001220703125,280.6499938964844,285.0,98470
2012-03-26,235.21102905273438,286.5,287.5,282.0249938964844,283.0,78614
2012-03-27,235.23153686523438,286.5249938964844,288.0,285.92498779296875,287.5,57496
2012-03-28,231.3318634033203,281.7749938964844,287.375,281.0,283.5,70388
2012-03-29,232.95327758789062,283.75,287.5,278.4750061035156,283.4750061035156,124940
2012-03-30,243.42083740234375,296.5,297.29998779296875,284.5249938964844,287.0,1432356
2012-04-02,242.92823791503906,295.8999938964844,299.5,291.5,295.0,56306
2012-04-03,244.5702362060547,297.8999938964844,299.95001220703125,295.5249938964844,298.375,66070
2012-04-04,243.5645294189453,296.67498779296875,298.0,292.54998779296875,297.4750061035156,87090
2012-04-09,244.09812927246094,297.32501220703125,299.45001220703125,288.79998779296875,295.5,22600
2012-04-10,242.2098846435547,295.0249938964844,297.5249938964844,294.5,294.5,26268
2012-04-11,240.05484008789062,292.3999938964844,296.5,287.6000061035156,296.5,17578
2012-04-12,239.6853790283203,291.95001220703125,296.1000061035156,291.0,295.0,18684
2012-04-13,239.29537963867188,291.4750061035156,298.5,287.5249938964844,290.5,29072
2012-04-16,242.00466918945312,294.7749938964844,297.5,286.9750061035156,291.5,274922
2012-04-17,236.75035095214844,288.375,295.95001220703125,265.04998779296875,288.0,49364
2012-04-18,234.22581481933594,285.29998779296875,291.9750061035156,284.04998779296875,290.0,40710
2012-04-19,234.06163024902344,285.1000061035156,290.0,283.1499938964844,285.0249938964844,54988
2012-04-20,232.23495483398438,282.875,288.4750061035156,280.0,288.4750061035156,48452
2012-04-23,230.94190979003906,281.29998779296875,285.5,280.0,281.1499938964844,20202
2012-04-24,233.34327697753906,284.2250061035156,286.9750061035156,275.5,280.57501220703125,428096
2012-04-25,233.77426147460938,284.75,285.9750061035156,278.5249938964844,279.92498779296875,32318
2012-04-26,230.30567932128906,280.5249938964844,284.875,278.54998779296875,283.1499938964844,25288
2012-04-27,230.0593719482422,280.2250061035156,284.25,276.5,284.0,32814
2012-04-30,230.61351013183594,280.8999938964844,282.04998779296875,278.6499938964844,282.04998779296875,27120
2012-05-02,230.51092529296875,280.7749938964844,281.45001220703125,277.7749938964844,280.29998779296875,20858
2012-05-03,228.47897338867188,278.29998779296875,283.04998779296875,277.0,281.45001220703125,28004
2012-05-04,225.97499084472656,275.25,280.1499938964844,271.0,280.1499938964844,17628
2012-05-07,225.9339599609375,275.20001220703125,277.4750061035156,267.1499938964844,267.1499938964844,15986
2012-05-08,222.34213256835938,270.82501220703125,278.875,270.0,278.875,21970
2012-05-09,218.89402770996094,266.625,274.0,265.04998779296875,270.25,19886
2012-05-10,227.26803588867188,276.82501220703125,279.5,266.20001220703125,269.5,32878
2012-05-11,221.09011840820312,269.29998779296875,281.5,267.95001220703125,279.5,623050
2012-05-14,219.9407958984375,267.8999938964844,272.45001220703125,265.82501220703125,269.0,16164
2012-05-15,217.76519775390625,265.25,269.0,265.0,267.6499938964844,36240
2012-05-16,215.07644653320312,261.9750061035156,266.9750061035156,261.17498779296875,265.0,155966
2012-05-17,213.94761657714844,260.6000061035156,263.7250061035156,259.0,263.45001220703125,53880
2012-05-18,216.41053771972656,263.6000061035156,268.0,253.25,260.70001220703125,54784
2012-05-21,216.9236602783203,264.2250061035156,266.82501220703125,262.5,263.9750061035156,10386
2012-05-22,218.03195190429688,265.57501220703125,269.42498779296875,264.0,264.0,6752
2012-05-23,218.11407470703125,265.67498779296875,270.95001220703125,262.625,270.95001220703125,30644
2012-05-24,215.75372314453125,262.79998779296875,265.75,260.1499938964844,265.0,34860
2012-05-25,217.0467987060547,264.375,268.92498779296875,259.9750061035156,264.5,22218
2012-05-28,220.61807250976562,268.7250061035156,272.125,266.5249938964844,267.45001220703125,49302
2012-05-29,216.3079071044922,263.4750061035156,272.4750061035156,261.0,270.0,131142
2012-05-30,212.67506408691406,259.04998779296875,263.4750061035156,256.875,256.875,978174
2012-05-31,219.46868896484375,267.32501220703125,270.0,256.9750061035156,257.4750061035156,570584
2012-06-01,216.0000762939453,263.1000061035156,267.5,261.54998779296875,267.5,15614
2012-06-04,212.20301818847656,258.4750061035156,265.0,255.85000610351562,265.0,15750
2012-06-05,212.94187927246094,259.375,263.0,250.5749969482422,259.0,13540
2012-06-06,215.30224609375,262.25,265.79998779296875,261.0,262.5,45662
2012-06-07,214.9533233642578,261.82501220703125,264.25,260.04998779296875,264.25,51654
2012-06-08,214.09129333496094,260.7749938964844,264.5,260.0,263.57501220703125,45112
2012-06-11,213.3934326171875,259.92498779296875,263.8999938964844,259.5,263.8999938964844,27510
2012-06-12,212.8392791748047,259.25,261.0,255.75,260.0,48218
2012-06-13,221.37747192382812,269.6499938964844,270.0,257.5,257.5,192932
2012-06-14,216.59530639648438,263.82501220703125,273.95001220703125,262.5,268.0,99864
2012-06-15,215.6717071533203,262.70001220703125,266.20001220703125,260.1000061035156,261.82501220703125,60772
2012-06-18,212.44931030273438,258.7749938964844,266.95001220703125,256.5,262.5,32434
2012-06-19,213.7218475341797,260.32501220703125,262.0,256.5,262.0,37942
2012-06-20,214.58387756347656,261.375,265.0,260.0,263.0,45414
2012-06-21,214.31704711914062,261.04998779296875,264.625,260.0,261.0249938964844,78610
2012-06-22,214.62490844726562,261.42498779296875,263.0,260.0,260.25,18000
2012-06-25,216.71844482421875,263.9750061035156,267.0,247.47500610351562,247.47500610351562,316814
2012-06-26,214.2144012451172,260.92498779296875,265.5,260.0,265.0,32092
2012-06-27,214.62490844726562,261.42498779296875,264.0,260.1499938964844,260.2749938964844,14106
2012-06-28,215.42538452148438,262.3999938964844,263.2250061035156,260.45001220703125,260.75,23232
2012-06-29,215.651123046875,262.67498779296875,265.0,261.3999938964844,263.0,39556
2012-07-02,221.09011840820312,269.29998779296875,276.07501220703125,258.5,258.5,319272
2012-07-03,220.5154571533203,268.6000061035156,272.32501220703125,266.29998779296875,268.04998779296875,57590
2012-07-04,220.88487243652344,269.04998779296875,270.9750061035156,267.75,268.6000061035156,31926
2012-07-05,219.5302276611328,267.3999938964844,271.0,265.2749938964844,271.0,83304
2012-07-06,219.11976623535156,266.8999938964844,269.4750061035156,263.125,266.0249938964844,147954
2012-07-09,213.68075561523438,260.2749938964844,266.07501220703125,258.25,265.82501220703125,40284
2012-07-10,215.8358612060547,262.8999938964844,264.1499938964844,260.625,263.0,32058
2012-07-11,214.440185546875,261.20001220703125,264.0,260.2250061035156,263.0249938964844,175460
2012-07-12,214.27597045898438,261.0,261.92498779296875,258.0,261.0,36814
2012-07-13,215.4458770751953,262.42498779296875,265.0,261.0,263.5,37344
2012-07-16,211.382080078125,257.4750061035156,263.95001220703125,256.75,263.95001220703125,148524
2012-07-17,214.49151611328125,256.95001220703125,258.2749938964844,254.0,256.75,69068
2012-07-18,213.3645782470703,255.60000610351562,257.5249938964844,252.5,257.0,34634
2012-07-19,208.64820861816406,249.9499969482422,257.5,247.97500610351562,257.5,478984
2012-07-20,207.72996520996094,248.85000610351562,251.4499969482422,247.5,250.89999389648438,85548
2012-07-23,207.04122924804688,248.02499389648438,250.0,246.02499389648438,249.97500610351562,51258
2012-07-24,205.20480346679688,245.8249969482422,248.97500610351562,240.77499389648438,247.0749969482422,122004
2012-07-25,200.5718994140625,240.27499389648438,256.8500061035156,238.5500030517578,245.5749969482422,136424
2012-07-26,198.44326782226562,237.72500610351562,242.5,236.0749969482422,242.10000610351562,360666
2012-07-27,196.6485137939453,235.5749969482422,242.125,234.02499389648438,238.5,68142
2012-07-30,195.3963623046875,234.0749969482422,238.22500610351562,232.77499389648438,237.9499969482422,69764
2012-07-31,193.9355926513672,232.3249969482422,241.0,231.02499389648438,241.0,106610
2012-08-01,193.3303680419922,231.60000610351562,234.4499969482422,230.5,234.4499969482422,108598
2012-08-02,194.7077178955078,233.25,239.375,231.5500030517578,233.4499969482422,420410
2012-08-03,197.48326110839844,236.5749969482422,237.25,190.0,190.0,337164
2012-08-06,192.28689575195312,230.35000610351562,241.0,229.0500030517578,237.52499389648438,604546
2012-08-07,189.11480712890625,226.5500030517578,232.77499389648438,225.5,230.35000610351562,173650
2012-08-08,189.1565704345703,226.60000610351562,231.85000610351562,225.85000610351562,226.625,127984
2012-08-09,189.82437133789062,227.39999389648438,229.8249969482422,226.47500610351562,226.5,58866
2012-08-10,188.7600555419922,226.125,229.0,224.875,225.75,57528
2012-08-13,190.57565307617188,228.3000030517578,234.4250030517578,227.0,227.5,61752
2012-08-14,194.1442413330078,232.5749969482422,233.72500610351562,228.4250030517578,228.4499969482422,151706
2012-08-16,195.2711639404297,233.9250030517578,236.0,231.97500610351562,232.89999389648438,122710
2012-08-17,196.14764404296875,234.97500610351562,237.6999969482422,232.5,234.97500610351562,180896
2012-08-21,197.73370361328125,236.875,237.5,235.02499389648438,237.4250030517578,287150
2012-08-22,197.90066528320312,237.0749969482422,238.6750030517578,234.0,236.5,153260
2012-08-23,199.67453002929688,239.1999969482422,239.8249969482422,237.0749969482422,237.0749969482422,63660
2012-08-24,202.36663818359375,242.4250030517578,249.0,240.0,243.1999969482422,388586
2012-08-27,204.3282928466797,244.77499389648438,246.85000610351562,241.02499389648438,242.5500030517578,92948
2012-08-28,203.86920166015625,244.22500610351562,246.5500030517578,242.5500030517578,245.02499389648438,51724
2012-08-29,203.66053771972656,243.97500610351562,245.8249969482422,243.0,244.5,21824
2012-08-30,204.30746459960938,244.75,245.4499969482422,241.5,244.0,365728
2012-08-31,209.10728454589844,250.5,252.5,242.5,244.75,434660
2012-09-03,210.50552368164062,252.1750030517578,254.75,250.5,251.25,282556
2012-09-04,211.46551513671875,253.3249969482422,255.0,251.625,254.0,75008
2012-09-05,209.90032958984375,251.4499969482422,253.5,250.3249969482422,251.52499389648438,102990
2012-09-06,210.77684020996094,252.5,254.8249969482422,250.0,252.5,250906
2012-09-07,207.64651489257812,248.75,254.8249969482422,247.3000030517578,253.35000610351562,68616
2012-09-10,207.08303833007812,248.0749969482422,249.97500610351562,245.0,249.0749969482422,32114
2012-09-11,204.53701782226562,245.02499389648438,251.5,244.0500030517578,245.0,37114
2012-09-12,204.91270446777344,245.47500610351562,248.9499969482422,243.5,245.02499389648438,51736
2012-09-13,203.66053771972656,243.97500610351562,249.25,243.3000030517578,245.10000610351562,114614
2012-09-14,204.01527404785156,244.39999389648438,248.39999389648438,243.75,244.625,40570
2012-09-17,204.7874298095703,245.3249969482422,252.0,244.5500030517578,252.0,55798
2012-09-18,203.7439727783203,244.0749969482422,246.875,238.10000610351562,244.52499389648438,99482
2012-09-20,202.05360412597656,242.0500030517578,246.5,241.39999389648438,243.5,36908
2012-09-21,200.40493774414062,240.0749969482422,245.10000610351562,238.8000030517578,243.3249969482422,236146
2012-09-24,197.83804321289062,237.0,246.64999389648438,236.125,241.0,102412
2012-09-25,196.2519989013672,235.10000610351562,239.0,234.0,237.5,205348
2012-09-26,199.61195373535156,239.125,244.0,235.0,237.4250030517578,145896
2012-09-27,200.53016662597656,240.22500610351562,242.5,235.0,242.5,116936
2012-09-28,198.56851196289062,237.875,244.4250030517578,236.6999969482422,241.39999389648438,199230
2012-10-01,199.0902099609375,238.5,241.5,237.5,239.8249969482422,224146
2012-10-03,197.39981079101562,236.47500610351562,240.0,235.3000030517578,240.0,209378
2012-10-04,199.38238525390625,238.85000610351562,240.72500610351562,236.625,237.97500610351562,124618
2012-10-05,202.9509735107422,243.125,249.0,240.02499389648438,241.5,616948
2012-10-08,205.4761199951172,246.14999389648438,248.0,243.0,244.5,468618
2012-10-09,212.7802734375,254.89999389648438,262.45001220703125,247.0749969482422,247.10000610351562,761880
2012-10-10,210.50552368164062,252.1750030517578,257.20001220703125,250.5500030517578,255.5,232950
2012-10-11,208.94036865234375,250.3000030517578,253.875,247.60000610351562,252.5,154518
2012-10-12,205.99783325195312,246.77499389648438,252.6999969482422,246.0,250.5,75390
2012-10-15,204.74569702148438,245.27499389648438,250.0,243.0,250.0,45048
2012-10-16,206.8534393310547,247.8000030517578,251.0,244.0749969482422,245.5,161016
2012-10-17,203.89007568359375,244.25,249.6999969482422,243.6999969482422,247.60000610351562,196196
2012-10-18,203.86920166015625,244.22500610351562,247.0,243.0500030517578,245.1999969482422,151886
2012-10-19,202.63792419433594,242.75,245.27499389648438,242.5,244.27499389648438,341398
2012-10-22,204.03616333007812,244.4250030517578,245.4499969482422,241.0,242.75,59014
2012-10-23,201.3649444580078,241.22500610351562,244.39999389648438,239.5,244.39999389648438,129694
2012-10-25,204.89178466796875,245.4499969482422,247.5,241.0,243.4250030517578,92708
2012-10-29,204.1405029296875,244.5500030517578,247.39999389648438,242.72500610351562,246.0,64842
2012-10-30,202.15792846679688,242.1750030517578,247.0,240.5,247.0,42956
2012-10-31,201.8657684326172,241.8249969482422,243.375,237.72500610351562,240.97500610351562,26220
2012-11-01,199.0902099609375,238.5,242.5,238.14999389648438,242.02499389648438,112860
2012-11-02,198.2136993408203,237.4499969482422,241.9499969482422,236.5500030517578,239.52499389648438,82908
2012-11-05,197.23284912109375,236.27499389648438,238.9499969482422,235.1999969482422,237.5500030517578,92194
2012-11-06,200.32147216796875,239.97500610351562,241.375,237.5,239.9250030517578,270226
2012-11-07,195.7094268798828,234.4499969482422,242.5,233.75,241.5,319210
2012-11-08,196.02243041992188,234.8249969482422,237.5,232.89999389648438,234.0,166608
2012-11-09,194.41554260253906,232.89999389648438,236.47500610351562,231.35000610351562,236.47500610351562,397218
2012-11-12,192.2660369873047,230.3249969482422,234.0749969482422,229.25,230.625,213354
2012-11-15,195.91812133789062,234.6999969482422,236.47500610351562,233.0,235.0,126910
2012-11-16,199.11105346679688,238.52499389648438,239.9499969482422,231.125,233.0,516924
2012-11-19,198.5267333984375,237.8249969482422,239.1999969482422,235.52499389648438,238.75,46594
2012-11-20,201.114501953125,240.9250030517578,242.0,238.02499389648438,238.125,243842
2012-11-21,198.40151977539062,237.6750030517578,240.6999969482422,237.0,240.25,24630
2012-11-22,199.52842712402344,239.02499389648438,239.6999969482422,236.5,236.64999389648438,404320
2012-11-23,201.92840576171875,241.89999389648438,245.5,240.0500030517578,240.0500030517578,112860
2012-11-26,203.99440002441406,244.375,246.5,241.0,241.0,66076
2012-11-27,202.0953369140625,242.10000610351562,246.4499969482422,241.60000610351562,244.97500610351562,55092
2012-11-29,205.85177612304688,246.60000610351562,248.625,242.0,242.89999389648438,175166
2012-11-30,207.9386749267578,249.10000610351562,251.89999389648438,245.60000610351562,249.4499969482422,258822
2012-12-03,206.1856231689453,247.0,250.97500610351562,245.25,250.97500610351562,71734
2012-12-04,204.05699157714844,244.4499969482422,248.5,243.5749969482422,246.5,85544
2012-12-05,203.8483123779297,244.1999969482422,246.97500610351562,242.625,244.5500030517578,38900
2012-12-06,206.37347412109375,247.22500610351562,247.97500610351562,244.02499389648438,245.5749969482422,437924
2012-12-07,206.9160614013672,247.875,248.9499969482422,246.02499389648438,248.9250030517578,59166
2012-12-10,206.74911499023438,247.6750030517578,249.4499969482422,247.10000610351562,249.4499969482422,45894
2012-12-11,208.25172424316406,249.47500610351562,251.5,245.5,247.5,437238
2012-12-12,206.20648193359375,247.02499389648438,252.5,246.0500030517578,251.4499969482422,51096
2012-12-13,206.9995574951172,247.97500610351562,252.5,222.4499969482422,222.4499969482422,122844
2012-12-14,208.12649536132812,249.3249969482422,250.5,247.3000030517578,249.97500610351562,72168
2012-12-17,207.70907592773438,248.8249969482422,250.875,247.52499389648438,250.0,27128
2012-12-18,206.12306213378906,246.9250030517578,249.5,245.52499389648438,249.5,46170
2012-12-19,207.70907592773438,248.8249969482422,249.72500610351562,244.0749969482422,247.47500610351562,152552
2012-12-20,206.8743438720703,247.8249969482422,249.9499969482422,246.3000030517578,249.9499969482422,23684
2012-12-21,204.70394897460938,245.22500610351562,247.8000030517578,244.3249969482422,247.8000030517578,44716
2012-12-24,205.43435668945312,246.10000610351562,247.0,243.5,245.5,22604
2012-12-26,208.54383850097656,249.8249969482422,250.4250030517578,244.52499389648438,245.52499389648438,71786
2012-12-27,205.43435668945312,246.10000610351562,249.6999969482422,245.64999389648438,249.6999969482422,40068
2012-12-28,206.58213806152344,247.47500610351562,247.97500610351562,244.3249969482422,247.8249969482422,89098
2012-12-31,208.16815185546875,249.375,250.0,245.75,246.25,41230
2013-01-01,209.25341796875,250.6750030517578,251.47500610351562,248.5,249.97500610351562,61352
2013-01-02,210.48463439941406,252.14999389648438,254.5,249.64999389648438,250.47500610351562,786810
2013-01-03,211.90374755859375,253.85000610351562,287.45001220703125,253.0,254.5,463354
2013-01-04,212.9471893310547,255.10000610351562,256.875,254.02499389648438,256.0,51546
2013-01-07,209.4412078857422,250.89999389648438,255.8249969482422,250.0,255.0,37746
2013-01-08,208.73165893554688,250.0500030517578,253.25,248.8249969482422,251.0,33942
2013-01-09,210.96466064453125,252.72500610351562,255.02499389648438,249.0,250.0500030517578,472828
2013-01-10,207.0204315185547,248.0,254.0,247.5,253.9250030517578,56784
2013-01-11,204.57872009277344,245.0749969482422,251.9499969482422,244.0,248.0,90512
2013-01-14,202.4292449951172,242.5,245.875,240.77499389648438,245.0,427748
2013-01-15,203.03443908691406,243.22500610351562,245.0,242.25,243.0749969482422,420062
2013-01-16,206.164794921875,246.97500610351562,248.4499969482422,242.0,243.9499969482422,116130
2013-01-17,204.47438049316406,244.9499969482422,247.4499969482422,244.02499389648438,247.1750030517578,68786
2013-01-18,202.9092254638672,243.0749969482422,245.5500030517578,242.5,243.64999389648438,70308
2013-01-21,204.30746459960938,244.75,245.4499969482422,243.0,244.4250030517578,55874
2013-01-22,204.57872009277344,245.0749969482422,245.5,243.0,245.39999389648438,44000
2013-01-23,202.53359985351562,242.625,246.25,240.8000030517578,245.0500030517578,91392
2013-01-24,198.1302032470703,237.35000610351562,245.0,236.25,245.0,57986
2013-01-25,202.05360412597656,242.0500030517578,244.0,235.10000610351562,239.5,26874
2013-01-28,199.46585083007812,238.9499969482422,243.75,238.1999969482422,242.0500030517578,43768
2013-01-29,200.4258270263672,240.10000610351562,241.0,236.5,240.0,68406
2013-01-30,198.6519317626953,237.97500610351562,241.9499969482422,237.5,241.9499969482422,63712
2013-01-31,201.17710876464844,241.0,247.0,235.0,237.5,84222
2013-02-01,196.91983032226562,235.89999389648438,249.4499969482422,234.10000610351562,246.5,86694
2013-02-04,196.2519989013672,235.10000610351562,239.5,234.5500030517578,237.5,37552
2013-02-05,194.95814514160156,233.5500030517578,235.8000030517578,232.5500030517578,235.0,33866
2013-02-06,194.45729064941406,232.9499969482422,235.47500610351562,232.0500030517578,233.5500030517578,36008
2013-02-07,194.1651153564453,232.60000610351562,234.89999389648438,230.5749969482422,234.89999389648438,27754
2013-02-08,194.08164978027344,232.5,234.1999969482422,227.9499969482422,231.5,150774
2013-02-11,196.08505249023438,234.89999389648438,236.5,231.0,234.85000610351562,155300
2013-02-12,199.0693359375,238.47500610351562,239.5,236.0,237.5,104538
2013-02-13,201.74057006835938,241.6750030517578,243.5,236.5500030517578,237.5,85314
2013-02-14,205.80999755859375,246.5500030517578,247.6750030517578,240.27499389648438,244.0,149122
2013-02-15,204.5161590576172,245.0,259.5,240.5,249.0,57944
2013-02-18,206.1021728515625,246.89999389648438,248.0,244.52499389648438,244.52499389648438,302092
2013-02-19,208.12649536132812,249.3249969482422,249.625,244.6999969482422,248.0,54060
2013-02-20,208.18907165527344,249.39999389648438,251.5,247.0,250.0,93518
2013-02-21,210.42205810546875,252.0749969482422,254.5,247.0,249.5,155064
2013-02-22,209.21165466308594,250.625,253.75,249.5,251.47500610351562,102228
2013-02-25,208.33518981933594,249.5749969482422,255.0,246.625,252.75,34418
2013-02-26,204.39093017578125,244.85000610351562,250.4250030517578,243.77499389648438,250.0,44024
2013-02-27,204.9752655029297,245.5500030517578,247.5,244.0,244.75,28760
2013-02-28,200.96841430664062,240.75,249.9250030517578,239.5,249.9250030517578,44338
2013-03-01,209.56643676757812,251.0500030517578,252.5,238.39999389648438,242.5,75828
2013-03-04,208.7942657470703,250.125,252.47500610351562,247.5,251.0500030517578,146970
2013-03-05,208.8568878173828,250.1999969482422,252.0,249.0,250.10000610351562,99532
2013-03-06,212.6133270263672,254.6999969482422,255.72500610351562,250.0,253.9250030517578,306210
2013-03-07,216.70364379882812,259.6000061035156,264.0,252.77499389648438,254.0,525138
2013-03-08,220.23049926757812,263.82501220703125,265.5,259.9750061035156,260.0249938964844,1008328
2013-03-11,223.50692749023438,267.75,272.45001220703125,265.0249938964844,265.7749938964844,225510
2013-03-12,224.2164764404297,268.6000061035156,271.9750061035156,265.0,271.9750061035156,78892
2013-03-13,224.2164764404297,268.6000061035156,269.95001220703125,267.5,269.8500061035156,107898
2013-03-14,224.34164428710938,268.75,269.54998779296875,260.5,267.5249938964844,51796
2013-03-15,225.4268798828125,270.04998779296875,274.04998779296875,266.125,270.0,403324
2013-03-18,228.28591918945312,273.4750061035156,274.07501220703125,261.25,271.4750061035156,56624
2013-03-19,221.67044067382812,265.54998779296875,273.0,261.625,273.0,251878
2013-03-20,220.85655212402344,264.57501220703125,272.5,261.625,265.07501220703125,247966
2013-03-21,221.795654296875,265.70001220703125,269.4750061035156,262.0249938964844,265.5,124528
2013-03-22,218.12271118164062,261.29998779296875,267.125,259.6000061035156,265.2749938964844,179808
2013-03-25,217.26705932617188,260.2749938964844,263.0,256.0,261.5,162582
2013-03-26,215.57672119140625,258.25,261.9750061035156,255.5500030517578,257.5249938964844,22006
2013-03-28,219.1035919189453,262.4750061035156,269.0249938964844,257.0249938964844,259.9750061035156,67604
2013-04-01,220.14700317382812,263.7250061035156,270.0,260.0249938964844,268.95001220703125,45902
2013-04-02,220.37655639648438,264.0,266.95001220703125,262.04998779296875,262.04998779296875,188644
2013-04-03,217.0166778564453,259.9750061035156,268.0,259.2749938964844,264.0,49186
2013-04-04,214.11585998535156,256.5,259.5249938964844,252.0,259.5249938964844,51930
2013-04-05,215.63931274414062,258.32501220703125,260.0,255.0,257.5,17202
2013-04-08,216.62014770507812,259.5,265.5,256.20001220703125,265.5,11738
2013-04-09,217.14187622070312,260.125,263.3500061035156,259.1000061035156,263.3500061035156,115644
2013-04-10,219.1035919189453,262.4750061035156,264.75,259.6000061035156,262.42498779296875,67856
2013-04-11,223.715576171875,268.0,269.95001220703125,262.5,263.5,221608
2013-04-12,223.11041259765625,267.2749938964844,267.5,265.0,267.5,16512
2013-04-15,219.6878662109375,263.17498779296875,269.9750061035156,262.5,269.75,43602
2013-04-16,221.9834747314453,265.92498779296875,267.45001220703125,260.1499938964844,260.1499938964844,24098
2013-04-17,225.6981201171875,270.375,274.29998779296875,265.3500061035156,267.5,40676
2013-04-18,227.97288513183594,273.1000061035156,274.8999938964844,269.1000061035156,269.5,40562
2013-04-22,235.65267944335938,282.29998779296875,283.3500061035156,271.75,271.75,104402
2013-04-23,232.29275512695312,278.2749938964844,286.375,275.7749938964844,282.5,80650
2013-04-25,235.25621032714844,281.82501220703125,288.42498779296875,275.5,275.5,1277212
2013-04-26,236.32052612304688,283.1000061035156,285.4750061035156,280.0,282.5,90976
2013-04-29,234.85964965820312,281.3500061035156,283.0,280.25,282.0249938964844,62364
2013-04-30,242.01776123046875,289.92498779296875,291.95001220703125,282.5,282.5,127618
2013-05-02,239.8682403564453,287.3500061035156,292.7749938964844,280.7749938964844,283.5,86380
2013-05-03,239.033447265625,286.3500061035156,289.9750061035156,281.67498779296875,288.0,137970
2013-05-06,240.91165161132812,288.6000061035156,290.0,285.5249938964844,286.0,141474
2013-05-07,240.66123962402344,288.29998779296875,291.32501220703125,285.95001220703125,288.0249938964844,92652
2013-05-08,238.03173828125,285.1499938964844,292.5249938964844,281.57501220703125,288.25,353396
2013-05-09,241.09945678710938,288.82501220703125,290.0,281.9750061035156,284.54998779296875,257930
2013-05-10,238.3656463623047,285.54998779296875,289.0,278.8500061035156,287.5,61840
2013-05-13,233.87884521484375,280.17498779296875,288.4750061035156,278.07501220703125,282.5,94912
2013-05-14,235.7152557373047,282.375,286.0,278.5,278.5,245520
2013-05-15,238.13609313964844,285.2749938964844,289.95001220703125,280.625,280.625,666212
2013-05-16,238.1151885986328,285.25,292.125,284.20001220703125,287.5,106910
2013-05-17,238.19866943359375,285.3500061035156,287.5,281.625,285.0,273282
2013-05-20,237.426513671875,284.42498779296875,289.95001220703125,283.6499938964844,286.5249938964844,188706
2013-05-21,235.84046936035156,282.5249938964844,286.95001220703125,280.5,285.0,234138
2013-05-22,236.1743621826172,282.92498779296875,285.54998779296875,279.04998779296875,284.0,251406
2013-05-23,240.1394805908203,287.67498779296875,289.375,280.0,282.5,210136
2013-05-24,239.90997314453125,287.3999938964844,290.5,285.92498779296875,288.0,95078
2013-05-27,277.8288879394531,332.82501220703125,341.5,308.5,308.5,3455274
2013-05-28,283.38006591796875,339.4750061035156,349.3500061035156,326.0,334.92498779296875,1708820
2013-05-29,285.2373962402344,341.70001220703125,346.45001220703125,336.0,340.79998779296875,693988
2013-05-30,292.1658630371094,350.0,354.3999938964844,337.7250061035156,341.75,433594
2013-05-31,302.2665100097656,362.1000061035156,365.0,351.0,352.5,562080
2013-06-03,289.9746398925781,347.375,375.95001220703125,335.07501220703125,362.5,1237316
2013-06-04,282.9209289550781,338.92498779296875,355.45001220703125,336.54998779296875,346.5,716798
2013-06-05,277.4532470703125,332.375,344.9750061035156,330.07501220703125,338.5,470918
2013-06-06,288.8685607910156,346.04998779296875,348.6000061035156,324.5,332.3500061035156,668000
2013-06-07,288.0964660644531,345.125,354.17498779296875,342.75,349.125,383680
2013-06-10,288.7225341796875,345.875,349.0,341.1499938964844,345.0,319356
2013-06-11,289.1399230957031,346.375,351.0,344.5249938964844,349.9750061035156,790394
2013-06-12,285.5712890625,342.1000061035156,347.5,340.5,343.0,168954
2013-06-13,281.7732238769531,337.54998779296875,343.4750061035156,333.1499938964844,342.0,225142
2013-06-14,284.9243469238281,341.32501220703125,345.0,339.75,339.8500061035156,563194
2013-06-17,281.41839599609375,337.125,344.75,336.125,344.75,98148
2013-06-18,279.7279968261719,335.1000061035156,342.5,334.0249938964844,337.25,189010
2013-06-19,278.64276123046875,333.79998779296875,336.0,332.5249938964844,336.0,213324
2013-06-20,279.79058837890625,335.17498779296875,339.0,329.0249938964844,334.0,198688
2013-06-21,276.3262939453125,331.0249938964844,337.5,330.04998779296875,337.5,85674
2013-06-24,271.54730224609375,325.29998779296875,334.0,323.1000061035156,331.5,73894
2013-06-25,270.2742614746094,323.7749938964844,328.45001220703125,322.67498779296875,325.0,75740
2013-06-26,270.2534484863281,323.75,331.1499938964844,322.6000061035156,324.0,69566
2013-06-27,275.72113037109375,330.29998779296875,332.20001220703125,325.3500061035156,332.20001220703125,143384
2013-06-28,281.4392395019531,337.1499938964844,339.20001220703125,328.82501220703125,332.0,621320
2013-07-01,286.8443908691406,343.625,347.3500061035156,332.5249938964844,336.0,311070
2013-07-02,284.9660949707031,341.375,345.0,337.5,345.0,69688
2013-07-03,282.6913757324219,338.6499938964844,343.5,338.5,343.5,30888
2013-07-04,287.0947570800781,343.92498779296875,346.75,337.5,337.5,64428
2013-07-05,280.0619201660156,335.5,349.0,333.5,346.0,293564
2013-07-08,279.3315124511719,334.625,339.3500061035156,331.0,335.0,53392
2013-07-09,282.002685546875,337.82501220703125,339.5,335.0249938964844,336.0,105612
2013-07-10,283.609619140625,339.75,343.75,336.2749938964844,337.8999938964844,80718
2013-07-11,283.3174743652344,339.3999938964844,345.5,338.20001220703125,340.5249938964844,113126
2013-07-12,282.9209289550781,338.92498779296875,342.4750061035156,337.125,337.5,46592
2013-07-15,283.8808898925781,340.07501220703125,342.5,339.1499938964844,340.0,152726
2013-07-16,283.56781005859375,339.70001220703125,341.5,336.29998779296875,338.375,112304
2013-07-17,292.1867370605469,350.0249938964844,364.5,337.2250061035156,340.0,1215276
2013-07-18,298.11358642578125,357.125,360.5,349.5,350.0249938964844,418008
2013-07-19,296.360595703125,355.0249938964844,360.4750061035156,353.95001220703125,358.625,230244
2013-07-22,300.4927062988281,359.9750061035156,368.4750061035156,354.25,358.0,268120
2013-07-23,307.1448974609375,363.6000061035156,366.0,356.5,359.45001220703125,234966
2013-07-24,306.4691467285156,362.79998779296875,373.5,360.5,363.6000061035156,280656
2013-07-25,305.8567199707031,362.07501220703125,370.0,360.8999938964844,364.42498779296875,122640
2013-07-26,301.379638671875,356.7749938964844,364.8500061035156,353.3500061035156,363.0,189864
2013-07-29,302.6256408691406,358.25,359.5,351.3999938964844,355.0,95568
2013-07-30,295.5720520019531,349.8999938964844,361.4750061035156,347.5,359.5,118604
2013-07-31,295.27642822265625,349.54998779296875,352.0,339.04998779296875,345.0249938964844,85466
2013-08-01,297.02923583984375,351.625,353.5,346.17498779296875,349.5,106370
2013-08-02,299.2044677734375,354.20001220703125,356.9750061035156,348.5,352.5249938964844,94464
2013-08-05,310.46051025390625,367.5249938964844,369.9750061035156,351.95001220703125,356.0,192230
2013-08-06,305.434326171875,361.57501220703125,366.0,355.2749938964844,365.0,111748
2013-08-07,297.4726867675781,352.1499938964844,368.5,349.0,368.5,333516
2013-08-08,293.18572998046875,347.07501220703125,354.32501220703125,341.04998779296875,349.07501220703125,54590
2013-08-12,310.4394226074219,367.5,386.5,347.625,349.5,2989026
2013-08-13,315.63446044921875,373.6499938964844,382.3999938964844,370.0,372.0,1522498
2013-08-14,318.3165283203125,376.82501220703125,380.5,371.0,374.5,385922
2013-08-16,313.7126770019531,371.375,379.95001220703125,366.8500061035156,372.0,352952
2013-08-19,307.50396728515625,364.0249938964844,372.5,360.0,371.32501220703125,180430
2013-08-20,295.69873046875,350.04998779296875,360.95001220703125,346.125,360.95001220703125,269034
2013-08-21,290.0813293457031,343.3999938964844,360.3999938964844,341.5,352.04998779296875,283326
2013-08-22,299.64794921875,354.7250061035156,357.5,337.5,340.625,143452
2013-08-23,301.80194091796875,357.2749938964844,360.92498779296875,355.0249938964844,356.0,294568
2013-08-26,298.29632568359375,353.125,360.5249938964844,351.75,358.0,78182
2013-08-27,291.68621826171875,345.29998779296875,352.0,342.5,352.0,107328
2013-08-28,292.1931457519531,345.8999938964844,349.0,328.8999938964844,345.0,121756
2013-08-29,297.7050476074219,352.42498779296875,354.8999938964844,340.57501220703125,346.5,154040
2013-08-30,296.67022705078125,351.20001220703125,356.0,348.0,353.0,86734
2013-09-02,302.92120361328125,358.6000061035156,362.0,351.75,351.75,186522
2013-09-03,308.22198486328125,364.875,367.5,362.0,362.0,209070
2013-09-04,316.141357421875,374.25,377.0,364.9750061035156,364.9750061035156,436762
2013-09-05,316.77484130859375,375.0,379.8500061035156,371.125,376.95001220703125,187876
2013-09-06,309.4256591796875,366.29998779296875,377.4750061035156,365.0,370.0,101616
2013-09-10,311.9598388671875,369.29998779296875,371.95001220703125,366.0249938964844,369.0,133708
2013-09-11,314.5785827636719,372.3999938964844,384.5,370.125,377.5,342712
2013-09-12,315.19097900390625,373.125,377.95001220703125,370.5,372.5,242338
2013-09-13,313.79718017578125,371.4750061035156,375.5,368.1499938964844,375.0,74546
2013-09-16,309.2989501953125,366.1499938964844,374.5,365.0,373.0,139772
2013-09-17,305.56097412109375,361.7250061035156,369.0,360.0,366.1499938964844,59046
2013-09-18,317.8941345214844,376.32501220703125,378.75,363.5249938964844,364.8500061035156,300266
2013-09-19,322.9625549316406,382.32501220703125,389.5,376.125,380.0,509846
2013-09-20,321.0619201660156,380.07501220703125,385.70001220703125,375.0249938964844,380.0,179114
2013-09-23,314.95867919921875,372.8500061035156,378.5,370.125,373.5,71436
2013-09-24,317.4718017578125,375.82501220703125,382.0,372.5,374.8500061035156,208534
2013-09-25,317.95745849609375,376.3999938964844,379.5,374.0,375.5,191164
2013-09-26,320.3438720703125,379.2250061035156,380.5,375.6499938964844,376.5,434022
2013-09-27,327.9886474609375,388.2749938964844,391.95001220703125,377.5,377.5,432920
2013-09-30,347.1852111816406,411.0,418.5,388.8500061035156,388.8500061035156,601698
2013-10-01,352.2957763671875,417.04998779296875,434.0,411.0,415.6499938964844,721590
2013-10-03,347.9666442871094,411.92498779296875,421.5,411.0,419.8500061035156,202084
2013-10-04,351.7046203613281,416.3500061035156,420.0,411.92498779296875,412.82501220703125,214374
2013-10-07,357.1531066894531,422.79998779296875,426.0,411.125,417.5,292866
2013-10-08,364.48114013671875,431.4750061035156,437.0,424.0,427.0,337170
2013-10-09,368.0079345703125,435.6499938964844,440.8999938964844,432.5,433.0,230588
2013-10-10,361.9892272949219,428.5249938964844,437.5,427.5,434.0,83178
2013-10-11,359.7928771972656,425.92498779296875,433.67498779296875,424.5,429.0,248622
2013-10-14,366.17059326171875,433.4750061035156,437.95001220703125,422.5,422.5,185944
2013-10-15,355.505859375,420.8500061035156,437.375,420.0,437.375,67020
2013-10-17,353.6263427734375,418.625,421.8999938964844,415.0,417.75,205276
2013-10-18,365.1147155761719,432.2250061035156,436.1499938964844,419.7749938964844,422.32501220703125,130162
2013-10-21,366.46630859375,433.82501220703125,438.75,432.0,432.2250061035156,116082
2013-10-22,369.8240966796875,437.79998779296875,440.5,432.5,437.4750061035156,91186
2013-10-23,387.2467346191406,458.42498779296875,469.0,439.5,440.8999938964844,416324
2013-10-24,391.4703674316406,463.42498779296875,485.75,458.45001220703125,460.0,491538
2013-10-25,392.3785095214844,464.5,477.45001220703125,458.29998779296875,460.5,217310
2013-10-28,388.91510009765625,460.3999938964844,469.25,452.0,461.25,224622
2013-10-29,392.50518798828125,464.6499938964844,471.45001220703125,452.0249938964844,455.0,188476
2013-10-30,399.00958251953125,472.3500061035156,477.0249938964844,465.0,465.0,171634
2013-10-31,396.8344421386719,469.7749938964844,479.5,465.0,473.0,158216
2013-11-01,397.0033264160156,469.9750061035156,478.79998779296875,467.5,471.1499938964844,132850
2013-11-05,393.8779296875,466.2749938964844,475.0,465.0,472.54998779296875,70524
2013-11-06,398.7984619140625,472.1000061035156,481.45001220703125,465.5,465.5,152880
2013-11-07,395.33502197265625,468.0,475.70001220703125,464.2250061035156,472.04998779296875,63876
2013-11-08,388.5137939453125,459.92498779296875,471.20001220703125,458.5,468.25,88306
2013-11-11,369.8240966796875,437.79998779296875,482.5,433.29998779296875,462.82501220703125,593196
2013-11-12,381.9670715332031,452.17498779296875,473.95001220703125,445.0,465.3500061035156,890924
2013-11-13,375.48382568359375,444.5,461.75,442.04998779296875,454.45001220703125,278422
2013-11-14,379.3485107421875,449.07501220703125,455.0,446.6499938964844,447.1000061035156,94908
2013-11-18,378.0390930175781,447.5249938964844,454.1499938964844,445.0,447.6000061035156,102510
2013-11-19,378.52490234375,448.1000061035156,451.1000061035156,444.54998779296875,447.5,118410
2013-11-20,378.1446838378906,447.6499938964844,451.42498779296875,446.5,450.0,87126
2013-11-21,371.1334533691406,439.3500061035156,461.2250061035156,436.5249938964844,446.5,334470
2013-11-22,368.916015625,436.7250061035156,446.1499938964844,434.75,442.625,162586
2013-11-25,371.2390441894531,439.4750061035156,442.75,435.5,435.5,144976
2013-11-26,375.3993225097656,444.3999938964844,453.25,440.0,442.4750061035156,271814
2013-11-27,369.50732421875,437.42498779296875,447.95001220703125,435.0,442.125,67070
2013-11-28,370.2676086425781,438.32501220703125,442.0,436.17498779296875,441.3500061035156,102420
2013-11-29,370.2042236328125,438.25,448.79998779296875,437.0,441.0,115108
2013-12-02,380.1509704589844,450.0249938964844,460.0,440.0,441.0,326942
2013-12-03,382.3050231933594,452.57501220703125,463.75,446.5249938964844,449.3500061035156,235476
2013-12-04,375.7160949707031,444.7749938964844,456.0,444.0249938964844,452.3999938964844,98826
2013-12-05,371.5979919433594,439.8999938964844,451.95001220703125,439.125,449.0,106558
2013-12-06,366.38177490234375,433.7250061035156,443.75,432.625,438.625,103914
2013-12-09,367.26873779296875,434.7749938964844,439.95001220703125,427.0249938964844,439.95001220703125,224690
2013-12-10,366.846435546875,434.2749938964844,441.5,432.5,437.5,146468
2013-12-11,375.58941650390625,444.625,448.0,429.7250061035156,434.4750061035156,134018
2013-12-12,371.70361328125,440.0249938964844,448.5,436.29998779296875,442.125,259570
2013-12-13,375.800537109375,444.875,446.3500061035156,436.5,439.0,114248
2013-12-16,371.5768737792969,439.875,448.1000061035156,437.625,440.29998779296875,101764
2013-12-17,374.8924865722656,443.79998779296875,445.9750061035156,437.5,442.95001220703125,83782
2013-12-18,374.23785400390625,443.0249938964844,446.8500061035156,439.25,443.2749938964844,74966
2013-12-19,370.18310546875,438.2250061035156,443.9750061035156,436.57501220703125,442.5,50494
2013-12-20,377.4689025878906,446.8500061035156,452.0,436.6499938964844,438.2250061035156,235362
2013-12-23,373.60430908203125,442.2749938964844,452.0,440.54998779296875,450.3500061035156,101094
2013-12-24,382.7062683105469,453.04998779296875,455.0,438.8999938964844,438.8999938964844,100700
2013-12-26,383.3820495605469,453.8500061035156,457.75,448.1499938964844,456.4750061035156,181250
2013-12-27,386.7398681640625,457.82501220703125,460.0,450.6000061035156,450.6000061035156,127504
2013-12-30,387.96478271484375,459.2749938964844,469.0,457.5249938964844,460.5,193780
2013-12-31,388.8305358886719,460.29998779296875,465.0,458.0,462.0,63112
2014-01-01,387.9224853515625,459.2250061035156,466.5,457.6000061035156,457.6000061035156,75038
2014-01-02,384.0157165527344,454.6000061035156,462.5,453.1499938964844,456.5,348310
2014-01-03,387.2467346191406,458.42498779296875,461.0,446.5249938964844,453.92498779296875,64392
2014-01-06,383.888916015625,454.45001220703125,459.9750061035156,448.1499938964844,459.9750061035156,234382
2014-01-07,381.75592041015625,451.92498779296875,457.45001220703125,449.0,453.0,225032
2014-01-08,383.0652770996094,453.4750061035156,457.0,450.5,450.5,53724
2014-01-09,379.0950622558594,448.7749938964844,455.0,447.5,453.54998779296875,69824
2014-01-10,378.46148681640625,448.0249938964844,457.5,447.0,449.0,205446
2014-01-13,379.5596923828125,449.32501220703125,455.0,447.0,448.25,281088
2014-01-14,382.26275634765625,452.5249938964844,455.5,450.2250061035156,453.5,75610
2014-01-15,383.1497497558594,453.57501220703125,457.92498779296875,447.5,453.0,271908
2014-01-16,384.73370361328125,455.45001220703125,457.3500061035156,451.5,457.0,80550
2014-01-17,378.75714111328125,448.375,455.5,447.5,451.125,30736
2014-01-20,374.99810791015625,443.92498779296875,452.5,443.0,452.5,42368
2014-01-21,371.5557861328125,439.8500061035156,449.625,437.54998779296875,442.54998779296875,91158
2014-01-22,369.1483154296875,437.0,442.0,433.5249938964844,437.67498779296875,139710
2014-01-23,368.5781555175781,436.32501220703125,443.5,435.0,437.5249938964844,40168
2014-01-24,365.4315185546875,432.6000061035156,438.8999938964844,429.875,435.04998779296875,58920
2014-01-27,359.45501708984375,425.5249938964844,430.1000061035156,420.1000061035156,430.07501220703125,111788
2014-01-28,365.6004333496094,432.79998779296875,436.0,425.0,425.0,60206
2014-01-29,366.7830810546875,434.20001220703125,437.1499938964844,427.70001220703125,437.1499938964844,50380
2014-01-30,367.3743591308594,434.8999938964844,437.3500061035156,423.1499938964844,433.0,41242
2014-01-31,372.7595520019531,441.2749938964844,442.5,431.8999938964844,436.8500061035156,103232
2014-02-03,374.2589111328125,443.04998779296875,445.5249938964844,440.125,442.5,86688
2014-02-04,369.4439697265625,437.3500061035156,442.3500061035156,433.0,441.07501220703125,26086
2014-02-05,367.5432434082031,435.1000061035156,439.92498779296875,433.0,439.92498779296875,21390
2014-02-06,374.7235107421875,443.6000061035156,446.0,435.54998779296875,437.5,35704
2014-02-07,380.4677429199219,450.3999938964844,454.0,443.67498779296875,446.375,85040
2014-02-10,384.4379577636719,455.1000061035156,459.5,451.5,452.5,125062
2014-02-11,380.6789855957031,450.6499938964844,459.3999938964844,448.17498779296875,457.3500061035156,32498
2014-02-12,382.55841064453125,452.875,454.9750061035156,451.57501220703125,453.0,65492
2014-02-13,379.8764343261719,449.70001220703125,455.0,447.6499938964844,454.0,240502
2014-02-14,381.22802734375,451.29998779296875,455.9750061035156,445.5249938964844,452.95001220703125,302986
2014-02-17,380.3621826171875,450.2749938964844,460.95001220703125,446.0,460.5,210380
2014-02-18,385.6417236328125,456.5249938964844,460.95001220703125,449.20001220703125,450.0,215794
2014-02-19,385.6417236328125,456.5249938964844,456.5249938964844,456.5249938964844,456.5249938964844,0
2014-02-20,382.22052001953125,452.4750061035156,457.95001220703125,449.5,457.95001220703125,155252
2014-02-21,378.2714538574219,447.79998779296875,455.75,446.25,453.0,46476
2014-02-24,376.2229309082031,445.375,451.5,443.04998779296875,448.5,62362
2014-02-25,378.0813293457031,447.57501220703125,450.0,445.04998779296875,446.04998779296875,71470
2014-02-26,374.4701843261719,443.29998779296875,450.0,441.07501220703125,450.0,221554
2014-02-28,375.23040771484375,444.20001220703125,449.875,441.1499938964844,449.875,67702
2014-03-03,365.8960266113281,433.1499938964844,449.5,431.45001220703125,449.5,363658
2014-03-04,365.2203063964844,432.3500061035156,440.0,430.54998779296875,433.1499938964844,219866
2014-03-05,376.349609375,445.5249938964844,449.0,434.5,434.8500061035156,178314
2014-03-06,373.5198059082031,442.17498779296875,447.92498779296875,435.04998779296875,443.1499938964844,77346
2014-03-07,369.52850341796875,437.45001220703125,445.9750061035156,435.0,442.17498779296875,66682
2014-03-10,369.6762390136719,437.625,444.0,436.5,437.5,69494
2014-03-11,368.95819091796875,436.7749938964844,441.75,430.79998779296875,435.5,123866
2014-03-12,365.8115539550781,433.04998779296875,437.0,432.0249938964844,436.2749938964844,171090
2014-03-13,364.46002197265625,431.45001220703125,439.0,430.5,433.5249938964844,98408
2014-03-14,362.55938720703125,429.20001220703125,433.5,427.54998779296875,430.07501220703125,60770
2014-03-18,361.52459716796875,427.9750061035156,434.0,427.0,431.875,201166
2014-03-19,360.82769775390625,427.1499938964844,433.4750061035156,426.5249938964844,430.8500061035156,155970
2014-03-20,361.461181640625,427.8999938964844,430.0,421.5,425.6000061035156,96402
2014-03-21,362.51715087890625,429.1499938964844,437.0,424.25,429.25,492056
2014-03-24,357.2586669921875,422.92498779296875,434.8999938964844,421.0,433.0,213364
2014-03-25,355.2735900878906,420.57501220703125,428.5,418.25,424.0,203422
2014-03-26,351.7468566894531,416.3999938964844,424.9750061035156,413.5,422.5,131786
2014-03-27,344.94671630859375,408.3500061035156,420.9750061035156,404.54998779296875,414.125,300068
2014-03-28,350.141845703125,414.5,416.0,410.70001220703125,416.0,486708
2014-03-31,356.2239074707031,421.70001220703125,423.0,414.4750061035156,414.5,147232
2014-04-01,355.294677734375,420.6000061035156,426.25,417.5,420.20001220703125,144852
2014-04-02,354.5555725097656,419.7250061035156,424.5,418.0,418.5,233062
2014-04-03,355.6748352050781,421.04998779296875,422.3999938964844,419.07501220703125,420.0,361954
2014-04-04,363.63641357421875,430.4750061035156,431.8999938964844,419.0,419.0,272854
2014-04-07,351.6834411621094,416.32501220703125,432.3999938964844,414.5,432.3999938964844,177368
2014-04-09,361.01776123046875,427.375,431.0,417.07501220703125,421.45001220703125,192290
2014-04-10,369.8029479980469,437.7749938964844,439.1000061035156,430.57501220703125,432.0,264250
2014-04-11,375.20928955078125,444.17498779296875,445.1499938964844,437.45001220703125,437.5,153834
2014-04-15,372.928466796875,441.4750061035156,446.875,435.3500061035156,443.0,156474
2014-04-16,371.6614074707031,439.9750061035156,443.95001220703125,438.1499938964844,441.4750061035156,104894
2014-04-17,373.56207275390625,442.2250061035156,443.5,438.5,440.0,74298
2014-04-21,377.215576171875,446.54998779296875,447.5,442.6000061035156,444.8500061035156,86532
2014-04-22,385.3883056640625,456.2250061035156,461.5,444.2749938964844,447.0,362978
2014-04-23,376.9620666503906,446.25,460.0,442.5,456.2250061035156,253636
2014-04-24,376.9620666503906,446.25,446.25,446.25,446.25,0
2014-04-25,375.90625,445.0,448.5,440.6000061035156,448.5,307606
2014-04-28,376.51861572265625,445.7250061035156,449.1499938964844,442.5,442.5,487736
2014-04-29,364.4178161621094,431.3999938964844,446.0,429.0,442.04998779296875,68400
2014-04-30,364.94573974609375,432.0249938964844,435.5,423.67498779296875,431.0,72960
2014-05-02,361.4823303222656,427.92498779296875,436.20001220703125,425.0,430.0,39354
2014-05-05,363.4886169433594,430.29998779296875,436.0,423.6499938964844,423.6499938964844,60912
2014-05-06,359.18048095703125,425.20001220703125,434.8999938964844,422.6000061035156,428.2749938964844,50042
2014-05-07,362.53826904296875,429.17498779296875,432.5,421.7749938964844,421.7749938964844,64028
2014-05-08,362.6861267089844,429.3500061035156,432.67498779296875,425.0,426.25,84948
2014-05-09,360.2151794433594,426.42498779296875,432.20001220703125,424.7250061035156,427.6000061035156,152378
2014-05-12,358.6313781738281,424.54998779296875,429.25,421.7749938964844,423.54998779296875,105258
2014-05-13,369.211669921875,437.07501220703125,439.75,425.0,427.3999938964844,139330
2014-05-14,376.30743408203125,445.4750061035156,447.45001220703125,437.5,437.95001220703125,778514
2014-05-15,372.3582763671875,440.79998779296875,447.0,434.1000061035156,445.4750061035156,100596
2014-05-16,364.58673095703125,431.6000061035156,445.0,430.5,442.6000061035156,171916
2014-05-19,348.7268981933594,412.82501220703125,434.5,410.4750061035156,434.5,192606
2014-05-20,352.8661193847656,417.7250061035156,421.0,412.5,413.25,332272
2014-05-21,353.98529052734375,419.04998779296875,420.5,415.0,418.25,132094
2014-05-22,351.9579772949219,416.6499938964844,434.0,413.3500061035156,420.6000061035156,318408
2014-05-23,366.21282958984375,433.5249938964844,438.5,420.25,422.3500061035156,320388
2014-05-26,367.353271484375,434.875,448.5,425.5,441.5,476702
2014-05-27,367.9867858886719,435.625,445.0,421.0,436.75,765514
2014-05-28,372.0203857421875,440.3999938964844,450.0,434.4750061035156,440.0,364558
2014-05-29,367.1632385253906,434.6499938964844,442.3500061035156,428.0,442.3500061035156,204618
2014-05-30,372.1470642089844,440.54998779296875,442.5,433.04998779296875,434.5,151772
2014-06-02,376.45526123046875,445.6499938964844,457.5,441.67498779296875,445.5,324736
2014-06-03,379.3695983886719,449.1000061035156,454.5,441.0,446.0,139940
2014-06-04,379.66522216796875,449.45001220703125,453.2250061035156,444.20001220703125,452.4750061035156,423078
2014-06-05,377.9968566894531,447.4750061035156,451.75,445.17498779296875,445.17498779296875,92562
2014-06-06,373.7098693847656,442.3999938964844,452.20001220703125,440.25,447.4750061035156,255702
2014-06-09,372.1893310546875,440.6000061035156,443.17498779296875,440.0,441.0,174412
2014-06-10,369.9297180175781,437.92498779296875,445.5,437.125,442.5,145836
2014-06-11,409.3786926269531,484.625,494.0,436.07501220703125,436.07501220703125,1859094
2014-06-12,414.46820068359375,490.6499938964844,499.5,482.5,488.42498779296875,525960
2014-06-13,391.2803039550781,463.20001220703125,490.0,460.375,490.0,289058
2014-06-16,400.61468505859375,474.25,478.0,463.125,463.20001220703125,265432
2014-06-17,400.1077575683594,473.6499938964844,475.6499938964844,469.0,475.5,96892
2014-06-18,394.7859802246094,467.3500061035156,485.8999938964844,454.5,474.5,472860
2014-06-19,387.98583984375,459.29998779296875,471.0,456.0,470.0,83826
2014-06-20,386.8031921386719,457.8999938964844,470.0,456.0249938964844,457.79998779296875,113850
2014-06-23,393.8779296875,466.2749938964844,470.5,457.7749938964844,457.7749938964844,208798
2014-06-24,397.8692321777344,471.0,472.0,462.5249938964844,462.5249938964844,170376
2014-06-25,421.2049865722656,498.625,504.3500061035156,468.0249938964844,468.0249938964844,694676
2014-06-26,413.581298828125,489.6000061035156,498.8999938964844,487.0,498.8999938964844,189124
2014-06-27,412.29302978515625,488.07501220703125,491.5,481.25,486.2749938964844,88358
2014-06-30,425.91436767578125,504.20001220703125,512.0,485.0,485.0,316164
2014-07-01,429.20880126953125,508.1000061035156,521.5,505.0,505.0,207484
2014-07-02,435.1430969238281,515.125,519.4749755859375,508.1000061035156,512.4749755859375,562676
2014-07-03,430.1169128417969,509.17498779296875,519.8250122070312,506.25,519.8250122070312,113086
2014-07-04,428.72314453125,507.5249938964844,518.0,504.04998779296875,512.5,137362
2014-07-07,424.62615966796875,502.67498779296875,515.0,501.5,511.95001220703125,44722
2014-07-08,430.98272705078125,510.20001220703125,519.5,501.0,505.17498779296875,261308
2014-07-09,421.3739318847656,498.82501220703125,517.9500122070312,492.67498779296875,516.0,275232
2014-07-10,420.2546691894531,497.5,508.9750061035156,485.7749938964844,500.0,153424
2014-07-11,415.8409423828125,492.2749938964844,502.5,489.04998779296875,499.0,68694
2014-07-14,414.06695556640625,490.17498779296875,498.0,484.4750061035156,489.5,44728
2014-07-15,415.43975830078125,491.79998779296875,504.5,486.5,490.0,56560
2014-07-16,412.65203857421875,488.5,496.57501220703125,486.0,488.0,53042
2014-07-17,417.3825378417969,494.1000061035156,496.0,484.5,484.5,71946
2014-07-18,420.10687255859375,497.32501220703125,499.5,488.5,488.5,296974
2014-07-21,436.030029296875,516.1749877929688,517.5,495.625,495.625,156106
2014-07-22,439.4934997558594,520.2750244140625,523.0,512.5,512.5,145508
2014-07-23,446.6293029785156,522.625,525.0,507.6000061035156,515.0,142498
2014-07-24,454.85467529296875,532.25,550.0,515.0,520.0,401972
2014-07-25,458.80718994140625,536.875,545.0,525.0499877929688,534.5,139874
2014-07-28,457.6961669921875,535.5750122070312,537.5499877929688,522.5,532.5,381396
2014-07-30,475.2152099609375,556.0750122070312,558.5,531.0,531.0,349376
2014-07-31,490.7047119140625,574.2000122070312,576.9749755859375,557.0,557.0,260332
2014-08-01,491.1746826171875,574.75,580.0,561.5250244140625,565.0,224138
2014-08-04,476.3262023925781,557.375,584.0,549.0499877929688,575.0,485328
2014-08-05,482.30828857421875,564.375,569.5,542.0,557.5,111522
2014-08-06,492.0720520019531,575.7999877929688,585.5,562.875,569.0,256746
2014-08-07,490.3842468261719,573.8250122070312,584.9000244140625,570.0,584.9000244140625,77868
2014-08-08,482.8851623535156,565.0499877929688,578.7999877929688,562.5,574.0,128678
2014-08-11,493.9307861328125,577.9749755859375,582.4500122070312,565.2750244140625,565.2750244140625,245326
2014-08-12,492.43511962890625,576.2249755859375,593.0,567.5,580.0,515634
2014-08-13,484.4234619140625,566.8499755859375,581.9749755859375,553.5499877929688,576.2999877929688,292366
2014-08-14,508.8860168457031,595.4749755859375,599.5,567.5,567.5,449826
2014-08-18,542.7064208984375,635.0499877929688,637.5,600.5,600.5,285910
2014-08-19,548.43212890625,641.75,655.9249877929688,627.5,632.5,509700
2014-08-20,538.433349609375,630.0499877929688,647.0,625.625,645.25,546584
2014-08-21,532.4940185546875,623.0999755859375,634.5,619.5,631.5,343016
2014-08-22,534.0108642578125,624.875,637.0,620.0499877929688,627.2249755859375,559302
2014-08-25,522.3030395507812,611.1749877929688,626.3499755859375,606.5,622.0,244970
2014-08-26,536.9378051757812,628.2999877929688,641.9500122070312,601.6749877929688,611.0,238488
2014-08-27,538.3265991210938,629.9249877929688,644.5,624.5,634.4000244140625,474186
2014-08-28,531.0840454101562,621.4500122070312,634.7750244140625,615.0,625.0,315378
2014-09-01,539.5015869140625,631.2999877929688,640.5,614.0,614.0,124256
2014-09-02,537.1728515625,628.5750122070312,637.5,617.5,637.0,234388
2014-09-03,547.6629028320312,640.8499755859375,643.9500122070312,630.0,630.0,295162
2014-09-04,535.9979248046875,627.2000122070312,639.9500122070312,620.0,639.9500122070312,158412
2014-09-05,538.7538452148438,630.4249877929688,636.0,620.0499877929688,627.125,311856
2014-09-08,543.1122436523438,635.5250244140625,642.5,630.0,633.0,605970
2014-09-09,544.821533203125,637.5250244140625,650.0,634.6749877929688,642.3499755859375,385052
2014-09-10,558.067626953125,653.0250244140625,657.4749755859375,640.0,640.0,673542
2014-09-11,575.09521484375,672.9500122070312,687.4500122070312,655.0,655.0,452776
2014-09-12,590.3923950195312,690.8499755859375,695.0499877929688,677.4000244140625,677.8499755859375,228722
2014-09-15,624.4478149414062,730.7000122070312,737.0,685.7000122070312,691.9500122070312,369028
2014-09-16,613.743896484375,718.1749877929688,755.5499877929688,702.5499877929688,735.0,369012
2014-09-17,620.922607421875,726.5750122070312,735.0,705.5,735.0,130692
2014-09-18,604.258056640625,707.0750122070312,735.9000244140625,705.0,726.5,234548
2014-09-19,587.614990234375,687.5999755859375,716.4500122070312,676.0999755859375,716.4500122070312,356392
2014-09-22,585.13671875,684.7000122070312,697.9749755859375,676.0,697.0,160510
2014-09-23,592.3793334960938,693.1749877929688,697.5,677.0,688.0,110008
2014-09-24,594.64404296875,695.8250122070312,709.0,683.4000244140625,702.0,98588
2014-09-25,599.9210205078125,702.0,707.0,690.5,690.5,114254
2014-09-26,601.6089477539062,703.9749755859375,712.5,687.75,695.0,121966
2014-09-29,601.97216796875,704.4000244140625,716.7000122070312,696.9500122070312,697.0,216340
2014-09-30,594.81494140625,696.0250244140625,716.5499877929688,665.0,697.5,599390
2014-10-01,597.7417602539062,699.4500122070312,709.4000244140625,680.5,684.0,140890
2014-10-07,598.8743286132812,700.7750244140625,708.5,690.0250244140625,692.5,133370
2014-10-08,586.1194458007812,685.8499755859375,703.0,681.125,696.25,91568
2014-10-09,577.6376342773438,675.9249877929688,692.7000122070312,675.5,683.5999755859375,260132
2014-10-10,569.0703735351562,665.9000244140625,678.0,651.9749755859375,670.5,244760
2014-10-13,573.8988647460938,671.5499877929688,680.0999755859375,657.625,661.25,146574
2014-10-14,572.5743408203125,670.0,676.375,667.5,670.5,176492
2014-10-15,572.5743408203125,670.0,670.0,670.0,670.0,0
2014-10-16,565.652099609375,661.9000244140625,676.7249755859375,650.125,663.5250244140625,495862
2014-10-17,573.8347778320312,671.4749755859375,677.75,659.5,661.0,195014
2014-10-20,581.1415405273438,680.0250244140625,687.3499755859375,672.5499877929688,673.5,173632
2014-10-21,594.408935546875,695.5499877929688,701.25,682.5250244140625,682.5250244140625,219884
2014-10-22,600.2842407226562,702.4249877929688,714.2999877929688,690.7000122070312,698.0,118750
2014-10-27,615.068603515625,719.7249755859375,736.5,715.9749755859375,730.0,87758
2014-10-28,617.6323852539062,722.7249755859375,738.4249877929688,719.7249755859375,721.9500122070312,142900
2014-10-29,623.5076904296875,729.5999755859375,738.2999877929688,725.125,729.8499755859375,189000
2014-10-30,637.3092651367188,745.75,763.5,730.0,731.2999877929688,369978
2014-10-31,654.1019897460938,765.4000244140625,773.5250244140625,747.9749755859375,747.9749755859375,239430
2014-11-03,644.4449462890625,754.0999755859375,771.0250244140625,750.8499755859375,768.0,110236
2014-11-05,663.3101806640625,776.1749877929688,788.0,750.0,751.0,396888
2014-11-07,649.5513305664062,760.0750122070312,785.0,759.0,778.0250244140625,384674
2014-11-10,648.9317626953125,759.3499755859375,768.75,757.625,761.5,213936
2014-11-11,653.5891723632812,764.7999877929688,772.5,755.5,759.3499755859375,268280
2014-11-12,683.4357299804688,799.7249755859375,811.25,767.5499877929688,768.0,675442
2014-11-13,682.4529418945312,798.5750122070312,821.0,785.0,799.5,377754
2014-11-14,694.053955078125,812.1500244140625,834.4000244140625,806.0250244140625,809.0,412222
2014-11-17,702.4716186523438,822.0,851.9500122070312,820.0,850.0,754234
2014-11-18,711.359375,832.4000244140625,840.0,827.5,827.5,318822
2014-11-19,725.9302368164062,849.4500122070312,864.9000244140625,837.0499877929688,837.5,591780
2014-11-20,714.6495361328125,836.25,858.8499755859375,825.5,854.0,147370
2014-11-21,715.205078125,836.9000244140625,842.4000244140625,830.0,841.4749755859375,207384
2014-11-24,706.1250610351562,826.2750244140625,847.5,825.0,842.0,149238
2014-11-25,679.0559692382812,794.5999755859375,833.5,781.0,826.2750244140625,283204
2014-11-26,705.911376953125,826.0250244140625,829.5,786.6500244140625,787.0,412732
2014-11-27,718.5166015625,840.7750244140625,843.5,821.0499877929688,821.0499877929688,190574
2014-11-28,704.1593627929688,823.9749755859375,848.4500122070312,810.8250122070312,848.4500122070312,231194
2014-12-01,720.7811889648438,843.4249877929688,850.0,820.0999755859375,825.0,178090
2014-12-02,745.9488525390625,872.875,875.0,841.5,841.5,399832
2014-12-03,769.4713745117188,900.4000244140625,912.5,879.9749755859375,880.0,415778
2014-12-04,783.8284301757812,917.2000122070312,920.5,897.5250244140625,902.5,272872
2014-12-05,767.2069091796875,897.75,928.2999877929688,895.0,920.0,159490
2014-12-08,765.0701904296875,895.25,919.0499877929688,890.0,902.0,103788
2014-12-09,766.37353515625,896.7750244140625,902.9500122070312,876.875,889.5,154900
2014-12-10,768.12548828125,898.8250122070312,905.0,887.5499877929688,900.0,82804
2014-12-11,752.1873168945312,880.1749877929688,912.125,878.0,899.9500122070312,173122
2014-12-12,767.3989868164062,897.9749755859375,901.25,888.0,896.9000244140625,218788
2014-12-15,763.8524780273438,893.8250122070312,906.4249877929688,890.5,890.5,145204
2014-12-16,742.65869140625,869.0250244140625,898.4500122070312,863.625,887.5,248326
2014-12-17,719.1362915039062,841.5,875.0,835.0,861.5,470106
2014-12-18,744.431884765625,871.0999755859375,879.7000122070312,855.7249755859375,857.5,259612
2014-12-19,736.5482177734375,861.875,883.9000244140625,855.2000122070312,875.5499877929688,148156
2014-12-22,764.1729736328125,894.2000122070312,902.5,867.0,867.0,373956
2014-12-23,753.7897338867188,882.0499877929688,910.0,875.5,903.0,152494
2014-12-24,750.072265625,877.7000122070312,892.5,873.1500244140625,883.0,63228
2014-12-26,739.7103881835938,865.5750122070312,884.5750122070312,862.5499877929688,883.0,82978
2014-12-29,760.6691284179688,890.0999755859375,891.8499755859375,867.5,871.0,460196
2014-12-30,762.2928466796875,892.0,895.0499877929688,883.0,893.9500122070312,123560
2014-12-31,786.26416015625,920.0499877929688,932.5,887.5,897.0,573830
2015-01-01,782.5892333984375,915.75,931.5,911.625,919.2750244140625,96950
2015-01-02,802.6935424804688,939.2750244140625,942.5,919.0,921.0,308986
2015-01-05,803.2489624023438,939.9249877929688,963.4749755859375,936.1500244140625,944.5,344472
2015-01-06,804.1249389648438,940.9500122070312,955.0,925.0,942.5,228284
2015-01-07,852.7723999023438,997.875,1004.4500122070312,945.9749755859375,945.9749755859375,947474
2015-01-08,841.427734375,984.5999755859375,1008.5,981.2000122070312,1005.0499877929688,452894
2015-01-09,831.2153930664062,972.6500244140625,989.9000244140625,963.5250244140625,988.0,483074
2015-01-12,825.5324096679688,966.0,987.5,961.0,977.0,276782
2015-01-13,826.130615234375,966.7000122070312,985.0,962.75,974.0,463696
2015-01-14,831.535888671875,973.0250244140625,987.5,966.5,975.5,658212
2015-01-15,826.4511108398438,967.0750122070312,1000.0,960.5,1000.0,381804
2015-01-16,824.1222534179688,964.3499755859375,979.9249877929688,958.5,972.5,395802
2015-01-19,815.5551147460938,954.3250122070312,971.0,948.25,970.0,280876
2015-01-20,820.7254028320312,960.375,970.9500122070312,955.0,956.0,258474
2015-01-21,818.2896728515625,957.5250244140625,967.5,948.0,956.0,270598
2015-01-22,812.3504028320312,950.5750122070312,962.4500122070312,948.125,955.25,287662
2015-01-23,818.118896484375,957.3250122070312,963.5,953.0,960.0,460102
2015-01-27,817.9906616210938,957.1749877929688,970.0,952.5,965.0,227478
2015-01-28,817.7343139648438,956.875,960.2000122070312,952.5,960.0,455520
2015-01-29,815.4268798828125,954.1749877929688,962.4500122070312,950.0499877929688,962.4500122070312,177374
2015-01-30,807.1587524414062,944.5,957.5,937.5499877929688,957.5,200600
2015-02-02,811.9016723632812,950.0499877929688,955.5999755859375,944.5,944.5,324012
2015-02-03,822.2208862304688,962.125,969.0,955.3250122070312,958.5,480162
2015-02-04,809.337890625,947.0499877929688,981.8499755859375,940.5999755859375,977.5,680290
2015-02-05,791.9898071289062,926.75,953.25,923.125,952.2249755859375,306482
2015-02-06,802.9498901367188,939.5750122070312,943.5999755859375,928.5499877929688,935.0,502006
2015-02-09,804.2318725585938,941.0750122070312,957.9500122070312,932.0,936.5,686106
2015-02-10,826.0665283203125,966.625,969.5,950.9749755859375,952.0,359742
2015-02-11,824.5496215820312,964.8499755859375,968.5,953.0,968.5,390054
2015-02-12,840.7014770507812,983.75,987.5,962.5,968.7999877929688,1068302
2015-02-13,864.37353515625,1011.4500122070312,1020.0,950.0,988.0,644926
2015-02-16,869.201904296875,1017.0999755859375,1022.5,1000.0,1017.0,563458
2015-02-18,878.4314575195312,1027.9000244140625,1042.5,1004.0999755859375,1022.4749755859375,295476
2015-02-19,889.2420654296875,1040.550048828125,1049.9749755859375,1025.0,1037.5,265050
2015-02-20,896.2709350585938,1048.7750244140625,1058.5,1022.5,1041.0,332866
2015-02-23,880.3969116210938,1030.199951171875,1050.0,1022.5,1050.0,374346
2015-02-24,885.7808837890625,1036.5,1044.0,1025.5,1031.0,178172
2015-02-25,884.2425537109375,1034.699951171875,1041.4749755859375,1022.5,1040.0,355214
2015-02-26,878.3673706054688,1027.824951171875,1049.175048828125,1016.9749755859375,1035.5,345486
2015-02-27,890.2459716796875,1041.7249755859375,1053.5,1024.324951171875,1027.8499755859375,519516
2015-03-02,906.88916015625,1061.199951171875,1081.4749755859375,1028.125,1049.0,781958
2015-03-03,926.6515502929688,1084.324951171875,1094.5,1060.0,1061.0,747818
2015-03-04,919.7507934570312,1076.25,1097.5,1072.0250244140625,1088.0,455000
2015-03-05,944.6407470703125,1105.375,1123.0,1077.5,1078.0,810556
2015-03-09,939.7695922851562,1099.675048828125,1105.5,1077.875,1102.5,358904
2015-03-10,921.2677001953125,1078.0250244140625,1106.0999755859375,1058.25,1105.0,313578
2015-03-11,920.8189086914062,1077.5,1100.5,1070.0,1081.5,198510
2015-03-12,938.615478515625,1098.324951171875,1107.5,1079.550048828125,1081.0,504848
2015-03-13,921.6522827148438,1078.4749755859375,1108.324951171875,1071.0999755859375,1102.0,218480
2015-03-16,918.8960571289062,1075.25,1084.9000244140625,1062.5250244140625,1082.0,145822
2015-03-17,936.18017578125,1095.4749755859375,1109.4000244140625,1077.5,1085.0,421918
2015-03-18,938.615478515625,1098.324951171875,1125.0,1092.5,1100.0,494498
2015-03-19,943.1024169921875,1103.574951171875,1119.8499755859375,1075.0,1104.949951171875,325996
2015-03-20,911.61083984375,1066.7249755859375,1119.5,1040.175048828125,1119.5,1115574
2015-03-23,898.4713745117188,1051.3499755859375,1069.5,1040.5,1069.5,101134
2015-03-24,918.1483154296875,1074.375,1079.125,1052.5,1052.5,207346
2015-03-25,923.5324096679688,1080.675048828125,1085.0,1052.9000244140625,1052.9000244140625,251918
2015-03-26,937.3981323242188,1096.9000244140625,1105.0,1072.5,1083.324951171875,311924
2015-03-27,920.3916015625,1077.0,1104.0,1040.0,1104.0,350044
2015-03-30,923.8739624023438,1081.074951171875,1087.5250244140625,1055.0,1086.5,308498
2015-03-31,922.3358154296875,1079.2750244140625,1087.0,1075.0,1087.0,188924
2015-04-01,930.4544067382812,1088.7750244140625,1107.6500244140625,1070.675048828125,1077.75,491816
2015-04-06,947.18310546875,1108.3499755859375,1110.0,1080.050048828125,1080.050048828125,317168
2015-04-07,965.3004150390625,1129.550048828125,1149.5,1089.875,1109.9000244140625,317256
2015-04-08,965.1507568359375,1129.375,1149.75,1126.199951171875,1137.5,277230
2015-04-09,973.3333740234375,1138.949951171875,1149.5250244140625,1110.9000244140625,1137.0,329644
2015-04-10,973.3333740234375,1138.949951171875,1145.25,1130.0,1139.0,306598
2015-04-13,987.135009765625,1155.0999755859375,1160.0,1134.7750244140625,1138.949951171875,554704
2015-04-15,1001.8125610351562,1172.2750244140625,1188.9000244140625,1158.0,1161.4000244140625,414936
2015-04-16,995.2321166992188,1164.574951171875,1187.5,1145.125,1187.0,323720
2015-04-17,982.3279418945312,1149.4749755859375,1164.0,1147.5,1164.0,227748
2015-04-20,927.228271484375,1085.0,1165.0,1075.0,1165.0,524974
2015-04-21,884.2853393554688,1034.75,1094.8499755859375,1017.75,1085.0,477392
2015-04-22,882.8965454101562,1033.125,1059.9749755859375,1023.25,1034.75,566608
2015-04-23,919.3876953125,1075.824951171875,1081.0,1036.25,1036.25,321414
2015-04-24,914.281494140625,1069.8499755859375,1090.925048828125,1057.824951171875,1085.0,382882
2015-04-27,885.1400146484375,1035.75,1072.5,1003.25,1072.5,192502
2015-04-28,895.2027587890625,1047.5250244140625,1065.0,1023.2750244140625,1040.5,315738
2015-04-29,919.3662719726562,1075.800048828125,1084.2249755859375,1042.5,1048.0,201080
2015-04-30,939.1287231445312,1098.925048828125,1107.5,1074.5,1074.5,302576
2015-05-04,960.7282104492188,1124.199951171875,1130.0,1101.0,1104.0,119988
2015-05-05,1001.9834594726562,1172.4749755859375,1187.199951171875,1124.949951171875,1125.0,172740
2015-05-06,960.2582397460938,1123.6500244140625,1202.5,1117.550048828125,1178.0,448292
2015-05-07,955.57958984375,1118.175048828125,1144.9000244140625,1095.324951171875,1122.5,222604
2015-05-08,941.5,1101.699951171875,1149.0,1098.3499755859375,1123.5,187348
2015-05-11,975.5980224609375,1141.5999755859375,1149.5,1104.574951171875,1115.0,305220
2015-05-12,970.9833984375,1136.199951171875,1142.5,1124.0,1142.5,103266
2015-05-13,975.3417358398438,1141.300048828125,1155.0,1127.050048828125,1155.0,191092
2015-05-14,964.958740234375,1129.1500244140625,1157.5,1118.0,1141.550048828125,102350
2015-05-15,967.351318359375,1131.949951171875,1150.0,1125.5250244140625,1137.5,191820
2015-05-18,980.1488037109375,1146.925048828125,1150.0,1130.2249755859375,1137.0,105844
2015-05-19,993.3521728515625,1162.375,1169.4749755859375,1148.0,1150.5,157598
2015-05-20,996.4713745117188,1166.0250244140625,1181.550048828125,1160.074951171875,1168.0,514710
2015-05-21,977.5850219726562,1143.925048828125,1188.6500244140625,1136.0,1177.925048828125,326320
2015-05-22,1038.6881103515625,1215.425048828125,1277.324951171875,1187.5,1198.5,1571302
2015-05-25,1071.2265625,1253.5,1264.449951171875,1220.0,1224.875,489642
2015-05-26,1074.0679931640625,1256.824951171875,1274.5,1245.0,1255.5,260620
2015-05-27,1101.884765625,1289.375,1299.0,1250.0,1260.0,564436
2015-05-28,1135.4276123046875,1328.625,1334.0,1294.0,1295.0,978656
2015-05-29,1087.3355712890625,1272.3499755859375,1343.0,1260.0,1334.5,907876
2015-06-01,1097.2486572265625,1283.949951171875,1302.5,1252.3499755859375,1280.0,375124
2015-06-02,1072.123779296875,1254.550048828125,1298.25,1250.550048828125,1285.5,237394
2015-06-03,1073.192138671875,1255.800048828125,1266.0,1212.0,1257.5,370034
2015-06-04,1102.5902099609375,1290.199951171875,1297.4000244140625,1255.0,1266.0,441296
2015-06-05,1157.732177734375,1354.7249755859375,1362.5,1292.5,1295.199951171875,932490
2015-06-08,1129.7445068359375,1321.9749755859375,1372.0,1314.5,1367.050048828125,471082
2015-06-09,1109.939453125,1298.800048828125,1357.8499755859375,1288.300048828125,1332.449951171875,605606
2015-06-10,1109.8326416015625,1298.675048828125,1323.5,1290.25,1304.5,330546
2015-06-11,1112.0972900390625,1301.324951171875,1325.949951171875,1292.8499755859375,1314.5,446172
2015-06-12,1113.3150634765625,1302.75,1315.0,1297.4000244140625,1303.3499755859375,303638
2015-06-15,1120.856689453125,1311.574951171875,1321.5,1291.425048828125,1314.875,251662
2015-06-16,1115.94287109375,1305.824951171875,1318.925048828125,1294.300048828125,1311.5,305576
2015-06-17,1178.648193359375,1379.199951171875,1390.949951171875,1306.0,1310.0,790966
2015-06-18,1146.986083984375,1342.1500244140625,1387.3499755859375,1335.0,1376.0,442232
2015-06-19,1156.0233154296875,1352.7249755859375,1373.0250244140625,1340.699951171875,1350.0,334980
2015-06-22,1189.458740234375,1391.8499755859375,1398.875,1350.375,1370.0,426056
2015-06-23,1170.2305908203125,1369.3499755859375,1405.0,1365.0,1400.050048828125,354754
2015-06-24,1150.5538330078125,1346.324951171875,1375.875,1340.0,1373.9749755859375,306668
2015-06-25,1150.959716796875,1346.800048828125,1354.300048828125,1335.0,1341.0,262836
2015-06-26,1172.452392578125,1371.949951171875,1376.0,1333.574951171875,1349.0,284940
2015-06-29,1153.843994140625,1350.175048828125,1364.3499755859375,1325.0,1364.3499755859375,242540
2015-06-30,1180.592529296875,1381.4749755859375,1391.824951171875,1352.5,1352.5,444210
2015-07-01,1167.1754150390625,1365.7750244140625,1396.0,1360.0,1380.0,395924
2015-07-02,1173.4566650390625,1373.125,1385.5,1366.0,1375.0,302944
2015-07-03,1183.9041748046875,1385.3499755859375,1394.800048828125,1374.5,1384.5,315626
2015-07-06,1190.2921142578125,1392.824951171875,1413.5,1360.5,1360.5,553796
2015-07-07,1191.0826416015625,1393.75,1414.800048828125,1384.5,1397.0,311292
2015-07-08,1192.962646484375,1395.949951171875,1404.25,1382.5,1389.5,309242
2015-07-09,1206.635986328125,1411.949951171875,1415.0,1396.199951171875,1402.0,304796
2015-07-10,1213.1097412109375,1419.5250244140625,1427.5,1412.7750244140625,1415.75,289170
2015-07-13,1215.9085693359375,1422.800048828125,1432.5,1414.0,1419.5,209016
2015-07-14,1209.7979736328125,1415.6500244140625,1428.5,1409.75,1422.5,189856
2015-07-15,1210.4815673828125,1416.449951171875,1425.5,1411.550048828125,1420.5,139626
2015-07-16,1214.4130859375,1421.050048828125,1428.0,1416.0,1425.0,212830
2015-07-17,1229.9449462890625,1439.2249755859375,1462.0,1418.4000244140625,1426.75,318050
2015-07-20,1231.419189453125,1440.949951171875,1450.0,1437.0,1439.2249755859375,417282
2015-07-21,1228.534912109375,1437.574951171875,1448.5,1423.449951171875,1448.5,453338
2015-07-22,1220.7369384765625,1428.449951171875,1438.9000244140625,1424.9749755859375,1433.5,347626
2015-07-23,1217.8099365234375,1425.0250244140625,1448.5,1420.8499755859375,1433.8499755859375,209390
2015-07-24,1237.0594482421875,1447.550048828125,1456.8499755859375,1408.550048828125,1437.5,299886
2015-07-27,1259.7889404296875,1466.0,1478.5,1437.0250244140625,1448.5,494314
2015-07-28,1278.7156982421875,1488.0250244140625,1501.949951171875,1470.5999755859375,1474.5,472496
2015-07-29,1275.364501953125,1484.125,1504.5,1476.0,1490.5,256804
2015-07-30,1317.278564453125,1532.9000244140625,1542.449951171875,1480.625,1484.0,412304
2015-07-31,1355.025146484375,1576.824951171875,1622.75,1540.0,1544.0,897048
2015-08-03,1347.806640625,1568.425048828125,1591.9000244140625,1537.5,1588.0,370352
2015-08-04,1364.477783203125,1587.824951171875,1617.5,1566.5,1576.0,1781684
2015-08-05,1356.1636962890625,1578.1500244140625,1614.0999755859375,1573.6500244140625,1609.425048828125,654644
2015-08-06,1349.0526123046875,1569.875,1592.5,1548.0,1592.5,449868
2015-08-07,1376.100341796875,1601.3499755859375,1613.824951171875,1572.75,1572.75,673756
2015-08-10,1423.9439697265625,1657.0250244140625,1672.5,1603.9749755859375,1604.75,1294372
2015-08-11,1446.6517333984375,1683.449951171875,1692.5,1655.0,1672.5,888330
2015-08-12,1446.6517333984375,1683.449951171875,1683.449951171875,1683.449951171875,1683.449951171875,0
2015-08-13,1460.3797607421875,1699.425048828125,1717.0999755859375,1665.050048828125,1670.0,720138
2015-08-14,1436.7052001953125,1671.875,1691.050048828125,1635.949951171875,1672.5,705272
2015-08-17,1416.2958984375,1648.125,1668.449951171875,1642.625,1668.449951171875,365490
2015-08-18,1424.996826171875,1658.25,1669.9000244140625,1648.0,1659.949951171875,186526
2015-08-19,1415.1357421875,1646.7750244140625,1674.199951171875,1643.1500244140625,1662.5,206312
2015-08-20,1385.4239501953125,1612.199951171875,1651.6500244140625,1607.5,1636.0,276582
2015-08-21,1374.6610107421875,1599.675048828125,1608.449951171875,1562.5,1605.0,327224
2015-08-24,1289.97314453125,1501.125,1574.5,1471.0,1574.5,818782
2015-08-25,1279.0809326171875,1488.449951171875,1524.4749755859375,1395.0,1503.0,833038
2015-08-26,1237.746826171875,1440.3499755859375,1517.074951171875,1430.050048828125,1487.550048828125,525866
2015-08-27,1264.214599609375,1471.1500244140625,1499.5,1445.25,1465.0,659924
2015-08-28,1277.7489013671875,1486.9000244140625,1525.0,1475.0,1483.0,501436
2015-08-31,1258.9083251953125,1464.9749755859375,1491.0999755859375,1451.25,1489.5,247434
2015-09-01,1255.0196533203125,1460.449951171875,1485.0,1440.0,1450.0,438396
2015-09-02,1281.809326171875,1491.625,1507.5,1462.925048828125,1474.0,434290
2015-09-03,1292.4649658203125,1504.0250244140625,1541.199951171875,1498.0,1519.5,560862
2015-09-04,1283.95751953125,1494.125,1508.449951171875,1470.375,1501.5,289078
2015-09-07,1244.92236328125,1448.699951171875,1505.5999755859375,1444.0,1495.0,263132
2015-09-08,1221.67724609375,1421.6500244140625,1467.699951171875,1382.5,1448.75,396490
2015-09-09,1237.4248046875,1439.9749755859375,1457.199951171875,1422.5,1450.0,282108
2015-09-10,1230.7432861328125,1432.199951171875,1448.0,1400.0,1435.0,270602
2015-09-11,1269.1773681640625,1476.925048828125,1488.25,1435.4000244140625,1444.3499755859375,325902
2015-09-14,1285.2467041015625,1495.625,1513.3499755859375,1480.0,1487.5,327416
2015-09-15,1321.2099609375,1537.4749755859375,1543.0,1500.0,1500.0,538534
2015-09-16,1293.9261474609375,1505.7249755859375,1572.5,1499.125,1550.949951171875,567266
2015-09-18,1288.1041259765625,1498.949951171875,1525.0,1494.5,1524.324951171875,307558
2015-09-21,1287.1160888671875,1497.800048828125,1506.0,1476.0,1499.5,212300
2015-09-22,1246.25439453125,1450.25,1515.25,1440.5,1511.75,465828
2015-09-23,1239.8951416015625,1442.8499755859375,1459.050048828125,1425.0,1441.4749755859375,368810
2015-09-24,1241.2701416015625,1444.449951171875,1459.9000244140625,1432.5,1445.0,445430
2015-09-28,1255.084228515625,1460.5250244140625,1475.0,1442.800048828125,1447.0,253704
2015-09-29,1276.4598388671875,1485.4000244140625,1491.9000244140625,1425.050048828125,1447.0,389158
2015-09-30,1324.2391357421875,1541.0,1557.0,1492.5,1499.5,611132
2015-10-01,1341.7698974609375,1561.4000244140625,1574.9000244140625,1550.5,1554.875,481470
2015-10-05,1380.80517578125,1606.824951171875,1614.5,1571.875,1575.5,642062
2015-10-06,1398.314208984375,1627.199951171875,1634.9749755859375,1606.824951171875,1615.949951171875,379552
2015-10-07,1390.4296875,1618.0250244140625,1650.0,1608.300048828125,1630.0999755859375,339762
2015-10-08,1403.6204833984375,1633.375,1641.875,1605.625,1619.699951171875,215532
2015-10-09,1385.2950439453125,1612.050048828125,1648.8499755859375,1605.699951171875,1640.0,153016
2015-10-12,1362.2435302734375,1585.2249755859375,1629.0,1578.324951171875,1625.0,218726
2015-10-13,1338.4398193359375,1557.5250244140625,1597.425048828125,1541.75,1597.425048828125,420724
2015-10-14,1366.9483642578125,1590.699951171875,1599.675048828125,1549.324951171875,1555.0,279654
2015-10-15,1365.7666015625,1589.324951171875,1599.625,1575.625,1599.625,201796
2015-10-16,1389.119384765625,1616.5,1624.0,1586.6500244140625,1597.5250244140625,367838
2015-10-19,1419.6259765625,1652.0,1655.300048828125,1620.050048828125,1624.9749755859375,711934
2015-10-20,1417.9283447265625,1650.0250244140625,1663.2249755859375,1637.9749755859375,1662.4749755859375,423184
2015-10-21,1412.1708984375,1643.324951171875,1656.199951171875,1638.0,1652.5,355418
2015-10-23,1394.8984375,1623.2249755859375,1650.0,1619.1500244140625,1650.0,199956
2015-10-26,1376.4010009765625,1601.699951171875,1625.0,1592.875,1620.0,297962
2015-10-27,1368.1512451171875,1592.0999755859375,1619.199951171875,1587.800048828125,1604.9749755859375,308446
2015-10-28,1371.9541015625,1596.5250244140625,1612.0,1572.5,1572.5,304410
2015-10-29,1370.7078857421875,1595.074951171875,1610.0,1586.199951171875,1590.0999755859375,370816
2015-10-30,1388.6466064453125,1615.949951171875,1627.699951171875,1586.625,1594.5999755859375,310486
2015-11-02,1369.161376953125,1593.2750244140625,1619.5,1580.175048828125,1611.8499755859375,288336
2015-11-03,1365.2081298828125,1588.675048828125,1611.0,1581.0,1607.0,197504
2015-11-04,1366.8836669921875,1590.625,1598.1500244140625,1576.9000244140625,1590.0,219050
2015-11-05,1365.831298828125,1589.4000244140625,1610.0,1577.8499755859375,1592.3499755859375,231464
2015-11-06,1344.8634033203125,1565.0,1611.7750244140625,1542.75,1595.0,248556
2015-11-09,1308.148193359375,1522.2750244140625,1572.5,1517.5,1537.5,601312
2015-11-10,1304.195068359375,1517.675048828125,1548.0,1508.050048828125,1515.0,301770
2015-11-13,1250.937744140625,1455.699951171875,1519.5,1450.699951171875,1519.5,548758
2015-11-16,1222.8802490234375,1423.050048828125,1450.0,1414.5,1445.0,685846
2015-11-17,1236.629638671875,1439.050048828125,1451.425048828125,1426.5,1426.5,362128
2015-11-18,1228.1654052734375,1429.199951171875,1453.4000244140625,1422.4749755859375,1440.0,315842
2015-11-19,1265.159912109375,1472.25,1477.0,1432.5,1439.0,317122
2015-11-20,1274.8919677734375,1483.574951171875,1504.5,1473.0250244140625,1483.949951171875,282258
2015-11-23,1280.5633544921875,1490.175048828125,1498.375,1486.0,1487.5,161994
2015-11-24,1263.6988525390625,1470.550048828125,1492.5,1456.875,1487.5,311806
2015-11-26,1246.4051513671875,1450.425048828125,1495.949951171875,1441.2750244140625,1470.0,495604
2015-11-27,1257.9627685546875,1463.875,1469.0,1448.25,1457.5,202562
2015-11-30,1254.6328125,1460.0,1472.5,1447.5,1462.0,232868
2015-12-01,1276.7392578125,1485.7249755859375,1492.5,1451.5250244140625,1463.050048828125,324792
2015-12-02,1271.884033203125,1480.074951171875,1492.0,1471.0250244140625,1492.0,107428
2015-12-03,1259.7244873046875,1465.925048828125,1489.7249755859375,1463.25,1477.5,143216
2015-12-04,1261.4862060546875,1467.9749755859375,1478.949951171875,1457.0,1465.0,149132
2015-12-07,1238.2196044921875,1440.9000244140625,1467.9749755859375,1436.425048828125,1467.9749755859375,218664
2015-12-08,1236.715576171875,1439.1500244140625,1454.6500244140625,1427.550048828125,1435.0,241836
2015-12-09,1201.9769287109375,1398.7249755859375,1435.699951171875,1393.0,1435.050048828125,245650
2015-12-10,1231.624267578125,1433.2249755859375,1444.8499755859375,1360.5250244140625,1400.0,578630
2015-12-11,1194.822998046875,1390.4000244140625,1440.449951171875,1381.75,1433.2249755859375,445344
2015-12-14,1215.1033935546875,1414.0,1423.5,1372.4000244140625,1381.5,301034
2015-12-15,1237.4677734375,1440.0250244140625,1443.0,1411.574951171875,1415.0,228250
2015-12-16,1209.088134765625,1407.0,1447.5,1404.0250244140625,1442.3499755859375,290938
2015-12-17,1250.6585693359375,1455.375,1459.5,1405.5,1420.0,333382
2015-12-18,1241.87158203125,1445.1500244140625,1474.25,1438.9749755859375,1450.5,318944
2015-12-21,1264.515380859375,1471.5,1475.0,1441.0,1443.5,211700
2015-12-22,1253.301025390625,1458.449951171875,1481.5,1455.8499755859375,1475.0,196708
2015-12-23,1244.4283447265625,1448.125,1473.25,1444.2750244140625,1462.574951171875,193708
2015-12-24,1250.6370849609375,1455.3499755859375,1464.0,1440.449951171875,1463.5,163944
2015-12-28,1247.9088134765625,1452.175048828125,1462.5,1449.75,1456.0,174490
2015-12-29,1279.4676513671875,1488.9000244140625,1492.75,1455.0,1455.050048828125,313522
2015-12-30,1278.7374267578125,1488.050048828125,1498.0,1480.7750244140625,1495.0,169640
2015-12-31,1274.5267333984375,1483.1500244140625,1506.5,1474.0250244140625,1492.5,480318
2016-01-01,1283.1629638671875,1493.199951171875,1501.675048828125,1481.199951171875,1481.199951171875,129486
2016-01-04,1277.233642578125,1486.300048828125,1502.2249755859375,1476.0,1490.0,253614
2016-01-05,1274.6982421875,1483.3499755859375,1496.2750244140625,1475.1500244140625,1488.550048828125,228500
2016-01-06,1289.73681640625,1500.8499755859375,1503.0,1476.5,1476.5,267276
2016-01-07,1266.040771484375,1473.2750244140625,1497.425048828125,1455.5250244140625,1495.0,298800
2016-01-08,1247.02783203125,1451.1500244140625,1484.0,1440.949951171875,1473.5,333412
2016-01-11,1254.332275390625,1459.6500244140625,1464.5,1420.574951171875,1445.050048828125,264812
2016-01-12,1261.7655029296875,1468.300048828125,1493.699951171875,1450.5,1460.0,357368
2016-01-13,1248.2738037109375,1452.5999755859375,1480.7249755859375,1433.2750244140625,1470.0999755859375,509212
2016-01-14,1245.00830078125,1448.800048828125,1457.5,1420.550048828125,1444.9749755859375,279524
2016-01-15,1228.487548828125,1429.574951171875,1467.0,1425.25,1454.949951171875,266612
2016-01-18,1188.1632080078125,1382.6500244140625,1435.0,1372.800048828125,1425.0,422410
2016-01-19,1174.28466796875,1366.5,1380.074951171875,1361.5250244140625,1375.0,296504
2016-01-20,1151.3834228515625,1339.8499755859375,1360.0,1302.5,1359.925048828125,547548
2016-01-21,1125.603515625,1309.8499755859375,1364.5250244140625,1302.675048828125,1358.5,509584
2016-01-22,1123.970458984375,1307.949951171875,1330.0,1301.199951171875,1325.0,544196
2016-01-25,1118.2559814453125,1301.300048828125,1324.5,1294.375,1316.3499755859375,497200
2016-01-27,1138.4718017578125,1324.824951171875,1327.5,1300.449951171875,1306.0,912516
2016-01-28,1147.3233642578125,1335.125,1348.9749755859375,1321.7750244140625,1335.0,700714
2016-01-29,1155.57275390625,1344.7249755859375,1348.5,1338.5,1342.5,389020
2016-02-01,1203.2874755859375,1400.25,1407.5,1349.625,1355.0,696656
2016-02-02,1200.0006103515625,1396.425048828125,1437.75,1385.550048828125,1401.6500244140625,642304
2016-02-03,1215.124755859375,1414.0250244140625,1427.4000244140625,1363.2750244140625,1390.0,500410
2016-02-04,1227.2630615234375,1428.1500244140625,1439.8499755859375,1407.5,1424.0,762508
2016-02-05,1229.927001953125,1431.25,1435.9749755859375,1407.5,1428.074951171875,518808
2016-02-08,1226.7042236328125,1427.5,1476.675048828125,1421.925048828125,1432.75,388862
2016-02-09,1195.8114013671875,1391.550048828125,1445.0,1380.0,1421.0,498770
2016-02-10,1169.558349609375,1361.0,1435.0,1343.8499755859375,1420.0,687422
2016-02-11,1131.74755859375,1317.0,1364.875,1305.550048828125,1350.0,583352
2016-02-12,1106.3973388671875,1287.5,1328.949951171875,1252.5250244140625,1325.0,713848
2016-02-15,1145.4541015625,1332.949951171875,1355.0,1286.0,1302.5,710510
2016-02-16,1128.267333984375,1312.949951171875,1345.0,1305.25,1327.550048828125,315378
2016-02-17,1139.56787109375,1326.0999755859375,1331.5,1272.5999755859375,1322.5,254606
2016-02-18,1183.0931396484375,1376.75,1383.824951171875,1334.199951171875,1334.199951171875,390156
2016-02-19,1170.63232421875,1362.25,1381.5,1352.7750244140625,1381.5,254268
2016-02-22,1202.7933349609375,1399.675048828125,1400.5,1354.5,1354.5,704004
2016-02-23,1204.0394287109375,1401.125,1409.0,1387.5,1397.550048828125,331174
2016-02-24,1183.0498046875,1376.699951171875,1403.949951171875,1368.300048828125,1401.5,419472
2016-02-25,1154.0687255859375,1342.9749755859375,1386.8499755859375,1336.125,1377.5,442200
2016-02-26,1165.4552001953125,1356.2249755859375,1365.25,1337.050048828125,1346.5,431106
2016-02-29,1184.2745361328125,1378.125,1414.0,1320.0,1361.0,364926
2016-03-01,1220.9898681640625,1420.8499755859375,1422.5,1378.0,1378.0,329542
2016-03-02,1230.0775146484375,1431.425048828125,1457.25,1422.1500244140625,1425.5,320220
2016-03-03,1221.0543212890625,1420.925048828125,1446.4000244140625,1416.0,1439.0,258812
2016-03-04,1226.7904052734375,1427.5999755859375,1438.4749755859375,1421.0,1432.0,172662
2016-03-08,1211.2578125,1409.5250244140625,1442.425048828125,1375.0,1425.0,382152
2016-03-09,1219.314208984375,1418.9000244140625,1428.0,1392.5,1404.9749755859375,307366
2016-03-10,1217.9605712890625,1417.324951171875,1429.0,1400.0,1415.0,294114
2016-03-11,1209.990478515625,1408.050048828125,1423.2249755859375,1404.5,1420.3499755859375,143186
2016-03-14,1212.976318359375,1411.5250244140625,1430.0,1407.5,1416.0,224718
2016-03-15,1185.3489990234375,1379.375,1410.925048828125,1375.4749755859375,1400.125,153938
2016-03-16,1168.8280029296875,1360.1500244140625,1378.0,1337.074951171875,1370.050048828125,479506
2016-03-17,1159.0745849609375,1348.800048828125,1370.050048828125,1344.0,1370.0,268306
2016-03-18,1154.004150390625,1342.9000244140625,1357.5,1335.125,1349.5,241694
2016-03-21,1175.1226806640625,1367.4749755859375,1374.5,1345.5,1345.5,198826
2016-03-22,1182.2337646484375,1375.75,1389.949951171875,1362.5,1368.0,241612
2016-03-23,1170.976318359375,1362.6500244140625,1381.050048828125,1352.6500244140625,1377.574951171875,216966
2016-03-28,1128.1383056640625,1312.800048828125,1380.0,1300.625,1372.7750244140625,564336
2016-03-29,1109.898681640625,1291.574951171875,1312.5,1259.5250244140625,1307.5,391994
2016-03-30,1133.68115234375,1319.25,1324.5,1295.074951171875,1309.75,523354
2016-03-31,1154.3052978515625,1343.25,1352.449951171875,1307.75,1312.699951171875,692926
2016-04-01,1151.1041259765625,1339.5250244140625,1358.949951171875,1330.75,1330.75,353070
2016-04-04,1142.5751953125,1329.5999755859375,1351.7750244140625,1325.0,1350.0,368804
2016-04-05,1134.9058837890625,1320.675048828125,1328.125,1303.574951171875,1325.0,428202
2016-04-06,1163.1995849609375,1353.5999755859375,1361.9749755859375,1320.675048828125,1320.675048828125,967300
2016-04-07,1160.5997314453125,1350.574951171875,1360.5250244140625,1339.550048828125,1355.050048828125,204214
2016-04-08,1154.43408203125,1343.4000244140625,1357.75,1340.550048828125,1345.5,276712
2016-04-11,1141.6085205078125,1328.4749755859375,1353.824951171875,1322.5,1348.4000244140625,430044
2016-04-12,1162.5765380859375,1352.875,1369.199951171875,1325.0999755859375,1342.5,705890
2016-04-13,1186.358642578125,1380.550048828125,1392.5,1354.300048828125,1354.300048828125,520830
2016-04-18,1224.8353271484375,1425.324951171875,1428.0,1385.25,1385.25,617242
2016-04-20,1222.53662109375,1422.6500244140625,1443.925048828125,1413.75,1422.5,626888
2016-04-21,1197.852294921875,1393.925048828125,1435.0,1390.0,1423.8499755859375,355374
2016-04-22,1212.783203125,1411.300048828125,1415.0,1394.375,1396.5,289744
2016-04-25,1210.420166015625,1408.550048828125,1418.5,1400.0,1406.5,342514
2016-04-26,1219.099365234375,1418.6500244140625,1424.0,1398.0999755859375,1410.0250244140625,271578
2016-04-27,1229.4542236328125,1430.699951171875,1437.9749755859375,1415.300048828125,1415.300048828125,334868
2016-04-28,1214.0506591796875,1412.7750244140625,1459.0,1406.0,1437.5,808750
2016-04-29,1229.969970703125,1431.300048828125,1448.0,1413.0,1413.5,282588
2016-05-02,1228.1654052734375,1429.199951171875,1435.9749755859375,1417.5,1428.0,148644
2016-05-03,1223.3101806640625,1423.550048828125,1449.949951171875,1417.5,1430.699951171875,439892
2016-05-04,1210.6993408203125,1408.875,1428.949951171875,1401.9749755859375,1423.5,228920
2016-05-05,1212.2889404296875,1410.7249755859375,1426.0,1405.050048828125,1408.5,113140
2016-05-06,1210.5059814453125,1408.6500244140625,1423.5,1406.0,1414.0,127562
2016-05-09,1208.98046875,1406.875,1419.5,1400.0,1419.5,560452
2016-05-10,1212.0526123046875,1410.449951171875,1431.5,1407.550048828125,1407.550048828125,231398
2016-05-11,1223.460205078125,1423.7249755859375,1429.449951171875,1395.4749755859375,1405.0,196196
2016-05-12,1261.700927734375,1468.2249755859375,1475.0,1420.0,1433.5,519274
2016-05-13,1269.24169921875,1477.0,1488.5,1462.800048828125,1467.5,539448
2016-05-16,1261.3140869140625,1467.7750244140625,1489.4749755859375,1451.5999755859375,1482.0,292496
2016-05-17,1291.43408203125,1502.824951171875,1508.949951171875,1471.0999755859375,1471.0999755859375,471342
2016-05-18,1276.8038330078125,1485.800048828125,1502.0,1484.0,1501.9749755859375,362640
2016-05-19,1287.2664794921875,1497.9749755859375,1507.5,1488.050048828125,1489.9749755859375,313492
2016-05-20,1259.2303466796875,1465.3499755859375,1517.5250244140625,1455.0,1504.949951171875,404474
2016-05-23,1152.58642578125,1341.25,1425.0,1330.5,1425.0,1521808
2016-05-24,1140.3626708984375,1327.0250244140625,1375.0,1305.0,1341.25,1125678
2016-05-25,1182.2122802734375,1375.7249755859375,1382.5,1328.75,1330.3499755859375,708388
2016-05-26,1179.1832275390625,1372.199951171875,1397.5,1364.0250244140625,1378.4000244140625,719338
2016-05-27,1168.3984375,1359.6500244140625,1380.925048828125,1350.550048828125,1379.5,1026142
2016-05-30,1179.89208984375,1373.0250244140625,1379.0,1360.0,1360.0,221882
2016-05-31,1162.769775390625,1353.0999755859375,1379.5,1345.4749755859375,1374.0,548766
2016-06-01,1188.0772705078125,1382.550048828125,1396.199951171875,1362.5999755859375,1370.0,961922
2016-06-02,1202.85791015625,1399.75,1411.1500244140625,1380.2750244140625,1384.9749755859375,372480
2016-06-03,1187.3253173828125,1381.675048828125,1402.300048828125,1378.0250244140625,1400.0,333634
2016-06-06,1191.8367919921875,1386.925048828125,1394.25,1367.574951171875,1382.5,204054
2016-06-07,1200.98876953125,1397.574951171875,1405.0,1388.5,1388.5,803048
2016-06-08,1190.3544921875,1385.199951171875,1403.5,1380.0250244140625,1390.074951171875,260920
2016-06-09,1186.423095703125,1380.625,1397.75,1376.0250244140625,1385.0,394974
2016-06-10,1172.6734619140625,1364.625,1387.0,1362.0250244140625,1387.0,184010
2016-06-13,1150.7392578125,1339.0999755859375,1358.0,1330.0,1358.0,222102
2016-06-14,1152.0064697265625,1340.574951171875,1348.25,1333.75,1338.0,216544
2016-06-15,1152.6295166015625,1341.300048828125,1349.5,1335.625,1349.5,219818
2016-06-16,1154.47705078125,1343.449951171875,1348.0999755859375,1336.0250244140625,1340.0,201042
2016-06-17,1134.1536865234375,1319.800048828125,1349.25,1318.4000244140625,1345.0,570482
2016-06-20,1126.677490234375,1311.0999755859375,1316.0,1293.75,1312.5,361262
2016-06-21,1102.0360107421875,1282.425048828125,1303.5,1280.1500244140625,1297.5,917576
2016-06-22,1123.0255126953125,1306.8499755859375,1310.0,1280.550048828125,1284.199951171875,587516
2016-06-23,1128.07373046875,1312.7249755859375,1321.0,1304.6500244140625,1309.0,326746
2016-06-24,1131.296630859375,1316.4749755859375,1322.199951171875,1259.550048828125,1290.0,295184
2016-06-27,1152.9302978515625,1341.6500244140625,1347.9749755859375,1312.6500244140625,1317.5,340512
2016-06-28,1180.794189453125,1374.074951171875,1376.800048828125,1340.0250244140625,1343.5,446176
2016-06-29,1190.7840576171875,1385.699951171875,1389.050048828125,1353.375,1374.9000244140625,280750
2016-06-30,1185.434814453125,1379.4749755859375,1394.7249755859375,1365.5,1389.949951171875,744744
2016-07-01,1206.638671875,1404.1500244140625,1408.550048828125,1375.7750244140625,1376.875,433848
2016-07-04,1220.64599609375,1420.449951171875,1425.0,1408.175048828125,1419.0,293932
2016-07-05,1218.648193359375,1418.125,1430.0,1405.0,1417.5,151092
2016-07-07,1207.00390625,1404.574951171875,1420.0,1401.0,1415.0,253010
2016-07-08,1205.2425537109375,1402.5250244140625,1418.0,1396.199951171875,1404.574951171875,191400
2016-07-11,1228.5306396484375,1429.625,1434.2249755859375,1408.800048828125,1409.0,357570
2016-07-12,1227.6495361328125,1428.5999755859375,1454.2750244140625,1421.875,1437.0,348976
2016-07-13,1232.118408203125,1433.800048828125,1442.9000244140625,1414.949951171875,1434.0,258710
2016-07-14,1228.745361328125,1429.875,1446.5,1427.4749755859375,1445.0,263182
2016-07-15,1211.9239501953125,1410.300048828125,1438.324951171875,1405.5999755859375,1430.0,201544
2016-07-18,1210.076416015625,1408.1500244140625,1424.3499755859375,1404.4749755859375,1418.5250244140625,193178
2016-07-19,1185.907470703125,1380.0250244140625,1413.9749755859375,1376.675048828125,1410.0999755859375,462542
2016-07-20,1207.1329345703125,1404.7249755859375,1409.0,1380.0,1387.449951171875,177584
2016-07-21,1209.410400390625,1407.375,1420.0,1395.0,1407.4000244140625,291874
2016-07-22,1224.9429931640625,1425.449951171875,1427.9749755859375,1404.0,1408.0,359138
2016-07-25,1224.72802734375,1425.199951171875,1436.8499755859375,1415.1500244140625,1425.0,238944
2016-07-26,1213.298583984375,1411.9000244140625,1428.300048828125,1405.5,1425.199951171875,285698
2016-07-27,1208.572265625,1406.4000244140625,1424.0,1397.5,1424.0,210406
2016-07-28,1231.1297607421875,1432.6500244140625,1447.0,1405.0999755859375,1407.5,488140
2016-07-29,1269.4229736328125,1466.9000244140625,1472.0999755859375,1421.550048828125,1422.0,431340
2016-08-01,1247.095947265625,1441.0999755859375,1496.949951171875,1425.5,1473.949951171875,342678
2016-08-02,1246.4471435546875,1440.3499755859375,1456.0,1435.8499755859375,1453.5,185460
2016-08-03,1224.7044677734375,1415.2249755859375,1449.0,1410.0250244140625,1449.0,363710
2016-08-04,1246.5123291015625,1440.425048828125,1446.5,1405.9749755859375,1425.0,395460
2016-08-05,1248.1346435546875,1442.300048828125,1450.4000244140625,1424.4749755859375,1440.0,246052
2016-08-08,1363.9005126953125,1576.074951171875,1658.625,1440.050048828125,1441.949951171875,3164246
2016-08-09,1353.6458740234375,1564.2249755859375,1586.0,1544.0999755859375,1575.0,792592
2016-08-10,1342.78564453125,1551.675048828125,1565.824951171875,1530.0999755859375,1564.5,341644
2016-08-11,1400.571044921875,1618.449951171875,1638.5,1557.4000244140625,1560.0,1526490
2016-08-12,1421.4266357421875,1642.550048828125,1657.5,1594.2249755859375,1614.949951171875,714062
2016-08-16,1415.7801513671875,1636.0250244140625,1670.0,1625.0,1649.050048828125,338170
2016-08-17,1443.7532958984375,1668.3499755859375,1679.125,1632.5,1632.5,524616
2016-08-18,1440.6595458984375,1664.7750244140625,1685.0,1652.5250244140625,1670.0,304792
2016-08-19,1449.702880859375,1675.2249755859375,1685.0,1658.25,1665.0,243238
2016-08-22,1457.8372802734375,1684.625,1696.449951171875,1672.125,1675.0,320086
2016-08-23,1454.419189453125,1680.675048828125,1689.0,1670.0,1684.0,148404
2016-08-24,1485.399658203125,1716.4749755859375,1742.0,1670.0,1684.5,683696
2016-08-25,1498.96435546875,1732.1500244140625,1749.5,1721.574951171875,1723.5,742678
2016-08-26,1487.454833984375,1718.8499755859375,1742.3499755859375,1696.0250244140625,1742.3499755859375,287814
2016-08-29,1473.8902587890625,1703.175048828125,1724.5,1695.0,1703.0,147830
2016-08-30,1489.834716796875,1721.5999755859375,1736.0,1705.0,1705.0,149210
2016-08-31,1497.3421630859375,1730.2750244140625,1742.9749755859375,1710.0,1721.0999755859375,289590
2016-09-01,1475.1883544921875,1704.675048828125,1733.0,1700.0999755859375,1733.0,177454
2016-09-02,1451.64990234375,1677.4749755859375,1718.4749755859375,1671.0,1700.5,291320
2016-09-06,1495.84912109375,1728.550048828125,1732.0,1672.175048828125,1687.5,350724
2016-09-07,1509.630126953125,1744.4749755859375,1751.75,1701.0,1701.0,399164
2016-09-08,1502.339599609375,1736.050048828125,1744.2249755859375,1725.0,1733.5,215838
2016-09-09,1494.9622802734375,1727.5250244140625,1750.0,1722.5,1750.0,153736
2016-09-12,1483.2362060546875,1713.9749755859375,1724.949951171875,1685.0,1700.0,235320
2016-09-14,1531.6759033203125,1769.949951171875,1775.0,1713.425048828125,1713.5,437528
2016-09-15,1528.08447265625,1765.800048828125,1792.125,1762.5,1774.9749755859375,306494
2016-09-16,1503.8106689453125,1737.75,1781.0,1726.699951171875,1770.0,312602
2016-09-19,1476.161865234375,1705.800048828125,1743.0,1700.0,1737.75,348164
2016-09-20,1475.6856689453125,1705.25,1725.4749755859375,1699.5,1708.0,295488
2016-09-21,1470.320556640625,1699.050048828125,1722.5,1678.5999755859375,1705.5,363438
2016-09-22,1471.5538330078125,1700.4749755859375,1717.5,1688.0250244140625,1709.5,499366
2016-09-23,1480.2724609375,1710.550048828125,1730.0,1687.9000244140625,1714.449951171875,325008
2016-09-26,1478.5198974609375,1708.5250244140625,1724.574951171875,1698.425048828125,1722.5,311480
2016-09-27,1484.6640625,1715.625,1728.0,1705.925048828125,1711.050048828125,174648
2016-09-28,1472.9599609375,1702.0999755859375,1728.0,1695.449951171875,1714.9000244140625,252326
2016-09-29,1421.621337890625,1642.7750244140625,1717.5,1599.8499755859375,1715.0,336340
2016-09-30,1455.5657958984375,1682.0,1693.6500244140625,1625.0250244140625,1640.0,240412
2016-10-03,1508.1590576171875,1742.7750244140625,1761.0,1690.0,1698.925048828125,259360
2016-10-04,1503.7457275390625,1737.675048828125,1742.5,1718.125,1742.0,185636
2016-10-05,1497.3203125,1730.25,1753.0,1720.25,1740.0,412626
2016-10-06,1500.1329345703125,1733.5,1748.9749755859375,1720.9000244140625,1744.949951171875,118930
2016-10-07,1465.3660888671875,1693.324951171875,1737.5,1689.925048828125,1733.5,337560
2016-10-10,1461.1043701171875,1688.4000244140625,1705.375,1685.300048828125,1695.0,109496
2016-10-13,1438.8853759765625,1662.7249755859375,1684.5,1644.5,1684.5,322644
2016-10-14,1441.178955078125,1665.375,1677.0,1647.5,1677.0,141352
2016-10-17,1430.6429443359375,1653.199951171875,1667.7249755859375,1643.824951171875,1667.6500244140625,216882
2016-10-18,1412.556396484375,1632.300048828125,1660.300048828125,1622.5,1653.25,278538
2016-10-19,1435.18603515625,1658.449951171875,1675.0,1640.0,1641.949951171875,347492
2016-10-20,1433.563720703125,1656.574951171875,1677.5,1650.5,1658.5,242764
2016-10-21,1432.5032958984375,1655.3499755859375,1672.5,1652.25,1667.5,127030
2016-10-24,1431.2918701171875,1653.949951171875,1664.7750244140625,1635.1500244140625,1635.1500244140625,146430
2016-10-25,1425.86181640625,1647.675048828125,1661.324951171875,1639.9749755859375,1654.199951171875,182188
2016-10-26,1413.0755615234375,1632.9000244140625,1654.425048828125,1625.3499755859375,1645.0,175920
2016-10-27,1389.84033203125,1606.050048828125,1634.574951171875,1597.5,1625.0,434050
2016-10-28,1433.0443115234375,1655.9749755859375,1664.5,1615.875,1617.0,215908
2016-11-01,1441.092529296875,1665.2750244140625,1670.0,1633.9749755859375,1657.5,257188
2016-11-02,1428.998779296875,1651.300048828125,1656.9749755859375,1635.5,1639.0,236004
2016-11-03,1428.522705078125,1650.75,1662.75,1626.0250244140625,1651.300048828125,258320
2016-11-04,1428.7391357421875,1651.0,1690.0,1611.0,1650.0,455146
2016-11-07,1428.97705078125,1651.2750244140625,1674.0,1642.5,1664.5,421832
2016-11-08,1399.9869384765625,1617.7750244140625,1650.8499755859375,1607.7750244140625,1639.0,906756
2016-11-09,1351.806884765625,1562.0999755859375,1595.8499755859375,1464.5,1550.0,451680
2016-11-10,1386.400634765625,1602.074951171875,1620.925048828125,1584.625,1607.5,274548
2016-11-11,1332.40087890625,1539.675048828125,1594.925048828125,1515.25,1594.925048828125,432078
2016-11-15,1267.49755859375,1464.675048828125,1532.0,1390.5999755859375,1532.0,1158490
2016-11-16,1294.1727294921875,1495.5,1530.0,1463.175048828125,1475.0,470298
2016-11-17,1269.9638671875,1467.5250244140625,1510.0,1460.0,1510.0,405504
2016-11-18,1255.9232177734375,1451.300048828125,1462.5,1435.5250244140625,1460.5,581400
2016-11-21,1252.33203125,1447.1500244140625,1464.074951171875,1438.050048828125,1452.5,182364
2016-11-22,1257.4158935546875,1453.0250244140625,1460.0,1425.9749755859375,1453.050048828125,354476
2016-11-23,1284.11279296875,1483.875,1488.0,1447.5,1469.5,258996
2016-11-24,1273.2091064453125,1471.2750244140625,1494.0,1458.0,1479.0,310140
2016-11-25,1281.6248779296875,1481.0,1487.2249755859375,1460.5250244140625,1484.9749755859375,175764
2016-11-28,1285.302490234375,1485.25,1495.550048828125,1464.074951171875,1479.9749755859375,178032
2016-11-29,1300.425048828125,1502.7249755859375,1519.199951171875,1486.0,1493.5,208312
2016-11-30,1312.3023681640625,1516.449951171875,1536.9749755859375,1475.5999755859375,1505.0,474738
2016-12-01,1299.5166015625,1501.675048828125,1531.9749755859375,1498.0,1518.0250244140625,188978
2016-12-02,1288.028564453125,1488.4000244140625,1507.5,1482.425048828125,1497.4000244140625,339406
2016-12-05,1326.797607421875,1533.199951171875,1541.4000244140625,1490.0,1490.0,217160
2016-12-06,1299.992431640625,1502.2249755859375,1537.0,1498.550048828125,1534.800048828125,179314
2016-12-07,1295.7952880859375,1497.375,1522.300048828125,1491.0,1509.0,235244
2016-12-08,1314.8336181640625,1519.375,1534.0,1500.5,1506.5,169386
2016-12-09,1309.035888671875,1512.675048828125,1531.4000244140625,1510.550048828125,1520.949951171875,635442
2016-12-12,1288.1368408203125,1488.5250244140625,1514.25,1485.050048828125,1512.75,274716
2016-12-13,1271.5213623046875,1469.324951171875,1498.925048828125,1462.4749755859375,1498.925048828125,384088
2016-12-14,1272.81982421875,1470.824951171875,1484.0,1467.5,1470.0,233774
2016-12-15,1263.5384521484375,1460.0999755859375,1477.0,1453.75,1466.0,216558
2016-12-16,1252.7646484375,1447.6500244140625,1469.074951171875,1440.949951171875,1461.625,388160
2016-12-19,1254.625,1449.800048828125,1457.375,1432.75,1450.0,220010
2016-12-20,1242.7259521484375,1436.050048828125,1454.9000244140625,1433.0,1451.0,401088
2016-12-21,1232.16845703125,1423.8499755859375,1449.5,1413.9000244140625,1436.050048828125,401742
2016-12-22,1216.1373291015625,1405.324951171875,1424.625,1399.925048828125,1420.0,185178
2016-12-23,1225.0291748046875,1415.5999755859375,1420.574951171875,1386.425048828125,1405.0250244140625,182740
2016-12-26,1214.687744140625,1403.6500244140625,1415.699951171875,1390.0,1414.949951171875,136000
2016-12-27,1223.1470947265625,1413.425048828125,1428.425048828125,1390.7750244140625,1405.125,157352
2016-12-28,1228.6636962890625,1419.800048828125,1444.0,1415.0,1415.0,247108
2016-12-29,1247.507080078125,1441.574951171875,1449.0,1414.449951171875,1417.5,180286
2016-12-30,1248.870361328125,1443.1500244140625,1461.0,1435.0,1452.5,220668
2017-01-02,1248.9351806640625,1443.2249755859375,1450.550048828125,1432.574951171875,1450.550048828125,104490
2017-01-03,1242.7908935546875,1436.125,1445.0,1425.5999755859375,1443.5,255186
2017-01-04,1234.2020263671875,1426.199951171875,1445.0,1415.2249755859375,1445.0,273358
2017-01-05,1240.0001220703125,1432.9000244140625,1437.5,1426.300048828125,1431.0,232668
2017-01-06,1252.613037109375,1447.4749755859375,1457.5,1422.9000244140625,1432.5,795436
2017-01-09,1253.889404296875,1448.949951171875,1461.1500244140625,1437.7750244140625,1460.0,344356
2017-01-10,1246.4903564453125,1440.4000244140625,1451.5,1437.9749755859375,1449.5,546116
2017-01-11,1291.14404296875,1492.0,1492.5,1442.5,1442.5,691722
2017-01-12,1275.4808349609375,1473.9000244140625,1497.4749755859375,1459.199951171875,1492.4749755859375,260102
2017-01-13,1272.105712890625,1470.0,1492.5,1462.5,1484.5,208658
2017-01-16,1283.247314453125,1482.875,1489.9000244140625,1461.5,1467.5,213010
2017-01-17,1303.9300537109375,1506.7750244140625,1510.0999755859375,1477.550048828125,1484.3499755859375,329502
2017-01-18,1337.6796875,1545.7750244140625,1549.3499755859375,1507.449951171875,1509.0,539226
2017-01-19,1344.77587890625,1553.9749755859375,1577.5,1533.375,1545.5,515150
2017-01-20,1331.946533203125,1539.1500244140625,1567.550048828125,1532.050048828125,1558.949951171875,225986
2017-01-23,1338.3504638671875,1546.550048828125,1557.5,1532.5999755859375,1532.5999755859375,144082
2017-01-24,1362.2567138671875,1574.175048828125,1575.25,1540.824951171875,1548.1500244140625,303692
2017-01-25,1356.4366455078125,1567.449951171875,1574.0,1549.0,1562.5,190016
2017-01-27,1342.6124267578125,1551.4749755859375,1581.0,1545.5,1567.0,269430
2017-01-30,1361.10986328125,1572.8499755859375,1575.699951171875,1550.0999755859375,1564.0,260542
2017-01-31,1354.5111083984375,1565.2249755859375,1575.0,1554.5,1575.0,309880
2017-02-01,1399.6407470703125,1617.375,1624.9000244140625,1556.375,1566.8499755859375,422574
2017-02-02,1398.0181884765625,1615.5,1627.324951171875,1594.8499755859375,1620.0,461788
2017-02-03,1397.9532470703125,1615.425048828125,1636.925048828125,1605.0,1611.550048828125,271328
2017-02-06,1421.38330078125,1642.5,1647.199951171875,1615.425048828125,1615.425048828125,268304
2017-02-07,1397.844970703125,1615.300048828125,1645.0,1605.0,1645.0,227652
2017-02-08,1398.883544921875,1616.5,1633.0999755859375,1596.0250244140625,1615.425048828125,258164
2017-02-09,1395.8330078125,1612.9749755859375,1627.324951171875,1602.6500244140625,1614.1500244140625,225518
2017-02-10,1401.6309814453125,1619.675048828125,1635.0,1611.625,1615.5,422206
2017-02-13,1415.628662109375,1635.8499755859375,1648.0,1611.050048828125,1622.5,403908
2017-02-14,1395.1839599609375,1612.2249755859375,1640.0,1605.0999755859375,1640.0,376840
2017-02-15,1382.1602783203125,1597.175048828125,1621.5,1585.5,1616.5,272684
2017-02-16,1397.9100341796875,1615.375,1619.199951171875,1591.375,1595.0,159888
2017-02-17,1405.2655029296875,1623.875,1627.4000244140625,1602.7750244140625,1619.550048828125,314858
2017-02-20,1409.224853515625,1628.449951171875,1633.625,1618.0250244140625,1631.0,114270
2017-02-21,1401.5013427734375,1619.5250244140625,1637.75,1607.5999755859375,1633.3499755859375,196132
2017-02-22,1401.349853515625,1619.3499755859375,1632.0,1613.425048828125,1621.0,230530
2017-02-23,1396.287353515625,1613.5,1639.4749755859375,1606.7750244140625,1621.0250244140625,420848
2017-02-27,1410.1767578125,1629.550048828125,1634.449951171875,1609.425048828125,1615.5,261074
2017-02-28,1397.325927734375,1614.699951171875,1629.5,1606.1500244140625,1627.550048828125,191908
2017-03-01,1376.3834228515625,1590.5,1629.9749755859375,1587.5,1616.0,203810
2017-03-02,1347.4583740234375,1557.074951171875,1608.75,1551.3499755859375,1600.0,381920
2017-03-03,1339.9298095703125,1548.375,1572.8499755859375,1533.2249755859375,1561.5,466084
2017-03-06,1335.2781982421875,1543.0,1558.2249755859375,1529.699951171875,1556.0,319000
2017-03-07,1323.660400390625,1529.574951171875,1552.5,1527.5999755859375,1552.5,367252
2017-03-08,1335.0185546875,1542.699951171875,1554.0,1522.6500244140625,1532.5,526952
2017-03-09,1332.076416015625,1539.300048828125,1549.949951171875,1531.5,1543.0,224428
2017-03-10,1351.0712890625,1561.25,1565.5,1538.5,1542.550048828125,274980
2017-03-14,1374.5447998046875,1588.375,1595.2750244140625,1568.2249755859375,1576.9000244140625,267266
2017-03-15,1380.3858642578125,1595.125,1600.0,1567.75,1590.0250244140625,224208
2017-03-16,1395.44384765625,1612.5250244140625,1619.0999755859375,1598.175048828125,1598.5,225374
2017-03-17,1405.1793212890625,1623.7750244140625,1627.449951171875,1607.5,1612.5,176806
2017-03-20,1406.9967041015625,1625.875,1632.175048828125,1620.0,1626.199951171875,110944
2017-03-21,1425.42919921875,1647.175048828125,1660.5,1620.0,1620.0,792904
2017-03-22,1439.0155029296875,1662.875,1672.875,1631.0,1631.0,440156
2017-03-23,1426.0347900390625,1647.875,1677.175048828125,1639.949951171875,1663.5,188328
2017-03-24,1427.0732421875,1649.074951171875,1660.5,1641.5250244140625,1649.574951171875,141284
2017-03-27,1429.647705078125,1652.050048828125,1665.0,1646.074951171875,1650.0,154350
2017-03-28,1444.9866943359375,1669.7750244140625,1683.425048828125,1652.199951171875,1654.8499755859375,201092
2017-03-29,1467.42138671875,1695.699951171875,1707.75,1663.449951171875,1671.6500244140625,304570
2017-03-30,1469.0440673828125,1697.574951171875,1711.25,1690.300048828125,1691.0,1958514
2017-03-31,1459.8927001953125,1687.0,1716.4749755859375,1665.5250244140625,1690.0,396946
2017-04-03,1467.5513916015625,1695.8499755859375,1711.050048828125,1636.4000244140625,1688.5,188616
2017-04-05,1460.7149658203125,1687.949951171875,1700.7750244140625,1675.0,1698.5,391352
2017-04-06,1452.6019287109375,1678.574951171875,1697.2249755859375,1673.7249755859375,1687.949951171875,226512
2017-04-07,1452.731689453125,1678.7249755859375,1688.6500244140625,1670.0,1675.0,103408
2017-04-10,1478.4334716796875,1708.425048828125,1712.5,1675.0,1677.5,136538
2017-04-11,1472.354248046875,1701.4000244140625,1726.875,1691.0999755859375,1709.8499755859375,187738
2017-04-12,1492.3443603515625,1724.5,1730.050048828125,1688.9000244140625,1690.0,334880
2017-04-13,1472.7867431640625,1701.9000244140625,1726.300048828125,1695.5,1725.0,121998
2017-04-17,1464.7821044921875,1692.6500244140625,1702.9000244140625,1686.2750244140625,1701.7249755859375,91102
2017-04-18,1457.512939453125,1684.25,1708.0250244140625,1676.9000244140625,1685.324951171875,226604
2017-04-19,1484.6640625,1715.625,1723.7249755859375,1669.5999755859375,1682.5250244140625,185988
2017-04-20,1462.20751953125,1689.675048828125,1720.0,1684.0999755859375,1718.449951171875,134522
2017-04-21,1460.9959716796875,1688.2750244140625,1703.824951171875,1684.0,1691.050048828125,167550
2017-04-24,1466.0152587890625,1694.074951171875,1697.9000244140625,1680.0,1680.0,80630
2017-04-25,1504.654296875,1738.7249755859375,1744.5,1693.675048828125,1699.0,274916
2017-04-26,1537.5172119140625,1776.699951171875,1799.0,1730.0,1745.0,625874
2017-04-27,1538.231201171875,1777.5250244140625,1804.5,1723.4000244140625,1775.0,352266
2017-04-28,1568.30322265625,1812.2750244140625,1819.5,1774.125,1777.5250244140625,329716
2017-05-02,1546.4088134765625,1786.9749755859375,1822.199951171875,1777.824951171875,1805.0,187462
2017-05-03,1549.242919921875,1790.25,1815.0,1756.6500244140625,1790.074951171875,214202
2017-05-04,1554.2623291015625,1796.050048828125,1810.0,1782.675048828125,1787.4749755859375,239362
2017-05-05,1527.11083984375,1764.675048828125,1799.800048828125,1758.2249755859375,1796.050048828125,96248
2017-05-08,1532.995361328125,1771.4749755859375,1781.9749755859375,1757.0250244140625,1770.9749755859375,72912
2017-05-09,1554.6300048828125,1796.4749755859375,1801.9749755859375,1759.5250244140625,1767.0,188862
2017-05-10,1605.8387451171875,1855.6500244140625,1860.9000244140625,1793.5,1793.5,669364
2017-05-11,1604.562255859375,1854.175048828125,1872.0,1842.5999755859375,1845.0,326904
2017-05-12,1602.7882080078125,1852.125,1867.5,1830.9000244140625,1852.5,124618
2017-05-15,1618.9273681640625,1870.7750244140625,1899.75,1840.0250244140625,1852.0,236786
2017-05-16,1623.81689453125,1876.425048828125,1887.0,1853.5,1870.7750244140625,219248
2017-05-17,1587.795654296875,1834.800048828125,1876.8499755859375,1830.0,1876.0,135124
2017-05-18,1538.404052734375,1777.7249755859375,1842.800048828125,1773.050048828125,1842.800048828125,142012
2017-05-19,1550.1949462890625,1791.3499755859375,1835.0,1781.5,1799.925048828125,287472
2017-05-22,1572.15380859375,1816.7249755859375,1848.5,1801.5999755859375,1810.949951171875,212636
2017-05-23,1555.1707763671875,1797.0999755859375,1841.949951171875,1790.0250244140625,1827.5,265432
2017-05-24,1528.820068359375,1766.6500244140625,1807.925048828125,1735.949951171875,1802.5,199372
2017-05-25,1522.1134033203125,1758.9000244140625,1785.0,1725.5999755859375,1785.0,338880
2017-05-26,1478.000732421875,1707.925048828125,1772.5,1701.0999755859375,1757.0,886100
2017-05-29,1479.104248046875,1709.199951171875,1730.0,1685.75,1704.199951171875,392340
2017-05-30,1482.1546630859375,1712.7249755859375,1725.0,1689.1500244140625,1719.8499755859375,493310
2017-05-31,1528.5386962890625,1766.324951171875,1774.0,1708.5,1708.5,419000
2017-06-01,1560.233154296875,1802.949951171875,1805.5,1770.0,1792.5,405616
2017-06-02,1554.0458984375,1795.800048828125,1832.5,1780.0,1814.949951171875,299542
2017-06-05,1576.4158935546875,1821.6500244140625,1857.0,1795.800048828125,1795.800048828125,502604
2017-06-06,1569.5145263671875,1813.675048828125,1836.0,1797.925048828125,1826.8499755859375,272076
2017-06-07,1576.5457763671875,1821.800048828125,1837.5,1800.0999755859375,1818.800048828125,259416
2017-06-08,1574.68505859375,1819.6500244140625,1829.5,1810.324951171875,1821.800048828125,90782
2017-06-09,1589.2667236328125,1836.5,1849.5,1820.625,1824.0,290830
2017-06-12,1569.21142578125,1813.324951171875,1853.199951171875,1807.0,1832.5,162416
2017-06-13,1568.9737548828125,1813.050048828125,1824.375,1802.5,1824.375,106036
2017-06-14,1563.5433349609375,1806.7750244140625,1823.0,1790.25,1823.0,100490
2017-06-15,1542.44970703125,1782.4000244140625,1815.0,1777.125,1810.0,175760
2017-06-16,1544.2452392578125,1784.4749755859375,1789.0,1761.5,1782.4000244140625,279670
2017-06-19,1554.326904296875,1796.125,1811.7750244140625,1785.0,1785.0,117850
2017-06-20,1550.6708984375,1791.9000244140625,1809.3499755859375,1784.5,1789.425048828125,181608
2017-06-21,1588.0985107421875,1835.1500244140625,1845.0,1780.0,1790.0,178280
2017-06-22,1575.7451171875,1820.875,1850.0,1816.25,1850.0,301570
2017-06-23,1579.0985107421875,1824.75,1833.800048828125,1803.25,1820.875,203426
2017-06-27,1578.2547607421875,1823.7750244140625,1839.300048828125,1806.7249755859375,1839.300048828125,167390
2017-06-28,1573.322021484375,1818.074951171875,1837.800048828125,1795.0250244140625,1822.5,257156
2017-06-29,1573.776611328125,1818.5999755859375,1848.5,1800.5,1819.2249755859375,181420
2017-06-30,1596.64404296875,1845.0250244140625,1855.925048828125,1809.699951171875,1811.0999755859375,479702
2017-07-03,1602.5718994140625,1851.875,1873.300048828125,1839.5,1863.0,148906
2017-07-04,1621.739990234375,1874.0250244140625,1883.949951171875,1855.050048828125,1855.050048828125,245562
2017-07-05,1615.422607421875,1866.7249755859375,1884.5,1857.5,1879.5,226042
2017-07-06,1614.53564453125,1865.699951171875,1875.0,1860.7249755859375,1870.0,246406
2017-07-07,1597.6392822265625,1846.175048828125,1860.9749755859375,1838.449951171875,1860.050048828125,239420
2017-07-10,1607.850830078125,1857.9749755859375,1874.4000244140625,1849.0,1874.4000244140625,34224
2017-07-11,1599.6728515625,1848.5250244140625,1867.574951171875,1843.5250244140625,1845.300048828125,164310
2017-07-12,1601.879638671875,1851.074951171875,1862.3499755859375,1846.0,1848.5,360402
2017-07-13,1612.891357421875,1863.800048828125,1881.949951171875,1852.0,1862.0,127802
2017-07-14,1609.257080078125,1859.5999755859375,1867.3499755859375,1852.574951171875,1867.3499755859375,77932
2017-07-17,1599.9542236328125,1848.8499755859375,1866.5,1837.699951171875,1859.9749755859375,108708
2017-07-18,1619.533203125,1871.4749755859375,1879.0,1828.0250244140625,1850.0,131062
2017-07-19,1646.9010009765625,1903.0999755859375,1919.5,1877.3499755859375,1877.3499755859375,525198
2017-07-20,1640.3673095703125,1895.550048828125,1917.5,1882.5,1902.5,415898
2017-07-21,1658.951416015625,1917.0250244140625,1922.5,1895.0999755859375,1909.5,240816
2017-07-24,1656.9609375,1914.7249755859375,1934.0,1907.574951171875,1917.550048828125,203984
2017-07-25,1666.069091796875,1925.25,1926.6500244140625,1910.5250244140625,1925.0,195416
2017-07-26,1666.1124267578125,1925.300048828125,1931.0,1920.1500244140625,1931.0,156286
2017-07-27,1677.0592041015625,1937.949951171875,1959.199951171875,1920.5,1926.0,280736
2017-07-28,1700.013671875,1953.324951171875,1964.175048828125,1917.5999755859375,1937.0,238964
2017-07-31,1706.519775390625,1960.800048828125,1978.300048828125,1939.5,1959.800048828125,255936
2017-08-01,1700.3839111328125,1953.75,1979.0,1942.7750244140625,1959.9000244140625,228940
2017-08-02,1681.498046875,1932.050048828125,1964.5,1920.324951171875,1955.0,321538
2017-08-03,1685.7841796875,1936.9749755859375,1945.0,1917.0250244140625,1926.199951171875,149358
2017-08-04,1704.691650390625,1958.699951171875,1968.75,1915.0,1915.0,193840
2017-08-07,1787.546142578125,2053.89990234375,2105.925048828125,1950.0250244140625,1959.4000244140625,1782682
2017-08-08,1772.1199951171875,2036.175048828125,2070.574951171875,1990.0,2058.0,750352
2017-08-09,1766.266845703125,2029.449951171875,2037.449951171875,1996.449951171875,2034.5,348022
2017-08-10,1792.507080078125,2059.60009765625,2116.97509765625,2014.0,2014.0,653174
2017-08-11,1785.00048828125,2050.97509765625,2078.5,2025.5,2040.375,297426
2017-08-14,1810.26123046875,2080.0,2103.125,2050.75,2061.675048828125,198656
2017-08-16,1871.1619873046875,2149.97509765625,2155.97509765625,2085.52490234375,2087.5,589396
2017-08-17,1849.6431884765625,2125.25,2169.925048828125,2117.5,2169.5,341412
2017-08-18,1850.0570068359375,2125.72509765625,2141.97509765625,2105.52490234375,2105.52490234375,160612
2017-08-21,1840.63525390625,2114.89990234375,2138.699951171875,2106.02490234375,2118.10009765625,192688
2017-08-22,1827.1676025390625,2099.425048828125,2129.47509765625,2090.324951171875,2122.5,212366
2017-08-23,1848.1856689453125,2123.574951171875,2133.85009765625,2078.0,2112.85009765625,237424
2017-08-24,1833.8035888671875,2107.050048828125,2137.199951171875,2096.675048828125,2117.5,246838
2017-08-28,1822.576171875,2094.14990234375,2129.425048828125,2087.97509765625,2125.0,300058
2017-08-29,1815.7442626953125,2086.300048828125,2109.625,2071.10009765625,2090.5,330262
2017-08-30,1845.661865234375,2120.675048828125,2131.25,2090.0,2090.0,202468
2017-08-31,1841.135986328125,2115.47509765625,2136.0,2106.125,2133.85009765625,269094
2017-09-01,1846.793212890625,2121.97509765625,2130.14990234375,2100.75,2110.0,192344
2017-09-04,1836.21875,2109.824951171875,2129.5,2075.5,2122.5,229534
2017-09-05,1854.03857421875,2130.300048828125,2135.925048828125,2110.0,2121.0,274206
2017-09-06,1848.4901123046875,2123.925048828125,2128.5,2104.5,2115.0,231278
2017-09-07,1854.256103515625,2130.550048828125,2147.5,2122.0,2125.5,229848
2017-09-08,1866.070556640625,2144.125,2175.0,2134.675048828125,2140.5,278692
2017-09-11,1870.009033203125,2148.64990234375,2165.0,2145.0,2145.0,142188
2017-09-12,1878.6685791015625,2158.60009765625,2169.25,2151.449951171875,2165.0,226842
2017-09-13,1884.216552734375,2164.97509765625,2180.0,2140.0,2162.5,185576
2017-09-14,1888.873046875,2170.324951171875,2174.5,2156.72509765625,2174.5,189126
2017-09-15,1895.9876708984375,2178.5,2190.425048828125,2165.0,2172.5,279594
2017-09-18,1909.673583984375,2194.22509765625,2204.5,2181.14990234375,2189.949951171875,435432
2017-09-19,1901.73193359375,2185.10009765625,2197.5,2161.5,2185.125,217864
2017-09-20,1893.398681640625,2175.52490234375,2193.47509765625,2170.625,2185.0,94136
2017-09-21,1883.41162109375,2164.050048828125,2187.0,2153.02490234375,2187.0,160572
2017-09-22,1858.259765625,2135.14990234375,2172.85009765625,2127.02490234375,2152.449951171875,385618
2017-09-25,1862.9593505859375,2140.550048828125,2159.22509765625,2116.300048828125,2116.300048828125,267888
2017-09-26,1882.497802734375,2163.0,2170.0,2132.5,2140.64990234375,211236
2017-09-27,1871.945556640625,2150.875,2178.675048828125,2136.47509765625,2165.949951171875,315854
2017-09-28,1888.45947265625,2169.85009765625,2187.5,2143.0,2143.5,352834
2017-09-29,1890.439453125,2172.125,2178.050048828125,2162.02490234375,2172.5,312358
2017-10-03,1888.6119384765625,2170.02490234375,2207.5,2165.0,2207.5,145814
2017-10-04,1889.395263671875,2170.925048828125,2199.0,2165.0,2165.0,227520
2017-10-05,1898.881591796875,2181.824951171875,2192.5,2172.52490234375,2192.5,148214
2017-10-06,1898.097900390625,2180.925048828125,2185.0,2163.25,2181.75,201946
2017-10-09,1890.5482177734375,2172.25,2196.574951171875,2161.47509765625,2180.925048828125,368164
2017-10-10,1892.3328857421875,2174.300048828125,2195.199951171875,2167.0,2189.5,174918
2017-10-11,1904.234375,2187.97509765625,2199.5,2151.14990234375,2176.0,645590
2017-10-12,1977.5582275390625,2272.22509765625,2289.25,2194.52490234375,2197.449951171875,852122
2017-10-13,1993.9857177734375,2291.10009765625,2328.0,2275.0,2275.0,711828
2017-10-16,1975.665283203125,2270.050048828125,2308.85009765625,2257.550048828125,2295.074951171875,222746
2017-10-17,2008.3895263671875,2307.64990234375,2320.0,2265.0,2265.0,212614
2017-10-18,2039.0897216796875,2342.925048828125,2362.5,2302.52490234375,2310.5,358176
2017-10-19,2013.91552734375,2314.0,2362.5,2310.050048828125,2355.0,29398
2017-10-23,2025.7520751953125,2327.60009765625,2373.47509765625,2319.050048828125,2321.35009765625,242700
2017-10-24,2012.9801025390625,2312.925048828125,2344.0,2301.02490234375,2344.0,145054
2017-10-25,2020.9876708984375,2322.125,2329.949951171875,2287.5,2324.5,307034
2017-10-26,2003.7548828125,2302.324951171875,2331.77490234375,2293.5,2313.27490234375,300778
2017-10-27,2000.578125,2298.675048828125,2327.300048828125,2285.050048828125,2304.449951171875,187416
2017-10-30,2065.22119140625,2372.949951171875,2383.72509765625,2300.0,2300.0,315004
2017-10-31,2018.9202880859375,2319.75,2385.0,2315.35009765625,2375.0,238030
2017-11-01,2044.0504150390625,2348.625,2372.77490234375,2321.0,2321.0,271256
2017-11-02,2027.25341796875,2329.324951171875,2361.875,2292.39990234375,2351.074951171875,168102
2017-11-03,2027.0140380859375,2329.050048828125,2354.449951171875,2315.050048828125,2354.449951171875,115566
2017-11-06,2020.46484375,2321.52490234375,2350.22509765625,2310.074951171875,2326.10009765625,240006
2017-11-07,2023.0543212890625,2324.5,2371.0,2304.0,2334.0,408354
2017-11-08,2025.0126953125,2326.75,2343.675048828125,2300.10009765625,2334.5,198650
2017-11-09,2070.464599609375,2378.97509765625,2399.89990234375,2326.800048828125,2332.5,345826
2017-11-10,2120.530029296875,2436.5,2458.89990234375,2370.5,2389.5,487212
2017-11-13,2124.576904296875,2441.14990234375,2463.300048828125,2343.77490234375,2387.5,668372
2017-11-14,2083.693359375,2394.175048828125,2457.574951171875,2388.14990234375,2453.5,558680
2017-11-15,2066.896484375,2374.875,2412.5,2363.10009765625,2390.0,195022
2017-11-16,2061.21728515625,2368.35009765625,2408.02490234375,2364.0,2370.0,258546
2017-11-17,2067.02734375,2375.02490234375,2414.925048828125,2367.5,2384.5,398036
2017-11-20,2072.749267578125,2381.60009765625,2399.5,2362.175048828125,2388.5,318362
2017-11-21,2096.117431640625,2408.449951171875,2421.97509765625,2384.5,2385.0,301546
2017-11-22,2077.949462890625,2387.574951171875,2418.22509765625,2374.0,2412.5,242728
2017-11-23,2081.082763671875,2391.175048828125,2405.0,2380.52490234375,2390.72509765625,143060
2017-11-24,2063.523681640625,2371.0,2397.27490234375,2354.27490234375,2393.02490234375,291786
2017-11-27,2087.414306640625,2398.449951171875,2411.97509765625,2380.375,2384.5,388640
2017-11-28,2086.457275390625,2397.35009765625,2426.85009765625,2390.10009765625,2406.0,302222
2017-11-29,2093.615234375,2405.574951171875,2415.52490234375,2392.52490234375,2410.0,305992
2017-11-30,2095.5517578125,2407.800048828125,2441.0,2345.050048828125,2407.0,6269128
2017-12-01,2091.352783203125,2402.97509765625,2432.5,2382.300048828125,2420.52490234375,331530
2017-12-04,2072.77099609375,2381.625,2405.375,2375.0,2382.5,132580
2017-12-05,2072.162109375,2380.925048828125,2405.300048828125,2367.64990234375,2381.625,200320
2017-12-06,2071.552734375,2380.22509765625,2397.449951171875,2357.625,2397.449951171875,156706
2017-12-07,2154.015380859375,2474.97509765625,2475.0,2382.52490234375,2385.0,279804
2017-12-08,2113.066650390625,2427.925048828125,2481.949951171875,2418.0,2474.97509765625,233564
2017-12-11,2118.87646484375,2434.60009765625,2474.5,2418.89990234375,2435.050048828125,202690
2017-12-12,2114.916259765625,2430.050048828125,2454.5,2413.0,2438.0,131964
2017-12-13,2095.22509765625,2407.425048828125,2436.5,2397.60009765625,2430.0,146554
2017-12-14,2043.0067138671875,2347.425048828125,2423.75,2330.0,2423.75,359052
2017-12-15,2046.813720703125,2351.800048828125,2374.10009765625,2340.52490234375,2374.10009765625,255604
2017-12-18,2045.0299072265625,2349.75,2355.324951171875,2299.199951171875,2355.324951171875,373042
2017-12-19,2069.85546875,2378.27490234375,2389.72509765625,2339.14990234375,2357.5,548372
2017-12-20,2065.00341796875,2372.699951171875,2385.0,2357.5,2385.0,263210
2017-12-21,2059.476806640625,2366.35009765625,2375.0,2353.0,2365.074951171875,172134
2017-12-22,2065.54736328125,2373.324951171875,2412.47509765625,2367.5,2403.5,569018
2017-12-26,2065.090576171875,2372.800048828125,2387.5,2363.14990234375,2387.5,142748
2017-12-27,2060.543212890625,2367.574951171875,2375.0,2361.925048828125,2372.800048828125,188500
2017-12-28,2030.4739990234375,2333.02490234375,2370.574951171875,2328.050048828125,2370.550048828125,395054
2017-12-29,2049.2724609375,2354.625,2364.47509765625,2333.0,2333.02490234375,263158
2018-01-01,2061.892333984375,2369.125,2387.0,2357.60009765625,2375.0,112320
2018-01-02,2026.1224365234375,2328.02490234375,2371.125,2322.0,2369.125,176798
2018-01-03,2036.95751953125,2340.47509765625,2354.97509765625,2328.27490234375,2329.5,166046
2018-01-04,2013.2196044921875,2313.199951171875,2344.449951171875,2305.074951171875,2329.5,334700
2018-01-05,2020.922119140625,2322.050048828125,2339.75,2307.175048828125,2331.0,264116
2018-01-08,2042.52734375,2346.875,2355.5,2313.824951171875,2330.0,176830
2018-01-09,2019.986572265625,2320.97509765625,2356.675048828125,2312.425048828125,2350.0,244280
2018-01-10,2034.259765625,2337.375,2354.5,2315.75,2328.425048828125,388758
2018-01-11,2054.624755859375,2360.77490234375,2374.5,2316.0,2335.0,223456
2018-01-12,2048.85888671875,2354.14990234375,2384.5,2330.675048828125,2367.5,257274
2018-01-15,2053.885009765625,2359.925048828125,2393.0,2352.5,2354.14990234375,177464
2018-01-16,2035.39111328125,2338.675048828125,2386.5,2300.5,2362.0,336198
2018-01-17,2066.91796875,2374.89990234375,2376.5,2320.02490234375,2340.0,205684
2018-01-18,2015.4384765625,2315.75,2389.39990234375,2303.0,2379.85009765625,355846
2018-01-19,2038.480712890625,2342.22509765625,2346.39990234375,2315.0,2332.5,131186
2018-01-22,2048.445556640625,2353.675048828125,2376.0,2335.0,2337.5,161802
2018-01-23,2061.10888671875,2368.22509765625,2380.27490234375,2324.625,2342.5,200710
2018-01-24,2053.6240234375,2359.625,2377.574951171875,2340.52490234375,2368.199951171875,160134
2018-01-25,2012.8717041015625,2312.800048828125,2359.60009765625,2300.5,2359.60009765625,796634
2018-01-29,2041.809326171875,2346.050048828125,2355.0,2303.5,2320.0,220442
2018-01-30,2047.6842041015625,2352.800048828125,2370.02490234375,2320.10009765625,2334.5,258332
2018-01-31,2038.349853515625,2342.074951171875,2356.199951171875,2323.60009765625,2345.0,143774
2018-02-01,2062.870849609375,2370.25,2380.85009765625,2327.925048828125,2342.125,297688
2018-02-02,2056.757080078125,2363.22509765625,2370.0,2288.5,2337.75,374368
2018-02-05,2008.99853515625,2308.35009765625,2349.5,2280.0,2349.5,354840
2018-02-06,1971.4661865234375,2265.22509765625,2310.25,2200.0,2250.0,274268
2018-02-07,1980.1693115234375,2275.22509765625,2312.5,2246.52490234375,2307.449951171875,256576
2018-02-08,2013.91552734375,2314.0,2327.0,2257.75,2274.925048828125,199332
2018-02-09,2019.6378173828125,2320.574951171875,2339.89990234375,2263.02490234375,2263.02490234375,241482
2018-02-12,2076.79638671875,2386.25,2395.0,2335.0,2335.0,429514
2018-02-14,2073.162353515625,2382.074951171875,2437.89990234375,2373.175048828125,2432.5,699924
2018-02-15,2069.507568359375,2377.875,2408.175048828125,2350.77490234375,2393.89990234375,165652
2018-02-16,2080.908447265625,2390.97509765625,2405.0,2368.0,2400.5,165568
2018-02-19,2059.738037109375,2366.64990234375,2390.75,2347.949951171875,2390.75,89962
2018-02-20,2060.086669921875,2367.050048828125,2390.0,2362.5,2364.0,265356
2018-02-21,2075.599609375,2384.875,2393.449951171875,2369.800048828125,2387.5,246902
2018-02-22,2113.066650390625,2427.925048828125,2437.5,2375.675048828125,2387.0,424906
2018-02-23,2159.215576171875,2480.949951171875,2489.5,2437.550048828125,2450.0,305410
2018-02-26,2160.455810546875,2482.375,2499.0,2472.02490234375,2482.800048828125,224702
2018-02-27,2155.01611328125,2476.125,2532.89990234375,2455.25,2487.5,427034
2018-02-28,2173.292724609375,2497.125,2504.64990234375,2448.64990234375,2465.0,180960
2018-03-01,2151.361083984375,2471.925048828125,2499.97509765625,2460.0,2492.5,105070
2018-03-05,2133.34521484375,2451.22509765625,2469.72509765625,2445.699951171875,2456.0,157468
2018-03-06,2099.7294921875,2412.60009765625,2467.449951171875,2393.52490234375,2447.5,156356
2018-03-07,2125.62158203125,2442.35009765625,2457.5,2390.0,2412.5,253844
2018-03-08,2109.824462890625,2424.199951171875,2458.75,2411.125,2452.75,268074
2018-03-09,2106.95263671875,2420.89990234375,2440.0,2412.125,2434.5,377004
2018-03-12,2117.83154296875,2433.39990234375,2447.5,2410.375,2437.5,146012
2018-03-13,2119.202880859375,2434.97509765625,2447.5,2416.175048828125,2430.27490234375,218066
2018-03-14,2099.09814453125,2411.875,2427.5,2403.0,2425.125,208792
2018-03-15,2118.462646484375,2434.125,2448.0,2406.199951171875,2421.5,606398
2018-03-16,2115.134033203125,2430.300048828125,2447.5,2420.0,2434.97509765625,303842
2018-03-19,2095.52978515625,2407.77490234375,2434.97509765625,2401.5,2431.0,223656
2018-03-20,2099.663818359375,2412.52490234375,2417.5,2403.0,2410.0,323252
2018-03-21,2103.754638671875,2417.22509765625,2428.0,2410.0,2410.0,404664
2018-03-22,2105.385986328125,2419.10009765625,2435.0,2410.25,2427.5,177046
2018-03-23,2106.01708984375,2419.824951171875,2435.0,2395.0,2405.5,273344
2018-03-26,2114.001953125,2429.0,2435.0,2419.47509765625,2420.02490234375,192504
2018-03-27,2160.4775390625,2482.39990234375,2492.875,2431.925048828125,2437.5,485252
2018-03-28,2163.00146484375,2485.300048828125,2502.0,2452.10009765625,2482.39990234375,526032
2018-04-02,2222.378662109375,2553.52490234375,2558.85009765625,2487.199951171875,2499.0,291716
2018-04-03,2219.22412109375,2549.89990234375,2559.5,2522.300048828125,2559.0,214838
2018-04-04,2186.412841796875,2512.199951171875,2542.39990234375,2495.5,2528.5,268380
2018-04-05,2205.320556640625,2533.925048828125,2537.35009765625,2505.5,2512.5,204054
2018-04-06,2253.362060546875,2589.125,2599.97509765625,2525.0,2544.97509765625,272780
2018-04-09,2246.68212890625,2581.449951171875,2603.5,2568.27490234375,2591.0,125078
2018-04-10,2234.215576171875,2567.125,2588.75,2530.0,2582.0,148514
2018-04-11,2234.69384765625,2567.675048828125,2580.675048828125,2553.0,2569.949951171875,87602
2018-04-12,2246.660888671875,2581.425048828125,2601.5,2555.0,2566.5,223378
2018-04-13,2266.69970703125,2604.449951171875,2618.074951171875,2579.300048828125,2610.0,293690
2018-04-16,2311.717041015625,2656.175048828125,2669.0,2592.925048828125,2606.449951171875,191334
2018-04-17,2324.6630859375,2671.050048828125,2710.22509765625,2657.125,2668.5,392794
2018-04-18,2333.170654296875,2680.824951171875,2694.199951171875,2660.5,2684.0,129790
2018-04-19,2348.031005859375,2697.89990234375,2709.625,2673.074951171875,2683.5,129052
2018-04-20,2316.068359375,2661.175048828125,2700.47509765625,2649.75,2698.0,88072
2018-04-23,2312.021484375,2656.52490234375,2682.39990234375,2652.22509765625,2675.0,181690
2018-04-24,2305.124267578125,2648.60009765625,2671.550048828125,2625.550048828125,2665.0,116198
2018-04-25,2339.10986328125,2687.64990234375,2726.25,2638.625,2650.0,190562
2018-04-26,2338.28369140625,2686.699951171875,2706.02490234375,2672.550048828125,2690.0,184850
2018-04-27,2376.294921875,2730.375,2747.925048828125,2689.175048828125,2695.0,176864
2018-04-30,2399.11865234375,2756.60009765625,2768.22509765625,2730.0,2731.5,129498
2018-05-02,2360.75927734375,2712.52490234375,2782.75,2704.39990234375,2772.5,144158
2018-05-03,2322.48681640625,2668.550048828125,2730.0,2660.0,2730.0,152102
2018-05-04,2343.113525390625,2692.25,2713.625,2650.5,2675.0,225300
2018-05-07,2381.494873046875,2736.35009765625,2750.02490234375,2692.25,2692.25,151632
2018-05-08,2369.31005859375,2722.35009765625,2750.0,2691.625,2745.0,107506
2018-05-09,2350.510986328125,2700.75,2726.27490234375,2694.550048828125,2709.5,125672
2018-05-10,2343.962158203125,2693.22509765625,2713.074951171875,2672.75,2700.22509765625,200292
2018-05-11,2383.67041015625,2738.85009765625,2746.199951171875,2700.0,2700.0,124232
2018-05-14,2377.751953125,2732.050048828125,2755.0,2706.60009765625,2755.0,80048
2018-05-15,2373.704833984375,2727.39990234375,2753.85009765625,2708.14990234375,2750.0,277736
2018-05-16,2411.73828125,2771.10009765625,2792.5,2667.824951171875,2715.0,478002
2018-05-17,2383.257080078125,2738.375,2785.0,2720.52490234375,2775.0,266524
2018-05-18,2435.606201171875,2798.52490234375,2820.0,2740.125,2754.5,306418
2018-05-21,2402.773681640625,2760.800048828125,2835.5,2739.449951171875,2803.5,222480
2018-05-22,2438.80517578125,2802.199951171875,2815.0,2760.14990234375,2774.72509765625,223362
2018-05-23,2487.238525390625,2857.85009765625,2867.5,2800.0,2810.0,389010
2018-05-24,2488.325927734375,2859.10009765625,2895.949951171875,2841.0,2851.675048828125,263790
2018-05-25,2535.889404296875,2913.75,2925.0,2853.02490234375,2860.0,234922
2018-05-28,2542.612548828125,2921.47509765625,2939.375,2896.5,2939.375,136482
2018-05-29,2526.1416015625,2902.550048828125,2934.0,2889.125,2927.35009765625,169824
2018-05-30,2519.50537109375,2894.925048828125,2909.77490234375,2868.0,2876.699951171875,220698
2018-05-31,2577.859619140625,2961.97509765625,3007.89990234375,2880.0,2900.0,620770
2018-06-01,2529.340087890625,2906.22509765625,2987.0,2897.10009765625,2987.0,244766
2018-06-04,2509.214111328125,2883.10009765625,2932.02490234375,2855.300048828125,2918.699951171875,234986
2018-06-05,2529.05712890625,2905.89990234375,2920.0,2877.77490234375,2877.77490234375,146208
2018-06-06,2557.407958984375,2938.47509765625,2944.5,2902.5,2902.5,137324
2018-06-07,2608.03857421875,2996.64990234375,3008.5,2944.050048828125,2955.0,244240
2018-06-08,2575.11865234375,2958.824951171875,3008.0,2944.02490234375,3008.0,176896
2018-06-11,2571.9853515625,2955.22509765625,2982.125,2950.5,2963.5,138474
2018-06-12,2587.716796875,2973.300048828125,2977.5,2930.27490234375,2955.22509765625,90798
2018-06-13,2618.416748046875,3008.574951171875,3040.0,2967.550048828125,2967.550048828125,198276
2018-06-14,2611.7158203125,3000.875,3023.5,2985.5,3023.5,153536
2018-06-15,2670.396484375,3068.300048828125,3089.72509765625,2997.64990234375,3007.5,358540
2018-06-18,2643.156005859375,3037.0,3066.85009765625,3029.949951171875,3066.85009765625,234716
2018-06-19,2600.74951171875,2988.27490234375,3041.47509765625,2961.02490234375,3030.0,190784
2018-06-20,2609.017578125,2997.77490234375,3027.75,2985.0,2999.199951171875,259288
2018-06-21,2594.722900390625,2981.35009765625,3014.97509765625,2975.0,3000.0,151972
2018-06-22,2593.30859375,2979.72509765625,2999.0,2947.52490234375,2984.449951171875,184020
2018-06-25,2601.119384765625,2988.699951171875,3024.949951171875,2980.0,2987.0,129686
2018-06-26,2632.755859375,3025.050048828125,3040.89990234375,2981.5,3003.0,225122
2018-06-27,2649.073974609375,3043.800048828125,3064.5,3024.0,3043.0,273890
2018-06-28,2667.3291015625,3064.77490234375,3074.0,3027.77490234375,3062.0,256268
2018-06-29,2703.969482421875,3106.875,3128.97509765625,3056.14990234375,3075.0,315222
2018-07-02,2712.32421875,3116.47509765625,3133.97509765625,3085.074951171875,3113.5,160600
2018-07-03,2705.18798828125,3108.27490234375,3129.800048828125,3093.02490234375,3129.800048828125,187682
2018-07-04,2741.392822265625,3149.875,3159.550048828125,3105.02490234375,3105.02490234375,197908
2018-07-05,2744.678466796875,3153.64990234375,3184.5,3147.10009765625,3174.5,144032
2018-07-06,2745.81005859375,3154.949951171875,3179.75,3140.5,3145.0,234676
2018-07-09,2777.554443359375,3191.425048828125,3203.574951171875,3150.0,3155.5,123170
2018-07-10,2780.53564453125,3194.85009765625,3212.52490234375,3185.125,3205.0,183948
2018-07-11,2766.632080078125,3178.875,3204.47509765625,3154.0,3204.0,294276
2018-07-12,2787.476318359375,3202.824951171875,3215.60009765625,3161.125,3199.97509765625,287710
2018-07-13,2817.698486328125,3237.550048828125,3250.0,3195.0,3195.0,220690
2018-07-16,2842.763916015625,3266.35009765625,3283.5,3249.97509765625,3250.0,172274
2018-07-17,2796.7236328125,3213.449951171875,3287.10009765625,3207.27490234375,3272.5,217354
2018-07-18,2770.134765625,3182.89990234375,3237.52490234375,3155.0,3225.5,214518
2018-07-19,2772.963623046875,3186.14990234375,3198.199951171875,3141.625,3182.5,197248
2018-07-20,2766.806640625,3179.074951171875,3217.35009765625,3155.5,3188.0,193864
2018-07-23,2800.66162109375,3217.97509765625,3236.199951171875,3182.5,3200.0,169912
2018-07-24,2813.93408203125,3233.22509765625,3247.5,3199.0,3232.5,158028
2018-07-25,2804.1650390625,3222.0,3262.0,3215.0,3249.5,108572
2018-07-26,2806.90625,3225.14990234375,3247.27490234375,3207.27490234375,3244.5,215952
2018-07-27,2789.388671875,3192.60009765625,3250.0,3185.0,3222.0,139908
2018-07-30,2765.90771484375,3165.72509765625,3212.5,3102.824951171875,3212.5,387246
2018-07-31,2857.973876953125,3271.10009765625,3280.0,3145.72509765625,3189.949951171875,344678
2018-08-01,2835.104736328125,3244.925048828125,3312.5,3212.47509765625,3290.0,307076
2018-08-02,2820.928955078125,3228.699951171875,3274.5,3219.52490234375,3240.0,232300
2018-08-03,2792.665283203125,3196.35009765625,3261.0,3184.10009765625,3260.0,344500
2018-08-06,2763.83251953125,3163.35009765625,3244.0,3132.425048828125,3220.0,1199318
2018-08-07,2708.658203125,3100.199951171875,3183.27490234375,3085.0,3167.0,699322
2018-08-08,2752.77978515625,3150.699951171875,3158.5,3108.02490234375,3115.800048828125,383192
2018-08-09,2767.633056640625,3167.699951171875,3179.27490234375,3140.27490234375,3160.0,261426
2018-08-10,2771.281005859375,3171.875,3181.5,3140.550048828125,3181.5,218272
2018-08-13,2809.2431640625,3215.324951171875,3225.5,3156.5,3171.5,324370
2018-08-14,2821.846435546875,3229.75,3247.199951171875,3212.27490234375,3225.0,336188
2018-08-16,2836.983154296875,3247.074951171875,3260.0,3213.050048828125,3234.5,295894
2018-08-17,2896.2861328125,3314.949951171875,3320.22509765625,3239.60009765625,3259.64990234375,403128
2018-08-20,2958.100341796875,3385.699951171875,3393.39990234375,3325.0,3334.5,289424
2018-08-21,2995.69189453125,3428.72509765625,3457.10009765625,3355.02490234375,3397.5,440782
2018-08-23,3014.344970703125,3450.074951171875,3467.175048828125,3415.85009765625,3459.0,325100
2018-08-24,2958.99609375,3386.72509765625,3445.0,3382.5,3445.0,275836
2018-08-27,2972.757080078125,3402.47509765625,3430.0,3390.75,3393.300048828125,130788
2018-08-28,2990.537109375,3422.824951171875,3429.22509765625,3409.5,3421.949951171875,155306
2018-08-29,2942.548583984375,3367.89990234375,3425.5,3363.10009765625,3425.5,189950
2018-08-30,2922.540771484375,3345.0,3388.0,3282.60009765625,3367.89990234375,300922
2018-08-31,2942.9638671875,3368.375,3390.0,3325.02490234375,3345.300048828125,219378
2018-09-03,2868.3056640625,3282.925048828125,3407.47509765625,3266.0,3395.0,170104
2018-09-04,2771.412109375,3172.02490234375,3304.324951171875,3149.85009765625,3268.199951171875,408846
2018-09-05,2701.930908203125,3092.5,3159.875,3025.0,3134.0,746628
2018-09-06,2706.059326171875,3097.22509765625,3159.47509765625,3060.574951171875,3099.97509765625,365564
2018-09-07,2721.196044921875,3114.550048828125,3137.199951171875,3087.89990234375,3120.449951171875,173558
2018-09-10,2662.17724609375,3047.0,3122.5,3042.5,3120.0,171172
2018-09-11,2594.923828125,2970.02490234375,3055.27490234375,2960.074951171875,3051.300048828125,424094
2018-09-12,2627.88427734375,3007.75,3030.0,2955.175048828125,2990.0,439116
2018-09-14,2670.17138671875,3056.14990234375,3075.0,3000.0,3034.5,522686
2018-09-17,2630.614501953125,3010.875,3054.0,2988.27490234375,3054.0,295048
2018-09-18,2650.11962890625,3033.199951171875,3077.699951171875,3001.22509765625,3011.25,475678
2018-09-19,2603.595458984375,2979.949951171875,3064.0,2965.0,3064.0,266474
2018-09-21,2529.70166015625,2895.375,3002.47509765625,2685.02490234375,2987.550048828125,741492
2018-09-24,2447.24560546875,2801.0,2918.75,2781.25,2918.75,391462
2018-09-25,2522.31884765625,2886.925048828125,2905.64990234375,2741.02490234375,2812.5,468202
2018-09-26,2482.150390625,2840.949951171875,2937.5,2825.0,2935.0,381034
2018-09-27,2489.9697265625,2849.89990234375,2883.0,2812.5,2842.5,464964
2018-09-28,2544.009033203125,2911.75,2945.0,2767.10009765625,2897.0,886018
2018-10-01,2552.76708984375,2921.77490234375,2940.0,2850.5,2930.0,345992
2018-10-03,2507.26904296875,2869.699951171875,2917.324951171875,2851.0,2912.0,267012
2018-10-04,2457.446044921875,2812.675048828125,2849.0,2775.199951171875,2849.0,637498
2018-10-05,2379.839599609375,2723.85009765625,2807.5,2690.074951171875,2807.5,518324
2018-10-08,2421.68994140625,2771.75,2784.949951171875,2673.574951171875,2694.5,459540
2018-10-09,2407.6015625,2755.625,2839.449951171875,2723.074951171875,2824.0,638166
2018-10-10,2493.7705078125,2854.25,2875.0,2732.02490234375,2737.5,274440
2018-10-11,2433.354248046875,2785.10009765625,2831.22509765625,2745.300048828125,2762.5,274782
2018-10-12,2515.17626953125,2878.75,2894.5,2810.64990234375,2834.72509765625,435472
2018-10-15,2477.65087890625,2835.800048828125,2892.47509765625,2810.0,2892.0,388950
2018-10-16,2490.275634765625,2850.25,2885.0,2810.0,2855.72509765625,196318
2018-10-17,2420.61962890625,2770.52490234375,2888.824951171875,2752.550048828125,2879.5,378956
2018-10-19,2430.4267578125,2781.75,2797.0,2737.5,2774.0,341554
2018-10-22,2437.70068359375,2790.074951171875,2811.25,2775.5,2808.5,190686
2018-10-23,2395.937255859375,2742.27490234375,2800.550048828125,2726.125,2784.5,384402
2018-10-24,2341.59326171875,2680.074951171875,2792.0,2655.0,2762.75,484590
2018-10-25,2319.379150390625,2654.64990234375,2704.800048828125,2628.0,2655.0,496216
2018-10-26,2324.27197265625,2660.25,2694.5,2628.60009765625,2669.72509765625,267434
2018-10-29,2358.2373046875,2699.125,2724.5,2651.324951171875,2658.89990234375,188156
2018-10-30,2379.927001953125,2723.949951171875,2733.5,2687.699951171875,2710.0,269272
2018-10-31,2465.63720703125,2822.050048828125,2833.02490234375,2719.52490234375,2733.5,424200
2018-11-01,2438.967529296875,2791.52490234375,2858.925048828125,2782.5,2840.0,251860
2018-11-02,2446.80908203125,2800.5,2862.5,2790.0,2810.5,253576
2018-11-05,2496.391357421875,2857.25,2865.72509765625,2805.5,2807.0,183000
2018-11-06,2499.34033203125,2860.625,2899.5,2825.60009765625,2862.25,230172
2018-11-07,2499.34033203125,2860.625,2860.625,2860.625,2860.625,0
2018-11-09,2510.34912109375,2873.22509765625,2944.5,2850.5,2917.0,442248
2018-11-12,2515.197998046875,2878.77490234375,2911.199951171875,2791.699951171875,2883.75,697690
2018-11-13,2539.224853515625,2906.27490234375,2920.0,2828.0,2890.0,361806
2018-11-14,2520.964599609375,2885.375,2931.5,2865.800048828125,2930.0,309186
2018-11-15,2541.671142578125,2909.074951171875,2914.0,2866.02490234375,2897.0,122506
2018-11-16,2598.243408203125,2973.824951171875,2995.0,2895.0,2916.5,451886
2018-11-19,2616.5478515625,2994.77490234375,3012.0,2970.0,2995.0,368136
2018-11-20,2572.4912109375,2944.35009765625,3002.949951171875,2920.425048828125,2985.0,216502
2018-11-21,2623.14453125,3002.324951171875,3012.5,2955.0,2955.0,395944
2018-11-22,2624.913818359375,3004.35009765625,3030.199951171875,2990.0,3005.0,349046
2018-11-26,2624.629638671875,3004.02490234375,3029.449951171875,2975.5,3019.0,348208
2018-11-27,2636.4248046875,3017.52490234375,3040.0,2983.0,3009.949951171875,430868
2018-11-28,2604.403564453125,2980.875,3035.0,2975.25,3035.0,248828
2018-11-29,2649.37744140625,3032.35009765625,3045.0,2985.0,3016.0,414182
2018-11-30,2769.424072265625,3169.75,3197.0,3040.800048828125,3040.89990234375,954568
2018-12-03,2703.677734375,3094.5,3188.89990234375,3081.35009765625,3175.0,311813
2018-12-04,2702.45458984375,3093.10009765625,3128.75,3056.10009765625,3100.199951171875,329006
2018-12-05,2702.36767578125,3093.0,3109.39990234375,3065.050048828125,3090.0,205221
2018-12-06,2609.18701171875,2986.35009765625,3078.89990234375,2980.0,3078.89990234375,302116
2018-12-07,2625.787353515625,3005.35009765625,3013.85009765625,2950.0,2986.35009765625,155500
2018-12-10,2604.206298828125,2980.64990234375,3000.0,2930.0,2984.949951171875,197626
2018-12-11,2618.666015625,2997.199951171875,3009.89990234375,2940.0,2970.0,198219
2018-12-12,2670.47705078125,3056.5,3074.0,3000.25,3001.800048828125,261560
2018-12-13,2746.227294921875,3143.199951171875,3157.949951171875,3083.14990234375,3088.0,401085
2018-12-14,2739.718505859375,3135.75,3171.10009765625,3097.449951171875,3139.699951171875,187229
2018-12-17,2763.701171875,3163.199951171875,3170.0,3114.0,3159.75,228526
2018-12-18,2768.507080078125,3168.699951171875,3183.0,3130.0,3157.0,230834
2018-12-19,2821.060302734375,3228.85009765625,3245.0,3170.0,3179.89990234375,425672
2018-12-20,2770.38525390625,3170.85009765625,3234.75,3160.14990234375,3207.699951171875,205790
2018-12-21,2725.782958984375,3119.800048828125,3200.0,3107.10009765625,3199.0,359201
2018-12-24,2708.963623046875,3100.550048828125,3157.0,3082.14990234375,3120.5,245822
2018-12-26,2698.8291015625,3088.949951171875,3114.0,3041.0,3086.39990234375,159442
2018-12-27,2686.989990234375,3075.39990234375,3124.949951171875,3062.0,3110.0,240314
2018-12-28,2707.172607421875,3098.5,3114.35009765625,3080.949951171875,3083.0,169577
2018-12-31,2721.9384765625,3115.39990234375,3120.0,3083.0,3105.14990234375,184698
2019-01-01,2711.14794921875,3103.050048828125,3128.89990234375,3080.0,3120.0,140863
2019-01-02,2723.205322265625,3116.85009765625,3131.0,3081.199951171875,3100.0,152324
2019-01-03,2739.849365234375,3135.89990234375,3177.0,3097.39990234375,3116.85009765625,311498
2019-01-04,2728.31640625,3122.699951171875,3159.199951171875,3105.550048828125,3137.949951171875,170818
2019-01-07,2746.751708984375,3143.800048828125,3155.0,3125.0,3137.10009765625,152966
2019-01-08,2699.35302734375,3089.550048828125,3155.0,3080.0,3155.0,217274
2019-01-09,2702.0615234375,3092.64990234375,3119.85009765625,3081.0,3114.0,257227
2019-01-10,2698.8291015625,3088.949951171875,3100.0,3073.0,3100.0,229690
2019-01-11,2705.731201171875,3096.85009765625,3116.75,3079.60009765625,3090.0,353709
2019-01-14,2720.409423828125,3113.64990234375,3124.0,3063.0,3102.0,154975
2019-01-15,2781.787353515625,3183.89990234375,3199.89990234375,3095.0,3120.14990234375,278642
2019-01-16,2774.666259765625,3175.75,3204.89990234375,3145.0,3184.0,182044
2019-01-17,2802.057373046875,3207.10009765625,3212.0,3175.050048828125,3181.0,154540
2019-01-18,2770.822265625,3171.35009765625,3217.35009765625,3134.25,3214.85009765625,161433
2019-01-21,2750.7705078125,3148.39990234375,3198.550048828125,3136.5,3170.0,174710
2019-01-22,2755.35791015625,3153.64990234375,3174.949951171875,3130.14990234375,3150.0,156085
2019-01-23,2799.2177734375,3203.85009765625,3229.0,3161.050048828125,3177.0,286992
2019-01-24,2810.575927734375,3216.85009765625,3225.0,3190.550048828125,3217.0,148520
2019-01-25,2801.663818359375,3206.64990234375,3270.0,3193.050048828125,3221.0,325166
2019-01-28,2798.86767578125,3203.449951171875,3222.0,3131.0,3210.5,216799
2019-01-29,2778.423583984375,3180.050048828125,3197.0,3152.5,3197.0,179979
2019-01-30,2803.54248046875,3208.800048828125,3222.0,3180.10009765625,3197.0,116521
2019-01-31,2793.84423828125,3197.699951171875,3231.949951171875,3189.199951171875,3231.949951171875,255273
2019-02-01,2840.41259765625,3251.0,3286.0,3201.0,3201.0,387188
2019-02-04,2853.518310546875,3266.0,3280.39990234375,3228.199951171875,3251.35009765625,140277
2019-02-05,2767.065185546875,3167.050048828125,3316.0,3150.10009765625,3278.0,503959
2019-02-06,2779.60302734375,3181.39990234375,3199.949951171875,3105.050048828125,3188.5,313476
2019-02-07,2808.17333984375,3214.10009765625,3230.0,3174.10009765625,3210.0,374133
2019-02-08,2717.22021484375,3110.0,3210.0,3095.0,3138.5,640983
2019-02-11,2715.079833984375,3107.550048828125,3132.300048828125,3055.300048828125,3120.0,265355
2019-02-12,2628.62744140625,3008.60009765625,3107.0,3001.0,3105.0,515301
2019-02-14,2555.235595703125,2924.60009765625,2949.0,2900.0,2915.0,288540
2019-02-15,2497.3525390625,2858.35009765625,2945.0,2846.0,2945.0,374811
2019-02-18,2543.965087890625,2911.699951171875,2939.0,2759.0,2860.0,700981
2019-02-19,2510.63330078125,2873.550048828125,2975.949951171875,2851.0,2910.199951171875,484180
2019-02-20,2553.22607421875,2922.300048828125,2930.0,2884.0,2884.0,271061
2019-02-21,2622.510986328125,3001.60009765625,3018.0,2935.0,2943.949951171875,724297
2019-02-22,2632.29638671875,3012.800048828125,3057.300048828125,2972.699951171875,3008.0,313430
2019-02-25,2663.2255859375,3048.199951171875,3077.0,2982.0,3013.199951171875,336072
2019-02-26,2685.330322265625,3073.5,3092.949951171875,3018.25,3056.0,568492
2019-02-27,2672.31201171875,3058.60009765625,3108.949951171875,3023.35009765625,3080.0,393442
2019-02-28,2670.826416015625,3056.89990234375,3098.60009765625,3032.89990234375,3071.0,447041
2019-03-01,2688.606689453125,3077.25,3090.35009765625,3062.300048828125,3083.0,217420
2019-03-05,2681.26806640625,3068.85009765625,3100.25,3060.0,3065.199951171875,246280
2019-03-06,2644.572265625,3026.85009765625,3086.949951171875,3009.0,3086.949951171875,383038
2019-03-07,2659.425048828125,3043.85009765625,3069.0,3028.699951171875,3045.0,254411
2019-03-08,2683.320556640625,3071.199951171875,3079.5,3021.0,3041.0,190651
2019-03-11,2737.708740234375,3133.449951171875,3139.5,3066.5,3086.0,336189
2019-03-12,2739.194091796875,3135.14990234375,3178.800048828125,3120.89990234375,3165.89990234375,413123
2019-03-13,2732.029296875,3126.949951171875,3150.0,3093.89990234375,3136.0,298030
2019-03-14,2751.64404296875,3149.39990234375,3170.0,3116.0,3135.0,293230
2019-03-15,2679.258056640625,3066.550048828125,3169.0,3054.699951171875,3160.0,403251
2019-03-18,2728.884521484375,3123.35009765625,3134.89990234375,3060.10009765625,3090.0,238905
2019-03-19,2730.67529296875,3125.39990234375,3138.85009765625,3084.0,3128.0,184380
2019-03-20,2698.086181640625,3088.10009765625,3135.0,3079.39990234375,3126.800048828125,257001
2019-03-22,2707.260498046875,3098.60009765625,3117.89990234375,3088.0,3094.0,197654
2019-03-25,2700.401611328125,3090.75,3099.0,3061.10009765625,3074.75,224948
2019-03-26,2707.740478515625,3099.14990234375,3132.0,3060.0,3100.0,340645
2019-03-27,2705.774658203125,3096.89990234375,3117.0,3078.0,3117.0,360838
2019-03-28,2705.46923828125,3096.550048828125,3118.5,3028.0,3092.0,3470524
2019-04-01,2664.6669921875,3049.85009765625,3109.0,3044.0,3104.949951171875,497409
2019-04-02,2616.045654296875,2994.199951171875,3059.60009765625,2980.39990234375,3056.0,378147
2019-04-03,2612.463134765625,2990.10009765625,3013.5,2955.199951171875,2990.0,439719
2019-04-04,2657.6337890625,3041.800048828125,3055.0,2984.14990234375,3001.949951171875,464430
2019-04-05,2615.91455078125,2994.050048828125,3051.050048828125,2985.75,3048.0,387504
2019-04-08,2596.212158203125,2971.5,3013.949951171875,2964.5,3000.0,293053
2019-04-09,2588.6982421875,2962.89990234375,2988.75,2942.5,2973.10009765625,350181
2019-04-10,2585.116455078125,2958.800048828125,2995.0,2951.300048828125,2969.89990234375,377556
2019-04-11,2573.976806640625,2946.050048828125,2974.050048828125,2940.0,2964.0,276801
2019-04-12,2607.39599609375,2984.300048828125,2990.0,2944.0,2952.0,261483
2019-04-15,2619.758544921875,2998.449951171875,3008.0,2972.0,2998.0,221766
2019-04-16,2639.02392578125,3020.5,3030.0,2998.0,3000.0,258557
2019-04-18,2619.1474609375,2997.75,3029.85009765625,2988.14990234375,3029.85009765625,155314
2019-04-22,2621.243896484375,3000.14990234375,3014.0,2971.0,2989.0,150447
2019-04-23,2613.24951171875,2991.0,3013.949951171875,2986.35009765625,3002.0,138140
2019-04-24,2602.066162109375,2978.199951171875,2997.550048828125,2952.050048828125,2988.0,222279
2019-04-25,2594.24609375,2969.25,2999.0,2962.64990234375,2988.0,163138
2019-04-26,2592.89208984375,2967.699951171875,2990.0,2955.0,2990.0,121340
2019-04-30,2530.29150390625,2896.050048828125,2974.89990234375,2876.050048828125,2970.0,458803
2019-05-02,2431.56298828125,2783.050048828125,2959.949951171875,2772.0,2927.0,1439763
2019-05-03,2355.63818359375,2696.14990234375,2803.85009765625,2690.0,2782.949951171875,1857697
2019-05-06,2329.295654296875,2666.0,2699.0,2654.449951171875,2699.0,764919
2019-05-07,2315.79736328125,2650.550048828125,2720.5,2644.699951171875,2683.0,1182277
2019-05-08,2314.8798828125,2649.5,2667.10009765625,2615.85009765625,2656.60009765625,723429
2019-05-09,2334.886962890625,2672.39990234375,2689.800048828125,2637.0,2637.0,457843
2019-05-10,2348.997802734375,2688.550048828125,2725.0,2673.0,2680.0,471289
2019-05-13,2338.513427734375,2676.550048828125,2707.60009765625,2668.550048828125,2695.0,332869
2019-05-14,2356.90478515625,2697.60009765625,2723.0,2658.050048828125,2675.89990234375,403041
2019-05-15,2348.298828125,2687.75,2709.949951171875,2660.0,2700.0,322361
2019-05-16,2373.155517578125,2716.199951171875,2737.0,2677.800048828125,2699.800048828125,307180
2019-05-17,2428.24267578125,2779.25,2785.10009765625,2710.0,2719.85009765625,533790
2019-05-20,2447.420654296875,2801.199951171875,2840.0,2781.0,2839.0,442704
2019-05-21,2488.921630859375,2848.699951171875,2867.39990234375,2794.10009765625,2800.0,490607
2019-05-22,2492.3720703125,2852.64990234375,2878.0,2817.5,2861.0,393507
2019-05-23,2480.184326171875,2838.699951171875,2890.0,2827.10009765625,2874.0,262582
2019-05-24,2490.974609375,2851.050048828125,2867.0,2808.199951171875,2845.0,227827
2019-05-27,2530.728515625,2896.550048828125,2905.0,2858.050048828125,2870.0,267259
2019-05-28,2522.384033203125,2887.0,2925.0,2880.0,2910.0,441693
2019-05-29,2548.595458984375,2917.0,2930.0,2871.0,2887.5,248043
2019-05-30,2522.51513671875,2887.14990234375,2937.050048828125,2874.60009765625,2921.0,225789
2019-05-31,2552.92041015625,2921.949951171875,2970.0,2889.60009765625,2895.0,577546
2019-06-03,2595.076171875,2970.199951171875,3000.0,2935.89990234375,2936.0,535064
2019-06-04,2588.873291015625,2963.10009765625,2985.0,2951.0,2970.199951171875,211082
2019-06-06,2534.92236328125,2901.35009765625,2977.949951171875,2881.800048828125,2965.300048828125,333116
2019-06-07,2533.130859375,2899.300048828125,2919.300048828125,2860.0,2905.0,285268
2019-06-10,2616.132568359375,2994.300048828125,3005.0,2909.699951171875,2909.699951171875,477974
2019-06-11,2603.901123046875,2980.300048828125,3010.0,2970.0,3005.0,282227
2019-06-12,2618.40478515625,2996.89990234375,3005.0,2960.949951171875,2979.949951171875,203661
2019-06-13,2607.614013671875,2984.550048828125,2994.60009765625,2952.0,2989.300048828125,213532
2019-06-14,2589.7470703125,2964.10009765625,2986.14990234375,2954.449951171875,2972.0,117529
2019-06-17,2533.043212890625,2899.199951171875,2977.89990234375,2891.10009765625,2964.10009765625,234062
2019-06-18,2505.128662109375,2867.25,2905.0,2860.0,2905.0,302729
2019-06-19,2512.51171875,2875.699951171875,2904.5,2850.0,2872.0,258721
2019-06-20,2476.121826171875,2834.050048828125,2870.85009765625,2796.550048828125,2850.0,425859
2019-06-21,2469.699951171875,2826.699951171875,2874.449951171875,2805.0,2835.0,363700
2019-06-24,2429.334716796875,2780.5,2865.0,2771.050048828125,2830.0,369267
2019-06-25,2453.099609375,2807.699951171875,2818.35009765625,2753.60009765625,2776.0,304799
2019-06-26,2387.746337890625,2732.89990234375,2813.449951171875,2700.0,2805.0,1387720
2019-06-27,2381.63037109375,2725.89990234375,2764.60009765625,2720.0,2740.0,964520
2019-06-28,2397.1826171875,2743.699951171875,2768.0,2732.0,2735.0,363938
2019-07-01,2391.809326171875,2737.550048828125,2771.0,2732.0,2750.10009765625,282998
2019-07-02,2419.505859375,2769.25,2777.0,2734.300048828125,2741.050048828125,242283
2019-07-03,2441.741455078125,2794.699951171875,2819.0,2765.449951171875,2779.0,454114
2019-07-04,2482.499755859375,2841.35009765625,2850.0,2789.0,2790.0,346395
2019-07-05,2468.083740234375,2824.85009765625,2862.89990234375,2811.89990234375,2858.0,361520
2019-07-08,2429.902587890625,2781.14990234375,2834.949951171875,2771.050048828125,2829.89990234375,302972
2019-07-09,2413.7392578125,2762.64990234375,2778.39990234375,2730.14990234375,2770.0,314268
2019-07-10,2419.767822265625,2769.550048828125,2805.0,2742.89990234375,2762.0,356987
2019-07-11,2415.92333984375,2765.14990234375,2790.89990234375,2757.0,2780.0,206136
2019-07-12,2429.422119140625,2780.60009765625,2800.0,2750.75,2763.0,186082
2019-07-15,2423.306640625,2773.60009765625,2795.0,2755.0,2795.0,150530
2019-07-16,2400.196533203125,2747.14990234375,2777.0,2737.60009765625,2770.0,221663
2019-07-17,2444.449951171875,2797.800048828125,2809.949951171875,2748.0,2753.949951171875,306989
2019-07-18,2464.5888671875,2820.85009765625,2844.0,2787.550048828125,2800.0,477907
2019-07-19,2401.94384765625,2749.14990234375,2836.64990234375,2712.10009765625,2836.35009765625,403725
2019-07-22,2389.14453125,2734.5,2773.300048828125,2718.0,2755.0,209576
2019-07-23,2385.3876953125,2730.199951171875,2749.949951171875,2701.0,2739.0,242451
2019-07-24,2307.84619140625,2641.449951171875,2740.0,2620.050048828125,2729.0,525583
2019-07-25,2334.144287109375,2671.550048828125,2685.0,2631.10009765625,2635.64990234375,771878
2019-07-26,2331.43603515625,2668.449951171875,2684.85009765625,2616.550048828125,2665.0,393941
2019-07-29,2334.7998046875,2672.300048828125,2689.300048828125,2652.60009765625,2661.75,245049
2019-07-30,2286.528076171875,2617.050048828125,2696.949951171875,2592.5,2675.0,354859
2019-07-31,2275.99951171875,2605.0,2632.0,2540.300048828125,2621.0,487675
2019-08-01,2285.578125,2600.89990234375,2620.60009765625,2575.050048828125,2590.0,332895
2019-08-02,2279.865966796875,2594.39990234375,2625.0,2555.0,2588.89990234375,347132
2019-08-05,2265.761962890625,2578.35009765625,2597.0,2542.85009765625,2585.949951171875,211393
2019-08-06,2241.332275390625,2550.550048828125,2611.75,2538.300048828125,2563.0,404564
2019-08-07,2232.544921875,2540.550048828125,2565.050048828125,2530.0,2551.0,308676
2019-08-08,2265.10302734375,2577.60009765625,2590.0,2536.85009765625,2558.800048828125,286738
2019-08-09,2274.373779296875,2588.14990234375,2644.35009765625,2522.300048828125,2590.89990234375,1430286
2019-08-13,2207.36767578125,2511.89990234375,2565.0,2491.0,2565.0,731080
2019-08-14,2178.369140625,2478.89990234375,2549.699951171875,2470.0,2549.699951171875,466208
2019-08-16,2196.427734375,2499.449951171875,2505.0,2442.0,2500.0,734216
2019-08-19,2177.929443359375,2478.39990234375,2520.0,2471.10009765625,2520.0,586547
2019-08-20,2103.32275390625,2393.5,2470.0,2371.0,2470.0,1174827
2019-08-21,2095.41357421875,2384.5,2405.0,2300.0,2389.0,1700962
2019-08-22,2144.843994140625,2440.75,2477.0,2393.0,2393.5,1252406
2019-08-23,2167.60400390625,2466.64990234375,2502.0,2402.199951171875,2425.39990234375,629497
2019-08-26,2226.656982421875,2533.85009765625,2547.800048828125,2483.550048828125,2500.0,748623
2019-08-27,2360.273193359375,2685.89990234375,2724.300048828125,2530.0,2535.35009765625,2211174
2019-08-28,2375.38818359375,2703.10009765625,2743.25,2672.050048828125,2700.0,1149926
2019-08-29,2352.320556640625,2676.85009765625,2737.0,2651.5,2703.199951171875,535368
2019-08-30,2374.11376953125,2701.64990234375,2726.449951171875,2687.5,2690.0,507782
2019-09-03,2379.562255859375,2707.85009765625,2763.14990234375,2683.10009765625,2699.0,716548
2019-09-04,2315.939453125,2635.449951171875,2747.550048828125,2626.0,2710.0,752108
2019-09-05,2353.902099609375,2678.64990234375,2705.0,2640.0,2651.0,931162
2019-09-06,2344.54345703125,2668.0,2721.300048828125,2646.199951171875,2695.39990234375,478053
2019-09-09,2357.461181640625,2682.699951171875,2694.800048828125,2650.199951171875,2669.89990234375,298664
2019-09-11,2343.136962890625,2666.39990234375,2704.0,2660.0,2696.0,334013
2019-09-12,2352.452392578125,2677.0,2683.14990234375,2647.64990234375,2666.39990234375,310751
2019-09-13,2350.34326171875,2674.60009765625,2682.0,2642.0,2681.0,245991
2019-09-16,2385.88916015625,2715.050048828125,2730.0,2646.10009765625,2660.0,428246
2019-09-17,2366.029296875,2692.449951171875,2740.949951171875,2678.800048828125,2720.0,604927
2019-09-18,2296.95849609375,2613.85009765625,2668.699951171875,2588.199951171875,2668.699951171875,832018
2019-09-19,2303.944091796875,2621.800048828125,2653.199951171875,2590.0,2618.0,499689
2019-09-20,2519.41748046875,2867.0,2883.0,2602.550048828125,2633.0,1324910
2019-09-23,2683.438720703125,3053.64990234375,3583.75,2951.0,2960.0,1743589
2019-09-24,2706.769775390625,3080.199951171875,3115.0,3055.0,3100.0,809417
2019-09-25,2667.928466796875,3036.0,3090.300048828125,3001.0,3079.949951171875,582998
2019-09-26,2717.8427734375,3092.800048828125,3105.0,3050.0,3058.0,514054
2019-09-27,2649.5625,3015.10009765625,3109.699951171875,3005.949951171875,3100.050048828125,432428
2019-09-30,2587.214111328125,2944.14990234375,3023.949951171875,2930.10009765625,3010.0,553451
2019-10-01,2565.596435546875,2919.550048828125,2987.39990234375,2900.14990234375,2952.0,474514
2019-10-03,2551.0087890625,2902.949951171875,2919.0,2850.0,2914.800048828125,285265
2019-10-04,2500.216064453125,2845.14990234375,2931.35009765625,2835.10009765625,2915.0,313496
2019-10-07,2595.29833984375,2953.35009765625,2968.75,2851.449951171875,2857.85009765625,969709
2019-10-09,2687.700927734375,3058.5,3074.64990234375,2926.89990234375,2971.800048828125,1037068
2019-10-10,2669.46630859375,3037.75,3061.0,3001.0,3060.10009765625,422209
2019-10-11,2708.30810546875,3081.949951171875,3096.949951171875,3043.300048828125,3048.89990234375,510119
2019-10-14,2732.649658203125,3109.64990234375,3124.0,3068.949951171875,3093.949951171875,350920
2019-10-15,2795.43701171875,3181.10009765625,3193.64990234375,3112.35009765625,3129.10009765625,583008
2019-10-16,2791.61474609375,3176.75,3185.0,3155.0,3185.0,271629
2019-10-17,2854.0947265625,3247.85009765625,3266.35009765625,3160.0,3176.0,673820
2019-10-18,2858.049560546875,3252.35009765625,3259.199951171875,3222.550048828125,3227.85009765625,230815
2019-10-22,2854.27099609375,3248.050048828125,3291.89990234375,3220.10009765625,3220.10009765625,435837
2019-10-23,2895.26513671875,3294.699951171875,3344.5,3253.0,3260.0,591914
2019-10-24,2885.686767578125,3283.800048828125,3342.0,3260.25,3312.0,401741
2019-10-25,2871.01123046875,3267.10009765625,3298.85009765625,3247.0,3298.85009765625,213353
2019-10-27,2863.98095703125,3259.10009765625,3305.050048828125,3237.35009765625,3292.0,39581
2019-10-29,2946.0576171875,3352.5,3367.0,3259.0,3273.0,458464
2019-10-30,2891.222900390625,3290.10009765625,3399.0,3276.0,3373.0,496662
2019-10-31,2870.572021484375,3266.60009765625,3343.550048828125,3255.0,3298.60009765625,488894
2019-11-01,2872.285400390625,3268.550048828125,3295.0,3236.699951171875,3295.0,320106
2019-11-04,2847.06494140625,3239.85009765625,3299.0,3227.0,3290.0,283144
2019-11-05,2839.947021484375,3231.75,3280.0,3202.300048828125,3255.0,330794
2019-11-06,2836.519775390625,3227.85009765625,3257.85009765625,3191.0,3239.85009765625,347320
2019-11-07,2832.9609375,3223.800048828125,3256.60009765625,3204.89990234375,3249.0,288996
2019-11-08,2775.1376953125,3158.0,3245.449951171875,3143.0,3228.0,376182
2019-11-11,2741.349609375,3119.550048828125,3195.0,3110.0,3157.0,464906
2019-11-13,2873.340087890625,3269.75,3299.0,3200.0,3271.0,1853222
2019-11-14,2839.112060546875,3230.800048828125,3274.89990234375,3200.0,3274.89990234375,515326
2019-11-15,2808.13525390625,3195.550048828125,3260.0,3185.14990234375,3230.199951171875,261412
2019-11-18,2760.111083984375,3140.89990234375,3217.14990234375,3126.0,3203.0,429862
2019-11-19,2742.052490234375,3120.35009765625,3158.35009765625,3110.0,3140.89990234375,261351
2019-11-20,2738.49365234375,3116.300048828125,3135.0,3060.0,3120.0,504339
2019-11-21,2700.135498046875,3072.64990234375,3113.0,3061.64990234375,3113.0,295648
2019-11-22,2656.197265625,3022.64990234375,3072.0,3016.14990234375,3062.25,349622
2019-11-25,2671.97119140625,3040.60009765625,3045.0,3004.300048828125,3025.5,437144
2019-11-26,2684.844970703125,3055.25,3083.0,3041.0,3048.0,620959
2019-11-27,2716.348876953125,3091.10009765625,3100.0,3060.0,3060.0,235618
2019-11-28,2722.6318359375,3098.25,3110.39990234375,3060.0,3110.39990234375,234706
2019-11-29,2686.997802734375,3057.699951171875,3095.0,3050.0,3085.0,221117
2019-12-02,2703.957763671875,3077.0,3089.949951171875,3051.550048828125,3057.699951171875,387666
2019-12-03,2678.737548828125,3048.300048828125,3116.0,3027.14990234375,3069.699951171875,522267
2019-12-04,2679.572021484375,3049.25,3067.35009765625,3023.550048828125,3039.89990234375,263755
2019-12-05,2709.14306640625,3082.89990234375,3094.64990234375,3041.0,3064.39990234375,278358
2019-12-06,2697.454833984375,3069.60009765625,3098.199951171875,3059.699951171875,3090.050048828125,206989
2019-12-09,2687.61279296875,3058.39990234375,3084.800048828125,3047.449951171875,3084.800048828125,206624
2019-12-10,2688.447509765625,3059.35009765625,3079.0,3042.10009765625,3066.050048828125,185130
2019-12-11,2672.322509765625,3041.0,3064.0,3030.300048828125,3052.10009765625,315341
2019-12-12,2700.92626953125,3073.550048828125,3080.0,3030.199951171875,3048.60009765625,254614
2019-12-13,2684.09765625,3054.39990234375,3096.0,3035.0,3095.0,249099
2019-12-16,2681.02197265625,3050.89990234375,3087.85009765625,3042.75,3059.89990234375,369764
2019-12-17,2699.520263671875,3071.949951171875,3075.5,3050.0,3060.0,212811
2019-12-18,2723.466796875,3099.199951171875,3121.14990234375,3053.35009765625,3070.0,405982
2019-12-19,2735.3740234375,3112.75,3123.0,3090.050048828125,3097.89990234375,259885
2019-12-20,2743.721923828125,3122.25,3155.949951171875,3062.449951171875,3095.0,766343
2019-12-23,2716.963623046875,3091.800048828125,3129.699951171875,3077.800048828125,3100.0,259919
2019-12-24,2716.3046875,3091.050048828125,3114.449951171875,3084.0,3096.0,166800
2019-12-26,2691.040283203125,3062.300048828125,3118.0,3054.14990234375,3090.0,189043
2019-12-27,2673.289306640625,3042.10009765625,3082.0,3021.0,3079.0,407653
2019-12-30,2677.902587890625,3047.35009765625,3065.0,3035.10009765625,3050.0,182858
2019-12-31,2660.72314453125,3027.800048828125,3066.800048828125,3020.0,3046.0,190885
2020-01-01,2671.135986328125,3039.64990234375,3053.0,3027.39990234375,3044.699951171875,110561
2020-01-02,2683.219482421875,3053.39990234375,3065.0,3043.050048828125,3047.0,138428
2020-01-03,2670.389404296875,3038.800048828125,3060.0,3025.64990234375,3045.0,168305
2020-01-06,2655.669921875,3022.050048828125,3032.14990234375,2995.050048828125,3030.0,181158
2020-01-07,2668.455810546875,3036.60009765625,3054.0,3028.0,3033.89990234375,159307
2020-01-08,2657.03173828125,3023.60009765625,3038.699951171875,2995.0,3020.0,194024
2020-01-09,2637.259765625,3001.10009765625,3049.0,2995.10009765625,3047.199951171875,434270
2020-01-10,2627.285888671875,2989.75,3015.0,2978.050048828125,3014.949951171875,526254
2020-01-13,2675.925537109375,3045.10009765625,3056.25,2987.300048828125,2995.0,420792
2020-01-14,2728.695068359375,3105.14990234375,3119.0,3037.14990234375,3058.0,653300
2020-01-15,2736.647705078125,3114.199951171875,3133.949951171875,3092.89990234375,3120.0,438959
2020-01-16,2768.327392578125,3150.25,3160.0,3115.0,3116.0,768872
2020-01-17,2745.6552734375,3124.449951171875,3169.0,3114.35009765625,3155.0,294064
2020-01-20,2733.3525390625,3110.449951171875,3143.0,3104.39990234375,3143.0,203111
2020-01-21,2734.0556640625,3111.25,3130.0,3077.25,3100.0,220943
2020-01-22,2729.74951171875,3106.35009765625,3138.699951171875,3088.89990234375,3125.5,248578
2020-01-23,2735.5498046875,3112.949951171875,3122.89990234375,3068.10009765625,3103.85009765625,203032
2020-01-24,2805.455322265625,3192.5,3212.949951171875,3112.050048828125,3113.14990234375,580192
2020-01-27,2789.3740234375,3174.199951171875,3210.0,3155.0,3187.0,322446
2020-01-28,2795.568603515625,3181.25,3209.89990234375,3136.5,3182.89990234375,292577
2020-01-29,2824.5244140625,3214.199951171875,3245.5,3190.050048828125,3200.0,434882
2020-01-30,2821.448974609375,3210.699951171875,3234.699951171875,3192.449951171875,3208.949951171875,337850
2020-01-31,2812.6611328125,3200.699951171875,3274.60009765625,3186.85009765625,3242.699951171875,468850
2020-02-03,2838.452880859375,3230.050048828125,3249.0,3092.35009765625,3097.60009765625,657504
2020-02-04,2840.60595703125,3232.5,3300.0,3188.0,3235.0,511585
2020-02-05,2861.212890625,3255.949951171875,3318.0,3243.699951171875,3269.800048828125,423733
2020-02-06,2857.91748046875,3252.199951171875,3293.0,3236.35009765625,3260.35009765625,410631
2020-02-07,2857.214111328125,3251.39990234375,3296.0,3237.10009765625,3256.0,450061
2020-02-10,2773.02880859375,3155.60009765625,3280.0,3125.0,3270.0,969115
2020-02-11,2754.662841796875,3134.699951171875,3198.800048828125,3124.199951171875,3179.949951171875,507516
2020-02-12,2756.508056640625,3136.800048828125,3209.0,3124.199951171875,3124.199951171875,669153
2020-02-13,2755.10205078125,3135.199951171875,3143.64990234375,3105.199951171875,3132.0,319421
2020-02-14,2721.225830078125,3096.64990234375,3159.0,3090.300048828125,3116.0,270506
2020-02-17,2710.197021484375,3084.10009765625,3112.300048828125,3072.050048828125,3095.0,224912
2020-02-18,2694.686767578125,3066.449951171875,3080.0,3020.0,3080.0,453173
2020-02-19,2708.57177734375,3082.25,3111.0,3040.0,3082.10009765625,462922
2020-02-20,2688.49169921875,3059.39990234375,3123.449951171875,3052.25,3079.800048828125,270720
2020-02-24,2668.1044921875,3036.199951171875,3065.0,3005.0,3059.0,427352
2020-02-25,2665.775634765625,3033.550048828125,3078.0,3018.0,3040.0,350415
2020-02-26,2672.6298828125,3041.35009765625,3069.89990234375,3016.699951171875,3025.10009765625,366302
2020-02-27,2659.18505859375,3026.050048828125,3100.0,2960.0,3036.949951171875,652385
2020-02-28,2610.105712890625,2970.199951171875,3020.0,2917.0,2983.0,619510
2020-03-02,2591.564453125,2949.10009765625,3053.949951171875,2925.0,2995.0,348147
2020-03-03,2659.58056640625,3026.5,3045.5,2965.0,2970.0,399770
2020-03-04,2691.69921875,3063.050048828125,3080.0,3028.0,3048.0,368498
2020-03-05,2748.028076171875,3127.14990234375,3165.0,3076.10009765625,3082.60009765625,720100
2020-03-06,2707.824462890625,3081.39990234375,3100.0,3013.25,3084.89990234375,593374
2020-03-09,2633.21728515625,2996.5,3061.800048828125,2968.5,3045.0,607257
2020-03-11,2678.737548828125,3048.300048828125,3065.89990234375,2944.10009765625,2982.199951171875,534597
2020-03-12,2469.899169921875,2810.64990234375,2968.949951171875,2785.050048828125,2945.0,774263
2020-03-13,2428.553466796875,2763.60009765625,3049.89990234375,2410.0,2700.0,1108162
2020-03-16,2380.57275390625,2709.0,2744.64990234375,2602.050048828125,2704.800048828125,791034
2020-03-17,2360.361083984375,2686.0,2795.75,2669.050048828125,2720.0,567266
2020-03-18,2198.624755859375,2501.949951171875,2744.949951171875,2480.0,2728.0,649481
2020-03-19,2037.107421875,2318.14990234375,2404.0,2260.0,2389.0,786857
2020-03-20,2168.614501953125,2467.800048828125,2500.89990234375,2294.25,2341.300048828125,742455
2020-03-23,1878.6663818359375,2137.85009765625,2422.39990234375,2100.0,2300.0,613493
2020-03-24,2078.013671875,2364.699951171875,2450.0,2111.89990234375,2117.0,929170
2020-03-25,2154.20263671875,2451.39990234375,2511.60009765625,2317.10009765625,2364.60009765625,1249005
2020-03-26,2274.637451171875,2588.449951171875,2668.800048828125,2417.300048828125,2471.550048828125,944116
2020-03-27,2222.61474609375,2529.25,2708.949951171875,2505.0,2690.0,472582
2020-03-30,2173.843505859375,2473.75,2579.35009765625,2442.75,2465.25,701815
2020-03-31,2362.95361328125,2688.949951171875,2710.0,2490.0,2579.949951171875,734769
2020-04-01,2253.89892578125,2564.85009765625,2780.0,2505.0,2700.0,1167150
2020-04-03,2252.492919921875,2563.25,2610.0,2475.0,2588.949951171875,726903
2020-04-07,2490.858154296875,2834.5,2878.699951171875,2640.14990234375,2640.14990234375,1062855
2020-04-08,2439.054443359375,2775.550048828125,2990.0,2759.0,2829.0,1037961
2020-04-09,2462.034423828125,2801.699951171875,2850.0,2732.89990234375,2850.0,893108
2020-04-13,2378.068115234375,2706.14990234375,2800.0,2697.35009765625,2800.0,501533
2020-04-15,2493.362060546875,2837.35009765625,2908.5,2754.699951171875,2772.0,1011691
2020-04-16,2492.87890625,2836.800048828125,2893.949951171875,2815.0,2837.5,675907
2020-04-17,2488.792724609375,2832.14990234375,2895.0,2802.199951171875,2884.0,705271
2020-04-20,2489.539794921875,2833.0,2864.800048828125,2801.0,2860.10009765625,667917
2020-04-21,2516.1220703125,2863.25,2906.35009765625,2733.14990234375,2779.89990234375,1129799
2020-04-22,2594.68359375,2952.64990234375,2969.699951171875,2827.449951171875,2863.0,737395
2020-04-23,2590.0703125,2947.39990234375,3245.0,2918.0,2960.0,3426363
2020-04-24,2690.908203125,3062.14990234375,3122.89990234375,2956.0,2980.0,2613797
2020-04-27,2848.998046875,3242.050048828125,3290.0,3070.0,3075.85009765625,1993378
2020-04-28,2806.7294921875,3193.949951171875,3289.85009765625,3160.0,3277.0,1379063
2020-04-29,2804.8193359375,3156.800048828125,3238.75,3150.0,3187.800048828125,1177520
2020-04-30,2812.771240234375,3165.75,3205.0,3150.0,3195.0,1021592
2020-05-04,2748.088134765625,3092.949951171875,3160.0,3056.0,3109.0,591353
2020-05-05,2646.621337890625,2978.75,3126.0,2970.5,3107.0,905266
2020-05-06,2654.573486328125,2987.699951171875,3065.0,2907.64990234375,2950.0,995972
2020-05-07,2590.290771484375,2915.35009765625,2980.0,2867.0,2977.699951171875,994651
2020-05-08,2660.748291015625,2994.64990234375,3037.0,2923.449951171875,2945.0,1102857
2020-05-11,2713.436767578125,3053.949951171875,3083.39990234375,2991.85009765625,3029.0,1095855
2020-05-12,2760.838623046875,3107.300048828125,3123.199951171875,3031.300048828125,3048.949951171875,1329390
2020-05-13,2736.1826171875,3079.550048828125,3188.0,3057.5,3180.0,850975
2020-05-14,2770.96728515625,3118.699951171875,3138.0,3031.699951171875,3065.0,777257
2020-05-15,2777.142333984375,3125.64990234375,3196.0,3115.0,3146.89990234375,870248
2020-05-18,2762.837890625,3109.550048828125,3165.0,3098.10009765625,3110.0,730350
2020-05-19,2757.906494140625,3104.0,3147.89990234375,3086.050048828125,3130.199951171875,537217
2020-05-20,2779.096923828125,3127.85009765625,3159.0,3106.85009765625,3110.60009765625,439150
2020-05-21,2764.081298828125,3110.949951171875,3157.0,3099.0,3120.10009765625,574325
2020-05-22,2813.970947265625,3167.10009765625,3184.199951171875,3080.0,3104.0,630580
2020-05-26,2811.0830078125,3163.85009765625,3244.0,3141.0,3200.0,718134
2020-05-27,2861.239013671875,3220.300048828125,3238.949951171875,3141.0,3170.0,739328
2020-05-28,2952.710205078125,3323.25,3363.25,3189.35009765625,3217.5,1453514
2020-05-29,3002.11083984375,3378.85009765625,3417.0,3289.89990234375,3289.89990234375,1658714
2020-06-01,3051.866943359375,3434.85009765625,3470.0,3401.0,3416.0,883460
2020-06-02,3066.216064453125,3451.0,3480.0,3400.0,3434.89990234375,786444
2020-06-03,3118.904296875,3510.300048828125,3708.0,3471.199951171875,3601.0,3415126
2020-06-04,3065.638671875,3450.35009765625,3555.0,3422.0,3510.0,1309771
2020-06-05,3080.165283203125,3466.699951171875,3497.949951171875,3402.199951171875,3475.0,1200548
2020-06-08,3044.714111328125,3426.800048828125,3513.25,3410.0,3486.0,768759
2020-06-09,3034.8515625,3415.699951171875,3469.89990234375,3409.0,3434.89990234375,567611
2020-06-10,3000.467041015625,3377.0,3447.60009765625,3357.39990234375,3420.89990234375,628261
2020-06-11,2994.55859375,3370.35009765625,3403.449951171875,3330.0,3389.89990234375,673105
2020-06-12,2990.738037109375,3366.050048828125,3443.0,3305.75,3333.0,1373475
2020-06-15,2982.874755859375,3357.199951171875,3406.5,3343.449951171875,3351.0,609721
2020-06-16,2972.345947265625,3345.35009765625,3399.949951171875,3330.0,3381.050048828125,701355
2020-06-17,3022.190673828125,3401.449951171875,3435.0,3355.050048828125,3357.85009765625,1100079
2020-06-18,3024.678466796875,3404.25,3457.0,3381.550048828125,3415.0,898020
2020-06-19,3055.154052734375,3438.550048828125,3450.0,3382.0,3417.89990234375,782740
2020-06-22,3039.73876953125,3421.199951171875,3475.0,3416.0,3450.0,735172
2020-06-23,3080.476318359375,3467.050048828125,3504.89990234375,3426.300048828125,3429.949951171875,765553
2020-06-24,3062.129150390625,3446.39990234375,3504.89990234375,3440.0,3487.0,573266
2020-06-25,3065.682861328125,3450.39990234375,3474.39990234375,3420.0,3424.89990234375,546489
2020-06-26,3071.01416015625,3456.39990234375,3499.89990234375,3444.300048828125,3457.300048828125,448352
2020-06-29,3126.85595703125,3519.25,3544.85009765625,3445.800048828125,3452.800048828125,940186
2020-06-30,3201.979248046875,3603.800048828125,3615.0,3540.0,3542.0,1236537
2020-07-01,3150.5791015625,3545.949951171875,3611.0,3536.0,3605.0,586225
2020-07-02,3140.939208984375,3535.10009765625,3567.64990234375,3512.050048828125,3553.0,422319
2020-07-03,3143.82666015625,3538.35009765625,3579.949951171875,3515.0,3549.5,323231
2020-07-06,3220.32666015625,3624.449951171875,3646.0,3541.0,3560.0,538078
2020-07-07,3268.305419921875,3678.449951171875,3685.449951171875,3580.0,3636.0,664348
2020-07-08,3274.125244140625,3685.0,3712.5,3630.0,3675.550048828125,531417
2020-07-09,3263.996337890625,3673.60009765625,3699.0,3650.0,3690.0,397351
2020-07-10,3311.13134765625,3726.64990234375,3753.60009765625,3655.35009765625,3669.60009765625,706136
2020-07-13,3373.45947265625,3796.800048828125,3835.0,3750.25,3760.0,1108644
2020-07-14,3318.7724609375,3735.25,3795.949951171875,3729.0,3795.550048828125,399210
2020-07-15,3308.110595703125,3723.25,3778.300048828125,3711.699951171875,3742.0,506574
2020-07-16,3424.947998046875,3854.75,3880.25,3689.550048828125,3729.0,987220
2020-07-17,3362.97509765625,3785.0,3938.0,3766.800048828125,3900.0,4503046
2020-07-20,3538.58740234375,3982.64990234375,3993.0,3807.199951171875,3859.0,3785159
2020-07-21,3447.73828125,3880.39990234375,4010.0,3875.0,3999.0,1880670
2020-07-22,3380.789794921875,3805.050048828125,3924.39990234375,3791.050048828125,3914.800048828125,1019300
2020-07-23,3400.825439453125,3827.60009765625,3879.75,3820.0,3825.0,791770
2020-07-24,3392.695556640625,3818.449951171875,3849.89990234375,3768.0,3824.949951171875,665233
2020-07-27,3356.178466796875,3777.35009765625,3846.60009765625,3762.39990234375,3845.0,523512
2020-07-28,3353.8681640625,3774.75,3830.0,3763.35009765625,3780.300048828125,599914
2020-07-29,3371.593505859375,3794.699951171875,3853.0,3780.0,3797.699951171875,785425
2020-07-30,3381.58935546875,3805.949951171875,3874.39990234375,3790.5,3818.39990234375,855542
2020-07-31,3397.271484375,3823.60009765625,3860.0,3801.10009765625,3811.0,681895
2020-08-03,3355.156494140625,3776.199951171875,3849.89990234375,3768.10009765625,3827.0,369180
2020-08-04,3391.940673828125,3817.60009765625,3855.0,3785.0,3800.0,642559
2020-08-05,3420.68359375,3849.949951171875,3873.550048828125,3827.949951171875,3839.89990234375,569216
2020-08-06,3427.524658203125,3857.64990234375,3912.0,3845.0,3865.0,786063
2020-08-07,3496.07275390625,3934.800048828125,3945.0,3850.0,3865.0,1061884
2020-08-10,3503.180908203125,3942.800048828125,4005.0,3929.0,3959.949951171875,826722
2020-08-11,3446.983154296875,3879.550048828125,3970.0,3865.0,3950.0,422055
2020-08-12,3384.9658203125,3809.75,3885.0,3800.0,3880.550048828125,619436
2020-08-13,3383.633056640625,3808.25,3857.85009765625,3792.050048828125,3823.800048828125,513264
2020-08-14,3377.502197265625,3801.35009765625,3840.0,3752.0,3828.0,537499
2020-08-17,3437.29833984375,3868.64990234375,3895.0,3802.0,3830.0,987819
2020-08-18,3477.858642578125,3914.300048828125,3940.0,3875.0,3880.0,768897
2020-08-19,3443.295654296875,3875.39990234375,3949.0,3865.64990234375,3943.64990234375,505661
2020-08-20,3436.809814453125,3868.10009765625,3910.199951171875,3837.25,3880.0,523854
2020-08-21,3449.826171875,3882.75,3912.0,3865.050048828125,3896.0,401007
2020-08-24,3472.572265625,3908.35009765625,3926.0,3894.199951171875,3912.0,444407
2020-08-25,3462.354248046875,3896.85009765625,3929.949951171875,3875.0,3918.0,358587
2020-08-26,3476.335205078125,3829.25,3857.35009765625,3799.10009765625,3845.0,608530
2020-08-27,3464.850830078125,3816.60009765625,3853.35009765625,3810.0,3840.0,385945
2020-08-28,3444.197265625,3793.85009765625,3827.60009765625,3787.0,3819.0,512488
2020-08-31,3382.64599609375,3726.050048828125,3811.0,3684.0,3806.39990234375,600226
2020-09-01,3423.453369140625,3771.0,3787.75,3718.300048828125,3735.0,387446
2020-09-02,3449.054443359375,3799.199951171875,3813.60009765625,3752.0,3787.89990234375,305952
2020-09-03,3401.529296875,3746.85009765625,3808.75,3740.0,3798.0,414160
2020-09-04,3364.3076171875,3705.85009765625,3809.0,3698.550048828125,3730.0,759852
2020-09-07,3380.83056640625,3724.050048828125,3750.0,3655.0,3732.89990234375,437318
2020-09-08,3387.6845703125,3731.60009765625,3762.449951171875,3711.25,3726.89990234375,379275
2020-09-09,3393.76708984375,3738.300048828125,3749.0,3686.10009765625,3690.0,332884
2020-09-10,3376.472412109375,3719.25,3765.5,3700.050048828125,3765.5,357927
2020-09-11,3424.588134765625,3772.25,3828.0,3720.0,3724.0,829715
2020-09-14,3376.699951171875,3719.5,3796.0,3711.0,3788.89990234375,397741
2020-09-15,3389.954345703125,3734.10009765625,3766.5,3715.0,3720.050048828125,366110
2020-09-16,3490.179443359375,3844.5,3860.0,3737.14990234375,3742.0,917526
2020-09-17,3463.988037109375,3815.64990234375,3890.949951171875,3768.75,3848.0,741010
2020-09-18,3447.510986328125,3797.5,3839.75,3774.85009765625,3837.699951171875,947698
2020-09-21,3294.813232421875,3629.300048828125,3795.0,3613.5,3790.0,604282
2020-09-22,3257.319091796875,3588.0,3678.0,3540.050048828125,3660.0,670648
2020-09-23,3290.81787109375,3624.89990234375,3652.89990234375,3562.800048828125,3618.89990234375,405856
2020-09-24,3279.7880859375,3612.75,3655.0,3560.199951171875,3590.0,517316
2020-09-25,3346.650390625,3686.39990234375,3716.949951171875,3615.0,3640.0,507368
2020-09-28,3392.904541015625,3737.35009765625,3778.0,3689.0,3710.89990234375,390640
2020-09-29,3392.450439453125,3736.85009765625,3796.0,3701.64990234375,3769.0,449330
2020-09-30,3448.10107421875,3798.14990234375,3825.0,3714.050048828125,3734.0,535771
2020-10-01,3457.587890625,3808.60009765625,3827.949951171875,3762.0,3820.0,336322
2020-10-05,3477.424072265625,3830.449951171875,3857.800048828125,3785.050048828125,3815.0,460889
2020-10-06,3418.77783203125,3765.85009765625,3879.949951171875,3752.0,3870.0,666856
2020-10-07,3437.025390625,3785.949951171875,3838.0,3768.0,3780.0,590795
2020-10-08,3444.968994140625,3794.699951171875,3825.0,3771.5,3798.89990234375,371495
2020-10-09,3399.940185546875,3745.10009765625,3818.64990234375,3735.0,3807.0,347685
2020-10-12,3387.59375,3731.5,3774.300048828125,3722.300048828125,3769.10009765625,286506
2020-10-13,3400.439453125,3745.64990234375,3786.300048828125,3702.64990234375,3732.0,368886
2020-10-14,3440.520263671875,3789.800048828125,3801.800048828125,3740.0,3743.0,545911
2020-10-15,3387.1396484375,3731.0,3835.949951171875,3715.0,3790.0,526411
2020-10-16,3401.8466796875,3747.199951171875,3779.0,3721.25,3748.949951171875,263967
2020-10-19,3424.76953125,3772.449951171875,3795.0,3740.0,3766.0,473267
2020-10-20,3225.680908203125,3553.14990234375,3694.0,3543.10009765625,3681.0,3187477
2020-10-21,3084.149658203125,3397.25,3580.0,3382.0,3580.0,3538724
2020-10-22,3139.6181640625,3458.35009765625,3493.35009765625,3410.0,3410.0,2266246
2020-10-23,3149.96728515625,3469.75,3502.89990234375,3442.050048828125,3480.0,1022334
2020-10-26,3164.1748046875,3485.39990234375,3505.550048828125,3466.0,3482.0,893740
2020-10-27,3243.02099609375,3572.25,3588.0,3480.0,3480.0,1753963
2020-10-28,3215.286376953125,3541.699951171875,3599.800048828125,3524.949951171875,3572.199951171875,667035
2020-10-29,3207.070068359375,3532.64990234375,3556.0,3498.0,3538.0,654253
2020-10-30,3153.144775390625,3473.25,3549.85009765625,3460.64990234375,3540.0,475859
2020-11-02,3105.074951171875,3420.300048828125,3485.949951171875,3391.14990234375,3483.0,764391
2020-11-03,3089.958984375,3403.64990234375,3457.25,3390.0,3445.0,623300
2020-11-04,3150.830078125,3470.699951171875,3506.0,3411.89990234375,3423.0,714800
2020-11-05,3176.748779296875,3499.25,3530.0,3465.449951171875,3512.0,999876
2020-11-06,3189.730712890625,3513.550048828125,3555.0,3489.64990234375,3510.0,582470
2020-11-09,3221.27783203125,3548.300048828125,3570.0,3513.550048828125,3548.0,566460
2020-11-10,3185.009765625,3508.35009765625,3572.0,3445.85009765625,3572.0,976298
2020-11-11,3170.847412109375,3492.75,3541.60009765625,3453.050048828125,3509.0,1141508
2020-11-12,3191.3193359375,3515.300048828125,3525.949951171875,3481.35009765625,3499.699951171875,615256
2020-11-13,3190.547607421875,3514.449951171875,3541.449951171875,3505.0,3517.0,473523
2020-11-14,3202.2587890625,3527.35009765625,3536.5,3515.0,3535.0,56492
2020-11-17,3186.326171875,3509.800048828125,3550.0,3504.39990234375,3541.0,694643
2020-11-18,3177.747802734375,3500.35009765625,3521.949951171875,3445.0,3507.800048828125,914389
2020-11-19,3187.73388671875,3511.35009765625,3549.0,3480.0,3489.0,739067
2020-11-20,3224.727783203125,3552.10009765625,3577.75,3521.14990234375,3524.949951171875,1197247
2020-11-23,3229.5390625,3557.39990234375,3599.0,3552.0,3575.0,952758
2020-11-24,3233.942138671875,3562.25,3593.0,3531.699951171875,3575.0,752974
2020-11-25,3228.086669921875,3555.800048828125,3579.85009765625,3531.5,3570.60009765625,385590
2020-11-26,3221.6865234375,3548.75,3572.89990234375,3490.0,3569.800048828125,741800
2020-11-27,3302.66552734375,3637.949951171875,3684.89990234375,3503.10009765625,3563.85009765625,5383773
2020-12-01,3294.8583984375,3629.35009765625,3702.5,3595.550048828125,3702.5,1042234
2020-12-02,3265.489501953125,3597.0,3648.0,3560.0,3637.0,680870
2020-12-03,3300.85009765625,3635.949951171875,3653.89990234375,3608.050048828125,3647.0,450558
2020-12-04,3311.970703125,3648.199951171875,3672.0,3612.0,3637.0,482933
2020-12-07,3294.4951171875,3628.949951171875,3670.0,3612.10009765625,3650.0,492080
2020-12-08,3309.4287109375,3645.39990234375,3654.89990234375,3617.64990234375,3639.39990234375,413743
2020-12-09,3292.8154296875,3627.10009765625,3666.0,3619.10009765625,3648.89990234375,434686
2020-12-10,3395.08349609375,3739.75,3747.0,3624.0,3627.10009765625,1443681
2020-12-11,3388.728515625,3732.75,3777.0,3701.5,3746.85009765625,695958
2020-12-14,3428.85498046875,3776.949951171875,3792.0,3737.050048828125,3745.0,685712
2020-12-15,3418.505859375,3765.550048828125,3797.699951171875,3725.699951171875,3775.0,648902
2020-12-16,3406.7490234375,3752.60009765625,3786.0,3745.0,3766.199951171875,466183
2020-12-17,3386.0048828125,3729.75,3767.0,3721.0,3740.10009765625,488772
2020-12-18,3377.607421875,3720.5,3759.800048828125,3690.0,3738.0,1043126
2020-12-21,3290.046630859375,3624.050048828125,3727.050048828125,3534.85009765625,3719.0,670146
2020-12-22,3295.811279296875,3630.39990234375,3662.39990234375,3541.10009765625,3620.0,662139
2020-12-23,3291.226806640625,3625.35009765625,3668.35009765625,3605.25,3641.60009765625,451656
2020-12-24,3284.78125,3618.25,3683.89990234375,3590.050048828125,3655.0,579767
2020-12-28,3271.436279296875,3603.550048828125,3646.14990234375,3598.0,3635.0,463358
2020-12-29,3262.130615234375,3593.300048828125,3623.25,3575.10009765625,3614.0,414932
2020-12-30,3253.5966796875,3583.89990234375,3605.85009765625,3564.0,3602.25,407808
2020-12-31,3246.742919921875,3576.35009765625,3601.75,3562.10009765625,3580.64990234375,459383
2021-01-01,3238.980712890625,3567.800048828125,3605.0,3563.050048828125,3575.0,453083
2021-01-04,3225.4541015625,3552.89990234375,3593.89990234375,3537.0,3589.0,698402
2021-01-05,3223.820068359375,3551.10009765625,3563.949951171875,3540.0,3549.0,725278
2021-01-06,3213.470703125,3539.699951171875,3602.0,3510.0,3568.0,1099588
2021-01-07,3225.363037109375,3552.800048828125,3567.949951171875,3516.449951171875,3560.0,621487
2021-01-08,3245.744384765625,3575.25,3589.949951171875,3532.85009765625,3574.0,961239
2021-01-11,3279.879150390625,3612.85009765625,3625.0,3547.64990234375,3603.800048828125,1043630
2021-01-12,3296.9462890625,3631.64990234375,3648.800048828125,3586.300048828125,3624.0,893653
2021-01-13,3287.4140625,3621.14990234375,3648.0,3600.0,3640.0,798273
2021-01-14,3327.630859375,3665.449951171875,3704.89990234375,3619.60009765625,3623.0,1192074
2021-01-15,3276.42919921875,3609.050048828125,3685.0,3571.0,3680.0,597621
2021-01-18,3275.33984375,3607.85009765625,3665.0,3575.0,3609.050048828125,826497
2021-01-19,3269.347900390625,3601.25,3649.85009765625,3587.0,3628.75,594091
2021-01-20,3261.22265625,3592.300048828125,3641.0,3585.0,3605.0,607449
2021-01-21,3296.174560546875,3630.800048828125,3666.550048828125,3602.60009765625,3604.699951171875,834432
2021-01-22,3275.475830078125,3608.0,3690.0,3591.0,3649.0,791205
2021-01-25,3280.5146484375,3613.550048828125,3639.85009765625,3576.25,3633.85009765625,467367
2021-01-27,3277.972412109375,3610.75,3649.89990234375,3593.800048828125,3613.550048828125,646880
2021-01-28,3271.617431640625,3603.75,3650.0,3559.25,3588.699951171875,643832
2021-01-29,3178.42822265625,3501.10009765625,3620.800048828125,3480.199951171875,3605.199951171875,733173
2021-02-01,3196.26708984375,3520.75,3557.89990234375,3483.0,3539.0,544282
2021-02-02,3178.564453125,3501.25,3554.0,3483.75,3547.89990234375,869950
2021-02-03,3192.408447265625,3516.5,3544.0,3501.0,3526.050048828125,786972
2021-02-04,3250.056396484375,3580.0,3608.050048828125,3511.050048828125,3521.949951171875,958717
2021-02-05,3215.24072265625,3541.64990234375,3616.0,3530.449951171875,3616.0,1159183
2021-02-08,3153.5537109375,3473.699951171875,3616.89990234375,3464.10009765625,3601.0,2388271
2021-02-09,3143.294677734375,3462.39990234375,3505.0,3455.0,3505.0,951124
2021-02-10,3109.205322265625,3424.85009765625,3485.10009765625,3417.050048828125,3467.89990234375,893690
2021-02-11,3143.612548828125,3462.75,3470.0,3420.0,3430.75,873772
2021-02-12,3105.93701171875,3421.25,3489.0,3409.050048828125,3480.0,618874
2021-02-15,3102.078857421875,3417.0,3445.0,3403.0,3429.0,513578
2021-02-16,3077.068115234375,3389.449951171875,3432.35009765625,3385.050048828125,3432.0,693631
2021-02-17,3053.9638671875,3364.0,3404.85009765625,3360.0,3370.0,866571
2021-02-18,3049.8330078125,3359.449951171875,3390.949951171875,3340.10009765625,3368.0,616156
2021-02-19,3024.186767578125,3331.199951171875,3383.0,3320.0,3359.0,765676
2021-02-22,3033.264892578125,3341.199951171875,3373.75,3317.300048828125,3350.0,666371
2021-02-23,3028.498779296875,3335.949951171875,3368.0,3325.300048828125,3349.800048828125,484686
2021-02-24,3091.6845703125,3405.550048828125,3415.0,3341.0,3360.0,512568
2021-02-25,3091.18505859375,3405.0,3425.699951171875,3374.60009765625,3420.0,586357
2021-02-26,3053.736572265625,3363.75,3408.949951171875,3343.0,3389.0,748717
2021-03-01,3097.3583984375,3411.800048828125,3420.0,3367.050048828125,3371.5,377869
2021-03-02,3130.1767578125,3447.949951171875,3450.0,3395.0,3411.800048828125,383968
2021-03-03,3160.316650390625,3481.14990234375,3487.14990234375,3435.0,3460.0,409493
2021-03-04,3179.154541015625,3501.89990234375,3514.800048828125,3450.0,3450.0,537283
2021-03-05,3169.93994140625,3491.75,3506.64990234375,3460.75,3486.0,612423
2021-03-08,3144.021240234375,3463.199951171875,3508.949951171875,3451.0,3493.60009765625,463984
2021-03-09,3110.930419921875,3426.75,3489.14990234375,3397.35009765625,3473.5,589556
2021-03-10,3159.590576171875,3480.35009765625,3489.0,3438.5,3451.89990234375,270942
2021-03-12,3117.739013671875,3434.25,3493.85009765625,3425.0,3491.89990234375,344205
2021-03-15,3132.400634765625,3450.39990234375,3456.550048828125,3399.0,3443.60009765625,311078
2021-03-16,3167.5341796875,3489.10009765625,3500.0,3456.050048828125,3462.60009765625,383099
2021-03-17,3148.287841796875,3467.89990234375,3499.0,3446.300048828125,3488.0,378136
2021-03-18,3122.641357421875,3439.64990234375,3487.89990234375,3427.39990234375,3480.0,430166
2021-03-19,3147.107666015625,3466.60009765625,3494.85009765625,3379.0,3424.60009765625,1312375
2021-03-22,3235.894287109375,3564.39990234375,3570.0,3440.10009765625,3440.10009765625,820046
2021-03-23,3239.525634765625,3568.39990234375,3578.0,3525.0,3570.0,461046
2021-03-24,3211.700439453125,3537.75,3568.199951171875,3522.0,3536.0,480657
2021-03-25,3126.45458984375,3443.85009765625,3564.800048828125,3429.0,3535.0,486516
2021-03-26,3181.60546875,3504.60009765625,3515.0,3455.35009765625,3455.35009765625,273033
2021-03-30,3282.738525390625,3616.0,3625.0,3510.050048828125,3514.0,567450
2021-03-31,3290.95458984375,3625.050048828125,3655.0,3592.5,3616.0,441583
2021-04-01,3285.00830078125,3618.5,3670.0,3610.25,3635.0,460658
2021-04-05,3359.314697265625,3700.35009765625,3720.0,3630.0,3635.0,807938
2021-04-06,3386.7763671875,3730.60009765625,3736.39990234375,3680.0,3708.0,462351
2021-04-07,3457.542724609375,3808.550048828125,3820.0,3711.550048828125,3732.0,633677
2021-04-08,3522.32763671875,3816.75,3834.0,3761.050048828125,3780.0,613388
2021-04-09,3504.7470703125,3797.699951171875,3843.699951171875,3790.0,3816.75,526934
2021-04-12,3518.6357421875,3812.75,3850.0,3750.0,3777.949951171875,1108910
2021-04-13,3457.03515625,3746.0,3847.0,3729.050048828125,3814.10009765625,411660
2021-04-15,3407.846435546875,3692.699951171875,3799.89990234375,3673.0,3751.0,494464
2021-04-16,3411.353515625,3696.5,3733.949951171875,3676.550048828125,3695.5,251741
2021-04-19,3454.081787109375,3742.800048828125,3755.0,3653.050048828125,3685.0,560398
2021-04-20,3442.1767578125,3729.89990234375,3752.75,3690.10009765625,3731.89990234375,331477
2021-04-22,3462.572265625,3752.0,3766.0,3692.14990234375,3725.10009765625,424370
2021-04-23,3368.717041015625,3650.300048828125,3760.89990234375,3640.5,3755.0,491834
2021-04-26,3266.1875,3539.199951171875,3662.0,3531.0,3661.10009765625,1031406
2021-04-27,3268.033203125,3541.199951171875,3574.60009765625,3517.0,3572.699951171875,813608
2021-04-28,3210.40087890625,3478.75,3527.0,3469.0,3488.0,1498181
2021-04-29,3201.310302734375,3468.89990234375,3505.89990234375,3447.0,3496.75,611087
2021-04-30,3182.9453125,3449.0,3468.35009765625,3437.0,3460.0,436187
2021-05-03,3173.947509765625,3439.25,3478.699951171875,3431.60009765625,3439.10009765625,570022
2021-05-04,3170.809814453125,3435.85009765625,3462.0,3420.0,3432.0,337838
2021-05-05,3185.3447265625,3451.60009765625,3458.89990234375,3436.25,3441.10009765625,234116
2021-05-06,3185.760009765625,3452.050048828125,3491.5,3439.699951171875,3452.0,384450
2021-05-07,3194.250244140625,3461.25,3484.699951171875,3452.25,3484.699951171875,189156
2021-05-10,3150.4609375,3413.800048828125,3478.0,3403.5,3478.0,694001
2021-05-11,3154.705810546875,3418.39990234375,3434.699951171875,3396.050048828125,3413.800048828125,455412
2021-05-12,3174.224365234375,3439.550048828125,3445.0,3401.14990234375,3404.0,252497
2021-05-14,3231.34912109375,3501.449951171875,3524.5,3438.199951171875,3450.0,677498
2021-05-17,3236.701904296875,3507.25,3533.89990234375,3496.050048828125,3518.949951171875,338003
2021-05-18,3253.497802734375,3525.449951171875,3533.89990234375,3480.0,3525.199951171875,474368
2021-05-19,3261.7578125,3534.39990234375,3555.0,3516.050048828125,3535.0,688416
2021-05-20,3158.535888671875,3422.550048828125,3517.699951171875,3415.0,3500.0,1046540
2021-05-21,3170.71728515625,3435.75,3449.0,3418.0,3449.0,521688
2021-05-24,3118.437744140625,3379.10009765625,3459.0,3371.39990234375,3459.0,1643611
2021-05-25,3185.963623046875,3439.5,3447.0,3385.0,3385.0,1318946
2021-05-26,3164.196044921875,3416.0,3453.85009765625,3413.050048828125,3441.050048828125,373186
2021-05-27,3162.9453125,3414.64990234375,3437.5,3400.050048828125,3430.0,444547
2021-05-28,3171.096923828125,3423.449951171875,3449.0,3410.0,3417.0,249529
2021-05-31,3193.6982421875,3447.85009765625,3458.39990234375,3427.25,3428.75,352802
2021-06-01,3192.67919921875,3446.75,3469.10009765625,3442.0,3458.0,236580
2021-06-02,3219.078369140625,3475.25,3486.0,3446.050048828125,3446.75,420074
2021-06-03,3238.5302734375,3496.25,3499.5,3467.39990234375,3480.0,380896
2021-06-04,3232.0927734375,3489.300048828125,3512.0,3480.0,3500.0,312826
2021-06-07,3281.4638671875,3542.60009765625,3555.0,3478.5,3506.5,357312
2021-06-08,3336.253662109375,3601.75,3622.0,3542.60009765625,3544.5,787313
2021-06-09,3311.19775390625,3574.699951171875,3608.35009765625,3557.10009765625,3598.0,546202
2021-06-10,3312.679931640625,3576.300048828125,3611.60009765625,3555.0,3571.0,355092
2021-06-11,3295.63623046875,3557.89990234375,3595.0,3551.0,3575.0,301375
2021-06-14,3326.527587890625,3591.25,3598.0,3510.449951171875,3557.89990234375,312420
2021-06-15,3364.135009765625,3631.85009765625,3640.5,3593.0,3593.35009765625,451019
2021-06-16,3371.175048828125,3639.449951171875,3644.800048828125,3605.050048828125,3631.050048828125,232534
2021-06-17,3388.496337890625,3658.14990234375,3663.0,3609.5,3625.89990234375,300185
2021-06-18,3352.417236328125,3619.199951171875,3679.0,3595.0,3661.39990234375,731807
2021-06-21,3379.882080078125,3648.85009765625,3653.949951171875,3581.10009765625,3600.0,231475
2021-06-22,3381.7802734375,3650.89990234375,3665.0,3616.0,3650.0,235555
2021-06-23,3389.561767578125,3659.300048828125,3684.300048828125,3631.0,3652.0,378997
2021-06-24,3417.164794921875,3689.10009765625,3704.85009765625,3651.0,3659.300048828125,385390
2021-06-25,3399.519287109375,3670.050048828125,3709.89990234375,3644.89990234375,3709.89990234375,176772
2021-06-28,3396.92578125,3667.25,3685.0,3643.0,3670.050048828125,181793
2021-06-29,3387.56982421875,3657.14990234375,3667.10009765625,3610.050048828125,3655.0,357263
2021-06-30,3380.62255859375,3649.64990234375,3690.0,3632.949951171875,3675.0,428387
2021-07-01,3330.7421875,3595.800048828125,3661.0,3580.64990234375,3640.0,612678
2021-07-02,3283.96484375,3545.300048828125,3609.0,3535.0,3609.0,292855
2021-07-05,3263.818115234375,3523.550048828125,3584.5,3512.39990234375,3564.0,519061
2021-07-06,3259.603515625,3519.0,3533.85009765625,3508.64990234375,3526.0,282115
2021-07-07,3261.7802734375,3521.35009765625,3542.0,3506.0,3521.0,524482
2021-07-08,3234.0380859375,3491.39990234375,3525.89990234375,3473.25,3499.0,627227
2021-07-09,3219.726806640625,3475.949951171875,3518.0,3468.0,3491.0,595359
2021-07-12,3214.586181640625,3470.39990234375,3500.0,3464.10009765625,3482.199951171875,146119
2021-07-13,3228.57275390625,3485.5,3489.449951171875,3465.10009765625,3488.75,182918
2021-07-14,3228.8046875,3485.75,3488.14990234375,3454.14990234375,3474.0,458955
2021-07-15,3205.739990234375,3460.85009765625,3503.0,3455.5,3503.0,264604
2021-07-16,3187.35302734375,3441.0,3472.699951171875,3437.10009765625,3460.0,399006
2021-07-19,3195.828369140625,3450.14990234375,3457.5,3426.10009765625,3440.39990234375,226731
2021-07-20,3180.452392578125,3433.550048828125,3466.949951171875,3426.5,3455.0,152954
2021-07-22,3172.810546875,3425.300048828125,3449.5,3415.0,3449.5,389457
2021-07-23,3186.24169921875,3439.800048828125,3452.5,3425.300048828125,3427.0,247778
2021-07-26,3225.3310546875,3482.0,3498.0,3431.0,3439.949951171875,433827
2021-07-27,3196.38427734375,3450.75,3504.85009765625,3435.14990234375,3496.0,210607
2021-07-28,3171.698974609375,3424.10009765625,3469.0,3410.0,3469.0,352127
2021-07-29,3154.5625,3405.60009765625,3428.949951171875,3402.0,3424.199951171875,321411
2021-07-30,3171.05029296875,3423.39990234375,3440.0,3378.0,3424.0,988317
2021-08-02,3246.311279296875,3504.64990234375,3542.0,3440.050048828125,3446.699951171875,1887580
2021-08-03,3309.80810546875,3573.199951171875,3579.0,3531.0,3550.0,1326045
2021-08-04,3314.53271484375,3578.300048828125,3599.0,3540.0,3579.0,478788
2021-08-05,3344.960693359375,3611.14990234375,3617.699951171875,3547.60009765625,3578.300048828125,497146
2021-08-06,3338.338134765625,3604.0,3620.0,3590.10009765625,3611.14990234375,258380
2021-08-09,3368.071533203125,3636.10009765625,3649.0,3606.25,3619.89990234375,444706
2021-08-10,3369.090576171875,3637.199951171875,3644.0,3611.5,3636.10009765625,249493
2021-08-11,3358.253173828125,3625.5,3648.949951171875,3571.10009765625,3637.199951171875,233115
2021-08-12,3353.899658203125,3620.800048828125,3642.949951171875,3607.5,3634.39990234375,232971
2021-08-13,3315.690185546875,3579.550048828125,3644.10009765625,3575.10009765625,3620.800048828125,323144
2021-08-16,3385.8564453125,3655.300048828125,3673.949951171875,3553.050048828125,3570.0,348972
2021-08-17,3424.01953125,3696.5,3707.60009765625,3668.0,3670.0,579154
2021-08-18,3446.48193359375,3720.75,3730.0,3686.949951171875,3708.800048828125,426843
2021-08-20,3608.767333984375,3895.949951171875,3967.5,3635.300048828125,3640.0,1567252
2021-08-23,3581.2568359375,3866.25,3964.64990234375,3850.60009765625,3910.0,645088
2021-08-24,3531.19091796875,3812.199951171875,3892.0,3795.5,3874.85009765625,437167
2021-08-25,3559.53515625,3842.800048828125,3898.0,3797.0,3812.199951171875,360778
2021-08-26,3641.14111328125,3930.89990234375,3946.949951171875,3825.199951171875,3825.199951171875,1114234
2021-08-27,3651.006103515625,3941.550048828125,3972.949951171875,3911.75,3944.699951171875,475524
2021-08-30,3692.50390625,3986.35009765625,3993.550048828125,3932.199951171875,3960.0,466524
2021-08-31,3702.831787109375,3997.5,4027.300048828125,3960.0,3995.0,688613
2021-09-01,3719.365966796875,4015.35009765625,4025.89990234375,3963.85009765625,3984.60009765625,352460
2021-09-02,3784.901123046875,4086.10009765625,4104.0,4002.050048828125,4015.0,525680
2021-09-03,3820.1923828125,4124.2001953125,4134.7001953125,4073.14990234375,4105.0,426377
2021-09-06,3778.37060546875,4079.050048828125,4149.2998046875,4061.0,4144.39990234375,312608
2021-09-07,3793.561767578125,4095.449951171875,4129.60009765625,4080.0,4096.89990234375,259534
2021-09-08,3762.021484375,4061.39990234375,4087.89990234375,4015.699951171875,4079.800048828125,236283
2021-09-09,3770.728515625,4070.800048828125,4118.7998046875,4050.10009765625,4058.800048828125,295134
2021-09-13,3792.07958984375,4093.85009765625,4103.0,4058.800048828125,4070.800048828125,171201
2021-09-14,3799.165771484375,4101.5,4153.0,4082.39990234375,4097.0,419441
2021-09-15,3785.132568359375,4086.35009765625,4135.0,4071.050048828125,4105.2001953125,218163
2021-09-16,3772.8125,4073.050048828125,4120.0,4039.800048828125,4086.35009765625,243636
2021-09-17,3753.17529296875,4051.85009765625,4115.0,4041.0,4077.39990234375,621517
2021-09-20,3783.4189453125,4084.5,4115.0,4000.0,4035.0,291097
2021-09-21,3775.12841796875,4075.550048828125,4111.5498046875,4053.0,4062.199951171875,424258
2021-09-22,3759.335205078125,4058.5,4105.0,4049.10009765625,4082.0,259937
2021-09-23,3744.375732421875,4042.35009765625,4075.449951171875,4017.5,4060.0,322858
2021-09-24,3744.88525390625,4042.89990234375,4098.9501953125,4030.0,4040.0,373614
2021-09-27,3714.040283203125,4009.60009765625,4064.60009765625,4000.0,4049.89990234375,248898
2021-09-28,3708.5283203125,4003.64990234375,4068.949951171875,3990.050048828125,4005.199951171875,354948
2021-09-29,3679.906005859375,3972.75,4019.89990234375,3959.14990234375,3982.0,332446
2021-09-30,3657.860595703125,3948.949951171875,3993.0,3940.300048828125,3972.0,217501
2021-10-01,3632.063720703125,3921.10009765625,3958.800048828125,3885.0,3958.800048828125,181917
2021-10-04,3605.942138671875,3892.89990234375,3967.25,3881.0,3910.0,372752
2021-10-05,3596.031005859375,3882.199951171875,3905.25,3865.5,3894.0,131731
2021-10-06,3648.2734375,3938.60009765625,3993.14990234375,3882.25,3893.0,409840
2021-10-07,3613.074462890625,3900.60009765625,3963.64990234375,3877.449951171875,3959.800048828125,187556
2021-10-08,3597.0498046875,3883.300048828125,3929.0,3846.85009765625,3915.0,316870
2021-10-11,3557.49755859375,3840.60009765625,3900.75,3831.199951171875,3880.0,253051
2021-10-12,3582.831298828125,3867.949951171875,3874.75,3815.0,3821.0,253262
2021-10-13,3597.42041015625,3883.699951171875,3894.10009765625,3854.5,3871.39990234375,174222
2021-10-14,3607.74853515625,3894.85009765625,3925.0,3881.0,3912.0,299078
2021-10-18,3554.487060546875,3837.35009765625,3960.0,3825.0,3960.0,256837
2021-10-19,3516.092529296875,3795.89990234375,3868.35009765625,3780.0,3860.35009765625,282932
2021-10-20,3484.691162109375,3762.0,3917.35009765625,3740.0,3800.0,523002
2021-10-21,3440.5537109375,3714.35009765625,3798.5,3680.0,3798.5,335589
2021-10-22,3417.998779296875,3690.0,3760.0,3650.0,3734.0,192033
2021-10-25,3363.393798828125,3631.050048828125,3696.550048828125,3617.699951171875,3690.0,289025
2021-10-26,3420.59228515625,3692.800048828125,3705.050048828125,3605.85009765625,3649.0,326825
2021-10-27,3425.270263671875,3697.85009765625,3731.199951171875,3681.449951171875,3700.89990234375,441016
2021-10-28,3410.4951171875,3681.89990234375,3728.699951171875,3654.0,3725.0,193658
2021-10-29,3404.799072265625,3675.75,3708.949951171875,3641.050048828125,3681.0,283538
2021-11-01,3407.02197265625,3678.14990234375,3700.0,3651.10009765625,3694.0,139766
2021-11-02,3411.421630859375,3682.89990234375,3707.60009765625,3667.050048828125,3680.199951171875,151547
2021-11-03,3362.282470703125,3629.85009765625,3699.800048828125,3618.050048828125,3695.0,185296
2021-11-04,3362.282470703125,3629.85009765625,3629.85009765625,3629.85009765625,3629.85009765625,0
2021-11-08,3443.65673828125,3717.699951171875,3728.85009765625,3620.0,3666.0,336938
2021-11-09,3354.640625,3621.60009765625,3639.0,3535.14990234375,3590.0,1399094
2021-11-10,3425.8720703125,3698.5,3720.0,3600.0,3629.449951171875,706755
2021-11-11,3374.833251953125,3643.39990234375,3718.0,3633.300048828125,3699.10009765625,298625
2021-11-12,3416.099365234375,3687.949951171875,3701.949951171875,3641.25,3668.60009765625,275060
2021-11-15,3466.7216796875,3742.60009765625,3747.60009765625,3674.0,3700.0,320669
2021-11-16,3418.693359375,3690.75,3760.0,3681.0,3751.0,199179
2021-11-17,3348.5732421875,3615.050048828125,3699.949951171875,3607.800048828125,3690.75,250996
2021-11-18,3308.326416015625,3571.60009765625,3644.800048828125,3555.0,3644.800048828125,248828
2021-11-22,3317.58935546875,3581.60009765625,3628.5,3570.0,3589.0,364653
2021-11-23,3392.201171875,3662.14990234375,3670.0,3574.0,3577.800048828125,365672
2021-11-24,3356.261474609375,3623.35009765625,3674.0,3610.0,3660.0,149025
2021-11-25,3309.993408203125,3573.39990234375,3633.800048828125,3566.0,3610.5,232784
2021-11-26,3293.22802734375,3555.300048828125,3635.10009765625,3533.949951171875,3560.0,372530
2021-11-29,3268.49609375,3528.60009765625,3550.0,3469.10009765625,3550.0,281082
2021-11-30,3284.150146484375,3545.5,3565.0,3501.10009765625,3514.0,633377
2021-12-01,3274.65576171875,3535.25,3606.699951171875,3528.0,3550.5,312855
2021-12-02,3314.7177734375,3578.5,3607.300048828125,3530.0,3540.0,377041
2021-12-03,3291.7919921875,3553.75,3593.449951171875,3550.0,3557.0,313990
2021-12-06,3238.484375,3496.199951171875,3581.10009765625,3490.0,3556.0,165986
2021-12-07,3218.10595703125,3474.199951171875,3529.0,3467.0,3502.050048828125,254445
2021-12-08,3312.170166015625,3575.75,3582.449951171875,3483.0,3489.949951171875,326189
2021-12-09,3356.770751953125,3623.89990234375,3634.449951171875,3564.0,3565.0,284117
2021-12-10,3364.69091796875,3632.449951171875,3642.0,3604.39990234375,3623.89990234375,190379
2021-12-13,3324.2119140625,3588.75,3658.35009765625,3576.949951171875,3641.0,311904
2021-12-14,3315.78271484375,3579.64990234375,3597.449951171875,3543.050048828125,3580.0,297867
2021-12-15,3280.537841796875,3541.60009765625,3579.60009765625,3521.5,3571.0,152079
2021-12-16,3298.136962890625,3560.60009765625,3571.64990234375,3536.64990234375,3550.0,121782
2021-12-17,3275.489013671875,3536.14990234375,3556.0,3500.0,3546.0,307396
2021-12-20,3215.9755859375,3471.89990234375,3530.0,3430.10009765625,3522.0,382144
2021-12-21,3247.330322265625,3505.75,3541.35009765625,3461.050048828125,3473.89990234375,222991
2021-12-22,3239.225341796875,3497.0,3538.60009765625,3484.60009765625,3522.0,257611
2021-12-23,3292.579345703125,3554.60009765625,3560.0,3502.0,3503.10009765625,163291
2021-12-24,3280.260009765625,3541.300048828125,3565.0,3519.0,3560.0,136780
2021-12-27,3254.230712890625,3513.199951171875,3544.550048828125,3506.699951171875,3540.0,94111
2021-12-28,3288.92041015625,3550.64990234375,3562.0,3511.10009765625,3531.0,99497
2021-12-29,3297.211181640625,3559.60009765625,3569.800048828125,3525.199951171875,3550.64990234375,163737
2021-12-30,3310.456787109375,3573.89990234375,3586.0,3526.050048828125,3570.0,167005
2021-12-31,3340.1904296875,3606.0,3623.199951171875,3569.050048828125,3586.0,244207
2022-01-03,3350.889404296875,3617.550048828125,3626.0,3582.199951171875,3610.0,149689
2022-01-04,3370.24853515625,3638.449951171875,3643.85009765625,3610.0,3623.0,317247
2022-01-05,3389.931884765625,3659.699951171875,3689.0,3633.050048828125,3638.0,245395
2022-01-06,3404.197265625,3675.10009765625,3686.949951171875,3625.800048828125,3659.699951171875,340345
2022-01-07,3461.8583984375,3737.35009765625,3742.0,3682.85009765625,3685.0,241905
2022-01-10,3490.52685546875,3768.300048828125,3778.0,3727.89990234375,3737.35009765625,351447
2022-01-11,3467.416015625,3743.35009765625,3800.949951171875,3738.10009765625,3768.300048828125,206008
2022-01-12,3427.446533203125,3700.199951171875,3759.75,3691.0,3750.0,311095
2022-01-13,3472.69580078125,3749.050048828125,3759.949951171875,3691.300048828125,3700.199951171875,129143
2022-01-14,3438.423095703125,3712.050048828125,3754.89990234375,3695.300048828125,3749.050048828125,97013
2022-01-17,3394.98046875,3665.14990234375,3712.800048828125,3642.35009765625,3697.0,170221
2022-01-18,3354.91845703125,3621.89990234375,3694.699951171875,3611.10009765625,3668.0,168104
2022-01-19,3312.07763671875,3575.64990234375,3627.550048828125,3565.0,3620.0,129227
2022-01-20,3339.403076171875,3605.14990234375,3624.0,3576.5,3590.0,173547
2022-01-21,3351.583740234375,3618.300048828125,3629.0,3575.699951171875,3606.0,162594
2022-01-24,3264.09619140625,3523.85009765625,3626.550048828125,3505.0,3610.0,240598
2022-01-25,3278.4072265625,3539.300048828125,3565.449951171875,3430.25,3502.0,306411
2022-01-27,3236.585205078125,3494.14990234375,3535.0,3435.64990234375,3535.0,353612
2022-01-28,3250.942626953125,3509.64990234375,3595.0,3494.14990234375,3494.14990234375,249034
2022-01-31,3274.7021484375,3535.300048828125,3636.0,3510.0,3510.0,462842
2022-02-01,3387.060546875,3656.60009765625,3710.0,3545.050048828125,3560.0,631482
2022-02-02,3354.13134765625,3621.050048828125,3670.0,3604.800048828125,3670.0,209928
2022-02-03,3299.80419921875,3562.39990234375,3652.0,3555.0,3622.0,203975
2022-02-04,3299.43408203125,3562.0,3593.699951171875,3540.0,3583.449951171875,162672
2022-02-07,3194.39306640625,3448.60009765625,3579.800048828125,3440.0,3561.949951171875,279194
2022-02-08,3217.4111328125,3473.449951171875,3490.0,3418.39990234375,3441.0,363856
2022-02-09,3258.075439453125,3517.35009765625,3540.699951171875,3473.449951171875,3509.0,172750
2022-02-10,3274.007080078125,3534.550048828125,3543.85009765625,3485.0,3522.0,172088
2022-02-11,3223.988037109375,3480.550048828125,3509.35009765625,3429.0,3499.0,340217
2022-02-14,3147.522705078125,3398.0,3455.0,3388.050048828125,3428.0,209831
2022-02-15,3221.533203125,3477.89990234375,3490.0,3400.0,3425.0,209065
2022-02-16,3206.804931640625,3462.0,3498.800048828125,3435.0,3480.0,190567
2022-02-17,3208.75048828125,3464.10009765625,3483.0,3430.0,3482.60009765625,173362
2022-02-18,3225.0068359375,3481.64990234375,3495.0,3444.14990234375,3450.0,121161
2022-02-21,3219.078369140625,3475.25,3500.0,3430.0,3431.10009765625,138287
2022-02-22,3232.509765625,3489.75,3498.0,3405.0,3405.0,246372
2022-02-23,3252.332275390625,3511.14990234375,3530.0,3470.0,3497.75,326853
2022-02-24,3191.984375,3446.0,3504.0,3414.0,3439.5,529995
2022-02-25,3170.4482421875,3422.75,3444.0,3350.39990234375,3435.0,722637
2022-02-28,3174.802001953125,3427.449951171875,3440.0,3327.35009765625,3405.0,426929
2022-03-02,3141.7333984375,3391.75,3420.949951171875,3371.75,3420.949951171875,416582
2022-03-03,3118.251953125,3366.39990234375,3439.550048828125,3350.0,3405.0,429892
2022-03-04,3122.83740234375,3371.35009765625,3394.85009765625,3275.0,3350.0,331936
2022-03-07,2920.999267578125,3153.449951171875,3300.550048828125,3138.550048828125,3300.0,711477
2022-03-08,2884.225830078125,3113.75,3180.0,3050.0,3115.0,541966
2022-03-09,2893.581298828125,3123.85009765625,3170.0,3093.699951171875,3144.0,483468
2022-03-10,2985.376220703125,3222.949951171875,3248.0,3144.800048828125,3225.0,490457
2022-03-11,2964.025390625,3199.89990234375,3256.60009765625,3192.800048828125,3250.0,362091
2022-03-14,2951.01123046875,3185.85009765625,3215.0,3145.10009765625,3199.89990234375,335292
2022-03-15,2985.283935546875,3222.85009765625,3249.0,3181.64990234375,3186.0,258636
2022-03-16,3069.390380859375,3313.64990234375,3318.35009765625,3232.25,3244.0,239522
2022-03-17,3108.572509765625,3355.949951171875,3362.0,3300.550048828125,3322.0,436218
2022-03-21,2998.900146484375,3237.550048828125,3350.0,3230.0,3350.0,354460
2022-03-22,2925.584228515625,3158.39990234375,3250.0,3132.25,3230.0,583821
2022-03-23,2873.57373046875,3102.25,3173.85009765625,3092.0,3167.39990234375,1044283
2022-03-24,2875.0556640625,3103.85009765625,3130.0,3080.550048828125,3087.0,459226
2022-03-25,2866.39453125,3094.5,3122.75,3074.10009765625,3110.0,339040
2022-03-28,2866.672607421875,3094.800048828125,3118.949951171875,3060.050048828125,3094.5,310240
2022-03-29,2875.009033203125,3103.800048828125,3134.0,3090.199951171875,3112.0,359318
2022-03-30,2916.321533203125,3148.39990234375,3160.0,3114.64990234375,3123.64990234375,450273
2022-03-31,2970.046142578125,3206.39990234375,3218.5,3147.300048828125,3149.300048828125,413897
2022-04-01,2992.5087890625,3230.64990234375,3237.89990234375,3191.64990234375,3210.0,260712
2022-04-04,3028.957763671875,3270.0,3276.39990234375,3215.0,3230.0,275388
2022-04-05,3059.895751953125,3303.39990234375,3314.949951171875,3271.89990234375,3280.0,236853
2022-04-06,3040.536865234375,3282.5,3295.0,3254.64990234375,3282.0,245111
2022-04-07,3051.281494140625,3294.10009765625,3322.0,3265.64990234375,3275.0,302703
2022-04-08,3101.11572265625,3347.89990234375,3354.300048828125,3287.0,3287.0,168952
2022-04-11,3103.6630859375,3350.64990234375,3370.0,3297.050048828125,3347.89990234375,186130
2022-04-12,3097.59619140625,3344.10009765625,3364.89990234375,3302.300048828125,3340.0,238043
2022-04-13,3102.73681640625,3349.64990234375,3388.0,3340.0,3340.0,205852
2022-04-18,3097.41064453125,3343.89990234375,3367.89990234375,3306.050048828125,3345.0,197878
2022-04-19,3027.0126953125,3267.89990234375,3388.0,3245.300048828125,3343.89990234375,296680
2022-04-20,3060.63720703125,3304.199951171875,3335.0,3242.0,3266.0,235572
2022-04-21,3112.231201171875,3359.89990234375,3369.949951171875,3274.39990234375,3297.0,152205
2022-04-22,3116.121826171875,3364.10009765625,3377.5,3325.0,3341.300048828125,148494
2022-04-25,3052.948486328125,3295.89990234375,3347.050048828125,3132.050048828125,3280.0,630312
2022-04-26,3124.08740234375,3372.699951171875,3402.0,3301.300048828125,3308.300048828125,398545
2022-04-27,3092.177490234375,3338.25,3384.699951171875,3312.14990234375,3350.0,248769
2022-04-28,3110.37841796875,3357.89990234375,3391.550048828125,3263.10009765625,3270.0,322548
2022-04-29,3037.526611328125,3279.25,3370.89990234375,3266.5,3360.10009765625,259398
2022-05-02,3030.162353515625,3271.300048828125,3284.89990234375,3203.0,3242.0,215783
2022-05-04,3135.897705078125,3385.449951171875,3596.0,3328.14990234375,3340.0,2871830
2022-05-05,3035.442138671875,3277.0,3423.550048828125,3260.0,3410.0,623098
2022-05-06,3063.971923828125,3307.800048828125,3323.85009765625,3187.10009765625,3245.0,560373
2022-05-09,3012.331298828125,3252.050048828125,3338.300048828125,3225.0,3282.5,403409
2022-05-10,3007.23681640625,3246.550048828125,3320.60009765625,3235.0,3261.0,285192
2022-05-11,3019.556396484375,3259.85009765625,3283.800048828125,3195.0,3240.0,269579
2022-05-12,2979.725830078125,3216.85009765625,3239.949951171875,3156.89990234375,3225.5,310942
2022-05-13,3036.83154296875,3278.5,3321.0,3225.0,3225.0,326757
2022-05-16,3042.759521484375,3284.89990234375,3337.949951171875,3253.39990234375,3337.0,270772
2022-05-17,3120.521728515625,3368.85009765625,3382.89990234375,3285.449951171875,3289.0,277190
2022-05-18,3144.14208984375,3394.35009765625,3432.64990234375,3350.0,3350.0,435712
2022-05-19,3086.4345703125,3332.050048828125,3388.60009765625,3308.050048828125,3365.0,394058
2022-05-20,3195.921142578125,3450.25,3463.800048828125,3352.0,3360.0,525530
2022-05-23,3230.0087890625,3487.050048828125,3538.0,3451.25,3451.25,524978
2022-05-24,3214.63232421875,3470.449951171875,3518.0,3440.0,3515.0,230532
2022-05-25,3257.287841796875,3516.5,3525.0,3472.14990234375,3491.699951171875,286553
2022-05-26,3298.461181640625,3560.949951171875,3577.85009765625,3513.5,3550.0,545260
2022-05-27,3295.3583984375,3557.60009765625,3583.35009765625,3510.25,3583.0,165721
2022-05-30,3312.63330078125,3576.25,3617.64990234375,3541.60009765625,3561.39990234375,213495
2022-05-31,3378.909423828125,3647.800048828125,3700.0,3555.25,3576.60009765625,562987
2022-06-01,3289.522705078125,3551.300048828125,3669.75,3533.0,3649.10009765625,241386
2022-06-02,3313.374755859375,3577.050048828125,3583.800048828125,3505.75,3570.0,213099
2022-06-03,3269.792724609375,3530.0,3597.10009765625,3493.0,3575.0,271462
2022-06-06,3234.547607421875,3491.949951171875,3535.0,3450.050048828125,3530.0,153889
2022-06-07,3134.045166015625,3383.449951171875,3478.89990234375,3354.0,3465.0,338018
2022-06-08,3113.71337890625,3361.5,3402.60009765625,3310.0,3385.0,320103
2022-06-09,3100.513671875,3347.25,3382.050048828125,3306.0,3361.14990234375,347351
2022-06-10,3113.111572265625,3360.85009765625,3372.25,3301.10009765625,3316.0,503822
2022-06-13,3111.397705078125,3359.0,3375.0,3310.949951171875,3339.0,463899
2022-06-14,3133.48974609375,3382.85009765625,3393.0,3330.050048828125,3359.550048828125,224645
2022-06-15,3135.8515625,3385.39990234375,3402.89990234375,3352.050048828125,3388.0,245702
2022-06-16,3140.483154296875,3390.39990234375,3431.89990234375,3372.050048828125,3400.10009765625,481507
2022-06-17,3086.480712890625,3332.10009765625,3390.39990234375,3300.300048828125,3390.39990234375,527370
2022-06-20,3183.533935546875,3378.60009765625,3399.89990234375,3270.949951171875,3300.0,364703
2022-06-21,3231.306396484375,3429.300048828125,3472.85009765625,3375.050048828125,3378.60009765625,223641
2022-06-22,3207.137451171875,3403.64990234375,3454.89990234375,3386.199951171875,3412.0,170854
2022-06-23,3214.487060546875,3411.449951171875,3447.85009765625,3390.5,3414.949951171875,351311
2022-06-24,3269.04443359375,3469.35009765625,3504.949951171875,3429.0,3429.0,301133
2022-06-27,3259.385986328125,3459.10009765625,3505.949951171875,3447.25,3502.0,419730
2022-06-28,3236.394775390625,3434.699951171875,3469.89990234375,3388.050048828125,3455.0,182574
2022-06-29,3207.608642578125,3404.14990234375,3455.60009765625,3360.0,3434.699951171875,374478
2022-06-30,3266.264404296875,3466.39990234375,3483.14990234375,3380.0,3380.0,479308
2022-07-01,3377.40478515625,3584.35009765625,3600.0,3412.0,3412.0,292487
2022-07-04,3486.801513671875,3700.449951171875,3713.449951171875,3575.0,3575.0,614359
2022-07-05,3445.483154296875,3656.60009765625,3714.0,3636.0,3709.0,612519
2022-07-06,3609.62548828125,3830.800048828125,3840.89990234375,3642.25,3650.14990234375,1043070
2022-07-07,3590.261962890625,3810.25,3882.10009765625,3799.85009765625,3828.0,519620
2022-07-08,3596.5751953125,3816.949951171875,3850.949951171875,3792.5,3830.0,379513
2022-07-11,3576.269287109375,3795.39990234375,3840.39990234375,3780.0,3829.199951171875,208602
2022-07-12,3510.4052734375,3725.5,3787.85009765625,3716.14990234375,3783.0,283587
2022-07-13,3510.876220703125,3726.0,3762.10009765625,3712.10009765625,3731.050048828125,164377
2022-07-14,3556.246337890625,3774.14990234375,3789.0,3713.050048828125,3726.0,265732
2022-07-15,3626.680419921875,3848.89990234375,3862.800048828125,3779.10009765625,3785.0,660790
2022-07-18,3556.999755859375,3774.949951171875,3880.0,3759.0,3860.0,455399
2022-07-19,3568.7783203125,3787.449951171875,3797.10009765625,3742.300048828125,3774.949951171875,228968
2022-07-20,3607.27001953125,3828.300048828125,3849.0,3793.85009765625,3805.0,440495
2022-07-21,3632.899658203125,3855.5,3865.75,3821.0,3844.0,282104
2022-07-22,3647.9287109375,3871.449951171875,3929.0,3843.64990234375,3860.0,433423
2022-07-25,3661.54443359375,3885.89990234375,3915.0,3850.0,3871.449951171875,290157
2022-07-26,3587.341064453125,3807.14990234375,3900.0,3795.5,3900.0,267527
2022-07-27,3632.00439453125,3854.550048828125,3863.89990234375,3781.14990234375,3800.0,200264
2022-07-28,3645.9501953125,3869.35009765625,3882.0,3836.39990234375,3863.5,316008
2022-07-29,3675.207275390625,3900.39990234375,3949.35009765625,3876.89990234375,3883.0,418970
2022-08-01,3633.040771484375,3855.64990234375,3916.0,3838.199951171875,3900.39990234375,323129
2022-08-02,3569.43798828125,3788.14990234375,3909.0,3758.10009765625,3875.0,355859
2022-08-03,3552.336181640625,3770.0,3793.35009765625,3726.050048828125,3780.0,428088
2022-08-04,3557.09423828125,3775.050048828125,3792.0,3726.0,3762.75,506667
2022-08-05,3475.16455078125,3688.10009765625,3835.89990234375,3678.85009765625,3745.0,798850
2022-08-08,3421.738037109375,3631.39990234375,3701.89990234375,3612.800048828125,3688.10009765625,310094
2022-08-10,3437.144287109375,3647.75,3674.800048828125,3624.050048828125,3640.0,191222
2022-08-11,3430.124267578125,3640.300048828125,3682.800048828125,3632.199951171875,3666.0,167070
2022-08-12,3448.451171875,3659.75,3667.300048828125,3607.64990234375,3650.0,228587
2022-08-16,3477.37890625,3690.449951171875,3723.949951171875,3675.0,3678.050048828125,239514
2022-08-17,3491.27734375,3705.199951171875,3714.949951171875,3681.14990234375,3693.0,353941
2022-08-18,3479.828857421875,3693.050048828125,3726.949951171875,3681.050048828125,3712.0,232262
2022-08-19,3451.089599609375,3662.550048828125,3709.449951171875,3642.449951171875,3693.050048828125,177955
2022-08-22,3464.18701171875,3676.449951171875,3733.0,3635.050048828125,3662.550048828125,366371
2022-08-23,3466.306884765625,3678.699951171875,3704.949951171875,3638.0,3650.0,189150
2022-08-24,3447.885986328125,3659.14990234375,3688.0,3636.449951171875,3677.0,187721
2022-08-25,3436.060546875,3646.60009765625,3678.199951171875,3640.0,3677.449951171875,208578
2022-08-26,3439.405517578125,3650.14990234375,3668.0,3627.10009765625,3664.85009765625,220796
2022-08-29,3493.585693359375,3707.64990234375,3730.0,3585.25,3618.0,525684
2022-08-30,3531.37060546875,3747.75,3766.14990234375,3717.0,3717.0,467342
2022-09-01,3503.479248046875,3718.14990234375,3745.39990234375,3672.10009765625,3730.0,314888
2022-09-02,3490.3818359375,3704.25,3758.89990234375,3700.0,3736.75,202152
2022-09-05,3451.13671875,3662.60009765625,3715.0,3658.10009765625,3681.0,234232
2022-09-06,3400.443115234375,3608.800048828125,3692.60009765625,3595.0,3672.0,390746
2022-09-07,3456.13037109375,3667.89990234375,3674.800048828125,3588.0,3600.0,287734
2022-09-08,3460.6064453125,3672.64990234375,3687.0,3632.89990234375,3683.0,384831
2022-09-09,3438.79296875,3649.5,3700.0,3641.85009765625,3685.5,134487
2022-09-12,3438.79296875,3649.5,3649.5,3649.5,3649.5,0
2022-09-13,3540.74609375,3757.699951171875,3765.0,3665.0,3665.0,398871
2022-09-14,3530.66357421875,3747.0,3761.699951171875,3708.0,3708.0,389253
2022-09-15,3506.683349609375,3721.550048828125,3789.0,3713.050048828125,3765.0,311462
2022-09-16,3429.41748046875,3639.550048828125,3741.39990234375,3621.10009765625,3703.550048828125,559137
2022-09-19,3384.94287109375,3592.35009765625,3642.14990234375,3564.10009765625,3635.0,211795
2022-09-20,3439.82958984375,3650.60009765625,3665.0,3602.0,3610.35009765625,346604
2022-09-21,3548.237060546875,3765.64990234375,3789.0,3637.0,3646.0,773841
2022-09-22,3605.055419921875,3825.949951171875,3835.449951171875,3751.0,3764.0,687172
2022-09-23,3577.494384765625,3796.699951171875,3842.800048828125,3782.35009765625,3825.949951171875,326581
2022-09-26,3568.82568359375,3787.5,3827.85009765625,3775.5,3796.699951171875,626882
2022-09-27,3603.359619140625,3824.14990234375,3889.800048828125,3800.0,3806.449951171875,584760
2022-09-28,3630.732177734375,3853.199951171875,3868.0,3795.60009765625,3817.89990234375,364917
2022-09-29,3641.379638671875,3864.5,3873.0,3810.0,3871.449951171875,450207
2022-09-30,3621.16845703125,3843.050048828125,3887.64990234375,3820.050048828125,3870.0,309896
2022-10-03,3551.346435546875,3768.949951171875,3878.199951171875,3753.800048828125,3862.0,251830
2022-10-04,3597.7060546875,3818.14990234375,3826.64990234375,3775.550048828125,3807.0,153835
2022-10-06,3550.027587890625,3767.550048828125,3847.64990234375,3760.699951171875,3837.25,308216
2022-10-07,3567.08251953125,3785.64990234375,3795.0,3732.25,3776.0,318472
2022-10-10,3578.577880859375,3797.85009765625,3812.0,3717.0,3750.0,185199
2022-10-11,3512.66650390625,3727.89990234375,3820.699951171875,3718.0,3816.85009765625,202644
2022-10-12,3545.739990234375,3763.0,3774.39990234375,3726.35009765625,3746.550048828125,271156
2022-10-13,3566.093017578125,3784.60009765625,3794.0,3748.89990234375,3771.5,156770
2022-10-14,3577.0703125,3796.25,3814.89990234375,3769.25,3800.10009765625,350141
2022-10-17,3559.591552734375,3777.699951171875,3801.89990234375,3752.550048828125,3801.89990234375,93315
2022-10-18,3549.367919921875,3766.85009765625,3804.949951171875,3748.60009765625,3796.60009765625,189866
2022-10-19,3550.92236328125,3768.5,3789.5,3742.0,3770.0,182278
2022-10-20,3571.322265625,3790.14990234375,3802.89990234375,3747.64990234375,3763.0,230082
2022-10-21,3573.72509765625,3792.699951171875,3814.550048828125,3761.60009765625,3793.0,404955
2022-10-24,3573.72509765625,3792.699951171875,3792.699951171875,3792.699951171875,3792.699951171875,0
2022-10-25,3498.72119140625,3713.10009765625,3804.89990234375,3690.0,3804.0,228569
2022-10-27,3538.484619140625,3755.300048828125,3769.89990234375,3701.300048828125,3714.0,317971
2022-10-28,3559.591552734375,3777.699951171875,3792.0,3732.0,3767.0,215005
2022-10-31,3549.085205078125,3766.550048828125,3800.0,3739.35009765625,3788.0,198318
2022-11-01,3569.296875,3788.0,3808.60009765625,3755.050048828125,3780.0,338873
2022-11-02,3508.94482421875,3723.949951171875,3794.39990234375,3714.300048828125,3788.0,185469
2022-11-03,3537.306884765625,3754.050048828125,3760.550048828125,3705.449951171875,3707.0,140994
2022-11-04,3584.561279296875,3804.199951171875,3814.949951171875,3746.14990234375,3748.050048828125,258490
2022-11-07,3900.266845703125,4139.25,4190.0,3930.050048828125,3930.050048828125,3142443
2022-11-09,3934.282958984375,4175.35009765625,4237.0,4140.0,4140.0,1198458
2022-11-10,3895.9326171875,4134.64990234375,4189.64990234375,4108.2998046875,4152.60009765625,417581
2022-11-11,3862.01123046875,4098.64990234375,4177.0,4085.0,4155.35009765625,344558
2022-11-14,3867.005126953125,4103.9501953125,4153.5,4074.60009765625,4100.0,336120
2022-11-15,3900.361572265625,4139.35009765625,4153.60009765625,4083.25,4124.5,325881
2022-11-16,3892.96435546875,4131.5,4145.0,4093.75,4126.75,149924
2022-11-17,3887.028564453125,4125.2001953125,4150.0,4105.14990234375,4120.0,238478
2022-11-18,3868.983642578125,4106.0498046875,4138.0,4061.10009765625,4138.0,281217
2022-11-21,3882.17529296875,4120.0498046875,4149.0,4095.10009765625,4118.0,288522
2022-11-22,3917.557373046875,4157.60009765625,4164.25,4107.60009765625,4133.9501953125,319387
2022-11-23,3915.2490234375,4155.14990234375,4194.0498046875,4139.5,4160.0,247440
2022-11-24,3949.2177734375,4191.2001953125,4209.5498046875,4155.14990234375,4172.0,231515
2022-11-25,3942.151123046875,4183.7001953125,4212.0,4148.2998046875,4212.0,244021
2022-11-28,3969.8056640625,4213.0498046875,4229.2998046875,4161.0,4168.85009765625,222792
2022-11-29,4037.931884765625,4285.35009765625,4302.0,4225.0,4225.0,598884
2022-11-30,4110.4384765625,4362.2998046875,4387.89990234375,4290.0498046875,4297.9501953125,1101544
2022-12-01,4147.14013671875,4401.25,4410.5,4335.35009765625,4364.5498046875,501703
2022-12-02,4176.962890625,4432.89990234375,4444.0498046875,4380.2998046875,4400.0,530333
2022-12-05,4149.119140625,4403.35009765625,4427.64990234375,4370.0,4422.85009765625,212913
2022-12-06,4168.90625,4424.35009765625,4451.64990234375,4382.0498046875,4398.89990234375,349352
2022-12-07,4139.884765625,4393.5498046875,4435.0,4383.35009765625,4424.35009765625,252294
2022-12-08,4141.1572265625,4394.89990234375,4442.64990234375,4384.2001953125,4393.5498046875,282421
2022-12-09,4155.66796875,4410.2998046875,4426.39990234375,4384.2001953125,4402.0,233437
2022-12-12,4176.63330078125,4432.5498046875,4439.0498046875,4384.0,4419.0498046875,233360
2022-12-13,4170.97900390625,4426.5498046875,4452.0,4410.0,4452.0,158169
2022-12-14,4155.10205078125,4409.7001953125,4446.0,4390.10009765625,4440.0,195654
2022-12-15,4207.6337890625,4465.4501953125,4485.0,4412.0,4428.2998046875,370501
2022-12-16,4188.08154296875,4444.7001953125,4477.14990234375,4416.7001953125,4459.5,346508
2022-12-19,4265.158203125,4526.5,4537.0,4423.5,4455.0,330662
2022-12-20,4248.71630859375,4509.0498046875,4533.9501953125,4467.0498046875,4529.0,206833
2022-12-21,4163.72412109375,4418.85009765625,4530.0,4406.14990234375,4509.0498046875,303234
2022-12-22,4137.90625,4391.4501953125,4446.35009765625,4377.0,4444.0,243325
2022-12-23,4081.794189453125,4331.89990234375,4398.9501953125,4324.10009765625,4375.14990234375,224215
2022-12-26,4122.7353515625,4375.35009765625,4399.89990234375,4313.7998046875,4315.5,166686
2022-12-27,4116.98779296875,4369.25,4400.0,4350.0,4380.7001953125,138087
2022-12-28,4132.7236328125,4385.9501953125,4407.4501953125,4362.0,4362.0,159245
2022-12-29,4097.2470703125,4348.2998046875,4389.75,4296.5498046875,4375.0,244626
2022-12-30,4058.755859375,4307.4501953125,4374.9501953125,4298.5498046875,4355.2001953125,117753
2023-01-02,4044.3388671875,4292.14990234375,4379.9501953125,4275.10009765625,4379.9501953125,255314
2023-01-03,3996.943359375,4241.85009765625,4295.64990234375,4206.2998046875,4255.10009765625,496975
2023-01-04,3990.489013671875,4235.0,4276.0,4216.35009765625,4254.9501953125,216319
2023-01-05,4064.174072265625,4313.2001953125,4387.0,4235.0,4235.0,686633
2023-01-06,4107.37646484375,4359.0498046875,4369.0,4310.0,4313.2001953125,297438
2023-01-09,4112.32275390625,4364.2998046875,4387.89990234375,4336.2001953125,4380.0,170110
2023-01-10,4077.035400390625,4326.85009765625,4363.0,4317.2998046875,4360.0,235445
2023-01-11,4065.2099609375,4314.2998046875,4358.64990234375,4298.0,4326.0,224668
2023-01-12,4051.029541015625,4299.25,4340.89990234375,4284.0,4319.2998046875,248083
2023-01-13,4085.751708984375,4336.10009765625,4370.7001953125,4287.4501953125,4304.0,183772
2023-01-16,4060.78125,4309.60009765625,4346.4501953125,4300.0,4336.10009765625,84814
2023-01-17,4110.203125,4362.0498046875,4372.9501953125,4291.75,4309.0,169798
2023-01-18,4140.02587890625,4393.7001953125,4422.0,4355.5498046875,4360.0,192855
2023-01-19,4119.9560546875,4372.39990234375,4399.9501953125,4357.10009765625,4379.7998046875,139431
2023-01-20,4069.592041015625,4318.9501953125,4362.0,4312.85009765625,4362.0,154486
2023-01-23,4087.400390625,4337.85009765625,4357.4501953125,4319.14990234375,4330.0,119143
2023-01-24,4142.240234375,4396.0498046875,4408.9501953125,4323.2001953125,4350.7998046875,135586
2023-01-25,4134.79638671875,4388.14990234375,4444.0,4360.0,4384.0,288089
2023-01-27,4127.494140625,4380.39990234375,4439.0,4353.7998046875,4435.0,340484
2023-01-30,4152.32275390625,4406.75,4418.0,4320.0,4396.5,218721
2023-01-31,4068.3193359375,4317.60009765625,4418.0,4264.0,4418.0,605699
2023-02-01,4118.58984375,4370.9501953125,4444.5,4326.85009765625,4329.89990234375,622541
2023-02-02,4309.0205078125,4573.0498046875,4596.0,4370.0,4518.9501953125,1669243
2023-02-03,4361.599609375,4628.85009765625,4659.75,4570.10009765625,4590.0,517467
2023-02-06,4358.58447265625,4625.64990234375,4635.2998046875,4600.0,4605.0,315190
2023-02-07,4340.8701171875,4606.85009765625,4664.0,4596.7001953125,4639.0,327040
2023-02-08,4329.51513671875,4594.7998046875,4640.25,4578.0,4604.9501953125,252710
2023-02-09,4369.609375,4637.35009765625,4656.10009765625,4575.14990234375,4594.85009765625,284415
2023-02-10,4355.8046875,4622.7001953125,4669.2001953125,4597.0498046875,4660.0,207919
2023-02-13,4323.1083984375,4588.0,4636.0,4579.0,4600.0,185536
2023-02-14,4334.27392578125,4599.85009765625,4624.0,4581.0,4590.2998046875,245495
2023-02-15,4323.53173828125,4588.4501953125,4599.85009765625,4530.2001953125,4599.85009765625,197822
2023-02-16,4308.0322265625,4572.0,4617.89990234375,4567.0,4597.0,160313
2023-02-17,4271.5185546875,4533.25,4588.0,4514.7998046875,4570.0,203456
2023-02-20,4196.65625,4453.7998046875,4545.0,4444.0,4535.25,308681
2023-02-21,4243.345703125,4503.35009765625,4527.85009765625,4450.60009765625,4454.9501953125,229380
2023-02-22,4225.58349609375,4484.5,4540.89990234375,4477.7001953125,4505.0,262918
2023-02-23,4194.48876953125,4451.5,4496.0,4424.7998046875,4490.0,210031
2023-02-24,4186.05517578125,4442.5498046875,4495.5498046875,4419.64990234375,4460.0,234456
2023-02-27,4134.890625,4388.25,4470.0,4375.0,4428.5498046875,162723
2023-02-28,4204.14697265625,4461.75,4475.25,4380.0,4390.0,349283
2023-03-01,4126.9287109375,4379.7998046875,4454.5498046875,4355.14990234375,4439.0,331092
2023-03-02,4140.49755859375,4394.2001953125,4405.0,4343.0498046875,4390.0,147032
2023-03-03,4157.22314453125,4411.9501953125,4444.75,4380.39990234375,4400.0,212204
2023-03-06,4070.440185546875,4319.85009765625,4389.0,4279.89990234375,4389.0,681562
2023-03-08,4089.096923828125,4339.64990234375,4370.0,4305.75,4319.85009765625,228626
2023-03-09,4043.915771484375,4291.7001953125,4350.0,4275.2001953125,4339.64990234375,242653
2023-03-10,4062.1005859375,4311.0,4361.75,4282.75,4307.39990234375,367075
2023-03-13,4058.897216796875,4307.60009765625,4346.0498046875,4290.0,4309.0,282671
2023-03-14,4045.0927734375,4292.9501953125,4343.89990234375,4277.0,4315.0,197998
2023-03-15,3998.12109375,4243.10009765625,4323.64990234375,4237.60009765625,4315.0,195193
2023-03-16,4062.289794921875,4311.2001953125,4320.0,4250.0,4263.9501953125,260044
2023-03-17,4110.67431640625,4362.5498046875,4370.0,4305.60009765625,4325.9501953125,294948
2023-03-20,4081.7470703125,4331.85009765625,4366.60009765625,4262.5,4364.60009765625,176552
2023-03-21,4018.47412109375,4264.7001953125,4386.0,4260.0,4355.0,231876
2023-03-22,3999.39306640625,4244.4501953125,4279.0,4230.0,4279.0,146015
2023-03-23,3997.74462890625,4242.7001953125,4255.5,4196.75,4250.0,197372
2023-03-24,3957.46240234375,4199.9501953125,4242.0,4189.85009765625,4242.0,198393
2023-03-27,3971.455322265625,4214.7998046875,4245.2998046875,4198.7998046875,4224.0498046875,283791
2023-03-28,3957.509521484375,4200.0,4229.5,4153.0,4229.5,224554
2023-03-29,4029.310302734375,4276.2001953125,4297.9501953125,4198.9501953125,4205.0,316461
2023-03-31,4072.60693359375,4322.14990234375,4333.7998046875,4257.0498046875,4277.4501953125,244995
2023-04-03,4074.397216796875,4324.0498046875,4346.0,4282.35009765625,4344.0,365323
2023-04-05,4077.6953125,4327.5498046875,4358.89990234375,4295.0,4334.0,390846
2023-04-06,4051.54736328125,4299.7998046875,4327.7998046875,4288.2998046875,4327.7998046875,208718
2023-04-10,4020.07568359375,4266.39990234375,4299.7998046875,4243.0,4299.7998046875,253654
2023-04-11,4030.393798828125,4277.35009765625,4305.2998046875,4258.25,4266.39990234375,248398
2023-04-12,4024.69287109375,4271.2998046875,4298.7998046875,4263.0,4277.35009765625,325329
2023-04-13,4086.894287109375,4264.2001953125,4350.0,4222.5498046875,4239.0,454438
2023-04-17,4158.20068359375,4338.60009765625,4405.0,4259.7001953125,4278.0,631457
2023-04-18,4122.97900390625,4301.85009765625,4374.89990234375,4290.0,4350.9501953125,190132
2023-04-19,4115.3115234375,4293.85009765625,4326.0,4270.4501953125,4326.0,347248
2023-04-20,4079.418701171875,4256.39990234375,4318.5,4246.2998046875,4295.0,164008
2023-04-21,4147.84912109375,4327.7998046875,4335.0,4248.2998046875,4259.0,273401
2023-04-24,4131.74853515625,4311.0,4339.4501953125,4297.0,4327.7998046875,182843
2023-04-25,4219.49169921875,4402.5498046875,4411.0,4311.0,4313.0,353719
2023-04-26,4221.83984375,4405.0,4422.85009765625,4370.7998046875,4400.0,306037
2023-04-27,4232.23876953125,4415.85009765625,4429.35009765625,4397.0,4407.0,179769
2023-04-28,4364.21337890625,4553.5498046875,4564.85009765625,4408.64990234375,4415.9501953125,482939
2023-05-02,4323.48046875,4511.0498046875,4605.75,4500.0,4565.25,261449
2023-05-03,4338.86279296875,4527.10009765625,4548.0,4443.35009765625,4490.0,525015
2023-05-04,4396.3203125,4587.0498046875,4596.0,4510.0,4527.0498046875,244670
2023-05-05,4433.650390625,4626.0,4636.9501953125,4584.39990234375,4594.64990234375,332347
2023-05-08,4407.19775390625,4598.39990234375,4700.0,4573.5498046875,4640.0,831450
2023-05-09,4404.08349609375,4595.14990234375,4633.25,4582.5498046875,4624.0,367650
2023-05-10,4413.47607421875,4604.9501953125,4667.7998046875,4586.5,4629.7001953125,368807
2023-05-11,4442.419921875,4635.14990234375,4652.0,4605.0,4610.2001953125,282060
2023-05-12,4424.5458984375,4616.5,4675.0,4601.85009765625,4634.0,311033
2023-05-15,4438.29931640625,4630.85009765625,4679.0,4621.4501953125,4647.85009765625,276965
2023-05-16,4415.3447265625,4606.89990234375,4660.2001953125,4565.0,4632.0,263119
2023-05-17,4439.30517578125,4631.89990234375,4639.2001953125,4583.64990234375,4610.0,268353
2023-05-18,4374.56396484375,4564.35009765625,4655.5,4558.0,4650.0,155214
2023-05-19,4312.74609375,4499.85009765625,4593.10009765625,4484.14990234375,4588.0,367664
2023-05-22,4311.88330078125,4498.9501953125,4540.25,4485.0,4500.0,172174
2023-05-23,4333.63916015625,4521.64990234375,4581.5498046875,4486.0,4487.0,297514
2023-05-24,4331.8662109375,4519.7998046875,4569.89990234375,4501.35009765625,4538.2001953125,302733
2023-05-25,4373.5576171875,4563.2998046875,4705.4501953125,4533.25,4580.0,861989
2023-05-26,4405.08984375,4596.2001953125,4624.2001953125,4563.14990234375,4582.0,231911
2023-05-29,4385.0107421875,4575.25,4625.10009765625,4566.0,4611.4501953125,194968
2023-05-30,4383.09423828125,4573.25,4623.5,4563.0,4583.0,199772
2023-05-31,4463.4091796875,4657.0498046875,4683.2998046875,4565.25,4571.0,1536463
2023-06-01,4442.51611328125,4635.25,4655.0,4587.5498046875,4655.0,188427
2023-06-02,4460.63037109375,4654.14990234375,4718.7001953125,4635.35009765625,4637.0,359550
2023-06-05,4487.8974609375,4682.60009765625,4712.5,4657.0498046875,4659.89990234375,349558
2023-06-06,4509.74951171875,4705.39990234375,4717.7001953125,4673.0498046875,4682.60009765625,185910
2023-06-07,4689.6923828125,4893.14990234375,4907.9501953125,4715.0,4715.0,1390193
2023-06-08,4672.3447265625,4875.0498046875,4914.75,4856.5,4901.89990234375,381452
2023-06-09,4675.89111328125,4878.75,4980.0,4836.10009765625,4886.2998046875,820375
2023-06-12,4696.49755859375,4900.25,4910.0,4865.0,4899.0,233763
2023-06-13,4734.6904296875,4940.10009765625,4951.64990234375,4892.2998046875,4904.9501953125,326814
2023-06-14,4736.17578125,4941.64990234375,4977.0,4922.0,4947.0,234174
2023-06-15,4768.57080078125,4975.4501953125,5019.89990234375,4914.2998046875,4950.0,452909
2023-06-16,4834.94140625,5044.7001953125,5058.60009765625,4970.0,4975.4501953125,407485
2023-06-19,4812.2744140625,5021.0498046875,5064.39990234375,5002.2998046875,5050.0,197576
2023-06-20,4846.20263671875,5056.4501953125,5062.5,5008.0498046875,5021.0498046875,251372
2023-06-21,4858.7578125,5069.5498046875,5085.25,5045.64990234375,5070.60009765625,272200
2023-06-22,4779.68798828125,4987.0498046875,5071.89990234375,4975.0,5065.0,145196
2023-06-23,4764.11376953125,4970.7998046875,4986.9501953125,4945.2998046875,4972.0498046875,191942
2023-06-26,4800.91748046875,5009.2001953125,5022.0,4952.2998046875,4978.9501953125,179192
2023-06-27,4748.251953125,4954.25,5037.7998046875,4949.14990234375,5000.5498046875,175475
2023-06-28,4784.576171875,4992.14990234375,5019.9501953125,4959.89990234375,4989.0,253814
2023-06-30,4815.62890625,5024.5498046875,5032.35009765625,4955.0498046875,4990.2001953125,196106
2023-07-03,4800.05419921875,5008.2998046875,5048.60009765625,4990.10009765625,5035.0,139105
2023-07-04,4801.8271484375,5010.14990234375,5024.89990234375,4972.5498046875,5008.2998046875,121493
2023-07-05,4884.2041015625,5096.10009765625,5115.39990234375,4960.5,5024.7998046875,186513
2023-07-06,4958.43359375,5173.5498046875,5270.35009765625,5121.0,5199.0,966410
2023-07-07,4844.33349609375,5054.5,5189.5498046875,5042.89990234375,5173.5498046875,224712
2023-07-10,4822.62548828125,5031.85009765625,5099.4501953125,4991.5,5073.0,308544
2023-07-11,4872.5107421875,5083.89990234375,5157.2001953125,5050.0,5050.0,385742
2023-07-12,4862.9267578125,5073.89990234375,5114.85009765625,5042.35009765625,5083.89990234375,180640
2023-07-13,4878.693359375,5090.35009765625,5148.0,5071.4501953125,5089.89990234375,232034
2023-07-14,4919.76171875,5133.2001953125,5150.0,5085.10009765625,5118.0,220335
2023-07-17,4929.58544921875,5143.4501953125,5199.0,5121.10009765625,5149.9501953125,272290
2023-07-18,4853.58203125,5064.14990234375,5160.5498046875,5052.0,5150.0,189358
2023-07-19,4855.25927734375,5065.89990234375,5144.0,5050.10009765625,5081.9501953125,353528
2023-07-20,4842.46435546875,5052.5498046875,5094.0,5016.0498046875,5070.0,327126
2023-07-21,4837.1455078125,5047.0,5108.9501953125,5000.0,5061.5498046875,438176
2023-07-24,4762.29248046875,4968.89990234375,5048.0,4944.2001953125,5047.0,224646
2023-07-25,4682.45654296875,4885.60009765625,5007.0,4875.0,5007.0,396810
2023-07-26,4776.3818359375,4983.60009765625,4994.9501953125,4880.0,4900.0,231869
2023-07-27,4670.763671875,4873.39990234375,5016.0,4763.7998046875,4965.0,558492
2023-07-28,4699.46875,4903.35009765625,4959.39990234375,4851.0,4904.0,357681
2023-07-31,4594.61767578125,4793.9501953125,4910.39990234375,4765.25,4905.10009765625,800189
2023-08-01,4617.04443359375,4817.35009765625,4843.5,4750.10009765625,4825.10009765625,413904
2023-08-02,4609.47265625,4809.4501953125,4839.0,4770.0,4839.0,395487
2023-08-03,4599.4091796875,4798.9501953125,4818.60009765625,4770.0,4809.9501953125,239070
2023-08-04,4598.9775390625,4798.5,4832.0,4766.64990234375,4790.0,401478
2023-08-07,4465.9970703125,4659.75,4815.0,4618.2001953125,4751.0,1079453
2023-08-08,4413.85888671875,4605.35009765625,4677.4501953125,4596.0498046875,4632.75,533341
2023-08-09,4409.59423828125,4600.89990234375,4633.35009765625,4575.0,4619.89990234375,912658
2023-08-10,4351.658203125,4540.4501953125,4618.64990234375,4531.2998046875,4601.0,587011
2023-08-11,4322.7607421875,4510.2998046875,4561.0,4489.64990234375,4540.0,1112908
2023-08-14,4312.50634765625,4499.60009765625,4525.0,4455.0,4519.7001953125,557851
2023-08-16,4311.4521484375,4498.5,4512.5498046875,4421.39990234375,4488.60009765625,518358
2023-08-17,4314.42333984375,4501.60009765625,4525.0,4472.2998046875,4498.5,394002
2023-08-18,4346.48193359375,4535.0498046875,4554.7998046875,4461.0,4499.0,423415
2023-08-21,4322.953125,4510.5,4560.0,4498.5,4555.9501953125,244783
2023-08-22,4324.05517578125,4511.64990234375,4524.9501953125,4490.0,4524.7998046875,217446
2023-08-23,4324.82177734375,4512.4501953125,4555.0,4484.7001953125,4555.0,346764
2023-08-24,4353.90966796875,4542.7998046875,4559.5,4515.4501953125,4538.2998046875,357303
2023-08-25,4337.6171875,4525.7998046875,4560.0498046875,4506.2001953125,4544.60009765625,333873
2023-08-28,4323.38427734375,4510.9501953125,4525.7998046875,4485.60009765625,4525.0,343698
2023-08-29,4342.361328125,4530.75,4540.0,4486.10009765625,4510.9501953125,340257
2023-08-30,4361.5771484375,4550.7998046875,4558.5498046875,4511.7001953125,4552.9501953125,367571
2023-08-31,4281.98046875,4467.75,4575.0,4442.0,4564.89990234375,874564
2023-09-01,4297.890625,4484.35009765625,4491.9501953125,4426.0,4475.0,383124
2023-09-04,4319.791015625,4507.2001953125,4511.0,4449.75,4484.35009765625,394391
2023-09-05,4327.2177734375,4514.9501953125,4539.0,4485.0,4507.2001953125,453349
2023-09-06,4379.16455078125,4569.14990234375,4590.0,4503.0498046875,4520.0,300673
2023-09-07,4342.3134765625,4530.7001953125,4590.39990234375,4521.0,4590.0,479124
2023-09-08,4351.70556640625,4540.5,4548.60009765625,4513.7998046875,4540.7001953125,278293
2023-09-11,4378.5888671875,4568.5498046875,4574.0,4540.0,4540.89990234375,302448
2023-09-12,4377.24755859375,4567.14990234375,4574.39990234375,4508.89990234375,4568.5498046875,321129
2023-09-13,4416.638671875,4608.25,4630.4501953125,4549.10009765625,4567.14990234375,435792
2023-09-14,4384.14892578125,4574.35009765625,4631.9501953125,4552.64990234375,4619.0,473085
2023-09-15,4344.37353515625,4532.85009765625,4589.25,4518.60009765625,4583.0,408326
2023-09-18,4405.08984375,4596.2001953125,4603.0,4520.0,4540.0,304844
2023-09-20,4339.14990234375,4527.39990234375,4597.0,4507.7001953125,4596.2001953125,357295
2023-09-21,4369.0048828125,4558.5498046875,4565.7001953125,4478.0,4520.0,367638
2023-09-22,4374.8515625,4564.64990234375,4572.0,4510.0,4558.5498046875,210753
2023-09-25,4380.0263671875,4570.0498046875,4585.0,4510.5498046875,4574.0498046875,498354
2023-09-26,4408.875,4600.14990234375,4609.0,4549.4501953125,4570.25,330231
2023-09-27,4434.94482421875,4627.35009765625,4634.0498046875,4569.0,4601.2001953125,358156
2023-09-28,4336.4189453125,4524.5498046875,4634.2998046875,4505.0498046875,4627.35009765625,390490
2023-09-29,4348.4951171875,4537.14990234375,4560.4501953125,4501.5498046875,4555.0,230125
2023-10-03,4308.529296875,4495.4501953125,4553.25,4486.60009765625,4524.7998046875,543482
2023-10-04,4344.03857421875,4532.5,4540.0,4466.75,4490.0,318564
2023-10-05,4345.3798828125,4533.89990234375,4548.2001953125,4500.0,4540.25,302015
2023-10-06,4349.7412109375,4538.4501953125,4549.4501953125,4515.0,4533.85009765625,238131
2023-10-09,4334.4541015625,4522.5,4535.0,4493.5,4511.0,255764
2023-10-10,4341.5947265625,4529.9501953125,4541.9501953125,4503.0,4522.2001953125,222750
2023-10-11,4365.55517578125,4554.9501953125,4568.9501953125,4520.64990234375,4522.0,368192
2023-10-12,4371.11376953125,4560.75,4591.60009765625,4531.0,4582.0,518582
2023-10-13,4384.4833984375,4574.7001953125,4582.0,4515.0,4550.0,445822
2023-10-16,4395.36181640625,4586.0498046875,4591.4501953125,4555.0,4559.9501953125,292118
2023-10-17,4409.0673828125,4600.35009765625,4609.89990234375,4562.2001953125,4586.2001953125,196669
2023-10-18,4416.111328125,4607.7001953125,4623.0,4586.25,4605.0,217179
2023-10-19,4411.080078125,4602.4501953125,4616.0,4561.7001953125,4600.0498046875,228881
2023-10-20,4389.5634765625,4580.0,4608.0,4558.75,4603.0,351045
2023-10-23,4342.2177734375,4530.60009765625,4600.0,4516.35009765625,4572.7001953125,203004
2023-10-25,4345.236328125,4533.75,4585.60009765625,4470.0,4470.0,330082
2023-10-26,4320.365234375,4507.7998046875,4524.7998046875,4476.75,4517.60009765625,488909
2023-10-27,4326.5947265625,4514.2998046875,4544.0,4491.0,4512.0,382794
2023-10-30,4276.08642578125,4461.60009765625,4508.7001953125,4441.0,4500.0,450526
2023-10-31,4242.44580078125,4426.5,4479.75,4401.89990234375,4460.10009765625,504625
2023-11-01,4214.45947265625,4397.2998046875,4456.0,4347.7001953125,4442.60009765625,395359
2023-11-02,4339.00634765625,4527.25,4568.7998046875,4454.25,4512.10009765625,822845
2023-11-03,4350.794921875,4539.5498046875,4582.39990234375,4524.14990234375,4528.0,335012
2023-11-06,4431.3505859375,4623.60009765625,4628.14990234375,4546.0498046875,4554.89990234375,205763
2023-11-07,4461.63720703125,4655.2001953125,4670.0,4590.85009765625,4610.10009765625,282612
2023-11-08,4476.396484375,4670.60009765625,4686.5,4650.5,4670.9501953125,385727
2023-11-09,4458.66552734375,4652.10009765625,4685.5,4630.5,4670.60009765625,208210
2023-11-10,4487.2744140625,4681.9501953125,4685.85009765625,4621.0,4657.4501953125,142336
2023-11-13,4501.07568359375,4696.35009765625,4703.14990234375,4644.0,4662.2998046875,260394
2023-11-15,4514.92431640625,4710.7998046875,4725.0,4667.39990234375,4723.0,269650
2023-11-16,4506.58642578125,4702.10009765625,4729.0,4679.60009765625,4710.0,178375
2023-11-17,4522.11279296875,4718.2998046875,4745.60009765625,4690.10009765625,4703.0,138652
2023-11-20,4516.07470703125,4712.0,4739.4501953125,4690.89990234375,4691.25,126069
2023-11-21,4504.33349609375,4699.75,4730.0,4665.0,4730.0,129602
2023-11-22,4499.015625,4694.2001953125,4712.85009765625,4662.75,4709.89990234375,72533
2023-11-23,4510.13232421875,4705.7998046875,4710.9501953125,4678.9501953125,4699.0,109775
2023-11-24,4451.0458984375,4644.14990234375,4715.0,4640.5,4705.7998046875,123628
2023-11-28,4517.46484375,4713.4501953125,4722.89990234375,4626.0,4632.25,182790
2023-11-29,4603.9140625,4803.64990234375,4832.10009765625,4701.39990234375,4715.9501953125,363702
2023-11-30,4650.87646484375,4852.64990234375,4875.9501953125,4797.5,4815.0,961054
2023-12-01,4764.0654296875,4970.75,4984.0,4860.0498046875,4873.0,485597
2023-12-04,4732.43798828125,4937.75,4994.9501953125,4915.0,4990.0,310152
2023-12-05,4742.64501953125,4948.39990234375,4975.0,4933.0,4937.75,280497
2023-12-06,4795.11865234375,5003.14990234375,5022.7001953125,4952.2998046875,4953.0,295686
2023-12-07,4807.43408203125,5016.0,5025.0,4963.14990234375,5003.14990234375,268095
2023-12-08,4736.70361328125,4942.2001953125,5060.0,4931.0,5024.0,282713
2023-12-11,4738.57177734375,4944.14990234375,4974.5,4900.0498046875,4959.89990234375,147976
2023-12-12,4699.1806640625,4903.0498046875,4971.4501953125,4875.0,4968.0,184238
2023-12-13,4714.7548828125,4919.2998046875,4928.0,4860.0,4910.0,153558
2023-12-14,4740.9677734375,4946.64990234375,4965.0,4897.0,4932.2001953125,174503
2023-12-15,4709.57958984375,4913.89990234375,4969.85009765625,4880.5,4938.0,216579
2023-12-18,4676.6103515625,4879.5,4925.5,4837.0498046875,4913.85009765625,223278
2023-12-19,4707.03955078125,4911.25,4927.4501953125,4858.7001953125,4891.35009765625,200718
2023-12-20,4748.92333984375,4954.9501953125,5051.9501953125,4916.0,4920.0,457942
2023-12-21,4849.2216796875,5059.60009765625,5113.2998046875,4877.5498046875,4930.0,796081
2023-12-22,4946.5009765625,5161.10009765625,5183.7001953125,5050.0498046875,5075.0,582688
2023-12-26,5018.2392578125,5235.9501953125,5244.5,5146.0,5155.0,574310
2023-12-27,4999.88525390625,5216.7998046875,5245.0,5160.0,5242.0,241944
2023-12-28,5062.37451171875,5282.0,5338.64990234375,5186.75,5224.9501953125,655367
2023-12-29,5116.47705078125,5338.4501953125,5386.0498046875,5238.64990234375,5260.5498046875,535691
2024-01-01,5098.60205078125,5319.7998046875,5349.89990234375,5290.0,5339.0,130032
2024-01-02,5068.939453125,5288.85009765625,5334.9501953125,5224.10009765625,5319.7998046875,193517
2024-01-03,5035.34619140625,5253.7998046875,5333.89990234375,5240.0,5288.85009765625,123303
2024-01-04,5138.37646484375,5361.2998046875,5375.0,5221.0,5253.7998046875,413391
2024-01-05,5053.12548828125,5272.35009765625,5363.35009765625,5256.0,5361.2998046875,299017
2024-01-08,4962.07568359375,5177.35009765625,5305.0,5171.0498046875,5305.0,236628
2024-01-09,4909.41015625,5122.39990234375,5210.2001953125,5111.0,5199.0,194434
2024-01-10,4875.14697265625,5086.64990234375,5143.64990234375,5051.5,5111.0,191450
2024-01-11,4923.11572265625,5136.7001953125,5186.39990234375,5076.5498046875,5102.89990234375,277823
2024-01-12,4936.9169921875,5151.10009765625,5250.39990234375,5100.0498046875,5149.0,462298
2024-01-15,4962.07568359375,5177.35009765625,5228.0,5119.0,5159.9501953125,400069
2024-01-16,4917.26904296875,5130.60009765625,5218.0,5107.25,5168.39990234375,203028
2024-01-17,4851.234375,5061.7001953125,5135.25,5055.0,5115.0498046875,270672
2024-01-18,4806.61962890625,5015.14990234375,5077.9501953125,4974.2001953125,5061.0,514119
2024-01-19,4924.984375,5138.64990234375,5169.64990234375,5012.2998046875,5029.0,329252
2024-01-23,4838.19970703125,5048.10009765625,5189.85009765625,4925.89990234375,5166.39990234375,491135
2024-01-24,4928.43505859375,5142.25,5173.64990234375,5030.0,5048.10009765625,611741
2024-01-25,4928.09912109375,5141.89990234375,5236.5498046875,5106.10009765625,5150.0,342129
2024-01-29,4923.3076171875,5136.89990234375,5219.5,5111.2001953125,5142.0,275710
2024-01-30,4880.03515625,5091.75,5192.89990234375,5081.0,5163.2998046875,146422
2024-01-31,4982.25,5198.39990234375,5220.0,5031.75,5091.75,549238
2024-02-01,4934.52099609375,5148.60009765625,5201.9501953125,5127.10009765625,5196.0498046875,344394
2024-02-02,4934.76025390625,5148.85009765625,5209.0,5131.4501953125,5166.75,176167
2024-02-05,4911.4228515625,5124.5,5239.75,5078.5,5169.89990234375,231620
2024-02-06,4798.85693359375,5007.0498046875,5125.0,4992.5498046875,5124.5,336609
2024-02-07,4867.095703125,5078.25,5183.89990234375,4925.0,5140.0,1258830
2024-02-08,4672.82373046875,4875.5498046875,5122.39990234375,4833.14990234375,5101.0,623680
2024-02-09,4764.78466796875,4971.5,4978.0498046875,4860.0498046875,4875.5498046875,411953
2024-02-12,4763.5390625,4970.2001953125,4997.9501953125,4940.75,4971.5,158487
2024-02-13,4774.46533203125,4981.60009765625,5053.39990234375,4940.2001953125,4970.2001953125,262011
2024-02-14,4802.306640625,5010.64990234375,5025.0,4950.0,4967.5498046875,277479
2024-02-15,4744.70556640625,4950.5498046875,5043.35009765625,4932.85009765625,5010.9501953125,189625
2024-02-16,4709.38818359375,4913.7001953125,4970.5498046875,4894.75,4954.0,352139
2024-02-19,4720.4580078125,4925.25,4948.5498046875,4886.64990234375,4919.9501953125,182521
2024-02-20,4716.5283203125,4921.14990234375,4934.0,4879.10009765625,4910.14990234375,129279
2024-02-21,4718.30126953125,4923.0,4988.2998046875,4888.0,4934.75,235932
2024-02-22,4750.83984375,4956.9501953125,4968.0,4860.0,4924.9501953125,255308
2024-02-23,4731.09619140625,4936.35009765625,4970.39990234375,4912.10009765625,4956.9501953125,115910
2024-02-26,4698.07861328125,4901.89990234375,4957.0,4891.60009765625,4949.9501953125,78084
2024-02-27,4700.4267578125,4904.35009765625,4939.5498046875,4879.0,4879.0,434014
2024-02-28,4684.56494140625,4887.7998046875,4916.10009765625,4867.2001953125,4894.35009765625,96877
2024-02-29,4758.7470703125,4965.2001953125,4980.89990234375,4828.85009765625,4885.0498046875,447941
2024-03-01,4722.806640625,4927.7001953125,4986.7001953125,4914.14990234375,4965.2001953125,316277
2024-03-04,4637.6982421875,4838.89990234375,4942.4501953125,4833.5,4906.0,307520
2024-03-05,4624.9990234375,4825.64990234375,4867.4501953125,4811.0,4839.0498046875,156956
2024-03-06,4677.8076171875,4880.75,4887.7998046875,4788.75,4839.0,190965
2024-03-07,4685.85888671875,4889.14990234375,4902.0,4835.10009765625,4870.0,216747
2024-03-11,4732.10302734375,4937.39990234375,4957.64990234375,4871.10009765625,4894.0498046875,295000
2024-03-12,4666.6904296875,4869.14990234375,4940.0,4852.7998046875,4935.7001953125,140625
2024-03-13,4654.7099609375,4856.64990234375,4975.0,4822.0,4892.60009765625,410729
2024-03-14,4733.54052734375,4938.89990234375,4952.9501953125,4783.0,4853.25,240217
2024-03-15,4767.373046875,4974.2001953125,5008.7001953125,4912.0,4917.4501953125,491571
2024-03-18,4772.93115234375,4980.0,5014.0,4960.0,4980.0,143928
2024-03-19,4616.6611328125,4816.9501953125,4999.9501953125,4800.0,4999.0,265081
2024-03-20,4603.19482421875,4802.89990234375,4832.85009765625,4760.0,4822.10009765625,300159
2024-03-21,4606.8369140625,4806.7001953125,4824.0,4767.7998046875,4812.5,449591
2024-03-22,4662.712890625,4865.0,4892.9501953125,4784.89990234375,4800.0,264787
2024-03-26,4755.15283203125,4961.4501953125,4975.0,4740.7001953125,4748.39990234375,554559
2024-03-27,4715.61767578125,4920.2001953125,4980.0,4880.0,4960.0,327107
2024-03-28,4707.03955078125,4911.25,4971.2001953125,4864.60009765625,4942.2998046875,648795
2024-04-01,4691.65771484375,4895.2001953125,4960.7001953125,4883.75,4929.9501953125,181877
2024-04-02,4696.2099609375,4899.9501953125,4914.89990234375,4870.0,4910.0,93480
2024-04-03,4633.5771484375,4834.60009765625,4896.9501953125,4806.0,4870.0,246246
2024-04-04,4613.4501953125,4813.60009765625,4855.0,4780.60009765625,4839.9501953125,372526
2024-04-05,4612.92333984375,4813.0498046875,4847.60009765625,4791.60009765625,4813.60009765625,189143
2024-04-08,4626.10107421875,4826.7998046875,4841.0,4781.0,4825.0498046875,235219
2024-04-09,4595.3359375,4794.7001953125,4850.0,4783.39990234375,4850.0,180114
2024-04-10,4608.75439453125,4808.7001953125,4818.5498046875,4747.5498046875,4818.5,509880
2024-04-12,4554.171875,4751.75,4820.85009765625,4745.0,4818.0,620568
2024-04-15,4563.89990234375,4761.89990234375,4777.10009765625,4692.85009765625,4745.0,421873
2024-04-16,4543.58203125,4740.7001953125,4772.5,4691.2998046875,4748.0,516581
2024-04-18,4499.78173828125,4695.0,4758.7001953125,4666.60009765625,4745.0,670722
2024-04-19,4474.19140625,4668.2998046875,4698.0,4641.0,4682.0498046875,424834
2024-04-22,4555.6572265625,4753.2998046875,4763.89990234375,4662.2998046875,4673.89990234375,321925
2024-04-23,4598.30712890625,4797.7998046875,4812.0,4723.0498046875,4756.0,279440
2024-04-24,4628.16259765625,4828.9501953125,4840.0,4781.0,4797.0,412282
2024-04-25,4642.72998046875,4844.14990234375,4859.0,4747.5,4816.14990234375,509266
2024-04-26,4600.84716796875,4800.4501953125,4861.0,4793.0,4844.0498046875,205462
2024-04-29,4600.27197265625,4799.85009765625,4825.60009765625,4776.0,4815.0,147362
2024-04-30,4577.36572265625,4775.9501953125,4825.0,4765.10009765625,4799.0,489132
2024-05-02,4561.74365234375,4759.64990234375,4812.0,4750.0498046875,4789.9501953125,356664
2024-05-03,4547.31884765625,4744.60009765625,4781.10009765625,4707.89990234375,4781.10009765625,262493
2024-05-06,4851.13818359375,5061.60009765625,5205.4501953125,4802.2001953125,4818.9501953125,2837757
2024-05-07,4958.72119140625,5173.85009765625,5219.89990234375,5048.7998046875,5057.9501953125,1156073
2024-05-08,5011.0029296875,5228.39990234375,5248.4501953125,5123.85009765625,5151.0,323414
2024-05-09,4859.28515625,5070.10009765625,5248.0,5045.0,5228.0498046875,379667
2024-05-10,4856.1220703125,5066.7998046875,5118.2001953125,4971.75,5070.10009765625,223289
2024-05-13,4917.2216796875,5130.5498046875,5170.0,5055.0,5074.9501953125,323879
2024-05-14,4927.044921875,5140.7998046875,5161.5,5035.0,5130.5498046875,205585
2024-05-15,4853.4384765625,5064.0,5164.75,5053.4501953125,5149.5498046875,166198
2024-05-16,4924.1220703125,5137.75,5150.0,5017.5,5064.14990234375,312988
2024-05-17,4875.29052734375,5086.7998046875,5139.89990234375,5065.0,5139.89990234375,116594
2024-05-21,4962.79443359375,5178.10009765625,5191.0,5045.0498046875,5046.0,376474
2024-05-22,5048.380859375,5267.39990234375,5302.5,5195.0,5219.7998046875,748236
2024-05-23,5061.55908203125,5281.14990234375,5293.75,5187.89990234375,5261.14990234375,423256
2024-05-24,5022.7919921875,5240.7001953125,5285.14990234375,5219.0,5260.10009765625,268208
2024-05-27,4995.5244140625,5212.25,5265.0,5127.25,5265.0,329998
2024-05-28,5032.23193359375,5250.5498046875,5285.39990234375,5180.5498046875,5209.0,259151
2024-05-29,5012.34423828125,5229.7998046875,5268.0,5200.0,5202.0,286144
2024-05-30,4982.39404296875,5198.5498046875,5242.10009765625,5173.0,5202.10009765625,357619
2024-05-31,4964.423828125,5179.7998046875,5221.0,5110.64990234375,5208.0,651525
2024-06-03,4952.92236328125,5167.7998046875,5300.0,5160.0,5300.0,199328
2024-06-04,5103.6826171875,5325.10009765625,5414.39990234375,5127.0498046875,5205.5498046875,989039
2024-06-05,5258.5146484375,5486.64990234375,5725.0,5325.0,5325.10009765625,1188965
2024-06-06,5214.23583984375,5440.4501953125,5514.10009765625,5311.4501953125,5465.0,629293
2024-06-07,5236.375,5463.5498046875,5470.0,5395.0,5431.64990234375,226777
2024-06-10,5260.19189453125,5488.39990234375,5560.75,5406.10009765625,5465.0,306665
2024-06-11,5288.32177734375,5517.75,5606.75,5500.0,5500.0,476899
2024-06-12,5213.1328125,5439.2998046875,5568.0,5431.0,5550.5498046875,279376
2024-06-13,5155.7724609375,5379.4501953125,5449.9501953125,5341.7001953125,5439.60009765625,434594
2024-06-14,5169.3818359375,5393.64990234375,5450.0,5375.60009765625,5397.5498046875,149569
2024-06-18,5171.490234375,5395.85009765625,5435.0,5375.2998046875,5419.7998046875,155277
2024-06-19,5137.75390625,5360.64990234375,5422.85009765625,5350.0,5416.0,135179
2024-06-20,5154.81396484375,5378.4501953125,5400.0,5319.0,5360.64990234375,296418
2024-06-21,5108.66552734375,5330.2998046875,5389.85009765625,5317.5,5369.10009765625,244120
2024-06-24,5077.46923828125,5297.75,5330.0,5250.0,5315.0,463385
2024-06-25,5129.51171875,5352.0498046875,5370.0,5289.2001953125,5297.7998046875,160890
2024-06-26,5196.265625,5421.7001953125,5434.5498046875,5319.0498046875,5352.0498046875,221391
2024-06-27,5204.5078125,5430.2998046875,5450.0,5382.14990234375,5388.7998046875,357573
2024-06-28,5247.8759765625,5475.5498046875,5490.0,5416.25,5435.0,215576
2024-07-01,5248.78662109375,5476.5,5489.14990234375,5431.0498046875,5475.0498046875,223560
2024-07-02,5177.048828125,5401.64990234375,5500.0,5384.2998046875,5500.0,163333
2024-07-03,5222.5263671875,5449.10009765625,5498.0,5389.7998046875,5421.75,211361
2024-07-04,5200.6259765625,5426.25,5487.35009765625,5397.5498046875,5454.9501953125,138170
2024-07-05,5316.1630859375,5546.7998046875,5554.5,5433.9501953125,5445.9501953125,172330
2024-07-08,5337.0087890625,5568.5498046875,5615.9501953125,5534.0498046875,5555.0,171210
2024-07-09,5433.138671875,5668.85009765625,5705.0,5583.0498046875,5700.0,389812
2024-07-10,5516.2333984375,5755.5498046875,5800.0,5670.0498046875,5670.0498046875,526095
2024-07-11,5521.74462890625,5761.2998046875,5805.0,5720.0,5800.0,372798
2024-07-12,5546.42431640625,5787.0498046875,5805.0,5713.2001953125,5780.0,222315
2024-07-15,5568.13232421875,5809.7001953125,5847.75,5788.0,5807.0,135373
2024-07-16,5618.59326171875,5862.35009765625,5880.0,5770.10009765625,5812.0,162459
2024-07-18,5627.36279296875,5871.5,5920.0,5820.0,5846.5498046875,523157
2024-07-19,5633.544921875,5877.9501953125,5978.0,5846.64990234375,5850.0,451294
2024-07-22,5643.03271484375,5887.85009765625,5933.7001953125,5842.0,5877.9501953125,347520
2024-07-23,5697.56689453125,5944.75,6005.0,5840.60009765625,5887.85009765625,336696
2024-07-24,5587.10888671875,5829.5,5974.39990234375,5815.0,5949.39990234375,233649
2024-07-25,5587.20556640625,5829.60009765625,5865.0,5801.7001953125,5824.89990234375,303638
2024-07-26,5628.6083984375,5872.7998046875,5882.64990234375,5813.10009765625,5830.0,146736
2024-07-29,5652.37744140625,5897.60009765625,5957.60009765625,5840.0498046875,5898.0,129350
2024-07-30,5599.28125,5842.2001953125,5989.39990234375,5831.2998046875,5898.39990234375,191681
2024-07-31,5543.9326171875,5784.4501953125,5897.0,5770.14990234375,5897.0,271796
2024-08-01,5491.89013671875,5730.14990234375,5839.89990234375,5700.0,5784.4501953125,304411
2024-08-02,5482.49755859375,5720.35009765625,5808.0,5630.2998046875,5708.0498046875,406998
2024-08-05,5532.0615234375,5697.89990234375,5842.9501953125,5650.0498046875,5709.9501953125,1114298
2024-08-06,5684.10400390625,5854.5,5921.0,5710.14990234375,5724.5498046875,727869
2024-08-07,5666.9189453125,5836.7998046875,5924.7998046875,5809.0498046875,5890.2001953125,314935
2024-08-08,5577.45068359375,5744.64990234375,5861.9501953125,5725.0,5844.75,271628
2024-08-09,5573.22705078125,5740.2998046875,5785.5498046875,5720.0,5770.39990234375,232215
2024-08-12,5481.42919921875,5645.75,5774.5,5625.0,5745.0,622193
2024-08-13,5501.5751953125,5666.5,5714.9501953125,5617.0498046875,5678.9501953125,236505
2024-08-14,5494.439453125,5659.14990234375,5695.2001953125,5594.14990234375,5676.0,164575
2024-08-16,5562.88720703125,5729.64990234375,5742.4501953125,5662.5,5670.5,144969
2024-08-19,5565.65478515625,5732.5,5763.25,5718.10009765625,5745.0,102452
2024-08-20,5597.9853515625,5765.7998046875,5773.7998046875,5728.25,5740.4501953125,189035
2024-08-21,5667.45263671875,5837.35009765625,5849.89990234375,5756.5,5773.7998046875,169215
2024-08-22,5666.9189453125,5836.7998046875,5858.0,5808.64990234375,5858.0,160154
2024-08-23,5624.0537109375,5792.64990234375,5850.0,5784.35009765625,5837.0,124435
2024-08-26,5628.22900390625,5796.9501953125,5860.0,5776.25,5800.0,265107
2024-08-27,5596.52880859375,5764.2998046875,5845.39990234375,5735.0,5828.7998046875,175740
2024-08-28,5537.35302734375,5703.35009765625,5775.39990234375,5690.0498046875,5746.5498046875,161445
2024-08-29,5661.67626953125,5831.39990234375,5845.0,5696.14990234375,5710.0,351330
2024-08-30,5684.83203125,5855.25,5908.89990234375,5793.25,5842.9501953125,519387
2024-09-02,5749.78466796875,5922.14990234375,5933.9501953125,5865.0,5882.0498046875,307023
2024-09-03,5743.86181640625,5916.0498046875,5944.0,5870.0,5933.0,258133
2024-09-04,5754.056640625,5926.5498046875,5935.35009765625,5828.0,5849.9501953125,219283
2024-09-05,5679.73486328125,5850.0,5920.0,5833.2998046875,5911.75,170014
2024-09-06,5673.47216796875,5843.5498046875,5884.7998046875,5827.10009765625,5846.7001953125,213556
2024-09-09,5766.5810546875,5939.4501953125,5961.2001953125,5846.2001953125,5859.9501953125,321187
2024-09-10,5796.14501953125,5969.89990234375,6010.0,5930.0498046875,5980.0498046875,337831
2024-09-11,5833.76708984375,6008.64990234375,6047.0498046875,5947.25,5953.0498046875,437060
2024-09-12,5931.43896484375,6109.25,6128.7001953125,6004.7001953125,6018.64990234375,548745
2024-09-13,5954.59521484375,6133.10009765625,6148.7998046875,6057.35009765625,6138.0,274846
2024-09-16,5886.53515625,6063.0,6130.0,5936.7998046875,6000.0,352336
2024-09-17,5933.1865234375,6111.0498046875,6204.64990234375,6069.14990234375,6073.4501953125,527917
2024-09-18,5945.03173828125,6123.25,6166.5498046875,6060.0498046875,6135.0,218424
2024-09-19,5955.9541015625,6134.5,6225.0,6113.64990234375,6128.89990234375,362388
2024-09-20,6029.79052734375,6210.5498046875,6258.64990234375,6125.85009765625,6165.35009765625,663556
2024-09-23,6030.421875,6211.2001953125,6250.0,6190.7998046875,6235.25,312563
2024-09-24,6022.6064453125,6203.14990234375,6245.89990234375,6185.0498046875,6200.75,234706
2024-09-25,6000.42138671875,6180.2998046875,6203.0,6101.5498046875,6203.0,357145
2024-09-26,6072.07373046875,6254.10009765625,6270.39990234375,6154.35009765625,6200.0,327297
2024-09-27,6086.34521484375,6268.7998046875,6332.9501953125,6180.7998046875,6237.7001953125,400543
2024-09-30,6153.6767578125,6338.14990234375,6362.89990234375,6241.10009765625,6252.64990234375,442617
2024-10-01,6258.4365234375,6446.0498046875,6463.60009765625,6306.89990234375,6306.89990234375,416639
2024-10-03,6147.46337890625,6331.75,6469.89990234375,6290.0,6444.2001953125,495791
2024-10-04,6025.373046875,6206.0,6339.9501953125,6179.85009765625,6278.25,395753
2024-10-07,5942.1669921875,6120.2998046875,6235.0,6105.0,6222.64990234375,374593
2024-10-08,6023.8193359375,6204.39990234375,6234.7998046875,6052.0498046875,6137.7001953125,708471
2024-10-09,5919.78857421875,6097.25,6185.0,6070.0498046875,6158.64990234375,551094
2024-10-10,5827.4560546875,6002.14990234375,6159.85009765625,5980.0498046875,6127.0,287475
2024-10-11,5804.49462890625,5978.5,6039.5,5961.10009765625,6030.5498046875,94953
2024-10-14,5804.0576171875,5978.0498046875,6024.2998046875,5900.0,6005.10009765625,219597
2024-10-15,5892.0693359375,6068.7001953125,6082.9501953125,5986.9501953125,6016.35009765625,426219
2024-10-16,5912.8466796875,6090.10009765625,6114.0,6021.14990234375,6065.0,276677
2024-10-17,5814.20361328125,5988.5,6095.89990234375,5966.25,6090.10009765625,188121
2024-10-18,5715.8525390625,5887.2001953125,5998.0,5870.0,5984.9501953125,354901
2024-10-21,5610.12158203125,5778.2998046875,5895.5,5762.60009765625,5887.2001953125,296733
2024-10-22,5560.31494140625,5727.0,5804.0,5711.7998046875,5787.39990234375,320607
2024-10-23,5581.52880859375,5748.85009765625,5797.60009765625,5690.0498046875,5698.60009765625,123095
2024-10-24,5449.05029296875,5612.39990234375,5780.5,5601.60009765625,5750.85009765625,269803
2024-10-25,5504.39111328125,5669.39990234375,5706.4501953125,5610.0,5612.39990234375,176680
2024-10-28,5555.7509765625,5722.2998046875,5779.0,5669.39990234375,5677.0,131887
2024-10-29,5502.54638671875,5667.5,5759.89990234375,5611.0498046875,5730.7998046875,204751
2024-10-30,5614.19921875,5782.5,5799.0,5641.60009765625,5666.60009765625,218180
2024-10-31,5560.21728515625,5726.89990234375,5781.0,5708.0,5779.0,208893
2024-11-01,5527.3525390625,5693.0498046875,5768.5498046875,5652.0498046875,5768.5498046875,31706
2024-11-04,5461.47802734375,5625.2001953125,5698.9501953125,5541.85009765625,5685.0,249780
2024-11-05,5441.962890625,5605.10009765625,5669.0,5584.5498046875,5634.14990234375,185870
2024-11-06,5529.14892578125,5694.89990234375,5719.0,5608.0498046875,5636.2998046875,233799
2024-11-07,5523.3232421875,5688.89990234375,5713.7001953125,5606.0,5710.0,284538
2024-11-08,5579.8779296875,5747.14990234375,5792.85009765625,5641.5498046875,5682.2001953125,306281
2024-11-11,5276.4736328125,5434.64990234375,5902.14990234375,5401.14990234375,5801.64990234375,804824
2024-11-12,4881.2216796875,5027.5498046875,5426.89990234375,5005.0,5420.0,2441209
2024-11-13,4899.62060546875,5046.5,5087.60009765625,4938.4501953125,5009.0,928244
2024-11-14,4772.53076171875,4915.60009765625,5050.5,4901.0,5046.5,479979
2024-11-18,4768.404296875,4911.35009765625,4970.0,4791.64990234375,4970.0,439087
2024-11-19,4750.29736328125,4892.7001953125,4951.35009765625,4878.60009765625,4924.9501953125,436205
2024-11-21,4663.5478515625,4803.35009765625,4885.0,4746.89990234375,4875.0,1036549
2024-11-22,4707.23828125,4848.35009765625,4871.0,4765.60009765625,4789.0498046875,410476
2024-11-25,4761.2197265625,4903.9501953125,4980.0,4874.0,4905.0,722912
2024-11-26,4867.67822265625,5013.60009765625,5030.2998046875,4892.9501953125,4903.9501953125,314200
2024-11-27,4839.08544921875,4984.14990234375,5025.0,4941.0,5013.60009765625,255840
2024-11-28,4780.34619140625,4923.64990234375,5012.5498046875,4891.14990234375,4986.60009765625,321308
2024-11-29,4797.3369140625,4941.14990234375,4955.9501953125,4880.0,4880.0,212644
2024-12-02,4764.42333984375,4907.25,4959.0,4866.2001953125,4930.5,314800
2024-12-03,4766.705078125,4909.60009765625,4919.7998046875,4875.85009765625,4899.5498046875,289449
2024-12-04,4710.3447265625,4851.5498046875,4973.89990234375,4841.0,4916.4501953125,392107
2024-12-05,4730.19921875,4872.0,4893.0,4805.60009765625,4860.0,526114
2024-12-06,4729.08349609375,4870.85009765625,4906.7001953125,4840.0,4872.0,236965
2024-12-09,4653.4990234375,4793.0,4855.89990234375,4750.0498046875,4844.9501953125,467154
2024-12-10,4647.916015625,4787.25,4829.9501953125,4783.0498046875,4799.85009765625,264213
2024-12-11,4747.1904296875,4889.5,4915.0,4793.25,4808.0,358246
2024-12-12,4687.8203125,4828.35009765625,4908.9501953125,4810.0,4900.0,406271
2024-12-13,4708.93701171875,4850.10009765625,4863.10009765625,4773.0,4824.0,284721
2024-12-16,4705.44189453125,4846.5,4869.0,4790.0,4869.0,208757
2024-12-17,4637.72216796875,4776.75,4839.89990234375,4765.14990234375,4816.5,312523
2024-12-18,4643.44970703125,4782.64990234375,4798.89990234375,4752.5498046875,4775.0,228821
2024-12-19,4646.4599609375,4785.75,4803.7998046875,4725.64990234375,4750.0,247805
2024-12-20,4561.36083984375,4698.10009765625,4807.5,4680.5,4790.0,363168
2024-12-23,4567.42919921875,4704.35009765625,4735.0,4663.7998046875,4705.0,332554
2024-12-24,4606.0224609375,4744.10009765625,4766.5498046875,4690.0498046875,4702.0498046875,227672
2024-12-26,4623.0615234375,4761.64990234375,4797.10009765625,4708.0,4754.89990234375,398117
2024-12-27,4630.48828125,4769.2998046875,4807.35009765625,4738.4501953125,4776.0,131505
2024-12-30,4659.76123046875,4799.4501953125,4818.0,4738.0,4759.7001953125,271403
2024-12-31,4624.12890625,4762.75,4795.0,4741.2001953125,4795.0,255918
2025-01-01,4655.1982421875,4794.75,4819.7001953125,4752.2001953125,4752.2001953125,87260
2025-01-02,4648.4501953125,4787.7998046875,4806.9501953125,4723.10009765625,4790.0498046875,402766
2025-01-03,4693.40283203125,4834.10009765625,4859.4501953125,4785.75,4800.0,341848
2025-01-06,4651.7998046875,4791.25,4873.5,4773.2998046875,4873.5,619930
2025-01-07,4691.6064453125,4832.25,4885.7998046875,4804.9501953125,4804.9501953125,450200
2025-01-08,4718.45166015625,4859.89990234375,4871.89990234375,4760.14990234375,4850.0,371105
2025-01-09,4782.9189453125,4926.2998046875,5050.0,4840.0498046875,4860.5498046875,832814
2025-01-10,4795.44384765625,4939.2001953125,4958.39990234375,4881.64990234375,4928.5,305669
2025-01-13,4783.64697265625,4927.0498046875,4997.89990234375,4906.0,4922.2001953125,448698
2025-01-14,4720.87890625,4862.39990234375,4950.0,4850.10009765625,4948.9501953125,283367
2025-01-15,4735.05419921875,4877.0,4937.2001953125,4804.10009765625,4871.0,242422
2025-01-16,4703.54833984375,4844.5498046875,4900.0,4743.10009765625,4886.0498046875,454269
2025-01-17,4713.11181640625,4854.39990234375,4923.5,4815.7001953125,4846.10009765625,492847
2025-01-20,4743.20947265625,4885.39990234375,4908.0,4836.64990234375,4860.0,155962
2025-01-21,4761.12255859375,4903.85009765625,4944.14990234375,4850.10009765625,4885.39990234375,377457
2025-01-22,4812.4345703125,4956.7001953125,4975.2001953125,4883.2001953125,4930.0,460132
2025-01-23,4866.70703125,5012.60009765625,5042.9501953125,4883.2001953125,4944.14990234375,361082
2025-01-24,4953.068359375,5101.5498046875,5108.0,5013.14990234375,5037.7001953125,509954
2025-01-27,5025.59423828125,5176.25,5215.0,5103.0498046875,5103.64990234375,937878
2025-01-28,4913.4560546875,5060.75,5216.25,5018.2001953125,5181.14990234375,456912
2025-01-29,4890.44580078125,5037.0498046875,5100.0,4991.0,5100.0,298533
2025-01-30,4927.630859375,5075.35009765625,5105.0,5034.9501953125,5037.10009765625,354016
2025-01-31,4980.3505859375,5129.64990234375,5170.0,5040.10009765625,5104.0,316771
2025-02-01,5049.9638671875,5201.35009765625,5379.0,5051.0,5160.0,634040
2025-02-03,4956.95166015625,5105.5498046875,5232.60009765625,5015.0,5232.60009765625,517520
2025-02-04,4881.9990234375,5028.35009765625,5118.0,4990.2998046875,5118.0,434664
2025-02-05,4789.08447265625,4932.64990234375,5058.0,4924.35009765625,5058.0,384948
2025-02-06,4811.80322265625,4956.0498046875,4978.7998046875,4906.0498046875,4932.10009765625,466931
2025-02-07,4728.7431640625,4870.5,5075.39990234375,4844.0,5010.0,701024
2025-02-10,4766.75390625,4909.64990234375,5009.0,4877.0,4915.0,625074
2025-02-11,4761.31640625,4904.0498046875,4939.5498046875,4854.0,4910.9501953125,279638
2025-02-12,4775.15185546875,4918.2998046875,4932.9501953125,4843.5498046875,4899.0498046875,336331
2025-02-13,4746.41357421875,4888.7001953125,4950.75,4867.25,4915.9501953125,341650
2025-02-14,4795.88037109375,4939.64990234375,4955.0,4873.75,4891.7001953125,489241
2025-02-17,4819.23095703125,4963.7001953125,4969.0,4911.89990234375,4934.5,275352
2025-02-18,4748.84130859375,4891.2001953125,4967.0498046875,4859.39990234375,4963.7001953125,314216
2025-02-19,4696.70361328125,4837.5,4899.0,4812.35009765625,4881.0,215919
2025-02-20,4691.751953125,4832.39990234375,4847.0,4792.0,4819.0,319761
2025-02-21,4691.2666015625,4831.89990234375,4850.2001953125,4783.5498046875,4850.0,334003
2025-02-24,4664.4697265625,4804.2998046875,4829.5,4702.0,4750.0,259886
2025-02-25,4658.4013671875,4798.0498046875,4853.7001953125,4760.0,4785.89990234375,479647
2025-02-27,4643.59521484375,4782.7998046875,4860.7001953125,4766.5,4798.0498046875,386556
2025-02-28,4461.69921875,4595.4501953125,4786.4501953125,4553.7998046875,4782.7998046875,676501
2025-03-03,4462.81494140625,4596.60009765625,4672.0,4548.14990234375,4595.4501953125,412033
2025-03-04,4442.0380859375,4575.2001953125,4581.0,4506.0,4530.0498046875,321501
2025-03-05,4584.7109375,4722.14990234375,4735.2001953125,4560.0,4579.89990234375,350741
2025-03-06,4565.68115234375,4702.5498046875,4799.89990234375,4654.64990234375,4725.0,460852
2025-03-07,4610.0517578125,4748.25,4765.0,4660.0,4690.0,191644
2025-03-10,4599.80859375,4737.7001953125,4823.9501953125,4710.0498046875,4749.0,290019
2025-03-11,4623.44970703125,4762.0498046875,4795.0,4711.5498046875,4720.0,147357
2025-03-12,4652.576171875,4792.0498046875,4801.5,4712.39990234375,4769.89990234375,223033
2025-03-13,4590.63330078125,4728.25,4838.0,4712.7998046875,4790.0,284758
2025-03-17,4538.83642578125,4674.89990234375,4743.0498046875,4600.0,4600.0,322411
2025-03-18,4538.83642578125,4674.89990234375,4674.89990234375,4674.89990234375,4674.89990234375,0
2025-03-19,4570.09912109375,4707.10009765625,4797.0,4673.2998046875,4797.0,469240
2025-03-20,4690.490234375,4831.10009765625,4840.0,4715.0,4741.89990234375,265168
2025-03-21,4673.8876953125,4814.0,4853.14990234375,4786.5498046875,4840.0,304441
2025-03-24,4657.23681640625,4796.85009765625,4832.7998046875,4770.25,4816.39990234375,173845
2025-03-25,4704.1796875,4845.2001953125,4865.0,4738.60009765625,4792.0,422209
2025-03-26,4708.548828125,4849.7001953125,4876.60009765625,4794.0498046875,4846.89990234375,453242
2025-03-27,4700.2958984375,4841.2001953125,4925.39990234375,4780.0498046875,4830.0,6750074
2025-03-28,4793.21044921875,4936.89990234375,5028.64990234375,4861.9501953125,4861.9501953125,415586
2025-04-01,4758.1611328125,4900.7998046875,4965.0,4882.5498046875,4890.10009765625,557968
2025-04-02,4890.78515625,5037.39990234375,5055.0,4900.7998046875,4905.7998046875,459267
2025-04-03,4925.7861328125,5073.4501953125,5090.0,4982.0,4990.0498046875,339959
2025-04-04,4877.19287109375,5023.39990234375,5150.0,4977.85009765625,5033.4501953125,722283
2025-04-07,4908.69873046875,5055.85009765625,5072.0,4605.0498046875,4622.0,841464
2025-04-08,5028.60400390625,5179.35009765625,5188.10009765625,5038.64990234375,5062.4501953125,303185
2025-04-09,5184.044921875,5339.4501953125,5352.10009765625,5149.5,5149.5,549745
2025-04-11,5194.48193359375,5350.2001953125,5400.75,5306.5,5400.75,304650
2025-04-15,5234.38525390625,5391.2998046875,5432.0,5309.0,5428.89990234375,446075
2025-04-16,5258.560546875,5416.2001953125,5442.0,5350.5,5350.5,215423
2025-04-17,5295.8427734375,5454.60009765625,5469.2998046875,5396.7998046875,5420.0,186873
2025-04-21,5236.23046875,5393.2001953125,5480.5,5370.0,5480.5,201975
2025-04-22,5277.298828125,5435.5,5485.0,5384.0,5440.0,286928
2025-04-23,5382.93212890625,5544.2998046875,5549.0,5406.2998046875,5435.5,266881
2025-04-24,5302.9306640625,5461.89990234375,5622.7001953125,5427.7001953125,5550.0,339754
2025-04-25,5262.7353515625,5420.5,5521.0,5362.0,5462.10009765625,244513
2025-04-28,5270.7939453125,5428.7998046875,5481.7998046875,5403.2998046875,5413.0,107666
2025-04-29,5309.14404296875,5468.2998046875,5535.0,5405.5,5428.7998046875,294207
2025-04-30,5280.599609375,5438.89990234375,5546.7998046875,5386.10009765625,5484.0,284371
2025-05-02,5146.71337890625,5301.0,5407.0,5276.5,5380.0,262909
2025-05-05,5203.025390625,5359.0,5380.0,5310.0,5319.0,97149
2025-05-06,5236.521484375,5393.5,5415.5,5311.0,5350.0,175899
2025-05-07,5195.25830078125,5351.0,5395.0,5318.5,5361.0,168716
2025-05-08,5234.09423828125,5391.0,5480.0,5314.5,5351.0,265391
2025-05-09,5277.7841796875,5436.0,5503.5,5354.5,5374.5,476782
2025-05-12,5445.263671875,5608.5,5621.5,5415.0,5540.0,192712
2025-05-13,5325.3583984375,5485.0,5640.0,5462.0,5629.5,366566
2025-05-14,5324.38720703125,5484.0,5585.5,5437.5,5456.0,389963
2025-05-15,5305.9404296875,5465.0,5529.5,5457.5,5509.0,462518
2025-05-16,5341.3779296875,5501.5,5527.0,5452.5,5472.0,154274
2025-05-19,5358.85400390625,5519.5,5547.5,5460.0,5501.5,147864
2025-05-20,5270.01708984375,5428.0,5550.0,5420.0,5518.0,275067
2025-05-21,5333.61083984375,5493.5,5534.0,5416.5,5435.0,166304
2025-05-22,5279.24072265625,5437.5,5495.5,5415.0,5493.5,211388
2025-05-23,5326.814453125,5486.5,5499.0,5406.0,5459.0,100229
2025-05-26,5364.19384765625,5525.0,5547.5,5489.0,5500.0,140009
2025-05-27,5336.5234375,5496.5,5540.0,5475.0,5525.0,166840
2025-05-28,5313.70751953125,5473.0,5505.5,5410.0,5495.0,321303
2025-05-29,5335.552734375,5495.5,5533.5,5452.5,5502.0,201350
2025-05-30,5350.11572265625,5510.5,5532.0,5437.5,5495.5,401901
2025-06-02,5441.86572265625,5605.0,5722.0,5511.5,5515.0,625172
2025-06-03,5413.22412109375,5575.5,5639.0,5545.5,5605.0,166545
2025-06-04,5380.69921875,5542.0,5595.0,5520.5,5580.0,334358
2025-06-05,5437.0107421875,5600.0,5611.0,5520.5,5542.0,218004
2025-06-06,5444.29248046875,5607.5,5645.5,5555.0,5606.5,152475
2025-06-09,5531.1875,5697.0,5721.0,5588.5,5639.0,174499
2025-06-10,5502.06103515625,5667.0,5731.0,5657.0,5731.0,456712
2025-06-11,5485.55615234375,5650.0,5700.0,5634.0,5660.0,138866
2025-06-12,5407.3984375,5569.5,5698.0,5560.0,5698.0,305696
2025-06-13,5407.88427734375,5570.0,5593.5,5425.0,5509.0,324985
2025-06-16,5398.66064453125,5560.5,5572.0,5514.5,5552.0,239006
2025-06-17,5406.42822265625,5568.5,5597.0,5530.0,5550.0,277917
2025-06-18,5410.3115234375,5572.5,5619.5,5545.0,5575.0,220971
2025-06-19,5396.2333984375,5558.0,5609.5,5522.5,5587.0,114523
2025-06-20,5424.3896484375,5587.0,5600.0,5511.0,5564.0,395396
2025-06-23,5407.3984375,5569.5,5589.0,5450.5,5551.0,221233
2025-06-24,5453.51611328125,5617.0,5638.0,5555.5,5600.0,183157
2025-06-25,5541.86767578125,5708.0,5734.5,5610.5,5630.0,282474
2025-06-26,5658.375,5828.0,5840.0,5710.0,5725.0,456290
2025-06-27,5625.849609375,5794.5,5849.0,5748.0,5849.0,350140
2025-06-30,5680.70556640625,5851.0,5860.0,5761.0,5800.0,257865
2025-07-01,5576.33447265625,5743.5,5869.5,5721.0,5865.0,178343
2025-07-02,5621.48095703125,5790.0,5832.5,5677.5,5747.5,300622
2025-07-03,5625.849609375,5794.5,5887.5,5781.0,5799.5,224236
2025-07-04,5603.51953125,5771.5,5844.0,5756.5,5819.5,145106
2025-07-07,5712.7451171875,5884.0,5899.5,5788.0,5800.0,259829
2025-07-08,5669.05517578125,5839.0,5922.0,5811.5,5890.0,423998
2025-07-09,5710.80322265625,5882.0,5900.0,5813.5,5858.0,232000
2025-07-10,5706.91943359375,5878.0,5930.5,5850.5,5905.0,191446
2025-07-11,5590.89794921875,5758.5,5904.5,5717.0,5878.0,175941
2025-07-14,5609.83056640625,5778.0,5808.5,5744.0,5767.0,218865
2025-07-15,5617.1123046875,5785.5,5820.0,5762.0,5800.0,164143
2025-07-16,5618.08251953125,5786.5,5829.0,5736.0,5785.5,261589
2025-07-17,5638.4716796875,5807.5,5860.0,5785.5,5792.5,196555
2025-07-18,5568.56689453125,5735.5,5820.0,5726.0,5807.5,196043
2025-07-21,5516.13916015625,5681.5,5741.0,5669.0,5735.0,329167
2025-07-22,5542.35302734375,5708.5,5738.5,5634.0,5695.5,235846
2025-07-23,5553.03271484375,5719.5,5757.0,5670.0,5737.0,246735
2025-07-24,5507.88623046875,5673.0,5751.5,5651.5,5724.5,229097
2025-07-25,5431.185546875,5594.0,5698.0,5570.0,5673.0,233003
2025-07-28,5460.7978515625,5624.5,5669.0,5571.0,5596.5,173142
2025-07-29,5462.25390625,5626.0,5655.0,5572.0,5601.5,363002
2025-07-30,5579.732421875,5747.0,5758.5,5627.0,5627.0,176798
2025-07-31,5603.0341796875,5771.0,5825.0,5719.5,5746.0,344973
2025-08-01,5629.24853515625,5798.0,5899.0,5776.5,5799.5,244870
2025-08-04,5692.19970703125,5787.0,5802.0,5714.0,5752.5,189672
2025-08-05,5543.181640625,5635.5,5795.0,5610.5,5795.0,380387
2025-08-06,5313.99853515625,5402.5,5625.0,5371.0,5599.5,1123534
2025-08-07,5386.78662109375,5476.5,5560.0,5380.5,5380.5,795974
2025-08-08,5298.75244140625,5387.0,5503.0,5380.0,5479.5,551451
2025-08-11,5293.3427734375,5381.5,5400.0,5310.5,5361.0,598841
2025-08-12,5250.55517578125,5338.0,5390.5,5317.5,5390.5,323204
2025-08-13,5287.44091796875,5375.5,5393.0,5299.0,5363.5,388683
2025-08-14,5215.63671875,5302.5,5398.5,5298.0,5395.0,215308
2025-08-18,5349.90087890625,5439.0,5667.0,5400.0,5400.0,509058
2025-08-19,5408.91796875,5499.0,5513.0,5399.0,5446.0,153026
2025-08-20,5607.60888671875,5701.0,5734.5,5475.5,5482.0,453573
2025-08-21,5505.80419921875,5597.5,5711.5,5586.0,5701.0,273141
2025-08-22,5454.65625,5545.5,5667.5,5525.5,5622.0,269981
2025-08-25,5459.57421875,5550.5,5608.5,5545.0,5565.5,145718
2025-08-26,5671.05224609375,5765.5,5794.5,5574.5,5574.5,1307463
2025-08-28,5627.28125,5721.0,5780.0,5702.5,5765.5,379247
2025-08-29,5728.59375,5824.0,5893.5,5671.0,5671.0,699161
2025-09-01,5750.72509765625,5846.5,5873.0,5779.0,5838.5,210421
2025-09-02,5794.98779296875,5891.5,5920.5,5823.0,5840.0,492611
2025-09-03,5811.2177734375,5908.0,5928.5,5865.0,5891.0,399664
2025-09-04,5983.35107421875,6083.0,6336.0,6053.5,6201.0,1385580
2025-09-05,5976.4658203125,6076.0,6104.5,5998.5,6066.0,352302
2025-09-08,6015.318359375,6115.5,6178.0,6065.0,6117.5,250083
2025-09-09,6041.87646484375,6142.5,6165.0,6088.0,6116.0,216456
2025-09-10,6097.45068359375,6199.0,6238.5,6117.0,6144.5,346491
2025-09-11,6197.2880859375,6300.5,6319.5,6150.0,6180.0,406083
2025-09-12,6144.66455078125,6247.0,6285.5,6207.0,6276.0,212051
2025-09-15,6110.23779296875,6212.0,6270.0,6202.5,6250.0,166253
2025-09-16,6100.8935546875,6202.5,6225.0,6180.0,6219.5,261236
2025-09-17,5997.61328125,6097.5,6205.0,6035.0,6202.5,713445
2025-09-18,6000.564453125,6100.5,6129.0,6062.0,6105.0,267540
2025-09-19,5970.072265625,6069.5,6110.0,6048.0,6105.5,345995
2025-09-22,5957.28515625,6056.5,6108.0,6025.0,6075.0,394394
2025-09-23,5836.7919921875,5934.0,6069.5,5927.0,6066.5,333112
2025-09-24,5872.69384765625,5970.5,6050.0,5905.5,5935.0,360372
2025-09-25,5855.97216796875,5953.5,6036.0,5939.5,5970.5,374676
2025-09-26,5823.51318359375,5920.5,5980.5,5900.0,5955.0,189383
2025-09-29,5831.87353515625,5929.0,5990.0,5841.0,5900.0,259852
2025-09-30,5892.85791015625,5991.0,6031.0,5917.5,5953.0,298070
2025-10-01,5868.75927734375,5966.5,6018.0,5904.0,5960.5,324111
2025-10-03,5894.33349609375,5992.5,6014.0,5931.5,5965.0,268735
2025-10-06,5912.5302734375,6011.0,6034.0,5957.5,6015.5,197199
2025-10-07,5790.5615234375,5887.0,6036.0,5867.0,6012.0,240923
2025-10-08,5740.39697265625,5836.0,5902.0,5801.5,5855.0,239639
2025-10-09,5779.74169921875,5876.0,5893.0,5795.5,5836.0,231585
2025-10-10,5775.3154296875,5871.5,5920.0,5858.5,5874.5,228395
2025-10-13,5765.97119140625,5862.0,5953.0,5848.0,5871.5,238217
2025-10-14,5705.478515625,5800.5,5885.0,5794.0,5869.0,176227
2025-10-15,5761.544921875,5857.5,5880.5,5782.0,5815.0,221062
2025-10-16,5926.79296875,6025.5,6040.5,5858.0,5876.0,364305
2025-10-17,5983.35107421875,6083.0,6149.0,5994.0,6037.0,392965
2025-10-20,5970.56396484375,6070.0,6148.0,6062.5,6124.0,181283
2025-10-21,5975.48193359375,6075.0,6108.0,6050.0,6108.0,9159
2025-10-23,5968.5966796875,6068.0,6145.0,6049.0,6075.0,255605
2025-10-24,5953.84228515625,6053.0,6069.5,5987.0,6068.0,82081
2025-10-27,5815.15234375,5912.0,6053.0,5811.5,6053.0,433152
2025-10-28,5764.98779296875,5861.0,5939.0,5806.5,5939.0,392984
2025-10-29,5756.626953125,5852.5,5906.0,5840.0,5894.0,119742
2025-10-30,5763.51220703125,5859.5,5869.5,5792.0,5850.0,258697
2025-10-31,5740.88916015625,5836.5,5905.0,5825.0,5878.0,264794
2025-11-03,5725.15087890625,5820.5,5899.5,5775.0,5834.0,279737
2025-11-04,5795.9716796875,5892.5,5920.0,5805.0,5820.5,363441
2025-11-06,5914.9892578125,6013.5,6191.5,5993.5,6186.0,1038063
2025-11-07,6056.63037109375,6157.5,6169.5,5913.5,5970.0,715809
2025-11-10,6033.02392578125,6133.5,6261.5,6121.5,6190.0,395489
2025-11-11,5853.021484375,5950.5,5965.0,5723.0,5950.0,2154927
2025-11-12,5783.67626953125,5880.0,5970.0,5841.0,5950.5,609987
2025-11-13,5755.64306640625,5851.5,5918.0,5835.5,5902.0,361321
2025-11-14,5708.4296875,5803.5,5851.0,5750.0,5851.0,415356
2025-11-17,5734.9873046875,5830.5,5850.0,5782.0,5803.5,332821
2025-11-18,5744.33154296875,5840.0,5862.0,5805.5,5818.0,262201
2025-11-19,5778.2666015625,5874.5,5882.5,5804.5,5850.0,280409
2025-11-20,5723.67578125,5819.0,5900.0,5763.5,5882.0,641980
2025-11-21,5717.77392578125,5813.0,5855.0,5764.5,5816.0,320317
2025-11-24,5720.23291015625,5815.5,5849.0,5785.0,5815.0,696665
2025-11-25,5770.88916015625,5867.0,5878.0,5790.0,5815.5,309271
2025-11-26,5784.16845703125,5880.5,5904.5,5843.0,5865.0,157291
2025-11-27,5731.052734375,5826.5,5900.0,5815.5,5890.5,156675
2025-11-28,5750.2333984375,5846.0,5852.0,5795.0,5826.5,220417
2025-12-01,5718.265625,5813.5,5856.0,5800.0,5825.0,199275
2025-12-02,5779.25,5875.5,5894.0,5792.0,5792.0,290994
2025-12-03,5729.08544921875,5824.5,5908.0,5812.0,5908.0,308053
2025-12-04,5780.23388671875,5876.5,5882.5,5824.5,5840.0,239085
2025-12-05,5863.349609375,5961.0,5974.0,5838.5,5855.0,244408
2025-12-08,5751.708984375,5847.5,5985.0,5825.0,5961.0,185407
2025-12-09,5787.61083984375,5884.0,5893.0,5780.0,5850.0,174714
2025-12-10,5733.02001953125,5828.5,5966.0,5812.0,5904.0,329466
2025-12-11,5751.216796875,5847.0,5895.0,5813.0,5840.0,115481
2025-12-12,5818.5947265625,5915.5,5925.5,5830.0,5848.0,202721
2025-12-15,5939.087890625,6038.0,6055.0,5857.0,5915.5,244119
2025-12-16,5966.62939453125,6066.0,6145.0,6032.0,6059.5,284337
2025-12-17,5996.13818359375,6096.0,6116.0,6051.0,6060.0,298257
2025-12-18,5941.54736328125,6040.5,6134.5,6012.5,6132.0,199067
2025-12-19,6003.0234375,6103.0,6116.0,5992.5,6020.0,179450
2025-12-22,5983.35107421875,6083.0,6102.5,6066.0,6102.5,206588
2025-12-23,5961.71142578125,6061.0,6119.0,6030.0,6083.0,216840
2025-12-24,5931.21923828125,6030.0,6078.0,6004.0,6065.0,97580
2025-12-26,5933.67822265625,6032.5,6069.5,6002.0,6006.5,65992
2025-12-29,5942.53076171875,6041.5,6065.5,6005.0,6039.0,103209
2025-12-30,5914.49755859375,6013.0,6045.5,5980.0,6045.0,205456
2025-12-31,5932.20263671875,6031.0,6070.0,5995.0,6013.0,179577
2026-01-01,5911.05517578125,6009.5,6063.0,5992.0,6031.0,138484
2026-01-02,5886.46435546875,5984.5,6033.0,5941.5,6009.5,265702
2026-01-05,5927.7763671875,6026.5,6092.0,5930.5,5970.0,468880
2026-01-06,6029.08935546875,6129.5,6142.5,5948.5,6040.0,300112
2026-01-07,6083.68017578125,6185.0,6271.0,6157.5,6200.0,437361
2026-01-08,5934.66162109375,6033.5,6158.5,5945.5,6155.0,641813
2026-01-09,5879.5791015625,5977.5,6106.5,5930.0,6033.5,139764
2026-01-12,5846.13623046875,5943.5,6000.5,5905.0,5977.5,228799
2026-01-13,5821.0537109375,5918.0,5970.0,5896.0,5930.0,327794
2026-01-14,5809.7421875,5906.5,5945.5,5868.0,5893.5,307200
2026-01-15,5809.7421875,5906.5,5906.5,5906.5,5906.5,0
2026-01-16,5801.87353515625,5898.5,5944.0,5862.0,5875.0,453904
2026-01-19,5846.13623046875,5943.5,5970.0,5879.0,5898.5,145915
2026-01-20,5787.61083984375,5884.0,5994.5,5862.0,5943.5,350070
2026-01-21,5707.44580078125,5802.5,5899.0,5787.0,5870.0,662863
2026-01-22,5834.82470703125,5932.0,5975.0,5819.0,5850.0,435081
2026-01-23,5739.41357421875,5835.0,5964.0,5813.5,5950.0,142248
2026-01-27,5789.578125,5886.0,5925.0,5805.0,5839.0,1044402
2026-01-28,5654.33056640625,5748.5,5924.0,5680.0,5924.0,442618
2026-01-29,5629.24853515625,5723.0,5733.0,5693.0,5711.5,343244
2026-01-30,5764.49609375,5860.5,5887.5,5710.5,5723.0,806045
2026-02-02,5792.037109375,5888.5,5899.0,5697.5,5733.0,279213
2026-02-03,5785.6435546875,5882.0,5975.5,5821.0,5920.0,349825
2026-02-04,5782.69287109375,5879.0,5965.0,5855.0,5899.5,160343
2026-02-05,5774.33203125,5870.5,5946.5,5844.5,5855.0,275290
2026-02-06,5814.16845703125,5911.0,5917.0,5805.0,5870.0,186858
2026-02-09,5747.28271484375,5843.0,5915.5,5792.5,5900.5,331118
2026-02-10,5777.28271484375,5873.5,5893.5,5847.0,5874.0,276901
2026-02-11,5920.3994140625,6019.0,6156.0,5973.5,6000.0,771051
2026-02-12,6002.03955078125,6102.0,6148.0,6020.0,6057.0,455997
2026-02-13,5882.5302734375,5980.5,6098.5,5968.0,6080.0,159821
2026-02-16,6005.97412109375,6106.0,6134.0,5964.5,5980.0,255274
2026-02-17,6044.8271484375,6145.5,6154.5,6066.5,6106.0,164220
2026-02-18,6074.82763671875,6176.0,6190.0,6116.0,6161.0,193569
2026-02-19,6008.43310546875,6108.5,6198.0,6093.5,6170.0,127940
2026-02-20,5998.59716796875,6098.5,6137.5,6066.5,6109.0,388361
2026-02-23,6022.2041015625,6122.5,6150.0,6042.0,6136.0,225252
2026-02-24,6061.548828125,6162.5,6173.5,6065.5,6083.0,193510
2026-02-25,6057.12255859375,6158.0,6208.5,6140.0,6170.0,253773
2026-02-26,6036.46630859375,6137.0,6187.0,6070.0,6158.0,245317
2026-02-27,5904.16943359375,6002.5,6142.5,5975.0,6135.5,350612
2026-03-02,5861.38232421875,5959.0,6001.0,5866.0,5866.0,185417
2026-03-04,5793.02099609375,5889.5,5924.0,5845.5,5901.5,293377
2026-03-05,5865.31689453125,5963.0,5997.5,5851.0,5899.0,211179
2026-03-06,5884.9892578125,5983.0,6013.0,5926.5,5948.0,348722
2026-03-09,5793.5126953125,5890.0,5932.5,5815.5,5930.0,245594
2026-03-10,5870.23486328125,5968.0,5995.0,5911.0,5911.0,283327
2026-03-11,5824.49658203125,5921.5,5995.0,5900.0,5981.0,298621
2026-03-12,5692.19970703125,5787.0,5910.0,5713.0,5910.0,996754
2026-03-13,5713.34765625,5808.5,5881.0,5727.0,5750.0,738522
2026-03-16,5746.298828125,5842.0,5872.5,5764.5,5808.5,350827
2026-03-17,5761.544921875,5857.5,5868.5,5801.5,5849.0,260165
2026-03-18,5788.5947265625,5885.0,5914.0,5842.0,5860.5,301564
2026-03-19,5580.55908203125,5673.5,5852.0,5642.5,5799.0,234382
2026-03-20,5526.4599609375,5618.5,5749.5,5592.0,5735.0,462806
2026-03-23,5400.0654296875,5490.0,5590.5,5475.5,5590.0,316325
2026-03-24,5423.18017578125,5513.5,5600.0,5404.5,5590.0,542905
2026-03-25,5554.4931640625,5647.0,5737.5,5536.5,5536.5,342559
2026-03-27,5409.9013671875,5500.0,5627.0,5483.0,5600.0,378825
2026-03-30,5334.16259765625,5423.0,5533.0,5364.5,5480.0,783793
2026-04-01,5384.3271484375,5474.0,5538.0,5433.5,5520.0,252740
2026-04-02,5352.8515625,5442.0,5471.0,5351.5,5460.0,444248
2026-04-06,5444.328125,5535.0,5548.0,5402.0,5420.0,228390
2026-04-07,5451.21337890625,5542.0,5552.5,5384.0,5493.0,204113
2026-04-08,5502.853515625,5594.5,5698.5,5556.0,5698.5,482250
2026-04-09,5385.31103515625,5475.0,5659.5,5430.5,5620.0,624921
2026-04-10,5466.45947265625,5557.5,5570.0,5405.0,5500.0,339513
2026-04-13,5497.443359375,5589.0,5613.0,5444.0,5526.5,350782
2026-04-15,5561.87060546875,5654.5,5724.0,5600.5,5670.0,542939
2026-04-16,5494.49267578125,5586.0,5705.5,5534.5,5640.0,455115
2026-04-17,5641.54345703125,5735.5,5750.0,5568.5,5601.5,345936
2026-04-20,5606.625,5700.0,5762.5,5640.5,5736.0,610941
2026-04-21,5741.87255859375,5837.5,5864.5,5685.0,5715.0,270416
2026-04-22,5635.6416015625,5729.5,5924.0,5716.5,5874.0,550506
2026-04-23,5578.591796875,5671.5,5728.0,5640.5,5724.0,408915
2026-04-24,5636.62548828125,5730.5,5753.5,5665.5,5707.5,470926
2026-04-27,5623.83837890625,5717.5,5804.0,5689.0,5750.0,658091
2026-04-28,5569.24755859375,5662.0,5735.0,5641.0,5723.0,249233
2026-04-29,5615.4775390625,5709.0,5734.5,5665.0,5674.0,363567
2026-04-30,5632.19921875,5726.0,5752.0,5644.0,5720.0,269033
2026-05-01,5632.19921875,5726.0,5726.0,5726.0,5726.0,0
2026-05-04,5697.60986328125,5792.5,5821.5,5715.0,5730.0,328011
2026-05-05,5738.921875,5834.5,5842.5,5734.5,5775.0,710839
2026-05-06,5688.265625,5783.0,5880.0,5764.0,5878.0,438886
2026-05-07,5718.7578125,5814.0,5891.5,5733.5,5798.0,490345
2026-05-08,5429.57373046875,5520.0,5654.0,5503.0,5634.0,3173832
2026-05-11,5321.86767578125,5410.5,5508.0,5395.0,5505.5,668220
2026-05-12,5246.62060546875,5334.0,5425.0,5315.0,5403.5,655043
2026-05-13,5248.587890625,5336.0,5383.5,5279.5,5345.0,405228
2026-05-14,5284.490234375,5372.5,5397.0,5310.0,5343.5,340218
2026-05-15,5317.44140625,5406.0,5420.0,5365.0,5372.5,151714
2026-05-18,5292.35888671875,5380.5,5399.0,5289.5,5385.5,374914
2026-05-19,5327.76904296875,5416.5,5470.5,5375.0,5375.0,271643
2026-05-20,5256.94873046875,5344.5,5390.5,5321.5,5380.0,462006
2026-05-21,5245.63720703125,5333.0,5373.0,5292.0,5361.5,485793
2026-05-22,5244.16162109375,5331.5,5358.5,5298.0,5341.0,498183
2026-05-25,5239.7353515625,5327.0,5370.0,5309.5,5370.0,284971
2026-05-26,5250.55517578125,5338.0,5356.0,5311.0,5356.0,193734
2026-05-27,5248.09619140625,5335.5,5352.5,5301.0,5330.0,195454
2026-05-28,5248.09619140625,5335.5,5335.5,5335.5,5335.5,0
2026-05-29,5119.2421875,5204.5,5350.0,5164.5,5335.5,1697949
2026-06-01,5073.01220703125,5157.5,5230.0,5122.0,5208.0,341856
2026-06-02,5033.17578125,5117.0,5148.0,5075.0,5120.5,458858
2026-06-03,4981.0439453125,5064.0,5142.5,5050.0,5130.0,334445
2026-06-04,5006.61767578125,5090.0,5119.5,5035.0,5051.5,300651
2026-06-05,5036.6181640625,5120.5,5135.0,5071.0,5095.0,159398
2026-06-08,4995.30615234375,5078.5,5103.5,5036.5,5094.0,247859
2026-06-09,5023.8310546875,5107.5,5125.0,5063.5,5079.5,277222
2026-06-10,5086.291015625,5171.0,5232.0,5103.5,5110.0,322498
2026-06-11,5029.2412109375,5113.0,5190.5,5096.5,5160.0,295275
2026-06-12,5080.880859375,5165.5,5178.5,5115.0,5128.5,242017
2026-06-15,5114.32421875,5199.5,5258.0,5180.0,5250.0,226798
2026-06-16,5132.029296875,5217.5,5232.5,5169.5,5199.5,195644
2026-06-17,5146.29150390625,5232.0,5239.0,5191.0,5220.0,270826
2026-06-18,5159.07861328125,5245.0,5250.0,5192.5,5230.5,391567
2026-06-19,5109.89794921875,5195.0,5240.0,5180.0,5211.0,273184
2026-06-22,5132.029296875,5217.5,5230.0,5186.5,5205.0,261961
2026-06-23,5155.14404296875,5241.0,5275.5,5196.0,5217.5,220646
2026-06-24,5176.2919921875,5262.5,5291.0,5217.0,5219.5,286835
2026-06-25,5151.2099609375,5237.0,5298.5,5207.0,5262.5,193478
2026-06-26,5151.2099609375,5237.0,5237.0,5237.0,5237.0,0
2026-06-29,5018.42138671875,5102.0,5244.0,5085.0,5233.0,472081
2026-06-30,5062.1923828125,5146.5,5176.0,5075.5,5112.0,326609
2026-07-01,5175.80029296875,5262.0,5276.0,5115.0,5146.5,475937
2026-07-02,5285.96533203125,5374.0,5393.0,5262.0,5287.0,374142
2026-07-03,5290.8837890625,5379.0,5448.0,5368.0,5409.5,226125
2026-07-06,5365.14697265625,5454.5,5464.0,5366.0,5379.0,180876
2026-07-07,5357.76953125,5447.0,5483.5,5418.5,5454.0,109487
2026-07-08,5228.423828125,5315.5,5470.0,5276.0,5410.0,233635
2026-07-09,5273.67041015625,5361.5,5388.5,5326.0,5326.0,174108
2026-07-10,5265.3095703125,5353.0,5405.0,5323.0,5390.0,143224
