Date,Adj Close,Close,High,Low,Open,Volume
2010-11-04,112.37445068359375,342.54998779296875,344.8999938964844,291.0,291.0,479716245
2010-11-08,108.50347137451172,330.75,355.8999938964844,329.5,351.79998779296875,46932779
2010-11-09,106.96160888671875,326.04998779296875,333.3999938964844,325.0,330.1499938964844,23741956
2010-11-10,105.89543914794922,322.79998779296875,327.79998779296875,320.04998779296875,325.3999938964844,21057129
2010-11-11,107.78173065185547,328.54998779296875,336.95001220703125,321.8500061035156,323.0,26548372
2010-11-12,105.02609252929688,320.1499938964844,332.95001220703125,318.0,330.0,15004107
2010-11-15,104.05833435058594,317.20001220703125,322.8999938964844,315.04998779296875,321.20001220703125,9917395
2010-11-16,104.33716583251953,318.04998779296875,323.95001220703125,316.1000061035156,320.0,12100114
2010-11-18,107.24043273925781,326.8999938964844,328.95001220703125,310.0,319.6000061035156,23983896
2010-11-19,109.42198181152344,333.54998779296875,339.95001220703125,328.1000061035156,330.25,51723739
2010-11-22,109.35641479492188,333.3500061035156,337.0,315.0,336.0,11494521
2010-11-23,105.02609252929688,320.1499938964844,332.3999938964844,317.5,330.5,13147667
2010-11-24,101.95875549316406,310.79998779296875,329.3500061035156,310.0,329.3500061035156,16243562
2010-11-25,102.74612426757812,313.20001220703125,318.3500061035156,311.1000061035156,314.0,6489260
2010-11-26,102.58210754394531,312.70001220703125,316.0,301.0,315.0,13657322
2010-11-29,104.14032745361328,317.45001220703125,319.70001220703125,308.20001220703125,311.3999938964844,6493219
2010-11-30,104.07473754882812,317.25,319.0,312.0,315.0,6050064
2010-12-01,105.28854370117188,320.95001220703125,322.5,315.0,317.0,5053942
2010-12-02,106.5679702758789,324.8500061035156,325.95001220703125,321.1499938964844,322.20001220703125,6143344
2010-12-03,105.61660766601562,321.95001220703125,325.70001220703125,318.1000061035156,318.1000061035156,2453815
2010-12-06,105.10807037353516,320.3999938964844,324.8999938964844,318.5,321.0,2895539
2010-12-07,104.97686004638672,320.0,322.75,317.25,320.5,3484977
2010-12-08,104.5996322631836,318.8500061035156,322.70001220703125,317.25,318.6000061035156,2877153
2010-12-09,102.74612426757812,313.20001220703125,320.0,309.0,318.0,5313081
2010-12-10,104.09111022949219,317.29998779296875,322.0,312.0,312.0,5799900
2010-12-13,106.0102310180664,323.1499938964844,324.3500061035156,317.0,318.0,2809522
2010-12-14,106.71556091308594,325.29998779296875,331.0,322.75,324.45001220703125,7075931
2010-12-15,107.55207824707031,327.8500061035156,330.0,323.0,325.6000061035156,5380352
2010-12-16,105.20652770996094,320.70001220703125,327.0,317.3999938964844,326.75,2893052
2010-12-20,103.6646499633789,316.0,323.0,315.04998779296875,323.0,2905355
2010-12-21,102.7789077758789,313.29998779296875,318.79998779296875,311.20001220703125,318.79998779296875,4427901
2010-12-22,103.02494812011719,314.04998779296875,319.70001220703125,312.70001220703125,315.1000061035156,5425074
2010-12-23,102.66413879394531,312.95001220703125,315.95001220703125,312.0,315.04998779296875,3326534
2010-12-24,102.40165710449219,312.1499938964844,313.8999938964844,310.1000061035156,313.0,1859093
2010-12-27,100.81060028076172,307.29998779296875,314.29998779296875,306.5,312.1499938964844,5273320
2010-12-28,99.64602661132812,303.75,309.95001220703125,301.0,308.0,8055446
2010-12-29,101.77836608886719,310.25,311.3999938964844,304.29998779296875,306.1000061035156,5772875
2010-12-30,101.056640625,308.04998779296875,311.6000061035156,307.0,311.0,2643251
2010-12-31,103.2546157836914,314.75,316.45001220703125,308.29998779296875,309.5,4960987
2011-01-03,104.09111022949219,317.29998779296875,318.0,314.54998779296875,315.5,2929118
2011-01-04,104.71444702148438,319.20001220703125,320.0,316.04998779296875,318.8999938964844,2716995
2011-01-05,101.6307373046875,309.79998779296875,320.0,308.25,320.0,8555905
2011-01-06,101.40111541748047,309.1000061035156,313.0,308.5,311.0,2763146
2011-01-07,101.40111541748047,309.1000061035156,313.5,302.1499938964844,310.0,2298583
2011-01-10,100.10528564453125,305.1499938964844,310.0,302.1000061035156,309.8999938964844,5413595
2011-01-11,101.38468170166016,309.04998779296875,312.95001220703125,306.0,306.0,2781948
2011-01-12,101.20427703857422,308.5,312.8999938964844,306.25,309.8999938964844,1181115
2011-01-13,101.84397888183594,310.45001220703125,313.95001220703125,307.5,309.3999938964844,2070696
2011-01-14,101.86038208007812,310.5,315.5,307.95001220703125,310.45001220703125,2244505
2011-01-17,102.72967529296875,313.1499938964844,314.0,306.20001220703125,307.25,1707118
2011-01-18,102.0736083984375,311.1499938964844,313.95001220703125,308.0,313.5,844507
2011-01-19,101.49952697753906,309.3999938964844,312.70001220703125,307.95001220703125,311.0,1426048
2011-01-20,103.56624603271484,315.70001220703125,319.20001220703125,308.1000061035156,308.79998779296875,6121175
2011-01-21,103.05776977539062,314.1499938964844,316.45001220703125,312.0,316.45001220703125,2413133
2011-01-24,101.84397888183594,310.45001220703125,314.8999938964844,309.0,314.8999938964844,1097986
2011-01-25,101.69636535644531,310.0,315.70001220703125,308.54998779296875,311.0,2452476
2011-01-27,101.13866424560547,308.29998779296875,312.8999938964844,307.20001220703125,311.0,2455783
2011-01-28,100.07247924804688,305.04998779296875,309.70001220703125,303.04998779296875,307.04998779296875,4236476
2011-01-31,99.84283447265625,304.3500061035156,307.5,300.54998779296875,302.0,3673855
2011-02-01,101.13866424560547,308.29998779296875,309.8500061035156,303.5,305.5,4863055
2011-02-02,102.51649475097656,312.5,314.8999938964844,308.54998779296875,310.1000061035156,3374631
2011-02-03,104.10755920410156,317.3500061035156,320.0,310.8999938964844,311.0,4211492
2011-02-04,101.08943939208984,308.1499938964844,318.1000061035156,307.0,317.3500061035156,1688679
2011-02-07,99.94125366210938,304.6499938964844,310.45001220703125,304.1499938964844,309.3999938964844,1799233
2011-02-08,98.87510681152344,301.3999938964844,307.45001220703125,296.20001220703125,306.8999938964844,3841730
2011-02-09,97.98936462402344,298.70001220703125,307.8500061035156,297.0,302.0,4490558
2011-02-10,97.64488983154297,297.6499938964844,304.0,293.25,300.1000061035156,2690945
2011-02-11,99.92486572265625,304.6000061035156,305.0,298.0,298.1000061035156,3292240
2011-02-14,99.33436584472656,302.79998779296875,307.0,300.1000061035156,306.0,1942474
2011-02-15,99.21955871582031,302.45001220703125,307.8500061035156,302.0,304.5,3035367
2011-02-16,98.77667236328125,301.1000061035156,304.45001220703125,300.45001220703125,304.25,1619527
2011-02-17,100.07247924804688,305.04998779296875,306.3999938964844,302.0,302.95001220703125,2752128
2011-02-18,100.33796691894531,302.3500061035156,305.20001220703125,300.1000061035156,303.8999938964844,1990388
2011-02-21,100.17205047607422,301.8500061035156,303.8999938964844,300.0,301.5,953044
2011-02-22,100.00611114501953,301.3500061035156,303.5,300.29998779296875,302.5,1436876
2011-02-23,99.77381896972656,300.6499938964844,302.3999938964844,299.0,302.3999938964844,2131294
2011-02-24,99.32582092285156,299.29998779296875,303.0,298.25,301.3999938964844,2899140
2011-02-25,97.11894226074219,292.6499938964844,303.0,289.0,300.1000061035156,1964843
2011-02-28,108.75065612792969,327.70001220703125,331.75,296.1000061035156,299.0,20923045
2011-03-01,112.36792755126953,338.6000061035156,339.8999938964844,320.6499938964844,325.0,7867356
2011-03-03,109.19864654541016,329.04998779296875,338.0,327.20001220703125,338.0,4387230
2011-03-04,107.60572814941406,324.25,334.95001220703125,323.25,332.70001220703125,1402888
2011-03-07,113.16439056396484,341.0,343.54998779296875,318.3999938964844,322.0,7183263
2011-03-08,111.91989135742188,337.25,344.5,335.3500061035156,343.0,3110206
2011-03-09,112.68318939208984,339.54998779296875,341.20001220703125,336.04998779296875,339.79998779296875,1603527
2011-03-10,110.94091796875,334.29998779296875,339.79998779296875,329.75,339.79998779296875,1612997
2011-03-11,109.49735260009766,329.95001220703125,335.0,328.1000061035156,334.95001220703125,856545
2011-03-14,110.77497100830078,333.79998779296875,335.75,327.04998779296875,330.8999938964844,1128910
2011-03-15,112.31815338134766,338.45001220703125,342.8999938964844,320.1499938964844,329.0,4638465
2011-03-16,114.12677764892578,343.8999938964844,347.8999938964844,333.5,339.1000061035156,3717632
2011-03-17,113.81149291992188,342.95001220703125,347.5,338.5,342.0,1815524
2011-03-18,114.29269409179688,344.3999938964844,347.0,337.6000061035156,343.5,2926170
2011-03-21,115.2053451538086,347.1499938964844,349.8999938964844,343.29998779296875,343.3500061035156,3943734
2011-03-22,119.4697036743164,360.0,371.3999938964844,347.3999938964844,347.5,9681241
2011-03-23,117.44538116455078,353.8999938964844,363.79998779296875,352.04998779296875,361.0,2695567
2011-03-24,118.90555572509766,358.29998779296875,361.3500061035156,353.8999938964844,353.8999938964844,2324343
2011-03-25,118.83919525146484,358.1000061035156,362.0,356.54998779296875,360.0,2203586
2011-03-28,116.46637725830078,350.95001220703125,360.0,349.3500061035156,359.8500061035156,1128268
2011-03-29,114.90662384033203,346.25,352.0,340.6499938964844,352.0,6481785
2011-03-30,113.297119140625,341.3999938964844,350.5,340.1000061035156,347.0,2449230
2011-03-31,114.98959350585938,346.5,348.8999938964844,341.3999938964844,342.3999938964844,3248352
2011-04-01,115.12239074707031,346.8999938964844,348.5,342.6000061035156,347.0,2169798
2011-04-04,118.12567901611328,355.95001220703125,360.95001220703125,345.3500061035156,347.3500061035156,2719239
2011-04-05,119.05488586425781,358.75,361.0,351.1000061035156,351.1000061035156,1328250
2011-04-06,121.61027526855469,366.45001220703125,367.79998779296875,354.79998779296875,358.75,4513558
2011-04-07,119.35358428955078,359.6499938964844,370.79998779296875,358.29998779296875,367.29998779296875,2485182
2011-04-08,117.89339447021484,355.25,363.70001220703125,351.5,363.0,2121665
2011-04-11,118.6732406616211,357.6000061035156,363.0,352.6000061035156,356.3999938964844,2751598
2011-04-13,117.44538116455078,353.8999938964844,359.3999938964844,350.0,358.0,1432901
2011-04-15,118.6235122680664,357.45001220703125,358.75,350.5,355.0,2609120
2011-04-18,117.04714965820312,352.70001220703125,359.25,350.45001220703125,359.04998779296875,979661
2011-04-19,116.0184097290039,349.6000061035156,354.79998779296875,345.8999938964844,352.0,1488088
2011-04-20,121.64339447021484,366.54998779296875,368.8999938964844,351.0,351.5,4296720
2011-04-21,120.23301696777344,362.29998779296875,369.75,358.04998779296875,369.70001220703125,4895594
2011-04-25,120.84695434570312,364.1499938964844,365.29998779296875,359.5,363.0,1832622
2011-04-26,120.94652557373047,364.45001220703125,365.0,358.1000061035156,361.54998779296875,1277232
2011-04-27,123.0704345703125,370.8500061035156,377.0,359.45001220703125,360.0,3734876
2011-04-28,125.01182556152344,376.70001220703125,381.79998779296875,370.75,372.0,7546827
2011-04-29,126.2894515991211,380.54998779296875,383.29998779296875,374.5,376.70001220703125,3799109
2011-05-02,126.00738525390625,379.70001220703125,382.95001220703125,362.0,362.0,1855839
2011-05-03,123.28612518310547,371.5,384.5,368.54998779296875,378.0,2031295
2011-05-04,123.35250091552734,371.70001220703125,374.79998779296875,361.29998779296875,371.0,2881731
2011-05-05,122.2241439819336,368.29998779296875,374.95001220703125,365.25,370.95001220703125,1537387
2011-05-06,122.70538330078125,369.75,372.8999938964844,365.54998779296875,369.45001220703125,2241153
2011-05-09,130.18881225585938,392.29998779296875,393.8999938964844,368.6499938964844,370.0,6109075
2011-05-10,128.14785766601562,386.1499938964844,396.3500061035156,385.0,392.0,3322937
2011-05-11,127.4841537475586,384.1499938964844,393.45001220703125,381.5,387.29998779296875,2854705
2011-05-12,126.72089385986328,381.8500061035156,393.20001220703125,380.3500061035156,385.8999938964844,2726810
2011-05-13,128.38018798828125,386.8500061035156,391.54998779296875,382.04998779296875,383.0,2281880
2011-05-16,129.06053161621094,388.8999938964844,393.25,386.0,388.0,1551570
2011-05-17,131.9476776123047,397.6000061035156,401.3999938964844,389.5,390.0,5674815
2011-05-18,124.01618957519531,373.70001220703125,399.6000061035156,370.3999938964844,399.6000061035156,8642834
2011-05-19,124.81266784667969,376.1000061035156,384.75,365.5,375.04998779296875,11416019
2011-05-20,121.11243438720703,364.95001220703125,373.6000061035156,362.6499938964844,372.0,5400664
2011-05-23,121.26175689697266,365.3999938964844,373.45001220703125,362.45001220703125,364.0,1974392
2011-05-24,123.02061462402344,370.70001220703125,375.3999938964844,359.25,367.0,3890213
2011-05-25,125.22747039794922,377.3500061035156,384.8999938964844,371.0,373.6000061035156,3824128
2011-05-26,129.07708740234375,388.95001220703125,390.79998779296875,379.75,380.0,5232851
2011-05-27,128.72866821289062,387.8999938964844,394.5,386.0,389.5,2737715
2011-05-30,131.06822204589844,394.95001220703125,397.0,390.0,390.0,2529091
2011-05-31,135.5483856201172,408.45001220703125,422.3500061035156,394.0,394.0,11708250
2011-06-01,137.5395050048828,414.45001220703125,416.6000061035156,405.1000061035156,415.0,4496698
2011-06-02,133.65673828125,402.75,413.5,400.6000061035156,413.0,2842746
2011-06-03,129.9730987548828,391.6499938964844,408.25,390.1000061035156,402.6000061035156,2764367
2011-06-06,130.71978759765625,393.8999938964844,399.79998779296875,390.3500061035156,392.0,2009110
2011-06-07,133.78948974609375,403.1499938964844,404.29998779296875,393.29998779296875,395.0,1982013
2011-06-08,135.2828826904297,407.6499938964844,413.79998779296875,402.70001220703125,404.04998779296875,3290373
2011-06-09,135.18331909179688,407.3500061035156,411.3999938964844,405.54998779296875,408.0,1360848
2011-06-10,134.5196075439453,405.3500061035156,411.95001220703125,400.75,408.79998779296875,1845651
2011-06-13,131.51626586914062,396.29998779296875,405.04998779296875,395.0,405.0,1548256
2011-06-14,130.98526000976562,394.70001220703125,402.5,392.20001220703125,398.20001220703125,2432283
2011-06-15,129.47532653808594,390.1499938964844,397.3500061035156,388.6000061035156,394.79998779296875,2682187
2011-06-16,130.83595275878906,394.25,396.70001220703125,387.95001220703125,390.0,1462308
2011-06-17,131.2839813232422,395.6000061035156,402.6000061035156,393.0,394.5,3800502
2011-06-20,131.2839813232422,395.6000061035156,406.3500061035156,392.79998779296875,400.1499938964844,3967696
2011-06-21,129.34254455566406,389.75,399.79998779296875,388.25,396.95001220703125,2133725
2011-06-22,125.65889739990234,378.6499938964844,393.0,376.1000061035156,392.04998779296875,2533012
2011-06-23,124.81266784667969,376.1000061035156,382.79998779296875,375.0,378.6499938964844,2255855
2011-06-24,129.42556762695312,390.0,391.5,378.6000061035156,378.6000061035156,2896582
2011-06-27,132.01406860351562,397.79998779296875,408.6000061035156,385.70001220703125,408.6000061035156,2439080
2011-06-28,130.22203063964844,392.3999938964844,401.70001220703125,391.6499938964844,398.0,1186089
2011-06-29,128.9443359375,388.54998779296875,396.5,387.5,396.1000061035156,2091679
2011-06-30,130.3713836669922,392.8500061035156,393.79998779296875,389.25,390.0,1614539
2011-07-01,127.51734161376953,384.25,395.0,383.0,392.8500061035156,2254393
2011-07-04,131.11801147460938,395.1000061035156,396.20001220703125,386.95001220703125,386.95001220703125,1683417
2011-07-05,131.20098876953125,395.3500061035156,396.75,391.29998779296875,395.0,882850
2011-07-06,130.13905334472656,392.1499938964844,400.75,391.25,397.95001220703125,1853087
2011-07-07,130.83595275878906,394.25,395.8999938964844,392.54998779296875,395.0,1111992
2011-07-08,120.34915924072266,362.6499938964844,378.70001220703125,361.0,370.0,19402497
2011-07-11,118.3912124633789,356.75,367.0,299.0,299.0,8003993
2011-07-12,121.22855377197266,365.29998779296875,368.6499938964844,353.0,355.5,7031368
2011-07-13,122.17440032958984,368.1499938964844,370.5,365.6000061035156,367.0,4671340
2011-07-14,123.26950073242188,371.45001220703125,375.5,366.3500061035156,366.3500061035156,3791759
2011-07-15,121.4111099243164,365.8500061035156,373.75,364.79998779296875,371.45001220703125,2338930
2011-07-18,122.42328643798828,368.8999938964844,372.8999938964844,365.0,368.3999938964844,1928820
2011-07-19,122.73857116699219,369.8500061035156,371.8500061035156,364.1000061035156,369.70001220703125,1751354
2011-07-20,121.825927734375,367.1000061035156,373.6000061035156,366.54998779296875,373.0,1144234
2011-07-21,122.0914535522461,367.8999938964844,374.0,366.54998779296875,366.95001220703125,1786938
2011-07-22,122.43987274169922,368.95001220703125,372.0,367.20001220703125,370.04998779296875,1621371
2011-07-25,122.48970031738281,369.1000061035156,371.29998779296875,367.25,370.70001220703125,1674691
2011-07-26,124.09920501708984,373.95001220703125,376.45001220703125,370.0,370.54998779296875,2173138
2011-07-27,132.39569091796875,398.95001220703125,400.45001220703125,374.79998779296875,374.8500061035156,8304568
2011-07-28,130.65341186523438,393.70001220703125,408.70001220703125,391.70001220703125,403.6499938964844,5536482
2011-07-29,128.8447723388672,388.25,395.0,385.1000061035156,390.0,1971794
2011-08-01,130.00628662109375,391.75,394.79998779296875,387.0,391.5,2027360
2011-08-02,131.84808349609375,397.29998779296875,398.3999938964844,390.0,391.0,2508279
2011-08-03,130.08926391601562,392.0,396.29998779296875,391.0,391.0,2524242
2011-08-04,130.802734375,394.1499938964844,406.5,393.04998779296875,397.70001220703125,4004932
2011-08-05,130.38790893554688,392.8999938964844,396.20001220703125,375.20001220703125,389.3999938964844,3203823
2011-08-08,130.17221069335938,392.25,399.6499938964844,378.20001220703125,381.1000061035156,4596727
2011-08-09,125.77505493164062,379.0,388.0,376.25,383.0,4161457
2011-08-10,126.538330078125,381.29998779296875,389.20001220703125,380.1499938964844,388.95001220703125,2365785
2011-08-11,128.18104553222656,386.25,388.6000061035156,380.1000061035156,380.1000061035156,1581039
2011-08-12,127.8492202758789,385.25,393.79998779296875,381.1000061035156,390.0,2785578
2011-08-16,128.44654846191406,387.04998779296875,395.3999938964844,386.20001220703125,390.1000061035156,3817965
2011-08-17,132.0472412109375,397.8999938964844,399.0,388.0,389.3999938964844,4815761
2011-08-18,129.49191284179688,390.20001220703125,404.1000061035156,388.25,401.5,3881299
2011-08-19,130.57046508789062,393.45001220703125,398.45001220703125,384.29998779296875,385.0,4263628
2011-08-22,130.88572692871094,394.3999938964844,397.95001220703125,391.0,395.0,2422421
2011-08-23,130.22203063964844,392.3999938964844,394.70001220703125,381.70001220703125,394.45001220703125,5401601
2011-08-24,124.08255767822266,373.8999938964844,388.3500061035156,370.5,387.3500061035156,5263656
2011-08-25,124.36467742919922,374.75,377.3500061035156,361.6499938964844,374.1000061035156,5596203
2011-08-26,119.27061462402344,359.3999938964844,381.8999938964844,357.0,377.0,5864875
2011-08-29,122.57262420654297,369.3500061035156,372.6000061035156,363.45001220703125,363.45001220703125,3603683
2011-08-30,124.64674377441406,375.6000061035156,378.8999938964844,370.1000061035156,374.3999938964844,2721134
2011-09-02,128.8115997314453,388.1499938964844,390.70001220703125,375.20001220703125,383.0,3519216
2011-09-05,126.45537567138672,381.04998779296875,386.95001220703125,379.54998779296875,383.25,1574228
2011-09-06,125.69210052490234,378.75,383.95001220703125,375.25,379.79998779296875,2150209
2011-09-07,129.84033203125,391.25,393.0,379.5,380.5,3479610
2011-09-08,128.29562377929688,386.20001220703125,391.5,384.6000061035156,391.29998779296875,1874028
2011-09-09,126.58478546142578,381.04998779296875,393.45001220703125,379.6499938964844,388.95001220703125,2337246
2011-09-12,125.40548706054688,377.5,381.5,370.3500061035156,379.3999938964844,2230973
2011-09-13,124.9072036743164,376.0,383.6000061035156,373.0,379.5,1863685
2011-09-14,125.50514221191406,377.79998779296875,382.70001220703125,375.70001220703125,377.95001220703125,2263022
2011-09-15,125.73767852783203,378.5,382.3999938964844,376.3999938964844,381.54998779296875,1389227
2011-09-16,125.9535903930664,379.1499938964844,383.0,375.54998779296875,381.5,2933473
2011-09-19,125.07328796386719,376.5,379.0,375.3500061035156,377.1000061035156,683397
2011-09-20,125.7044906616211,378.3999938964844,380.70001220703125,373.1000061035156,377.3999938964844,2411501
2011-09-21,127.71427917480469,384.45001220703125,387.45001220703125,380.20001220703125,382.5,3797201
2011-09-22,124.69126892089844,375.3500061035156,381.20001220703125,374.04998779296875,379.95001220703125,1916877
2011-09-23,121.45230865478516,365.6000061035156,373.3999938964844,364.6499938964844,372.20001220703125,3128059
2011-09-26,115.10731506347656,346.5,365.0,342.1000061035156,365.0,6521673
2011-09-27,118.9774169921875,358.1499938964844,359.25,351.1000061035156,353.8999938964844,4671317
2011-09-28,118.14693450927734,355.6499938964844,362.6000061035156,351.0,361.79998779296875,2221187
2011-09-29,116.48592376708984,350.6499938964844,354.5,344.54998779296875,354.5,2605432
2011-09-30,110.68903350830078,333.20001220703125,354.6499938964844,325.1499938964844,351.75,14757839
2011-10-03,111.88497161865234,336.79998779296875,339.70001220703125,323.3500061035156,330.0,8622229
2011-10-04,106.27078247070312,319.8999938964844,338.8999938964844,317.3500061035156,334.0,6097620
2011-10-05,107.86537170410156,324.70001220703125,327.79998779296875,314.54998779296875,321.8999938964844,6675945
2011-10-07,112.13410186767578,337.54998779296875,339.8999938964844,331.29998779296875,334.0,7803489
2011-10-10,114.16051483154297,343.6499938964844,345.0,330.8500061035156,341.0,10170568
2011-10-11,114.85812377929688,345.75,347.6499938964844,342.29998779296875,345.1000061035156,3946651
2011-10-12,112.26698303222656,337.95001220703125,349.1499938964844,332.29998779296875,346.0,10114266
2011-10-13,110.30702209472656,332.04998779296875,340.6499938964844,328.25,339.8999938964844,5951310
2011-10-14,107.1511001586914,322.54998779296875,331.0,319.04998779296875,330.20001220703125,9162659
2011-10-17,106.68604278564453,321.1499938964844,324.6000061035156,318.1499938964844,323.95001220703125,6312019
2011-10-18,109.642578125,330.04998779296875,331.3500061035156,321.1499938964844,321.70001220703125,12213184
2011-10-19,111.23715209960938,334.8500061035156,338.5,332.0,332.8999938964844,4426087
2011-10-20,109.52632904052734,329.70001220703125,333.75,326.5,333.75,3657774
2011-10-21,109.14427947998047,328.54998779296875,333.3999938964844,327.5,330.8999938964844,1766269
2011-10-24,107.81550598144531,324.54998779296875,333.04998779296875,323.20001220703125,333.0,3643726
2011-10-25,107.59955596923828,323.8999938964844,325.79998779296875,320.54998779296875,324.20001220703125,3614659
2011-10-28,112.35005187988281,338.20001220703125,342.79998779296875,334.8500061035156,342.0,8671739
2011-10-31,110.29039001464844,332.0,339.75,331.29998779296875,339.75,3014703
2011-11-01,109.45991516113281,329.5,332.45001220703125,328.8500061035156,330.70001220703125,1928657
2011-11-02,108.26396942138672,325.8999938964844,329.0,325.0,325.29998779296875,3310414
2011-11-03,108.180908203125,325.6499938964844,329.0,324.04998779296875,326.70001220703125,4108210
2011-11-04,108.39683532714844,326.29998779296875,330.0,325.45001220703125,329.0,3532695
2011-11-08,108.72904968261719,327.29998779296875,330.20001220703125,326.54998779296875,328.45001220703125,2300152
2011-11-09,108.33040618896484,326.1000061035156,330.29998779296875,324.54998779296875,329.0,3703073
2011-11-11,108.33040618896484,326.1000061035156,328.45001220703125,323.79998779296875,325.0,4015218
2011-11-14,107.33380889892578,323.1000061035156,326.8999938964844,319.3999938964844,326.1000061035156,2911632
2011-11-15,105.35721588134766,317.1499938964844,325.3999938964844,314.8999938964844,322.0,2426013
2011-11-16,103.5301284790039,311.6499938964844,317.25,306.04998779296875,316.8999938964844,3890690
2011-11-17,101.30436706542969,304.95001220703125,311.25,300.25,311.0,5484081
2011-11-18,98.87932586669922,297.6499938964844,303.8999938964844,294.6000061035156,303.8999938964844,6164620
2011-11-21,98.84610748291016,297.54998779296875,301.8999938964844,294.75,297.0,2590004
2011-11-22,100.50709533691406,302.54998779296875,304.95001220703125,298.0,299.8500061035156,3376746
2011-11-23,99.85932922363281,300.6000061035156,303.3999938964844,297.0,301.0,2565762
2011-11-24,101.03863525390625,304.1499938964844,305.95001220703125,298.1000061035156,302.1000061035156,3583744
2011-11-25,102.50029754638672,308.54998779296875,314.29998779296875,300.8999938964844,303.1000061035156,3004169
2011-11-28,107.13451385498047,322.5,324.3999938964844,311.0,312.29998779296875,3578208
2011-11-29,106.65280151367188,321.04998779296875,324.95001220703125,319.1000061035156,323.3999938964844,2912186
2011-11-30,108.6792221069336,327.1499938964844,329.70001220703125,318.20001220703125,320.95001220703125,3023017
2011-12-01,109.79207611083984,330.5,336.0,328.3999938964844,335.20001220703125,2920375
2011-12-02,111.17073059082031,334.6499938964844,335.0,326.3500061035156,330.0,1842887
2011-12-05,110.58935546875,332.8999938964844,338.3500061035156,331.3999938964844,335.75,1295784
2011-12-07,107.51651763916016,323.6499938964844,333.0,320.29998779296875,332.8999938964844,5922728
2011-12-08,104.14468383789062,313.5,320.70001220703125,310.8500061035156,319.8999938964844,5099681
2011-12-09,104.99180603027344,316.04998779296875,318.5,305.75,309.04998779296875,2245578
2011-12-12,100.98880767822266,304.0,319.75,302.8999938964844,319.0,3270317
2011-12-13,102.31759643554688,308.0,309.79998779296875,300.29998779296875,303.5,2304900
2011-12-14,99.74304962158203,300.25,308.5,298.1000061035156,305.54998779296875,2569313
2011-12-15,103.5301284790039,311.6499938964844,312.8999938964844,293.6499938964844,298.8999938964844,4955253
2011-12-16,99.90912628173828,300.75,315.0,298.1499938964844,314.04998779296875,3337493
2011-12-19,102.03520965576172,307.1499938964844,308.3999938964844,297.8999938964844,300.0,2949577
2011-12-20,100.3243637084961,302.0,310.1000061035156,300.1000061035156,306.8999938964844,2497383
2011-12-21,100.57357025146484,302.75,307.8999938964844,298.6000061035156,307.25,5048737
2011-12-22,99.64337921142578,299.95001220703125,303.0,293.6000061035156,302.75,3747650
2011-12-23,99.64337921142578,299.95001220703125,302.8999938964844,298.6000061035156,302.8999938964844,2340380
2011-12-26,101.66980743408203,306.04998779296875,306.8999938964844,301.5,302.0,1796032
2011-12-27,99.07862091064453,298.25,307.6000061035156,295.1499938964844,305.5,3212706
2011-12-28,99.51050567626953,299.54998779296875,301.79998779296875,295.75,296.5,1957155
2011-12-29,99.2447280883789,298.75,302.0,297.1000061035156,298.0,2925666
2011-12-30,99.87593841552734,300.6499938964844,302.29998779296875,296.95001220703125,301.0,1723569
2012-01-02,103.69624328613281,312.1499938964844,313.20001220703125,303.0,303.0,3499615
2012-01-03,108.69583129882812,327.20001220703125,329.75,315.70001220703125,315.70001220703125,6951091
2012-01-04,108.52970123291016,326.70001220703125,330.79998779296875,321.75,327.8999938964844,3565108
2012-01-05,106.4866943359375,320.54998779296875,327.95001220703125,313.5,324.0,6830098
2012-01-06,105.65619659423828,318.04998779296875,322.79998779296875,315.8999938964844,315.8999938964844,2714233
2012-01-09,104.277587890625,313.8999938964844,322.0,312.29998779296875,320.0,3237127
2012-01-10,105.65619659423828,318.04998779296875,321.29998779296875,315.3500061035156,316.95001220703125,3556640
2012-01-11,106.4368667602539,320.3999938964844,323.3500061035156,316.3500061035156,318.70001220703125,2652061
2012-01-12,108.180908203125,325.6499938964844,327.79998779296875,318.0,321.70001220703125,4866674
2012-01-13,114.21037292480469,343.79998779296875,345.8999938964844,327.0,327.0,9030615
2012-01-16,113.21372985839844,340.79998779296875,346.79998779296875,339.0,343.45001220703125,3405645
2012-01-17,116.85134887695312,351.75,355.0,343.0,343.0,5299117
2012-01-18,112.88153839111328,339.79998779296875,358.29998779296875,336.5,353.1000061035156,7110166
2012-01-19,116.23676300048828,349.8999938964844,351.20001220703125,338.0,341.0,3572813
2012-01-20,114.54257202148438,344.79998779296875,351.95001220703125,336.1000061035156,351.95001220703125,3705887
2012-01-23,111.28697204589844,335.0,342.3999938964844,332.20001220703125,341.20001220703125,2654998
2012-01-24,109.60938262939453,329.95001220703125,337.79998779296875,328.3500061035156,332.5,4062908
2012-01-25,113.911376953125,342.8999938964844,345.79998779296875,331.04998779296875,332.0,5152317
2012-01-27,113.59578704833984,341.95001220703125,348.0,339.1000061035156,345.29998779296875,3135118
2012-01-30,111.50291442871094,335.6499938964844,341.0,332.8999938964844,338.6000061035156,2829375
2012-01-31,108.69583129882812,327.20001220703125,337.5,323.5,335.0,6397212
2012-02-01,105.30741119384766,317.0,327.0,315.70001220703125,327.0,10018128
2012-02-02,106.9683837890625,322.0,324.75,319.5,320.95001220703125,6184145
2012-02-03,108.74566650390625,327.3500061035156,329.5,323.45001220703125,325.0,3378677
2012-02-06,109.0446548461914,328.25,333.25,326.1499938964844,331.0,3120365
2012-02-07,108.24737548828125,325.8500061035156,334.95001220703125,324.5,334.95001220703125,1900153
2012-02-08,110.72225952148438,333.29998779296875,335.6499938964844,326.25,326.25,3911363
2012-02-09,110.72225952148438,333.29998779296875,336.3500061035156,331.3500061035156,333.0,3161155
2012-02-10,110.24053955078125,331.8500061035156,334.75,327.5,333.29998779296875,3588782
2012-02-13,111.81852722167969,336.6000061035156,340.3500061035156,333.3999938964844,335.0,4388141
2012-02-14,111.07103729248047,334.3500061035156,339.8500061035156,332.29998779296875,337.79998779296875,2450641
2012-02-15,112.89816284179688,339.8500061035156,343.95001220703125,337.04998779296875,339.0,4463513
2012-02-16,106.32059478759766,320.04998779296875,339.75,319.04998779296875,339.04998779296875,16369724
2012-02-17,107.56635284423828,323.79998779296875,332.5,322.8999938964844,325.0,10576465
2012-02-21,108.29718017578125,326.0,328.8999938964844,320.1000061035156,325.0,5880975
2012-02-22,107.01823425292969,322.1499938964844,330.6000061035156,320.0,327.0,3968025
2012-02-23,107.21753692626953,322.75,325.75,318.0,321.0,3360240
2012-02-24,108.84532928466797,327.6499938964844,330.54998779296875,320.70001220703125,322.0,4222023
2012-02-27,107.33380889892578,323.1000061035156,330.8999938964844,317.1000061035156,329.0,4789844
2012-02-28,109.77548217773438,330.45001220703125,331.45001220703125,323.5,323.95001220703125,2773113
2012-02-29,111.12091064453125,334.5,335.79998779296875,331.1499938964844,331.1499938964844,2881804
2012-03-01,111.12091064453125,334.5,338.5,331.0,333.8999938964844,2738044
2012-03-02,110.3402099609375,332.1499938964844,335.6000061035156,329.3500061035156,334.5,1871139
2012-03-05,108.91175842285156,327.8500061035156,330.8999938964844,325.3500061035156,329.8999938964844,1182214
2012-03-06,109.67581176757812,330.1499938964844,335.8999938964844,325.0,327.0,2452725
2012-03-07,108.59619140625,326.8999938964844,330.6000061035156,323.6000061035156,329.75,1867060
2012-03-09,111.63578796386719,336.04998779296875,337.75,329.0,329.0,2190819
2012-03-12,112.10087585449219,337.45001220703125,341.5,335.6499938964844,339.0,2081580
2012-03-13,114.06087493896484,343.3500061035156,345.70001220703125,339.04998779296875,341.20001220703125,3112273
2012-03-14,115.62222290039062,348.04998779296875,349.70001220703125,344.0,345.54998779296875,6289523
2012-03-15,116.28819274902344,340.5,341.6000061035156,336.04998779296875,340.79998779296875,2943615
2012-03-16,116.68092346191406,341.6499938964844,348.8500061035156,339.0,340.5,5726497
2012-03-19,114.34150695800781,334.79998779296875,341.1499938964844,333.0,336.29998779296875,1523499
2012-03-20,111.52393341064453,326.54998779296875,335.25,325.5,332.6000061035156,3024480
2012-03-21,113.09493255615234,331.1499938964844,333.0,327.25,327.25,2308361
2012-03-22,115.65635681152344,338.6499938964844,344.54998779296875,329.6000061035156,330.70001220703125,6022192
2012-03-23,114.35855865478516,334.8500061035156,342.8999938964844,330.29998779296875,339.8999938964844,1996054
2012-03-26,113.36817932128906,331.95001220703125,336.6499938964844,328.6000061035156,334.0,1653792
2012-03-27,113.00957489013672,330.8999938964844,334.79998779296875,325.3999938964844,333.0,4081274
2012-03-28,113.2486343383789,331.6000061035156,333.1000061035156,328.1000061035156,332.04998779296875,1603380
2012-03-29,113.658447265625,332.79998779296875,340.3999938964844,330.0,330.0,5451105
2012-03-30,117.44937896728516,343.8999938964844,349.0,332.6000061035156,333.20001220703125,2711580
2012-04-02,116.52721405029297,341.20001220703125,343.29998779296875,335.1000061035156,340.0,2427033
2012-04-03,117.24441528320312,343.29998779296875,347.29998779296875,340.54998779296875,342.8999938964844,1424419
2012-04-04,116.6638412475586,341.6000061035156,344.70001220703125,334.6000061035156,337.0,2287795
2012-04-09,114.905029296875,336.45001220703125,342.29998779296875,336.0,336.3999938964844,892507
2012-04-10,113.82921600341797,333.29998779296875,337.79998779296875,331.0,337.1000061035156,873331
2012-04-11,113.06079864501953,331.04998779296875,336.6000061035156,328.5,330.0,1699275
2012-04-12,113.77799987792969,333.1499938964844,335.75,331.75,333.0,1201944
2012-04-13,115.7417221069336,338.8999938964844,344.6000061035156,335.29998779296875,338.3999938964844,1894838
2012-04-16,115.8271255493164,339.1499938964844,339.8999938964844,334.04998779296875,334.04998779296875,806031
2012-04-17,119.54967498779297,350.04998779296875,352.45001220703125,343.0,343.0,4635971
2012-04-18,118.86665344238281,348.04998779296875,353.8999938964844,346.3999938964844,353.5,1425875
2012-04-19,123.49430847167969,361.6000061035156,362.79998779296875,347.29998779296875,349.5,3178601
2012-04-20,123.78460693359375,362.45001220703125,364.6000061035156,356.0,361.0,2814624
2012-04-23,121.37683868408203,355.3999938964844,367.45001220703125,352.29998779296875,359.1000061035156,2317353
2012-04-24,121.61589050292969,356.1000061035156,363.70001220703125,352.8500061035156,357.70001220703125,2301413
2012-04-25,119.36188507080078,349.5,358.25,348.5,357.0,1822054
2012-04-26,122.742919921875,359.3999938964844,362.6499938964844,343.8999938964844,352.8999938964844,5184496
2012-04-27,119.95951843261719,351.25,357.95001220703125,348.0,356.5,1031688
2012-04-30,120.33522033691406,352.3500061035156,354.8999938964844,349.1000061035156,351.5,745458
2012-05-02,118.09822845458984,345.79998779296875,355.45001220703125,343.25,353.54998779296875,2621232
2012-05-03,115.07576751708984,336.95001220703125,344.6499938964844,332.79998779296875,343.29998779296875,3406455
2012-05-04,112.63389587402344,329.79998779296875,339.0,328.6000061035156,337.0,1430057
2012-05-07,112.18989562988281,328.5,332.3999938964844,325.1000061035156,327.0,2982635
2012-05-08,114.30738067626953,334.70001220703125,338.70001220703125,327.0,327.1000061035156,3112575
2012-05-09,111.50685119628906,326.5,332.8500061035156,325.29998779296875,332.8500061035156,2775700
2012-05-10,109.73094177246094,321.29998779296875,330.6499938964844,320.0,327.95001220703125,1823505
2012-05-11,107.40859985351562,314.5,321.20001220703125,312.6499938964844,320.45001220703125,2240167
2012-05-14,107.9550552368164,316.1000061035156,320.25,314.0,315.0,2554750
2012-05-15,107.30615997314453,314.20001220703125,315.8500061035156,310.5,313.1000061035156,1867697
2012-05-16,105.3253173828125,308.3999938964844,315.5,307.3999938964844,311.5,2230341
2012-05-17,104.65933227539062,306.45001220703125,312.5,305.5,308.29998779296875,2066494
2012-05-18,103.51525115966797,303.1000061035156,305.79998779296875,301.1000061035156,304.0,2601032
2012-05-21,105.87178802490234,310.0,311.29998779296875,302.04998779296875,302.5,1855016
2012-05-22,104.48861694335938,305.95001220703125,314.8999938964844,305.1000061035156,313.5,1763845
2012-05-23,105.30824279785156,308.3500061035156,309.8500061035156,302.6000061035156,304.79998779296875,1096968
2012-05-24,105.78638458251953,309.75,312.1000061035156,305.1000061035156,308.0,888439
2012-05-25,107.08415985107422,313.54998779296875,314.29998779296875,307.29998779296875,308.5,1207744
2012-05-28,107.57936096191406,315.0,316.5,313.25,314.0,976383
2012-05-29,109.91876220703125,321.8500061035156,324.0,317.1000061035156,319.0,2048507
2012-05-30,109.16746520996094,319.6499938964844,322.3999938964844,318.1000061035156,319.8500061035156,1288436
2012-05-31,109.83340454101562,321.6000061035156,325.75,316.0,316.0,4945117
2012-06-01,109.88460540771484,321.75,324.25,318.3999938964844,321.6000061035156,1725372
2012-06-04,109.32115936279297,320.1000061035156,322.54998779296875,315.1000061035156,321.75,1779732
2012-06-05,107.9550552368164,316.1000061035156,324.75,314.79998779296875,320.29998779296875,1820932
2012-06-06,109.9699935913086,322.0,323.5,317.0,317.0,2518829
2012-06-07,111.0799560546875,325.25,326.6499938964844,323.3500061035156,323.3500061035156,1102332
2012-06-08,111.91671752929688,327.70001220703125,329.5,321.79998779296875,323.79998779296875,1309159
2012-06-11,113.62434387207031,332.70001220703125,337.29998779296875,328.1000061035156,329.0,1775891
2012-06-12,114.78546142578125,336.1000061035156,337.20001220703125,330.20001220703125,330.70001220703125,1185164
2012-06-13,113.82921600341797,333.29998779296875,340.8999938964844,332.5,336.5,1541990
2012-06-14,113.0266342163086,330.95001220703125,336.70001220703125,329.45001220703125,333.54998779296875,1016302
2012-06-15,116.01493072509766,339.70001220703125,340.8999938964844,333.0,333.0,2607870
2012-06-18,115.96368408203125,339.54998779296875,344.0,336.8500061035156,341.29998779296875,1920907
2012-06-19,117.48348236083984,344.0,345.1499938964844,334.6000061035156,338.79998779296875,1889552
2012-06-20,115.40017700195312,337.8999938964844,346.25,336.1000061035156,345.20001220703125,1968947
2012-06-21,116.76628875732422,341.8999938964844,343.75,334.75,336.20001220703125,1306288
2012-06-22,115.33191680908203,337.70001220703125,343.3500061035156,336.5,340.0,1307708
2012-06-25,114.9732894897461,336.6499938964844,345.0,335.20001220703125,341.3500061035156,1341511
2012-06-26,115.70755767822266,338.79998779296875,340.0,335.04998779296875,337.0,977526
2012-06-27,117.07368469238281,342.79998779296875,344.45001220703125,338.8500061035156,340.0,1093934
2012-06-28,118.7983627319336,347.8500061035156,348.95001220703125,341.8999938964844,342.04998779296875,1551058
2012-06-29,118.43977355957031,346.79998779296875,354.0,343.04998779296875,350.0,2197837
2012-07-02,119.66925048828125,350.3999938964844,351.8500061035156,344.75,348.0,939971
2012-07-03,121.88914489746094,356.8999938964844,357.8999938964844,346.79998779296875,349.3500061035156,1721062
2012-07-04,120.81332397460938,353.75,358.6499938964844,352.29998779296875,357.0,1463831
2012-07-05,119.02035522460938,348.5,356.1499938964844,347.6000061035156,354.6000061035156,992871
2012-07-06,120.01075744628906,351.3999938964844,354.1000061035156,347.29998779296875,348.3999938964844,2194702
2012-07-09,119.72045135498047,350.54998779296875,352.8999938964844,346.5,349.0,1169024
2012-07-10,120.86457061767578,353.8999938964844,360.0,350.54998779296875,351.0,1487627
2012-07-11,120.7279281616211,353.5,354.70001220703125,350.25,351.20001220703125,747301
2012-07-12,121.01825714111328,354.3500061035156,355.75,351.25,351.70001220703125,1078046
2012-07-13,120.93285369873047,354.1000061035156,357.0,353.0,355.0,1002438
2012-07-16,119.72045135498047,350.54998779296875,356.8500061035156,349.70001220703125,353.0,1105616
2012-07-17,121.00117492675781,354.29998779296875,355.3999938964844,351.95001220703125,354.0,1404550
2012-07-18,123.05029296875,360.29998779296875,361.8999938964844,355.5,355.5,3132440
2012-07-19,122.87955474853516,359.79998779296875,363.6000061035156,358.25,362.70001220703125,1221959
2012-07-20,123.28939819335938,361.0,363.20001220703125,359.0,359.20001220703125,973638
2012-07-23,121.51346588134766,355.79998779296875,359.70001220703125,354.79998779296875,359.0,705880
2012-07-24,121.61589050292969,356.1000061035156,357.6499938964844,352.75,355.0,871978
2012-07-25,119.87415313720703,351.0,355.0,346.0,353.0,1403757
2012-07-26,119.105712890625,348.75,351.79998779296875,346.20001220703125,351.0,2974750
2012-07-27,120.86457061767578,353.8999938964844,354.5,350.04998779296875,351.5,1257600
2012-07-30,121.51346588134766,355.79998779296875,359.1000061035156,352.1000061035156,354.5,1155127
2012-07-31,122.72587585449219,359.3500061035156,361.3999938964844,355.1000061035156,356.0,1652469
2012-08-01,119.2765121459961,349.25,358.70001220703125,345.20001220703125,357.0,2658429
2012-08-02,118.42266845703125,346.75,351.0,343.25,350.6000061035156,2215158
2012-08-03,117.48348236083984,344.0,345.0,335.04998779296875,344.3999938964844,3796470
2012-08-06,117.29566955566406,343.45001220703125,347.3999938964844,341.1499938964844,344.70001220703125,1030665
2012-08-07,117.65425109863281,344.5,346.0,340.04998779296875,342.3500061035156,1818651
2012-08-08,117.89334106445312,345.20001220703125,351.5,343.8500061035156,345.0,2484555
2012-08-09,120.42060089111328,352.6000061035156,354.75,346.04998779296875,346.8999938964844,3254288
2012-08-10,119.05451202392578,348.6000061035156,353.79998779296875,347.1499938964844,352.70001220703125,1096183
2012-08-13,118.73004913330078,347.6499938964844,350.5,345.70001220703125,350.0,982115
2012-08-14,120.81332397460938,353.75,356.0,350.0,350.0,2594238
2012-08-16,120.76211547851562,353.6000061035156,354.6499938964844,348.70001220703125,353.0,1322951
2012-08-17,119.49849700927734,349.8999938964844,356.45001220703125,348.8500061035156,355.0,3018095
2012-08-21,120.36934661865234,352.45001220703125,353.54998779296875,345.70001220703125,349.95001220703125,805617
2012-08-22,121.49639129638672,355.75,357.3999938964844,349.25,349.25,1228381
2012-08-23,122.6405029296875,359.1000061035156,360.3500061035156,353.54998779296875,355.1499938964844,2822248
2012-08-24,125.35557556152344,367.04998779296875,371.75,358.25,358.25,4474419
2012-08-27,124.570068359375,364.75,369.8500061035156,362.20001220703125,366.8999938964844,2562249
2012-08-28,122.76001739501953,359.45001220703125,365.5,357.6000061035156,362.25,1088810
2012-08-29,122.87955474853516,359.79998779296875,361.95001220703125,356.70001220703125,359.25,768280
2012-08-30,123.18690490722656,360.70001220703125,366.0,357.04998779296875,358.75,1876595
2012-08-31,120.02787780761719,351.45001220703125,359.5,349.3999938964844,359.5,1690335
2012-09-03,123.25525665283203,360.8999938964844,362.95001220703125,349.3500061035156,352.3999938964844,1238762
2012-09-04,123.1697998046875,360.6499938964844,363.25,355.6000061035156,361.25,1335023
2012-09-05,122.6746597290039,359.20001220703125,361.6000061035156,355.25,357.25,1999234
2012-09-06,122.52071380615234,358.25,361.3500061035156,355.6499938964844,360.0,772575
2012-09-07,123.52960968017578,361.20001220703125,362.79998779296875,357.8999938964844,361.0,813793
2012-09-10,125.41062927246094,366.70001220703125,369.75,360.1499938964844,361.0,1683054
2012-09-11,125.41062927246094,366.70001220703125,367.6000061035156,363.0,363.0,790047
2012-09-12,128.8134765625,376.6499938964844,377.5,366.29998779296875,366.29998779296875,3049221
2012-09-13,129.95919799804688,380.0,381.45001220703125,375.1000061035156,378.6499938964844,1739163
2012-09-14,131.05357360839844,383.20001220703125,385.25,381.1499938964844,383.5,2034569
2012-09-17,128.00975036621094,374.29998779296875,386.25,372.6000061035156,383.0,3702194
2012-09-18,128.43727111816406,375.54998779296875,378.8500061035156,370.0,375.0,3027806
2012-09-20,124.65821838378906,364.5,374.1000061035156,362.1000061035156,370.0,2711969
2012-09-21,127.42842102050781,372.6000061035156,376.0,361.79998779296875,365.1000061035156,4354579
2012-09-24,126.45370483398438,369.75,372.25,367.0,371.1000061035156,1163086
2012-09-25,126.07750701904297,368.6499938964844,372.95001220703125,365.0,367.25,1178093
2012-09-26,122.48651123046875,358.1499938964844,368.95001220703125,357.0,366.5,2996497
2012-09-27,122.29844665527344,357.6000061035156,362.54998779296875,351.5,358.0,4214312
2012-09-28,122.76016235351562,358.95001220703125,370.0,355.3500061035156,360.0,2636688
2012-10-01,122.29844665527344,357.6000061035156,361.29998779296875,356.1000061035156,360.0,843310
2012-10-03,124.89759063720703,365.20001220703125,367.0,356.95001220703125,357.6000061035156,1712977
2012-10-04,123.70065307617188,361.70001220703125,367.75,360.29998779296875,366.54998779296875,1838271
2012-10-05,124.29911804199219,363.45001220703125,370.20001220703125,289.3999938964844,362.1000061035156,6833999
2012-10-08,122.23002624511719,357.3999938964844,365.0,356.45001220703125,364.04998779296875,1100145
2012-10-09,121.93931579589844,356.54998779296875,361.5,355.3999938964844,360.0,1272596
2012-10-10,120.81072998046875,353.25,357.0,353.0,355.0,639630
2012-10-11,122.69168853759766,358.75,359.8999938964844,353.1499938964844,355.0,1000450
2012-10-12,122.87982940673828,359.29998779296875,362.0,355.0,357.0,1107958
2012-10-15,121.90514373779297,356.45001220703125,358.79998779296875,353.75,358.79998779296875,978551
2012-10-16,121.1356430053711,354.20001220703125,359.54998779296875,353.0,355.1499938964844,839257
2012-10-17,120.93043518066406,353.6000061035156,357.29998779296875,352.54998779296875,355.5,1006622
2012-10-18,122.87982940673828,359.29998779296875,361.6499938964844,351.54998779296875,353.6499938964844,1398223
2012-10-19,121.05015563964844,353.95001220703125,359.6000061035156,353.0,357.20001220703125,1193960
2012-10-22,122.38391876220703,357.8500061035156,358.70001220703125,350.20001220703125,350.20001220703125,1077651
2012-10-23,122.6233139038086,358.54998779296875,361.79998779296875,354.29998779296875,356.6000061035156,1394940
2012-10-25,121.87092590332031,356.3500061035156,360.70001220703125,355.1499938964844,358.0,1540244
2012-10-29,119.73345184326172,350.1000061035156,357.04998779296875,349.1000061035156,354.1000061035156,904286
2012-10-30,118.51934814453125,346.54998779296875,350.79998779296875,345.54998779296875,350.1000061035156,844118
2012-10-31,118.43385314941406,346.29998779296875,349.3500061035156,342.79998779296875,346.8999938964844,1238573
2012-11-01,118.96394348144531,347.8500061035156,349.6000061035156,344.6000061035156,345.5,846349
2012-11-02,119.90445709228516,350.6000061035156,352.3500061035156,347.04998779296875,347.04998779296875,1715884
2012-11-05,120.70816802978516,352.95001220703125,355.0,349.29998779296875,349.3500061035156,1271314
2012-11-06,120.34906005859375,351.8999938964844,355.79998779296875,348.0,352.0,1830106
2012-11-07,119.13496398925781,348.3500061035156,352.0,347.6000061035156,350.54998779296875,2822027
2012-11-08,119.40853881835938,349.1499938964844,350.70001220703125,345.3500061035156,346.5,1800464
2012-11-09,118.53646087646484,346.6000061035156,351.79998779296875,345.3500061035156,350.0,2114860
2012-11-12,117.86952209472656,344.6499938964844,348.79998779296875,342.25,346.25,4073157
2012-11-15,119.15204620361328,348.3999938964844,350.3999938964844,344.25,345.0,3944091
2012-11-16,120.09251403808594,351.1499938964844,354.20001220703125,345.8999938964844,349.5,2884881
2012-11-19,120.10962677001953,351.20001220703125,352.6000061035156,349.20001220703125,351.0,2124504
2012-11-20,121.0843276977539,354.04998779296875,355.3500061035156,349.79998779296875,352.0,2029773
2012-11-21,121.34083557128906,354.79998779296875,355.5,351.0,354.3999938964844,1601145
2012-11-22,121.6828384399414,355.79998779296875,356.8999938964844,351.0,356.0,803077
2012-11-23,122.45235443115234,358.04998779296875,359.0,354.45001220703125,355.70001220703125,999152
2012-11-26,123.27316284179688,360.45001220703125,361.8999938964844,356.6499938964844,357.0,1152147
2012-11-27,124.24781036376953,363.29998779296875,367.0,360.5,362.0,1148482
2012-11-29,126.50501251220703,369.8999938964844,373.5,363.3500061035156,364.8999938964844,2727957
2012-11-30,125.35930633544922,366.54998779296875,373.45001220703125,359.1499938964844,373.0,1913806
2012-12-03,125.22249603271484,366.1499938964844,374.8500061035156,362.8999938964844,366.29998779296875,2009230
2012-12-04,124.6411361694336,364.45001220703125,369.3500061035156,361.6000061035156,367.0,2002423
2012-12-05,123.70065307617188,361.70001220703125,367.75,361.1499938964844,365.5,957128
2012-12-06,123.94002532958984,362.3999938964844,368.3999938964844,358.20001220703125,362.5,4403668
2012-12-07,124.12813568115234,362.95001220703125,372.0,360.79998779296875,364.8999938964844,3397863
2012-12-10,124.05970764160156,362.75,367.79998779296875,362.0,363.8999938964844,894152
2012-12-11,122.1616439819336,357.20001220703125,365.8999938964844,355.1000061035156,363.5,934577
2012-12-12,121.88799285888672,356.3999938964844,360.29998779296875,355.20001220703125,358.8999938964844,1333281
2012-12-13,120.94750213623047,353.6499938964844,357.6000061035156,351.29998779296875,356.5,1239115
2012-12-14,121.10147094726562,354.1000061035156,356.3999938964844,351.25,353.0,1882922
2012-12-17,120.3148422241211,351.79998779296875,355.0,349.75,353.1000061035156,2604658
2012-12-18,120.43452453613281,352.1499938964844,355.45001220703125,348.70001220703125,353.0,3208233
2012-12-19,122.14453887939453,357.1499938964844,359.04998779296875,352.54998779296875,352.54998779296875,2694436
2012-12-20,121.92225646972656,356.5,360.45001220703125,353.20001220703125,357.45001220703125,2359658
2012-12-21,120.58844757080078,352.6000061035156,354.5,350.0,354.5,2572795
2012-12-24,121.18698120117188,354.3500061035156,355.3999938964844,351.1499938964844,352.6499938964844,445971
2012-12-26,121.44343566894531,355.1000061035156,355.8500061035156,352.25,354.3500061035156,825470
2012-12-27,120.74232482910156,353.04998779296875,355.6499938964844,351.1000061035156,355.1000061035156,2472434
2012-12-28,120.86205291748047,353.3999938964844,355.5,350.54998779296875,354.79998779296875,1362203
2012-12-31,121.34083557128906,354.79998779296875,355.5,352.0,353.1000061035156,781161
2013-01-01,123.10211944580078,359.95001220703125,360.6499938964844,355.79998779296875,356.04998779296875,931122
2013-01-02,122.67464447021484,358.70001220703125,362.95001220703125,357.6000061035156,361.1000061035156,2259736
2013-01-03,123.27316284179688,360.45001220703125,362.5,358.1000061035156,359.1000061035156,2027014
2013-01-04,124.41881561279297,363.79998779296875,364.70001220703125,357.79998779296875,361.75,1535946
2013-01-07,123.1876220703125,360.20001220703125,365.0,358.54998779296875,364.20001220703125,1000153
2013-01-08,123.2047119140625,360.25,362.0,357.0,360.70001220703125,886068
2013-01-09,124.38463592529297,363.70001220703125,370.95001220703125,359.6000061035156,360.5,3174415
2013-01-10,125.05152893066406,365.6499938964844,372.3999938964844,363.79998779296875,366.20001220703125,1889875
2013-01-11,123.34153747558594,360.6499938964844,369.75,359.0,366.0,1310539
2013-01-14,122.82853698730469,359.1499938964844,362.20001220703125,357.29998779296875,361.0,1242363
2013-01-15,121.42631530761719,355.04998779296875,360.54998779296875,353.70001220703125,359.8999938964844,1104566
2013-01-16,120.58844757080078,352.6000061035156,358.79998779296875,351.45001220703125,354.0,1893031
2013-01-17,120.57130432128906,352.54998779296875,355.6499938964844,350.29998779296875,353.5,1437686
2013-01-18,121.34083557128906,354.79998779296875,358.75,353.1499938964844,353.1499938964844,1430944
2013-01-21,120.24645233154297,351.6000061035156,355.3500061035156,350.1499938964844,353.5,1395513
2013-01-22,119.85317993164062,350.45001220703125,354.29998779296875,348.5,349.5,2106194
2013-01-23,119.87026977539062,350.5,353.79998779296875,349.8999938964844,353.79998779296875,1525211
2013-01-24,117.52754211425781,343.6499938964844,355.70001220703125,342.5,349.0,2244498
2013-01-25,116.63836669921875,341.04998779296875,345.0,338.1499938964844,345.0,2178501
2013-01-28,117.04875946044922,342.25,342.8999938964844,337.0,341.6000061035156,1729721
2013-01-29,118.89552307128906,347.6499938964844,348.25,340.25,340.5,2242187
2013-01-30,119.7847671508789,350.25,352.79998779296875,346.8500061035156,347.5,2914324
2013-01-31,120.84495544433594,353.3500061035156,354.8999938964844,347.29998779296875,350.0,2978332
2013-02-01,121.99063873291016,356.70001220703125,359.1000061035156,349.29998779296875,352.25,1952958
2013-02-04,119.8873291015625,350.54998779296875,357.3500061035156,348.5,357.1000061035156,2098181
2013-02-05,119.49405670166016,349.3999938964844,353.0,345.25,347.20001220703125,1840821
2013-02-06,117.0829849243164,342.3500061035156,355.0,340.6000061035156,352.70001220703125,1067866
2013-02-07,117.57884979248047,343.79998779296875,345.8999938964844,339.20001220703125,342.3999938964844,982217
2013-02-08,115.85176849365234,338.75,345.0,333.0,342.1000061035156,2935771
2013-02-11,115.74919128417969,338.45001220703125,341.70001220703125,335.6499938964844,341.0,2575836
2013-02-12,118.02345275878906,345.1000061035156,347.20001220703125,337.5,340.3500061035156,2557673
2013-02-13,118.89552307128906,347.6499938964844,348.70001220703125,341.0,345.1000061035156,1750962
2013-02-14,120.00704956054688,350.8999938964844,353.54998779296875,346.3500061035156,353.20001220703125,3190078
2013-02-15,119.64794921875,349.8500061035156,351.8999938964844,345.20001220703125,351.0,2005414
2013-02-18,117.3395004272461,343.1000061035156,350.1000061035156,341.5,348.1000061035156,1564363
2013-02-19,115.86885833740234,338.79998779296875,343.1000061035156,336.45001220703125,342.1000061035156,1147864
2013-02-20,117.16844940185547,342.6000061035156,343.5,339.5,341.0,1864313
2013-02-21,116.38187408447266,340.29998779296875,342.1000061035156,337.04998779296875,340.95001220703125,2103633
2013-02-22,113.440673828125,331.70001220703125,340.0,330.1000061035156,339.29998779296875,2323286
2013-02-25,111.42290496826172,325.79998779296875,333.95001220703125,324.6000061035156,333.0,2234113
2013-02-26,107.59253692626953,314.6000061035156,325.75,313.25,325.25,1783812
2013-02-27,106.5323257446289,311.5,318.6499938964844,310.75,318.6499938964844,3096188
2013-02-28,105.95093536376953,309.79998779296875,323.0,305.1000061035156,313.0,6550159
2013-03-01,107.3873062133789,314.0,319.29998779296875,310.3999938964844,310.3999938964844,1982201
2013-03-04,108.10552978515625,316.1000061035156,317.3500061035156,307.6499938964844,314.0,2460519
2013-03-05,108.80659484863281,318.1499938964844,318.8999938964844,313.20001220703125,315.20001220703125,1121331
2013-03-06,108.41332244873047,317.0,322.79998779296875,316.04998779296875,319.0,1387621
2013-03-07,107.04532623291016,313.0,317.5,312.0,316.20001220703125,1508269
2013-03-08,109.9010009765625,321.3500061035156,322.0,312.79998779296875,313.5,3730472
2013-03-11,109.57611846923828,320.3999938964844,327.5,319.6499938964844,320.54998779296875,1694709
2013-03-12,109.14862823486328,319.1499938964844,323.6499938964844,315.5,321.45001220703125,1065793
2013-03-13,109.11438751220703,319.04998779296875,323.5,315.75,317.04998779296875,1431325
2013-03-14,109.16572570800781,319.20001220703125,320.8500061035156,316.70001220703125,318.04998779296875,1589111
2013-03-15,109.43932342529297,320.0,322.8999938964844,316.1000061035156,322.1000061035156,1966212
2013-03-18,106.61780548095703,302.29998779296875,309.25,299.95001220703125,309.0,4966365
2013-03-19,105.04834747314453,297.8500061035156,301.70001220703125,291.0,301.25,4898937
2013-03-20,105.06597900390625,297.8999938964844,299.70001220703125,295.1499938964844,297.20001220703125,2619937
2013-03-21,105.1541519165039,298.1499938964844,300.3999938964844,295.95001220703125,297.25,2180014
2013-03-22,104.64274597167969,296.70001220703125,303.75,293.8500061035156,298.1000061035156,1569103
2013-03-25,104.8896255493164,297.3999938964844,300.5,294.0,298.3500061035156,1815688
2013-03-26,106.28272247314453,301.3500061035156,305.0,295.5,295.5,2049384
2013-03-28,109.01608276367188,309.1000061035156,310.0,300.29998779296875,300.5,1954665
2013-04-01,107.60533905029297,305.1000061035156,314.54998779296875,304.70001220703125,309.1000061035156,989906
2013-04-02,108.94556427001953,308.8999938964844,309.8999938964844,304.79998779296875,305.5,1129788
2013-04-03,106.40619659423828,301.70001220703125,309.1499938964844,299.3999938964844,307.20001220703125,1310408
2013-04-04,109.59799194335938,310.75,314.0,300.0,301.1000061035156,4561472
2013-04-05,109.06900787353516,309.25,314.5,306.5,312.1000061035156,2585164
2013-04-08,108.94556427001953,308.8999938964844,311.6499938964844,307.04998779296875,308.95001220703125,780879
2013-04-09,108.09910583496094,306.5,313.5,304.20001220703125,310.1000061035156,1790726
2013-04-10,108.85738372802734,308.6499938964844,310.79998779296875,303.5,307.1000061035156,1376413
2013-04-11,107.79930877685547,305.6499938964844,312.5,304.6000061035156,309.8999938964844,1481388
2013-04-12,105.77134704589844,299.8999938964844,307.75,299.0,304.25,2308935
2013-04-15,103.67286682128906,293.95001220703125,299.6000061035156,292.8999938964844,299.1000061035156,2366725
2013-04-16,103.97262573242188,294.79998779296875,296.45001220703125,292.0,292.0,2062215
2013-04-17,104.6956787109375,296.8500061035156,301.6499938964844,295.5,296.0,2143002
2013-04-18,105.6655502319336,299.6000061035156,300.20001220703125,295.0,297.0,2370066
2013-04-22,110.21521759033203,312.5,313.8999938964844,300.1499938964844,300.1499938964844,5301898
2013-04-23,109.96833038330078,311.79998779296875,317.1000061035156,308.29998779296875,315.0,2266794
2013-04-25,111.83760833740234,317.1000061035156,318.5,312.54998779296875,312.95001220703125,3417233
2013-04-26,112.5077133178711,319.0,324.29998779296875,315.1000061035156,315.1000061035156,2154596
2013-04-29,110.5502700805664,313.45001220703125,322.1000061035156,312.25,320.1000061035156,1361563
2013-04-30,112.57826232910156,319.20001220703125,320.5,312.0,314.54998779296875,2252928
2013-05-02,111.90811157226562,317.29998779296875,322.70001220703125,315.1000061035156,321.0,1430676
2013-05-03,112.41954040527344,318.75,319.95001220703125,314.29998779296875,319.79998779296875,1577249
2013-05-06,111.60835266113281,316.45001220703125,320.0,315.29998779296875,316.54998779296875,867052
2013-05-07,109.31587982177734,309.95001220703125,315.8999938964844,308.75,315.8999938964844,3570510
2013-05-08,110.12702941894531,312.25,314.0,310.6499938964844,313.29998779296875,1429302
2013-05-09,108.9279556274414,308.8500061035156,313.0,307.79998779296875,312.25,1546402
2013-05-10,105.70081329345703,299.70001220703125,310.29998779296875,297.6000061035156,310.0,2637865
2013-05-13,104.67800903320312,296.79998779296875,304.25,295.25,303.8999938964844,1982939
2013-05-14,103.97262573242188,294.79998779296875,300.95001220703125,294.04998779296875,298.45001220703125,1730499
2013-05-15,105.85952758789062,300.1499938964844,301.5,295.5,295.5,2373288
2013-05-16,105.31285858154297,298.6000061035156,302.5,297.3999938964844,299.0,2310647
2013-05-17,104.92489624023438,297.5,300.0,296.1000061035156,298.79998779296875,1472277
2013-05-20,106.26509094238281,301.29998779296875,305.3999938964844,300.04998779296875,301.0,1497496
2013-05-21,108.45179748535156,307.5,308.95001220703125,304.0,304.79998779296875,2690361
2013-05-22,109.31587982177734,309.95001220703125,314.54998779296875,309.1000061035156,309.1000061035156,3015493
2013-05-23,108.66340637207031,308.1000061035156,310.5,306.04998779296875,309.0,3558706
2013-05-24,109.38643646240234,310.1499938964844,314.25,308.5,311.95001220703125,8813985
2013-05-27,110.67372131347656,313.79998779296875,314.75,312.54998779296875,313.25,2356166
2013-05-28,114.05953216552734,323.3999938964844,328.0,320.0,328.0,5561014
2013-05-29,115.47028350830078,327.3999938964844,328.79998779296875,324.0,325.8999938964844,3055647
2013-05-30,115.57609558105469,327.70001220703125,329.5,324.25,326.0,3032019
2013-05-31,114.5180435180664,324.70001220703125,328.0,323.0,325.1000061035156,4512959
2013-06-03,115.02942657470703,326.1499938964844,330.70001220703125,323.5,325.25,1489728
2013-06-04,114.62380981445312,325.0,327.95001220703125,320.0,326.0,2561931
2013-06-05,114.11241149902344,323.54998779296875,325.04998779296875,319.1000061035156,323.1499938964844,1676990
2013-06-06,114.0242691040039,323.29998779296875,325.3999938964844,318.04998779296875,320.0,2308221
2013-06-07,112.75459289550781,319.70001220703125,323.5,318.0,320.0,2348565
2013-06-10,112.8427734375,319.95001220703125,323.6000061035156,319.04998779296875,320.04998779296875,2130996
2013-06-11,110.00358581542969,311.8999938964844,319.25,307.5,319.0,3408678
2013-06-12,106.88227844238281,303.04998779296875,309.5,299.54998779296875,306.0,2536722
2013-06-13,105.41863250732422,298.8999938964844,302.70001220703125,295.6000061035156,300.0,2400040
2013-06-14,106.14168548583984,300.95001220703125,303.0,296.8999938964844,302.1000061035156,2962607
2013-06-17,106.47671508789062,301.8999938964844,303.5,296.45001220703125,303.0,2441271
2013-06-18,106.88227844238281,303.04998779296875,304.6499938964844,300.75,300.75,1833002
2013-06-19,105.64788055419922,299.54998779296875,303.70001220703125,297.0,302.1000061035156,4827143
2013-06-20,104.36058807373047,295.8999938964844,297.3500061035156,293.29998779296875,296.95001220703125,4313673
2013-06-21,105.31285858154297,298.6000061035156,300.6000061035156,293.3999938964844,296.0,3559191
2013-06-24,104.74855041503906,297.0,300.75,293.0,297.0,3581590
2013-06-25,103.7610092163086,294.20001220703125,301.5,291.0,297.1000061035156,3088565
2013-06-26,101.73306274414062,288.45001220703125,296.54998779296875,286.6000061035156,295.0,2881059
2013-06-27,101.32744598388672,287.29998779296875,291.5,285.20001220703125,290.0,2487855
2013-06-28,106.70597076416016,302.54998779296875,309.8999938964844,289.04998779296875,289.1000061035156,5272321
2013-07-01,107.57005310058594,305.0,308.0,303.1499938964844,303.8999938964844,1909587
2013-07-02,105.6126480102539,299.45001220703125,303.75,296.04998779296875,303.5,1901758
2013-07-03,104.8896255493164,297.3999938964844,299.79998779296875,292.0,297.79998779296875,2753000
2013-07-04,105.63025665283203,299.5,302.0,295.5,300.0,830571
2013-07-05,104.6956787109375,296.8500061035156,301.45001220703125,295.25,300.3500061035156,1361439
2013-07-08,102.27973937988281,290.0,295.95001220703125,284.29998779296875,295.0,2252731
2013-07-09,102.77348327636719,291.3999938964844,293.0,284.6000061035156,290.0,2174450
2013-07-10,102.24445343017578,289.8999938964844,292.25,288.1000061035156,291.5,1141011
2013-07-11,105.25994110107422,298.45001220703125,302.8500061035156,293.0,293.0,3410504
2013-07-12,105.78897857666016,299.95001220703125,300.8999938964844,293.54998779296875,300.1000061035156,2000153
2013-07-15,103.09092712402344,292.29998779296875,297.5,291.70001220703125,296.75,1176893
2013-07-16,103.84920501708984,294.45001220703125,295.0,287.70001220703125,289.0,1666772
2013-07-17,102.70297241210938,291.20001220703125,295.6000061035156,287.5,293.95001220703125,2254708
2013-07-18,102.66768646240234,291.1000061035156,294.1499938964844,286.79998779296875,290.5,1969919
2013-07-19,104.74855041503906,297.0,297.8999938964844,291.1000061035156,291.1000061035156,2723333
2013-07-22,105.87715911865234,300.20001220703125,301.6000061035156,294.70001220703125,295.6000061035156,1295646
2013-07-23,105.29520416259766,298.54998779296875,303.45001220703125,296.29998779296875,302.0,1800511
2013-07-24,105.22467803955078,298.3500061035156,302.0,295.0,297.8999938964844,1126011
2013-07-25,103.81391906738281,294.3500061035156,299.6000061035156,292.0,297.0,2350957
2013-07-26,99.54637908935547,282.25,295.8999938964844,276.3500061035156,295.8999938964844,3757318
2013-07-29,96.407470703125,273.3500061035156,282.0,271.75,281.3999938964844,2076463
2013-07-30,96.91883850097656,274.79998779296875,277.1499938964844,270.0,272.5,2070660
2013-07-31,99.29951477050781,281.54998779296875,284.79998779296875,274.0,275.5,2161051
2013-08-01,95.26124572753906,270.1000061035156,286.0,268.0,280.0,2096002
2013-08-02,89.7945556640625,254.60000610351562,271.25,250.5500030517578,271.0,2608617
2013-08-05,92.79241943359375,263.1000061035156,270.45001220703125,248.25,249.5,5429449
2013-08-06,90.5704574584961,256.79998779296875,263.0,252.5,260.20001220703125,3768708
2013-08-07,92.58080291748047,262.5,267.79998779296875,252.3000030517578,255.10000610351562,1697887
2013-08-08,94.92617797851562,269.1499938964844,270.8999938964844,258.0,262.0,1880161
2013-08-12,96.7601547241211,274.3500061035156,278.20001220703125,268.75,273.6499938964844,1090893
2013-08-13,94.7674560546875,268.70001220703125,273.6000061035156,266.1499938964844,272.25,1223862
2013-08-14,95.4904556274414,270.75,272.0,268.1499938964844,269.0,1229805
2013-08-16,91.0994873046875,258.29998779296875,271.20001220703125,257.54998779296875,268.5,1845309
2013-08-19,90.65864562988281,257.04998779296875,258.95001220703125,250.3000030517578,256.0,1816295
2013-08-20,92.63368225097656,262.6499938964844,264.8999938964844,251.5,255.89999389648438,2242515
2013-08-21,91.85777282714844,260.45001220703125,265.1000061035156,256.04998779296875,263.8999938964844,2890647
2013-08-22,94.46768188476562,267.8500061035156,270.54998779296875,252.3000030517578,256.04998779296875,2482706
2013-08-23,95.13777160644531,269.75,272.8500061035156,265.0,267.8500061035156,2044341
2013-08-26,95.66680908203125,271.25,279.04998779296875,267.25,270.0,2376648
2013-08-27,91.80485534667969,260.29998779296875,269.6499938964844,255.10000610351562,268.5,1969084
2013-08-28,89.54767608642578,253.89999389648438,257.8999938964844,244.39999389648438,256.8999938964844,2763694
2013-08-29,88.27800750732422,250.3000030517578,258.8500061035156,248.0500030517578,255.10000610351562,4701564
2013-08-30,88.66594696044922,251.39999389648438,255.5,238.1999969482422,250.8000030517578,3474788
2013-09-02,91.0113296508789,258.04998779296875,259.3999938964844,252.6999969482422,253.8000030517578,1913808
2013-09-03,92.0870361328125,261.1000061035156,266.70001220703125,259.0,260.1499938964844,3933612
2013-09-04,93.44487762451172,264.95001220703125,269.29998779296875,258.75,261.70001220703125,1882267
2013-09-05,99.95197296142578,283.3999938964844,299.29998779296875,268.25,270.25,3236777
2013-09-06,99.32525634765625,277.3500061035156,281.79998779296875,270.8999938964844,281.0,2502019
2013-09-10,103.21088409423828,288.20001220703125,289.70001220703125,280.54998779296875,281.6000061035156,2526163
2013-09-11,104.9477767944336,293.04998779296875,294.54998779296875,283.8999938964844,284.95001220703125,1907571
2013-09-12,102.04696655273438,284.95001220703125,299.6000061035156,283.3999938964844,292.0,2976934
2013-09-13,104.9299087524414,293.0,294.75,283.6000061035156,285.0,1463029
2013-09-16,103.69436645507812,289.54998779296875,298.0,284.25,293.5,2249367
2013-09-17,105.18057250976562,293.70001220703125,295.0,288.25,288.25,2572697
2013-09-18,106.5056381225586,297.3999938964844,299.70001220703125,291.25,291.25,1981623
2013-09-19,106.52355194091797,297.45001220703125,305.0,295.3500061035156,301.5,3184840
2013-09-20,108.0455551147461,301.70001220703125,304.0,291.70001220703125,296.25,3193597
2013-09-23,109.13783264160156,304.75,308.3999938964844,298.0,298.0,4569833
2013-09-24,106.36238861083984,297.0,305.8999938964844,296.29998779296875,300.0,3802287
2013-09-25,105.66404724121094,295.04998779296875,302.0,294.0,295.0,2803764
2013-09-26,108.81551361083984,303.8500061035156,304.95001220703125,294.3999938964844,295.04998779296875,3688717
2013-09-27,109.90778350830078,306.8999938964844,309.0,301.1000061035156,301.5,2226646
2013-09-30,105.44915771484375,294.45001220703125,307.3500061035156,293.0,303.79998779296875,2298688
2013-10-01,106.54143524169922,297.5,298.95001220703125,293.20001220703125,295.0,1994423
2013-10-03,108.27836608886719,302.3500061035156,314.79998779296875,297.0,297.0,3969487
2013-10-04,111.03590393066406,310.04998779296875,311.5,301.3500061035156,302.3500061035156,2240607
2013-10-07,107.34725189208984,299.75,306.6000061035156,298.1000061035156,305.1499938964844,6371754
2013-10-08,106.12958526611328,296.3500061035156,302.0,294.25,301.0,2545544
2013-10-09,106.09380340576172,296.25,298.3500061035156,291.1499938964844,296.5,2253222
2013-10-10,105.27012634277344,293.95001220703125,299.25,292.8500061035156,295.0,1270541
2013-10-11,101.18749237060547,282.54998779296875,297.3999938964844,280.70001220703125,297.0,3440986
2013-10-14,102.15444946289062,285.25,287.79998779296875,282.25,284.0,1184284
2013-10-15,101.50984191894531,283.45001220703125,287.20001220703125,279.45001220703125,286.0,1501343
2013-10-17,101.68888092041016,283.95001220703125,286.70001220703125,281.1499938964844,282.8999938964844,871980
2013-10-18,102.45883178710938,286.1000061035156,287.8999938964844,282.25,282.25,1518954
2013-10-21,103.10345458984375,287.8999938964844,289.45001220703125,282.25,284.0,1936086
2013-10-22,104.91197204589844,292.95001220703125,293.95001220703125,285.3500061035156,286.1000061035156,2562561
2013-10-23,103.80181121826172,289.8500061035156,293.0,287.0,290.0,1849940
2013-10-24,100.02359771728516,279.29998779296875,290.0,278.0,287.04998779296875,2591299
2013-10-25,99.8982925415039,278.95001220703125,281.70001220703125,276.20001220703125,279.29998779296875,2533958
2013-10-28,99.03878784179688,276.54998779296875,280.1000061035156,275.1000061035156,279.5,1676949
2013-10-29,100.68612670898438,281.1499938964844,283.45001220703125,275.0,275.0,1516155
2013-10-30,101.08007049560547,282.25,284.8500061035156,280.04998779296875,281.0,1131324
2013-10-31,103.12134552001953,287.95001220703125,290.6000061035156,281.0,281.0,2379392
2013-11-01,104.58967590332031,292.04998779296875,295.3999938964844,286.5,286.5,2450234
2013-11-05,106.14749145507812,296.3999938964844,297.8999938964844,289.1000061035156,289.1000061035156,1611993
2013-11-06,107.00701904296875,298.79998779296875,301.3999938964844,295.95001220703125,296.1000061035156,1987170
2013-11-07,105.9863510131836,295.95001220703125,301.5,293.75,299.0,1344544
2013-11-08,104.32108306884766,291.29998779296875,295.95001220703125,289.5,293.6000061035156,1597712
2013-11-11,103.58695220947266,289.25,293.8999938964844,288.1000061035156,291.5,1447723
2013-11-12,101.95746612548828,284.70001220703125,290.0,283.6499938964844,287.70001220703125,756369
2013-11-13,102.10073852539062,285.1000061035156,288.1000061035156,280.5,286.0,1049512
2013-11-14,98.2867202758789,274.45001220703125,280.45001220703125,271.29998779296875,279.5,5182174
2013-11-18,96.96166229248047,270.75,277.6000061035156,270.1499938964844,271.70001220703125,3993288
2013-11-19,95.81565856933594,267.54998779296875,272.5,265.45001220703125,271.0,2458816
2013-11-20,97.58836364746094,272.5,275.0,266.75,267.5,6013211
2013-11-21,96.4065933227539,269.20001220703125,276.25,268.25,274.0,2489905
2013-11-22,95.9231185913086,267.8500061035156,271.79998779296875,267.0,271.0,956725
2013-11-25,96.63935089111328,269.8500061035156,271.3500061035156,268.5,268.5,1531911
2013-11-26,94.20411682128906,263.04998779296875,272.5,262.1000061035156,268.5,3548246
2013-11-27,95.13525390625,265.6499938964844,267.3999938964844,260.95001220703125,261.25,1951682
2013-11-28,96.65726470947266,269.8999938964844,271.0,266.0,266.0,2730214
2013-11-29,97.39141082763672,271.95001220703125,274.54998779296875,270.3999938964844,271.79998779296875,1280472
2013-12-02,98.107666015625,273.95001220703125,275.29998779296875,269.0,269.0,1009491
2013-12-03,96.83631134033203,270.3999938964844,274.70001220703125,269.5,273.95001220703125,1384676
2013-12-04,97.3376693725586,271.79998779296875,273.20001220703125,268.0,271.0,1476382
2013-12-05,100.25640869140625,279.95001220703125,283.6000061035156,273.0,275.0,4271398
2013-12-06,103.69436645507812,289.54998779296875,293.0,279.3500061035156,279.8999938964844,5332278
2013-12-09,104.07038879394531,290.6000061035156,298.8999938964844,289.5,298.8999938964844,4016879
2013-12-10,102.36930847167969,285.8500061035156,293.6499938964844,282.54998779296875,290.25,2579166
2013-12-11,103.46160888671875,288.8999938964844,290.1000061035156,276.0,278.25,3451979
2013-12-12,100.63243103027344,281.0,287.8999938964844,280.0,287.8999938964844,2016537
2013-12-13,101.38446807861328,283.1000061035156,288.3999938964844,281.0,281.0,9743906
2013-12-16,102.72742462158203,286.8500061035156,290.3500061035156,282.0,286.79998779296875,5203337
2013-12-17,99.71920776367188,278.45001220703125,287.8999938964844,277.20001220703125,287.79998779296875,4366436
2013-12-18,101.3665542602539,283.04998779296875,283.45001220703125,276.6499938964844,276.6499938964844,1838948
2013-12-19,100.63243103027344,281.0,284.70001220703125,278.45001220703125,283.95001220703125,1496366
2013-12-20,101.85004425048828,284.3999938964844,285.29998779296875,281.1000061035156,281.79998779296875,3838775
2013-12-23,101.56354522705078,283.6000061035156,286.79998779296875,281.79998779296875,286.79998779296875,2013300
2013-12-24,101.42028045654297,283.20001220703125,286.6499938964844,282.0,284.5,1174702
2013-12-26,101.0263442993164,282.1000061035156,285.5,280.29998779296875,283.0,2907958
2013-12-27,101.38446807861328,283.1000061035156,284.1000061035156,280.45001220703125,284.1000061035156,1029256
2013-12-30,103.76598358154297,289.75,291.25,282.95001220703125,283.0,2221007
2013-12-31,103.85550689697266,290.0,293.20001220703125,289.29998779296875,291.95001220703125,1708561
2014-01-01,104.64336395263672,292.20001220703125,295.0,290.54998779296875,294.70001220703125,1265974
2014-01-02,101.4023666381836,283.1499938964844,292.0,281.79998779296875,291.3999938964844,1485831
2014-01-03,99.414794921875,277.6000061035156,284.45001220703125,276.0,282.0,2570514
2014-01-06,98.9492416381836,276.29998779296875,280.1499938964844,274.0,279.1000061035156,5415257
2014-01-07,98.6090087890625,275.3500061035156,279.0,274.0,277.8999938964844,3143007
2014-01-08,103.42576599121094,288.79998779296875,291.70001220703125,277.0,279.0,8932578
2014-01-09,105.8789291381836,295.6499938964844,297.0,289.5,292.0,4352671
2014-01-10,103.4794921875,288.95001220703125,296.75,286.3999938964844,296.75,2878673
2014-01-13,103.9450454711914,290.25,292.79998779296875,288.6000061035156,288.6000061035156,2773085
2014-01-14,103.46160888671875,288.8999938964844,295.79998779296875,286.3999938964844,294.0,5805721
2014-01-15,105.71778106689453,295.20001220703125,307.8500061035156,293.54998779296875,301.0,18564061
2014-01-16,108.38572692871094,302.6499938964844,303.8500061035156,292.54998779296875,297.25,15021903
2014-01-17,107.73222351074219,272.0,280.25,271.1000061035156,275.0,6900162
2014-01-20,106.72225952148438,269.45001220703125,274.6000061035156,268.0,272.3500061035156,4551231
2014-01-21,104.16758728027344,263.0,270.0,262.3500061035156,269.95001220703125,3477115
2014-01-22,103.69229125976562,261.79998779296875,265.3999938964844,260.70001220703125,262.8999938964844,2853129
2014-01-23,102.62289428710938,259.1000061035156,262.70001220703125,258.5,260.5,2805631
2014-01-24,102.1475830078125,257.8999938964844,261.3500061035156,257.04998779296875,258.0,2902163
2014-01-27,98.6225357055664,249.0,256.3999938964844,248.0,256.0,3926853
2014-01-28,98.68193817138672,249.14999389648438,253.64999389648438,247.60000610351562,248.0,1869607
2014-01-29,99.29585266113281,250.6999969482422,254.0,249.35000610351562,249.35000610351562,1727528
2014-01-30,97.49372863769531,246.14999389648438,251.5,245.14999389648438,248.0,5510037
2014-01-31,98.00860595703125,247.4499969482422,248.0,244.39999389648438,246.0500030517578,2028867
2014-02-03,97.33529663085938,245.75,249.0500030517578,244.39999389648438,246.0,3314634
2014-02-04,98.7413558959961,249.3000030517578,251.0500030517578,243.0,243.0,5352922
2014-02-05,101.07820129394531,255.1999969482422,255.8000030517578,247.8000030517578,247.8000030517578,3346367
2014-02-06,105.87066650390625,267.29998779296875,269.20001220703125,253.5,253.5,5588845
2014-02-07,106.78167724609375,269.6000061035156,270.29998779296875,262.79998779296875,269.0,2628212
2014-02-10,106.9400863647461,270.0,271.20001220703125,267.3500061035156,270.0,1400555
2014-02-11,106.9400863647461,270.0,270.6499938964844,266.0,270.0,1921146
2014-02-12,106.90047454833984,269.8999938964844,270.29998779296875,265.0,269.25,3412799
2014-02-13,103.13776397705078,260.3999938964844,268.54998779296875,259.45001220703125,268.54998779296875,2162133
2014-02-14,103.29620361328125,260.79998779296875,262.54998779296875,256.75,261.6000061035156,1941733
2014-02-17,101.49405670166016,256.25,261.0,255.5,260.95001220703125,2521574
2014-02-18,101.03858947753906,255.10000610351562,256.75,253.14999389648438,255.0,2316373
2014-02-19,100.91976928710938,254.8000030517578,257.3999938964844,253.6999969482422,256.20001220703125,1218899
2014-02-20,99.43449401855469,251.0500030517578,256.29998779296875,250.25,253.8000030517578,2174766
2014-02-21,99.51371002197266,251.25,253.1999969482422,250.5,252.5500030517578,1022484
2014-02-24,99.81073760986328,252.0,255.10000610351562,251.14999389648438,251.25,1189950
2014-02-25,97.49372863769531,246.14999389648438,252.89999389648438,245.39999389648438,252.5,2237742
2014-02-26,96.64217376708984,244.0,245.85000610351562,240.3000030517578,245.0,3702994
2014-02-28,96.64217376708984,244.0,247.5,242.60000610351562,244.1999969482422,2362184
2014-03-03,96.78081512451172,244.35000610351562,245.5500030517578,240.6999969482422,244.0500030517578,2380690
2014-03-04,97.8897933959961,247.14999389648438,248.0,244.3000030517578,244.5,2575377
2014-03-05,99.63252258300781,251.5500030517578,252.14999389648438,247.35000610351562,247.6999969482422,2684429
2014-03-06,101.83074188232422,257.1000061035156,257.6499938964844,252.0,252.0,3405827
2014-03-07,104.88050079345703,264.79998779296875,266.0,257.25,257.25,3649357
2014-03-10,102.5040512084961,258.79998779296875,264.5,257.1000061035156,262.25,3309344
2014-03-11,101.2960205078125,255.75,260.75,254.5500030517578,257.04998779296875,1988654
2014-03-12,103.17738342285156,260.5,261.04998779296875,253.0,254.0,1671339
2014-03-13,104.99933624267578,265.1000061035156,267.79998779296875,260.0,260.5,2857175
2014-03-14,104.66265869140625,264.25,267.6499938964844,261.5,266.5,1600297
2014-03-18,107.21733093261719,270.70001220703125,271.5,265.5,265.5,3009481
2014-03-19,104.22699737548828,263.1499938964844,275.70001220703125,262.54998779296875,271.20001220703125,4703870
2014-03-20,103.15757751464844,260.45001220703125,263.5,256.1000061035156,263.0,4293614
2014-03-21,104.18736267089844,263.04998779296875,264.0,258.04998779296875,260.45001220703125,2527055
2014-03-24,106.92030334472656,269.95001220703125,272.0,264.1000061035156,264.1000061035156,5301925
2014-03-25,108.72240447998047,274.5,274.95001220703125,267.8999938964844,268.3999938964844,2123909
2014-03-26,111.19789123535156,280.75,282.0,273.0,274.95001220703125,4019330
2014-03-27,110.9008560180664,280.0,284.8500061035156,276.5,279.8999938964844,4437037
2014-03-28,113.41593170166016,286.3500061035156,287.8999938964844,275.6499938964844,281.20001220703125,2001799
2014-03-31,114.36650848388672,288.75,292.0,284.25,284.25,2176837
2014-04-01,115.05963897705078,290.5,292.0,282.0,289.5,3559789
2014-04-02,113.63374328613281,286.8999938964844,291.0,285.0,290.5,1461584
2014-04-03,111.09889221191406,280.5,288.1000061035156,279.25,287.04998779296875,3742894
2014-04-04,111.57417297363281,281.70001220703125,284.6000061035156,275.04998779296875,281.0,11061864
2014-04-07,112.48513793945312,284.0,285.75,276.54998779296875,282.04998779296875,2242868
2014-04-09,114.12882995605469,288.1499938964844,289.0,283.5,285.5,3023751
2014-04-10,115.7131576538086,292.1499938964844,293.5,284.3999938964844,289.70001220703125,4462459
2014-04-11,116.06958770751953,293.04998779296875,294.0,287.54998779296875,290.0,2898928
2014-04-15,115.97059631347656,292.79998779296875,294.95001220703125,285.1000061035156,291.0,4382242
2014-04-16,114.74275207519531,289.70001220703125,295.5,286.3500061035156,292.5,1850340
2014-04-17,115.21803283691406,290.8999938964844,292.0,286.3500061035156,290.29998779296875,2279947
2014-04-21,117.27765655517578,296.1000061035156,297.5,290.04998779296875,290.8999938964844,2138227
2014-04-22,118.4262466430664,299.0,300.79998779296875,295.04998779296875,297.5,4237705
2014-04-23,119.71349334716797,302.25,303.75,297.04998779296875,299.29998779296875,4370472
2014-04-24,119.71349334716797,302.25,302.25,302.25,302.25,0
2014-04-25,118.80253601074219,299.95001220703125,304.3500061035156,299.20001220703125,301.75,2409633
2014-04-28,117.11923217773438,295.70001220703125,299.5,294.1000061035156,298.1499938964844,3350917
2014-04-29,117.5152816772461,296.70001220703125,299.0,292.1000061035156,295.5,1368878
2014-04-30,115.59432220458984,291.8500061035156,299.75,289.1499938964844,295.70001220703125,2778923
2014-05-02,116.9607925415039,295.29998779296875,297.6000061035156,292.0,292.0,1361657
2014-05-05,117.41626739501953,296.45001220703125,299.25,293.54998779296875,295.0,1556958
2014-05-06,117.41626739501953,296.45001220703125,298.25,295.25,297.0,815026
2014-05-07,117.00035095214844,295.3999938964844,298.0,293.6000061035156,294.5,1585768
2014-05-08,116.34685516357422,293.75,297.5,292.95001220703125,295.3999938964844,2029447
2014-05-09,122.24839782714844,308.6499938964844,310.0,293.5,293.5,4673033
2014-05-12,131.12045288085938,331.04998779296875,337.1000061035156,309.0,309.0,8237761
2014-05-13,131.5165557861328,332.04998779296875,342.5,325.0,334.95001220703125,4950353
2014-05-14,135.97235107421875,343.29998779296875,345.75,327.3500061035156,332.0,6846395
2014-05-15,134.80393981933594,340.3500061035156,345.3500061035156,330.6000061035156,342.8999938964844,4092349
2014-05-16,136.80409240722656,345.3999938964844,365.3999938964844,340.04998779296875,358.0,14234067
2014-05-19,154.0531463623047,388.95001220703125,394.25,348.20001220703125,349.75,11585955
2014-05-20,145.16128540039062,366.5,391.29998779296875,360.5,390.0,11520726
2014-05-21,146.90406799316406,370.8999938964844,374.6000061035156,355.3500061035156,366.0,12136258
2014-05-22,154.429443359375,389.8999938964844,401.3999938964844,380.1000061035156,380.5,14514099
2014-05-23,157.59803771972656,397.8999938964844,400.0,389.29998779296875,398.5,5290632
2014-05-26,158.84564208984375,401.04998779296875,416.79998779296875,388.0,407.70001220703125,8404997
2014-05-27,155.67706298828125,393.04998779296875,406.8999938964844,385.25,403.8999938964844,6135493
2014-05-28,150.6667022705078,380.3999938964844,394.0,378.54998779296875,393.0,7118340
2014-05-29,147.95359802246094,373.54998779296875,383.8999938964844,370.70001220703125,379.0,8459707
2014-05-30,146.90406799316406,370.8999938964844,382.3500061035156,369.0,371.8999938964844,4130201
2014-06-02,147.87440490722656,373.3500061035156,376.45001220703125,366.6000061035156,370.8999938964844,4652528
2014-06-03,155.81565856933594,393.3999938964844,394.8999938964844,374.04998779296875,376.3500061035156,8792311
2014-06-04,154.607666015625,390.3500061035156,396.0,385.5,394.0,6610785
2014-06-05,155.24136352539062,391.95001220703125,397.5,387.6000061035156,392.0,9603148
2014-06-06,154.72647094726562,390.6499938964844,397.20001220703125,389.0,394.0,7053744
2014-06-09,163.65794372558594,413.20001220703125,419.25,391.25,393.0,10844180
2014-06-10,166.5097198486328,420.3999938964844,423.3999938964844,404.1000061035156,416.0,11167893
2014-06-11,160.1328887939453,404.29998779296875,423.70001220703125,401.5,422.0,7166116
2014-06-12,156.4097900390625,394.8999938964844,406.0,391.5,406.0,5334343
2014-06-13,154.21156311035156,389.3500061035156,405.5,386.04998779296875,397.0,4402493
2014-06-16,154.21156311035156,389.3500061035156,393.29998779296875,378.29998779296875,389.0,3627210
2014-06-17,158.60801696777344,400.45001220703125,401.8500061035156,387.3999938964844,388.70001220703125,5177391
2014-06-18,156.09292602539062,394.1000061035156,403.5,390.04998779296875,401.79998779296875,4239276
2014-06-19,152.54806518554688,385.1499938964844,398.0,383.3500061035156,396.0,4308309
2014-06-20,153.0233612060547,386.3500061035156,394.79998779296875,381.0,381.29998779296875,3825862
2014-06-23,153.63726806640625,387.8999938964844,390.0,383.29998779296875,383.8500061035156,1701418
2014-06-24,155.06312561035156,391.5,394.95001220703125,386.0,387.0,2885722
2014-06-25,157.57821655273438,397.8500061035156,400.25,392.3999938964844,393.8999938964844,3068966
2014-06-26,153.7957305908203,388.29998779296875,403.04998779296875,386.70001220703125,399.1000061035156,4248179
2014-06-27,150.8449249267578,380.8500061035156,392.25,380.0,390.3999938964844,3787517
2014-06-30,152.46885681152344,384.95001220703125,386.1000061035156,381.0,383.0,3441503
2014-07-01,152.2708282470703,384.45001220703125,392.3500061035156,383.6000061035156,388.70001220703125,4739271
2014-07-02,155.87510681152344,393.54998779296875,394.3500061035156,385.79998779296875,388.0,4498375
2014-07-03,156.88507080078125,396.1000061035156,401.70001220703125,393.1000061035156,395.5,5264060
2014-07-04,156.11270141601562,394.1499938964844,397.3500061035156,388.25,397.3500061035156,2548987
2014-07-07,157.14251708984375,396.75,399.79998779296875,392.0,394.1499938964844,2867565
2014-07-08,149.47848510742188,377.3999938964844,398.0,372.8500061035156,396.5,4326868
2014-07-09,144.84442138671875,365.70001220703125,384.0,363.0,378.5,5650039
2014-07-10,146.5079345703125,369.8999938964844,380.0,357.0,366.04998779296875,5572244
2014-07-11,143.65621948242188,362.70001220703125,375.0,357.3999938964844,373.79998779296875,3400029
2014-07-14,141.8936309814453,358.25,366.6000061035156,352.20001220703125,362.79998779296875,2915555
2014-07-15,144.3493194580078,364.45001220703125,367.54998779296875,357.5,361.0,4477265
2014-07-16,144.68597412109375,365.29998779296875,368.8500061035156,359.1000061035156,365.5,3625393
2014-07-17,149.2012481689453,376.70001220703125,377.70001220703125,362.54998779296875,362.54998779296875,3299444
2014-07-18,148.76553344726562,375.6000061035156,377.0,365.75,375.8999938964844,4824302
2014-07-21,149.89437866210938,378.45001220703125,381.45001220703125,375.04998779296875,375.04998779296875,2435981
2014-07-22,153.49864196777344,387.54998779296875,388.79998779296875,379.1000061035156,379.1000061035156,4662386
2014-07-23,152.409423828125,384.79998779296875,393.5,382.5,389.8999938964844,4292684
2014-07-24,152.58766174316406,385.25,387.3999938964844,384.0,384.25,3722152
2014-07-25,149.32008361816406,377.0,386.6000061035156,374.3500061035156,384.25,9210428
2014-07-28,144.30972290039062,364.3500061035156,377.29998779296875,363.0,377.25,4071310
2014-07-30,145.4781494140625,367.29998779296875,368.20001220703125,363.20001220703125,365.0,2970292
2014-07-31,145.6365509033203,367.70001220703125,371.75,365.5,367.29998779296875,5715183
2014-08-01,142.1907196044922,359.0,373.45001220703125,356.1000061035156,364.0,4885489
2014-08-04,142.3689422607422,359.45001220703125,363.25,354.54998779296875,360.0,3099856
2014-08-05,143.02247619628906,361.1000061035156,367.54998779296875,353.5,360.25,4498302
2014-08-06,142.5471954345703,359.8999938964844,365.8500061035156,358.5,360.8500061035156,2376739
2014-08-07,143.77505493164062,363.0,367.0,356.29998779296875,356.29998779296875,2559482
2014-08-08,140.86390686035156,355.6499938964844,360.45001220703125,351.6000061035156,359.3999938964844,1974951
2014-08-11,141.5570068359375,357.3999938964844,360.20001220703125,356.25,358.0,876052
2014-08-12,144.40875244140625,364.6000061035156,366.5,358.6499938964844,358.6499938964844,2424914
2014-08-13,139.8340606689453,353.04998779296875,368.3500061035156,347.1000061035156,367.20001220703125,3476487
2014-08-14,141.1807403564453,356.45001220703125,357.20001220703125,351.3999938964844,353.0,3036124
2014-08-18,144.0522918701172,363.70001220703125,365.75,354.5,355.0,2080416
2014-08-19,146.25050354003906,369.25,372.0,365.20001220703125,366.0,2420419
2014-08-20,145.2206573486328,366.6499938964844,370.6000061035156,365.04998779296875,368.6000061035156,1387438
2014-08-21,144.25033569335938,364.20001220703125,370.25,363.04998779296875,365.25,2526710
2014-08-22,141.41839599609375,357.04998779296875,365.5,356.25,365.1000061035156,2120692
2014-08-25,142.05209350585938,358.6499938964844,362.0,356.29998779296875,359.5,1627688
2014-08-26,141.24014282226562,356.6000061035156,365.0,351.0,359.0,3083141
2014-08-27,142.01246643066406,358.54998779296875,363.5,354.04998779296875,356.70001220703125,2097073
2014-08-28,141.04209899902344,356.1000061035156,360.79998779296875,355.0,358.54998779296875,2450725
2014-09-01,144.6661834716797,365.25,366.70001220703125,357.5,357.5,2942078
2014-09-02,143.93345642089844,363.3999938964844,368.0,361.5,366.79998779296875,2148461
2014-09-03,148.963623046875,376.1000061035156,379.0,363.3999938964844,364.0,3815885
2014-09-04,150.13197326660156,379.04998779296875,382.29998779296875,371.5,376.1000061035156,4419097
2014-09-05,146.6663360595703,370.29998779296875,379.0,367.45001220703125,378.0,2666350
2014-09-08,148.40908813476562,374.70001220703125,375.54998779296875,362.20001220703125,364.0,2372603
2014-09-09,150.76568603515625,380.6499938964844,382.3999938964844,374.0,375.0,2653533
2014-09-10,147.99314880371094,373.6499938964844,384.8999938964844,372.1000061035156,383.0,3659862
2014-09-11,142.88385009765625,360.75,375.20001220703125,360.1000061035156,373.3999938964844,4488229
2014-09-12,141.6758575439453,357.70001220703125,363.0,355.1000061035156,360.75,2692129
2014-09-15,139.35877990722656,351.8500061035156,357.5,351.0,355.25,1849463
2014-09-16,136.42784118652344,344.45001220703125,352.79998779296875,342.6000061035156,351.20001220703125,3746048
2014-09-17,134.4078826904297,339.3500061035156,349.3999938964844,336.3999938964844,344.0,5056125
2014-09-18,136.6060791015625,344.8999938964844,347.5,339.3500061035156,339.8500061035156,2647582
2014-09-19,136.96255493164062,345.79998779296875,349.6000061035156,342.54998779296875,344.95001220703125,2449184
2014-09-22,135.85353088378906,343.0,348.29998779296875,340.75,342.29998779296875,1706520
2014-09-23,132.7443389892578,335.1499938964844,345.0,333.1499938964844,345.0,3741412
2014-09-24,139.1607666015625,351.3500061035156,352.8999938964844,335.25,335.3500061035156,8121925
2014-09-25,137.3388214111328,346.75,360.20001220703125,343.45001220703125,359.0,7173650
2014-09-26,137.87350463867188,348.1000061035156,351.25,335.5,345.0,3281595
2014-09-29,136.0515594482422,343.5,347.29998779296875,341.1000061035156,346.6000061035156,1695859
2014-09-30,135.20001220703125,341.3500061035156,349.75,338.5,341.79998779296875,4288540
2014-10-01,136.4872589111328,344.6000061035156,347.54998779296875,341.5,341.79998779296875,3408001
2014-10-07,135.2792205810547,341.54998779296875,347.8999938964844,339.1000061035156,341.20001220703125,3866590
2014-10-08,135.338623046875,341.70001220703125,343.8999938964844,338.1499938964844,338.1499938964844,2646998
2014-10-09,135.99215698242188,343.3500061035156,345.5,339.45001220703125,340.0,2162932
2014-10-10,132.78395080566406,335.25,341.3500061035156,333.5,340.25,2372747
2014-10-13,134.98216247558594,340.79998779296875,343.0,331.3500061035156,334.70001220703125,2888612
2014-10-14,136.32879638671875,344.20001220703125,347.5,339.5,341.0,2210131
2014-10-15,136.32879638671875,344.20001220703125,344.20001220703125,344.20001220703125,344.20001220703125,0
2014-10-16,138.0715789794922,348.6000061035156,351.29998779296875,340.6000061035156,343.1000061035156,3072011
2014-10-17,138.88351440429688,350.6499938964844,354.6499938964844,346.20001220703125,349.1000061035156,1801616
2014-10-20,143.10166931152344,361.29998779296875,366.20001220703125,352.54998779296875,355.0,2002057
2014-10-21,140.62623596191406,355.04998779296875,362.0,352.0,362.0,3201012
2014-10-22,139.8340606689453,353.04998779296875,357.0,351.0,357.0,6261947
2014-10-27,141.20053100585938,356.5,359.29998779296875,347.79998779296875,352.5,2375296
2014-10-28,141.2599334716797,356.6499938964844,358.0,348.0,348.0,1610475
2014-10-29,142.11148071289062,358.79998779296875,360.0,354.3500061035156,356.8500061035156,1915279
2014-10-30,142.5471954345703,359.8999938964844,363.0,356.75,358.0,2565256
2014-10-31,146.76535034179688,370.54998779296875,371.95001220703125,360.0,360.0,2705137
2014-11-03,142.26992797851562,359.20001220703125,375.0,358.0,372.0,3332454
2014-11-05,138.2695770263672,349.1000061035156,361.95001220703125,344.79998779296875,361.0,6256926
2014-11-07,136.46742248535156,344.54998779296875,347.8500061035156,341.6499938964844,346.0,3604629
2014-11-10,138.2695770263672,349.1000061035156,353.54998779296875,339.1000061035156,341.0,4328207
2014-11-11,136.8833465576172,345.6000061035156,352.45001220703125,344.1499938964844,352.0,4602542
2014-11-12,137.0021514892578,345.8999938964844,349.6000061035156,344.3999938964844,349.1000061035156,2513692
2014-11-13,137.47738647460938,347.1000061035156,348.79998779296875,345.0,347.0,1249146
2014-11-14,141.12130737304688,356.29998779296875,358.29998779296875,345.0,345.0,3269054
2014-11-17,140.24996948242188,354.1000061035156,356.5,351.6000061035156,354.5,1525940
2014-11-18,139.65585327148438,352.6000061035156,359.20001220703125,350.20001220703125,354.04998779296875,2309766
2014-11-19,137.45762634277344,347.04998779296875,354.8999938964844,344.0,353.20001220703125,2692674
2014-11-20,137.3388214111328,346.75,352.79998779296875,344.04998779296875,347.20001220703125,3031965
2014-11-21,137.39825439453125,346.8999938964844,348.0,343.54998779296875,345.20001220703125,2195792
2014-11-24,137.55665588378906,347.29998779296875,349.8999938964844,344.5,347.5,3715247
2014-11-25,137.85372924804688,348.04998779296875,349.79998779296875,341.0,346.0,2205505
2014-11-26,138.4477996826172,349.54998779296875,351.8999938964844,347.0,347.0,1762676
2014-11-27,138.28936767578125,349.1499938964844,351.3999938964844,346.20001220703125,347.54998779296875,2790178
2014-11-28,140.60643005371094,355.0,357.70001220703125,346.5,350.1000061035156,2812968
2014-12-01,140.1311492919922,353.79998779296875,355.29998779296875,350.95001220703125,355.0,3707445
2014-12-02,140.90347290039062,355.75,358.20001220703125,348.79998779296875,351.54998779296875,1793479
2014-12-03,141.4381561279297,357.1000061035156,359.5,353.3999938964844,355.75,2969992
2014-12-04,140.94305419921875,355.8500061035156,358.0,351.0,357.5,1688563
2014-12-05,141.2203369140625,356.54998779296875,359.5,355.0,355.3999938964844,1215587
2014-12-08,144.40875244140625,364.6000061035156,367.95001220703125,357.0,357.54998779296875,4844333
2014-12-09,142.9630584716797,360.95001220703125,364.5,356.3500061035156,363.95001220703125,3800573
2014-12-10,142.60658264160156,360.04998779296875,364.5,358.54998779296875,362.75,2148878
2014-12-11,144.0522918701172,363.70001220703125,365.20001220703125,355.1499938964844,360.0,2425895
2014-12-12,144.30972290039062,364.3500061035156,368.79998779296875,362.45001220703125,364.0,3222397
2014-12-15,149.33987426757812,377.04998779296875,378.8500061035156,360.95001220703125,362.0,2993299
2014-12-16,145.2602996826172,366.75,380.8999938964844,363.75,376.3999938964844,4518753
2014-12-17,145.4583282470703,367.25,371.95001220703125,359.1000061035156,365.0,2365837
2014-12-18,145.57716369628906,367.54998779296875,370.95001220703125,362.5,370.1000061035156,3216002
2014-12-19,148.92398071289062,376.0,379.54998779296875,367.0,372.0,3499013
2014-12-22,154.607666015625,390.3500061035156,391.8999938964844,378.04998779296875,378.04998779296875,3682646
2014-12-23,151.95394897460938,383.6499938964844,393.3500061035156,381.3500061035156,392.3999938964844,2507930
2014-12-24,149.26063537597656,376.8500061035156,389.79998779296875,373.54998779296875,384.79998779296875,5158783
2014-12-26,149.85476684570312,378.3500061035156,382.3999938964844,376.8999938964844,382.3999938964844,1081330
2014-12-29,153.2412109375,386.8999938964844,388.45001220703125,378.3999938964844,378.3999938964844,1640127
2014-12-30,151.5182647705078,382.54998779296875,388.5,381.04998779296875,386.8999938964844,1023792
2014-12-31,152.03318786621094,383.8500061035156,389.0,379.20001220703125,382.8999938964844,1432057
2015-01-01,150.52809143066406,380.04998779296875,383.45001220703125,378.54998779296875,383.0,540225
2015-01-02,151.20138549804688,381.75,386.6000061035156,379.95001220703125,380.5,969551
2015-01-05,150.60731506347656,380.25,386.0,377.0,381.0,1857013
2015-01-06,150.4884796142578,379.95001220703125,382.1000061035156,373.70001220703125,374.0,4644316
2015-01-07,148.40908813476562,374.70001220703125,384.45001220703125,372.54998779296875,380.0,2628276
2015-01-08,150.29042053222656,379.45001220703125,385.0,377.29998779296875,384.70001220703125,1779075
2015-01-09,148.54774475097656,375.04998779296875,383.0,372.8999938964844,382.0,1442177
2015-01-12,141.73521423339844,357.8500061035156,374.8999938964844,356.0,374.8999938964844,3794388
2015-01-13,143.06207275390625,361.20001220703125,362.3999938964844,358.04998779296875,358.5,1654914
2015-01-14,143.85423278808594,363.20001220703125,364.8999938964844,360.29998779296875,363.8999938964844,1186130
2015-01-15,145.9336395263672,368.45001220703125,371.75,362.1000061035156,368.0,2278050
2015-01-16,150.13197326660156,379.04998779296875,380.6000061035156,364.3999938964844,367.25,2086327
2015-01-19,150.19143676757812,379.20001220703125,383.8999938964844,374.1000061035156,379.0,1720402
2015-01-20,151.4192352294922,382.29998779296875,384.6499938964844,378.8999938964844,384.6499938964844,1371798
2015-01-21,155.2017364501953,391.8500061035156,393.5,381.04998779296875,382.6000061035156,2579948
2015-01-22,157.00389099121094,396.3999938964844,397.6000061035156,391.04998779296875,394.6000061035156,1632779
2015-01-23,156.33056640625,394.70001220703125,400.0,390.6000061035156,398.0,1892706
2015-01-27,151.557861328125,382.6499938964844,394.70001220703125,379.0,391.8999938964844,2619631
2015-01-28,152.01333618164062,383.79998779296875,388.70001220703125,380.5,382.3999938964844,2589117
2015-01-29,148.5081329345703,374.95001220703125,379.70001220703125,364.20001220703125,365.0,11218814
2015-01-30,142.92344665527344,360.8500061035156,364.20001220703125,360.04998779296875,362.0,14790368
2015-02-02,140.64602661132812,355.1000061035156,357.0,350.1499938964844,354.25,25950717
2015-02-03,141.2599334716797,356.6499938964844,359.95001220703125,353.6000061035156,355.04998779296875,7690620
2015-02-04,144.98304748535156,366.04998779296875,368.79998779296875,357.1000061035156,357.20001220703125,15177656
2015-02-05,146.5079345703125,369.8999938964844,374.95001220703125,366.25,366.3999938964844,9382752
2015-02-06,144.17108154296875,364.0,370.25,359.1000061035156,369.0,3576894
2015-02-09,142.84425354003906,360.6499938964844,362.3999938964844,358.0,360.95001220703125,2498414
2015-02-10,145.81475830078125,368.1499938964844,369.0,358.04998779296875,358.04998779296875,5296191
2015-02-11,147.37930297851562,372.1000061035156,376.8999938964844,369.0,369.0,27184800
2015-02-12,146.05245971679688,368.75,374.70001220703125,365.0,372.3500061035156,4759855
2015-02-13,149.65673828125,377.8500061035156,379.8999938964844,363.0,363.29998779296875,16984215
2015-02-16,149.33987426757812,377.04998779296875,383.8500061035156,375.1000061035156,377.6499938964844,4307836
2015-02-18,150.6469268798828,380.3500061035156,384.70001220703125,377.1000061035156,377.6000061035156,5508230
2015-02-19,152.07281494140625,383.95001220703125,390.0,375.8500061035156,380.45001220703125,6011878
2015-02-20,151.5974578857422,382.75,385.0,377.29998779296875,381.6000061035156,5970211
2015-02-23,152.17181396484375,384.20001220703125,386.79998779296875,382.20001220703125,384.8500061035156,4701758
2015-02-24,152.17181396484375,384.20001220703125,390.25,382.79998779296875,387.0,4510109
2015-02-25,153.12237548828125,386.6000061035156,389.79998779296875,383.8500061035156,387.79998779296875,3296025
2015-02-26,152.23121643066406,384.3500061035156,386.95001220703125,378.5,385.54998779296875,10641810
2015-02-27,156.54843139648438,395.25,398.0,384.95001220703125,386.3999938964844,24773100
2015-03-02,156.35037231445312,394.75,398.20001220703125,386.1000061035156,394.79998779296875,8425861
2015-03-03,158.69119262695312,379.6499938964844,382.0,373.0,373.5,5328335
2015-03-04,155.30538940429688,371.54998779296875,382.0,370.0,382.0,4497793
2015-03-05,152.12864685058594,363.95001220703125,375.20001220703125,362.0,372.0,4971903
2015-03-09,149.34901428222656,357.29998779296875,369.1499938964844,356.1000061035156,361.8999938964844,4555473
2015-03-10,154.9501190185547,370.70001220703125,371.79998779296875,358.1499938964844,359.0,4533632
2015-03-11,154.36495971679688,369.29998779296875,370.70001220703125,366.0,369.0,3136497
2015-03-12,152.44215393066406,364.70001220703125,372.25,363.0,369.8500061035156,2979075
2015-03-13,152.60934448242188,365.1000061035156,369.5,363.5,366.95001220703125,2770431
2015-03-16,152.31675720214844,364.3999938964844,367.0,361.04998779296875,367.0,2446877
2015-03-17,151.2299346923828,361.79998779296875,368.3999938964844,359.6499938964844,368.0,2003857
2015-03-18,152.37942504882812,364.54998779296875,365.75,361.04998779296875,362.20001220703125,1296884
2015-03-19,152.71383666992188,365.3500061035156,369.5,363.0,366.5,2412424
2015-03-20,153.9259796142578,368.25,371.0,363.6000061035156,365.95001220703125,2118984
2015-03-23,154.23951721191406,369.0,370.3500061035156,363.1000061035156,368.0,2544068
2015-03-24,154.6784210205078,370.04998779296875,373.0,366.54998779296875,367.54998779296875,1960112
2015-03-25,151.2299346923828,361.79998779296875,371.3999938964844,360.1000061035156,371.3999938964844,1851588
2015-03-26,147.25901794433594,352.29998779296875,360.0,350.0,358.8500061035156,3834991
2015-03-27,145.461669921875,348.0,354.45001220703125,346.3999938964844,353.1499938964844,2344094
2015-03-30,150.1849822998047,359.29998779296875,359.95001220703125,346.6499938964844,350.95001220703125,2451097
2015-03-31,151.6897430419922,362.8999938964844,365.95001220703125,359.54998779296875,360.0,3477225
2015-04-01,151.73155212402344,363.0,364.25,358.0,362.8999938964844,1428949
2015-04-06,150.79104614257812,360.75,364.6000061035156,358.70001220703125,364.04998779296875,1248881
2015-04-07,150.31040954589844,359.6000061035156,362.3999938964844,356.3999938964844,360.75,1859700
2015-04-08,158.98373413085938,380.3500061035156,382.70001220703125,365.1000061035156,365.25,6874570
2015-04-09,161.74249267578125,386.95001220703125,389.3999938964844,378.8999938964844,383.3500061035156,3309241
2015-04-10,162.59939575195312,389.0,390.20001220703125,383.8999938964844,383.95001220703125,3579563
2015-04-13,163.9996795654297,392.3500061035156,395.70001220703125,383.79998779296875,389.3999938964844,2909461
2015-04-15,161.32452392578125,385.95001220703125,391.70001220703125,384.0,391.70001220703125,4149634
2015-04-16,160.3631134033203,383.6499938964844,386.04998779296875,381.6000061035156,385.95001220703125,2034424
2015-04-17,159.00465393066406,380.3999938964844,385.1499938964844,379.04998779296875,382.04998779296875,2106426
2015-04-20,155.51438903808594,372.04998779296875,382.75,370.54998779296875,381.8500061035156,3400318
2015-04-21,156.4967041015625,374.3999938964844,378.70001220703125,372.04998779296875,372.04998779296875,1820148
2015-04-22,158.50306701660156,379.20001220703125,380.8999938964844,373.45001220703125,374.25,2165103
2015-04-23,160.61390686035156,384.25,385.8999938964844,380.8999938964844,382.0,2812629
2015-04-24,157.26998901367188,376.25,384.8500061035156,374.1499938964844,384.0,2896474
2015-04-27,157.85513305664062,377.6499938964844,380.0,370.70001220703125,377.29998779296875,2202533
2015-04-28,155.6607208251953,372.3999938964844,378.0,370.79998779296875,377.0,3455021
2015-04-29,155.05459594726562,370.95001220703125,375.04998779296875,369.6499938964844,371.0,2453973
2015-04-30,151.6270751953125,362.75,370.3999938964844,359.20001220703125,368.20001220703125,4879254
2015-05-04,154.57388305664062,369.79998779296875,371.3999938964844,363.1000061035156,366.0,1970167
2015-05-05,152.31675720214844,364.3999938964844,368.8999938964844,361.5,368.8999938964844,2200905
2015-05-06,147.59344482421875,353.1000061035156,364.0,352.1499938964844,362.1499938964844,3280440
2015-05-07,150.8119354248047,360.79998779296875,362.1000061035156,352.5,353.79998779296875,2921296
2015-05-08,152.02413940429688,363.70001220703125,365.95001220703125,358.3999938964844,362.29998779296875,2285680
2015-05-11,155.4725799560547,371.95001220703125,374.8999938964844,365.0,365.0,3000387
2015-05-12,154.32310485839844,369.20001220703125,376.6000061035156,367.0,373.95001220703125,4880073
2015-05-13,154.2186279296875,368.95001220703125,372.6499938964844,365.0,370.20001220703125,2227226
2015-05-14,154.74111938476562,370.20001220703125,371.5,363.6000061035156,368.95001220703125,2518413
2015-05-15,153.36172485351562,366.8999938964844,371.29998779296875,364.6000061035156,370.95001220703125,2370660
2015-05-18,153.02732849121094,366.1000061035156,368.8500061035156,364.20001220703125,367.8500061035156,1902932
2015-05-19,152.00328063964844,363.6499938964844,366.3999938964844,362.79998779296875,366.0,3367308
2015-05-20,151.04190063476562,361.3500061035156,365.20001220703125,359.3999938964844,364.1000061035156,3619042
2015-05-21,156.20413208007812,373.70001220703125,374.8999938964844,363.5,363.5,3494856
2015-05-22,156.64295959472656,374.75,376.54998779296875,369.20001220703125,376.45001220703125,1724948
2015-05-25,154.61572265625,369.8999938964844,376.6000061035156,366.6000061035156,374.0,1558758
2015-05-26,156.74746704101562,375.0,376.3999938964844,367.8500061035156,369.0,1825840
2015-05-27,160.11233520507812,383.04998779296875,384.0,372.0,373.8999938964844,2478570
2015-05-28,160.2377166748047,383.3500061035156,388.0,377.3999938964844,382.95001220703125,3353352
2015-05-29,163.45628356933594,391.04998779296875,393.75,380.95001220703125,381.95001220703125,6003508
2015-06-01,163.769775390625,391.79998779296875,396.45001220703125,390.0,392.0,2859251
2015-06-02,160.30039978027344,383.5,393.45001220703125,382.5,392.0,2191899
2015-06-03,161.86790466308594,387.25,392.70001220703125,381.3999938964844,382.0,4210717
2015-06-04,162.4112548828125,388.54998779296875,390.8999938964844,383.25,387.0,2843287
2015-06-05,169.43356323242188,405.3500061035156,409.75,392.04998779296875,392.04998779296875,9218970
2015-06-08,167.59442138671875,400.95001220703125,413.95001220703125,399.3999938964844,406.3500061035156,6610246
2015-06-09,167.74070739746094,401.29998779296875,404.0,395.1499938964844,398.95001220703125,3662673
2015-06-10,169.2454376220703,404.8999938964844,406.79998779296875,401.25,401.70001220703125,4448352
2015-06-11,167.23912048339844,400.1000061035156,409.0,399.0,406.29998779296875,3080462
2015-06-12,165.567138671875,396.1000061035156,401.0,393.6000061035156,400.1000061035156,3609449
2015-06-15,164.814697265625,394.29998779296875,399.0,391.95001220703125,397.8500061035156,4389850
2015-06-16,166.08961486816406,397.3500061035156,398.5,393.3999938964844,395.0,5719136
2015-06-17,166.4031219482422,398.1000061035156,402.70001220703125,396.75,399.0,4690179
2015-06-18,164.9192352294922,394.54998779296875,402.29998779296875,392.6000061035156,402.29998779296875,2862686
2015-06-19,164.54307556152344,393.6499938964844,399.29998779296875,391.6000061035156,397.0,2788874
2015-06-22,167.0719451904297,399.70001220703125,403.79998779296875,395.54998779296875,395.54998779296875,3765670
2015-06-23,173.63438415527344,415.3999938964844,419.75,399.70001220703125,400.3999938964844,6294096
2015-06-24,172.338623046875,412.29998779296875,421.5,408.75,418.8999938964844,5522329
2015-06-25,171.9415283203125,411.3500061035156,414.1000061035156,409.04998779296875,410.8999938964844,6149596
2015-06-26,171.96240234375,411.3999938964844,416.0,408.0,411.3999938964844,2521061
2015-06-29,170.41583251953125,407.70001220703125,414.25,399.3999938964844,408.75,2017827
2015-06-30,176.0796661376953,421.25,422.6000061035156,409.45001220703125,409.79998779296875,9240034
2015-07-01,177.85610961914062,425.5,429.29998779296875,422.0,422.54998779296875,7247029
2015-07-02,177.25006103515625,424.04998779296875,427.45001220703125,419.5,426.45001220703125,4018078
2015-07-03,174.51217651367188,417.5,424.5,415.0,424.04998779296875,2469598
2015-07-06,175.45269775390625,419.75,422.6000061035156,413.70001220703125,415.0,4931673
2015-07-07,179.27731323242188,428.8999938964844,430.70001220703125,419.20001220703125,420.75,5529091
2015-07-08,174.36585998535156,417.1499938964844,427.79998779296875,414.5,427.25,5123404
2015-07-09,174.36585998535156,417.1499938964844,422.70001220703125,416.45001220703125,420.0,2934615
2015-07-10,175.5362548828125,419.95001220703125,425.0,418.70001220703125,421.0,3748152
2015-07-13,175.5362548828125,419.95001220703125,422.0,416.1000061035156,421.95001220703125,2023481
2015-07-14,181.4718017578125,434.1499938964844,435.45001220703125,420.1000061035156,421.3999938964844,6061876
2015-07-15,182.51673889160156,436.6499938964844,440.79998779296875,435.6000061035156,439.0,3890009
2015-07-16,183.2064208984375,438.29998779296875,441.20001220703125,437.0,438.3999938964844,2685433
2015-07-17,179.79981994628906,430.1499938964844,438.45001220703125,429.0,438.3999938964844,1939162
2015-07-20,177.8352508544922,425.45001220703125,432.0,423.8999938964844,432.0,3351240
2015-07-21,179.1728057861328,428.6499938964844,432.5,424.25,428.75,3572121
2015-07-22,180.71937561035156,432.3500061035156,433.6499938964844,426.25,426.25,3028536
2015-07-23,180.36410522460938,431.5,437.0,430.20001220703125,434.6000061035156,3970346
2015-07-24,178.0860595703125,426.04998779296875,434.79998779296875,425.0,430.5,4240548
2015-07-27,177.06192016601562,423.6000061035156,426.6499938964844,419.75,426.45001220703125,6244014
2015-07-28,175.9124755859375,420.8500061035156,427.45001220703125,417.5,424.95001220703125,4224368
2015-07-29,175.619873046875,420.1499938964844,424.0,418.20001220703125,421.29998779296875,5348695
2015-07-30,175.7034912109375,420.3500061035156,424.0,417.20001220703125,421.6499938964844,7044484
2015-07-31,183.51991271972656,439.04998779296875,442.79998779296875,424.20001220703125,425.5,5559406
2015-08-03,180.44772338867188,431.70001220703125,442.45001220703125,428.6000061035156,441.0,2794167
2015-08-04,185.33819580078125,443.3999938964844,444.5,431.20001220703125,435.0,4990892
2015-08-05,183.29005432128906,438.5,447.1000061035156,436.6000061035156,445.0,3410332
2015-08-06,180.32229614257812,431.3999938964844,439.8999938964844,430.45001220703125,437.04998779296875,4162278
2015-08-07,173.341796875,414.70001220703125,434.1000061035156,412.1499938964844,430.79998779296875,7480783
2015-08-10,170.5203399658203,407.95001220703125,418.04998779296875,405.75,417.8999938964844,5571855
2015-08-11,164.14593505859375,392.70001220703125,410.0,390.3500061035156,409.5,8619915
2015-08-12,155.24273681640625,371.3999938964844,394.79998779296875,362.20001220703125,394.79998779296875,14392544
2015-08-13,157.6043701171875,377.04998779296875,378.8999938964844,365.0,371.8999938964844,7986914
2015-08-14,157.8133544921875,377.54998779296875,381.8999938964844,373.5,377.0,2980717
2015-08-17,158.7747344970703,379.8500061035156,381.79998779296875,374.3999938964844,379.95001220703125,2719119
2015-08-18,152.21224975585938,364.1499938964844,383.6000061035156,359.6000061035156,380.6000061035156,7856857
2015-08-19,148.6593017578125,355.6499938964844,365.3999938964844,354.5,363.6000061035156,4342672
2015-08-20,146.23495483398438,349.8500061035156,361.29998779296875,348.25,356.04998779296875,4973865
2015-08-21,145.7333526611328,348.6499938964844,353.04998779296875,345.5,347.8999938964844,3733692
2015-08-24,140.696533203125,336.6000061035156,343.8999938964844,332.45001220703125,340.0,9826523
2015-08-25,147.8024139404297,353.6000061035156,355.0,340.54998779296875,341.1000061035156,8086602
2015-08-26,149.7042694091797,358.1499938964844,362.75,349.70001220703125,352.70001220703125,4958051
2015-08-27,151.25091552734375,361.8500061035156,366.3999938964844,354.8500061035156,362.8999938964844,11449981
2015-08-28,149.45346069335938,357.54998779296875,367.0,354.70001220703125,367.0,4320791
2015-08-31,153.1318359375,366.3500061035156,367.95001220703125,351.29998779296875,355.95001220703125,4502846
2015-09-01,148.26220703125,354.70001220703125,365.5,346.25,362.0,3454778
2015-09-02,143.93600463867188,344.3500061035156,359.20001220703125,342.04998779296875,357.0,4050972
2015-09-03,144.3330535888672,345.29998779296875,351.45001220703125,339.6000061035156,346.25,3216240
2015-09-04,145.25265502929688,347.5,349.29998779296875,338.0,345.0,3506413
2015-09-07,141.0518035888672,337.45001220703125,351.8999938964844,336.0,351.8999938964844,3456022
2015-09-08,141.0100555419922,337.3500061035156,340.5,335.0,338.0,5328867
2015-09-09,141.67881774902344,338.95001220703125,343.79998779296875,337.5,343.79998779296875,6479310
2015-09-10,141.42803955078125,338.3500061035156,340.5,334.1000061035156,336.79998779296875,3799294
2015-09-11,139.54705810546875,333.8500061035156,340.70001220703125,333.0,340.0,1813830
2015-09-14,141.8251190185547,339.29998779296875,340.45001220703125,331.04998779296875,335.0,2800185
2015-09-15,141.30262756347656,338.04998779296875,340.70001220703125,336.1499938964844,340.0,3505826
2015-09-16,141.0518035888672,337.45001220703125,340.6000061035156,336.20001220703125,339.8999938964844,8157111
2015-09-18,143.51800537109375,343.3500061035156,345.0,338.3999938964844,341.0,6337365
2015-09-21,143.03732299804688,342.20001220703125,343.5,338.5,342.0,3328761
2015-09-22,135.2626190185547,323.6000061035156,344.75,322.25,344.0,3776365
2015-09-23,137.0181884765625,327.79998779296875,330.0,317.6000061035156,321.0,3327509
2015-09-24,133.0890655517578,318.3999938964844,328.1000061035156,316.0,327.29998779296875,5936377
2015-09-28,129.09722900390625,308.8500061035156,321.5,307.54998779296875,321.5,7962444
2015-09-29,131.83506774902344,315.3999938964844,317.20001220703125,300.79998779296875,306.8500061035156,7414233
2015-09-30,136.9346160888672,327.6000061035156,329.1000061035156,316.20001220703125,318.0,7806132
2015-10-01,137.2480926513672,328.3500061035156,330.3500061035156,324.5,329.54998779296875,2815897
2015-10-05,137.833251953125,329.75,333.20001220703125,323.70001220703125,330.0,3601833
2015-10-06,143.2462921142578,342.70001220703125,344.04998779296875,329.20001220703125,333.0,4666670
2015-10-07,144.7301483154297,346.25,348.8999938964844,339.6000061035156,342.95001220703125,3319321
2015-10-08,144.70925903320312,346.20001220703125,348.70001220703125,343.3500061035156,346.3999938964844,2394780
2015-10-09,140.38304138183594,335.8500061035156,348.75,334.54998779296875,348.0,3407835
2015-10-12,139.7769317626953,334.3999938964844,340.0,332.0,337.0,2260848
2015-10-13,142.2639923095703,340.3500061035156,341.79998779296875,331.5,332.0,1960525
2015-10-14,139.9232635498047,334.75,339.8999938964844,334.1000061035156,339.8999938964844,1985322
2015-10-15,142.70289611816406,341.3999938964844,343.3999938964844,333.0,336.25,2765986
2015-10-16,141.53250122070312,338.6000061035156,342.79998779296875,335.25,342.70001220703125,2787049
2015-10-19,141.1980743408203,337.79998779296875,340.3999938964844,335.6000061035156,338.6000061035156,1741503
2015-10-20,140.00685119628906,334.95001220703125,338.5,334.0,338.0,1736696
2015-10-21,140.96823120117188,337.25,339.70001220703125,333.8500061035156,335.1000061035156,7302126
2015-10-23,142.91189575195312,341.8999938964844,343.79998779296875,338.5,340.0,2219876
2015-10-26,139.35894775390625,333.3999938964844,344.70001220703125,332.1000061035156,344.3999938964844,3866037
2015-10-27,138.89915466308594,332.29998779296875,335.1000061035156,328.1000061035156,333.5,3829306
2015-10-28,138.02139282226562,330.20001220703125,335.0,327.20001220703125,330.79998779296875,3432045
2015-10-29,134.5102081298828,321.79998779296875,332.0,320.75,330.1499938964844,7634777
2015-10-30,133.7160186767578,319.8999938964844,326.5,318.75,321.1000061035156,3556422
2015-11-02,135.84780883789062,325.0,326.0,316.54998779296875,320.0,2024779
2015-11-03,136.20309448242188,325.8500061035156,327.95001220703125,324.79998779296875,326.8999938964844,1681515
2015-11-04,138.1259002685547,330.45001220703125,331.3500061035156,325.1499938964844,327.1000061035156,2142185
2015-11-05,140.90553283691406,337.1000061035156,339.45001220703125,328.3500061035156,330.8999938964844,3740920
2015-11-06,143.03732299804688,342.20001220703125,345.0,333.0,338.79998779296875,3849776
2015-11-09,141.95046997070312,339.6000061035156,341.0,332.5,335.0,2613167
2015-11-10,136.28668212890625,326.04998779296875,337.75,323.5,336.6000061035156,2215348
2015-11-13,141.1563720703125,337.70001220703125,341.5,328.95001220703125,331.1000061035156,6657788
2015-11-16,138.25128173828125,330.75,336.95001220703125,326.6499938964844,334.45001220703125,4014192
2015-11-17,138.92010498046875,332.3500061035156,334.5,330.04998779296875,331.0,1859904
2015-11-18,140.0486297607422,335.04998779296875,339.6000061035156,327.75,333.1000061035156,6900525
2015-11-19,139.48435974121094,333.70001220703125,336.70001220703125,330.04998779296875,335.5,3658468
2015-11-20,139.31716918945312,333.29998779296875,337.6000061035156,331.8999938964844,333.70001220703125,1647969
2015-11-23,138.85736083984375,332.20001220703125,334.0,330.6499938964844,334.0,2979816
2015-11-24,138.9409637451172,332.3999938964844,336.5,330.70001220703125,332.79998779296875,4012527
2015-11-26,140.3621063232422,335.79998779296875,341.54998779296875,331.6499938964844,331.95001220703125,5909688
2015-11-27,140.6547088623047,336.5,338.75,334.25,337.45001220703125,2109945
2015-11-30,138.16769409179688,330.54998779296875,337.25,329.54998779296875,335.8999938964844,4387003
2015-12-01,142.7655792236328,341.54998779296875,343.0,331.1000061035156,331.1000061035156,3623167
2015-12-02,141.42803955078125,338.3500061035156,346.54998779296875,337.5,344.3999938964844,2168133
2015-12-03,139.94415283203125,334.79998779296875,341.0,334.20001220703125,337.5,1780516
2015-12-04,140.1322479248047,335.25,338.6499938964844,332.0,334.0,2023873
2015-12-07,136.91366577148438,327.54998779296875,338.0,325.5,336.1499938964844,2915052
2015-12-08,132.921875,318.0,327.0,316.8500061035156,324.8999938964844,3247712
2015-12-09,128.57472229003906,307.6000061035156,324.0,306.0,316.0,3961414
2015-12-10,129.97500610351562,310.95001220703125,312.20001220703125,307.8500061035156,309.79998779296875,3494488
2015-12-11,128.63742065429688,307.75,312.0,306.25,311.04998779296875,1918941
2015-12-14,132.1485595703125,316.1499938964844,317.6499938964844,305.0,306.0,2456429
2015-12-15,131.47976684570312,314.54998779296875,318.45001220703125,312.54998779296875,318.3999938964844,1937912
2015-12-16,132.42025756835938,316.79998779296875,319.3999938964844,312.0,316.8999938964844,2194038
2015-12-17,132.10675048828125,316.04998779296875,318.75,313.6000061035156,316.5,4540387
2015-12-18,132.232177734375,316.3500061035156,318.75,314.5,316.54998779296875,3328948
2015-12-21,133.46527099609375,319.29998779296875,324.25,316.0,316.3500061035156,2328659
2015-12-22,133.38168334960938,319.1000061035156,321.8999938964844,316.5,319.45001220703125,1619130
2015-12-23,134.80284118652344,322.5,323.79998779296875,319.45001220703125,320.5,1438759
2015-12-24,134.71922302246094,322.29998779296875,328.3999938964844,321.3999938964844,325.6499938964844,1548582
2015-12-28,136.0568084716797,325.5,326.8500061035156,322.1000061035156,322.95001220703125,2159124
2015-12-29,134.48936462402344,321.75,326.5,319.6000061035156,325.54998779296875,2318395
2015-12-30,134.63565063476562,322.1000061035156,324.95001220703125,320.29998779296875,322.0,2583837
2015-12-31,137.85418701171875,329.79998779296875,332.0,323.0,323.0,4739203
2016-01-01,139.63063049316406,334.04998779296875,335.0,325.29998779296875,330.0,1001091
2016-01-04,138.02139282226562,330.20001220703125,337.1000061035156,327.5,332.95001220703125,1402242
2016-01-05,136.1821746826172,325.79998779296875,332.8999938964844,324.29998779296875,332.8999938964844,3789711
2016-01-06,137.05999755859375,327.8999938964844,331.0,324.5,325.20001220703125,3950971
2016-01-07,136.43299865722656,326.3999938964844,329.75,324.25,326.79998779296875,2845034
2016-01-08,134.21763610839844,321.1000061035156,329.5,317.0,328.0,3587538
2016-01-11,132.06497192382812,315.95001220703125,319.0,311.0,319.0,3136079
2016-01-12,132.0858917236328,316.0,317.70001220703125,312.20001220703125,315.95001220703125,2704456
2016-01-13,132.62925720214844,317.29998779296875,320.5,313.3999938964844,318.0,1860750
2016-01-14,133.19354248046875,318.6499938964844,321.8500061035156,310.6000061035156,314.1499938964844,1469470
2016-01-15,133.1517333984375,318.54998779296875,321.0,317.20001220703125,319.8999938964844,1925285
2016-01-18,129.93319702148438,310.8500061035156,323.1000061035156,309.3999938964844,315.5,1736472
2016-01-19,129.09722900390625,308.8500061035156,312.0,302.0,311.1000061035156,3268371
2016-01-20,124.62468719482422,298.1499938964844,316.54998779296875,292.0,305.79998779296875,3609992
2016-01-21,120.4656753540039,288.20001220703125,302.1499938964844,286.5,302.1000061035156,4600455
2016-01-22,125.16809844970703,299.45001220703125,302.6000061035156,289.20001220703125,291.0,8008963
2016-01-25,127.44612121582031,304.8999938964844,306.29998779296875,299.45001220703125,302.0,3162445
2016-01-27,127.0908432006836,304.04998779296875,305.5,298.1000061035156,304.70001220703125,3860574
2016-01-28,128.15675354003906,306.6000061035156,313.75,301.1000061035156,302.5,8121506
2016-01-29,133.73695373535156,319.95001220703125,324.5,305.1000061035156,305.95001220703125,4782044
2016-02-01,137.3317108154297,328.54998779296875,330.0,311.6499938964844,321.70001220703125,3208370
2016-02-02,133.3189697265625,318.95001220703125,332.6000061035156,316.5,327.5,3045611
2016-02-03,132.60838317871094,317.25,324.29998779296875,314.79998779296875,317.0,4106124
2016-02-04,134.80284118652344,322.5,323.3999938964844,317.8500061035156,317.95001220703125,3572599
2016-02-05,136.37034606933594,326.25,337.20001220703125,318.0,323.3999938964844,6271759
2016-02-08,135.15814208984375,323.3500061035156,329.75,321.79998779296875,327.0,2378719
2016-02-09,129.264404296875,309.25,323.0,308.04998779296875,320.3999938964844,3673347
2016-02-10,131.14540100097656,313.75,316.25,302.1000061035156,305.1000061035156,3126063
2016-02-11,127.52973175048828,305.1000061035156,313.75,295.75,311.8999938964844,4387964
2016-02-12,126.58926391601562,302.8500061035156,311.1000061035156,300.5,309.1000061035156,4767172
2016-02-15,135.53428649902344,324.25,330.75,306.3999938964844,307.54998779296875,5228881
2016-02-16,132.88006591796875,317.8999938964844,326.70001220703125,313.5,326.0,2434947
2016-02-17,130.74830627441406,312.79998779296875,319.0,306.5,318.04998779296875,2497160
2016-02-18,132.75466918945312,317.6000061035156,319.1000061035156,314.0,314.79998779296875,1809851
2016-02-19,130.5183868408203,312.25,316.95001220703125,310.1000061035156,316.0,3183958
2016-02-22,131.20809936523438,313.8999938964844,316.0,310.20001220703125,312.6000061035156,2820180
2016-02-23,125.85777282714844,301.1000061035156,314.0,299.70001220703125,313.8999938964844,3468668
2016-02-24,123.41251373291016,295.25,300.95001220703125,292.70001220703125,300.95001220703125,2928473
2016-02-25,125.14715576171875,299.3999938964844,307.8999938964844,295.20001220703125,296.0,14688967
2016-02-26,130.1840057373047,311.45001220703125,312.8500061035156,301.5,302.04998779296875,6359697
2016-02-29,129.99588012695312,311.0,317.70001220703125,306.25,317.0,6433602
2016-03-01,132.85914611816406,317.8500061035156,318.8500061035156,309.54998779296875,311.70001220703125,3958446
2016-03-02,129.99588012695312,311.0,320.0,309.8999938964844,318.0,4195722
2016-03-03,131.29168701171875,314.1000061035156,317.04998779296875,310.0,314.79998779296875,4070260
2016-03-04,135.9105224609375,325.1499938964844,327.5,314.54998779296875,315.1000061035156,6405159
2016-03-08,135.45071411132812,324.04998779296875,333.0,322.3500061035156,332.0,13626475
2016-03-09,134.80284118652344,322.5,326.1000061035156,322.0,324.0,6614341
2016-03-10,134.46844482421875,321.70001220703125,326.1000061035156,320.1000061035156,325.0,8652210
2016-03-11,133.29806518554688,318.8999938964844,325.6499938964844,316.70001220703125,323.0,11276463
2016-03-14,135.6759490966797,296.70001220703125,299.0,292.0,292.8999938964844,9036862
2016-03-15,135.19580078125,295.6499938964844,298.70001220703125,295.20001220703125,298.6000061035156,4471379
2016-03-16,135.19580078125,295.6499938964844,296.8999938964844,293.5,296.3999938964844,3600579
2016-03-17,134.55557250976562,294.25,298.20001220703125,293.45001220703125,297.20001220703125,3428625
2016-03-18,136.1560821533203,297.75,298.79998779296875,293.79998779296875,296.0,4585864
2016-03-21,135.6302032470703,296.6000061035156,298.5,295.0,297.25,2804720
2016-03-22,134.62416076660156,294.3999938964844,299.70001220703125,293.54998779296875,296.5,5604065
2016-03-23,136.2703857421875,298.0,298.5,294.8999938964844,295.95001220703125,2712299
2016-03-28,134.21258544921875,293.5,298.5,292.20001220703125,298.5,4199915
2016-03-29,134.9671173095703,295.1499938964844,297.3999938964844,293.04998779296875,293.95001220703125,2231442
2016-03-30,135.74449157714844,296.8500061035156,297.54998779296875,295.3999938964844,295.6000061035156,3076806
2016-03-31,133.50384521484375,291.95001220703125,297.8500061035156,291.0,297.8500061035156,8788685
2016-04-01,131.24029541015625,287.0,293.75,285.6499938964844,292.0,4021684
2016-04-04,130.32574462890625,285.0,288.95001220703125,284.0,288.3999938964844,3745464
2016-04-05,125.86720275878906,275.25,284.95001220703125,274.1000061035156,284.5,4975193
2016-04-06,126.02726745605469,275.6000061035156,279.8999938964844,274.0,276.0,6518559
2016-04-07,128.61090087890625,281.25,281.75,276.29998779296875,277.20001220703125,3137807
2016-04-08,127.85638427734375,279.6000061035156,283.0,278.3999938964844,281.75,3567115
2016-04-11,128.2450714111328,280.45001220703125,282.6000061035156,277.20001220703125,280.20001220703125,6696441
2016-04-12,125.47850036621094,274.3999938964844,280.5,271.6499938964844,280.45001220703125,9281615
2016-04-13,126.87324523925781,277.45001220703125,278.29998779296875,275.0,276.25,9314286
2016-04-18,126.11870574951172,275.79998779296875,278.54998779296875,274.20001220703125,276.70001220703125,7530454
2016-04-20,127.42198181152344,278.6499938964844,282.0,276.1499938964844,277.79998779296875,8438851
2016-04-21,131.58323669433594,287.75,288.75,279.79998779296875,280.0,6341547
2016-04-22,131.60610961914062,287.79998779296875,288.6499938964844,285.0,288.6499938964844,3616133
2016-04-25,131.6746826171875,287.95001220703125,290.8999938964844,286.79998779296875,288.6000061035156,2987563
2016-04-26,131.83474731445312,288.29998779296875,289.8999938964844,286.5,287.1000061035156,1972410
2016-04-27,133.023681640625,290.8999938964844,293.5,288.04998779296875,289.0,2654547
2016-04-28,130.34857177734375,285.04998779296875,293.6499938964844,283.6499938964844,291.54998779296875,5733507
2016-04-29,131.7204132080078,288.04998779296875,289.6499938964844,284.25,285.0,3886257
2016-05-02,131.99481201171875,288.6499938964844,289.0,286.6000061035156,288.70001220703125,1741094
2016-05-03,127.65059661865234,279.1499938964844,289.25,277.5,289.0,4658529
2016-05-04,128.0164031982422,279.95001220703125,281.45001220703125,272.3999938964844,277.79998779296875,6641861
2016-05-05,128.86241149902344,281.79998779296875,283.1499938964844,280.0,280.5,2845968
2016-05-06,128.9081268310547,281.8999938964844,282.45001220703125,277.5,281.25,3358599
2016-05-09,130.60008239746094,285.6000061035156,286.5,282.1499938964844,282.1499938964844,2147251
2016-05-10,130.27996826171875,284.8999938964844,286.70001220703125,283.0,286.70001220703125,3178150
2016-05-11,129.77696228027344,283.79998779296875,284.3999938964844,276.6499938964844,281.70001220703125,4069757
2016-05-12,129.79983520507812,283.8500061035156,284.8500061035156,282.0,284.04998779296875,3368917
2016-05-13,128.70236206054688,281.45001220703125,283.6000061035156,278.54998779296875,283.6000061035156,2846180
2016-05-16,129.34254455566406,282.8500061035156,283.8999938964844,279.6499938964844,281.8999938964844,4442240
2016-05-17,129.79983520507812,283.8500061035156,284.8999938964844,281.79998779296875,283.75,1736009
2016-05-18,129.8455810546875,283.95001220703125,285.29998779296875,281.20001220703125,285.29998779296875,2782932
2016-05-19,128.1764678955078,280.29998779296875,284.3999938964844,279.3999938964844,284.0,1489126
2016-05-20,127.58201599121094,279.0,281.1000061035156,278.04998779296875,280.6000061035156,4355684
2016-05-23,128.2679443359375,280.5,281.5,278.20001220703125,281.0,2035863
2016-05-24,127.83351135253906,279.54998779296875,281.3999938964844,278.0,281.3999938964844,2073509
2016-05-25,128.49656677246094,281.0,281.5,277.70001220703125,280.3999938964844,2075737
2016-05-26,128.42799377441406,280.8500061035156,281.70001220703125,278.75,281.0,4619836
2016-05-27,128.63375854492188,281.29998779296875,284.5,280.20001220703125,282.25,4543846
2016-05-30,133.7781982421875,292.54998779296875,295.95001220703125,288.5,289.25,17863356
2016-05-31,133.2523193359375,291.3999938964844,295.25,287.8999938964844,293.8999938964844,7041001
2016-06-01,135.90455627441406,297.20001220703125,299.5,289.04998779296875,292.04998779296875,5843470
2016-06-02,140.5459747314453,307.3500061035156,309.5,296.70001220703125,297.79998779296875,9888554
2016-06-03,141.27764892578125,308.95001220703125,311.8999938964844,308.04998779296875,310.0,6459723
2016-06-06,139.8372039794922,305.79998779296875,308.5,304.0,308.1000061035156,5184081
2016-06-07,140.7517547607422,307.79998779296875,309.5,305.04998779296875,307.1000061035156,2708323
2016-06-08,140.2944793701172,306.79998779296875,307.95001220703125,304.0,307.54998779296875,1673081
2016-06-09,143.12965393066406,313.0,314.3999938964844,305.3999938964844,306.79998779296875,2240051
2016-06-10,140.2258758544922,306.6499938964844,315.8999938964844,306.1499938964844,313.70001220703125,2251748
2016-06-13,141.07186889648438,308.5,310.45001220703125,304.54998779296875,305.0,2418196
2016-06-14,141.23193359375,308.8500061035156,310.3500061035156,306.6499938964844,310.0,2102212
2016-06-15,141.6434783935547,309.75,310.79998779296875,304.8500061035156,309.1499938964844,2353608
2016-06-16,140.63743591308594,307.54998779296875,309.5,305.5,309.04998779296875,1665463
2016-06-17,143.2211151123047,313.20001220703125,314.5,308.0,308.0,3608513
2016-06-20,142.83241271972656,312.3500061035156,313.20001220703125,309.8500061035156,310.0,1683234
2016-06-21,143.12965393066406,313.0,315.0,311.54998779296875,313.0,1174461
2016-06-22,145.18740844726562,317.5,318.3999938964844,312.0,313.0,2935707
2016-06-23,145.2102813720703,317.54998779296875,318.8999938964844,316.1000061035156,317.5,1565312
2016-06-24,142.78665161132812,312.25,314.0,305.54998779296875,308.25,3080388
2016-06-27,140.88894653320312,308.1000061035156,312.5,306.54998779296875,306.54998779296875,1728920
2016-06-28,143.26686096191406,313.29998779296875,314.25,309.8999938964844,310.75,2634505
2016-06-29,142.215087890625,311.0,314.6499938964844,309.6000061035156,314.20001220703125,1902427
2016-06-30,143.12965393066406,313.0,314.3999938964844,311.54998779296875,314.0,3314387
2016-07-01,141.80352783203125,310.1000061035156,314.3999938964844,309.54998779296875,313.0,2225864
2016-07-04,145.39320373535156,317.95001220703125,319.0,311.5,312.5,2699220
2016-07-05,147.2223358154297,321.95001220703125,323.3999938964844,317.0,317.95001220703125,2816887
2016-07-07,144.29571533203125,315.54998779296875,325.8500061035156,314.70001220703125,324.8500061035156,3939302
2016-07-08,142.53517150878906,311.70001220703125,314.95001220703125,310.0,313.29998779296875,2294810
2016-07-11,146.74217224121094,320.8999938964844,322.6000061035156,314.6499938964844,315.0,2536047
2016-07-12,144.9816131591797,317.04998779296875,321.3500061035156,313.29998779296875,321.3500061035156,3413443
2016-07-13,148.18263244628906,324.04998779296875,325.5,317.25,319.0,3400480
2016-07-14,148.45701599121094,324.6499938964844,327.6000061035156,321.5,325.0,4310790
2016-07-15,145.8047637939453,318.8500061035156,325.0,317.0,324.6499938964844,2109207
2016-07-18,147.08514404296875,321.6499938964844,324.0,318.8999938964844,319.6499938964844,1986754
2016-07-19,145.85047912597656,318.95001220703125,323.70001220703125,318.0,321.95001220703125,1617036
2016-07-20,150.56051635742188,329.25,329.95001220703125,319.5,319.8999938964844,3246139
2016-07-21,152.43539428710938,333.3500061035156,335.79998779296875,326.70001220703125,330.0,6355171
2016-07-22,151.56651306152344,331.45001220703125,333.75,329.70001220703125,333.0,2004989
2016-07-25,152.6182403564453,333.75,334.3999938964844,329.79998779296875,331.0,1492185
2016-07-26,149.73741149902344,327.45001220703125,334.20001220703125,326.79998779296875,334.0,1692026
2016-07-27,148.86849975585938,325.54998779296875,330.79998779296875,323.75,327.25,1919050
2016-07-28,150.88058471679688,329.95001220703125,333.1499938964844,326.1000061035156,326.1499938964844,3253199
2016-07-29,149.9888916015625,328.0,334.0,326.8500061035156,330.0,3182206
2016-08-01,149.28012084960938,326.45001220703125,331.5,325.75,329.29998779296875,1461407
2016-08-02,147.72532653808594,323.04998779296875,329.0,322.0,327.0,2335301
2016-08-03,149.1428985595703,326.1499938964844,328.6000061035156,322.1000061035156,323.70001220703125,1603751
2016-08-04,147.93112182617188,323.5,328.6499938964844,320.6499938964844,328.3999938964844,1808553
2016-08-05,150.62908935546875,329.3999938964844,330.3999938964844,324.95001220703125,325.3500061035156,2101931
2016-08-08,151.79519653320312,331.95001220703125,332.5,327.79998779296875,330.0,2076712
2016-08-09,154.17298889160156,337.1499938964844,337.5,333.0,334.0,3267563
2016-08-10,154.53887939453125,337.95001220703125,340.0,334.5,338.3999938964844,3121860
2016-08-11,154.47027587890625,337.79998779296875,338.6000061035156,333.3500061035156,337.1499938964844,3452229
2016-08-12,154.53887939453125,337.95001220703125,339.6000061035156,335.6499938964844,337.20001220703125,1889296
2016-08-16,154.47027587890625,337.79998779296875,340.3500061035156,335.20001220703125,337.0,2665923
2016-08-17,159.0430908203125,347.79998779296875,349.95001220703125,337.8500061035156,337.95001220703125,5810868
2016-08-18,155.04183959960938,339.04998779296875,348.25,338.1000061035156,348.1000061035156,4975745
2016-08-19,152.80120849609375,334.1499938964844,340.3999938964844,332.1000061035156,340.04998779296875,9764483
2016-08-22,153.1441650390625,334.8999938964844,337.1000061035156,331.0,331.8999938964844,7488064
2016-08-23,153.9443817138672,336.6499938964844,337.5,332.54998779296875,335.6000061035156,2257353
2016-08-24,152.70974731445312,333.95001220703125,336.70001220703125,332.6000061035156,336.6000061035156,7665307
2016-08-25,151.49789428710938,331.29998779296875,336.70001220703125,329.3500061035156,334.5,3658893
2016-08-26,152.41250610351562,333.29998779296875,334.29998779296875,329.5,331.45001220703125,2682815
2016-08-29,152.6640167236328,333.8500061035156,334.3999938964844,330.5,333.0,1292318
2016-08-30,153.02980041503906,334.6499938964844,336.1000061035156,332.3999938964844,335.1000061035156,1531387
2016-08-31,152.50392150878906,333.5,336.3999938964844,331.1000061035156,334.0,3834244
2016-09-01,154.5617218017578,338.0,339.0,332.6000061035156,334.1000061035156,2860233
2016-09-02,151.95518493652344,332.29998779296875,337.1499938964844,331.45001220703125,337.0,3458571
2016-09-06,150.37759399414062,328.8500061035156,333.75,325.1499938964844,333.54998779296875,2989741
2016-09-07,151.3607177734375,331.0,332.3999938964844,327.1000061035156,329.0,2982805
2016-09-08,152.0695343017578,332.54998779296875,333.0,328.79998779296875,331.0,2998354
2016-09-09,151.90948486328125,332.20001220703125,333.0,330.54998779296875,333.0,2194843
2016-09-12,151.1092529296875,330.45001220703125,333.0,327.5,327.70001220703125,2607009
2016-09-14,148.3197784423828,324.3500061035156,327.54998779296875,321.5,323.6000061035156,6425242
2016-09-15,148.0454559326172,323.75,326.8999938964844,321.79998779296875,325.3500061035156,2277264
2016-09-16,148.41122436523438,324.54998779296875,327.0,322.29998779296875,325.20001220703125,4151279
2016-09-19,150.12606811523438,328.29998779296875,329.1000061035156,324.0,324.0,2730095
2016-09-20,150.56051635742188,329.25,330.3999938964844,327.1499938964844,328.79998779296875,2955423
2016-09-21,151.3607177734375,331.0,331.95001220703125,327.54998779296875,329.29998779296875,3433714
2016-09-22,149.73741149902344,327.45001220703125,333.54998779296875,326.6499938964844,333.3500061035156,2589917
2016-09-23,150.17181396484375,328.3999938964844,329.95001220703125,327.1499938964844,327.1499938964844,3605797
2016-09-26,152.02383422851562,332.45001220703125,334.1000061035156,328.1499938964844,328.8500061035156,3256853
2016-09-27,152.16099548339844,332.75,337.20001220703125,332.0,335.5,3058963
2016-09-28,150.19468688964844,328.45001220703125,335.70001220703125,327.6000061035156,332.75,1620533
2016-09-29,149.828857421875,327.6499938964844,332.45001220703125,322.54998779296875,330.29998779296875,4747212
2016-09-30,147.38233947753906,322.29998779296875,328.79998779296875,316.8999938964844,326.1499938964844,4445950
2016-10-03,149.9431610107422,327.8999938964844,328.70001220703125,321.5,323.1000061035156,3104019
2016-10-04,146.8336181640625,321.1000061035156,329.0,319.3500061035156,328.0,5945963
2016-10-05,146.90223693847656,321.25,323.6000061035156,318.75,322.1000061035156,5316324
2016-10-06,145.6675567626953,318.54998779296875,323.0,317.20001220703125,323.0,3130353
2016-10-07,145.78187561035156,318.79998779296875,319.70001220703125,315.6499938964844,319.20001220703125,2038680
2016-10-10,145.82760620117188,318.8999938964844,321.75,318.1499938964844,320.0,1976384
2016-10-13,144.2728729248047,315.5,318.8999938964844,312.0,318.0,3543786
2016-10-14,143.1524658203125,313.04998779296875,318.20001220703125,312.3500061035156,316.0,2066659
2016-10-17,142.32937622070312,311.25,316.3999938964844,309.6499938964844,314.79998779296875,5164144
2016-10-18,142.92384338378906,312.54998779296875,314.70001220703125,311.6000061035156,311.8999938964844,3335691
2016-10-19,142.92384338378906,312.54998779296875,314.8999938964844,311.6499938964844,312.0,3410851
2016-10-20,142.94674682617188,312.6000061035156,314.6499938964844,312.20001220703125,312.25,1993881
2016-10-21,143.26686096191406,313.29998779296875,314.20001220703125,312.29998779296875,312.6000061035156,3009896
2016-10-24,146.90223693847656,321.25,322.6000061035156,312.8500061035156,313.8999938964844,2802733
2016-10-25,146.17059326171875,319.6499938964844,323.8999938964844,318.04998779296875,323.8999938964844,2235089
2016-10-26,146.01048278808594,319.29998779296875,321.6000061035156,316.8999938964844,318.95001220703125,1967319
2016-10-27,144.63870239257812,316.29998779296875,320.25,315.3500061035156,320.0,2363687
2016-10-28,148.5255889892578,324.79998779296875,327.0,315.70001220703125,317.0,3058160
2016-11-01,150.92630004882812,330.04998779296875,331.29998779296875,323.29998779296875,326.5,5375999
2016-11-02,149.9660186767578,327.95001220703125,329.25,323.04998779296875,326.04998779296875,3362257
2016-11-03,149.5316162109375,327.0,331.0,325.25,327.79998779296875,2183816
2016-11-04,144.45574951171875,315.8999938964844,327.0,312.29998779296875,327.0,3382028
2016-11-07,146.01048278808594,319.29998779296875,322.5,316.6499938964844,318.8999938964844,2877174
2016-11-08,144.9816131591797,317.04998779296875,322.04998779296875,315.54998779296875,319.29998779296875,1759612
2016-11-09,144.9816131591797,317.04998779296875,321.0,289.29998779296875,301.1000061035156,4814661
2016-11-10,152.3667449951172,333.20001220703125,337.29998779296875,320.0,321.79998779296875,5022605
2016-11-11,148.18263244628906,324.04998779296875,332.0,321.3999938964844,329.8500061035156,2674065
2016-11-15,143.42686462402344,313.6499938964844,328.95001220703125,312.0,323.0,3886233
2016-11-16,143.1524658203125,313.04998779296875,317.29998779296875,309.04998779296875,317.29998779296875,3380097
2016-11-17,140.31736755371094,306.8500061035156,312.70001220703125,302.0,310.75,4774690
2016-11-18,140.248779296875,306.70001220703125,309.3500061035156,304.0,307.20001220703125,2226399
2016-11-21,137.52789306640625,300.75,310.3500061035156,299.29998779296875,306.70001220703125,2929466
2016-11-22,138.73971557617188,303.3999938964844,304.95001220703125,298.8500061035156,302.0,2497312
2016-11-23,139.03695678710938,304.04998779296875,306.95001220703125,302.1499938964844,306.0,1537222
2016-11-24,137.3450164794922,300.3500061035156,304.5,298.6000061035156,304.0,3596361
2016-11-25,139.12844848632812,304.25,305.25,300.8999938964844,302.3999938964844,1621974
2016-11-28,139.42562866210938,304.8999938964844,305.70001220703125,302.1000061035156,304.8999938964844,1677056
2016-11-29,141.02613830566406,308.3999938964844,314.0,306.0,306.3999938964844,3068122
2016-11-30,141.11761474609375,308.6000061035156,310.70001220703125,305.04998779296875,310.6499938964844,3289134
2016-12-01,140.06582641601562,306.29998779296875,310.29998779296875,305.3500061035156,309.20001220703125,1906398
2016-12-02,139.8600616455078,305.8500061035156,311.70001220703125,304.5,308.1499938964844,3374258
2016-12-05,139.63145446777344,305.3500061035156,307.1499938964844,301.8999938964844,305.1000061035156,2694582
2016-12-06,139.79144287109375,305.70001220703125,309.5,304.54998779296875,306.54998779296875,3262885
2016-12-07,139.6085662841797,305.29998779296875,308.0,304.29998779296875,306.6499938964844,1896374
2016-12-08,142.71807861328125,312.1000061035156,313.6499938964844,306.5,307.79998779296875,2985532
2016-12-09,140.13446044921875,306.45001220703125,313.25,305.8999938964844,312.95001220703125,2583377
2016-12-12,139.6085662841797,305.29998779296875,309.70001220703125,304.6499938964844,305.8999938964844,1861391
2016-12-13,139.9058074951172,305.95001220703125,307.8500061035156,303.1000061035156,303.1000061035156,4145409
2016-12-14,133.5266876220703,292.0,298.8999938964844,291.04998779296875,297.0,7916342
2016-12-15,132.68069458007812,290.1499938964844,293.79998779296875,289.29998779296875,290.0,2606624
2016-12-16,131.8118438720703,288.25,292.5,287.1000061035156,292.1499938964844,4139183
2016-12-19,131.4003143310547,287.3500061035156,289.79998779296875,286.5,288.45001220703125,2396882
2016-12-20,132.88648986816406,290.6000061035156,292.6000061035156,289.20001220703125,290.0,2428442
2016-12-21,133.6181640625,292.20001220703125,294.5,289.1499938964844,291.6000061035156,2448452
2016-12-22,131.5375213623047,287.6499938964844,291.8999938964844,287.04998779296875,291.0,1586040
2016-12-23,131.62896728515625,287.8500061035156,289.0,286.0,289.0,1478235
2016-12-26,130.32574462890625,285.0,288.3999938964844,282.6000061035156,288.3999938964844,2446568
2016-12-27,132.13198852539062,288.95001220703125,290.25,282.5,282.5,3419419
2016-12-28,134.98997497558594,295.20001220703125,296.3999938964844,288.70001220703125,290.0,3946048
2016-12-29,136.56759643554688,298.6499938964844,301.70001220703125,292.70001220703125,292.70001220703125,7139986
2016-12-30,137.18495178222656,300.0,301.29998779296875,296.1000061035156,298.0,3733367
2017-01-02,137.2078094482422,300.04998779296875,302.6499938964844,297.0,300.04998779296875,1729563
2017-01-03,139.6085662841797,305.29998779296875,307.29998779296875,299.5,301.0,1459916
2017-01-04,139.99728393554688,306.1499938964844,310.0,305.45001220703125,306.0,1954806
2017-01-05,140.9803924560547,308.29998779296875,311.3999938964844,306.6000061035156,307.1000061035156,1845973
2017-01-06,140.0201416015625,306.20001220703125,310.54998779296875,305.0,309.0,940177
2017-01-09,137.18495178222656,300.0,305.95001220703125,299.6000061035156,305.8500061035156,1947858
2017-01-10,137.45936584472656,300.6000061035156,303.25,299.1000061035156,301.04998779296875,1455309
2017-01-11,144.89016723632812,316.8500061035156,318.0,301.6000061035156,301.6000061035156,7657690
2017-01-12,143.2211151123047,313.20001220703125,318.6499938964844,310.5,318.0,2316891
2017-01-13,144.04420471191406,315.0,319.29998779296875,313.54998779296875,316.0,3458448
2017-01-16,143.4954376220703,313.79998779296875,319.0,310.3500061035156,319.0,3866192
2017-01-17,140.38595581054688,307.0,315.45001220703125,306.04998779296875,314.54998779296875,3759649
2017-01-18,141.16329956054688,308.70001220703125,309.79998779296875,304.54998779296875,304.79998779296875,3680888
2017-01-19,140.5459747314453,307.3500061035156,310.45001220703125,306.6000061035156,309.0,2434032
2017-01-20,138.8769073486328,303.70001220703125,308.3500061035156,302.45001220703125,307.0,3784930
2017-01-23,138.73971557617188,303.3999938964844,306.20001220703125,302.54998779296875,303.8999938964844,1855848
2017-01-24,141.5063018798828,309.45001220703125,310.75,303.6000061035156,304.5,2508724
2017-01-25,145.0502471923828,317.20001220703125,319.0,307.5,309.79998779296875,5594608
2017-01-27,145.3017578125,317.75,320.3999938964844,316.0,318.0,2607499
2017-01-30,143.90704345703125,314.70001220703125,317.54998779296875,313.3999938964844,316.6000061035156,1713746
2017-01-31,141.39193725585938,309.20001220703125,314.3500061035156,303.0,313.3999938964844,17232981
2017-02-01,143.1524658203125,313.04998779296875,313.70001220703125,306.29998779296875,310.0,3168177
2017-02-02,146.53640747070312,320.45001220703125,322.79998779296875,308.75,311.3999938964844,3723534
2017-02-03,149.1428985595703,326.1499938964844,326.8999938964844,320.45001220703125,320.45001220703125,3778609
2017-02-06,148.63987731933594,325.04998779296875,329.0,322.3999938964844,326.0,1934568
2017-02-07,144.06707763671875,315.04998779296875,326.5,310.54998779296875,326.0,5669911
2017-02-08,147.13087463378906,321.75,322.5,313.0,313.0,4346528
2017-02-09,147.3137664794922,322.1499938964844,325.0,318.20001220703125,322.1000061035156,2390829
2017-02-10,148.38839721679688,324.5,325.25,321.3999938964844,324.0,2168081
2017-02-13,146.74217224121094,320.8999938964844,321.5,314.79998779296875,318.0,4142829
2017-02-14,146.42208862304688,320.20001220703125,320.70001220703125,315.25,319.0,2050709
2017-02-15,146.3077850341797,319.95001220703125,322.79998779296875,317.25,320.95001220703125,2649600
2017-02-16,145.55322265625,318.29998779296875,319.0,315.79998779296875,317.5,2703863
2017-02-17,144.6157989501953,316.25,320.0,311.0,320.0,4292500
2017-02-20,146.2848663330078,319.8999938964844,320.8999938964844,314.1000061035156,316.25,2429373
2017-02-21,146.14767456054688,319.6000061035156,321.3999938964844,317.1000061035156,320.5,1678198
2017-02-22,150.14895629882812,328.3500061035156,329.70001220703125,320.54998779296875,322.29998779296875,3479768
2017-02-23,149.8517303466797,327.70001220703125,332.0,325.5,329.6000061035156,9869639
2017-02-27,150.88058471679688,329.95001220703125,332.29998779296875,327.70001220703125,330.0,5619203
2017-02-28,147.19947814941406,321.8999938964844,331.3999938964844,320.1000061035156,330.0,5247380
2017-03-01,146.42208862304688,320.20001220703125,324.5,318.6000061035156,323.0,4131446
2017-03-02,146.97079467773438,321.3999938964844,326.3500061035156,318.3500061035156,318.3500061035156,4008179
2017-03-03,146.90223693847656,321.25,324.3999938964844,320.5,322.0,2402666
2017-03-06,147.65673828125,322.8999938964844,327.8999938964844,320.6000061035156,325.0,4040938
2017-03-07,147.61102294921875,322.79998779296875,326.25,321.29998779296875,325.0,4787611
2017-03-08,146.42208862304688,320.20001220703125,325.70001220703125,319.29998779296875,325.0,4290085
2017-03-09,145.46177673339844,318.1000061035156,319.8999938964844,317.54998779296875,319.3500061035156,4365909
2017-03-10,144.63870239257812,316.29998779296875,320.0,315.25,319.54998779296875,5243694
2017-03-14,143.3748321533203,294.95001220703125,302.0,293.8999938964844,302.0,9137462
2017-03-15,142.28111267089844,292.70001220703125,296.95001220703125,292.0,296.5,6245963
2017-03-16,141.91653442382812,291.95001220703125,295.5,291.20001220703125,294.6000061035156,8597054
2017-03-17,140.60406494140625,289.25,294.6000061035156,288.20001220703125,293.95001220703125,9065938
2017-03-20,141.8435516357422,291.79998779296875,292.3999938964844,288.04998779296875,290.0,7075100
2017-03-21,142.0623779296875,292.25,294.79998779296875,291.0,293.0,6910712
2017-03-22,142.01373291015625,292.1499938964844,293.29998779296875,289.5,291.0,4830714
2017-03-23,143.83657836914062,295.8999938964844,296.95001220703125,292.29998779296875,292.3500061035156,11221222
2017-03-24,144.7845001220703,297.8500061035156,300.0,295.6499938964844,298.0,9643952
2017-03-27,141.69776916503906,291.5,293.45001220703125,290.45001220703125,293.45001220703125,5001302
2017-03-28,141.1387481689453,290.3500061035156,292.3999938964844,289.6000061035156,291.8999938964844,5418025
2017-03-29,142.9616241455078,294.1000061035156,294.6000061035156,290.20001220703125,290.5,5756051
2017-03-30,140.7255401611328,289.5,295.5,289.0,295.5,7141482
2017-03-31,142.25680541992188,292.6499938964844,294.20001220703125,289.6000061035156,290.0,7016938
2017-04-03,143.3991241455078,295.0,295.25,291.0,292.6499938964844,3252869
2017-04-05,140.99295043945312,290.04998779296875,296.79998779296875,289.79998779296875,296.79998779296875,7897483
2017-04-06,139.21865844726562,286.3999938964844,289.79998779296875,285.75,289.79998779296875,8564973
2017-04-07,138.00341796875,283.8999938964844,286.20001220703125,280.1000061035156,286.20001220703125,11862350
2017-04-10,139.38880920410156,286.75,288.6000061035156,284.75,284.8999938964844,5200102
2017-04-11,140.43392944335938,288.8999938964844,290.3999938964844,286.1499938964844,286.5,4064823
2017-04-12,140.96861267089844,290.0,291.8500061035156,288.0,288.25,4747753
2017-04-13,141.4790496826172,291.04998779296875,291.54998779296875,288.54998779296875,288.8999938964844,3847263
2017-04-17,138.92701721191406,285.79998779296875,291.0,285.20001220703125,291.0,1515055
2017-04-18,135.74307250976562,279.25,284.5,278.70001220703125,283.0,4906059
2017-04-19,137.4200897216797,282.70001220703125,283.3999938964844,276.1000061035156,278.5,3993645
2017-04-20,135.8159637451172,279.3999938964844,284.0,278.1000061035156,283.8999938964844,3833330
2017-04-21,134.6493377685547,277.0,281.70001220703125,276.3999938964844,280.95001220703125,3533868
2017-04-24,134.72227478027344,277.1499938964844,279.45001220703125,276.29998779296875,279.45001220703125,4077534
2017-04-25,135.28125,278.29998779296875,278.8999938964844,277.1499938964844,278.0,2431359
2017-04-26,134.47926330566406,276.6499938964844,280.70001220703125,276.0,278.8999938964844,2868393
2017-04-27,133.26394653320312,274.1499938964844,277.8999938964844,273.1000061035156,276.8500061035156,2586925
2017-04-28,134.47926330566406,276.6499938964844,278.25,274.1499938964844,274.1499938964844,2235812
2017-05-02,133.4584197998047,274.54998779296875,278.70001220703125,273.8500061035156,278.70001220703125,2101731
2017-05-03,135.88888549804688,279.54998779296875,280.20001220703125,275.0,277.3999938964844,2622769
2017-05-04,136.22914123535156,280.25,281.6000061035156,279.0,280.0,2230934
2017-05-05,135.3784942626953,278.5,284.45001220703125,278.04998779296875,282.0,5125398
2017-05-08,135.67013549804688,279.1000061035156,281.0,278.20001220703125,281.0,1671179
2017-05-09,135.20835876464844,278.1499938964844,280.1499938964844,276.0,279.3999938964844,2466355
2017-05-10,135.4027862548828,278.54998779296875,279.29998779296875,277.1000061035156,277.70001220703125,1433509
2017-05-11,133.2882843017578,274.20001220703125,280.0,273.75,279.8999938964844,4892432
2017-05-12,134.45492553710938,276.6000061035156,278.04998779296875,274.6000061035156,274.6000061035156,2692014
2017-05-15,135.013916015625,277.75,278.5,277.25,277.25,2531633
2017-05-16,134.13894653320312,275.95001220703125,277.70001220703125,274.5,277.3999938964844,2258317
2017-05-17,134.33338928222656,276.3500061035156,278.0,275.0,275.20001220703125,2146326
2017-05-18,134.38197326660156,276.45001220703125,278.3999938964844,275.0,275.0,1619249
2017-05-19,134.28475952148438,276.25,283.6499938964844,275.75,278.3999938964844,4250348
2017-05-22,133.1181182861328,273.8500061035156,277.75,273.5,277.3500061035156,1557880
2017-05-23,130.2015380859375,267.8500061035156,274.79998779296875,267.1499938964844,273.8999938964844,2984399
2017-05-24,127.23635864257812,261.75,270.25,261.0,268.29998779296875,3021594
2017-05-25,129.034912109375,265.45001220703125,266.25,262.75,263.79998779296875,4127507
2017-05-26,130.39598083496094,268.25,269.25,265.8999938964844,266.0,1843278
2017-05-29,129.93414306640625,267.29998779296875,271.0,265.75,270.0,3299175
2017-05-30,130.12864685058594,267.70001220703125,268.6000061035156,259.5,259.79998779296875,4782782
2017-05-31,127.62517547607422,262.54998779296875,268.8999938964844,262.0,268.0,3555129
2017-06-01,128.98629760742188,265.3500061035156,266.1000061035156,262.75,263.0,1289229
2017-06-02,130.66329956054688,268.79998779296875,270.25,265.3500061035156,265.3500061035156,2602919
2017-06-05,128.597412109375,264.54998779296875,267.8999938964844,263.70001220703125,267.45001220703125,3033579
2017-06-06,127.50369262695312,262.29998779296875,265.29998779296875,262.0,265.0,1340588
2017-06-07,128.5244903564453,264.3999938964844,265.0,262.5,263.0,1618299
2017-06-08,127.79536437988281,262.8999938964844,264.75,262.1000061035156,264.6000061035156,1404808
2017-06-09,127.11482238769531,261.5,264.5,261.0,264.0,1744203
2017-06-12,126.53147888183594,260.29998779296875,262.5,260.1000061035156,261.95001220703125,1675846
2017-06-13,125.9238510131836,259.04998779296875,260.3999938964844,258.5,260.0,1732288
2017-06-14,124.95165252685547,257.04998779296875,259.75,256.1000061035156,259.5,1887257
2017-06-15,123.5662841796875,254.1999969482422,256.95001220703125,253.0,256.79998779296875,3324587
2017-06-16,124.2954330444336,255.6999969482422,257.20001220703125,253.9499969482422,254.89999389648438,3283821
2017-06-19,123.44475555419922,253.9499969482422,256.95001220703125,251.5,256.25,2412135
2017-06-20,123.25032043457031,253.5500030517578,255.0,253.0,254.4499969482422,1052345
2017-06-21,121.74341583251953,250.4499969482422,253.75,250.10000610351562,253.6999969482422,3289233
2017-06-22,119.43443298339844,245.6999969482422,251.64999389648438,245.1999969482422,250.5,3230390
2017-06-23,119.04557800292969,244.89999389648438,247.8000030517578,243.10000610351562,245.6999969482422,3623117
2017-06-27,118.77821350097656,244.35000610351562,246.60000610351562,244.0,245.10000610351562,2074212
2017-06-28,119.45877075195312,245.75,247.1999969482422,244.5500030517578,246.0,3526585
2017-06-29,119.16707611083984,245.14999389648438,247.8000030517578,244.60000610351562,246.8000030517578,2498353
2017-06-30,118.72959899902344,244.25,245.89999389648438,243.5,244.6999969482422,2375289
2017-07-03,120.96566772460938,248.85000610351562,249.5,242.60000610351562,245.35000610351562,2347837
2017-07-04,119.94486999511719,246.75,250.5,246.1999969482422,250.5,1760337
2017-07-05,120.30943298339844,247.5,249.0,246.25,248.8000030517578,1260907
2017-07-06,122.2295150756836,251.4499969482422,252.8000030517578,247.10000610351562,247.5,2797532
2017-07-07,122.0593490600586,251.10000610351562,252.9499969482422,250.0500030517578,250.0500030517578,1762982
2017-07-10,125.80235290527344,258.79998779296875,259.3500061035156,253.4499969482422,253.4499969482422,717269
2017-07-11,123.71214294433594,254.5,259.8999938964844,253.75,259.0,1813885
2017-07-12,123.20171356201172,253.4499969482422,256.75,253.10000610351562,255.0,2640999
2017-07-13,123.29894256591797,253.64999389648438,255.8000030517578,251.85000610351562,254.1999969482422,2303738
2017-07-14,121.74341583251953,250.4499969482422,254.3000030517578,248.10000610351562,253.9499969482422,2907464
2017-07-17,120.06639099121094,247.0,251.0,246.0500030517578,250.75,4445325
2017-07-18,120.7955322265625,248.5,249.3000030517578,245.75,248.5,5338825
2017-07-19,123.80937194824219,254.6999969482422,256.6499938964844,248.0500030517578,248.0500030517578,4270908
2017-07-20,124.10099792480469,255.3000030517578,258.5,254.25,254.6999969482422,3923545
2017-07-21,127.52798461914062,262.3500061035156,262.95001220703125,254.10000610351562,255.0,7715255
2017-07-24,127.13909912109375,261.54998779296875,265.25,260.1000061035156,263.0,3359835
2017-07-25,125.55928802490234,258.29998779296875,262.3500061035156,257.75,262.0,1812135
2017-07-26,126.70165252685547,260.6499938964844,261.8999938964844,258.04998779296875,258.3999938964844,2199360
2017-07-27,124.07666778564453,255.25,262.20001220703125,254.5,261.6000061035156,1950819
2017-07-28,122.27812194824219,251.5500030517578,256.6000061035156,250.0,254.1999969482422,2641938
2017-07-31,121.08718872070312,249.10000610351562,252.35000610351562,248.0,252.0,3580763
2017-08-01,122.2295150756836,251.4499969482422,253.5,249.4499969482422,249.89999389648438,5248187
2017-08-02,121.93787384033203,250.85000610351562,253.39999389648438,249.0,251.9499969482422,3701093
2017-08-03,117.51435852050781,241.75,251.8000030517578,241.10000610351562,251.60000610351562,9661464
2017-08-04,121.13579559326172,249.1999969482422,250.1999969482422,238.4499969482422,242.0,6573068
2017-08-07,122.25382232666016,251.5,253.1999969482422,248.60000610351562,249.8000030517578,3336900
2017-08-08,119.1185073852539,245.0500030517578,250.9499969482422,243.1999969482422,248.39999389648438,3335671
2017-08-09,117.87894439697266,242.5,245.3000030517578,241.10000610351562,244.89999389648438,1801736
2017-08-10,116.15328216552734,238.9499969482422,242.25,237.5,241.1999969482422,2764860
2017-08-11,114.67069244384766,235.89999389648438,240.39999389648438,233.6999969482422,237.0,3335287
2017-08-14,115.76441192626953,238.14999389648438,240.89999389648438,236.14999389648438,236.60000610351562,3086137
2017-08-16,115.66717529296875,237.9499969482422,239.89999389648438,234.5,237.0,7864893
2017-08-17,120.04204559326172,246.9499969482422,249.35000610351562,237.0500030517578,239.39999389648438,20945037
2017-08-18,118.2921371459961,243.35000610351562,247.89999389648438,241.6999969482422,246.5,3442524
2017-08-21,115.91024780273438,238.4499969482422,249.39999389648438,237.5500030517578,244.0,6555861
2017-08-22,116.9310531616211,240.5500030517578,243.0500030517578,238.5500030517578,240.5500030517578,3428907
2017-08-23,117.1983871459961,241.10000610351562,242.5,239.5,242.3000030517578,3693013
2017-08-24,117.29562377929688,241.3000030517578,242.8000030517578,239.60000610351562,242.39999389648438,3835139
2017-08-28,118.41365814208984,243.60000610351562,244.3000030517578,241.5500030517578,242.0,2231233
2017-08-29,115.81301879882812,238.25,242.5,238.0,242.5,3051560
2017-08-30,117.5386734008789,241.8000030517578,242.39999389648438,239.14999389648438,240.9499969482422,3263209
2017-08-31,115.39984130859375,237.39999389648438,241.5,235.85000610351562,241.5,8401866
2017-09-01,116.00741577148438,238.64999389648438,240.39999389648438,238.0500030517578,238.0500030517578,2197715
2017-09-04,119.82332611083984,246.5,247.1999969482422,238.9499969482422,239.0,8269444
2017-09-05,123.39616394042969,253.85000610351562,254.6999969482422,244.60000610351562,246.5,9538135
2017-09-06,124.34405517578125,255.8000030517578,257.54998779296875,251.0500030517578,251.5500030517578,4237130
2017-09-07,123.12879180908203,253.3000030517578,258.8999938964844,251.64999389648438,258.70001220703125,5398987
2017-09-08,123.95521545410156,255.0,255.85000610351562,251.5500030517578,253.3000030517578,3749501
2017-09-11,124.95165252685547,257.04998779296875,259.6000061035156,255.25,256.5,3525110
2017-09-12,125.19471740722656,257.54998779296875,258.29998779296875,253.39999389648438,256.1000061035156,3752410
2017-09-13,124.61141204833984,256.3500061035156,259.70001220703125,255.10000610351562,257.0,3956139
2017-09-14,123.97947692871094,255.0500030517578,258.20001220703125,254.0500030517578,255.60000610351562,5756534
2017-09-15,126.28844451904297,259.79998779296875,262.20001220703125,255.1999969482422,255.1999969482422,8591867
2017-09-18,128.597412109375,264.54998779296875,265.0,260.1000061035156,261.45001220703125,4114253
2017-09-19,125.68082427978516,258.54998779296875,262.95001220703125,257.1000061035156,262.0,5364164
2017-09-20,124.7086181640625,256.54998779296875,258.70001220703125,253.1999969482422,258.54998779296875,3310089
2017-09-21,123.49337768554688,254.0500030517578,256.3999938964844,248.5,255.5,4473641
2017-09-22,123.37185668945312,253.8000030517578,254.4499969482422,248.0,253.5,5178307
2017-09-25,124.95165252685547,257.04998779296875,257.70001220703125,250.25,254.39999389648438,5684406
2017-09-26,126.5801010131836,260.3999938964844,261.8500061035156,253.8000030517578,257.5,4587866
2017-09-27,126.79885864257812,260.8500061035156,261.8999938964844,255.3000030517578,261.75,5990467
2017-09-28,130.1772003173828,267.79998779296875,270.25,258.95001220703125,260.0,15893278
2017-09-29,131.65985107421875,270.8500061035156,272.3999938964844,267.29998779296875,270.0,4839652
2017-10-03,132.21884155273438,272.0,274.29998779296875,269.1499938964844,273.0,2925990
2017-10-04,131.2466583251953,270.0,271.8500061035156,268.70001220703125,271.1499938964844,2861280
2017-10-05,132.82644653320312,273.25,273.95001220703125,269.04998779296875,270.0,3173461
2017-10-06,134.5035400390625,276.70001220703125,278.5,273.45001220703125,273.5,7954834
2017-10-09,136.76385498046875,281.3500061035156,281.95001220703125,276.79998779296875,277.0,7166260
2017-10-10,138.85411071777344,285.6499938964844,286.25,281.3500061035156,281.3500061035156,8451221
2017-10-11,137.54165649414062,282.95001220703125,286.5,280.75,286.0,17103406
2017-10-12,137.27427673339844,282.3999938964844,283.75,280.1499938964844,281.8999938964844,5889501
2017-10-13,139.63186645507812,287.25,289.0,282.6000061035156,282.6000061035156,5084089
2017-10-16,141.3088836669922,290.70001220703125,291.5,286.75,287.29998779296875,5476361
2017-10-17,140.99295043945312,290.04998779296875,291.0,288.25,291.0,3950516
2017-10-18,140.96861267089844,290.0,291.45001220703125,288.29998779296875,290.0,3633204
2017-10-19,138.92701721191406,285.79998779296875,290.04998779296875,284.8999938964844,290.0,543143
2017-10-23,140.89572143554688,289.8500061035156,291.3999938964844,286.5,286.5,13204235
2017-10-24,140.82281494140625,289.70001220703125,291.95001220703125,288.0,289.04998779296875,3062378
2017-10-25,140.55543518066406,289.1499938964844,291.70001220703125,287.54998779296875,291.0,2442011
2017-10-26,142.59707641601562,293.3500061035156,295.0,289.0,289.0,8702312
2017-10-27,140.55543518066406,289.1499938964844,294.25,287.8999938964844,294.0,2507100
2017-10-30,140.43392944335938,288.8999938964844,290.8999938964844,285.1000061035156,289.1499938964844,2210701
2017-10-31,139.2429962158203,286.45001220703125,288.29998779296875,283.3500061035156,287.0,2596941
2017-11-01,139.2915802001953,286.54998779296875,290.0,281.54998779296875,286.5,3609151
2017-11-02,141.5519561767578,291.20001220703125,292.3500061035156,284.6499938964844,286.8999938964844,4090974
2017-11-03,139.2915802001953,286.54998779296875,292.0,285.04998779296875,291.20001220703125,4371428
2017-11-06,139.1943817138672,286.3500061035156,289.45001220703125,283.8999938964844,286.5,4414386
2017-11-07,138.3679962158203,284.6499938964844,287.79998779296875,283.1000061035156,286.6000061035156,4584351
2017-11-08,140.02072143554688,288.04998779296875,289.0,282.5,283.25,13609387
2017-11-09,137.68748474121094,283.25,287.5,280.04998779296875,286.8999938964844,3805782
2017-11-10,138.22215270996094,284.3500061035156,287.45001220703125,278.0,283.29998779296875,3527154
2017-11-13,133.65284729003906,274.95001220703125,280.29998779296875,274.0,276.20001220703125,5406841
2017-11-14,133.26394653320312,274.1499938964844,275.3999938964844,271.25,274.3500061035156,2798791
2017-11-15,132.38894653320312,272.3500061035156,274.1499938964844,270.20001220703125,274.0,2600287
2017-11-16,130.44461059570312,268.3500061035156,272.8999938964844,266.1499938964844,272.5,2776035
2017-11-17,132.60772705078125,272.79998779296875,273.3999938964844,268.75,271.5,3366492
2017-11-20,135.3055877685547,278.3500061035156,280.25,270.04998779296875,273.0,3090470
2017-11-21,133.09385681152344,273.79998779296875,282.0,273.1000061035156,279.0,2880586
2017-11-22,132.12161254882812,271.79998779296875,276.5,271.1000061035156,275.5,1531611
2017-11-23,131.4654083251953,270.45001220703125,274.1000061035156,268.79998779296875,271.5,1490892
2017-11-24,131.9757843017578,271.5,272.8500061035156,270.3999938964844,270.75,876297
2017-11-27,132.04873657226562,271.6499938964844,272.3999938964844,269.3500061035156,270.8500061035156,887044
2017-11-28,133.36117553710938,274.3500061035156,276.3999938964844,269.54998779296875,272.0,7236470
2017-11-29,134.30908203125,276.29998779296875,282.1000061035156,274.5,276.8999938964844,5209745
2017-11-30,134.06602478027344,275.79998779296875,278.29998779296875,272.5,275.29998779296875,7343947
2017-12-01,132.24313354492188,272.04998779296875,276.3500061035156,270.0,275.20001220703125,1987545
2017-12-04,129.25364685058594,265.8999938964844,273.6000061035156,265.1499938964844,273.0,2398989
2017-12-05,128.93763732910156,265.25,266.3500061035156,263.1000061035156,265.0,1277351
2017-12-06,128.86477661132812,265.1000061035156,267.8500061035156,263.20001220703125,263.20001220703125,1779062
2017-12-07,127.74674224853516,262.79998779296875,266.8999938964844,262.0,266.0,1932289
2017-12-08,128.74327087402344,264.8500061035156,265.6000061035156,262.3500061035156,264.8999938964844,2408884
2017-12-11,131.17372131347656,269.8500061035156,270.3999938964844,265.29998779296875,265.6499938964844,2354885
2017-12-12,128.0383758544922,263.3999938964844,269.79998779296875,262.5,269.6000061035156,2169686
2017-12-13,127.9168701171875,263.1499938964844,264.95001220703125,261.0,264.8500061035156,1498753
2017-12-14,127.77105712890625,262.8500061035156,264.6499938964844,262.20001220703125,263.25,1822161
2017-12-15,131.73277282714844,271.0,271.54998779296875,263.79998779296875,264.0,9186533
2017-12-18,130.10430908203125,267.6499938964844,274.6499938964844,262.29998779296875,269.95001220703125,4251230
2017-12-19,130.0800018310547,267.6000061035156,271.8999938964844,266.45001220703125,269.3999938964844,3864780
2017-12-20,130.9792938232422,269.45001220703125,272.0,268.1499938964844,272.0,3597976
2017-12-21,130.22586059570312,267.8999938964844,271.3999938964844,266.8500061035156,271.3999938964844,2744760
2017-12-22,129.25364685058594,265.8999938964844,268.70001220703125,265.29998779296875,268.1499938964844,3505383
2017-12-26,128.20851135253906,263.75,267.70001220703125,263.0,267.70001220703125,4580600
2017-12-27,127.62517547607422,262.54998779296875,265.1000061035156,261.6000061035156,263.29998779296875,6400825
2017-12-28,127.9168701171875,263.1499938964844,265.8500061035156,262.1000061035156,262.79998779296875,6346822
2017-12-29,127.81964111328125,262.95001220703125,264.45001220703125,261.79998779296875,263.1000061035156,2800172
2018-01-01,129.6182098388672,266.6499938964844,267.29998779296875,262.6000061035156,263.0,3079260
2018-01-02,131.27093505859375,270.04998779296875,270.8999938964844,267.0,268.0,5659389
2018-01-03,132.1459503173828,271.8500061035156,273.45001220703125,269.70001220703125,271.0,9240120
2018-01-04,135.03822326660156,277.79998779296875,279.8500061035156,272.20001220703125,272.8999938964844,6919578
2018-01-05,135.5000457763672,278.75,280.6499938964844,278.0,278.5,3344950
2018-01-08,139.72906494140625,287.45001220703125,290.6000061035156,279.0,279.0,4891781
2018-01-09,147.79832458496094,304.04998779296875,311.0,296.6499938964844,299.70001220703125,27639107
2018-01-10,149.86422729492188,308.29998779296875,309.79998779296875,305.0,306.0,15300218
2018-01-11,149.76699829101562,308.1000061035156,310.0,302.95001220703125,308.0,4703627
2018-01-12,150.20448303222656,309.0,310.79998779296875,306.20001220703125,309.0,5119534
2018-01-15,148.69760131835938,305.8999938964844,310.45001220703125,304.5,309.25,2643125
2018-01-16,141.7463836669922,291.6000061035156,305.8999938964844,290.6000061035156,305.8999938964844,4069770
2018-01-17,141.43040466308594,290.95001220703125,294.95001220703125,286.29998779296875,293.0,4360706
2018-01-18,137.59024047851562,283.04998779296875,293.79998779296875,278.1000061035156,293.29998779296875,3784420
2018-01-19,138.05206298828125,284.0,285.8999938964844,280.5,283.04998779296875,2574759
2018-01-22,138.56243896484375,285.04998779296875,289.70001220703125,283.70001220703125,287.1000061035156,3025790
2018-01-23,142.47552490234375,293.1000061035156,294.1499938964844,285.20001220703125,285.20001220703125,3974425
2018-01-24,143.1803436279297,294.54998779296875,298.5,287.0,292.5,3073618
2018-01-25,145.5379638671875,299.3999938964844,302.6499938964844,294.54998779296875,294.54998779296875,6919878
2018-01-29,146.68028259277344,301.75,306.0,296.95001220703125,298.5,3557035
2018-01-30,148.69760131835938,305.8999938964844,307.5,295.20001220703125,299.0,3085086
2018-01-31,145.61087036132812,299.54998779296875,304.54998779296875,298.0,303.5,5198298
2018-02-01,143.69076538085938,295.6000061035156,301.1499938964844,290.95001220703125,300.1000061035156,4533542
2018-02-02,141.1387481689453,290.3500061035156,297.54998779296875,286.04998779296875,292.1000061035156,6393201
2018-02-05,143.3018798828125,294.79998779296875,296.0,285.0,293.0,7795465
2018-02-06,141.1387481689453,290.3500061035156,292.0,280.1000061035156,287.0,4674661
2018-02-07,144.66293334960938,297.6000061035156,299.70001220703125,290.3500061035156,291.5,7223510
2018-02-08,145.82960510253906,300.0,302.6000061035156,296.70001220703125,297.6000061035156,3286814
2018-02-09,145.9025115966797,300.1499938964844,304.45001220703125,294.3999938964844,295.1000061035156,4731060
2018-02-12,146.1455535888672,300.6499938964844,305.0,297.04998779296875,303.8999938964844,4512970
2018-02-14,149.20797729492188,306.95001220703125,309.45001220703125,300.0,300.0,5725179
2018-02-15,149.76699829101562,308.1000061035156,311.79998779296875,304.6499938964844,307.5,5219503
2018-02-16,147.5309600830078,303.5,310.45001220703125,302.6000061035156,308.1000061035156,1931615
2018-02-19,148.45455932617188,305.3999938964844,307.3999938964844,301.04998779296875,303.0,2935183
2018-02-20,150.8850860595703,310.3999938964844,311.8500061035156,302.0,305.0,8602002
2018-02-21,150.9579315185547,310.54998779296875,312.0,305.1499938964844,311.0,5399556
2018-02-22,151.44407653808594,311.54998779296875,315.0,306.5,306.5,7815886
2018-02-23,151.15235900878906,310.95001220703125,313.8500061035156,308.3500061035156,310.75,3195456
2018-02-26,152.6593017578125,314.04998779296875,316.3999938964844,309.0,311.25,3171308
2018-02-27,150.20448303222656,309.0,316.95001220703125,307.20001220703125,313.6499938964844,6667601
2018-02-28,150.2773895263672,309.1499938964844,311.79998779296875,305.0,307.0,3731061
2018-03-01,152.1002960205078,312.8999938964844,314.1499938964844,308.0,310.79998779296875,2535090
2018-03-05,148.64898681640625,305.79998779296875,311.45001220703125,303.95001220703125,310.45001220703125,3593849
2018-03-06,149.23231506347656,307.0,309.45001220703125,301.1000061035156,306.8999938964844,3693197
2018-03-07,149.20797729492188,306.95001220703125,308.95001220703125,302.8999938964844,306.0,4794848
2018-03-08,148.50314331054688,305.5,308.75,302.1499938964844,308.0,2236174
2018-03-09,147.79832458496094,304.04998779296875,307.5,302.1000061035156,305.0,2136347
2018-03-12,144.68724060058594,297.6499938964844,306.8999938964844,296.0,305.3999938964844,6796993
2018-03-13,143.32620239257812,294.8500061035156,298.6499938964844,290.0,297.5,6306692
2018-03-14,142.47552490234375,293.1000061035156,294.3999938964844,290.70001220703125,291.0,4406927
2018-03-15,143.6421661376953,295.5,298.8999938964844,292.1000061035156,294.0,4487868
2018-03-16,143.23031616210938,278.20001220703125,281.3999938964844,276.20001220703125,280.29998779296875,11016304
2018-03-19,140.1926727294922,272.29998779296875,279.5,269.1000061035156,279.5,3588096
2018-03-20,139.1372528076172,270.25,273.29998779296875,268.3500061035156,269.1000061035156,1804554
2018-03-21,139.47189331054688,270.8999938964844,272.54998779296875,269.04998779296875,270.8999938964844,2739537
2018-03-22,138.69967651367188,269.3999938964844,273.45001220703125,268.0,270.0,3383841
2018-03-23,138.98280334472656,269.95001220703125,271.79998779296875,265.0,266.6499938964844,3980861
2018-03-26,140.7847900390625,273.45001220703125,274.5,268.04998779296875,270.0,2277261
2018-03-27,142.20059204101562,276.20001220703125,276.79998779296875,272.25,274.1000061035156,1888128
2018-03-28,145.85598754882812,283.29998779296875,285.75,272.8500061035156,274.70001220703125,6983849
2018-04-02,142.8699188232422,277.5,283.5,275.1499938964844,283.3500061035156,2520975
2018-04-03,143.61643981933594,278.95001220703125,279.6000061035156,275.1499938964844,276.20001220703125,1641179
2018-04-04,141.35110473632812,274.54998779296875,278.8999938964844,273.20001220703125,278.79998779296875,2946453
2018-04-05,143.0243682861328,277.79998779296875,279.5,275.45001220703125,276.1499938964844,1527043
2018-04-06,141.99464416503906,275.79998779296875,278.79998779296875,274.5,277.70001220703125,1527251
2018-04-09,141.29959106445312,274.45001220703125,276.3500061035156,273.5,276.3500061035156,1254956
2018-04-10,144.620361328125,280.8999938964844,281.45001220703125,273.25,276.0,2351145
2018-04-11,145.90748596191406,283.3999938964844,285.3500061035156,278.04998779296875,283.6499938964844,2997141
2018-04-12,144.92922973632812,281.5,282.75,279.1000061035156,281.54998779296875,1342136
2018-04-13,146.7312774658203,285.0,285.5,280.0,282.5,1836917
2018-04-16,147.297607421875,286.1000061035156,286.79998779296875,283.3500061035156,284.6000061035156,1222199
2018-04-17,148.06983947753906,287.6000061035156,290.3999938964844,285.45001220703125,286.25,2999531
2018-04-18,146.78274536132812,285.1000061035156,288.45001220703125,282.8999938964844,287.0,1433406
2018-04-19,145.80453491210938,283.20001220703125,287.25,281.70001220703125,285.25,2332176
2018-04-20,150.3609161376953,292.04998779296875,294.95001220703125,282.45001220703125,283.25,2436310
2018-04-23,149.20252990722656,289.79998779296875,292.0,288.6000061035156,292.0,1181306
2018-04-24,149.5629425048828,290.5,293.95001220703125,287.1499938964844,289.0,1829965
2018-04-25,149.79457092285156,290.95001220703125,293.79998779296875,287.75,290.1000061035156,1612503
2018-04-26,149.7173614501953,290.79998779296875,292.95001220703125,288.25,290.5,2781512
2018-04-27,147.63223266601562,286.75,292.25,282.5,290.0,2211983
2018-04-30,146.7312774658203,285.0,288.0,282.70001220703125,287.5,1710033
2018-05-02,144.41444396972656,280.5,283.45001220703125,279.04998779296875,283.1000061035156,2440058
2018-05-03,142.58676147460938,276.95001220703125,281.79998779296875,276.1000061035156,278.25,2411190
2018-05-04,139.67787170410156,271.29998779296875,277.45001220703125,270.3999938964844,276.79998779296875,2313612
2018-05-07,137.6699676513672,267.3999938964844,273.79998779296875,265.29998779296875,273.79998779296875,7181257
2018-05-08,138.05606079101562,268.1499938964844,272.0,266.6499938964844,268.04998779296875,3920562
2018-05-09,137.64422607421875,267.3500061035156,269.75,266.70001220703125,268.20001220703125,3216449
2018-05-10,138.67388916015625,269.3500061035156,272.95001220703125,267.79998779296875,268.79998779296875,3974135
2018-05-11,139.52340698242188,271.0,272.29998779296875,269.5,272.0,1778138
2018-05-14,139.03427124023438,270.04998779296875,273.0,266.70001220703125,271.0,2415819
2018-05-15,135.66204833984375,263.5,271.25,262.1499938964844,270.04998779296875,3867561
2018-05-16,135.66204833984375,263.5,265.0,257.29998779296875,264.0,2942029
2018-05-17,139.7808074951172,271.5,273.3999938964844,265.1000061035156,265.8999938964844,3850511
2018-05-18,137.3610382080078,266.79998779296875,274.54998779296875,265.79998779296875,271.5,1855482
2018-05-21,139.1372528076172,270.25,271.5,264.6000061035156,267.5,1798554
2018-05-22,143.6679229736328,279.04998779296875,279.8999938964844,271.5,272.70001220703125,3295864
2018-05-23,142.20059204101562,276.20001220703125,279.8999938964844,274.75,277.1499938964844,2640683
2018-05-24,144.20849609375,280.1000061035156,281.5,274.5,277.0,2006694
2018-05-25,141.89169311523438,275.6000061035156,283.29998779296875,272.54998779296875,280.1000061035156,4274746
2018-05-28,146.62826538085938,284.79998779296875,287.79998779296875,276.70001220703125,277.0,3113235
2018-05-29,145.36692810058594,282.3500061035156,287.0,276.5,286.3500061035156,5934011
2018-05-30,148.81637573242188,289.04998779296875,292.5,277.6499938964844,281.0,9094869
2018-05-31,152.52325439453125,296.25,303.45001220703125,290.0,292.1000061035156,11797649
2018-06-01,151.69949340820312,294.6499938964844,299.70001220703125,290.1000061035156,293.0,3034848
2018-06-04,150.64407348632812,292.6000061035156,297.8500061035156,291.3999938964844,295.20001220703125,1557911
2018-06-05,146.8599853515625,285.25,294.75,283.75,293.8999938964844,2305088
2018-06-06,149.64010620117188,290.6499938964844,292.25,284.45001220703125,285.54998779296875,5630857
2018-06-07,148.73916625976562,288.8999938964844,291.0,287.29998779296875,289.0,2392349
2018-06-08,149.2539825439453,289.8999938964844,293.6000061035156,287.0,288.70001220703125,2039196
2018-06-11,148.22430419921875,287.8999938964844,294.45001220703125,286.1499938964844,290.0,1745576
2018-06-12,145.98472595214844,283.54998779296875,289.79998779296875,283.0,287.8999938964844,2079573
2018-06-13,146.2164306640625,284.0,287.70001220703125,283.6499938964844,284.1000061035156,2546696
2018-06-14,145.80453491210938,283.20001220703125,286.95001220703125,278.29998779296875,283.79998779296875,1535853
2018-06-15,143.6679229736328,279.04998779296875,286.5,277.5,286.5,4279134
2018-06-18,141.17091369628906,274.20001220703125,279.04998779296875,271.20001220703125,279.0,2113771
2018-06-19,140.52737426757812,272.95001220703125,275.3999938964844,271.29998779296875,272.3500061035156,1987334
2018-06-20,139.31744384765625,270.6000061035156,274.0,267.45001220703125,273.1000061035156,3006367
2018-06-21,137.82443237304688,267.70001220703125,272.8999938964844,266.29998779296875,270.70001220703125,2506852
2018-06-22,136.35711669921875,264.8500061035156,267.70001220703125,263.04998779296875,267.1000061035156,2527709
2018-06-25,133.34521484375,259.0,265.75,257.3999938964844,264.0,4317400
2018-06-26,136.5115203857422,265.1499938964844,270.20001220703125,258.20001220703125,258.29998779296875,10472162
2018-06-27,136.89767456054688,265.8999938964844,267.95001220703125,260.8500061035156,265.0,4723986
2018-06-28,134.19476318359375,260.6499938964844,266.8500061035156,258.6499938964844,266.8500061035156,4384958
2018-06-29,136.0996856689453,264.3500061035156,265.20001220703125,259.0,259.0,1958214
2018-07-02,134.14324951171875,260.54998779296875,264.0,258.6000061035156,263.1499938964844,4878924
2018-07-03,134.29771423339844,260.8500061035156,262.70001220703125,259.29998779296875,262.5,2691217
2018-07-04,136.0996856689453,264.3500061035156,266.95001220703125,259.6000061035156,261.04998779296875,3032831
2018-07-05,139.16297912597656,270.29998779296875,271.75,260.5,264.5,3044656
2018-07-06,139.62637329101562,271.20001220703125,271.95001220703125,267.20001220703125,270.0,2709932
2018-07-09,139.6006317138672,271.1499938964844,274.20001220703125,269.0,272.25,2201363
2018-07-10,143.35902404785156,278.45001220703125,279.70001220703125,270.54998779296875,271.25,3000636
2018-07-11,136.33132934570312,264.79998779296875,277.8999938964844,263.75,277.0,4356413
2018-07-12,136.56298828125,265.25,271.25,264.8500061035156,267.0,3818705
2018-07-13,137.87586975097656,267.79998779296875,270.6499938964844,266.29998779296875,266.79998779296875,3573660
2018-07-16,134.4521484375,261.1499938964844,268.0,260.1000061035156,267.70001220703125,1565561
2018-07-17,136.30560302734375,264.75,266.79998779296875,261.25,261.5,2595243
2018-07-18,134.9669952392578,262.1499938964844,268.5,259.95001220703125,266.0,4114829
2018-07-19,134.4779052734375,261.20001220703125,263.95001220703125,260.0,262.5,2026082
2018-07-20,135.66204833984375,263.5,264.8999938964844,258.6000061035156,261.70001220703125,1742907
2018-07-23,134.73533630371094,261.70001220703125,266.25,261.20001220703125,262.5,1628803
2018-07-24,137.28379821777344,266.6499938964844,267.3999938964844,262.1000061035156,263.0,1788316
2018-07-25,136.25411987304688,264.6499938964844,266.5,262.5,266.20001220703125,1739791
2018-07-26,136.48580932617188,265.1000061035156,266.70001220703125,263.04998779296875,264.6499938964844,5067703
2018-07-27,134.9669952392578,262.1499938964844,266.8999938964844,259.6499938964844,266.3999938964844,1894632
2018-07-30,135.147216796875,262.5,266.6000061035156,261.3999938964844,262.8999938964844,2942350
2018-07-31,134.42642211914062,261.1000061035156,264.04998779296875,260.3500061035156,263.79998779296875,2740402
2018-08-01,139.34320068359375,270.6499938964844,272.20001220703125,261.6000061035156,262.0,5612544
2018-08-02,140.8362274169922,273.54998779296875,274.95001220703125,271.1499938964844,274.5,4956127
2018-08-03,143.77088928222656,279.25,282.3500061035156,273.6499938964844,274.0,4085402
2018-08-06,145.77880859375,283.1499938964844,285.6000061035156,278.25,278.8500061035156,3484913
2018-08-07,141.78872680664062,275.3999938964844,288.75,273.04998779296875,283.1499938964844,7450244
2018-08-08,142.09764099121094,276.0,279.45001220703125,274.75,275.5,2520870
2018-08-09,144.20849609375,280.1000061035156,284.0,276.0,278.3500061035156,2927225
2018-08-10,141.99464416503906,275.79998779296875,279.70001220703125,272.5,279.0,3772563
2018-08-13,143.6679229736328,279.04998779296875,284.6499938964844,276.0,280.0,11139623
2018-08-14,145.52134704589844,282.6499938964844,283.8500061035156,277.0,280.0,4627652
2018-08-16,145.54708862304688,282.70001220703125,286.29998779296875,280.0,280.0,5176282
2018-08-17,144.87779235839844,281.3999938964844,286.6000061035156,281.0,285.0,2099688
2018-08-20,146.24212646484375,284.04998779296875,290.70001220703125,281.75,283.5,3933773
2018-08-21,150.0262451171875,291.3999938964844,292.6000061035156,285.0,286.1499938964844,9141975
2018-08-23,148.81637573242188,289.04998779296875,293.75,287.1499938964844,291.70001220703125,2519637
2018-08-24,149.82028198242188,291.0,293.6000061035156,287.79998779296875,287.8500061035156,2713583
2018-08-27,150.92726135253906,293.1499938964844,295.45001220703125,289.45001220703125,291.0,2254135
2018-08-28,151.7252655029297,294.70001220703125,299.75,290.25,295.0,5513680
2018-08-29,147.4005584716797,286.29998779296875,294.3500061035156,285.29998779296875,292.70001220703125,4002186
2018-08-30,147.0401611328125,285.6000061035156,290.54998779296875,284.6000061035156,286.45001220703125,3861403
2018-08-31,147.2203369140625,285.95001220703125,290.5,285.0,286.25,3716997
2018-09-03,148.09556579589844,287.6499938964844,289.79998779296875,286.1499938964844,287.5,1649749
2018-09-04,143.9510955810547,279.6000061035156,288.8999938964844,278.6000061035156,288.0,2288405
2018-09-05,142.92140197753906,277.6000061035156,279.95001220703125,272.0,279.8999938964844,3826466
2018-09-06,146.0362091064453,283.6499938964844,284.8999938964844,277.3500061035156,278.5,2999616
2018-09-07,147.5292510986328,286.54998779296875,287.5,283.0,284.6000061035156,2997117
2018-09-10,143.9510955810547,279.6000061035156,286.3500061035156,278.6499938964844,286.0,1481435
2018-09-11,145.7530059814453,283.1000061035156,288.0,275.79998779296875,282.79998779296875,4990180
2018-09-12,144.95501708984375,281.54998779296875,287.6000061035156,279.25,284.3999938964844,2444610
2018-09-14,142.79269409179688,277.3500061035156,285.8999938964844,277.0,283.0,2742349
2018-09-17,141.5570526123047,274.95001220703125,278.1499938964844,273.25,277.5,2919286
2018-09-18,140.6560516357422,273.20001220703125,276.0,268.70001220703125,274.6000061035156,6420009
2018-09-19,144.4916534423828,280.6499938964844,281.95001220703125,275.0,275.0,4919007
2018-09-21,141.7115020751953,275.25,286.25,273.6000061035156,283.20001220703125,6865912
2018-09-24,144.7490692138672,281.1499938964844,284.0,275.6499938964844,276.0,3100325
2018-09-25,141.7115020751953,275.25,285.95001220703125,273.1499938964844,281.1499938964844,3583776
2018-09-26,140.3214111328125,272.54998779296875,277.0,270.20001220703125,277.0,2300500
2018-09-27,142.22633361816406,276.25,278.0,270.95001220703125,272.79998779296875,8043170
2018-09-28,137.077880859375,266.25,275.79998779296875,264.3999938964844,275.79998779296875,5726123
2018-10-01,140.4501190185547,272.79998779296875,274.0,262.79998779296875,266.25,2087868
2018-10-03,142.48379516601562,276.75,281.0,268.8500061035156,273.0,2987093
2018-10-04,140.70755004882812,273.29998779296875,277.79998779296875,268.6000061035156,271.6000061035156,3688374
2018-10-05,135.4046630859375,263.0,274.1499938964844,261.29998779296875,274.0,4049564
2018-10-08,137.92739868164062,267.8999938964844,272.95001220703125,262.5,263.0,3474214
2018-10-09,141.04220581054688,273.95001220703125,277.70001220703125,268.5,269.8999938964844,4336163
2018-10-10,140.39865112304688,272.70001220703125,276.79998779296875,270.29998779296875,271.5,3200859
2018-10-11,137.258056640625,266.6000061035156,274.5,265.04998779296875,268.0,3417428
2018-10-12,143.4362335205078,278.6000061035156,279.8999938964844,268.5,269.5,2924606
2018-10-15,141.9174346923828,275.6499938964844,280.8500061035156,272.75,279.29998779296875,1601283
2018-10-16,142.3035430908203,276.3999938964844,278.3500061035156,274.3999938964844,277.20001220703125,1333617
2018-10-17,144.10552978515625,279.8999938964844,283.8500061035156,277.20001220703125,279.6000061035156,3081043
2018-10-19,141.66001892089844,275.1499938964844,281.20001220703125,274.45001220703125,279.1499938964844,3796642
2018-10-22,141.84019470214844,275.5,280.6499938964844,274.1000061035156,277.5,2396693
2018-10-23,142.79269409179688,277.3500061035156,280.8500061035156,274.29998779296875,274.5,2496068
2018-10-24,142.7412109375,277.25,280.20001220703125,273.6000061035156,280.0,4457722
2018-10-25,145.2896728515625,282.20001220703125,283.95001220703125,274.1000061035156,274.79998779296875,4386393
2018-10-26,144.72335815429688,281.1000061035156,283.70001220703125,275.79998779296875,283.1000061035156,3061111
2018-10-29,147.96688842773438,287.3999938964844,289.20001220703125,277.3500061035156,281.5,2467759
2018-10-30,142.0203857421875,275.8500061035156,286.3999938964844,275.0,286.1499938964844,2757658
2018-10-31,137.0263671875,266.1499938964844,267.8999938964844,263.79998779296875,265.0,17306128
2018-11-01,134.42642211914062,261.1000061035156,266.0,260.1000061035156,264.95001220703125,10473803
2018-11-02,134.65806579589844,261.54998779296875,264.5,258.8999938964844,259.0,38131025
2018-11-05,136.0996856689453,264.3500061035156,265.25,261.79998779296875,261.95001220703125,4885178
2018-11-06,136.89767456054688,265.8999938964844,266.6499938964844,264.20001220703125,265.0,3082375
2018-11-07,137.4382781982422,266.95001220703125,267.29998779296875,265.8999938964844,266.5,791919
2018-11-09,138.21054077148438,268.45001220703125,271.8500061035156,266.54998779296875,268.75,10993780
2018-11-12,135.86798095703125,263.8999938964844,271.3999938964844,263.20001220703125,270.0,4675510
2018-11-13,136.71749877929688,265.54998779296875,268.70001220703125,264.1499938964844,267.5,6900299
2018-11-14,136.82044982910156,265.75,267.0,263.75,267.0,2565400
2018-11-15,135.48184204101562,263.1499938964844,266.5,262.1000061035156,265.75,1915858
2018-11-16,135.7392578125,263.6499938964844,265.79998779296875,261.29998779296875,264.0,3068376
2018-11-19,135.99671936035156,264.1499938964844,264.70001220703125,262.6499938964844,264.5,3190105
2018-11-20,134.60658264160156,261.45001220703125,265.6000061035156,261.0,264.0,4253683
2018-11-21,134.34921264648438,260.95001220703125,263.20001220703125,260.25,261.5,4772956
2018-11-22,132.13536071777344,256.6499938964844,261.3999938964844,256.1000061035156,261.0,2679794
2018-11-26,129.09776306152344,250.75,258.5,247.1999969482422,256.95001220703125,9857080
2018-11-27,129.68983459472656,251.89999389648438,254.1999969482422,250.14999389648438,252.5,4368734
2018-11-28,127.60469055175781,247.85000610351562,253.75,247.25,252.5,8248590
2018-11-29,127.11560821533203,246.89999389648438,250.60000610351562,241.0,250.0,18393945
2018-11-30,126.08589935302734,244.89999389648438,248.39999389648438,239.0500030517578,247.0,12789209
2018-12-03,128.19674682617188,249.0,251.8000030517578,245.35000610351562,246.0,6676768
2018-12-04,129.8699951171875,252.25,254.0,248.1999969482422,248.89999389648438,4526954
2018-12-05,126.2918472290039,245.3000030517578,252.4499969482422,244.0,251.5,3578109
2018-12-06,123.87207794189453,240.60000610351562,245.64999389648438,239.8000030517578,244.5,4379973
2018-12-07,121.88990020751953,236.75,242.4499969482422,236.5,241.9499969482422,6098755
2018-12-10,122.6106948852539,238.14999389648438,239.10000610351562,228.35000610351562,234.75,17424227
2018-12-11,124.64433288574219,242.10000610351562,244.0500030517578,233.75,233.75,8502316
2018-12-12,127.1670913696289,247.0,247.75,239.8000030517578,241.5,9121577
2018-12-13,125.90572357177734,244.5500030517578,249.0,243.0,249.0,6797383
2018-12-14,127.24430084228516,247.14999389648438,250.39999389648438,242.0,244.5500030517578,7521713
2018-12-17,129.45814514160156,251.4499969482422,253.6999969482422,246.1999969482422,249.10000610351562,9686146
2018-12-18,129.66407775878906,251.85000610351562,253.85000610351562,249.0500030517578,252.5,6477964
2018-12-19,129.22647094726562,251.0,253.3000030517578,250.0,252.6999969482422,5294565
2018-12-20,128.9947967529297,250.5500030517578,254.5,248.0,248.60000610351562,8601671
2018-12-21,130.12745666503906,252.75,253.35000610351562,247.14999389648438,250.89999389648438,12802364
2018-12-24,127.83637237548828,248.3000030517578,254.0,246.89999389648438,254.0,4368190
2018-12-26,127.19280242919922,247.0500030517578,250.39999389648438,246.0,248.3000030517578,5069728
2018-12-27,128.8145751953125,250.1999969482422,254.0,243.85000610351562,249.5,26011475
2018-12-28,128.46995544433594,242.3000030517578,243.35000610351562,239.75,242.89999389648438,10583895
2018-12-31,127.64810943603516,240.75,244.39999389648438,240.10000610351562,242.6999969482422,3549194
2019-01-01,128.04580688476562,241.5,242.4499969482422,240.25,241.0,2227003
2019-01-02,125.50076293945312,236.6999969482422,241.4499969482422,236.0500030517578,240.89999389648438,3897893
2019-01-03,124.5993881225586,235.0,238.6999969482422,233.1999969482422,238.6999969482422,5664136
2019-01-04,125.39472961425781,236.5,237.6999969482422,233.75,234.10000610351562,2885669
2019-01-07,124.33433532714844,234.5,238.0,233.5,238.0,7347326
2019-01-08,123.69805908203125,233.3000030517578,235.14999389648438,232.14999389648438,234.5,4206563
2019-01-09,123.35343933105469,232.64999389648438,234.85000610351562,231.8000030517578,234.1999969482422,2954253
2019-01-10,123.53899383544922,233.0,233.9499969482422,232.0500030517578,233.8000030517578,2292058
2019-01-11,123.14132690429688,232.25,233.75,231.5,233.6999969482422,2446815
2019-01-14,122.42554473876953,230.89999389648438,232.5,229.0500030517578,232.39999389648438,2273231
2019-01-15,123.35343933105469,232.64999389648438,233.60000610351562,231.0500030517578,231.5,2323323
2019-01-16,123.03528594970703,232.0500030517578,233.39999389648438,231.5500030517578,232.8000030517578,2050899
2019-01-17,123.03528594970703,232.0500030517578,232.75,230.39999389648438,232.75,3220136
2019-01-18,121.94832611083984,230.0,232.5500030517578,229.60000610351562,232.14999389648438,2944908
2019-01-21,121.41814422607422,229.0,231.25,228.14999389648438,230.4499969482422,1904575
2019-01-22,120.75537109375,227.75,230.35000610351562,225.8000030517578,228.4499969482422,4564028
2019-01-23,119.58893585205078,225.5500030517578,228.0,225.25,227.8000030517578,2328748
2019-01-24,118.68757629394531,223.85000610351562,226.25,223.0,225.6999969482422,2838220
2019-01-25,117.1499252319336,220.9499969482422,226.1999969482422,220.10000610351562,224.25,3432012
2019-01-28,119.4033432006836,225.1999969482422,227.5,218.0500030517578,221.25,3917992
2019-01-29,117.99830627441406,222.5500030517578,225.85000610351562,221.14999389648438,225.39999389648438,3850399
2019-01-30,119.4033432006836,225.1999969482422,228.0,220.5500030517578,222.0,7349253
2019-01-31,119.11175537109375,224.64999389648438,227.5,223.0500030517578,226.5,15389786
2019-02-01,118.34292602539062,223.1999969482422,226.6999969482422,222.75,224.35000610351562,2820146
2019-02-04,117.75969696044922,222.10000610351562,224.1999969482422,220.0500030517578,223.3000030517578,3417620
2019-02-05,114.73748779296875,216.39999389648438,223.39999389648438,215.6999969482422,222.0,5557034
2019-02-06,116.6197280883789,219.9499969482422,220.6999969482422,216.35000610351562,216.5,3707342
2019-02-07,118.8731460571289,224.1999969482422,224.64999389648438,220.14999389648438,220.8000030517578,3111207
2019-02-08,115.93046569824219,218.64999389648438,225.64999389648438,217.60000610351562,223.89999389648438,2962142
2019-02-11,116.01001739501953,218.8000030517578,220.35000610351562,214.14999389648438,217.6999969482422,4580373
2019-02-12,118.26341247558594,223.0500030517578,223.89999389648438,219.35000610351562,219.8000030517578,7857592
2019-02-14,115.16168212890625,217.1999969482422,219.6999969482422,211.39999389648438,217.0,14953813
2019-02-15,116.6197280883789,219.9499969482422,221.5,214.6999969482422,219.89999389648438,11511255
2019-02-18,114.07474517822266,215.14999389648438,218.0,214.8000030517578,218.0,3651021
2019-02-19,113.59756469726562,214.25,218.9499969482422,213.5500030517578,215.25,5288764
2019-02-20,113.96869659423828,214.9499969482422,216.39999389648438,213.5500030517578,214.8000030517578,6637981
2019-02-21,113.30593872070312,213.6999969482422,215.6999969482422,213.1999969482422,215.0500030517578,4081685
2019-02-22,113.96869659423828,214.9499969482422,216.89999389648438,213.4499969482422,214.85000610351562,5229408
2019-02-25,113.65057373046875,214.35000610351562,216.6999969482422,212.6999969482422,216.0,9386982
2019-02-26,116.72577667236328,220.14999389648438,222.0,213.0,213.3000030517578,11886116
2019-02-27,117.41509246826172,221.4499969482422,224.39999389648438,219.60000610351562,221.5,8604781
2019-02-28,121.04700469970703,228.3000030517578,229.89999389648438,222.14999389648438,223.5,32625237
2019-03-01,123.35343933105469,232.64999389648438,233.0,226.60000610351562,228.8000030517578,9526492
2019-03-05,127.86019897460938,241.14999389648438,242.0,232.6999969482422,233.39999389648438,9391114
2019-03-06,128.7085418701172,242.75,246.1999969482422,238.0,241.14999389648438,9535153
2019-03-07,124.5993881225586,235.0,243.0,233.35000610351562,243.0,7181084
2019-03-08,124.54642486572266,234.89999389648438,237.5,229.60000610351562,233.10000610351562,12803612
2019-03-11,129.0531768798828,243.39999389648438,245.0,235.25,236.6999969482422,19931174
2019-03-12,128.8145751953125,242.9499969482422,246.89999389648438,241.1999969482422,245.0,9766818
2019-03-13,126.5346908569336,238.64999389648438,242.0,233.8000030517578,242.0,17949230
2019-03-14,128.94715881347656,243.1999969482422,244.10000610351562,238.5,240.89999389648438,13627811
2019-03-15,129.55690002441406,244.35000610351562,246.14999389648438,238.0,238.85000610351562,16465364
2019-03-18,129.4773406982422,244.1999969482422,245.60000610351562,242.0,243.9499969482422,5518089
2019-03-19,128.7880859375,242.89999389648438,247.89999389648438,241.35000610351562,244.5500030517578,10839789
2019-03-20,125.65984344482422,237.0,244.60000610351562,236.0,244.60000610351562,20268896
2019-03-22,126.09471893310547,231.9499969482422,233.8000030517578,230.0,232.6999969482422,14139706
2019-03-25,128.9487762451172,237.1999969482422,239.4499969482422,231.35000610351562,233.0,7458064
2019-03-26,128.54107666015625,236.4499969482422,242.75,234.3000030517578,237.25,7475564
2019-03-27,127.45381927490234,234.4499969482422,238.10000610351562,233.60000610351562,236.39999389648438,4777913
2019-03-28,128.35081481933594,236.10000610351562,237.64999389648438,232.75,234.39999389648438,20584925
2019-04-01,128.5138702392578,236.39999389648438,238.10000610351562,231.5,238.10000610351562,13985622
2019-04-02,128.5138702392578,236.39999389648438,239.5,235.5500030517578,238.9499969482422,7356923
2019-04-03,127.2635498046875,234.10000610351562,236.9499969482422,233.0,236.5,5120392
2019-04-04,127.6440658569336,234.8000030517578,235.5500030517578,232.5500030517578,235.0,3948463
2019-04-05,127.58971405029297,234.6999969482422,236.1999969482422,233.6999969482422,235.0,3044309
2019-04-08,126.63835144042969,232.9499969482422,236.1999969482422,231.60000610351562,235.0,4374595
2019-04-09,129.60113525390625,238.39999389648438,239.5,232.3000030517578,233.0,9383394
2019-04-10,130.4981231689453,240.0500030517578,242.89999389648438,238.39999389648438,238.89999389648438,8657560
2019-04-11,130.98739624023438,240.9499969482422,241.60000610351562,238.60000610351562,240.10000610351562,3347291
2019-04-12,130.9058380126953,240.8000030517578,242.0,239.4499969482422,242.0,3442878
2019-04-15,135.90725708007812,250.0,251.9499969482422,243.25,244.0,15659370
2019-04-16,136.77706909179688,251.60000610351562,256.70001220703125,248.0500030517578,252.0,71315879
2019-04-18,136.69552612304688,251.4499969482422,252.89999389648438,249.60000610351562,251.75,7981706
2019-04-22,137.02169799804688,252.0500030517578,252.5,248.9499969482422,251.4499969482422,4703770
2019-04-23,138.89720153808594,255.5,256.1000061035156,251.0,251.0,7446838
2019-04-24,138.08175659179688,254.0,258.29998779296875,253.39999389648438,256.0,14221692
2019-04-25,136.80421447753906,251.64999389648438,255.1999969482422,248.3000030517578,254.85000610351562,20305140
2019-04-26,136.1790313720703,250.5,255.5,250.0,253.5,2428140
2019-04-30,137.0760498046875,252.14999389648438,253.5,246.60000610351562,250.5,6190464
2019-05-02,137.1847686767578,252.35000610351562,254.89999389648438,250.4499969482422,251.60000610351562,5411707
2019-05-03,137.0488739013672,252.10000610351562,256.0,251.3000030517578,253.0500030517578,5010129
2019-05-06,136.64117431640625,251.35000610351562,253.1999969482422,248.0500030517578,250.10000610351562,3270067
2019-05-07,135.2548828125,248.8000030517578,255.25,247.6999969482422,252.0,4320204
2019-05-08,135.41799926757812,249.10000610351562,252.10000610351562,248.5500030517578,249.60000610351562,4215463
2019-05-09,131.72129821777344,242.3000030517578,250.64999389648438,241.14999389648438,249.10000610351562,6993406
2019-05-10,131.15049743652344,241.25,244.9499969482422,240.0,242.0,5294698
2019-05-13,131.61256408691406,242.10000610351562,242.89999389648438,237.60000610351562,241.75,3539800
2019-05-14,131.449462890625,241.8000030517578,243.0,238.8000030517578,241.0,3301180
2019-05-15,127.80716705322266,235.10000610351562,242.39999389648438,233.4499969482422,241.75,5134147
2019-05-16,126.20347595214844,232.14999389648438,236.6999969482422,229.5500030517578,235.14999389648438,4788978
2019-05-17,128.37796020507812,236.14999389648438,238.0,232.35000610351562,233.10000610351562,7517604
2019-05-20,129.22061157226562,237.6999969482422,242.89999389648438,235.8000030517578,241.89999389648438,6976701
2019-05-21,128.9487762451172,237.1999969482422,241.4499969482422,234.5,239.6999969482422,5817365
2019-05-22,131.15049743652344,241.25,242.0,237.10000610351562,237.64999389648438,3916767
2019-05-23,132.72702026367188,244.14999389648438,245.0,239.6999969482422,243.0,4979182
2019-05-24,133.1347198486328,244.89999389648438,245.9499969482422,241.39999389648438,244.75,2407824
2019-05-27,132.69981384277344,244.10000610351562,246.4499969482422,243.10000610351562,244.89999389648438,1947123
2019-05-28,136.28778076171875,250.6999969482422,251.8000030517578,244.4499969482422,244.89999389648438,13294021
2019-05-29,136.28778076171875,250.6999969482422,251.60000610351562,247.4499969482422,249.89999389648438,3325742
2019-05-30,137.51092529296875,252.9499969482422,255.25,249.10000610351562,251.9499969482422,16592348
2019-05-31,137.80996704101562,253.5,262.95001220703125,252.1999969482422,261.0,22235393
2019-06-03,141.8328094482422,260.8999938964844,261.8999938964844,253.1999969482422,255.0,6895062
2019-06-04,143.19186401367188,263.3999938964844,264.1499938964844,258.1000061035156,258.79998779296875,6111033
2019-06-06,146.31773376464844,269.1499938964844,271.45001220703125,263.6499938964844,263.8999938964844,11211307
2019-06-07,144.3606719970703,265.54998779296875,269.70001220703125,263.6000061035156,269.1000061035156,4860923
2019-06-10,140.96299743652344,259.29998779296875,268.0,257.70001220703125,267.0,4916941
2019-06-11,140.66400146484375,258.75,262.45001220703125,257.54998779296875,260.3999938964844,4303321
2019-06-12,139.71266174316406,257.0,258.8999938964844,255.39999389648438,258.70001220703125,3093642
2019-06-13,138.95155334472656,255.60000610351562,258.70001220703125,253.60000610351562,256.0,3433631
2019-06-14,138.70692443847656,255.14999389648438,256.8999938964844,253.4499969482422,255.35000610351562,2805760
2019-06-17,138.78848266601562,255.3000030517578,257.6499938964844,250.6999969482422,255.0,5008880
2019-06-18,141.53379821777344,260.3500061035156,260.8999938964844,255.25,255.4499969482422,4171426
2019-06-19,139.7398223876953,257.04998779296875,262.6000061035156,255.14999389648438,260.5,2982858
2019-06-20,141.53379821777344,260.3500061035156,261.0,256.0,256.0,3042607
2019-06-21,138.21768188476562,254.25,265.3500061035156,251.89999389648438,260.0,20185830
2019-06-24,139.5767059326172,256.75,258.25,253.35000610351562,255.89999389648438,2633348
2019-06-25,140.44656372070312,258.3500061035156,259.0,254.5500030517578,255.0,2590646
2019-06-26,141.50662231445312,260.29998779296875,263.25,257.1499938964844,257.8999938964844,4030718
2019-06-27,141.01734924316406,259.3999938964844,261.70001220703125,258.0,259.25,13174124
2019-06-28,137.97305297851562,253.8000030517578,260.79998779296875,253.0,259.45001220703125,4626498
2019-07-01,135.49952697753906,249.25,256.3999938964844,248.0,254.25,4839632
2019-07-02,137.37503051757812,252.6999969482422,253.0,247.10000610351562,248.3000030517578,3955456
2019-07-03,136.42369079589844,250.9499969482422,254.14999389648438,250.3000030517578,252.6999969482422,2828456
2019-07-04,136.5052490234375,251.10000610351562,252.85000610351562,249.4499969482422,251.35000610351562,2555817
2019-07-05,131.50381469726562,241.89999389648438,253.1999969482422,240.85000610351562,251.5,4271783
2019-07-08,126.33937072753906,232.39999389648438,241.4499969482422,230.4499969482422,241.39999389648438,4588708
2019-07-09,124.81721496582031,229.60000610351562,235.1999969482422,228.1999969482422,232.5,9158261
2019-07-10,126.8558349609375,233.35000610351562,234.5,230.0500030517578,231.39999389648438,5900374
2019-07-11,127.69845581054688,234.89999389648438,235.75,232.60000610351562,235.0,4033341
2019-07-12,125.71421813964844,231.25,236.35000610351562,229.3000030517578,234.89999389648438,6741721
2019-07-15,125.25210571289062,230.39999389648438,231.6999969482422,228.25,231.0,3265924
2019-07-16,126.55681610107422,232.8000030517578,233.64999389648438,229.35000610351562,229.4499969482422,3739400
2019-07-17,125.03466796875,230.0,234.14999389648438,229.0,232.0,5404435
2019-07-18,119.76148223876953,220.3000030517578,230.89999389648438,219.5,230.0,8729774
2019-07-19,120.63126373291016,221.89999389648438,224.0500030517578,217.39999389648438,222.0,19100281
2019-07-22,120.35946655273438,221.39999389648438,223.14999389648438,216.35000610351562,222.8000030517578,5607789
2019-07-23,118.53831481933594,218.0500030517578,222.89999389648438,217.0,222.0,4983571
2019-07-24,117.8859634399414,216.85000610351562,219.4499969482422,215.39999389648438,218.39999389648438,4877895
2019-07-25,113.64566040039062,209.0500030517578,217.64999389648438,208.10000610351562,217.64999389648438,19251346
2019-07-26,114.51541137695312,210.64999389648438,212.9499969482422,205.5,209.0,10490177
2019-07-29,111.661376953125,205.39999389648438,212.60000610351562,204.5,210.64999389648438,11715160
2019-07-30,108.48114776611328,199.5500030517578,206.8000030517578,198.0,205.60000610351562,10527314
2019-07-31,111.14494323730469,204.4499969482422,206.0,197.0500030517578,199.1999969482422,10992207
2019-08-01,110.05767059326172,202.4499969482422,205.25,200.5,205.25,6018424
2019-08-02,107.20362091064453,197.1999969482422,201.0500030517578,195.35000610351562,200.89999389648438,6376599
2019-08-05,109.05197143554688,200.60000610351562,202.89999389648438,193.10000610351562,196.0,8942376
2019-08-06,111.4983139038086,205.10000610351562,207.75,198.5500030517578,198.5500030517578,12536563
2019-08-07,112.04193878173828,206.10000610351562,209.10000610351562,201.75,204.1999969482422,9270695
2019-08-08,115.16780853271484,211.85000610351562,213.3000030517578,204.85000610351562,206.14999389648438,8622272
2019-08-09,112.85736846923828,207.60000610351562,214.0,207.0,213.89999389648438,7027377
2019-08-13,110.764404296875,203.75,211.4499969482422,202.5,207.89999389648438,6907370
2019-08-14,108.99762725830078,200.5,208.5,195.64999389648438,208.5,16687905
2019-08-16,109.78587341308594,201.9499969482422,202.85000610351562,199.6999969482422,200.0,12556891
2019-08-19,108.15496063232422,198.9499969482422,203.10000610351562,198.5500030517578,202.6999969482422,5848151
2019-08-20,106.17074584960938,195.3000030517578,199.5,194.39999389648438,199.39999389648438,7496337
2019-08-21,102.63713836669922,188.8000030517578,195.4499969482422,188.10000610351562,195.0,10788976
2019-08-22,98.31527709960938,180.85000610351562,188.4499969482422,177.6999969482422,188.0,13370852
2019-08-23,102.2022476196289,188.0,189.39999389648438,180.14999389648438,180.85000610351562,11447263
2019-08-26,102.60997009277344,188.75,191.89999389648438,182.5500030517578,191.0,8851543
2019-08-27,104.29521942138672,191.85000610351562,194.25,189.0,190.0,11357212
2019-08-28,100.59854888916016,185.0500030517578,192.60000610351562,184.1999969482422,189.0,10791130
2019-08-29,102.74588775634766,189.0,190.3000030517578,182.10000610351562,183.3000030517578,31069292
2019-08-30,100.4354476928711,184.75,190.4499969482422,182.14999389648438,189.75,11880019
2019-09-03,98.42401123046875,181.0500030517578,185.6999969482422,180.0500030517578,183.0,7054535
2019-09-04,99.02200317382812,182.14999389648438,183.39999389648438,179.10000610351562,181.0500030517578,6030798
2019-09-05,105.9261245727539,194.85000610351562,196.39999389648438,183.8000030517578,183.89999389648438,29083353
2019-09-06,107.9647216796875,198.60000610351562,199.5,192.8000030517578,196.14999389648438,16095238
2019-09-09,108.3724365234375,199.35000610351562,200.10000610351562,196.8000030517578,198.10000610351562,5382211
2019-09-11,106.93181610107422,196.6999969482422,203.0,195.5500030517578,199.8000030517578,8755389
2019-09-12,107.47547149658203,197.6999969482422,199.1999969482422,195.39999389648438,197.60000610351562,6446408
2019-09-13,107.74726867675781,198.1999969482422,199.60000610351562,194.5,198.64999389648438,6979583
2019-09-16,109.02478790283203,200.5500030517578,201.1999969482422,196.60000610351562,197.64999389648438,3961273
2019-09-17,107.42108154296875,197.60000610351562,200.60000610351562,196.0,200.60000610351562,5885854
2019-09-18,104.5670394897461,192.35000610351562,199.1999969482422,191.75,198.4499969482422,5488038
2019-09-19,105.16502380371094,193.4499969482422,194.5,189.5,191.3000030517578,7916117
2019-09-20,108.75299072265625,200.0500030517578,202.39999389648438,188.85000610351562,193.6999969482422,30567231
2019-09-23,110.19359588623047,202.6999969482422,208.39999389648438,200.5500030517578,205.5,9396444
2019-09-24,107.72007751464844,198.14999389648438,205.6999969482422,197.10000610351562,203.60000610351562,9662821
2019-09-25,104.70291900634766,192.60000610351562,198.6999969482422,191.14999389648438,193.0,6873148
2019-09-26,110.51976776123047,203.3000030517578,204.85000610351562,189.5500030517578,190.64999389648438,20274950
2019-09-27,108.3724365234375,199.35000610351562,204.8000030517578,196.6999969482422,203.3000030517578,10240429
2019-09-30,108.64424896240234,199.85000610351562,200.75,196.5500030517578,197.5,7578946
2019-10-01,105.51838684082031,194.10000610351562,200.60000610351562,190.75,200.0,10416295
2019-10-03,101.52271270751953,186.75,193.0,185.25,193.0,12270678
2019-10-04,101.00627136230469,185.8000030517578,189.35000610351562,182.14999389648438,187.6999969482422,12238072
2019-10-07,100.24518585205078,184.39999389648438,188.1999969482422,183.0,186.9499969482422,6160378
2019-10-09,100.7616195678711,185.35000610351562,186.6999969482422,183.0,184.8000030517578,5808768
2019-10-10,100.32675170898438,184.5500030517578,185.89999389648438,183.6999969482422,185.0,4047661
2019-10-11,102.77304077148438,189.0500030517578,190.25,185.25,185.25,7104915
2019-10-14,103.34386444091797,190.10000610351562,190.8000030517578,187.9499969482422,189.60000610351562,6340044
2019-10-15,103.91466522216797,191.14999389648438,192.6999969482422,188.0500030517578,189.0,5459056
2019-10-16,105.76302337646484,194.5500030517578,196.1999969482422,191.35000610351562,192.3000030517578,7396404
2019-10-17,108.39961242675781,199.39999389648438,199.9499969482422,192.89999389648438,194.0,6611768
2019-10-18,111.96039581298828,205.9499969482422,206.5,197.75,198.8000030517578,12709671
2019-10-22,113.50971984863281,208.8000030517578,209.9499969482422,203.3000030517578,206.0,9795154
2019-10-23,113.50971984863281,208.8000030517578,211.6999969482422,206.5500030517578,209.39999389648438,7137614
2019-10-24,111.55267333984375,205.1999969482422,210.0,204.39999389648438,210.0,8470734
2019-10-25,111.9060287475586,205.85000610351562,206.9499969482422,203.0,206.60000610351562,5368529
2019-10-27,110.27511596679688,202.85000610351562,208.8000030517578,201.5500030517578,206.6999969482422,755584
2019-10-29,114.02616119384766,209.75,210.4499969482422,199.60000610351562,204.0,6925785
2019-10-30,112.12344360351562,206.25,210.9499969482422,205.60000610351562,210.75,4487164
2019-10-31,112.83018493652344,207.5500030517578,209.0,206.0,207.0,6655719
2019-11-01,112.5855712890625,207.10000610351562,208.0,201.85000610351562,205.0,7118433
2019-11-04,116.88021087646484,215.0,215.60000610351562,205.8000030517578,206.0,8489492
2019-11-05,114.7872543334961,211.14999389648438,217.5500030517578,209.60000610351562,217.0,12681517
2019-11-06,115.4667739868164,212.39999389648438,214.85000610351562,211.14999389648438,211.39999389648438,4344694
2019-11-07,115.52116394042969,212.5,213.75,210.89999389648438,213.5,3529240
2019-11-08,113.75435638427734,209.25,216.0,208.10000610351562,212.60000610351562,6324778
2019-11-11,114.08055877685547,209.85000610351562,210.8000030517578,205.75,208.9499969482422,3485203
2019-11-13,112.6670913696289,207.25,216.0,206.1999969482422,215.89999389648438,12228149
2019-11-14,110.00331115722656,202.35000610351562,208.5,201.75,208.5,4889669
2019-11-15,109.35093688964844,201.14999389648438,204.5,200.5,202.9499969482422,4544919
2019-11-18,108.88887786865234,200.3000030517578,202.0,198.25,202.0,5894876
2019-11-19,108.50834655761719,199.60000610351562,201.3000030517578,198.25,200.9499969482422,3836452
2019-11-20,110.38385772705078,203.0500030517578,204.0,199.4499969482422,199.89999389648438,4456738
2019-11-21,106.87745666503906,196.60000610351562,203.64999389648438,195.8000030517578,203.0,4650473
2019-11-22,108.1821517944336,199.0,199.35000610351562,196.3000030517578,196.9499969482422,4335573
2019-11-25,109.10633850097656,200.6999969482422,201.64999389648438,198.4499969482422,199.10000610351562,3884393
2019-11-26,107.50264739990234,197.75,202.10000610351562,196.1999969482422,201.0,8027053
2019-11-27,109.26941680908203,201.0,201.6999969482422,196.1999969482422,197.5,4378518
2019-11-28,111.9060287475586,205.85000610351562,206.35000610351562,199.8000030517578,200.5500030517578,7855291
2019-11-29,111.57984161376953,205.25,208.8000030517578,203.85000610351562,206.39999389648438,5422867
2019-12-02,111.9060287475586,205.85000610351562,206.39999389648438,202.25,205.1999969482422,3284647
2019-12-03,111.77014923095703,205.60000610351562,206.6999969482422,204.0,206.5,2619997
2019-12-04,110.22076416015625,202.75,205.0,201.14999389648438,204.60000610351562,5343182
2019-12-05,106.76873779296875,196.39999389648438,203.10000610351562,195.64999389648438,202.5,6745934
2019-12-06,104.37675476074219,192.0,197.0,190.89999389648438,196.39999389648438,5644775
2019-12-09,104.18649291992188,191.64999389648438,193.60000610351562,191.0,191.9499969482422,3992473
2019-12-10,101.767333984375,187.1999969482422,192.4499969482422,186.5500030517578,192.0,4431410
2019-12-11,101.74018096923828,187.14999389648438,189.35000610351562,185.0,188.3000030517578,8520046
2019-12-12,103.37105560302734,190.14999389648438,190.85000610351562,186.25,188.3000030517578,8081188
2019-12-13,106.68717956542969,196.25,196.89999389648438,191.3000030517578,191.6999969482422,5851149
2019-12-16,104.70291900634766,192.60000610351562,197.3000030517578,192.0,197.0,3154315
2019-12-17,106.65999603271484,196.1999969482422,196.5,192.0500030517578,193.4499969482422,3652710
2019-12-18,107.50264739990234,197.75,198.5,194.8000030517578,195.85000610351562,3623918
2019-12-19,107.0405502319336,196.89999389648438,198.10000610351562,195.25,197.39999389648438,2015809
2019-12-20,109.16071319580078,200.8000030517578,202.6999969482422,196.14999389648438,196.85000610351562,5806708
2019-12-23,107.23079681396484,197.25,202.35000610351562,196.3000030517578,200.60000610351562,6665480
2019-12-24,108.15496063232422,198.9499969482422,199.6999969482422,197.39999389648438,197.8000030517578,3113553
2019-12-26,107.25801086425781,197.3000030517578,201.39999389648438,195.1999969482422,198.39999389648438,8630191
2019-12-27,110.62850189208984,203.5,205.5,197.64999389648438,198.5,5046833
2019-12-30,111.87885284423828,205.8000030517578,206.25,201.1999969482422,203.5500030517578,4696784
2019-12-31,114.89598846435547,211.35000610351562,212.4499969482422,204.4499969482422,205.0,10534842
2020-01-01,115.22215270996094,211.9499969482422,212.60000610351562,208.39999389648438,211.35000610351562,6447592
2020-01-02,114.76007843017578,211.10000610351562,212.8000030517578,208.3000030517578,212.5,5958343
2020-01-03,115.16780853271484,211.85000610351562,212.60000610351562,207.6999969482422,210.0,6452638
2020-01-06,111.82447814941406,205.6999969482422,209.9499969482422,203.4499969482422,209.9499969482422,6853058
2020-01-07,111.82447814941406,205.6999969482422,208.1999969482422,204.35000610351562,206.5,5243225
2020-01-08,108.83453369140625,200.1999969482422,204.5500030517578,198.1999969482422,203.0,7295998
2020-01-09,107.63854217529297,198.0,203.6999969482422,197.35000610351562,203.25,10321169
2020-01-10,111.60700988769531,205.3000030517578,206.5500030517578,198.9499969482422,199.14999389648438,13533598
2020-01-13,115.00472259521484,211.5500030517578,212.0,205.0,205.3000030517578,9863555
2020-01-14,115.76576232910156,212.9499969482422,213.5,209.75,211.14999389648438,5417581
2020-01-15,115.49398803710938,212.4499969482422,214.60000610351562,211.3000030517578,212.60000610351562,4863227
2020-01-16,114.29801177978516,210.25,212.6999969482422,207.10000610351562,212.4499969482422,6937929
2020-01-17,113.02046203613281,207.89999389648438,210.5500030517578,206.10000610351562,210.0,5985342
2020-01-20,109.35093688964844,201.14999389648438,209.8000030517578,200.5,208.0,8110607
2020-01-21,109.89456939697266,202.14999389648438,205.25,201.14999389648438,201.14999389648438,6347967
2020-01-22,104.32240295410156,191.89999389648438,199.39999389648438,190.9499969482422,199.10000610351562,19096395
2020-01-23,103.6972427368164,190.75,195.1999969482422,189.85000610351562,192.0500030517578,16369722
2020-01-24,105.43685913085938,193.9499969482422,196.3000030517578,192.14999389648438,193.0,10626281
2020-01-27,105.11065673828125,193.35000610351562,195.0,192.0,193.9499969482422,7195361
2020-01-28,102.82742309570312,189.14999389648438,194.25,188.39999389648438,193.89999389648438,10274562
2020-01-29,103.86032104492188,191.0500030517578,193.0,188.0,191.0,10602818
2020-01-30,102.1750717163086,187.9499969482422,192.35000610351562,187.5,191.39999389648438,10859103
2020-01-31,98.77738189697266,181.6999969482422,189.4499969482422,180.0,188.8000030517578,35281395
2020-02-03,97.11931610107422,178.64999389648438,179.4499969482422,172.14999389648438,174.89999389648438,15284598
2020-02-04,99.2122802734375,182.5,183.0,179.75,180.75,10043759
2020-02-05,97.44549560546875,179.25,184.0,178.5,184.0,9468632
2020-02-06,97.82601928710938,179.9499969482422,181.60000610351562,178.25,180.1999969482422,6917941
2020-02-07,100.59854888916016,185.0500030517578,186.0500030517578,178.10000610351562,180.3000030517578,13470302
2020-02-10,97.22803497314453,178.85000610351562,185.0,177.64999389648438,184.89999389648438,19665611
2020-02-11,97.49983978271484,179.35000610351562,181.5,176.25,180.0,16397703
2020-02-12,98.01630401611328,180.3000030517578,183.39999389648438,178.1999969482422,181.0,14669421
2020-02-13,96.65723419189453,177.8000030517578,180.9499969482422,175.85000610351562,180.3000030517578,11781999
2020-02-14,94.99915313720703,174.75,178.89999389648438,174.1999969482422,178.0,15392705
2020-02-17,91.24811553955078,167.85000610351562,175.1999969482422,166.8000030517578,174.75,15997350
2020-02-18,93.42266082763672,171.85000610351562,173.9499969482422,165.0,168.10000610351562,27643844
2020-02-19,96.63004302978516,177.75,178.5500030517578,174.25,176.35000610351562,21092109
2020-02-20,97.49983978271484,179.35000610351562,180.25,175.1999969482422,177.75,16776977
2020-02-24,95.05351257324219,174.85000610351562,178.89999389648438,173.3000030517578,178.75,9952676
2020-02-25,95.18943786621094,175.10000610351562,178.6999969482422,174.1999969482422,176.10000610351562,13534936
2020-02-26,94.48272705078125,173.8000030517578,177.75,172.64999389648438,174.1999969482422,10925243
2020-02-27,94.64581298828125,174.10000610351562,174.5500030517578,169.60000610351562,173.75,11500515
2020-02-28,91.547119140625,168.39999389648438,171.8000030517578,166.75,171.5500030517578,14694382
2020-03-02,92.0635757446289,169.35000610351562,175.0,168.3000030517578,172.64999389648438,11962711
2020-03-03,96.87467956542969,178.1999969482422,179.64999389648438,170.89999389648438,171.35000610351562,17015816
2020-03-04,96.8203353881836,178.10000610351562,179.8000030517578,174.10000610351562,178.25,9858330
2020-03-05,96.30387115478516,177.14999389648438,180.1999969482422,172.1999969482422,180.0,12349902
2020-03-06,91.73738861083984,168.75,173.0,166.5,166.6999969482422,10629291
2020-03-09,85.8661880493164,157.9499969482422,166.6999969482422,156.9499969482422,165.8000030517578,23967899
2020-03-11,91.32967376708984,168.0,169.89999389648438,157.0500030517578,158.10000610351562,28399797
2020-03-12,84.01785278320312,154.5500030517578,163.0,150.10000610351562,161.0,33250878
2020-03-13,83.77323913574219,154.10000610351562,161.5500030517578,123.6500015258789,146.25,43328010
2020-03-16,78.22820281982422,143.89999389648438,151.35000610351562,143.10000610351562,150.9499969482422,23542677
2020-03-17,79.31546020507812,145.89999389648438,155.39999389648438,142.3000030517578,145.1999969482422,18989633
2020-03-18,78.85337829589844,145.0500030517578,151.85000610351562,143.0,151.60000610351562,18737193
2020-03-19,73.2231216430664,123.55000305175781,133.5,122.0,128.0,28547877
2020-03-20,78.70521545410156,132.8000030517578,135.8000030517578,122.6500015258789,124.5,24022133
2020-03-23,75.77156066894531,127.8499984741211,134.85000610351562,120.05000305175781,122.5,17884315
2020-03-24,75.77156066894531,127.8499984741211,135.0,125.44999694824219,129.25,9991023
2020-03-25,73.78616333007812,124.5,129.25,123.69999694824219,126.0,8339454
2020-03-26,73.04531860351562,123.25,127.0,119.19999694824219,126.0,28364001
2020-03-27,78.05328369140625,131.6999969482422,132.9499969482422,125.0,125.9000015258789,18332679
2020-03-30,78.91264343261719,133.14999389648438,134.75,127.19999694824219,127.55000305175781,12357349
2020-03-31,83.00200653076172,140.0500030517578,142.35000610351562,134.25,135.10000610351562,14997503
2020-04-01,82.64640045166016,139.4499969482422,141.25,137.0500030517578,138.75,8833033
2020-04-03,81.63888549804688,137.75,139.89999389648438,131.8000030517578,138.60000610351562,10936160
2020-04-07,83.06127166748047,140.14999389648438,142.39999389648438,137.14999389648438,140.3000030517578,8203204
2020-04-08,81.4018325805664,137.35000610351562,143.39999389648438,137.0,140.0,7070293
2020-04-09,83.44648742675781,140.8000030517578,141.4499969482422,138.0,139.1999969482422,5078557
2020-04-13,86.46904754638672,145.89999389648438,146.6999969482422,138.35000610351562,140.8000030517578,10691543
2020-04-15,87.0320816040039,146.85000610351562,151.60000610351562,146.0,147.39999389648438,10487965
2020-04-16,87.35803985595703,147.39999389648438,150.5,144.39999389648438,144.60000610351562,9736774
2020-04-17,88.15814208984375,148.75,152.4499969482422,148.3000030517578,151.5,7093925
2020-04-20,85.4615249633789,144.1999969482422,149.89999389648438,143.0,149.89999389648438,7139688
2020-04-21,82.37972259521484,139.0,141.60000610351562,137.8000030517578,141.0,6501336
2020-04-22,83.38724517822266,140.6999969482422,141.3000030517578,135.0,138.1999969482422,5604252
2020-04-23,83.5057601928711,140.89999389648438,144.75,140.10000610351562,140.8000030517578,7553183
2020-04-24,81.19438171386719,137.0,143.8000030517578,135.8000030517578,140.60000610351562,11701166
2020-04-27,81.8463134765625,138.10000610351562,139.6999969482422,137.5,139.0,4238903
2020-04-28,80.24613189697266,135.39999389648438,139.5500030517578,134.4499969482422,138.60000610351562,7064210
2020-04-29,82.88348388671875,139.85000610351562,140.85000610351562,135.35000610351562,135.5,7399346
2020-04-30,88.00997924804688,148.5,149.4499969482422,141.35000610351562,141.5,13145052
2020-05-04,84.33551025390625,142.3000030517578,144.6999969482422,140.35000610351562,144.6999969482422,8356099
2020-05-05,81.78706359863281,138.0,147.25,137.35000610351562,143.89999389648438,11879416
2020-05-06,79.26824188232422,133.75,139.35000610351562,133.14999389648438,139.35000610351562,10427774
2020-05-07,77.5198974609375,130.8000030517578,133.0,130.0,130.0,10860354
2020-05-08,76.45311737060547,129.0,133.1999969482422,128.5500030517578,132.85000610351562,7096898
2020-05-11,76.12713623046875,128.4499969482422,131.0500030517578,128.0500030517578,130.14999389648438,6657844
2020-05-12,75.17888641357422,126.8499984741211,129.0500030517578,125.30000305175781,128.1999969482422,8128169
2020-05-13,77.40137481689453,130.60000610351562,132.5,128.5,132.5,11135898
2020-05-14,76.24565887451172,128.64999389648438,131.4499969482422,128.0500030517578,129.85000610351562,5663178
2020-05-15,76.8087158203125,129.60000610351562,130.85000610351562,127.75,129.6999969482422,6296826
2020-05-18,72.12669372558594,121.69999694824219,127.0,121.05000305175781,127.0,24334121
2020-05-19,73.25274658203125,123.5999984741211,124.1500015258789,121.80000305175781,123.0999984741211,9537927
2020-05-20,73.04531860351562,123.25,125.1500015258789,121.8499984741211,123.0,8087994
2020-05-21,73.78616333007812,124.5,126.25,122.80000305175781,123.9000015258789,6187181
2020-05-22,74.20101928710938,125.19999694824219,126.05000305175781,121.9000015258789,124.0,7128048
2020-05-26,75.41597747802734,127.25,128.0,125.0,125.8499984741211,6182999
2020-05-27,77.5198974609375,130.8000030517578,131.35000610351562,126.0,127.25,6084254
2020-05-28,79.35713958740234,133.89999389648438,134.3000030517578,129.3000030517578,130.85000610351562,7882781
2020-05-29,83.74282836914062,141.3000030517578,142.4499969482422,132.25,133.5,16208002
2020-06-01,88.03959655761719,148.5500030517578,149.75,141.5500030517578,142.10000610351562,21204876
2020-06-02,84.98741149902344,143.39999389648438,149.14999389648438,143.0,149.14999389648438,16679738
2020-06-03,83.9798812866211,141.6999969482422,145.10000610351562,141.10000610351562,145.0,11560484
2020-06-04,83.12053680419922,140.25,142.60000610351562,139.35000610351562,141.0,6295232
2020-06-05,85.84675598144531,144.85000610351562,145.75,140.5,141.0,11872471
2020-06-08,86.94318389892578,146.6999969482422,148.9499969482422,144.75,148.0,11258686
2020-06-09,85.52079772949219,144.3000030517578,147.9499969482422,143.64999389648438,147.9499969482422,6957064
2020-06-10,83.38724517822266,140.6999969482422,144.75,140.1999969482422,144.0,8914993
2020-06-11,81.60926818847656,137.6999969482422,142.89999389648438,137.5,140.85000610351562,9259185
2020-06-12,79.8016357421875,134.64999389648438,135.5500030517578,132.6999969482422,133.10000610351562,8424817
2020-06-15,78.29035949707031,132.10000610351562,135.0,130.5,134.6999969482422,8217803
2020-06-16,77.72733306884766,131.14999389648438,135.0,129.5500030517578,134.5,7130557
2020-06-17,76.71981048583984,129.4499969482422,133.89999389648438,129.10000610351562,131.14999389648438,9071758
2020-06-18,81.54998779296875,137.60000610351562,139.6999969482422,128.14999389648438,129.0,34586616
2020-06-19,81.3425521850586,137.25,140.0,135.1999969482422,140.0,17468335
2020-06-22,85.13556671142578,143.64999389648438,143.9499969482422,137.10000610351562,137.25,19716275
2020-06-23,85.25411987304688,143.85000610351562,146.75,143.1999969482422,144.9499969482422,10955603
2020-06-24,83.89099884033203,141.5500030517578,146.4499969482422,140.75,145.6999969482422,10639459
2020-06-25,83.20943450927734,140.39999389648438,143.64999389648438,138.35000610351562,140.35000610351562,33546602
2020-06-26,84.21695709228516,142.10000610351562,143.0,139.60000610351562,140.89999389648438,8095985
2020-06-29,79.92015838623047,134.85000610351562,140.85000610351562,134.14999389648438,140.5500030517578,14575190
2020-06-30,78.73484802246094,132.85000610351562,137.14999389648438,132.35000610351562,136.35000610351562,9576074
2020-07-01,79.32752227783203,133.85000610351562,134.64999389648438,131.39999389648438,132.85000610351562,8412734
2020-07-02,79.1793441772461,133.60000610351562,135.0,132.8000030517578,134.0500030517578,7744251
2020-07-03,80.15724182128906,135.25,135.89999389648438,133.0500030517578,134.39999389648438,9092987
2020-07-06,80.51282501220703,135.85000610351562,137.5,135.25,136.3000030517578,9489759
2020-07-07,78.73484802246094,132.85000610351562,136.6999969482422,132.60000610351562,136.5,9903888
2020-07-08,78.73484802246094,132.85000610351562,134.4499969482422,131.60000610351562,132.9499969482422,12308795
2020-07-09,77.28282165527344,130.39999389648438,135.3000030517578,129.10000610351562,133.5,19347175
2020-07-10,77.7569580078125,131.1999969482422,132.25,128.1999969482422,129.5,17079028
2020-07-13,77.34210968017578,130.5,132.4499969482422,130.3000030517578,131.8000030517578,7748516
2020-07-14,76.00861358642578,128.25,130.39999389648438,128.0,130.39999389648438,7234601
2020-07-15,75.86044311523438,128.0,129.4499969482422,127.55000305175781,128.85000610351562,7037060
2020-07-16,74.76402282714844,126.1500015258789,128.0,124.5999984741211,127.75,11776854
2020-07-17,77.40137481689453,130.60000610351562,132.0500030517578,126.5999984741211,126.5999984741211,11331564
2020-07-20,78.82374572753906,133.0,134.60000610351562,131.6999969482422,133.5,16601999
2020-07-21,78.88301849365234,133.10000610351562,134.5,132.0,133.5,10375549
2020-07-22,79.4756851196289,134.10000610351562,136.6999969482422,132.75,133.6999969482422,14123342
2020-07-23,79.09044647216797,133.4499969482422,135.5500030517578,133.1999969482422,134.89999389648438,5534003
2020-07-24,77.99403381347656,131.60000610351562,132.89999389648438,130.0,132.89999389648438,8426361
2020-07-27,77.01612854003906,129.9499969482422,131.8000030517578,129.35000610351562,131.60000610351562,5361430
2020-07-28,77.3124771118164,130.4499969482422,130.75,128.5500030517578,130.10000610351562,5274135
2020-07-29,77.7569580078125,131.1999969482422,132.5,129.6999969482422,130.0,5729989
2020-07-30,76.21604919433594,128.60000610351562,131.6999969482422,128.3000030517578,131.3000030517578,5755341
2020-07-31,76.60127258300781,129.25,130.0,127.55000305175781,128.9499969482422,5309957
2020-08-03,76.0975341796875,128.39999389648438,129.89999389648438,128.10000610351562,129.89999389648438,4101202
2020-08-04,76.3049545288086,128.75,131.6999969482422,128.5,129.60000610351562,8225015
2020-08-05,76.12713623046875,128.4499969482422,130.10000610351562,128.1999969482422,129.14999389648438,6357451
2020-08-06,76.36422729492188,128.85000610351562,131.1999969482422,128.3000030517578,129.0,7904721
2020-08-07,76.8976058959961,129.75,130.35000610351562,128.5500030517578,129.5,6553466
2020-08-10,76.60127258300781,129.25,131.14999389648438,129.0,130.3000030517578,7123506
2020-08-11,77.10504913330078,130.10000610351562,131.0,129.6999969482422,130.14999389648438,5667893
2020-08-12,76.27530670166016,128.6999969482422,130.1999969482422,128.5,130.0,10656110
2020-08-13,76.42349243164062,128.9499969482422,130.14999389648438,128.3000030517578,128.75,7332156
2020-08-14,78.1421890258789,131.85000610351562,134.25,129.10000610351562,129.35000610351562,23946105
2020-08-17,80.60173034667969,136.0,137.0,132.35000610351562,133.5,23263111
2020-08-18,80.9869613647461,136.64999389648438,138.5500030517578,135.64999389648438,136.64999389648438,14886444
2020-08-19,80.0683364868164,135.10000610351562,138.0,134.4499969482422,137.5,7439983
2020-08-20,82.0833969116211,138.5,139.0,133.35000610351562,134.10000610351562,16864753
2020-08-21,82.6760482788086,139.5,141.8000030517578,139.0,139.5,18104009
2020-08-24,82.85383605957031,139.8000030517578,141.39999389648438,138.75,140.6999969482422,7621483
2020-08-25,83.23906707763672,140.4499969482422,141.0,139.1999969482422,140.85000610351562,8785149
2020-08-26,84.12804412841797,141.9499969482422,143.9499969482422,139.9499969482422,140.5500030517578,20083642
2020-08-27,83.29833221435547,140.5500030517578,143.25,140.0,142.6999969482422,9356533
2020-08-28,82.40933227539062,139.0500030517578,142.39999389648438,138.64999389648438,141.10000610351562,9056278
2020-08-31,79.62384033203125,134.35000610351562,142.14999389648438,133.89999389648438,139.25,18667357
2020-09-01,79.09044647216797,133.4499969482422,135.39999389648438,130.6999969482422,135.10000610351562,10566870
2020-09-02,80.77954864501953,136.3000030517578,137.5,134.75,135.5,16748685
2020-09-03,80.42391967773438,135.6999969482422,138.0500030517578,133.85000610351562,137.5,17375778
2020-09-04,78.49778747558594,132.4499969482422,136.4499969482422,131.35000610351562,134.10000610351562,9952446
2020-09-07,78.20145416259766,131.9499969482422,133.8000030517578,130.75,133.0,8781574
2020-09-08,77.01612854003906,129.9499969482422,132.64999389648438,129.35000610351562,132.10000610351562,7292289
2020-09-09,75.23815155029297,126.94999694824219,129.0,124.75,128.9499969482422,13115790
2020-09-10,75.06036376953125,126.6500015258789,128.3000030517578,125.5,128.0,12007280
2020-09-11,74.14173889160156,125.0999984741211,127.0,124.6500015258789,126.9000015258789,12588367
2020-09-14,74.05284881591797,124.94999694824219,126.8499984741211,124.0999984741211,126.0,12397073
2020-09-15,73.54907989501953,124.0999984741211,125.75,123.80000305175781,125.6500015258789,11537811
2020-09-16,73.40091705322266,123.8499984741211,124.5999984741211,123.0999984741211,124.5999984741211,8007948
2020-09-17,73.66761016845703,124.30000305175781,125.9000015258789,123.55000305175781,123.8499984741211,13049746
2020-09-18,73.28237915039062,123.6500015258789,125.25,122.9000015258789,125.25,14611915
2020-09-21,72.09706115722656,121.6500015258789,124.1500015258789,121.0999984741211,123.6500015258789,9573596
2020-09-22,70.85247802734375,119.55000305175781,122.0,118.8499984741211,122.0,10042777
2020-09-23,71.74146270751953,121.05000305175781,122.5,118.94999694824219,119.75,9281239
2020-09-24,68.57073974609375,115.69999694824219,121.0999984741211,115.19999694824219,121.05000305175781,15979042
2020-09-25,69.40045928955078,117.0999984741211,117.5999984741211,113.9000015258789,116.0,15988801
2020-09-28,71.11917114257812,120.0,121.30000305175781,117.9000015258789,117.9000015258789,9441818
2020-09-29,69.72642517089844,117.6500015258789,121.55000305175781,117.1500015258789,121.1500015258789,12065137
2020-09-30,68.74854278564453,116.0,117.0999984741211,114.6500015258789,117.0,14036702
2020-10-01,69.48936462402344,117.25,119.69999694824219,116.3499984741211,117.0999984741211,9963165
2020-10-05,70.17092895507812,118.4000015258789,119.5,117.55000305175781,117.94999694824219,8141288
2020-10-06,69.2226791381836,116.80000305175781,119.3499984741211,116.30000305175781,119.3499984741211,11221801
2020-10-07,67.82991790771484,114.44999694824219,117.19999694824219,114.25,117.0999984741211,11939558
2020-10-08,67.14835357666016,113.30000305175781,115.0,112.6500015258789,114.69999694824219,11663333
2020-10-09,68.09661102294922,114.9000015258789,115.9000015258789,112.30000305175781,113.3499984741211,15958362
2020-10-12,67.08908081054688,113.19999694824219,115.5,112.80000305175781,115.30000305175781,7949842
2020-10-13,67.47432708740234,113.8499984741211,114.6500015258789,112.3499984741211,113.30000305175781,9702168
2020-10-14,65.51854705810547,110.55000305175781,113.94999694824219,109.5999984741211,113.19999694824219,19663164
2020-10-15,65.54817199707031,110.5999984741211,112.69999694824219,109.55000305175781,110.8499984741211,15481671
2020-10-16,65.99266815185547,111.3499984741211,112.75,109.5999984741211,111.30000305175781,12231039
2020-10-19,67.97808837890625,114.69999694824219,115.3499984741211,111.25,112.5,18111350
2020-10-20,67.35578155517578,113.6500015258789,116.1500015258789,113.0999984741211,115.0999984741211,16554127
2020-10-21,68.21514129638672,115.0999984741211,116.9000015258789,113.55000305175781,113.6500015258789,20421726
2020-10-22,68.6300048828125,115.80000305175781,116.69999694824219,114.0999984741211,115.0,13653932
2020-10-23,69.75605010986328,117.69999694824219,118.19999694824219,116.19999694824219,116.80000305175781,11876035
2020-10-26,67.88919067382812,114.55000305175781,117.9000015258789,114.19999694824219,117.9000015258789,11243128
2020-10-27,67.5335693359375,113.94999694824219,115.1500015258789,112.8499984741211,114.19999694824219,10985477
2020-10-28,66.79275512695312,112.69999694824219,114.0,112.4000015258789,113.94999694824219,9366165
2020-10-29,65.69632720947266,110.8499984741211,112.44999694824219,110.55000305175781,112.0,11414157
2020-10-30,67.68173217773438,114.19999694824219,115.19999694824219,111.05000305175781,111.5999984741211,17773808
2020-11-02,68.57073974609375,115.69999694824219,116.30000305175781,113.55000305175781,114.5999984741211,12785804
2020-11-03,69.04484558105469,116.5,117.25,115.5999984741211,115.5999984741211,12319486
2020-11-04,68.03733825683594,114.80000305175781,116.5,113.69999694824219,116.5,7382741
2020-11-05,71.0302734375,119.8499984741211,120.5999984741211,115.25,116.3499984741211,14904921
2020-11-06,72.18595886230469,121.80000305175781,122.4000015258789,118.30000305175781,120.25,18908916
2020-11-09,72.15632629394531,121.75,122.9000015258789,120.6500015258789,122.9000015258789,14950332
2020-11-10,73.96393585205078,124.80000305175781,125.4000015258789,121.0,122.25,15808417
2020-11-11,74.58621978759766,125.8499984741211,126.19999694824219,123.55000305175781,126.0,16757799
2020-11-12,72.36376190185547,122.0999984741211,126.5,121.0,126.05000305175781,35738360
2020-11-13,74.6158676147461,125.9000015258789,126.3499984741211,121.19999694824219,122.5,23377931
2020-11-14,75.32706451416016,127.0999984741211,127.5,126.55000305175781,127.3499984741211,3308333
2020-11-17,76.27530670166016,128.6999969482422,129.3000030517578,127.19999694824219,128.3000030517578,20369194
2020-11-18,76.00861358642578,128.25,128.85000610351562,125.8499984741211,128.75,18943803
2020-11-19,76.8269271850586,122.05000305175781,124.30000305175781,120.8499984741211,121.75,29186699
2020-11-20,76.44924926757812,121.44999694824219,123.5,120.1500015258789,123.30000305175781,17573909
2020-11-23,77.2675552368164,122.75,123.44999694824219,119.75,121.25,17269543
2020-11-24,77.5822982788086,123.25,124.5999984741211,122.80000305175781,123.75,18199200
2020-11-25,78.02291107177734,123.94999694824219,126.75,123.25,123.94999694824219,22813211
2020-11-26,78.71533203125,125.05000305175781,125.3499984741211,123.3499984741211,124.5999984741211,13694237
2020-11-27,79.03008270263672,125.55000305175781,127.4000015258789,125.0,125.44999694824219,25297333
2020-12-01,79.56511688232422,126.4000015258789,127.0,124.69999694824219,126.0,8927107
2020-12-02,81.67385864257812,129.75,131.14999389648438,126.4000015258789,127.0,21081119
2020-12-03,84.00288391113281,133.4499969482422,134.0,129.25,131.35000610351562,25834042
2020-12-04,83.90848541259766,133.3000030517578,134.9499969482422,131.10000610351562,134.1999969482422,19371235
2020-12-07,86.11162567138672,136.8000030517578,137.1999969482422,133.0,133.3000030517578,14127211
2020-12-08,84.50645446777344,134.25,137.6999969482422,133.0,137.4499969482422,21479953
2020-12-09,84.78973388671875,134.6999969482422,137.5,134.39999389648438,135.39999389648438,18755465
2020-12-10,84.88416290283203,134.85000610351562,135.4499969482422,132.8000030517578,135.1999969482422,11912807
2020-12-11,87.02436828613281,138.25,140.6999969482422,134.5,134.6999969482422,30559578
2020-12-14,90.23467254638672,143.35000610351562,144.1999969482422,139.10000610351562,139.64999389648438,35605748
2020-12-15,90.07728576660156,143.10000610351562,144.35000610351562,140.8000030517578,143.64999389648438,18775793
2020-12-16,91.58802795410156,145.5,146.0,143.5,144.35000610351562,16119571
2020-12-17,90.29761505126953,143.4499969482422,145.25,142.5,145.25,12374964
2020-12-18,89.19602966308594,141.6999969482422,143.64999389648438,139.4499969482422,143.4499969482422,13628707
2020-12-21,83.68817138671875,132.9499969482422,141.5,129.35000610351562,141.39999389648438,20132655
2020-12-22,85.29332733154297,135.5,136.10000610351562,129.8000030517578,132.5,17257059
2020-12-23,85.01006317138672,135.0500030517578,136.6999969482422,134.10000610351562,135.5,10091831
2020-12-24,85.76541900634766,136.25,139.10000610351562,135.60000610351562,136.35000610351562,14518171
2020-12-28,86.64667510986328,137.64999389648438,139.89999389648438,137.1999969482422,139.89999389648438,15223089
2020-12-29,85.0415267944336,135.10000610351562,139.60000610351562,134.60000610351562,138.89999389648438,21146540
2020-12-30,85.35626220703125,135.60000610351562,136.75,134.1999969482422,136.75,14180071
2020-12-31,85.2618408203125,135.4499969482422,136.6999969482422,134.75,135.60000610351562,15237166
2021-01-01,85.19890594482422,135.35000610351562,136.25,135.0500030517578,135.39999389648438,6995084
2021-01-04,86.39488220214844,137.25,137.75,135.8000030517578,136.85000610351562,11669647
2021-01-05,85.07299041748047,135.14999389648438,136.75,134.39999389648438,136.75,12371842
2021-01-06,85.0415267944336,135.10000610351562,137.3000030517578,133.8000030517578,135.39999389648438,14133415
2021-01-07,85.92278289794922,136.5,137.5,135.5,136.5,17298525
2021-01-08,87.93710327148438,139.6999969482422,140.9499969482422,137.10000610351562,137.10000610351562,27964099
2021-01-11,89.19602966308594,141.6999969482422,143.0,140.3000030517578,140.5,24790683
2021-01-12,92.31192779541016,146.64999389648438,147.5500030517578,141.6999969482422,142.5,28433070
2021-01-13,91.77687072753906,145.8000030517578,148.8000030517578,143.5,148.5,21154236
2021-01-14,92.31192779541016,146.64999389648438,148.1999969482422,144.85000610351562,146.60000610351562,14755992
2021-01-15,90.17171478271484,143.25,147.60000610351562,142.35000610351562,146.8000030517578,10647008
2021-01-18,87.30760955810547,138.6999969482422,143.89999389648438,136.60000610351562,143.3000030517578,17085592
2021-01-19,88.18887329101562,140.10000610351562,141.89999389648438,139.60000610351562,140.85000610351562,8951075
2021-01-20,89.07013702392578,141.5,141.9499969482422,138.64999389648438,140.5,11820498
2021-01-21,86.45784759521484,137.35000610351562,142.14999389648438,136.5500030517578,142.0,10828875
2021-01-22,83.84553527832031,133.1999969482422,137.8000030517578,132.5,137.35000610351562,14810848
2021-01-25,82.99575805664062,131.85000610351562,135.5,130.85000610351562,134.89999389648438,10157077
2021-01-27,81.29617309570312,129.14999389648438,132.5500030517578,128.6999969482422,132.0,11638766
2021-01-28,80.69818878173828,128.1999969482422,129.9499969482422,127.80000305175781,128.0,11970139
2021-01-29,79.25040435791016,125.9000015258789,129.64999389648438,125.25,129.25,15268785
2021-02-01,81.2017593383789,129.0,129.75,125.8499984741211,126.4000015258789,12808349
2021-02-02,82.61804962158203,131.25,132.85000610351562,129.64999389648438,131.0,15485139
2021-02-03,86.39488220214844,137.25,138.0,131.25,131.25,25483402
2021-02-04,90.39204406738281,143.60000610351562,144.25,136.8000030517578,137.89999389648438,30751754
2021-02-05,88.6609878540039,140.85000610351562,144.3000030517578,139.35000610351562,144.10000610351562,19930467
2021-02-08,89.10161590576172,141.5500030517578,142.39999389648438,140.3000030517578,141.0500030517578,11810439
2021-02-09,87.65383911132812,139.25,143.4499969482422,138.6999969482422,141.5,8579689
2021-02-10,87.05583190917969,138.3000030517578,140.5500030517578,136.8000030517578,139.89999389648438,8709612
2021-02-11,86.33194732666016,137.14999389648438,139.5,136.0,138.3000030517578,14150298
2021-02-12,84.25469970703125,133.85000610351562,137.0,132.75,136.5,16453706
2021-02-15,83.24754333496094,132.25,134.85000610351562,132.0,134.5,10557047
2021-02-16,84.19173431396484,133.75,135.39999389648438,132.3000030517578,132.3000030517578,11735144
2021-02-17,85.10447692871094,135.1999969482422,135.75,132.89999389648438,133.3000030517578,8950258
2021-02-18,88.09446716308594,139.9499969482422,141.1999969482422,134.0500030517578,135.0,22069738
2021-02-19,87.65383911132812,139.25,143.1999969482422,137.25,139.9499969482422,22944780
2021-02-22,85.76541900634766,136.25,139.39999389648438,135.10000610351562,138.85000610351562,20401387
2021-02-23,86.17456817626953,136.89999389648438,138.60000610351562,136.1999969482422,137.60000610351562,19178437
2021-02-24,90.89559173583984,144.39999389648438,145.0,139.5,139.9499969482422,38775957
2021-02-25,98.26042175292969,156.10000610351562,157.6999969482422,145.75,146.89999389648438,85580477
2021-02-26,95.80548858642578,152.1999969482422,163.0,150.5,156.14999389648438,94115857
2021-03-01,97.15885162353516,154.35000610351562,157.10000610351562,153.6999969482422,155.5,22306110
2021-03-02,96.56084442138672,153.39999389648438,156.14999389648438,152.5,154.35000610351562,17565134
2021-03-03,97.5050277709961,154.89999389648438,157.3000030517578,153.8000030517578,155.0,17610904
2021-03-04,95.71107482910156,152.0500030517578,154.89999389648438,151.6999969482422,154.0,17162557
2021-03-05,95.11306762695312,151.10000610351562,152.6999969482422,149.6999969482422,152.0,17323282
2021-03-08,96.40345764160156,153.14999389648438,156.0,152.35000610351562,153.89999389648438,18727656
2021-03-09,95.4907455444336,151.6999969482422,154.9499969482422,148.5,154.9499969482422,14621175
2021-03-10,95.01864624023438,150.9499969482422,153.25,149.39999389648438,153.0500030517578,10788943
2021-03-12,94.73538970947266,150.5,153.0,149.0,152.0,14835735
2021-03-15,95.64690399169922,146.89999389648438,147.60000610351562,144.75,146.4499969482422,15783310
2021-03-16,94.8656005859375,145.6999969482422,148.0500030517578,144.60000610351562,147.0,11857531
2021-03-17,91.05665588378906,139.85000610351562,145.4499969482422,139.5,145.0500030517578,15554810
2021-03-18,89.23356628417969,137.0500030517578,141.75,136.1999969482422,141.5,14401450
2021-03-19,88.7452621459961,136.3000030517578,140.0,133.5,136.0,33294812
2021-03-22,88.32201385498047,135.64999389648438,137.60000610351562,135.3000030517578,137.60000610351562,11414253
2021-03-23,88.06158447265625,135.25,136.64999389648438,134.10000610351562,135.60000610351562,8887103
2021-03-24,86.14083099365234,132.3000030517578,135.14999389648438,132.0500030517578,133.89999389648438,10865477
2021-03-25,83.40620422363281,128.10000610351562,133.10000610351562,127.05000305175781,132.0,18629600
2021-03-26,84.38285064697266,129.60000610351562,130.39999389648438,128.6999969482422,129.10000610351562,9505615
2021-03-30,86.56404876708984,132.9499969482422,134.4499969482422,130.14999389648438,131.0,20582346
2021-03-31,84.8711929321289,130.35000610351562,133.0,130.0,133.0,14900610
2021-04-01,86.04315948486328,132.14999389648438,132.39999389648438,130.60000610351562,131.4499969482422,6226087
2021-04-05,84.5130844116211,129.8000030517578,132.10000610351562,128.0500030517578,131.89999389648438,9012457
2021-04-06,84.83863067626953,130.3000030517578,131.85000610351562,129.3000030517578,130.85000610351562,6689423
2021-04-07,85.4571762084961,131.25,131.6999969482422,129.75,130.3000030517578,5657926
2021-04-08,85.71760559082031,131.64999389648438,133.75,131.1999969482422,131.3000030517578,9330363
2021-04-09,84.31774139404297,129.5,131.9499969482422,128.9499969482422,131.64999389648438,10149401
2021-04-12,81.19245147705078,124.69999694824219,128.3000030517578,123.5999984741211,128.0,11334755
2021-04-13,83.30854797363281,127.94999694824219,128.4499969482422,124.80000305175781,124.80000305175781,7809483
2021-04-15,83.50386047363281,128.25,130.8000030517578,126.94999694824219,127.94999694824219,8924391
2021-04-16,83.2434310913086,127.8499984741211,129.9499969482422,127.0999984741211,128.85000610351562,10358366
2021-04-19,81.1273422241211,124.5999984741211,126.0,123.4000015258789,125.5999984741211,7131534
2021-04-20,81.0622329711914,124.5,126.25,124.05000305175781,125.0,7738871
2021-04-22,81.42033386230469,125.05000305175781,125.5,124.0,124.6500015258789,8514980
2021-04-23,82.13655090332031,126.1500015258789,127.25,124.25,124.94999694824219,8992991
2021-04-26,82.65744018554688,126.94999694824219,128.0,126.5,127.75,4967884
2021-04-27,83.01555633544922,127.5,127.9000015258789,126.5999984741211,127.0,3982954
2021-04-28,83.66664123535156,128.5,129.4499969482422,127.5,128.0,6206074
2021-04-29,83.3736572265625,128.0500030517578,130.0500030517578,127.6500015258789,129.75,8345584
2021-04-30,86.629150390625,133.0500030517578,134.60000610351562,127.0,127.4000015258789,27396950
2021-05-03,86.0757064819336,132.1999969482422,133.4499969482422,131.1999969482422,133.0,10262391
2021-05-04,86.46638488769531,132.8000030517578,135.8000030517578,132.25,132.5500030517578,9926789
2021-05-05,86.69426727294922,133.14999389648438,134.5,132.5,133.0,4877341
2021-05-06,87.63836669921875,134.60000610351562,135.4499969482422,133.75,134.1999969482422,7632817
2021-05-07,89.10335540771484,136.85000610351562,138.0,135.0,135.39999389648438,12644960
2021-05-10,95.74458312988281,147.0500030517578,148.5,137.10000610351562,137.10000610351562,45098431
2021-05-11,101.37662506103516,155.6999969482422,156.75,145.14999389648438,146.4499969482422,66582000
2021-05-12,99.94418334960938,153.5,159.6999969482422,151.8000030517578,155.89999389648438,42959024
2021-05-14,95.58182525634766,146.8000030517578,155.9499969482422,146.10000610351562,155.9499969482422,23140309
2021-05-17,96.46080017089844,148.14999389648438,149.14999389648438,144.0,147.0,17076463
2021-05-18,95.35391998291016,146.4499969482422,149.8000030517578,146.10000610351562,149.10000610351562,10295029
2021-05-19,98.86988830566406,151.85000610351562,152.5,145.10000610351562,146.4499969482422,23999878
2021-05-20,95.48414611816406,146.64999389648438,152.39999389648438,146.0500030517578,152.39999389648438,22983457
2021-05-21,95.84224700927734,147.1999969482422,149.60000610351562,146.85000610351562,147.0,13009821
2021-05-24,96.9491195678711,148.89999389648438,149.75,145.64999389648438,148.10000610351562,14192862
2021-05-25,96.00502014160156,147.4499969482422,150.0,147.10000610351562,149.8000030517578,10434892
2021-05-26,94.8656005859375,145.6999969482422,148.0,145.1999969482422,147.8000030517578,9948786
2021-05-27,94.11683654785156,144.5500030517578,146.3000030517578,144.10000610351562,145.75,24064196
2021-05-28,95.64690399169922,146.89999389648438,148.8000030517578,144.75,145.60000610351562,16465504
2021-05-31,96.16780853271484,147.6999969482422,148.39999389648438,145.0500030517578,147.0500030517578,11767444
2021-06-01,96.10269165039062,147.60000610351562,149.39999389648438,146.89999389648438,148.5500030517578,9307143
2021-06-02,97.079345703125,149.10000610351562,149.89999389648438,147.0,147.5,10714318
2021-06-03,97.04679107666016,149.0500030517578,150.39999389648438,148.60000610351562,150.0,9282774
2021-06-04,99.68376159667969,153.10000610351562,154.39999389648438,148.1999969482422,149.0,29422387
2021-06-07,101.73473358154297,156.25,158.85000610351562,155.4499969482422,156.0,31071589
2021-06-08,101.57194519042969,156.0,157.5,152.8000030517578,157.39999389648438,12874065
2021-06-09,101.83240509033203,156.39999389648438,161.39999389648438,155.1999969482422,157.0,30443113
2021-06-10,101.89749908447266,156.5,158.75,155.75,157.10000610351562,11459484
2021-06-11,105.90177917480469,162.64999389648438,165.0,156.64999389648438,157.0,61728565
2021-06-14,103.753173828125,159.35000610351562,164.0,155.5500030517578,164.0,30836595
2021-06-15,102.32073211669922,157.14999389648438,161.85000610351562,156.75,161.10000610351562,30153988
2021-06-16,101.27896118164062,155.5500030517578,158.8000030517578,154.85000610351562,157.3000030517578,14098443
2021-06-17,99.06520080566406,152.14999389648438,155.39999389648438,151.39999389648438,155.0,15784276
2021-06-18,95.32139587402344,146.39999389648438,153.8000030517578,145.10000610351562,153.0,24823176
2021-06-21,96.03758239746094,147.5,148.0,143.5,146.0,15038290
2021-06-22,96.81892395019531,148.6999969482422,149.5,147.8000030517578,148.89999389648438,12494441
2021-06-23,96.6561279296875,148.4499969482422,150.60000610351562,148.14999389648438,149.85000610351562,7983220
2021-06-24,95.32139587402344,146.39999389648438,149.10000610351562,146.0,148.4499969482422,12929173
2021-06-25,96.8514633178711,148.75,149.25,146.75,146.75,7400514
2021-06-28,95.84224700927734,147.1999969482422,149.0,147.0,147.10000610351562,8217659
2021-06-29,94.08428192138672,144.5,147.89999389648438,143.9499969482422,147.10000610351562,21576435
2021-06-30,95.48414611816406,146.64999389648438,147.39999389648438,145.10000610351562,145.60000610351562,12919448
2021-07-01,94.83306121826172,145.64999389648438,147.3000030517578,145.5,146.60000610351562,5668038
2021-07-02,96.13523864746094,147.64999389648438,148.64999389648438,146.0500030517578,147.0,20805994
2021-07-05,97.60022735595703,149.89999389648438,150.5,147.60000610351562,148.0,10401054
2021-07-06,96.03758239746094,147.5,150.6999969482422,146.89999389648438,150.0500030517578,9579038
2021-07-07,96.07013702392578,147.5500030517578,148.75,146.5500030517578,147.5,6067804
2021-07-08,95.22369384765625,146.25,148.14999389648438,145.3000030517578,147.0,12349670
2021-07-09,95.51669311523438,146.6999969482422,147.5,145.64999389648438,146.25,4963821
2021-07-12,95.32139587402344,146.39999389648438,147.85000610351562,146.10000610351562,146.8000030517578,4010172
2021-07-13,96.42825317382812,148.10000610351562,148.5,146.64999389648438,147.0,5717442
2021-07-14,96.46080017089844,148.14999389648438,149.39999389648438,147.25,147.9499969482422,7216739
2021-07-15,95.51669311523438,146.6999969482422,148.39999389648438,145.64999389648438,148.0,7257500
2021-07-16,94.76793670654297,145.5500030517578,148.0500030517578,145.3000030517578,146.75,10819800
2021-07-19,94.05171966552734,144.4499969482422,146.39999389648438,144.0,145.0,5158738
2021-07-20,93.04251861572266,142.89999389648438,145.0500030517578,141.6999969482422,144.5,6271740
2021-07-22,94.21449279785156,144.6999969482422,145.39999389648438,143.25,144.0,4772582
2021-07-23,93.8238525390625,144.10000610351562,145.0,143.35000610351562,144.6999969482422,3419739
2021-07-26,93.75872039794922,144.0,145.5,143.25,144.0,4423596
2021-07-27,92.74954986572266,142.4499969482422,145.25,142.10000610351562,144.5,4245486
2021-07-28,93.79129791259766,144.0500030517578,144.3000030517578,141.0500030517578,143.4499969482422,8834228
2021-07-29,92.55418395996094,142.14999389648438,144.64999389648438,141.89999389648438,144.0500030517578,8237916
2021-07-30,93.30296325683594,143.3000030517578,144.89999389648438,141.25,142.3000030517578,9526451
2021-08-02,93.6936264038086,143.89999389648438,144.89999389648438,143.10000610351562,144.3000030517578,6164197
2021-08-03,93.92151641845703,144.25,144.75,143.0,143.89999389648438,5648929
2021-08-04,94.21449279785156,144.6999969482422,147.35000610351562,144.14999389648438,144.14999389648438,8839351
2021-08-05,94.70280456542969,145.4499969482422,145.89999389648438,142.1999969482422,145.0,6237158
2021-08-06,95.12603759765625,146.10000610351562,148.4499969482422,145.25,145.60000610351562,10812438
2021-08-09,93.27040100097656,143.25,147.85000610351562,142.35000610351562,147.5,12986298
2021-08-10,92.58675384521484,142.1999969482422,144.25,140.75,143.6999969482422,14022502
2021-08-11,93.72616577148438,143.9499969482422,144.35000610351562,141.14999389648438,142.89999389648438,8356558
2021-08-12,94.0191421508789,144.39999389648438,146.6999969482422,143.6999969482422,144.0500030517578,7685737
2021-08-13,93.595947265625,143.75,146.3000030517578,143.1999969482422,145.0500030517578,9455100
2021-08-16,92.45652770996094,142.0,144.14999389648438,141.75,143.8000030517578,5259207
2021-08-17,90.66600799560547,139.25,142.5500030517578,137.1999969482422,142.10000610351562,13714266
2021-08-18,90.08000946044922,138.35000610351562,140.25,138.0,139.25,7654460
2021-08-20,88.28948974609375,135.60000610351562,138.0500030517578,135.0,137.5,8877297
2021-08-23,87.21514129638672,133.9499969482422,136.39999389648438,132.75,136.3000030517578,7768805
2021-08-24,88.68012237548828,136.1999969482422,136.89999389648438,134.0,134.35000610351562,7452062
2021-08-25,90.40557098388672,138.85000610351562,139.14999389648438,136.5,136.5,7817617
2021-08-26,89.39633178710938,137.3000030517578,139.39999389648438,136.35000610351562,138.85000610351562,6845692
2021-08-27,90.21021270751953,138.5500030517578,139.3000030517578,137.0500030517578,137.89999389648438,4418540
2021-08-30,93.498291015625,143.60000610351562,143.9499969482422,138.60000610351562,138.60000610351562,11333690
2021-08-31,94.9632568359375,145.85000610351562,146.14999389648438,143.25,143.60000610351562,14301855
2021-09-01,93.88895416259766,144.1999969482422,146.64999389648438,143.89999389648438,146.60000610351562,8415876
2021-09-02,94.48953247070312,141.60000610351562,143.8000030517578,141.1999969482422,143.8000030517578,7787657
2021-09-03,97.65918731689453,146.35000610351562,147.14999389648438,141.75,141.89999389648438,12734022
2021-09-06,97.65918731689453,146.35000610351562,147.85000610351562,144.3000030517578,147.8000030517578,9712271
2021-09-07,98.22637176513672,147.1999969482422,148.10000610351562,145.5500030517578,147.0,9475870
2021-09-08,99.52762603759766,149.14999389648438,149.85000610351562,146.3000030517578,147.35000610351562,7873034
2021-09-09,99.19395446777344,148.64999389648438,150.9499969482422,148.0,149.14999389648438,9519564
2021-09-13,103.16439819335938,154.60000610351562,155.89999389648438,149.3000030517578,149.60000610351562,35672746
2021-09-14,103.23113250732422,154.6999969482422,155.5,153.35000610351562,155.35000610351562,8804432
2021-09-15,107.4684829711914,161.0500030517578,162.25,154.25,155.5,24591822
2021-09-16,108.3025894165039,162.3000030517578,163.0,157.5500030517578,162.14999389648438,18440504
2021-09-17,104.56571960449219,156.6999969482422,163.3000030517578,155.39999389648438,162.6999969482422,17317065
2021-09-20,102.8974838256836,154.1999969482422,157.5500030517578,152.8000030517578,155.89999389648438,12541523
2021-09-21,104.36554718017578,156.39999389648438,158.0,153.4499969482422,155.6999969482422,13645046
2021-09-22,108.16915130615234,162.10000610351562,162.5,155.0,157.25,18861877
2021-09-23,111.67247772216797,167.35000610351562,170.0,163.10000610351562,163.75,31399318
2021-09-24,110.83831787109375,166.10000610351562,169.4499969482422,162.89999389648438,168.10000610351562,17259638
2021-09-27,111.47227478027344,167.0500030517578,169.14999389648438,165.35000610351562,167.0,9099672
2021-09-28,116.47701263427734,174.5500030517578,176.3000030517578,168.14999389648438,168.5,41551332
2021-09-29,123.91739654541016,185.6999969482422,197.0,172.8000030517578,174.5,100988643
2021-09-30,123.51702880859375,185.10000610351562,191.5,184.10000610351562,187.60000610351562,48957916
2021-10-01,125.9193115234375,188.6999969482422,189.89999389648438,182.39999389648438,185.39999389648438,25492957
2021-10-04,126.75341796875,189.9499969482422,193.35000610351562,188.3000030517578,192.5,23341448
2021-10-05,132.09181213378906,197.9499969482422,198.89999389648438,190.39999389648438,191.0,42359592
2021-10-06,128.68861389160156,192.85000610351562,203.8000030517578,191.6999969482422,200.0,41926821
2021-10-07,127.2538833618164,190.6999969482422,194.9499969482422,189.25,194.75,16517664
2021-10-08,125.75247955322266,188.4499969482422,191.6999969482422,184.10000610351562,191.10000610351562,28978175
2021-10-11,131.35777282714844,196.85000610351562,199.6999969482422,191.64999389648438,192.0,34952223
2021-10-12,128.98886108398438,193.3000030517578,201.0,191.25,199.1999969482422,25216411
2021-10-13,126.82014465332031,190.0500030517578,194.5500030517578,189.35000610351562,194.0,17378156
2021-10-14,122.6495132446289,183.8000030517578,191.8000030517578,182.3000030517578,190.0,29542941
2021-10-18,123.65047454833984,185.3000030517578,187.75,183.39999389648438,184.8000030517578,15468914
2021-10-19,123.11666107177734,184.5,188.9499969482422,183.60000610351562,187.3000030517578,17403803
2021-10-20,120.44743347167969,180.5,183.39999389648438,177.39999389648438,182.6999969482422,15921230
2021-10-21,121.7153091430664,182.39999389648438,183.0,178.89999389648438,182.0,15586097
2021-10-22,117.37786102294922,175.89999389648438,184.3000030517578,175.3000030517578,183.39999389648438,13603152
2021-10-25,116.1767349243164,174.10000610351562,177.25,173.0,176.25,11744666
2021-10-26,116.81067657470703,175.0500030517578,176.0,171.75,173.0,11602891
2021-10-27,115.84307861328125,173.60000610351562,176.64999389648438,172.8000030517578,175.6999969482422,9535881
2021-10-28,111.13861083984375,166.5500030517578,173.0,165.9499969482422,173.0,24509136
2021-10-29,109.73728942871094,164.4499969482422,169.5,163.3000030517578,165.0,14826816
2021-11-01,113.94126892089844,170.75,171.9499969482422,163.8000030517578,165.0,13585170
2021-11-02,112.90695190429688,169.1999969482422,173.75,168.35000610351562,171.4499969482422,14278962
2021-11-03,113.27397918701172,169.75,171.10000610351562,167.35000610351562,168.1999969482422,8974463
2021-11-04,113.90791320800781,170.6999969482422,171.39999389648438,169.75,171.1999969482422,973260
2021-11-08,114.57522583007812,171.6999969482422,174.1999969482422,168.5,171.0,8761953
2021-11-09,113.77446746826172,170.5,172.39999389648438,169.60000610351562,172.0500030517578,5723308
2021-11-10,111.23870849609375,166.6999969482422,170.85000610351562,166.4499969482422,169.89999389648438,9212143
2021-11-11,111.43889617919922,167.0,167.64999389648438,165.1999969482422,165.89999389648438,6453205
2021-11-12,111.4055404663086,166.9499969482422,168.85000610351562,165.6999969482422,168.85000610351562,7027513
2021-11-15,106.60098266601562,159.75,167.60000610351562,159.5,164.25,19400018
2021-11-16,106.13389587402344,159.0500030517578,161.64999389648438,158.60000610351562,161.0,8505431
2021-11-17,104.16535186767578,156.10000610351562,159.25,155.6999969482422,159.0500030517578,7477627
2021-11-18,102.36363983154297,153.39999389648438,157.75,153.0,156.0500030517578,12981172
2021-11-22,100.46184539794922,150.5500030517578,152.89999389648438,149.10000610351562,152.1999969482422,11522286
2021-11-23,104.23208618164062,156.1999969482422,156.75,150.0,150.0,13305061
2021-11-24,106.16724395751953,159.10000610351562,161.64999389648438,155.60000610351562,158.3000030517578,18809310
2021-11-25,105.80025482177734,158.5500030517578,162.8000030517578,156.0,161.5,22402592
2021-11-26,104.0318832397461,155.89999389648438,159.39999389648438,155.35000610351562,157.75,11829847
2021-11-29,102.93081665039062,154.25,156.64999389648438,151.89999389648438,155.89999389648438,18176163
2021-11-30,101.42942810058594,152.0,158.5,151.35000610351562,158.5,56643275
2021-12-01,103.79833984375,155.5500030517578,156.25,152.5500030517578,153.60000610351562,16283427
2021-12-02,106.30072021484375,159.3000030517578,159.5500030517578,155.14999389648438,156.89999389648438,15647910
2021-12-03,106.60098266601562,159.75,160.6999969482422,158.25,159.0,20414051
2021-12-06,105.04529571533203,148.5500030517578,152.4499969482422,148.10000610351562,152.0,24185368
2021-12-07,106.53028106689453,150.64999389648438,150.9499969482422,149.14999389648438,150.10000610351562,7866368
2021-12-08,106.70706939697266,150.89999389648438,151.75,150.0500030517578,151.25,7313306
2021-12-09,107.94454956054688,152.64999389648438,153.5,150.64999389648438,151.75,9423435
2021-12-10,106.98992156982422,151.3000030517578,153.75,150.89999389648438,152.64999389648438,7419042
2021-12-13,105.36349487304688,149.0,152.8000030517578,147.9499969482422,152.8000030517578,9888293
2021-12-14,105.29277801513672,148.89999389648438,149.75,146.75,149.0,8474759
2021-12-15,104.7270736694336,148.10000610351562,150.60000610351562,147.9499969482422,149.14999389648438,5410912
2021-12-16,105.89385223388672,149.75,150.10000610351562,147.5500030517578,148.10000610351562,7539061
2021-12-17,103.5602798461914,146.4499969482422,149.39999389648438,146.0,149.10000610351562,8758284
2021-12-20,99.4942626953125,140.6999969482422,145.64999389648438,139.14999389648438,145.35000610351562,8858645
2021-12-21,102.28744506835938,144.64999389648438,146.0,141.39999389648438,141.8000030517578,8097050
2021-12-22,102.7824478149414,145.35000610351562,149.39999389648438,144.4499969482422,145.4499969482422,6798820
2021-12-23,104.44424438476562,147.6999969482422,147.9499969482422,146.0,146.25,4857807
2021-12-24,103.1713638305664,145.89999389648438,148.14999389648438,145.39999389648438,148.0,4568316
2021-12-27,103.2774429321289,146.0500030517578,146.5,144.10000610351562,145.0,3534825
2021-12-28,105.2574462890625,148.85000610351562,149.25,146.25,146.25,4907497
2021-12-29,103.7724380493164,146.75,149.25,146.3000030517578,149.25,4216568
2021-12-30,103.38351440429688,146.1999969482422,149.0,143.89999389648438,146.75,24782255
2021-12-31,103.2774429321289,146.0500030517578,147.5500030517578,145.35000610351562,145.9499969482422,5320232
2022-01-03,109.8184585571289,155.3000030517578,155.9499969482422,147.0,147.25,29486720
2022-01-04,108.19205474853516,153.0,156.64999389648438,152.35000610351562,156.0,13744440
2022-01-05,108.68705749511719,153.6999969482422,154.3000030517578,152.10000610351562,153.0,8454060
2022-01-06,109.35883331298828,154.64999389648438,155.25,153.0500030517578,154.5,12446900
2022-01-07,110.9852294921875,156.9499969482422,157.4499969482422,154.9499969482422,155.0,11679683
2022-01-10,113.63701629638672,160.6999969482422,161.0,157.0500030517578,157.8000030517578,14655298
2022-01-11,112.11666870117188,158.5500030517578,160.64999389648438,158.10000610351562,160.64999389648438,7670386
2022-01-12,112.682373046875,159.35000610351562,160.75,158.5,160.39999389648438,6334581
2022-01-13,116.50091552734375,164.75,166.4499969482422,159.0,159.35000610351562,20271714
2022-01-14,116.50091552734375,164.75,166.14999389648438,163.25,164.75,10211720
2022-01-17,115.75840759277344,163.6999969482422,166.10000610351562,162.0500030517578,165.60000610351562,8384625
2022-01-18,113.70771789550781,160.8000030517578,165.5,160.3000030517578,164.0,6574122
2022-01-19,115.89984893798828,163.89999389648438,164.85000610351562,160.8000030517578,161.0,11503199
2022-01-20,116.71306610107422,165.0500030517578,168.25,163.85000610351562,164.5,17462235
2022-01-21,112.2580795288086,158.75,163.3000030517578,157.5,163.3000030517578,14466758
2022-01-24,110.52558898925781,156.3000030517578,160.39999389648438,154.8000030517578,158.1999969482422,10854431
2022-01-25,113.95521545410156,161.14999389648438,161.60000610351562,154.3000030517578,155.0,7267866
2022-01-27,113.53092956542969,160.5500030517578,161.3000030517578,158.0,158.89999389648438,9269062
2022-01-28,114.30879974365234,161.64999389648438,165.0,160.60000610351562,160.60000610351562,10310726
2022-01-31,113.00057220458984,159.8000030517578,163.39999389648438,159.14999389648438,163.39999389648438,5811200
2022-02-01,115.29878234863281,163.0500030517578,163.4499969482422,158.60000610351562,162.0,7248713
2022-02-02,115.86450958251953,163.85000610351562,164.60000610351562,162.25,163.0,5369074
2022-02-03,114.0613021850586,161.3000030517578,164.14999389648438,160.60000610351562,163.10000610351562,4654885
2022-02-04,113.42484283447266,160.39999389648438,162.8000030517578,160.0,161.3000030517578,6402287
2022-02-07,113.81379699707031,160.9499969482422,163.0,159.64999389648438,160.64999389648438,5871041
2022-02-08,113.10665893554688,159.9499969482422,162.5,158.35000610351562,161.85000610351562,14158927
2022-02-09,119.22337341308594,168.60000610351562,169.35000610351562,160.0,160.5,35079516
2022-02-10,118.83448791503906,168.0500030517578,170.3000030517578,165.0,169.0,17724098
2022-02-11,117.7384033203125,166.5,169.3000030517578,165.1999969482422,167.9499969482422,10097767
2022-02-14,114.30879974365234,161.64999389648438,166.25,161.14999389648438,166.10000610351562,9478670
2022-02-15,115.72306060791016,163.64999389648438,164.85000610351562,159.85000610351562,162.75,16850616
2022-02-16,115.86450958251953,163.85000610351562,166.0,162.8000030517578,165.25,10653203
2022-02-17,115.29878234863281,163.0500030517578,165.5,162.6999969482422,164.6999969482422,6906440
2022-02-18,118.30413055419922,167.3000030517578,168.25,162.60000610351562,163.0,23740696
2022-02-21,117.50228881835938,161.1999969482422,163.5,159.85000610351562,163.14999389648438,14870901
2022-02-22,116.5547103881836,159.89999389648438,160.64999389648438,155.5,159.5,11654816
2022-02-23,115.53421783447266,158.5,162.3000030517578,158.1999969482422,160.35000610351562,7627472
2022-02-24,109.33837127685547,150.0,156.8000030517578,149.0,154.0,12115340
2022-02-25,119.14237976074219,163.4499969482422,164.89999389648438,152.25,152.25,17079977
2022-02-28,123.58881378173828,169.5500030517578,169.9499969482422,160.5500030517578,162.4499969482422,20872239
2022-03-02,134.7049102783203,184.8000030517578,185.64999389648438,171.0,171.0,72648396
2022-03-03,137.7299041748047,188.9499969482422,197.75,186.85000610351562,189.60000610351562,74050073
2022-03-04,131.93496704101562,181.0,191.0,180.5,188.9499969482422,36095156
2022-03-07,137.5476837158203,188.6999969482422,192.0,181.6999969482422,185.9499969482422,41642776
2022-03-08,137.87570190429688,189.14999389648438,191.6999969482422,186.60000610351562,189.0,22940456
2022-03-09,136.05337524414062,186.64999389648438,190.60000610351562,185.60000610351562,190.0,13870658
2022-03-10,130.44065856933594,178.9499969482422,184.0,177.0500030517578,184.0,30890343
2022-03-11,132.48165893554688,181.75,182.5,179.25,181.0,14663558
2022-03-14,131.46115112304688,180.35000610351562,182.14999389648438,177.85000610351562,181.0,8306420
2022-03-15,126.03070068359375,172.89999389648438,180.0,171.5,179.89999389648438,14074860
2022-03-16,128.9463653564453,176.89999389648438,177.8000030517578,172.89999389648438,173.0,11846738
2022-03-17,128.6912841796875,176.5500030517578,180.0,175.5,179.0,20052773
2022-03-21,132.88259887695312,182.3000030517578,186.35000610351562,177.5,177.85000610351562,20271556
2022-03-22,133.64793395996094,183.35000610351562,185.8000030517578,180.5,183.64999389648438,12372751
2022-03-23,133.4292755126953,183.0500030517578,184.25,179.3000030517578,182.60000610351562,13731315
2022-03-24,136.60006713867188,187.39999389648438,188.5,183.3000030517578,183.6999969482422,16323203
2022-03-25,135.6524658203125,186.10000610351562,188.89999389648438,184.60000610351562,187.39999389648438,10044811
2022-03-28,139.4064178466797,191.25,193.6999969482422,185.5,186.10000610351562,19132062
2022-03-29,135.57957458496094,186.0,192.1999969482422,185.5,192.0,10622472
2022-03-30,133.31988525390625,182.89999389648438,187.9499969482422,182.0,187.9499969482422,10298319
2022-03-31,133.4292755126953,183.0500030517578,184.89999389648438,181.64999389648438,184.14999389648438,9435203
2022-04-01,135.6889190673828,186.14999389648438,187.25,183.3000030517578,183.8000030517578,13505929
2022-04-04,136.85520935058594,187.75,189.0,184.60000610351562,185.5,9490374
2022-04-05,136.96450805664062,187.89999389648438,188.9499969482422,186.85000610351562,188.0,7637664
2022-04-06,141.30162048339844,193.85000610351562,197.0,188.3000030517578,188.6999969482422,46157039
2022-04-07,139.04197692871094,190.75,197.0500030517578,189.89999389648438,195.0,21712301
2022-04-08,141.81187438964844,194.5500030517578,198.8000030517578,192.35000610351562,194.6999969482422,20151959
2022-04-11,143.16036987304688,196.39999389648438,198.0,193.35000610351562,194.5,12393619
2022-04-12,135.57957458496094,186.0,195.75,184.3000030517578,195.75,18907630
2022-04-13,136.01693725585938,186.60000610351562,191.3000030517578,185.6999969482422,188.0,14216953
2022-04-18,138.0943603515625,189.4499969482422,190.89999389648438,184.60000610351562,186.60000610351562,13052104
2022-04-19,144.14442443847656,197.75,203.25,190.64999389648438,191.4499969482422,59341710
2022-04-20,145.12847900390625,199.10000610351562,205.5500030517578,197.10000610351562,199.9499969482422,38356653
2022-04-21,150.8140869140625,206.89999389648438,207.89999389648438,201.0,201.1999969482422,43683145
2022-04-22,147.35166931152344,202.14999389648438,209.0,201.25,206.0500030517578,24007670
2022-04-25,137.36546325683594,188.4499969482422,202.1999969482422,186.75,199.64999389648438,26465084
2022-04-26,139.5157928466797,191.39999389648438,192.3000030517578,188.4499969482422,192.1999969482422,20819291
2022-04-27,136.6729736328125,187.5,191.8000030517578,186.60000610351562,190.8000030517578,12214126
2022-04-28,138.67750549316406,190.25,192.5,187.14999389648438,189.0,12706800
2022-04-29,133.28347778320312,182.85000610351562,193.0,181.89999389648438,192.5,21654415
2022-05-02,136.78228759765625,187.64999389648438,188.89999389648438,178.85000610351562,182.6999969482422,21289439
2022-05-04,136.56362915039062,187.35000610351562,190.6999969482422,186.5,188.75,18239949
2022-05-05,135.47021484375,185.85000610351562,191.9499969482422,184.6999969482422,189.5,12651103
2022-05-06,136.60006713867188,187.39999389648438,188.9499969482422,183.0500030517578,184.5,14257553
2022-05-09,133.4292755126953,183.0500030517578,185.9499969482422,181.5500030517578,185.9499969482422,10549451
2022-05-10,123.9532699584961,170.0500030517578,183.85000610351562,168.8000030517578,182.0,19965511
2022-05-11,123.80747985839844,169.85000610351562,173.6999969482422,165.25,171.6999969482422,20641617
2022-05-12,121.76651000976562,167.0500030517578,170.1999969482422,164.64999389648438,167.85000610351562,10406343
2022-05-13,122.96922302246094,168.6999969482422,173.64999389648438,168.0,170.0,11590435
2022-05-16,125.15597534179688,171.6999969482422,172.8000030517578,167.85000610351562,169.5,7437937
2022-05-17,134.5226593017578,184.5500030517578,185.0,173.14999389648438,173.39999389648438,28092052
2022-05-18,135.25155639648438,185.5500030517578,187.5,181.8000030517578,186.35000610351562,15425248
2022-05-19,132.08074951171875,181.1999969482422,183.5,180.6999969482422,181.10000610351562,9396007
2022-05-20,135.54315185546875,185.9499969482422,186.85000610351562,183.5500030517578,184.5,6365038
2022-05-23,134.34039306640625,184.3000030517578,186.75,182.39999389648438,185.9499969482422,7794071
2022-05-24,132.9190216064453,182.35000610351562,186.75,181.1999969482422,183.4499969482422,8572565
2022-05-25,131.71629333496094,180.6999969482422,185.5500030517578,180.0500030517578,184.1999969482422,7926434
2022-05-26,133.5750274658203,183.25,186.0,177.75,183.9499969482422,23140556
2022-05-27,132.55455017089844,181.85000610351562,188.64999389648438,180.5,184.5,16408080
2022-05-30,136.4542694091797,187.1999969482422,187.89999389648438,182.5500030517578,184.0,10577525
2022-05-31,140.60911560058594,192.89999389648438,195.25,185.1999969482422,186.0,21380248
2022-06-01,142.90525817871094,196.0500030517578,197.3000030517578,193.1999969482422,194.5,30867456
2022-06-02,144.47242736816406,198.1999969482422,199.1999969482422,194.3000030517578,196.5,17646759
2022-06-03,143.59774780273438,197.0,201.0,196.1999969482422,200.0,25335178
2022-06-06,142.0305633544922,194.85000610351562,196.8000030517578,193.1999969482422,196.5,22020642
2022-06-07,143.99862670898438,197.5500030517578,199.9499969482422,193.60000610351562,193.64999389648438,12961285
2022-06-08,144.07151794433594,197.64999389648438,201.9499969482422,196.5,198.0,13059792
2022-06-09,144.87335205078125,198.75,200.39999389648438,196.5,196.9499969482422,10562238
2022-06-10,144.6911163330078,198.5,199.3000030517578,196.25,197.35000610351562,6741014
2022-06-13,139.26065063476562,191.0500030517578,197.39999389648438,189.5500030517578,196.64999389648438,8516696
2022-06-14,140.098876953125,192.1999969482422,194.5,189.10000610351562,189.10000610351562,6727598
2022-06-15,138.53172302246094,190.0500030517578,193.85000610351562,189.14999389648438,192.14999389648438,5805589
2022-06-16,131.13314819335938,179.89999389648438,192.8000030517578,179.10000610351562,191.5500030517578,14490962
2022-06-17,133.13766479492188,182.64999389648438,184.85000610351562,179.39999389648438,180.0,15215695
2022-06-20,128.90992736816406,176.85000610351562,181.89999389648438,174.75,181.89999389648438,23276003
2022-06-21,134.7049102783203,184.8000030517578,185.64999389648438,178.0,178.0,7564329
2022-06-22,130.7322235107422,179.35000610351562,184.75,179.0,184.75,6560404
2022-06-23,129.12860107421875,177.14999389648438,182.0,174.85000610351562,180.3000030517578,9304799
2022-06-24,128.6912841796875,176.5500030517578,180.39999389648438,174.8000030517578,178.64999389648438,8171322
2022-06-27,132.7003631591797,182.0500030517578,182.8000030517578,177.4499969482422,180.0,7063839
2022-06-28,135.87115478515625,186.39999389648438,186.9499969482422,180.75,181.14999389648438,9844211
2022-06-29,137.58412170410156,188.75,190.25,183.64999389648438,186.0,16856241
2022-06-30,135.2880096435547,185.60000610351562,189.0,182.5500030517578,188.10000610351562,8693744
2022-07-01,133.5750274658203,183.25,186.14999389648438,176.60000610351562,185.0,17248729
2022-07-04,132.7003631591797,182.0500030517578,185.6999969482422,179.10000610351562,183.25,8780396
2022-07-05,132.9918975830078,182.4499969482422,185.1999969482422,181.75,183.0,5313753
2022-07-06,132.4452362060547,181.6999969482422,182.85000610351562,178.0,182.5,9367397
2022-07-07,135.57957458496094,186.0,186.60000610351562,181.4499969482422,183.9499969482422,6322630
2022-07-08,138.34950256347656,189.8000030517578,191.89999389648438,187.0500030517578,187.0500030517578,14647592
2022-07-11,140.93716430664062,193.35000610351562,194.3000030517578,187.8000030517578,188.9499969482422,9048841
2022-07-12,141.3380584716797,193.89999389648438,195.3000030517578,192.10000610351562,192.8000030517578,6942704
2022-07-13,141.0100555419922,193.4499969482422,196.14999389648438,193.0,193.89999389648438,7842930
2022-07-14,139.95309448242188,192.0,195.4499969482422,190.3000030517578,194.0,6795141
2022-07-15,140.9735870361328,193.39999389648438,193.89999389648438,189.39999389648438,193.0,5610793
2022-07-18,142.57723999023438,195.60000610351562,196.89999389648438,193.85000610351562,194.5,7600779
2022-07-19,144.50888061523438,198.25,199.60000610351562,194.0,194.9499969482422,9913955
2022-07-20,144.21728515625,197.85000610351562,200.39999389648438,197.39999389648438,199.60000610351562,5519522
2022-07-21,144.76400756835938,198.60000610351562,199.4499969482422,196.3000030517578,197.85000610351562,6167419
2022-07-22,143.67062377929688,197.10000610351562,199.85000610351562,196.8000030517578,198.60000610351562,4844223
2022-07-25,146.4405059814453,200.89999389648438,201.6999969482422,194.60000610351562,197.5,10207034
2022-07-26,147.46099853515625,202.3000030517578,203.3000030517578,199.5500030517578,201.4499969482422,12853314
2022-07-27,148.2992706298828,203.4499969482422,204.6999969482422,201.8000030517578,202.39999389648438,7343180
2022-07-28,147.8619384765625,202.85000610351562,205.0,201.35000610351562,204.0,5096403
2022-07-29,153.98486328125,211.25,212.4499969482422,203.25,203.60000610351562,12477455
2022-08-01,155.07823181152344,212.75,213.6999969482422,209.8000030517578,212.5,7849924
2022-08-02,156.9005126953125,215.25,217.25,211.64999389648438,213.0,12615631
2022-08-03,154.6044464111328,212.10000610351562,214.9499969482422,208.8000030517578,214.9499969482422,9949919
2022-08-04,150.99627685546875,207.14999389648438,213.4499969482422,206.14999389648438,212.14999389648438,8058280
2022-08-05,151.94386291503906,208.4499969482422,210.25,205.75,207.5,31999040
2022-08-08,157.0098876953125,215.39999389648438,216.14999389648438,207.0500030517578,209.5,16358151
2022-08-10,160.2536163330078,219.85000610351562,220.4499969482422,215.4499969482422,215.85000610351562,14267910
2022-08-11,161.546875,218.60000610351562,226.8000030517578,218.0,226.0,28800337
2022-08-12,163.8008270263672,221.64999389648438,222.25,217.75,219.0,8861089
2022-08-16,164.72457885742188,222.89999389648438,224.39999389648438,220.4499969482422,224.39999389648438,7844356
2022-08-17,163.65304565429688,221.4499969482422,223.5,220.14999389648438,223.5,6119157
2022-08-18,163.87474060058594,221.75,222.64999389648438,220.60000610351562,221.4499969482422,4233196
2022-08-19,160.4752960205078,217.14999389648438,221.64999389648438,215.6999969482422,221.64999389648438,8783707
2022-08-22,161.32516479492188,218.3000030517578,220.9499969482422,214.0500030517578,215.60000610351562,10390480
2022-08-23,164.6876678466797,222.85000610351562,223.6999969482422,216.60000610351562,217.0,9344364
2022-08-24,165.27883911132812,223.64999389648438,226.0,222.0,222.75,10825973
2022-08-25,166.20260620117188,224.89999389648438,227.14999389648438,223.6999969482422,223.6999969482422,13077805
2022-08-26,169.93460083007812,229.9499969482422,232.0,226.5,227.6999969482422,12673156
2022-08-29,170.41494750976562,230.60000610351562,231.60000610351562,221.39999389648438,221.39999389648438,8757016
2022-08-30,173.51876831054688,234.8000030517578,235.5,230.85000610351562,231.8000030517578,12991363
2022-09-01,170.19322204589844,230.3000030517578,236.8000030517578,229.5500030517578,234.35000610351562,9682321
2022-09-02,169.4542236328125,229.3000030517578,232.4499969482422,228.1999969482422,231.0,4599518
2022-09-05,171.1539306640625,231.60000610351562,232.35000610351562,228.5,230.0,4909470
2022-09-06,171.9668731689453,232.6999969482422,234.64999389648438,231.0,232.6999969482422,5307321
2022-09-07,176.5117645263672,238.85000610351562,239.3000030517578,232.35000610351562,232.9499969482422,12751679
2022-09-08,174.73812866210938,236.4499969482422,240.5,235.0500030517578,240.5,7677716
2022-09-09,175.58799743652344,237.60000610351562,238.0,233.35000610351562,237.5,8436280
2022-09-12,171.08006286621094,231.5,239.0500030517578,228.0,238.5,19053188
2022-09-13,170.9322509765625,231.3000030517578,235.3000030517578,230.64999389648438,232.6999969482422,9884429
2022-09-14,171.41261291503906,231.9499969482422,233.8000030517578,229.5500030517578,230.14999389648438,7705022
2022-09-15,173.11233520507812,234.25,234.9499969482422,232.25,233.10000610351562,5386854
2022-09-16,170.74749755859375,231.0500030517578,234.0,229.5500030517578,233.85000610351562,8750965
2022-09-19,169.89764404296875,229.89999389648438,232.64999389648438,228.6999969482422,230.9499969482422,4011597
2022-09-20,169.8606719970703,229.85000610351562,233.8000030517578,228.6999969482422,231.0,6890375
2022-09-21,171.1170196533203,231.5500030517578,232.6999969482422,227.14999389648438,229.85000610351562,5673523
2022-09-22,167.79147338867188,227.0500030517578,231.3000030517578,225.5,229.9499969482422,7677219
2022-09-23,164.6876678466797,222.85000610351562,226.9499969482422,221.0,225.0,5495315
2022-09-26,159.2559356689453,215.5,222.10000610351562,212.5,221.0,7832594
2022-09-27,158.07350158691406,213.89999389648438,219.6999969482422,212.75,216.0,5795048
2022-09-28,155.78260803222656,210.8000030517578,213.39999389648438,208.89999389648438,211.6999969482422,6134706
2022-09-29,158.07350158691406,213.89999389648438,215.14999389648438,210.64999389648438,211.8000030517578,8962595
2022-09-30,156.85415649414062,212.25,216.0,207.85000610351562,213.0,12875386
2022-10-03,158.8494873046875,214.9499969482422,218.0,212.3000030517578,213.0,11397506
2022-10-04,164.9832305908203,223.25,224.0,218.10000610351562,218.3000030517578,10862095
2022-10-06,172.55804443359375,233.5,234.10000610351562,224.64999389648438,225.0,12795784
2022-10-07,169.74984741210938,229.6999969482422,233.5500030517578,227.8000030517578,233.0,14641624
2022-10-10,169.8606719970703,229.85000610351562,232.0,226.60000610351562,227.0,10850668
2022-10-11,166.60903930664062,225.4499969482422,230.9499969482422,224.0,230.9499969482422,19154740
2022-10-12,171.52342224121094,232.10000610351562,233.0,225.5500030517578,225.5500030517578,9256951
2022-10-13,173.33401489257812,234.5500030517578,235.60000610351562,231.10000610351562,232.1999969482422,7231841
2022-10-14,174.6642303466797,236.35000610351562,238.9499969482422,235.35000610351562,238.9499969482422,6241886
2022-10-17,175.8835906982422,238.0,238.5500030517578,232.89999389648438,236.35000610351562,5623812
2022-10-18,178.617919921875,241.6999969482422,242.14999389648438,236.85000610351562,238.5,6674374
2022-10-19,176.03140258789062,238.1999969482422,243.0,237.0,242.0,13886387
2022-10-20,178.10061645507812,241.0,242.5,233.60000610351562,237.0,10755972
2022-10-21,176.40089416503906,238.6999969482422,241.35000610351562,238.0500030517578,241.0,3285505
2022-10-24,177.7310791015625,240.5,241.6999969482422,240.0,240.89999389648438,730136
2022-10-25,177.3246612548828,239.9499969482422,240.9499969482422,237.9499969482422,240.5,6976548
2022-10-27,178.02670288085938,240.89999389648438,241.60000610351562,239.0,240.9499969482422,6422639
2022-10-28,180.61322021484375,244.39999389648438,247.8000030517578,240.5500030517578,242.0,14076967
2022-10-31,181.75869750976562,245.9499969482422,247.5,243.5500030517578,246.0,8365329
2022-11-01,181.5369873046875,245.64999389648438,247.0,243.25,247.0,8813106
2022-11-02,181.6478271484375,245.8000030517578,249.60000610351562,242.14999389648438,245.64999389648438,14974441
2022-11-03,181.9434356689453,246.1999969482422,247.60000610351562,241.0,244.0,6754654
2022-11-04,181.83262634277344,246.0500030517578,248.6999969482422,245.5,246.6999969482422,5511411
2022-11-07,184.4191436767578,249.5500030517578,251.35000610351562,246.75,247.3000030517578,10513106
2022-11-09,189.0379180908203,255.8000030517578,263.3999938964844,254.5500030517578,255.5,40391668
2022-11-10,187.412109375,253.60000610351562,260.5,252.10000610351562,257.95001220703125,20832572
2022-11-11,187.1534423828125,253.25,258.8999938964844,252.39999389648438,258.79998779296875,20165337
2022-11-14,182.6824188232422,247.1999969482422,256.25,246.25,254.5500030517578,18762693
2022-11-15,182.64312744140625,232.14999389648438,238.85000610351562,230.60000610351562,234.39999389648438,20225373
2022-11-16,184.80665588378906,234.89999389648438,235.5,230.39999389648438,233.35000610351562,9764275
2022-11-17,182.8397979736328,232.39999389648438,234.75,231.0,234.75,5737884
2022-11-18,180.5975799560547,229.5500030517578,233.5500030517578,228.1999969482422,232.4499969482422,6413585
2022-11-21,180.51890563964844,229.4499969482422,230.39999389648438,226.6999969482422,229.0,6430876
2022-11-22,180.24354553222656,229.10000610351562,230.6999969482422,227.64999389648438,228.5500030517578,5885877
2022-11-23,181.4236602783203,230.60000610351562,231.10000610351562,229.0,230.0,5693274
2022-11-24,179.77149963378906,228.5,231.8000030517578,227.35000610351562,230.75,8198891
2022-11-25,182.0530548095703,231.39999389648438,233.64999389648438,227.8000030517578,229.64999389648438,10046363
2022-11-28,180.83358764648438,229.85000610351562,232.75,228.39999389648438,230.5500030517578,8146840
2022-11-29,178.74871826171875,227.1999969482422,231.3000030517578,226.35000610351562,230.1999969482422,6628470
2022-11-30,178.78805541992188,227.25,228.85000610351562,226.5500030517578,227.1999969482422,12154948
2022-12-01,177.88330078125,226.10000610351562,230.39999389648438,224.89999389648438,228.39999389648438,22435771
2022-12-02,178.27667236328125,226.60000610351562,228.0,225.3000030517578,226.10000610351562,6325649
2022-12-05,181.93505859375,231.25,231.8000030517578,226.5,226.60000610351562,8732711
2022-12-06,182.249755859375,231.64999389648438,232.5,229.5,232.0,7394839
2022-12-07,180.7549285888672,229.75,232.14999389648438,228.6999969482422,232.14999389648438,4519547
2022-12-08,181.26632690429688,230.39999389648438,231.25,229.0,229.64999389648438,3135706
2022-12-09,180.04685974121094,228.85000610351562,232.35000610351562,227.8000030517578,230.5500030517578,4197165
2022-12-12,182.8397979736328,232.39999389648438,233.6999969482422,228.10000610351562,228.35000610351562,7881379
2022-12-13,182.1710968017578,231.5500030517578,234.4499969482422,231.10000610351562,233.39999389648438,4878457
2022-12-14,182.64312744140625,232.14999389648438,233.1999969482422,231.35000610351562,231.75,4730078
2022-12-15,179.5354461669922,228.1999969482422,232.60000610351562,227.6999969482422,231.89999389648438,5221433
2022-12-16,176.7425079345703,224.64999389648438,229.89999389648438,223.3000030517578,228.0,7757065
2022-12-19,178.827392578125,227.3000030517578,227.85000610351562,224.5,224.64999389648438,4073907
2022-12-20,177.88330078125,226.10000610351562,226.89999389648438,223.35000610351562,226.89999389648438,3784271
2022-12-21,176.11314392089844,223.85000610351562,227.6999969482422,222.0500030517578,226.5,3675466
2022-12-22,175.2083740234375,222.6999969482422,225.75,219.10000610351562,224.10000610351562,4755089
2022-12-23,169.1897430419922,215.0500030517578,222.89999389648438,214.1999969482422,220.0,6561011
2022-12-26,173.67420959472656,220.75,221.60000610351562,214.25,215.0500030517578,3116608
2022-12-27,174.0675811767578,221.25,222.89999389648438,219.64999389648438,222.0,2961726
2022-12-28,175.60174560546875,223.1999969482422,224.25,220.5500030517578,221.25,3015714
2022-12-29,174.3822784423828,221.64999389648438,224.35000610351562,220.4499969482422,220.8000030517578,4784105
2022-12-30,177.0572052001953,225.0500030517578,226.4499969482422,222.25,222.25,4102247
2023-01-02,176.8211669921875,224.75,227.1999969482422,224.14999389648438,226.75,4210225
2023-01-03,176.30982971191406,224.10000610351562,225.75,223.0,225.0,3643132
2023-01-04,170.8419189453125,217.14999389648438,224.5,216.25,224.35000610351562,9550461
2023-01-05,171.628662109375,218.14999389648438,218.89999389648438,215.1999969482422,216.8000030517578,8815728
2023-01-06,168.56036376953125,214.25,219.89999389648438,212.0,219.0,12237065
2023-01-09,169.111083984375,214.9499969482422,217.6999969482422,214.0,215.35000610351562,6967190
2023-01-10,170.52719116210938,216.75,217.3000030517578,214.1999969482422,215.0,5400260
2023-01-11,167.8916015625,213.39999389648438,218.5,212.1999969482422,217.3000030517578,7637956
2023-01-12,168.2849884033203,213.89999389648438,217.0,212.8000030517578,215.5,7161675
2023-01-13,169.22909545898438,215.10000610351562,215.6999969482422,213.5500030517578,214.1999969482422,3671193
2023-01-16,168.1669921875,213.75,215.89999389648438,212.4499969482422,215.5,3987352
2023-01-17,167.6555938720703,213.10000610351562,215.14999389648438,211.10000610351562,213.75,5871758
2023-01-18,170.6059112548828,216.85000610351562,217.35000610351562,213.1999969482422,213.85000610351562,6441530
2023-01-19,176.19180297851562,223.9499969482422,224.8000030517578,215.14999389648438,216.75,12938871
2023-01-20,178.5913543701172,227.0,229.25,222.75,224.85000610351562,13444947
2023-01-23,181.03030395507812,230.10000610351562,230.39999389648438,227.1999969482422,228.5,8736715
2023-01-24,179.06341552734375,227.60000610351562,232.0,227.1999969482422,230.1999969482422,4252051
2023-01-25,177.922607421875,226.14999389648438,228.0,223.75,227.8000030517578,3855827
2023-01-27,174.97230529785156,222.39999389648438,227.64999389648438,219.3000030517578,227.0,6171667
2023-01-30,177.68661499023438,225.85000610351562,226.8000030517578,220.75,222.39999389648438,6172517
2023-01-31,176.89988708496094,224.85000610351562,228.35000610351562,223.89999389648438,225.0,7424552
2023-02-01,173.59552001953125,220.64999389648438,228.0,214.14999389648438,228.0,24008324
2023-02-02,171.2352752685547,217.64999389648438,221.6999969482422,217.0,221.0,6806578
2023-02-03,172.2187042236328,218.89999389648438,220.6999969482422,214.60000610351562,218.0,8776614
2023-02-06,172.7694549560547,219.60000610351562,220.35000610351562,215.64999389648438,219.1999969482422,5742881
2023-02-07,172.84814453125,219.6999969482422,221.14999389648438,217.0,219.60000610351562,4907167
2023-02-08,173.69442749023438,215.5,217.14999389648438,214.14999389648438,214.75,6316867
2023-02-09,172.9287109375,214.5500030517578,216.8000030517578,213.1999969482422,216.0,4383159
2023-02-10,170.4704132080078,211.5,214.39999389648438,210.9499969482422,214.0,4954439
2023-02-13,171.7197265625,213.0500030517578,213.6999969482422,209.14999389648438,211.5,6142208
2023-02-14,170.67190551757812,211.75,214.3000030517578,211.10000610351562,213.0500030517578,6758731
2023-02-15,171.59884643554688,212.89999389648438,213.8000030517578,210.3000030517578,211.0,9612884
2023-02-16,173.6541290283203,215.4499969482422,216.5,213.10000610351562,213.5,13093683
2023-02-17,175.3064422607422,217.5,218.25,214.1999969482422,214.85000610351562,7243093
2023-02-20,175.95123291015625,218.3000030517578,218.9499969482422,215.9499969482422,217.85000610351562,8479587
2023-02-21,172.5257568359375,214.0500030517578,219.1999969482422,213.35000610351562,218.8000030517578,4655766
2023-02-22,170.75250244140625,211.85000610351562,215.85000610351562,211.60000610351562,214.5500030517578,6003852
2023-02-23,173.21084594726562,214.89999389648438,215.9499969482422,212.4499969482422,212.9499969482422,6219715
2023-02-24,174.9437255859375,217.0500030517578,217.3000030517578,214.6999969482422,216.0,5154174
2023-02-27,174.86312866210938,216.9499969482422,218.0,215.10000610351562,217.0,4841279
2023-02-28,173.6138458251953,215.39999389648438,216.9499969482422,212.0,216.60000610351562,6054079
2023-03-01,176.31393432617188,218.75,219.0,214.5,215.39999389648438,4510175
2023-03-02,179.61859130859375,222.85000610351562,224.4499969482422,217.35000610351562,218.75,11354939
2023-03-03,179.69915771484375,222.9499969482422,226.4499969482422,222.39999389648438,223.89999389648438,7089438
2023-03-06,181.27088928222656,224.89999389648438,225.5,221.75,222.9499969482422,4771341
2023-03-08,181.23057556152344,224.85000610351562,225.14999389648438,222.64999389648438,224.85000610351562,4271464
2023-03-09,181.1903076171875,224.8000030517578,226.9499969482422,223.64999389648438,224.85000610351562,4263468
2023-03-10,180.82760620117188,224.35000610351562,225.3000030517578,221.4499969482422,222.9499969482422,3670173
2023-03-13,177.9662628173828,220.8000030517578,225.75,219.35000610351562,224.1999969482422,3877606
2023-03-14,178.1677703857422,221.0500030517578,222.8000030517578,218.85000610351562,220.8000030517578,5723922
2023-03-15,177.24087524414062,219.89999389648438,223.1999969482422,219.60000610351562,221.9499969482422,2992144
2023-03-16,178.0065460205078,220.85000610351562,222.4499969482422,216.35000610351562,218.5500030517578,4988245
2023-03-17,178.6513671875,221.64999389648438,225.9499969482422,220.10000610351562,222.0,15720256
2023-03-20,174.9437255859375,217.0500030517578,221.60000610351562,215.6999969482422,220.0,4244575
2023-03-21,174.9437255859375,217.0500030517578,218.9499969482422,215.9499969482422,218.14999389648438,3998751
2023-03-22,172.4451446533203,213.9499969482422,216.89999389648438,213.10000610351562,216.89999389648438,9675449
2023-03-23,171.96153259277344,213.35000610351562,214.75,212.39999389648438,213.14999389648438,4730918
2023-03-24,168.0120849609375,208.4499969482422,213.89999389648438,208.0,213.25,6611089
2023-03-27,167.97178649902344,208.39999389648438,210.1999969482422,207.60000610351562,208.5,4002212
2023-03-28,168.37478637695312,208.89999389648438,211.25,208.4499969482422,209.39999389648438,6157526
2023-03-29,171.63909912109375,212.9499969482422,214.89999389648438,208.39999389648438,209.9499969482422,16734166
2023-03-31,172.2033233642578,213.64999389648438,214.3000030517578,211.14999389648438,212.1999969482422,5139018
2023-04-03,177.44236755371094,220.14999389648438,220.85000610351562,213.8000030517578,214.10000610351562,7754066
2023-04-05,179.33648681640625,222.5,224.25,220.3000030517578,220.3000030517578,6491910
2023-04-06,178.691650390625,221.6999969482422,223.14999389648438,220.3000030517578,222.4499969482422,4589598
2023-04-10,178.97377014160156,222.0500030517578,224.4499969482422,221.14999389648438,221.4499969482422,3498235
2023-04-11,180.2633819580078,223.64999389648438,224.3000030517578,222.0,222.75,3995959
2023-04-12,183.5277099609375,227.6999969482422,228.0,223.64999389648438,224.0,5136012
2023-04-13,181.7544708251953,225.5,229.64999389648438,224.4499969482422,227.89999389648438,3478451
2023-04-17,185.0591583251953,229.60000610351562,229.9499969482422,225.39999389648438,225.5,6265943
2023-04-18,187.1547393798828,232.1999969482422,232.39999389648438,229.25,229.60000610351562,8004952
2023-04-19,185.7039337158203,230.39999389648438,234.60000610351562,229.0,233.60000610351562,7424582
2023-04-20,185.01881408691406,229.5500030517578,231.5,229.10000610351562,229.89999389648438,2589165
2023-04-21,185.4218292236328,230.0500030517578,230.4499969482422,227.4499969482422,230.0,2459508
2023-04-24,186.63084411621094,231.5500030517578,232.0,229.5500030517578,229.5500030517578,2587030
2023-04-25,185.58302307128906,230.25,232.3000030517578,229.89999389648438,231.14999389648438,2570946
2023-04-26,185.18003845214844,229.75,230.64999389648438,228.0,230.0,3439487
2023-04-27,186.7920379638672,231.75,232.5,229.14999389648438,229.75,3349374
2023-04-28,187.88015747070312,233.10000610351562,234.75,231.60000610351562,232.5,4771074
2023-05-02,190.29815673828125,236.10000610351562,237.4499969482422,233.10000610351562,233.1999969482422,3773537
2023-05-03,190.94297790527344,236.89999389648438,238.9499969482422,234.60000610351562,236.0500030517578,4523385
2023-05-04,191.38629150390625,237.4499969482422,238.0,234.14999389648438,236.85000610351562,7248108
2023-05-05,191.34596252441406,237.39999389648438,238.0,236.0,237.85000610351562,3043479
2023-05-08,187.6786346435547,232.85000610351562,233.39999389648438,230.0,232.5,9711437
2023-05-09,190.49966430664062,236.35000610351562,238.8000030517578,233.5,234.8000030517578,7318928
2023-05-10,190.660888671875,236.5500030517578,237.25,234.5500030517578,236.9499969482422,3650159
2023-05-11,190.33848571777344,236.14999389648438,238.14999389648438,235.6999969482422,236.5500030517578,2675726
2023-05-12,189.4518585205078,235.0500030517578,237.25,234.25,236.14999389648438,2348435
2023-05-15,191.58775329589844,237.6999969482422,239.60000610351562,233.85000610351562,234.60000610351562,4217892
2023-05-16,194.20730590820312,240.9499969482422,241.6999969482422,237.4499969482422,238.75,6016484
2023-05-17,194.73121643066406,241.60000610351562,243.6999969482422,240.75,240.9499969482422,4968232
2023-05-18,193.1191864013672,239.60000610351562,242.89999389648438,238.9499969482422,242.0,3512113
2023-05-19,193.3609619140625,239.89999389648438,241.60000610351562,236.3000030517578,240.0,3810543
2023-05-22,192.393798828125,238.6999969482422,241.1999969482422,237.4499969482422,239.39999389648438,2891415
2023-05-23,192.8773956298828,239.3000030517578,240.1999969482422,236.8000030517578,238.9499969482422,3213453
2023-05-24,194.24761962890625,241.0,241.5,238.0,238.3000030517578,2422138
2023-05-25,193.4818878173828,240.0500030517578,242.1999969482422,237.89999389648438,241.25,3810138
2023-05-26,194.65060424804688,241.5,242.4499969482422,239.10000610351562,239.8000030517578,2646742
2023-05-29,198.35826110839844,246.10000610351562,247.64999389648438,240.8000030517578,241.5500030517578,8069985
2023-05-30,196.9074249267578,244.3000030517578,247.14999389648438,243.3000030517578,246.25,4657906
2023-05-31,194.44911193847656,241.25,247.89999389648438,239.3000030517578,247.89999389648438,15727646
2023-06-01,185.66363525390625,230.35000610351562,231.89999389648438,229.14999389648438,230.39999389648438,35509867
2023-06-02,186.10693359375,230.89999389648438,233.39999389648438,228.10000610351562,228.5,36400588
2023-06-05,185.1396942138672,229.6999969482422,231.1999969482422,229.4499969482422,230.5,19807347
2023-06-06,183.60830688476562,227.8000030517578,230.64999389648438,226.75,229.8000030517578,13495524
2023-06-07,185.9457244873047,230.6999969482422,231.5,228.10000610351562,228.75,21853324
2023-06-08,183.85009765625,228.10000610351562,231.39999389648438,227.64999389648438,231.39999389648438,8538256
2023-06-09,183.4873809814453,227.64999389648438,229.4499969482422,227.35000610351562,228.9499969482422,5137982
2023-06-12,184.57553100585938,229.0,229.25,226.64999389648438,228.25,4261576
2023-06-13,184.53518676757812,228.9499969482422,230.3000030517578,228.0,230.0,5574798
2023-06-14,184.53518676757812,228.9499969482422,229.89999389648438,227.5500030517578,229.89999389648438,7034468
2023-06-15,184.2531280517578,228.60000610351562,229.64999389648438,227.89999389648438,229.1999969482422,6363240
2023-06-16,184.21282958984375,228.5500030517578,229.6999969482422,228.0,228.5,8518319
2023-06-19,183.08441162109375,227.14999389648438,228.8000030517578,226.60000610351562,228.5,8210198
2023-06-20,183.1649932861328,227.25,227.75,225.5,227.75,5024593
2023-06-21,184.13223266601562,228.4499969482422,228.8000030517578,226.4499969482422,227.8000030517578,4705567
2023-06-22,182.92318725585938,226.9499969482422,229.60000610351562,226.60000610351562,228.39999389648438,6566989
2023-06-23,182.07688903808594,225.89999389648438,227.5500030517578,224.8000030517578,227.10000610351562,3881707
2023-06-26,180.7872772216797,224.3000030517578,226.4499969482422,223.25,226.0,6145625
2023-06-27,181.47238159179688,225.14999389648438,226.8000030517578,223.89999389648438,226.35000610351562,6282912
2023-06-28,183.1649932861328,227.25,227.64999389648438,224.14999389648438,225.14999389648438,19512531
2023-06-30,186.18753051757812,231.0,231.35000610351562,226.75,227.89999389648438,7850296
2023-07-03,186.71142578125,231.64999389648438,233.75,229.85000610351562,231.5,7860203
2023-07-04,186.8323516845703,231.8000030517578,232.8000030517578,230.3000030517578,232.25,3662791
2023-07-05,186.5099334716797,231.39999389648438,232.85000610351562,230.10000610351562,231.8000030517578,4859892
2023-07-06,189.08917236328125,234.60000610351562,236.0,231.0,231.39999389648438,7254947
2023-07-07,188.60556030273438,234.0,235.85000610351562,231.6999969482422,232.0,6393850
2023-07-10,188.404052734375,233.75,235.60000610351562,232.85000610351562,235.0,6223180
2023-07-11,188.60556030273438,234.0,235.8000030517578,233.5,233.8000030517578,10775084
2023-07-12,188.92796325683594,234.39999389648438,237.3000030517578,233.64999389648438,235.0,11313272
2023-07-13,185.30091857910156,229.89999389648438,235.3000030517578,229.0,235.0,20205328
2023-07-14,186.2278289794922,231.0500030517578,232.10000610351562,229.75,230.0,7390502
2023-07-17,185.54270935058594,230.1999969482422,232.64999389648438,229.6999969482422,231.0,4963515
2023-07-18,183.9709930419922,228.25,232.4499969482422,227.5500030517578,229.6999969482422,6168942
2023-07-19,184.2531280517578,228.60000610351562,229.89999389648438,228.1999969482422,229.1999969482422,5247533
2023-07-20,185.18003845214844,229.75,230.6999969482422,227.75,228.64999389648438,3195629
2023-07-21,184.57553100585938,229.0,230.5,228.5500030517578,229.60000610351562,3903407
2023-07-24,186.14723205566406,230.9499969482422,232.0,228.5500030517578,229.0,3456895
2023-07-25,185.34121704101562,229.9499969482422,232.35000610351562,228.85000610351562,232.3000030517578,11024983
2023-07-26,185.78453063964844,230.5,231.1999969482422,228.89999389648438,230.5500030517578,7574284
2023-07-27,184.61581420898438,229.0500030517578,231.89999389648438,228.14999389648438,231.0,7837850
2023-07-28,183.0441131591797,227.10000610351562,229.9499969482422,226.85000610351562,229.60000610351562,8817344
2023-07-31,184.7770233154297,229.25,229.9499969482422,226.85000610351562,228.5,19422170
2023-08-01,193.7237091064453,240.35000610351562,241.3000030517578,228.9499969482422,230.0,22409256
2023-08-02,189.04884338378906,234.5500030517578,243.14999389648438,232.3000030517578,241.14999389648438,25003960
2023-08-03,185.4218292236328,230.0500030517578,235.10000610351562,229.4499969482422,234.5500030517578,13949266
2023-08-04,188.404052734375,233.75,236.5,230.5,232.8000030517578,6725977
2023-08-07,187.75924682617188,232.9499969482422,236.0,232.3000030517578,234.75,6744074
2023-08-08,185.58302307128906,230.25,235.39999389648438,229.3000030517578,233.0,13828141
2023-08-09,189.21006774902344,234.75,235.6999969482422,230.60000610351562,233.25,35271302
2023-08-10,189.33094787597656,234.89999389648438,236.8000030517578,234.4499969482422,234.75,10749822
2023-08-11,189.33094787597656,234.89999389648438,235.60000610351562,233.75,234.0,6132454
2023-08-14,188.5249481201172,233.89999389648438,236.1999969482422,230.6999969482422,236.0,6092872
2023-08-16,187.83984375,233.0500030517578,234.8000030517578,232.10000610351562,234.0,4576249
2023-08-17,187.2353515625,232.3000030517578,233.89999389648438,231.10000610351562,233.6999969482422,5602132
2023-08-18,186.53823852539062,227.4499969482422,228.9499969482422,227.0,228.5,6904019
2023-08-21,188.71157836914062,230.10000610351562,230.8000030517578,227.0,227.4499969482422,4955953
2023-08-22,189.2446746826172,230.75,232.0500030517578,229.6999969482422,230.39999389648438,4280368
2023-08-23,189.36767578125,230.89999389648438,231.5,230.3000030517578,231.25,2524601
2023-08-24,188.01446533203125,229.25,232.64999389648438,228.5,231.85000610351562,6378317
2023-08-25,186.74327087402344,227.6999969482422,230.10000610351562,227.5,229.0,3890957
2023-08-28,188.17849731445312,229.4499969482422,230.0500030517578,227.5,228.5,3360861
2023-08-29,188.5885467529297,229.9499969482422,230.39999389648438,228.75,229.4499969482422,3112560
2023-08-30,187.6044158935547,228.75,230.75,228.5,230.10000610351562,4086281
2023-08-31,188.6705780029297,230.0500030517578,230.4499969482422,228.39999389648438,229.0,10403460
2023-09-01,194.2884521484375,236.89999389648438,237.25,230.64999389648438,230.6999969482422,14869577
2023-09-04,203.2278594970703,247.8000030517578,248.9499969482422,238.14999389648438,238.75,24785966
2023-09-05,209.4198455810547,255.35000610351562,255.89999389648438,247.5,249.35000610351562,19654487
2023-09-06,209.7888946533203,255.8000030517578,257.79998779296875,252.5500030517578,255.9499969482422,13346191
2023-09-07,224.7152099609375,274.0,274.75,254.8000030517578,256.0,72255521
2023-09-08,231.3582763671875,282.1000061035156,284.45001220703125,270.8999938964844,274.6000061035156,41855413
2023-09-11,228.77484130859375,278.95001220703125,284.20001220703125,277.25,284.0,14505153
2023-09-12,222.04981994628906,270.75,280.04998779296875,269.0,280.0,17547706
2023-09-13,229.3489532470703,279.6499938964844,281.5,269.0,271.5,17607568
2023-09-14,227.62667846679688,277.54998779296875,282.20001220703125,276.70001220703125,281.29998779296875,12033796
2023-09-15,229.06190490722656,279.29998779296875,284.1499938964844,277.54998779296875,278.5,13288180
2023-09-18,230.6611328125,281.25,282.75,274.45001220703125,279.29998779296875,8754852
2023-09-20,233.1625518798828,284.29998779296875,288.0,279.1000061035156,279.5,18615797
2023-09-21,230.00503540039062,280.45001220703125,286.79998779296875,278.6000061035156,284.8999938964844,11071899
2023-09-22,232.38340759277344,283.3500061035156,286.1000061035156,279.20001220703125,280.0,8691024
2023-09-25,236.238037109375,288.04998779296875,289.0,281.1499938964844,284.29998779296875,9118957
2023-09-26,235.17184448242188,286.75,291.3999938964844,286.1499938964844,288.45001220703125,11256196
2023-09-27,239.10848999023438,291.54998779296875,293.3999938964844,284.5,288.0,12805340
2023-09-28,238.00128173828125,290.20001220703125,294.1499938964844,289.0,291.54998779296875,12432497
2023-09-29,242.10195922851562,295.20001220703125,297.5,291.3999938964844,292.79998779296875,8640829
2023-10-03,239.39549255371094,291.8999938964844,297.1000061035156,290.1000061035156,297.04998779296875,9348540
2023-10-04,236.15603637695312,287.95001220703125,291.5,285.8999938964844,290.79998779296875,6338888
2023-10-05,237.30421447753906,289.3500061035156,290.54998779296875,283.8999938964844,288.79998779296875,8687014
2023-10-06,236.03298950195312,287.79998779296875,291.0,287.0,290.95001220703125,3741467
2023-10-09,236.03298950195312,287.79998779296875,288.95001220703125,283.04998779296875,286.04998779296875,4647845
2023-10-10,248.70394897460938,303.25,303.8999938964844,287.79998779296875,288.25,23283411
2023-10-11,247.55581665039062,301.8500061035156,305.0,299.45001220703125,304.54998779296875,12321154
2023-10-12,251.94349670410156,307.20001220703125,309.1000061035156,301.8999938964844,302.54998779296875,15375295
2023-10-13,252.5586395263672,307.95001220703125,310.8500061035156,304.45001220703125,305.0,9516879
2023-10-16,255.88009643554688,312.0,313.6499938964844,306.54998779296875,307.8500061035156,10535107
2023-10-17,260.30877685546875,317.3999938964844,318.3500061035156,312.1000061035156,313.0,7760527
2023-10-18,259.9397277832031,316.95001220703125,319.75,315.25,317.3500061035156,9662837
2023-10-19,258.17645263671875,314.79998779296875,315.70001220703125,308.8500061035156,315.29998779296875,8977527
2023-10-20,256.2081298828125,312.3999938964844,316.70001220703125,309.6000061035156,312.5,6009115
2023-10-23,251.04141235351562,306.1000061035156,312.8500061035156,305.0,312.54998779296875,8086150
2023-10-25,254.48587036132812,310.29998779296875,312.70001220703125,305.0,306.1000061035156,7253336
2023-10-26,250.34422302246094,305.25,309.1499938964844,302.8999938964844,309.1499938964844,8329092
2023-10-27,257.4793395996094,313.95001220703125,317.1499938964844,306.0,306.0,10503070
2023-10-30,257.9714660644531,314.54998779296875,315.79998779296875,311.95001220703125,315.0,6229982
2023-10-31,257.7254333496094,314.25,316.79998779296875,310.75,316.75,7446586
2023-11-01,251.49241638183594,306.6499938964844,315.79998779296875,305.8500061035156,313.20001220703125,9593653
2023-11-02,253.29672241210938,308.8500061035156,312.79998779296875,307.29998779296875,308.95001220703125,7071960
2023-11-03,255.88009643554688,312.0,314.70001220703125,310.29998779296875,310.6000061035156,4658440
2023-11-06,259.6117248535156,316.54998779296875,319.54998779296875,313.0,313.20001220703125,10340818
2023-11-07,257.7254333496094,314.25,318.79998779296875,313.6499938964844,316.5,6826885
2023-11-08,260.30877685546875,317.3999938964844,318.1499938964844,314.54998779296875,316.0,6424833
2023-11-09,265.35260009765625,323.54998779296875,324.5,315.70001220703125,318.45001220703125,15503280
2023-11-10,265.2295837402344,323.3999938964844,326.1499938964844,321.54998779296875,324.45001220703125,8445203
2023-11-13,286.51190185546875,349.3500061035156,350.0,330.29998779296875,333.0,42178783
2023-11-15,287.53704833984375,350.6000061035156,359.0,348.6000061035156,359.0,35092206
2023-11-16,283.6004638671875,345.79998779296875,354.5,344.8500061035156,353.0,17617280
2023-11-17,283.14935302734375,345.25,348.54998779296875,342.29998779296875,348.0,13542916
2023-11-20,285.19970703125,347.75,352.3999938964844,343.95001220703125,348.0,19032608
2023-11-21,286.65789794921875,334.20001220703125,338.5,328.8500061035156,335.0,15148068
2023-11-22,284.89947509765625,332.1499938964844,337.8999938964844,330.0,335.79998779296875,7599447
2023-11-23,286.8723449707031,334.45001220703125,336.04998779296875,330.0,332.5,6186567
2023-11-24,285.4570007324219,332.79998779296875,337.45001220703125,332.1000061035156,335.3500061035156,7054445
2023-11-28,293.3053894042969,341.95001220703125,342.5,333.29998779296875,334.79998779296875,10791886
2023-11-29,293.64849853515625,342.3500061035156,345.0,338.1000061035156,343.0,14149513
2023-11-30,293.4768981933594,342.1499938964844,345.0,338.04998779296875,345.0,11959336
2023-12-01,297.3367614746094,346.6499938964844,351.1000061035156,342.45001220703125,343.79998779296875,15105221
2023-12-04,304.2416076660156,354.70001220703125,360.0,350.6499938964844,351.1000061035156,22705896
2023-12-05,304.9707336425781,355.54998779296875,356.45001220703125,350.0,355.70001220703125,15782945
2023-12-06,302.0544128417969,352.1499938964844,362.5,349.45001220703125,355.79998779296875,14817158
2023-12-07,301.8828430175781,351.95001220703125,353.79998779296875,348.3999938964844,353.79998779296875,8507659
2023-12-08,301.0679931640625,351.0,358.3999938964844,346.8999938964844,352.0,13444251
2023-12-11,303.3409729003906,353.6499938964844,358.6000061035156,351.0,351.0,11420609
2023-12-12,298.06585693359375,347.5,354.6000061035156,345.1499938964844,354.1499938964844,8789103
2023-12-13,296.0931091308594,345.20001220703125,349.79998779296875,343.70001220703125,349.3999938964844,8091533
2023-12-14,298.151611328125,347.6000061035156,351.20001220703125,345.79998779296875,349.20001220703125,13142466
2023-12-15,300.210205078125,350.0,354.3500061035156,348.45001220703125,350.0,14331890
2023-12-18,298.1944885253906,347.6499938964844,351.25,342.29998779296875,351.0,7959685
2023-12-19,314.74896240234375,366.95001220703125,369.75,346.5,346.5,28937243
2023-12-20,302.0544128417969,352.1499938964844,371.79998779296875,350.0,369.0,23224408
2023-12-21,304.92779541015625,355.5,356.79998779296875,346.1000061035156,351.1000061035156,10028664
2023-12-22,311.5753173828125,363.25,367.3999938964844,356.3999938964844,359.0,13916380
2023-12-26,313.9770202636719,366.04998779296875,371.79998779296875,362.5,363.79998779296875,11910267
2023-12-27,313.5910339355469,365.6000061035156,369.20001220703125,362.3999938964844,367.0,7890042
2023-12-28,326.75738525390625,380.95001220703125,382.5,365.79998779296875,366.79998779296875,28310022
2023-12-29,322.5115661621094,376.0,381.70001220703125,374.25,381.5,8859317
2024-01-01,327.4864196777344,381.79998779296875,386.79998779296875,377.45001220703125,377.79998779296875,11124690
2024-01-02,336.7929382324219,392.6499938964844,395.8500061035156,384.25,387.3999938964844,28363847
2024-01-03,329.84521484375,384.54998779296875,394.79998779296875,383.8500061035156,394.79998779296875,12903439
2024-01-04,330.016845703125,384.75,389.79998779296875,383.8999938964844,387.79998779296875,11039940
2024-01-05,329.5879211425781,384.25,388.5,382.5,386.79998779296875,8369460
2024-01-08,326.28558349609375,380.3999938964844,388.6499938964844,379.25,386.45001220703125,9424716
2024-01-09,330.531494140625,385.3500061035156,387.95001220703125,382.1000061035156,383.6499938964844,9473743
2024-01-10,327.700927734375,382.04998779296875,385.8500061035156,375.8500061035156,385.8500061035156,9670366
2024-01-11,329.6737060546875,384.3500061035156,388.8999938964844,383.29998779296875,385.5,9163771
2024-01-12,326.8860168457031,381.1000061035156,385.79998779296875,379.54998779296875,385.79998779296875,7471050
2024-01-15,329.9309997558594,384.6499938964844,387.8999938964844,381.3999938964844,382.5,7490747
2024-01-16,327.57220458984375,381.8999938964844,386.95001220703125,377.04998779296875,385.3999938964844,10165133
2024-01-17,325.6423034667969,379.6499938964844,385.3500061035156,377.20001220703125,381.79998779296875,10996538
2024-01-18,322.21136474609375,375.6499938964844,382.54998779296875,368.0,380.79998779296875,12493835
2024-01-19,328.7301940917969,383.25,384.8999938964844,379.1000061035156,380.6499938964844,15893456
2024-01-23,321.9111022949219,375.29998779296875,404.79998779296875,373.6499938964844,403.5,16406737
2024-01-24,328.172607421875,382.6000061035156,387.79998779296875,374.25,379.79998779296875,22938994
2024-01-25,334.0053405761719,389.3999938964844,391.70001220703125,385.3500061035156,386.79998779296875,13440949
2024-01-29,354.07647705078125,412.79998779296875,414.70001220703125,391.5,392.8999938964844,27149058
2024-01-30,345.2845764160156,402.54998779296875,415.79998779296875,401.6000061035156,415.75,14159072
2024-01-31,348.3724670410156,406.1499938964844,409.1499938964844,400.3999938964844,405.04998779296875,23750822
2024-02-01,348.8442687988281,406.70001220703125,411.8999938964844,402.5,408.79998779296875,8862155
2024-02-02,360.0806884765625,419.79998779296875,422.8999938964844,409.6499938964844,410.79998779296875,25177075
2024-02-05,377.62158203125,440.25,450.0,417.1000061035156,423.25,31418925
2024-02-06,384.8265686035156,448.6499938964844,451.0,437.25,444.79998779296875,13386526
2024-02-07,388.2575988769531,452.6499938964844,460.54998779296875,447.79998779296875,454.0,14430152
2024-02-08,393.8758239746094,459.20001220703125,468.6000061035156,450.0,454.79998779296875,18790158
2024-02-09,391.3025207519531,456.20001220703125,463.79998779296875,435.6499938964844,462.20001220703125,17472069
2024-02-12,371.2313537597656,432.79998779296875,457.45001220703125,430.04998779296875,457.0,19472346
2024-02-13,388.0002746582031,452.3500061035156,457.8500061035156,434.0,443.79998779296875,35665854
2024-02-14,400.0086669921875,466.3500061035156,468.0,443.0,451.6499938964844,18592696
2024-02-15,409.0149841308594,476.8500061035156,481.25,467.54998779296875,469.0,18501875
2024-02-16,411.7168884277344,480.0,487.6000061035156,477.5,482.3999938964844,14513583
2024-02-19,395.41973876953125,461.0,487.45001220703125,455.45001220703125,482.79998779296875,19798448
2024-02-20,387.3942565917969,446.5,457.95001220703125,441.0,457.95001220703125,27899165
2024-02-21,375.6379089355469,432.95001220703125,450.95001220703125,431.0,450.95001220703125,19032050
2024-02-22,386.222900390625,445.1499938964844,448.0,427.95001220703125,438.0,22083710
2024-02-23,385.1383972167969,443.8999938964844,449.6000061035156,441.6499938964844,448.0,9625544
2024-02-26,383.7502136230469,442.29998779296875,447.25,440.54998779296875,443.8999938964844,7570244
2024-02-27,382.9693603515625,441.3999938964844,445.29998779296875,435.04998779296875,442.29998779296875,8343526
2024-02-28,376.7224426269531,434.20001220703125,442.8500061035156,430.3500061035156,440.29998779296875,8893614
2024-02-29,378.8915100097656,436.70001220703125,444.0,429.6499938964844,444.0,11711699
2024-03-01,387.2640380859375,446.3500061035156,448.79998779296875,438.0,438.0,8411615
2024-03-04,395.1160888671875,455.3999938964844,458.0,448.04998779296875,451.8500061035156,11977226
2024-03-05,399.671142578125,460.6499938964844,461.75,453.54998779296875,456.0,9605493
2024-03-06,400.495361328125,461.6000061035156,464.95001220703125,444.54998779296875,462.45001220703125,14061966
2024-03-07,397.8924865722656,458.6000061035156,465.3999938964844,456.04998779296875,461.6000061035156,9680802
2024-03-11,393.81463623046875,453.8999938964844,462.8500061035156,452.3999938964844,461.0,7824738
2024-03-12,389.8235778808594,449.29998779296875,455.79998779296875,446.70001220703125,453.8999938964844,8409613
2024-03-13,361.84271240234375,417.04998779296875,449.8999938964844,410.0,449.29998779296875,17803423
2024-03-14,371.0829162597656,427.70001220703125,428.8500061035156,412.20001220703125,419.0,20478918
2024-03-15,360.2809753417969,415.25,428.04998779296875,401.20001220703125,427.70001220703125,25435001
2024-03-18,366.0072937011719,421.8500061035156,423.5,413.54998779296875,416.0,9803914
2024-03-19,363.57794189453125,419.04998779296875,424.6000061035156,414.0,417.0,8373676
2024-03-20,363.9683837890625,419.5,422.79998779296875,412.70001220703125,419.79998779296875,6950340
2024-03-21,374.8570556640625,432.04998779296875,433.54998779296875,423.1499938964844,424.0,9911230
2024-03-22,374.77032470703125,431.95001220703125,436.20001220703125,428.29998779296875,430.8999938964844,9172888
2024-03-26,378.24078369140625,435.95001220703125,440.95001220703125,430.8999938964844,433.79998779296875,9389403
2024-03-27,372.60125732421875,429.45001220703125,439.79998779296875,426.04998779296875,439.79998779296875,17985246
2024-03-28,376.6357116699219,434.1000061035156,438.45001220703125,430.0,430.0,10332853
2024-04-01,383.5332946777344,442.04998779296875,443.79998779296875,434.79998779296875,436.70001220703125,7256592
2024-04-02,384.5310363769531,443.20001220703125,448.29998779296875,436.04998779296875,442.04998779296875,11530800
2024-04-03,386.526611328125,445.5,447.0,440.8999938964844,443.20001220703125,6972648
2024-04-04,389.43310546875,448.8500061035156,453.5,442.54998779296875,450.0,14743020
2024-04-05,387.78466796875,446.95001220703125,448.8500061035156,444.0,448.75,4820138
2024-04-08,388.1750183105469,447.3999938964844,450.45001220703125,444.54998779296875,449.0,3980972
2024-04-09,381.6245422363281,439.8500061035156,450.29998779296875,437.25,448.70001220703125,8005012
2024-04-10,395.9403381347656,456.3500061035156,458.6000061035156,442.1000061035156,442.54998779296875,15825331
2024-04-12,395.2895812988281,455.6000061035156,463.45001220703125,452.54998779296875,455.0,11259294
2024-04-15,391.2984924316406,451.0,455.79998779296875,441.1000061035156,448.95001220703125,7680715
2024-04-16,393.207275390625,453.20001220703125,456.3999938964844,446.3500061035156,449.0,4996845
2024-04-18,380.5400085449219,438.6000061035156,456.79998779296875,435.1499938964844,454.95001220703125,10945138
2024-04-19,377.6767883300781,435.29998779296875,438.6000061035156,428.04998779296875,436.0,7628287
2024-04-22,384.3141784667969,442.95001220703125,444.5,438.0,440.8999938964844,6396926
2024-04-23,382.57891845703125,440.95001220703125,445.75,439.25,445.75,5390120
2024-04-24,385.09503173828125,443.8500061035156,448.70001220703125,441.1499938964844,441.54998779296875,6538090
2024-04-25,392.5566101074219,452.45001220703125,454.0,441.75,443.0,10858594
2024-04-26,395.46307373046875,455.79998779296875,460.45001220703125,452.20001220703125,454.0,7209435
2024-04-29,393.2507019042969,453.25,458.70001220703125,450.54998779296875,458.70001220703125,5305655
2024-04-30,394.1617126464844,454.29998779296875,458.3999938964844,452.04998779296875,456.3999938964844,6021793
2024-05-02,393.81463623046875,453.8999938964844,459.54998779296875,449.3999938964844,457.54998779296875,14980896
2024-05-03,411.7744445800781,474.6000061035156,475.79998779296875,449.3999938964844,457.8999938964844,51071947
2024-05-06,399.6277160644531,460.6000061035156,481.45001220703125,444.04998779296875,479.0,36408390
2024-05-07,395.6366882324219,456.0,469.5,452.8500061035156,463.0,13728379
2024-05-08,402.96807861328125,464.45001220703125,471.3999938964844,455.1000061035156,456.70001220703125,16978094
2024-05-09,384.7913513183594,443.5,467.70001220703125,441.3500061035156,465.3500061035156,15601338
2024-05-10,389.9103698730469,449.3999938964844,451.1499938964844,440.25,447.20001220703125,9190621
2024-05-13,385.22515869140625,444.0,451.79998779296875,434.70001220703125,451.25,11107909
2024-05-14,389.30303955078125,448.70001220703125,450.6499938964844,445.1000061035156,446.70001220703125,6592194
2024-05-15,405.91796875,467.8500061035156,470.0,449.5,450.0,23543942
2024-05-16,406.30841064453125,468.29998779296875,475.0,457.8500061035156,468.6499938964844,17232651
2024-05-17,408.00030517578125,470.25,473.70001220703125,466.79998779296875,469.04998779296875,10625019
2024-05-21,425.6998596191406,490.6499938964844,493.8999938964844,469.70001220703125,469.70001220703125,27356982
2024-05-22,435.287109375,501.70001220703125,507.3500061035156,491.6000061035156,494.5,28346931
2024-05-23,431.46954345703125,497.29998779296875,503.79998779296875,492.1000061035156,503.3999938964844,14378840
2024-05-24,434.6797180175781,501.0,505.3999938964844,489.1499938964844,495.95001220703125,12190536
2024-05-27,428.996826171875,494.45001220703125,503.0,490.75,502.95001220703125,8811105
2024-05-28,423.0969543457031,487.6499938964844,496.20001220703125,484.1000061035156,496.0,8165238
2024-05-29,422.0558166503906,486.45001220703125,491.8999938964844,482.1000061035156,482.1000061035156,8014727
2024-05-30,418.3250427246094,482.1499938964844,487.95001220703125,479.5,486.0,7725080
2024-05-31,426.1770324707031,491.20001220703125,493.1000061035156,479.0,484.3999938964844,11223848
2024-06-03,444.5272216796875,512.3499755859375,527.4000244140625,505.54998779296875,515.0,24416215
2024-06-04,383.40313720703125,441.8999938964844,512.4000244140625,410.79998779296875,512.3499755859375,48046493
2024-06-05,399.5843200683594,460.54998779296875,462.8500061035156,425.1000061035156,452.0,18966089
2024-06-06,410.3429260253906,472.95001220703125,484.3999938964844,464.6499938964844,470.0,21757857
2024-06-07,415.72210693359375,479.1499938964844,481.29998779296875,467.6000061035156,473.0,8317343
2024-06-10,414.464111328125,477.70001220703125,488.0,475.5,485.0,10958537
2024-06-11,413.29278564453125,476.3500061035156,483.5,475.20001220703125,482.0,11169021
2024-06-12,424.0079650878906,488.70001220703125,494.29998779296875,479.3500061035156,481.0,15412796
2024-06-13,423.3138732910156,487.8999938964844,493.8999938964844,483.5,493.8999938964844,7438571
2024-06-14,422.4896240234375,486.95001220703125,492.3999938964844,485.25,487.8999938964844,5974636
2024-06-18,424.3116149902344,489.04998779296875,492.8999938964844,485.20001220703125,492.0,6946544
2024-06-19,414.6810302734375,477.95001220703125,491.20001220703125,476.5,489.3999938964844,8962510
2024-06-20,419.1926574707031,483.1499938964844,487.3999938964844,471.54998779296875,481.04998779296875,7864157
2024-06-21,416.63311767578125,480.20001220703125,491.3999938964844,479.0,483.1499938964844,10340882
2024-06-24,410.99359130859375,473.70001220703125,480.04998779296875,472.0,480.0,11124175
2024-06-25,407.1326904296875,469.25,477.95001220703125,465.29998779296875,475.8999938964844,7951999
2024-06-26,406.6988220214844,468.75,471.8500061035156,465.04998779296875,470.25,6655899
2024-06-27,405.2239074707031,467.04998779296875,469.0,461.5,468.75,14857335
2024-06-28,410.51641845703125,473.1499938964844,476.0,468.0,470.0,8302706
2024-07-01,411.947998046875,474.79998779296875,476.29998779296875,471.25,473.3500061035156,8579861
2024-07-02,415.6788024902344,479.1000061035156,485.0,473.3500061035156,478.0,14629287
2024-07-03,420.7543640136719,484.95001220703125,487.6499938964844,479.3999938964844,481.8999938964844,7244652
2024-07-04,424.74542236328125,489.54998779296875,492.79998779296875,485.29998779296875,488.75,7796954
2024-07-05,426.4372863769531,491.5,493.29998779296875,486.8999938964844,489.5,5754517
2024-07-08,427.9990539550781,493.29998779296875,496.0,487.20001220703125,492.70001220703125,7477292
2024-07-09,428.4328308105469,493.79998779296875,496.95001220703125,491.1000061035156,496.95001220703125,6444684
2024-07-10,425.78656005859375,490.75,494.8999938964844,480.54998779296875,493.79998779296875,5981477
2024-07-11,433.8554992675781,500.04998779296875,506.0,488.54998779296875,492.0,20146927
2024-07-12,430.5151672363281,496.20001220703125,508.6000061035156,495.5,504.0,8198389
2024-07-15,431.8599853515625,497.75,503.6000061035156,492.54998779296875,500.0,7106020
2024-07-16,444.6140441894531,512.4500122070312,518.4000244140625,498.0,498.0,23169665
2024-07-18,438.3672180175781,505.25,515.7999877929688,501.25,515.3499755859375,12540956
2024-07-19,423.4006652832031,488.0,506.3999938964844,486.75,505.29998779296875,9971704
2024-07-22,426.1770324707031,491.20001220703125,496.0,483.54998779296875,488.0,7281653
2024-07-23,422.53302001953125,487.0,495.79998779296875,464.54998779296875,494.0,11311831
2024-07-24,428.4328308105469,493.79998779296875,499.3999938964844,485.1000061035156,486.70001220703125,6823248
2024-07-25,428.60638427734375,494.0,503.54998779296875,484.0,491.0,10281157
2024-07-26,442.3581848144531,509.8500061035156,511.70001220703125,498.25,498.25,20437968
2024-07-29,444.353759765625,512.1500244140625,515.7000122070312,507.5,514.5,7259754
2024-07-30,450.60064697265625,519.3499755859375,525.5999755859375,509.95001220703125,512.1500244140625,13197520
2024-07-31,453.0733947753906,522.2000122070312,525.4000244140625,510.5,523.4500122070312,11972565
2024-08-01,468.8641662597656,540.4000244140625,542.25,528.0,535.0,34763894
2024-08-02,455.06890869140625,524.5,537.2000122070312,522.2999877929688,534.0,10985150
2024-08-05,439.7119445800781,506.79998779296875,515.0,497.54998779296875,515.0,11835031
2024-08-06,433.46502685546875,499.6000061035156,517.2000122070312,498.0,508.1000061035156,7142269
2024-08-07,461.142333984375,531.5,532.7999877929688,507.70001220703125,507.70001220703125,18293730
2024-08-08,454.1579284667969,523.4500122070312,535.0,521.25,534.0,13624148
2024-08-09,459.6672668457031,529.7999877929688,531.3499755859375,521.8499755859375,530.0,6468264
2024-08-12,454.5917053222656,523.9500122070312,530.5,523.2999877929688,529.0,5238736
2024-08-13,452.68292236328125,521.75,529.9000244140625,520.0,525.0,5201294
2024-08-14,437.8899841308594,504.70001220703125,527.9000244140625,499.04998779296875,522.9000244140625,14766889
2024-08-16,448.931396484375,512.2999877929688,515.75,502.5,507.70001220703125,7313429
2024-08-19,457.4316101074219,522.0,523.4500122070312,513.1500244140625,513.7999877929688,10737456
2024-08-20,459.7099304199219,524.5999755859375,528.4500122070312,521.0499877929688,524.3499755859375,8191127
2024-08-21,466.369873046875,532.2000122070312,535.25,524.4000244140625,526.5,9067794
2024-08-22,463.4342346191406,528.8499755859375,535.4500122070312,526.7999877929688,534.0,8531700
2024-08-23,472.19732666015625,538.8499755859375,541.1500244140625,528.8499755859375,528.9500122070312,12566904
2024-08-26,471.5400695800781,538.0999755859375,543.5499877929688,534.7000122070312,542.0,7193307
2024-08-27,465.6688537597656,531.4000244140625,541.7000122070312,530.0,539.0999755859375,7865530
2024-08-28,461.2434997558594,526.3499755859375,535.5499877929688,525.4500122070312,533.9000244140625,6066259
2024-08-29,462.2950134277344,527.5499877929688,530.0,516.0999755859375,526.3499755859375,9147836
2024-08-30,460.01666259765625,524.9500122070312,537.0,522.0,530.0,30921282
2024-09-02,456.42376708984375,520.8499755859375,529.0,517.6500244140625,527.0,6370038
2024-09-03,455.32843017578125,519.5999755859375,523.5999755859375,518.25,521.0,5526155
2024-09-04,441.35137939453125,503.6499938964844,516.8499755859375,500.54998779296875,516.8499755859375,16783593
2024-09-05,435.5239562988281,497.0,507.5,495.1499938964844,507.5,10830621
2024-09-06,428.1191101074219,488.54998779296875,499.0,481.04998779296875,499.0,13110103
2024-09-09,424.5262756347656,484.45001220703125,488.5,478.04998779296875,488.0,10189742
2024-09-10,430.3537292480469,491.1000061035156,492.0,481.79998779296875,487.29998779296875,9809547
2024-09-11,424.088134765625,483.95001220703125,493.54998779296875,481.95001220703125,492.8500061035156,8134497
2024-09-12,434.3409118652344,495.6499938964844,497.25,482.25,487.0,12058489
2024-09-13,429.60882568359375,490.25,497.8500061035156,489.5,497.0,8093877
2024-09-16,432.23779296875,493.25,494.8999938964844,487.3500061035156,492.5,5244657
2024-09-17,428.0753173828125,488.5,494.79998779296875,487.6499938964844,493.25,5063902
2024-09-18,426.8485107421875,487.1000061035156,493.6000061035156,486.1499938964844,489.79998779296875,6527832
2024-09-19,418.8302917480469,477.95001220703125,491.6000061035156,476.25,489.0,10014450
2024-09-20,430.2222900390625,490.95001220703125,498.0,480.29998779296875,480.95001220703125,12982128
2024-09-23,438.67864990234375,500.6000061035156,502.5,490.5,493.5,6123879
2024-09-24,441.92095947265625,504.29998779296875,506.6499938964844,501.54998779296875,505.0,7306001
2024-09-25,442.7972412109375,505.29998779296875,507.0,502.0,506.5,5059851
2024-09-26,443.8926086425781,506.54998779296875,507.45001220703125,500.04998779296875,506.0,6877039
2024-09-27,452.26129150390625,516.0999755859375,517.8499755859375,504.8999938964844,506.54998779296875,15443031
2024-09-30,447.04736328125,510.1499938964844,513.4500122070312,502.5,513.0,8881502
2024-10-01,445.6014709472656,508.5,516.0,506.1499938964844,512.0,4743517
2024-10-03,440.2121887207031,502.3500061035156,509.8999938964844,499.5,499.5,11285134
2024-10-04,435.69921875,497.20001220703125,504.6499938964844,494.04998779296875,499.6000061035156,7170285
2024-10-07,421.0210876464844,480.45001220703125,500.54998779296875,475.3500061035156,498.1000061035156,8940891
2024-10-08,431.010986328125,491.8500061035156,492.75,476.45001220703125,480.79998779296875,6049075
2024-10-09,426.71710205078125,486.95001220703125,496.0,485.6499938964844,492.0,6874313
2024-10-10,427.72479248046875,488.1000061035156,493.95001220703125,486.04998779296875,488.70001220703125,4700891
2024-10-11,431.97491455078125,492.95001220703125,493.8999938964844,487.45001220703125,487.5,4364566
2024-10-14,436.66314697265625,498.29998779296875,502.45001220703125,492.95001220703125,494.95001220703125,5369297
2024-10-15,433.2893981933594,494.45001220703125,499.3500061035156,490.04998779296875,498.29998779296875,4279311
2024-10-16,434.4285583496094,495.75,499.3999938964844,492.8999938964844,495.0,8000451
2024-10-17,429.3021545410156,489.8999938964844,497.25,487.20001220703125,495.75,4334990
2024-10-18,431.3176574707031,492.20001220703125,493.75,483.3500061035156,488.0,4573163
2024-10-21,425.3587951660156,485.3999938964844,494.75,482.3500061035156,492.0,4737527
2024-10-22,410.4177551269531,468.3500061035156,487.5,467.20001220703125,485.0,8671135
2024-10-23,415.45654296875,474.1000061035156,476.04998779296875,458.95001220703125,468.3500061035156,10686743
2024-10-24,418.2169189453125,477.25,483.79998779296875,473.04998779296875,474.1000061035156,5045880
2024-10-25,404.0645446777344,461.1000061035156,479.04998779296875,459.0,478.1000061035156,10330954
2024-10-28,387.0204162597656,441.6499938964844,458.0,435.25,452.0,21378247
2024-10-29,390.4380187988281,445.54998779296875,446.6000061035156,438.79998779296875,444.20001220703125,7680865
2024-10-30,393.59271240234375,449.1499938964844,455.79998779296875,445.0,448.0,7818123
2024-10-31,396.13397216796875,452.04998779296875,454.5,443.20001220703125,452.0,8475238
2024-11-01,397.97418212890625,454.1499938964844,459.54998779296875,452.3500061035156,454.6499938964844,3095957
2024-11-04,388.46630859375,443.29998779296875,458.1499938964844,435.5,458.0,15720990
2024-11-05,395.1444396972656,434.8999938964844,436.25,427.0,429.1000061035156,10186343
2024-11-06,395.962158203125,435.79998779296875,438.8999938964844,431.20001220703125,437.79998779296875,9130749
2024-11-07,395.5533447265625,435.3500061035156,440.3500061035156,434.6499938964844,437.79998779296875,5861077
2024-11-08,385.2862548828125,424.04998779296875,436.0,421.25,435.3500061035156,9934413
2024-11-11,383.0148010253906,421.54998779296875,425.75,417.3500061035156,423.0,7201246
2024-11-12,376.2004089355469,414.04998779296875,424.79998779296875,412.79998779296875,422.5,6564348
2024-11-13,369.7039794921875,406.8999938964844,415.5,405.70001220703125,414.0,7170870
2024-11-14,372.2934875488281,409.75,413.3500061035156,402.6000061035156,407.20001220703125,8776485
2024-11-18,375.56439208984375,413.3500061035156,418.5,411.0,413.95001220703125,7352509
2024-11-19,374.56494140625,412.25,422.0,410.70001220703125,415.95001220703125,6291292
2024-11-21,368.8862609863281,406.0,413.8999938964844,404.1499938964844,413.04998779296875,14141967
2024-11-22,376.2004089355469,414.04998779296875,415.75,406.3999938964844,407.3999938964844,8155453
2024-11-25,379.2895812988281,417.45001220703125,427.45001220703125,415.70001220703125,421.0,10903727
2024-11-26,373.8835144042969,411.5,420.0,409.70001220703125,418.45001220703125,5798977
2024-11-27,379.0169982910156,417.1499938964844,421.0,412.70001220703125,420.0,9219932
2024-11-28,377.2452697753906,415.20001220703125,424.8999938964844,413.5,420.0,7788912
2024-11-29,378.3356018066406,416.3999938964844,418.0,411.0,415.29998779296875,7057742
2024-12-02,383.1510925292969,421.70001220703125,423.3999938964844,416.79998779296875,418.3999938964844,6404844
2024-12-03,383.5144958496094,422.1000061035156,425.5,419.3500061035156,425.0,7928558
2024-12-04,378.56268310546875,416.6499938964844,425.8999938964844,415.0,422.1000061035156,6836472
2024-12-05,380.1527404785156,418.3999938964844,421.25,412.0,418.1499938964844,9500273
2024-12-06,379.0169982910156,417.1499938964844,421.5,416.3999938964844,420.0,4252732
2024-12-09,376.15496826171875,414.0,420.95001220703125,412.5,418.0,6662023
2024-12-10,376.2004089355469,414.04998779296875,417.20001220703125,411.5,415.5,6035289
2024-12-11,378.8352966308594,416.95001220703125,419.6499938964844,415.54998779296875,416.0,5353413
2024-12-12,371.702880859375,409.1000061035156,417.8500061035156,407.1000061035156,416.5,9409378
2024-12-13,372.793212890625,410.29998779296875,411.25,402.0,409.1000061035156,9439175
2024-12-16,372.92950439453125,410.45001220703125,412.8500061035156,406.5,410.5,5434635
2024-12-17,366.0696716308594,402.8999938964844,410.95001220703125,402.0,410.45001220703125,5070262
2024-12-18,359.6186828613281,395.79998779296875,404.79998779296875,394.54998779296875,403.5,7176597
2024-12-19,356.12066650390625,391.95001220703125,394.5,387.0,390.95001220703125,5745829
2024-12-20,347.0802001953125,382.0,393.70001220703125,380.5,393.0,7923854
2024-12-23,347.943359375,382.95001220703125,388.6000061035156,382.3999938964844,386.0,5163415
2024-12-24,349.3516845703125,384.5,386.75,381.3999938964844,384.8500061035156,4242999
2024-12-26,351.2596740722656,386.6000061035156,390.29998779296875,385.04998779296875,386.3999938964844,4190081
2024-12-27,345.7173156738281,380.5,388.45001220703125,379.54998779296875,387.5,5909271
2024-12-30,343.3549499511719,377.8999938964844,382.29998779296875,375.70001220703125,380.5,22328728
2024-12-31,349.0336608886719,384.1499938964844,384.70001220703125,376.1000061035156,377.8999938964844,7686615
2025-01-01,351.07794189453125,386.3999938964844,388.1499938964844,382.5,383.54998779296875,3584876
2025-01-02,357.02923583984375,392.95001220703125,393.95001220703125,384.04998779296875,388.3999938964844,7538972
2025-01-03,357.6651916503906,393.6499938964844,399.29998779296875,389.5,393.0,7122319
2025-01-06,344.1272888183594,378.75,394.04998779296875,377.1499938964844,394.04998779296875,8774141
2025-01-07,345.0813293457031,379.79998779296875,384.25,376.5,380.54998779296875,6542121
2025-01-08,345.5810546875,380.3500061035156,382.04998779296875,376.0,380.04998779296875,7407778
2025-01-09,338.17608642578125,372.20001220703125,381.54998779296875,370.79998779296875,381.54998779296875,6247612
2025-01-10,334.8143005371094,368.5,373.20001220703125,364.70001220703125,371.3999938964844,4893721
2025-01-13,329.7261962890625,362.8999938964844,370.3999938964844,361.25,366.1000061035156,8661589
2025-01-14,335.4957275390625,369.25,374.0,363.0,365.0,5698113
2025-01-15,340.3566589355469,374.6000061035156,381.45001220703125,369.29998779296875,371.8999938964844,11117714
2025-01-16,344.2181396484375,378.8500061035156,381.5,374.79998779296875,378.45001220703125,6923722
2025-01-17,352.2137145996094,387.6499938964844,389.29998779296875,378.54998779296875,380.0,8380692
2025-01-20,351.6685791015625,387.04998779296875,391.0,382.6499938964844,389.6000061035156,14597375
2025-01-21,346.6712951660156,381.54998779296875,389.6499938964844,381.0,388.0,20854879
2025-01-22,344.5361633300781,379.20001220703125,383.8999938964844,374.6499938964844,381.5,10653690
2025-01-23,350.5328063964844,385.79998779296875,388.20001220703125,376.20001220703125,377.5,5844752
2025-01-24,348.0342102050781,383.04998779296875,392.25,381.70001220703125,386.04998779296875,5351964
2025-01-27,341.40155029296875,375.75,383.0,372.75,380.8999938964844,6645109
2025-01-28,336.7677001953125,370.6499938964844,377.6000061035156,367.75,376.0,10866038
2025-01-29,344.7633361816406,379.45001220703125,385.0,370.79998779296875,372.5,6680927
2025-01-30,349.85137939453125,385.04998779296875,387.3500061035156,380.3999938964844,381.70001220703125,6300164
2025-01-31,365.0182189941406,395.8999938964844,396.95001220703125,374.6499938964844,379.5,10339434
2025-02-01,355.2450866699219,385.29998779296875,399.45001220703125,379.04998779296875,395.8999938964844,7015540
2025-02-03,344.8265075683594,374.0,384.1499938964844,366.5,384.0,7689700
2025-02-04,347.1775817871094,376.54998779296875,380.70001220703125,374.8999938964844,377.5,4649921
2025-02-05,352.9861755371094,382.8500061035156,385.1000061035156,377.8999938964844,378.0,5914200
2025-02-06,349.9897155761719,379.6000061035156,384.6499938964844,377.20001220703125,382.79998779296875,4652107
2025-02-07,348.7449951171875,378.25,383.0,376.0,379.5,3006598
2025-02-10,341.5995178222656,370.5,379.8500061035156,369.0,377.0,3380494
2025-02-11,330.9966125488281,359.0,370.5,357.5,370.0,6803431
2025-02-12,332.24127197265625,360.3500061035156,361.79998779296875,351.54998779296875,359.8999938964844,4565992
2025-02-13,333.4398498535156,361.6499938964844,367.54998779296875,358.6000061035156,362.0,3712240
2025-02-14,326.5710144042969,354.20001220703125,365.0,350.5,363.8999938964844,4464446
2025-02-17,332.0107727050781,360.1000061035156,362.0,349.25,354.20001220703125,6017586
2025-02-18,332.9327697753906,361.1000061035156,362.3500061035156,353.79998779296875,360.25,3843725
2025-02-19,334.03912353515625,362.29998779296875,365.29998779296875,358.0,360.0,3097726
2025-02-20,339.2484130859375,367.95001220703125,369.45001220703125,360.0,360.0,4624287
2025-02-21,341.0924377441406,369.95001220703125,371.20001220703125,365.29998779296875,367.54998779296875,5235241
2025-02-24,336.3441162109375,364.79998779296875,368.5,361.1499938964844,368.04998779296875,4533486
2025-02-25,332.97882080078125,361.1499938964844,365.3999938964844,358.70001220703125,364.0,4525493
2025-02-27,335.46826171875,363.8500061035156,367.79998779296875,356.1499938964844,359.0,6196610
2025-02-28,340.53924560546875,369.3500061035156,375.75,365.29998779296875,366.79998779296875,21899478
2025-03-03,332.24127197265625,360.3500061035156,371.0,352.3999938964844,370.0,12675744
2025-03-04,335.46826171875,363.8500061035156,366.5,352.6000061035156,356.1000061035156,5535218
2025-03-05,339.5250244140625,368.25,368.8999938964844,362.04998779296875,362.04998779296875,5730797
2025-03-06,352.75567626953125,382.6000061035156,384.1499938964844,368.1000061035156,370.04998779296875,11247215
2025-03-07,350.9577941894531,380.6499938964844,389.6000061035156,379.3999938964844,382.6000061035156,8321771
2025-03-10,345.88677978515625,375.1499938964844,386.6000061035156,374.04998779296875,380.70001220703125,5541001
2025-03-11,349.48260498046875,379.04998779296875,380.0,368.0,371.0,5340552
2025-03-12,351.00390625,380.70001220703125,382.8500061035156,373.79998779296875,379.54998779296875,3951912
2025-03-13,348.79107666015625,378.29998779296875,383.0,377.3500061035156,381.5,3918004
2025-03-17,355.6600036621094,385.75,387.04998779296875,379.04998779296875,380.20001220703125,5456361
2025-03-18,355.6600036621094,385.75,385.75,385.75,385.75,0
2025-03-19,364.9721374511719,395.8500061035156,398.04998779296875,388.79998779296875,390.04998779296875,5827114
2025-03-20,365.4792175292969,396.3999938964844,398.1000061035156,392.04998779296875,397.70001220703125,7025398
2025-03-21,373.77716064453125,405.3999938964844,411.1000061035156,395.1000061035156,396.3999938964844,16564019
2025-03-24,374.3304138183594,406.0,411.79998779296875,405.04998779296875,407.95001220703125,5260300
2025-03-25,367.2310485839844,398.29998779296875,408.25,397.1000061035156,408.0,5636291
2025-03-26,364.0039978027344,394.79998779296875,402.45001220703125,393.1499938964844,398.5,5025274
2025-03-27,365.89410400390625,396.8500061035156,399.6499938964844,392.04998779296875,393.25,7697174
2025-03-28,367.1388244628906,398.20001220703125,401.8999938964844,393.5,397.0,6923988
2025-04-01,366.6317443847656,397.6499938964844,402.54998779296875,395.04998779296875,397.79998779296875,4332950
2025-04-02,366.493408203125,397.5,401.6000061035156,391.5,401.6000061035156,4197123
2025-04-03,366.0785217285156,397.04998779296875,400.0,393.20001220703125,395.0,4970602
2025-04-04,355.0145568847656,385.04998779296875,396.0,382.6000061035156,396.0,6718760
2025-04-07,348.0534973144531,377.5,379.3999938964844,356.0,358.8500061035156,10202400
2025-04-08,352.9861755371094,382.8500061035156,385.5,376.6499938964844,385.0,3577328
2025-04-09,345.3797607421875,374.6000061035156,382.70001220703125,373.1000061035156,382.29998779296875,5781453
2025-04-11,361.5146484375,392.1000061035156,392.79998779296875,382.1499938964844,389.95001220703125,6185984
2025-04-15,364.41888427734375,395.25,399.0,393.5,399.0,4371156
2025-04-16,368.1069030761719,399.25,400.1000061035156,392.5,395.25,4992290
2025-04-17,367.7381591796875,398.8500061035156,399.54998779296875,388.29998779296875,396.8999938964844,8364450
2025-04-21,369.2593688964844,400.5,406.0,395.6499938964844,399.25,8987570
2025-04-22,367.50762939453125,398.6000061035156,405.79998779296875,394.29998779296875,403.5,7558174
2025-04-23,367.830322265625,398.95001220703125,401.6000061035156,394.0,400.0,7429142
2025-04-24,368.6601257324219,399.8500061035156,401.29998779296875,396.8500061035156,398.8999938964844,5762303
2025-04-25,362.4827575683594,393.1499938964844,404.0,389.6499938964844,400.29998779296875,7337588
2025-04-28,366.17071533203125,397.1499938964844,398.79998779296875,391.54998779296875,393.1499938964844,3458518
2025-04-29,358.7486572265625,389.1000061035156,400.3500061035156,388.45001220703125,397.1499938964844,6274213
2025-04-30,355.2450866699219,385.29998779296875,390.3500061035156,383.1000061035156,389.1000061035156,4559122
2025-05-02,353.58544921875,383.5,390.95001220703125,381.3999938964844,385.5,5045851
2025-05-05,355.5216369628906,385.6000061035156,387.8999938964844,381.75,385.95001220703125,6395704
2025-05-06,348.7449951171875,378.25,387.6499938964844,377.3999938964844,386.5,5982166
2025-05-07,353.4010314941406,383.29998779296875,387.29998779296875,370.29998779296875,370.29998779296875,9162368
2025-05-08,355.3833923339844,385.45001220703125,394.95001220703125,382.25,390.0,14258083
2025-05-09,352.5712585449219,382.3999938964844,383.25,377.04998779296875,379.1000061035156,3809943
2025-05-12,364.6494140625,395.5,396.1000061035156,387.5,391.95001220703125,6743279
2025-05-13,364.32672119140625,395.1499938964844,399.6000061035156,394.04998779296875,395.5,6307140
2025-05-14,371.6566162109375,403.1000061035156,404.04998779296875,396.45001220703125,396.75,6822756
2025-05-15,373.085693359375,404.6499938964844,406.3999938964844,399.6000061035156,403.75,10511989
2025-05-16,373.2239990234375,404.79998779296875,409.0,403.6000061035156,406.0,4702603
2025-05-19,371.2878112792969,402.70001220703125,407.45001220703125,401.04998779296875,405.95001220703125,5446656
2025-05-20,376.2666015625,408.1000061035156,417.25,404.0,405.5,18755291
2025-05-21,373.7311096191406,405.3500061035156,413.54998779296875,404.25,411.6499938964844,7393102
2025-05-22,367.7381591796875,398.8500061035156,406.6499938964844,393.20001220703125,405.0,7936875
2025-05-23,370.181396484375,401.5,403.0,399.0,400.20001220703125,4178408
2025-05-26,371.2878112792969,402.70001220703125,405.79998779296875,401.75,402.54998779296875,6067873
2025-05-27,368.7523498535156,399.95001220703125,403.54998779296875,398.29998779296875,402.5,6553758
2025-05-28,367.1388244628906,398.20001220703125,401.8500061035156,396.5,401.0,6002200
2025-05-29,367.1388244628906,398.20001220703125,401.20001220703125,397.0,400.0,7724668
2025-05-30,366.3089904785156,397.29998779296875,404.75,396.3500061035156,398.95001220703125,6565658
2025-06-02,368.5218505859375,399.70001220703125,401.3999938964844,395.5,398.95001220703125,6119571
2025-06-03,362.2061462402344,392.8500061035156,400.5,390.5,399.70001220703125,7360608
2025-06-04,363.81964111328125,394.6000061035156,395.0,389.6000061035156,392.8500061035156,3861957
2025-06-05,364.0962219238281,394.8999938964844,397.79998779296875,392.54998779296875,394.6000061035156,6097293
2025-06-06,367.830322265625,398.95001220703125,400.6000061035156,396.04998779296875,397.8500061035156,7633919
2025-06-09,369.72039794921875,401.0,406.20001220703125,400.0,400.8999938964844,9626374
2025-06-10,368.3835144042969,399.54998779296875,404.5,398.8500061035156,403.0,6362912
2025-06-11,370.734619140625,402.1000061035156,409.5,398.3999938964844,400.1000061035156,11946342
2025-06-12,362.06787109375,392.70001220703125,402.3500061035156,391.5,402.0,11262656
2025-06-13,360.6848449707031,391.20001220703125,392.3500061035156,386.0,390.0,5253032
2025-06-16,363.5891418457031,394.3500061035156,394.6000061035156,386.20001220703125,391.0,3706240
2025-06-17,360.77703857421875,391.29998779296875,395.8500061035156,390.1000061035156,394.0,3248476
2025-06-18,359.901123046875,390.3500061035156,393.3999938964844,388.1000061035156,391.29998779296875,4118145
2025-06-19,354.2769775390625,384.25,391.5,383.5,390.3500061035156,4416367
2025-06-20,358.7025451660156,389.04998779296875,391.79998779296875,384.1499938964844,384.20001220703125,6531957
2025-06-23,361.8834533691406,392.5,393.1000061035156,384.70001220703125,387.0,3359491
2025-06-24,362.021728515625,392.6499938964844,395.3999938964844,390.70001220703125,394.45001220703125,4606984
2025-06-25,361.1919250488281,391.75,395.3999938964844,391.0,393.8500061035156,4672204
2025-06-26,363.40472412109375,394.1499938964844,394.70001220703125,390.6499938964844,392.0,5569101
2025-06-27,363.40472412109375,394.1499938964844,397.70001220703125,392.1000061035156,395.0,16253653
2025-06-30,361.3763427734375,391.95001220703125,397.3999938964844,390.79998779296875,395.5,4870935
2025-07-01,359.3479919433594,389.75,393.8999938964844,389.0,392.5,5997283
2025-07-02,356.7202453613281,386.8999938964844,391.70001220703125,385.45001220703125,390.0,7752338
2025-07-03,356.3053894042969,386.45001220703125,389.0,385.5,387.8999938964844,3851213
2025-07-04,355.982666015625,386.1000061035156,387.8999938964844,383.3999938964844,387.70001220703125,3990767
2025-07-07,354.2769775390625,384.25,386.5,384.0,386.5,2810768
2025-07-08,352.9861755371094,382.8500061035156,385.5,382.29998779296875,384.95001220703125,5231160
2025-07-09,357.22735595703125,387.45001220703125,388.1499938964844,382.8500061035156,383.04998779296875,4497121
2025-07-10,354.0925598144531,384.04998779296875,388.8500061035156,382.54998779296875,388.04998779296875,4668066
2025-07-11,351.2344055175781,380.95001220703125,384.29998779296875,380.6000061035156,384.04998779296875,4677164
2025-07-14,353.9081726074219,383.8500061035156,385.8999938964844,381.5,382.0,5109504
2025-07-15,356.3053894042969,386.45001220703125,387.25,383.45001220703125,383.8999938964844,4586811
2025-07-16,356.3053894042969,386.45001220703125,388.0,384.95001220703125,386.6499938964844,5205724
2025-07-17,355.79827880859375,385.8999938964844,388.20001220703125,384.8999938964844,387.04998779296875,3749218
2025-07-18,358.1954345703125,388.5,389.25,384.1000061035156,387.0,5172481
2025-07-21,356.6280212402344,386.79998779296875,389.3999938964844,385.3999938964844,389.0,4396850
2025-07-22,358.7486572265625,389.1000061035156,391.75,385.5,386.79998779296875,5043629
2025-07-23,360.2699279785156,390.75,392.45001220703125,388.8500061035156,389.3999938964844,3670943
2025-07-24,355.4755554199219,385.54998779296875,390.75,383.8999938964844,390.1000061035156,4022204
2025-07-25,351.0960693359375,380.79998779296875,385.8999938964844,380.0,385.54998779296875,4616856
2025-07-28,348.8371887207031,378.3500061035156,383.8500061035156,377.0,381.20001220703125,4521716
2025-07-29,353.7237548828125,383.6499938964844,384.25,376.95001220703125,376.95001220703125,4872086
2025-07-30,350.2662658691406,379.8999938964844,384.04998779296875,379.04998779296875,384.0,5107774
2025-07-31,346.9931945800781,376.3500061035156,379.0,374.70001220703125,378.0,6461803
2025-08-01,343.4435119628906,372.5,381.1499938964844,370.70001220703125,375.0,13769152
2025-08-04,345.4718933105469,374.70001220703125,378.75,370.20001220703125,372.45001220703125,19756930
2025-08-05,349.89752197265625,379.5,380.70001220703125,374.5,376.0,6846687
2025-08-06,352.5638122558594,376.8500061035156,378.04998779296875,373.54998779296875,374.0,5808208
2025-08-07,355.0898132324219,379.54998779296875,380.25,373.6000061035156,375.0,3468573
2025-08-08,355.2301940917969,379.70001220703125,382.1000061035156,378.1499938964844,379.0,4172600
2025-08-11,357.8497314453125,382.5,384.70001220703125,376.54998779296875,378.0,5740719
2025-08-12,360.5160217285156,385.3500061035156,386.45001220703125,381.20001220703125,381.54998779296875,4860757
2025-08-13,361.21771240234375,386.1000061035156,388.0,385.1000061035156,385.95001220703125,4216888
2025-08-14,359.674072265625,384.45001220703125,386.8500061035156,382.54998779296875,386.1000061035156,4034887
2025-08-18,362.8081359863281,387.79998779296875,388.54998779296875,384.04998779296875,386.6499938964844,3520271
2025-08-19,360.5160217285156,385.3500061035156,388.5,384.25,388.5,5219052
2025-08-20,359.907958984375,384.70001220703125,386.8500061035156,383.54998779296875,386.0,4904231
2025-08-21,358.5803527832031,378.1499938964844,381.54998779296875,377.25,380.95001220703125,6212604
2025-08-22,355.0718688964844,374.45001220703125,379.0,374.04998779296875,378.1499938964844,4699261
2025-08-25,360.33465576171875,380.0,380.75,374.79998779296875,375.0,4349832
2025-08-26,353.1753845214844,372.45001220703125,379.8500061035156,371.3999938964844,379.0,6381642
2025-08-28,354.92962646484375,374.29998779296875,375.8999938964844,368.6499938964844,372.5,4372269
2025-08-29,355.40374755859375,374.79998779296875,379.0,372.6499938964844,372.6499938964844,4578400
2025-09-01,358.34332275390625,377.8999938964844,378.6000061035156,375.1000061035156,375.29998779296875,2829114
2025-09-02,360.4294738769531,380.1000061035156,385.0,379.04998779296875,381.1499938964844,7511709
2025-09-03,369.62750244140625,389.79998779296875,393.29998779296875,380.0,380.95001220703125,8111851
2025-09-04,371.1921081542969,391.45001220703125,392.1000061035156,385.70001220703125,391.79998779296875,5515006
2025-09-05,372.3299865722656,392.6499938964844,393.25,389.0,392.3999938964844,4535470
2025-09-08,367.0198059082031,387.04998779296875,395.8999938964844,386.29998779296875,394.0,4607020
2025-09-09,367.8732604980469,387.95001220703125,389.3999938964844,386.75,388.70001220703125,4376579
2025-09-10,371.6188049316406,391.8999938964844,392.6499938964844,388.04998779296875,388.5,4285507
2025-09-11,372.9937744140625,393.3500061035156,394.5,390.5,393.6499938964844,3442373
2025-09-12,373.9420166015625,394.3500061035156,396.20001220703125,393.20001220703125,393.54998779296875,4276055
2025-09-15,374.32135009765625,394.75,400.6499938964844,394.29998779296875,394.3500061035156,4618798
2025-09-16,375.3169860839844,395.79998779296875,397.0,394.04998779296875,395.0,2581384
2025-09-17,379.0625915527344,399.75,402.45001220703125,397.5,402.0,5970395
2025-09-18,372.80413818359375,393.1499938964844,400.75,390.6000061035156,400.5,5899621
2025-09-19,374.08428955078125,394.5,395.20001220703125,391.5,394.0,5272435
2025-09-22,374.27392578125,394.70001220703125,396.95001220703125,393.3500061035156,394.5,3399517
2025-09-23,373.65753173828125,394.04998779296875,395.75,392.1000061035156,394.75,4720322
2025-09-24,372.5196533203125,392.8500061035156,395.6000061035156,391.75,394.5,5139791
2025-09-25,372.1877746582031,392.5,395.20001220703125,391.6499938964844,392.04998779296875,4563970
2025-09-26,369.0111083984375,389.1499938964844,392.95001220703125,388.04998779296875,392.5,4698693
2025-09-29,368.205078125,388.29998779296875,391.6000061035156,385.6000061035156,389.79998779296875,6606409
2025-09-30,369.76971435546875,389.95001220703125,391.3999938964844,387.1000061035156,389.70001220703125,5362610
2025-10-01,368.3947448730469,388.5,394.8999938964844,387.8999938964844,389.79998779296875,4976933
2025-10-03,363.51129150390625,383.3500061035156,389.1000061035156,381.5,388.5,7431240
2025-10-06,362.1363220214844,381.8999938964844,384.1000061035156,379.95001220703125,383.5,7022052
2025-10-07,364.79144287109375,384.70001220703125,388.95001220703125,383.79998779296875,384.0,7895734
2025-10-08,362.32598876953125,382.1000061035156,386.3999938964844,381.1000061035156,385.5,3642904
2025-10-09,363.51129150390625,383.3500061035156,386.29998779296875,380.54998779296875,383.0,4628511
2025-10-10,364.6017761230469,384.5,386.70001220703125,382.95001220703125,384.0,5061600
2025-10-13,361.8044128417969,381.54998779296875,384.29998779296875,380.6499938964844,383.25,4750043
2025-10-14,361.2355041503906,380.95001220703125,385.1499938964844,380.1000061035156,382.04998779296875,4288494
2025-10-15,364.3647155761719,384.25,385.3999938964844,381.25,381.25,6135157
2025-10-16,367.5413513183594,387.6000061035156,387.95001220703125,384.5,385.0,3513302
2025-10-17,368.6792297363281,388.79998779296875,389.5,385.25,387.6000061035156,4093872
2025-10-20,370.3860778808594,390.6000061035156,392.0,388.45001220703125,390.0,4007425
2025-10-21,370.8602294921875,391.1000061035156,393.1499938964844,390.6000061035156,393.1000061035156,678084
2025-10-23,372.3299865722656,392.6499938964844,394.3999938964844,390.45001220703125,391.6000061035156,4311356
2025-10-24,373.65753173828125,394.04998779296875,395.45001220703125,390.79998779296875,392.6499938964844,4070949
2025-10-27,376.1704406738281,396.70001220703125,398.20001220703125,393.6000061035156,395.5,5438773
2025-10-28,371.14471435546875,391.3999938964844,398.20001220703125,389.3500061035156,396.95001220703125,7672258
2025-10-29,362.23114013671875,382.0,399.29998779296875,380.04998779296875,393.25,26856509
2025-10-30,367.6361999511719,387.70001220703125,388.95001220703125,379.29998779296875,382.95001220703125,15154040
2025-10-31,368.5369873046875,388.6499938964844,394.20001220703125,387.75,389.95001220703125,13103909
2025-11-03,368.4421691894531,388.54998779296875,390.8999938964844,387.29998779296875,390.54998779296875,14152223
2025-11-04,367.7117004394531,377.54998779296875,382.0,376.5,380.0,10536699
2025-11-06,363.4263610839844,373.1499938964844,378.70001220703125,372.3500061035156,378.70001220703125,6648689
2025-11-07,366.2021179199219,376.0,376.75,371.5,372.0,4650451
2025-11-10,371.4127197265625,381.3500061035156,382.3999938964844,376.1000061035156,376.1000061035156,4451727
2025-11-11,372.82489013671875,382.79998779296875,383.0,378.6000061035156,381.45001220703125,3299015
2025-11-12,376.4284973144531,386.5,387.6000061035156,382.70001220703125,384.25,4326520
2025-11-13,373.2145080566406,383.20001220703125,387.3999938964844,382.75,386.5,3480764
2025-11-14,376.8667907714844,386.95001220703125,387.3500061035156,382.29998779296875,383.20001220703125,3760163
2025-11-17,377.7433166503906,387.8500061035156,389.20001220703125,386.1499938964844,387.0,3847261
2025-11-18,373.9449768066406,383.95001220703125,387.8500061035156,382.95001220703125,387.8500061035156,4462641
2025-11-19,369.172607421875,379.04998779296875,383.8500061035156,378.45001220703125,383.1000061035156,5332643
2025-11-20,369.7569885253906,379.6499938964844,381.25,377.54998779296875,381.0,3971851
2025-11-21,368.3448181152344,378.20001220703125,380.3500061035156,377.54998779296875,378.0,3088629
2025-11-24,362.84197998046875,372.54998779296875,378.20001220703125,372.0,378.1499938964844,5543493
2025-11-25,360.4071350097656,370.04998779296875,373.3999938964844,369.6000061035156,372.6000061035156,4902920
2025-11-26,367.5169372558594,377.3500061035156,377.70001220703125,371.29998779296875,371.8500061035156,4102285
2025-11-27,368.19866943359375,378.04998779296875,378.70001220703125,376.1000061035156,377.3500061035156,3330267
2025-11-28,366.34820556640625,376.1499938964844,379.20001220703125,374.8999938964844,379.0,4689402
2025-12-01,369.7569885253906,379.6499938964844,380.0,375.79998779296875,376.8999938964844,4217206
2025-12-02,369.07525634765625,378.95001220703125,379.8999938964844,376.75,379.5,3695491
2025-12-03,365.4716491699219,375.25,379.29998779296875,372.20001220703125,378.95001220703125,4650434
2025-12-04,369.172607421875,379.04998779296875,379.75,373.79998779296875,375.0,3135061
2025-12-05,370.0491943359375,379.95001220703125,380.6499938964844,376.5,378.8999938964844,3154258
2025-12-08,367.5169372558594,377.3500061035156,380.8999938964844,375.54998779296875,380.8999938964844,3911363
2025-12-09,369.46484375,379.3500061035156,381.20001220703125,373.3500061035156,375.1000061035156,4242651
2025-12-10,372.19183349609375,382.1499938964844,382.8999938964844,378.25,378.5,4752336
2025-12-11,373.99365234375,384.0,385.3500061035156,380.5,382.3500061035156,2695140
2025-12-12,373.360595703125,383.3500061035156,385.75,382.25,384.54998779296875,1410201
2025-12-15,374.43194580078125,384.45001220703125,385.0,380.1000061035156,384.0,1870236
2025-12-16,371.65618896484375,381.6000061035156,384.20001220703125,378.3500061035156,384.0,5109787
2025-12-17,374.7240905761719,384.75,385.5,380.79998779296875,380.8500061035156,3651138
2025-12-18,375.2597351074219,385.29998779296875,386.5,382.8500061035156,384.3999938964844,2379619
2025-12-19,375.5519714355469,385.6000061035156,387.3500061035156,383.5,385.0,3611941
2025-12-22,376.1850280761719,386.25,386.95001220703125,384.04998779296875,385.6000061035156,3112021
2025-12-23,389.9662780761719,400.3999938964844,400.95001220703125,386.45001220703125,387.45001220703125,18487395
2025-12-24,391.865478515625,402.3500061035156,412.3999938964844,401.75,403.79998779296875,17624423
2025-12-26,391.670654296875,402.1499938964844,408.3999938964844,400.6000061035156,403.79998779296875,5435637
2025-12-29,390.2097473144531,400.6499938964844,405.5,399.0,404.0,6105510
2025-12-30,387.6288146972656,398.0,400.20001220703125,395.5,400.0,4418163
2025-12-31,388.6027526855469,399.0,404.0,397.54998779296875,398.3999938964844,4644679
2026-01-01,390.0150146484375,400.45001220703125,402.79998779296875,398.25,399.0,3161157
2026-01-02,416.74969482421875,427.8999938964844,429.5,401.0,401.3500061035156,35090129
2026-01-05,416.3114318847656,427.45001220703125,436.70001220703125,423.5,430.95001220703125,17258568
2026-01-06,415.92181396484375,427.04998779296875,431.29998779296875,424.70001220703125,427.0,6308113
2026-01-07,420.4019775390625,431.6499938964844,432.45001220703125,423.6499938964844,426.95001220703125,8920605
2026-01-08,414.16876220703125,425.25,434.0,423.45001220703125,431.6499938964844,5991259
2026-01-09,407.44854736328125,418.3500061035156,428.3500061035156,417.20001220703125,423.70001220703125,7306605
2026-01-12,421.0350036621094,432.29998779296875,433.1499938964844,415.6499938964844,418.8999938964844,14407896
2026-01-13,417.7236328125,428.8999938964844,435.79998779296875,425.6000061035156,434.0,7104004
2026-01-14,420.9376525878906,432.20001220703125,442.0,427.3999938964844,428.0,17125550
2026-01-15,420.9376525878906,432.20001220703125,432.20001220703125,432.20001220703125,432.20001220703125,0
2026-01-16,419.7689208984375,431.0,433.6000061035156,428.0,432.20001220703125,6410141
2026-01-19,418.9410705566406,430.1499938964844,432.8500061035156,428.3500061035156,431.0,7105031
2026-01-20,404.47802734375,415.29998779296875,430.95001220703125,413.54998779296875,430.1000061035156,6768420
2026-01-21,403.2605895996094,414.04998779296875,419.6499938964844,411.54998779296875,414.95001220703125,7312100
2026-01-22,412.17218017578125,423.20001220703125,426.8500061035156,417.1499938964844,417.1499938964844,11497522
2026-01-23,407.49725341796875,418.3999938964844,425.79998779296875,415.3999938964844,424.0,6520896
2026-01-27,411.8799743652344,422.8999938964844,426.95001220703125,418.8999938964844,421.0,8749844
2026-01-28,432.47882080078125,444.04998779296875,445.95001220703125,421.6000061035156,423.5,17496873
2026-01-29,443.87396240234375,455.75,461.54998779296875,442.54998779296875,446.0,16915601
2026-01-30,429.26483154296875,440.75,453.95001220703125,437.0,453.95001220703125,10191610
2026-02-02,412.46435546875,423.5,425.5,413.0,419.0,9618062
2026-02-03,418.2106018066406,429.3999938964844,437.0,419.95001220703125,437.0,13955805
2026-02-04,423.5672912597656,434.8999938964844,441.3999938964844,428.45001220703125,431.5,11476290
2026-02-05,420.5967712402344,431.8500061035156,437.79998779296875,427.70001220703125,437.0,5252658
2026-02-06,421.52197265625,432.79998779296875,434.20001220703125,427.04998779296875,430.54998779296875,4738027
2026-02-09,420.45068359375,431.70001220703125,434.79998779296875,429.79998779296875,434.0,4512635
2026-02-10,419.72021484375,430.95001220703125,433.75,428.70001220703125,432.0,5103221
2026-02-11,412.22088623046875,423.25,427.95001220703125,420.29998779296875,426.20001220703125,5715603
2026-02-12,408.2276916503906,419.1499938964844,425.95001220703125,416.1499938964844,423.75,5987886
2026-02-13,398.29351806640625,408.95001220703125,417.6000061035156,408.1000061035156,412.29998779296875,8190851
2026-02-16,411.49041748046875,422.5,423.8500061035156,406.6000061035156,408.0,9719418
2026-02-17,410.5651550292969,421.54998779296875,424.6000061035156,418.5,422.25,4564907
2026-02-18,412.4894714355469,418.0,418.79998779296875,413.1000061035156,418.45001220703125,4872345
2026-02-19,410.6638488769531,416.1499938964844,419.8500061035156,414.6000061035156,418.0,3824366
2026-02-20,417.9662780761719,423.54998779296875,425.5,415.04998779296875,416.0,8843227
2026-02-23,420.3840026855469,426.0,427.5,418.95001220703125,426.0,6515765
2026-02-24,425.26873779296875,430.95001220703125,432.0,422.1000061035156,424.0,8950772
2026-02-25,432.8179016113281,438.6000061035156,439.6499938964844,428.54998779296875,430.95001220703125,8935314
2026-02-26,427.7851257324219,433.5,439.54998779296875,429.5,438.75,8650353
2026-02-27,424.9726867675781,430.6499938964844,434.3999938964844,425.45001220703125,432.79998779296875,8147373
2026-03-02,420.6307067871094,426.25,429.6000061035156,416.0,417.8999938964844,7498197
2026-03-04,429.4133605957031,435.1499938964844,437.8999938964844,426.0,426.0,18921256
2026-03-05,443.4754943847656,449.3999938964844,458.5,440.0,440.1499938964844,30106255
2026-03-06,434.64349365234375,440.45001220703125,451.6000061035156,438.6000061035156,451.1499938964844,10553695
2026-03-09,431.8804016113281,437.6499938964844,447.20001220703125,434.79998779296875,439.0,15824576
2026-03-10,437.7026062011719,443.54998779296875,444.8999938964844,433.75,444.79998779296875,10860312
2026-03-11,440.8604431152344,446.75,453.8999938964844,445.1499938964844,447.0,9975869
2026-03-12,463.9026184082031,470.1000061035156,474.0,445.0,446.75,27328045
2026-03-13,460.8434753417969,467.0,476.0,462.29998779296875,473.0,20216953
2026-03-16,454.2318115234375,460.29998779296875,470.79998779296875,456.0,467.0,12312203
2026-03-17,456.1560974121094,462.25,465.5,458.0,460.29998779296875,9193238
2026-03-18,449.1990661621094,455.20001220703125,462.8500061035156,449.20001220703125,462.25,9539041
2026-03-19,448.2122497558594,454.20001220703125,460.0,450.6499938964844,450.8999938964844,10192726
2026-03-20,461.97833251953125,468.1499938964844,472.3999938964844,456.20001220703125,456.70001220703125,23878653
2026-03-23,449.2483825683594,455.25,466.0,450.6499938964844,466.0,10163783
2026-03-24,436.2717590332031,442.1000061035156,463.0,439.0,463.0,20320746
2026-03-25,437.8506774902344,443.70001220703125,446.3999938964844,438.79998779296875,443.54998779296875,8630612
2026-03-27,439.1828308105469,445.04998779296875,448.5,441.04998779296875,446.0,17184280
2026-03-30,444.5116882324219,450.45001220703125,459.8999938964844,443.1000061035156,445.04998779296875,19114688
2026-04-01,443.4754943847656,449.3999938964844,464.8500061035156,446.79998779296875,464.0,14960312
2026-04-02,443.4261779785156,449.3500061035156,453.29998779296875,440.5,448.3999938964844,6701003
2026-04-06,453.49169921875,459.54998779296875,461.45001220703125,447.3999938964844,449.29998779296875,12403745
2026-04-07,456.8962097167969,463.0,463.79998779296875,455.29998779296875,458.04998779296875,11316785
2026-04-08,443.3274841308594,449.25,464.0,447.0,464.0,20653569
2026-04-09,448.1135559082031,454.1000061035156,456.20001220703125,447.8500061035156,449.25,9468415
2026-04-10,428.3772277832031,434.1000061035156,459.6000061035156,427.5,455.0,29605732
2026-04-13,429.3640441894531,435.1000061035156,439.5,431.5,435.0,18702296
2026-04-15,430.0547790527344,435.79998779296875,439.0,431.3999938964844,439.0,10149319
2026-04-16,427.0450134277344,432.75,436.95001220703125,430.5,436.5,11776638
2026-04-17,432.9659118652344,438.75,440.1499938964844,430.5,432.79998779296875,10733309
2026-04-20,435.9263610839844,441.75,443.70001220703125,433.29998779296875,438.6000061035156,8090840
2026-04-21,437.3078918457031,443.1499938964844,445.29998779296875,441.8999938964844,442.29998779296875,5336558
2026-04-22,438.2947082519531,444.1499938964844,447.75,442.5,443.79998779296875,6991939
2026-04-23,444.7090148925781,450.6499938964844,451.5,442.6499938964844,444.25,8989280
2026-04-24,449.9884948730469,456.0,462.0,451.04998779296875,452.75,16441909
2026-04-27,446.5346374511719,452.5,460.6499938964844,450.6499938964844,458.5,6922067
2026-04-28,460.8434753417969,467.0,473.8999938964844,456.20001220703125,456.20001220703125,26732373
2026-04-29,473.57342529296875,479.8999938964844,485.70001220703125,464.04998779296875,469.8500061035156,18063862
2026-04-30,475.1029968261719,481.45001220703125,491.25,478.3999938964844,484.45001220703125,16935052
2026-05-01,475.1029968261719,481.45001220703125,481.45001220703125,481.45001220703125,481.45001220703125,0
2026-05-04,473.6227722167969,479.95001220703125,487.0,475.6000061035156,481.6000061035156,7757497
2026-05-05,466.3696594238281,472.6000061035156,480.0,471.20001220703125,479.95001220703125,6946902
2026-05-06,464.0013122558594,470.20001220703125,477.5,468.04998779296875,473.8500061035156,8596697
2026-05-07,460.4980773925781,466.6499938964844,472.8500061035156,456.1000061035156,470.20001220703125,24264105
2026-05-08,450.3832092285156,456.3999938964844,463.3500061035156,454.8999938964844,461.20001220703125,15767759
2026-05-11,458.3271179199219,464.45001220703125,465.75,452.8500061035156,456.0,6258261
2026-05-12,456.945556640625,463.04998779296875,469.0,461.6499938964844,465.0,6464174
2026-05-13,456.1560974121094,462.25,473.6000061035156,459.5,463.25,12091924
2026-05-14,448.0641784667969,454.04998779296875,469.79998779296875,451.45001220703125,464.0,11408675
2026-05-15,456.1067810058594,462.20001220703125,468.5,455.25,457.0,7859575
2026-05-18,456.0080871582031,462.1000061035156,468.5,457.04998779296875,462.0,7735499
2026-05-19,450.9259948730469,456.95001220703125,463.25,454.0,462.1000061035156,7319865
2026-05-20,452.6529235839844,458.70001220703125,460.04998779296875,452.70001220703125,456.0,3756072
2026-05-21,454.1331481933594,460.20001220703125,465.25,457.25,458.70001220703125,7425043
2026-05-22,450.53125,456.54998779296875,462.8500061035156,456.0,460.0,9201635
2026-05-25,451.9621276855469,458.0,462.54998779296875,456.0,460.0,8441223
2026-05-26,452.1101379394531,458.1499938964844,475.6499938964844,455.0,458.0,17073323
2026-05-27,456.945556640625,463.04998779296875,468.29998779296875,428.3999938964844,429.0,117042535
2026-05-28,456.945556640625,463.04998779296875,463.04998779296875,463.04998779296875,463.04998779296875,0
2026-05-29,451.8634338378906,457.8999938964844,474.0,455.8999938964844,458.8999938964844,97895486
2026-06-01,466.3696594238281,472.6000061035156,477.0,456.54998779296875,456.54998779296875,47716517
2026-06-02,465.92559814453125,472.1499938964844,474.95001220703125,463.29998779296875,469.8500061035156,24933269
2026-06-03,466.0736083984375,472.29998779296875,478.54998779296875,466.20001220703125,471.8999938964844,15291450
2026-06-04,475.30035400390625,481.6499938964844,484.45001220703125,472.8500061035156,473.0,16059802
2026-06-05,466.0736083984375,472.29998779296875,483.6000061035156,469.1000061035156,483.29998779296875,9592529
2026-06-08,458.7711486816406,464.8999938964844,470.6000061035156,463.95001220703125,465.0,10074583
2026-06-09,460.7447814941406,466.8999938964844,467.54998779296875,458.3999938964844,464.8999938964844,10972434
2026-06-10,445.0544128417969,451.0,467.3999938964844,450.20001220703125,465.20001220703125,8127902
2026-06-11,440.3177185058594,446.20001220703125,452.0,445.04998779296875,451.0,6034733
2026-06-12,437.6532897949219,443.5,453.3500061035156,439.6499938964844,453.3500061035156,9946830
2026-06-15,438.1960144042969,444.04998779296875,449.6000061035156,441.20001220703125,448.29998779296875,10056872
2026-06-16,445.0050964355469,450.95001220703125,453.45001220703125,443.6000061035156,445.95001220703125,7262608
2026-06-17,449.7417907714844,455.75,461.54998779296875,448.6000061035156,450.8999938964844,9064734
2026-06-18,446.0412292480469,452.0,457.5,450.3500061035156,456.0,5364436
2026-06-19,445.3504333496094,451.29998779296875,454.79998779296875,448.0,452.29998779296875,6128782
2026-06-22,443.0807800292969,449.0,454.29998779296875,447.70001220703125,452.0,3738644
2026-06-23,438.4920959472656,444.3500061035156,451.5,443.5,449.25,3512212
2026-06-24,435.9263610839844,441.75,447.20001220703125,440.8999938964844,444.3500061035156,4169224
2026-06-25,429.6600646972656,435.3999938964844,442.8500061035156,432.0,442.54998779296875,7046971
2026-06-26,429.6600646972656,435.3999938964844,435.3999938964844,435.3999938964844,435.3999938964844,0
2026-06-29,438.9855041503906,444.8500061035156,447.8999938964844,435.25,435.6499938964844,21400224
2026-06-30,433.2619323730469,439.04998779296875,446.8500061035156,437.95001220703125,445.6000061035156,4363382
2026-07-01,429.0186462402344,434.75,439.0,433.20001220703125,439.0,3391210
2026-07-02,433.1139221191406,438.8999938964844,440.0,432.79998779296875,438.3999938964844,4941315
2026-07-03,432.91656494140625,438.70001220703125,445.45001220703125,437.79998779296875,441.95001220703125,4283263
2026-07-06,426.6502990722656,432.3500061035156,440.5,431.25,438.70001220703125,5464728
2026-07-07,423.29510498046875,428.95001220703125,434.3500061035156,424.45001220703125,432.3500061035156,5315215
2026-07-08,423.3937683105469,429.04998779296875,432.0,426.45001220703125,428.0,3686631
2026-07-09,424.2325744628906,429.8999938964844,435.79998779296875,428.8500061035156,432.45001220703125,2855525
2026-07-10,423.6404724121094,429.29998779296875,432.6000061035156,426.75,430.1499938964844,4872051
