Date,Adj Close,Close,High,Low,Open,Volume
2005-01-03,56.164459228515625,67.02749633789062,69.83499908447266,66.6500015258789,69.44999694824219,462000
2005-01-04,55.47106170654297,66.19999694824219,68.5,65.82499694824219,67.69999694824219,752620
2005-01-05,53.56477355957031,63.92499923706055,66.8499984741211,60.099998474121094,66.75,759400
2005-01-06,51.99785232543945,62.05500030517578,64.8499984741211,61.525001525878906,64.0,803920
2005-01-07,52.090023040771484,62.165000915527344,63.599998474121094,61.25,62.650001525878906,814280
2005-01-10,54.06962966918945,64.52749633789062,65.5,62.5,63.0,1209500
2005-01-11,51.53907775878906,61.50749969482422,65.5,60.5,64.9000015258789,850920
2005-01-12,49.96795654296875,59.63249969482422,62.099998474121094,57.75,61.75,760520
2005-01-13,50.510520935058594,60.279998779296875,62.400001525878906,59.25,60.0,509780
2005-01-14,50.86872863769531,60.70750045776367,61.599998474121094,59.75,60.07749938964844,418560
2005-01-17,50.810081481933594,60.63750076293945,61.25,59.04999923706055,60.95000076293945,436880
2005-01-18,51.794639587402344,61.8125,70.5,61.0,61.20000076293945,589700
2005-01-19,49.320655822753906,58.86000061035156,62.25,58.150001525878906,62.002498626708984,578060
2005-01-20,48.6440315246582,58.0525016784668,60.099998474121094,57.54999923706055,59.002498626708984,920460
2005-01-24,49.21381378173828,58.73249816894531,59.650001525878906,58.04999923706055,58.54999923706055,523800
2005-01-25,50.21725082397461,59.93000030517578,60.599998474121094,58.25,59.0,328500
2005-01-27,50.57337188720703,60.35499954223633,61.0,60.102500915527344,60.5,212600
2005-01-28,50.2486686706543,59.967498779296875,62.442501068115234,59.51499938964844,62.442501068115234,1988540
2005-01-31,46.943031311035156,56.022499084472656,57.900001525878906,54.0525016784668,57.900001525878906,1920920
2005-02-01,47.12108612060547,56.23500061035156,58.69499969482422,56.04999923706055,57.5,2595860
2005-02-02,47.085479736328125,56.192501068115234,57.5,56.0,56.95000076293945,1017460
2005-02-03,46.943031311035156,56.022499084472656,57.04999923706055,55.755001068115234,57.04999923706055,539740
2005-02-04,47.630130767822266,56.842498779296875,57.494998931884766,55.997501373291016,56.29999923706055,729000
2005-02-07,47.88570022583008,57.147499084472656,58.599998474121094,57.0,58.599998474121094,531080
2005-02-08,48.036521911621094,57.32749938964844,57.775001525878906,57.099998474121094,57.4900016784668,428560
2005-02-09,47.519100189208984,56.709999084472656,57.79999923706055,56.275001525878906,57.75,479080
2005-02-10,47.44579315185547,56.622501373291016,57.400001525878906,56.349998474121094,57.25,413160
2005-02-11,47.09803771972656,56.20750045776367,56.900001525878906,55.5,55.5,439180
2005-02-14,46.806861877441406,55.86000061035156,57.20000076293945,55.5,57.20000076293945,436240
2005-02-15,46.11347579956055,55.032501220703125,56.5,54.55500030517578,55.900001525878906,544660
2005-02-16,46.069480895996094,54.97999954223633,55.99250030517578,54.849998474121094,55.99250030517578,549600
2005-02-17,46.35228729248047,55.317501068115234,56.224998474121094,55.0,55.147499084472656,454340
2005-02-18,45.95844650268555,54.84749984741211,55.849998474121094,54.5,55.5,556800
2005-02-21,45.617000579833984,54.439998626708984,55.599998474121094,54.0,55.599998474121094,494860
2005-02-22,45.04720687866211,53.7599983215332,54.900001525878906,53.25,54.29999923706055,446300
2005-02-23,43.932762145996094,52.43000030517578,53.994998931884766,52.11000061035156,53.5,743060
2005-02-24,43.993507385253906,52.502498626708984,53.220001220703125,52.0,53.0,600440
2005-02-25,45.06816101074219,53.78499984741211,54.0,52.599998474121094,53.0,563740
2005-02-28,43.99769592285156,52.50749969482422,54.400001525878906,52.07500076293945,54.349998474121094,278640
2005-03-01,43.93485641479492,52.432498931884766,53.5,52.252498626708984,53.20000076293945,389520
2005-03-02,43.66880416870117,52.1150016784668,53.20000076293945,52.0,52.55500030517578,487980
2005-03-03,44.63243103027344,53.26499938964844,53.45000076293945,52.45000076293945,52.70000076293945,500920
2005-03-04,44.33915710449219,52.915000915527344,53.75,52.70500183105469,53.25,237100
2005-03-07,43.834293365478516,52.3125,53.439998626708984,52.099998474121094,53.25,243340
2005-03-08,43.60597229003906,52.040000915527344,53.04999923706055,51.29999923706055,52.349998474121094,433300
2005-03-09,43.9034423828125,52.39500045776367,53.70000076293945,51.54999923706055,52.5,493740
2005-03-10,43.10738754272461,51.44499969482422,52.75,51.2400016784668,52.54999923706055,695980
2005-03-11,43.09273147583008,51.4275016784668,52.25,51.04999923706055,51.99250030517578,544600
2005-03-14,42.47685623168945,50.692501068115234,51.994998931884766,50.54999923706055,51.599998474121094,427180
2005-03-15,44.370567321777344,52.95249938964844,54.25,50.75,51.25,1200420
2005-03-16,44.06892013549805,52.592498779296875,53.75,52.25,53.75,597340
2005-03-17,44.53187561035156,53.14500045776367,53.599998474121094,52.0,52.599998474121094,550600
2005-03-18,43.33363342285156,51.71500015258789,53.0,51.557498931884766,52.849998474121094,196180
2005-03-21,42.68843460083008,50.94499969482422,52.0,50.70000076293945,52.0,344160
2005-03-22,42.250606536865234,50.42250061035156,51.75,50.20000076293945,51.400001525878906,402020
2005-03-23,41.722721099853516,49.79249954223633,51.25,49.04999923706055,50.900001525878906,345220
2005-03-24,40.74443054199219,48.625,50.599998474121094,48.25,50.349998474121094,479500
2005-03-28,40.15159225463867,47.91749954223633,49.599998474121094,46.5,49.25,304160
2005-03-29,40.00285720825195,47.7400016784668,48.45000076293945,47.25,48.0,622320
2005-03-30,41.8190803527832,49.907501220703125,56.244998931884766,47.0,48.20000076293945,344740
2005-03-31,41.752044677734375,49.82749938964844,51.25,49.0,51.0,441420
2005-04-01,41.69338607788086,49.75749969482422,50.44499969482422,49.099998474121094,49.935001373291016,124400
2005-04-04,45.38446807861328,54.162498474121094,56.275001525878906,49.70000076293945,49.73500061035156,1981960
2005-04-05,45.28182601928711,54.040000915527344,55.5,53.0525016784668,55.23500061035156,597760
2005-04-06,45.46198654174805,54.255001068115234,55.75,53.79999923706055,54.5,574940
2005-04-07,45.10376739501953,53.82749938964844,54.4900016784668,53.25,54.244998931884766,268360
2005-04-08,44.171573638916016,52.71500015258789,54.220001220703125,50.744998931884766,51.505001068115234,268800
2005-04-11,42.39305877685547,50.592498779296875,52.95000076293945,50.17250061035156,52.95000076293945,325600
2005-04-12,42.763851165771484,51.03499984741211,51.5,50.255001068115234,50.349998474121094,226860
2005-04-13,43.794498443603516,52.26499938964844,52.45000076293945,51.25,51.25,275020
2005-04-15,41.33097839355469,49.32500076293945,53.0,48.997501373291016,53.0,429960
2005-04-18,40.93506622314453,48.852500915527344,49.744998931884766,48.36000061035156,49.744998931884766,288960
2005-04-19,40.042659759521484,47.787498474121094,51.994998931884766,47.30500030517578,51.994998931884766,216260
2005-04-20,40.3233642578125,48.122501373291016,48.439998626708984,46.99250030517578,48.31999969482422,205740
2005-04-21,40.914119720458984,48.82749938964844,49.099998474121094,47.95000076293945,47.997501373291016,156380
2005-04-22,40.7800407409668,48.66749954223633,51.0,48.505001068115234,51.0,249600
2005-04-25,41.26813888549805,49.25,51.494998931884766,48.90250015258789,50.5,1080020
2005-04-26,40.844974517822266,48.744998931884766,49.400001525878906,48.400001525878906,49.400001525878906,207960
2005-04-27,39.60484313964844,47.26499938964844,49.0,46.79999923706055,48.5,184080
2005-04-28,39.06436538696289,46.619998931884766,48.0,46.5,48.0,213960
2005-04-29,38.95124816894531,46.48500061035156,47.0,45.0,46.75,677580
2005-05-02,38.97639465332031,46.51499938964844,47.54999923706055,45.70000076293945,47.5,271300
2005-05-03,38.66636276245117,46.14500045776367,46.95000076293945,45.75,46.900001525878906,189620
2005-05-04,38.92820739746094,46.45750045776367,46.849998474121094,46.25,46.29999923706055,174860
2005-05-05,39.301090240478516,46.90250015258789,47.4474983215332,46.599998474121094,47.25,181400
2005-05-06,39.808040618896484,47.50749969482422,48.747501373291016,46.95000076293945,47.0,325500
2005-05-09,39.573421478271484,47.227500915527344,47.79499816894531,46.75,47.5,205440
2005-05-10,39.5399055480957,47.1875,47.747501373291016,47.0,47.45000076293945,126420
2005-05-11,40.33384704589844,48.1349983215332,48.25,46.75,47.04999923706055,244140
2005-05-12,40.273094177246094,48.0625,48.70000076293945,47.54999923706055,48.04999923706055,133000
2005-05-13,40.14739990234375,47.912498474121094,48.689998626708984,47.099998474121094,48.247501373291016,238520
2005-05-16,40.2458610534668,48.029998779296875,48.5,47.29999923706055,47.5,69520
2005-05-17,39.91486740112305,47.6349983215332,48.25,47.5,47.5,120300
2005-05-18,39.814327239990234,47.51499938964844,48.70000076293945,46.5099983215332,48.70000076293945,180460
2005-05-19,39.64045333862305,47.30750274658203,48.25,47.04999923706055,48.0,132580
2005-05-20,39.57132339477539,47.224998474121094,47.75,47.20000076293945,47.560001373291016,130460
2005-05-23,40.69415283203125,48.564998626708984,49.25,46.5,47.25,707740
2005-05-24,43.103206634521484,51.439998626708984,52.22999954223633,48.35499954223633,48.75,923580
2005-05-25,44.78325653076172,53.44499969482422,53.849998474121094,51.150001525878906,51.150001525878906,860300
2005-05-26,45.8977165222168,54.775001525878906,54.92499923706055,53.349998474121094,53.349998474121094,915600
2005-05-27,44.58006286621094,53.20249938964844,54.9900016784668,52.79999923706055,54.939998626708984,440880
2005-05-30,45.740604400634766,54.587501525878906,55.4474983215332,52.0,53.25,759480
2005-05-31,45.58138656616211,54.397499084472656,54.747501373291016,53.0,54.5,676680
2005-06-01,45.4536018371582,54.244998931884766,56.25,53.75,54.20000076293945,637160
2005-06-02,45.19594192504883,53.9375,55.1974983215332,53.35499954223633,55.1974983215332,788900
2005-06-03,45.87466812133789,54.747501373291016,55.0,53.0099983215332,54.125,465680
2005-06-06,45.740604400634766,54.587501525878906,55.150001525878906,54.060001373291016,55.150001525878906,329000
2005-06-07,45.46615982055664,54.2599983215332,54.75,54.102500915527344,54.5,110960
2005-06-08,45.2462158203125,53.997501373291016,54.6875,53.8025016784668,54.595001220703125,188040
2005-06-09,44.99064254760742,53.692501068115234,54.69499969482422,53.5,54.69499969482422,151900
2005-06-10,44.588443756103516,53.212501525878906,54.099998474121094,53.0,53.900001525878906,123640
2005-06-13,44.676422119140625,53.317501068115234,53.75,53.150001525878906,53.5,67000
2005-06-14,44.87334060668945,53.5525016784668,54.5,53.0099983215332,53.252498626708984,186080
2005-06-15,45.627471923828125,54.45249938964844,54.747501373291016,52.849998474121094,53.525001525878906,192360
2005-06-16,45.46198654174805,54.255001068115234,55.0,53.8025016784668,54.95000076293945,277160
2005-06-17,44.46903610229492,53.06999969482422,54.345001220703125,53.0,54.345001220703125,215240
2005-06-20,44.54024887084961,53.154998779296875,53.75,52.29999923706055,53.25,159440
2005-06-21,44.61567687988281,53.244998931884766,54.20000076293945,53.08000183105469,54.20000076293945,72400
2005-06-22,44.59890365600586,53.224998474121094,54.25,53.04999923706055,53.6974983215332,345820
2005-06-23,44.661746978759766,53.29999923706055,53.75,53.0,53.73500061035156,62280
2005-06-24,44.96132278442383,53.657501220703125,53.75,53.20750045776367,53.650001525878906,332320
2005-06-27,44.61567687988281,53.244998931884766,54.0,53.0,53.375,79000
2005-06-28,44.07730484008789,52.602500915527344,53.724998474121094,52.25,53.724998474121094,78700
2005-06-29,44.02074432373047,52.53499984741211,53.45000076293945,52.307498931884766,53.0,341780
2005-06-30,43.746315002441406,52.20750045776367,53.25,51.752498626708984,53.25,220860
2005-07-01,44.11919403076172,52.65250015258789,52.849998474121094,51.79999923706055,51.79999923706055,200500
2005-07-04,44.29935836791992,52.86750030517578,53.45000076293945,52.25,52.5,231900
2005-07-05,45.868377685546875,54.7400016784668,56.349998474121094,53.099998474121094,53.5,983840
2005-07-06,47.61756134033203,56.82749938964844,57.494998931884766,54.75,57.494998931884766,1046020
2005-07-07,46.203556060791016,55.13999938964844,57.70000076293945,54.75,57.150001525878906,488680
2005-07-08,46.93046569824219,56.00749969482422,56.747501373291016,55.54999923706055,56.497501373291016,179520
2005-07-11,47.093849182128906,56.20249938964844,56.5,55.90250015258789,56.05500030517578,175780
2005-07-12,47.42064666748047,56.592498779296875,57.29999923706055,55.002498626708984,55.002498626708984,269540
2005-07-13,48.15593338012695,57.470001220703125,57.70000076293945,56.849998474121094,57.150001525878906,341860
2005-07-14,48.260677337646484,57.595001220703125,57.95000076293945,56.75,57.599998474121094,255320
2005-07-15,51.57889175415039,61.55500030517578,62.45000076293945,57.75,57.9474983215332,1190140
2005-07-18,54.98088073730469,65.61499786376953,67.0,61.599998474121094,62.494998931884766,1430360
2005-07-19,53.97955322265625,64.41999816894531,67.4000015258789,63.92499923706055,66.75,813940
2005-07-20,53.96488952636719,64.40249633789062,65.75,62.54999923706055,62.54999923706055,374140
2005-07-21,52.6954231262207,62.88750076293945,65.5,61.0,65.5,301060
2005-07-22,52.68495178222656,62.875,63.54999923706055,61.70000076293945,62.5,1450480
2005-07-25,53.625518798828125,63.997501373291016,64.19999694824219,62.0,63.45000076293945,764180
2005-07-26,54.62685775756836,65.19249725341797,66.30000305175781,63.002498626708984,64.5,1177240
2005-07-27,55.299293518066406,65.99500274658203,66.69999694824219,64.55249786376953,66.0,372760
2005-07-28,55.299293518066406,65.99500274658203,65.99500274658203,65.99500274658203,65.99500274658203,0
2005-07-29,53.7114143371582,64.0999984741211,65.75,63.40250015258789,65.0,468400
2005-08-01,52.431480407714844,62.5724983215332,63.45000076293945,61.10499954223633,63.0,684280
2005-08-02,53.15000915527344,63.43000030517578,64.5,62.5,62.5,589200
2005-08-03,52.50688934326172,62.662498474121094,64.25,62.5,63.04999923706055,947900
2005-08-04,52.76036834716797,62.96500015258789,63.95000076293945,62.20000076293945,63.25,848580
2005-08-05,52.090023040771484,62.165000915527344,63.70750045776367,62.002498626708984,62.505001068115234,739320
2005-08-08,51.18296813964844,61.08250045776367,62.5,59.09749984741211,59.70000076293945,246160
2005-08-09,50.9127311706543,60.7599983215332,63.95000076293945,60.25,63.95000076293945,434420
2005-08-10,52.90071105957031,63.13249969482422,63.45000076293945,60.92499923706055,61.224998474121094,658360
2005-08-11,52.82271194458008,62.63999938964844,63.5,62.150001525878906,63.25,520940
2005-08-12,54.585166931152344,64.7300033569336,65.25,62.25,62.25,1029760
2005-08-16,55.185997009277344,65.44249725341797,66.2249984741211,64.42500305175781,64.55000305175781,1403160
2005-08-17,55.485347747802734,65.79750061035156,66.0,65.05000305175781,65.75,538620
2005-08-18,56.09040451049805,66.51499938964844,67.0999984741211,65.30000305175781,66.0,937760
2005-08-19,60.33207321166992,71.54499816894531,72.8499984741211,66.5,66.5,3137880
2005-08-22,58.88797378540039,69.8324966430664,73.6449966430664,68.25,72.0,1851340
2005-08-23,58.611793518066406,69.50499725341797,72.2699966430664,69.00749969482422,70.0,916260
2005-08-24,57.922428131103516,68.6875,70.0,67.75250244140625,69.25,561840
2005-08-25,57.99831008911133,68.77749633789062,69.94999694824219,68.3499984741211,69.94999694824219,1315640
2005-08-26,61.51688003540039,72.94999694824219,75.44999694824219,69.8499984741211,69.8499984741211,1806480
2005-08-29,61.01722717285156,72.35749816894531,72.8499984741211,71.00250244140625,71.55500030517578,676500
2005-08-30,63.53020477294922,75.3375015258789,76.0999984741211,71.25,71.25,1856980
2005-08-31,63.82746124267578,75.69000244140625,76.8499984741211,74.05000305175781,75.5,1124640
2005-09-01,65.14717102050781,77.25499725341797,78.6500015258789,75.5,76.94999694824219,1872640
2005-09-02,63.310935974121094,75.07749938964844,77.92500305175781,74.5625,77.0,1665440
2005-09-05,63.348880767822266,75.12249755859375,77.16999816894531,74.75,77.0,450800
2005-09-06,62.452911376953125,74.05999755859375,75.7249984741211,73.26000213623047,74.5,478680
2005-09-08,62.608924865722656,74.24500274658203,76.16999816894531,73.00250244140625,76.16999816894531,306940
2005-09-09,62.71856689453125,74.375,75.19499969482422,73.2750015258789,73.2750015258789,324060
2005-09-12,62.99892807006836,74.7074966430664,75.3949966430664,72.19999694824219,72.19999694824219,259720
2005-09-13,62.60681915283203,74.24250030517578,75.0999984741211,74.0999984741211,74.0999984741211,170760
2005-09-14,62.77336120605469,74.44000244140625,75.9000015258789,73.05000305175781,73.05000305175781,563020
2005-09-15,63.850650787353516,75.71749877929688,75.89749908447266,74.25,75.0,690380
2005-09-16,63.46905517578125,75.26499938964844,76.25,74.8499984741211,76.05000305175781,357140
2005-09-19,62.96729278564453,74.66999816894531,75.75,74.0,75.75,453520
2005-09-20,62.530906677246094,74.15249633789062,75.19999694824219,73.05000305175781,74.49250030517578,396560
2005-09-21,61.29131317138672,72.68250274658203,74.24500274658203,71.0999984741211,73.5,610520
2005-09-22,57.6378173828125,68.3499984741211,72.5,68.1050033569336,71.6500015258789,481540
2005-09-23,57.42910385131836,68.10250091552734,69.0,65.0,68.00499725341797,758980
2005-09-26,59.57101821899414,70.64250183105469,72.5,68.5,70.5,528400
2005-09-27,61.48947525024414,72.9175033569336,73.19750213623047,69.9000015258789,71.30000305175781,1076940
2005-09-28,61.60121154785156,73.05000305175781,73.92250061035156,71.2750015258789,71.2750015258789,681100
2005-09-29,63.681983947753906,75.51750183105469,76.30000305175781,71.25250244140625,71.25250244140625,1876180
2005-09-30,64.16686248779297,76.09249877929688,78.97250366210938,75.25749969482422,78.0,850000
2005-10-03,67.40715026855469,79.93499755859375,81.75,76.5,76.5,1615580
2005-10-04,69.8463363647461,82.82749938964844,84.1449966430664,80.30000305175781,80.5,1776960
2005-10-05,68.98407745361328,81.80500030517578,84.5,81.30249786376953,83.0999984741211,1222420
2005-10-06,68.20616912841797,80.88249969482422,83.0,79.05999755859375,79.0999984741211,576400
2005-10-07,68.3958740234375,81.10749816894531,82.5,78.30000305175781,79.0999984741211,966640
2005-10-10,65.68264770507812,77.88999938964844,81.74500274658203,77.5,81.74500274658203,951480
2005-10-11,64.8520278930664,76.90499877929688,79.30000305175781,75.56999969482422,77.5,509880
2005-10-13,62.5372314453125,74.16000366210938,77.9000015258789,73.3499984741211,76.25,461020
2005-10-14,60.47965621948242,71.72000122070312,76.5,71.0,76.5,1940640
2005-10-17,62.077659606933594,73.61499786376953,74.0,71.25,73.9000015258789,514900
2005-10-18,60.61878204345703,71.88500213623047,75.5,70.51249694824219,74.5999984741211,418440
2005-10-19,59.699623107910156,70.79499816894531,72.44999694824219,69.6050033569336,69.6050033569336,400020
2005-10-20,58.70876693725586,69.62000274658203,72.5,67.55750274658203,72.0,411220
2005-10-21,58.255489349365234,69.0824966430664,70.5,66.25,70.0,498980
2005-10-24,55.60340881347656,65.9375,69.99250030517578,65.10250091552734,69.05500030517578,425540
2005-10-25,54.669490814208984,64.83000183105469,67.1500015258789,63.75,66.50250244140625,404720
2005-10-26,55.93017578125,66.32499694824219,67.09500122070312,63.099998474121094,65.25,695900
2005-10-27,55.198638916015625,65.4574966430664,69.97250366210938,63.807498931884766,69.97250366210938,1692100
2005-10-28,55.98920822143555,66.3949966430664,67.24500274658203,64.62750244140625,65.5999984741211,705280
2005-10-31,56.51836395263672,67.02249908447266,67.5,66.05750274658203,67.5,374720
2005-11-02,56.86833190917969,67.4375,68.6500015258789,66.50499725341797,67.50250244140625,181400
2005-11-04,56.86833190917969,67.4375,67.4375,67.4375,67.4375,0
2005-11-07,59.46983337402344,70.52249908447266,70.7750015258789,67.1500015258789,67.75,404560
2005-11-08,59.18732452392578,70.1875,71.5,69.75,70.5,425600
2005-11-09,57.454410552978516,68.13249969482422,70.9749984741211,67.55000305175781,69.75,301240
2005-11-10,57.46916198730469,68.1500015258789,69.94999694824219,67.75250244140625,69.69750213623047,202860
2005-11-11,59.44664001464844,70.49500274658203,71.24500274658203,68.25,69.34750366210938,331740
2005-11-14,58.66448974609375,69.56749725341797,71.19999694824219,68.5,70.49749755859375,253760
2005-11-16,59.97789764404297,71.125,72.25,69.0999984741211,69.69999694824219,522580
2005-11-17,59.11566925048828,70.10250091552734,71.69999694824219,69.7750015258789,71.05000305175781,198960
2005-11-18,59.041866302490234,70.01499938964844,72.44499969482422,69.52749633789062,72.24749755859375,194580
2005-11-21,59.155704498291016,70.1500015258789,71.0999984741211,69.25,70.38999938964844,191740
2005-11-22,58.92168426513672,69.87249755859375,71.0,69.51000213623047,70.19499969482422,1338420
2005-11-23,59.24215316772461,70.25250244140625,70.69999694824219,69.55000305175781,70.04750061035156,165260
2005-11-24,61.866844177246094,73.36499786376953,74.24749755859375,70.3499984741211,70.63999938964844,1798400
2005-11-25,63.4732780456543,75.2699966430664,76.25,73.5,73.5,999340
2005-11-28,63.23927307128906,74.99250030517578,77.5,74.4000015258789,77.19999694824219,809380
2005-11-29,62.564640045166016,74.19249725341797,75.1449966430664,73.26249694824219,74.05000305175781,325000
2005-11-30,61.79936981201172,73.28500366210938,75.99500274658203,72.5625,75.25,729620
2005-12-01,62.85346984863281,74.53500366210938,75.44000244140625,72.51499938964844,73.875,294420
2005-12-02,61.73611831665039,73.20999908447266,75.25,73.0,75.25,584940
2005-12-05,61.29339599609375,72.68499755859375,74.82499694824219,72.43000030517578,73.31500244140625,184480
2005-12-06,61.594886779785156,73.0425033569336,73.69999694824219,72.17500305175781,73.5,227460
2005-12-07,62.82184600830078,74.49749755859375,75.25,72.4124984741211,73.19499969482422,704060
2005-12-08,62.88932418823242,74.57749938964844,75.6500015258789,73.90249633789062,75.44999694824219,323920
2005-12-09,63.593448638916016,75.4124984741211,75.99749755859375,74.30000305175781,75.4000015258789,395920
2005-12-12,63.70097732543945,75.54000091552734,76.44999694824219,74.30000305175781,75.94499969482422,635020
2005-12-13,62.944114685058594,74.64250183105469,75.75,74.25,75.69999694824219,109260
2005-12-14,62.4971923828125,74.11250305175781,75.4000015258789,73.75,75.25,158440
2005-12-15,61.801483154296875,73.2874984741211,75.12999725341797,73.0,74.99500274658203,281960
2005-12-16,61.68975067138672,73.15499877929688,74.49500274658203,72.5250015258789,74.49500274658203,320680
2005-12-19,61.350341796875,72.75250244140625,74.4000015258789,72.5,73.0,596720
2005-12-20,60.67360305786133,71.94999694824219,73.5,71.5999984741211,73.0999984741211,851240
2005-12-21,60.69258117675781,71.97250366210938,73.4749984741211,71.80000305175781,72.0,635480
2005-12-22,60.62512969970703,71.89250183105469,72.7750015258789,71.5,72.5,210100
2005-12-23,61.43254470825195,72.8499984741211,73.69999694824219,72.0,72.5,2127600
2005-12-26,61.36085891723633,72.76499938964844,73.4574966430664,72.1449966430664,73.25,917860
2005-12-27,62.21257781982422,73.7750015258789,73.94999694824219,71.90249633789062,71.90249633789062,205200
2005-12-28,63.287750244140625,75.05000305175781,75.44999694824219,73.5999984741211,73.75,396840
2005-12-29,62.813419342041016,74.48750305175781,75.4000015258789,73.75,75.25,706800
2005-12-30,64.23432922363281,76.17250061035156,76.98750305175781,74.12999725341797,75.19999694824219,551500
2006-01-02,64.65174865722656,76.6675033569336,77.4000015258789,76.10250091552734,76.75,245960
2006-01-03,66.26029205322266,78.57499694824219,78.80000305175781,76.75,76.80000305175781,858700
2006-01-04,66.32564544677734,78.65249633789062,79.5,77.3499984741211,79.5,597460
2006-01-05,68.48652648925781,81.21499633789062,81.55000305175781,77.5625,78.5,924840
2006-01-06,68.10074615478516,80.75749969482422,82.5,79.75,82.39749908447266,325260
2006-01-09,68.15555572509766,80.82250213623047,82.3499984741211,78.61000061035156,78.61000061035156,491620
2006-01-10,67.32913970947266,79.84249877929688,81.4749984741211,79.57749938964844,80.8499984741211,263860
2006-01-12,67.48513793945312,80.02749633789062,80.98999786376953,78.9000015258789,80.0,280200
2006-01-13,67.92576599121094,80.55000305175781,82.0,79.50499725341797,80.0,347120
2006-01-16,66.94755554199219,79.38999938964844,81.23500061035156,79.00250244140625,81.23500061035156,141360
2006-01-17,65.83232116699219,78.06749725341797,80.4000015258789,77.50250244140625,79.75,205180
2006-01-18,65.8449935913086,78.0824966430664,79.75,76.25,78.25,575980
2006-01-19,67.18157958984375,79.6675033569336,80.99250030517578,77.80000305175781,79.74500274658203,351580
2006-01-20,67.24270629882812,79.73999786376953,80.69999694824219,77.6500015258789,80.69999694824219,154740
2006-01-23,67.85196685791016,80.4625015258789,81.4000015258789,79.05000305175781,80.9000015258789,273720
2006-01-24,67.74446105957031,80.33499908447266,81.75,80.05249786376953,80.4625015258789,258240
2006-01-25,67.79927062988281,80.4000015258789,81.5,79.55500030517578,80.56500244140625,881340
2006-01-27,71.56026458740234,84.86000061035156,86.99500274658203,80.55000305175781,80.68499755859375,1619660
2006-01-30,70.59262084960938,83.7125015258789,85.99500274658203,83.0,84.75,563160
2006-01-31,71.00582122802734,84.20249938964844,84.98999786376953,83.75250244140625,84.98999786376953,179600
2006-02-01,71.43379211425781,84.70999908447266,87.44999694824219,83.75,84.69499969482422,936240
2006-02-02,73.24893951416016,86.86250305175781,87.5,84.51249694824219,85.5,632920
2006-02-03,72.90531921386719,86.45500183105469,88.75,86.00250244140625,87.49749755859375,1801720
2006-02-06,73.79072570800781,87.50499725341797,88.4574966430664,86.0,86.0,641460
2006-02-07,74.77527618408203,88.67250061035156,89.94000244140625,87.44999694824219,87.44999694824219,538500
2006-02-08,74.75418853759766,88.64749908447266,89.75,86.15499877929688,86.15499877929688,833140
2006-02-10,75.48362731933594,89.51249694824219,90.49500274658203,88.5,89.05500030517578,646040
2006-02-13,76.61571502685547,90.8550033569336,91.44999694824219,88.75,88.75,642200
2006-02-14,77.32828521728516,91.69999694824219,93.25,90.6500015258789,91.5,812060
2006-02-15,75.57426452636719,89.62000274658203,93.0,89.30500030517578,91.25,636940
2006-02-16,76.3289794921875,90.51499938964844,91.0999984741211,88.25250244140625,89.6500015258789,1093060
2006-02-17,75.58479309082031,89.63249969482422,92.0999984741211,89.30000305175781,91.49500274658203,941780
2006-02-20,72.403564453125,85.86000061035156,90.69999694824219,85.05000305175781,90.69999694824219,1996540
2006-02-21,72.73664855957031,86.25499725341797,87.5999984741211,85.5,86.0,1606500
2006-02-22,72.84415435791016,86.38249969482422,87.19999694824219,85.80750274658203,86.30000305175781,785600
2006-02-23,71.7584457397461,85.09500122070312,86.75,84.31999969482422,86.73999786376953,1728660
2006-02-24,71.66780090332031,84.98750305175781,86.25,84.75,85.5,1209080
2006-02-27,72.26020812988281,85.69000244140625,86.5,85.30000305175781,85.80000305175781,1080140
2006-02-28,72.17587280273438,85.58999633789062,89.3499984741211,84.31500244140625,85.75,402540
2006-03-01,73.49137115478516,87.1500015258789,87.59249877929688,85.0,85.0,446500
2006-03-02,75.61432647705078,89.6675033569336,90.0999984741211,86.8499984741211,87.30000305175781,667440
2006-03-03,75.09991455078125,89.05750274658203,92.12999725341797,87.80000305175781,90.0,1838440
2006-03-06,76.81809997558594,91.09500122070312,92.44999694824219,89.44999694824219,89.44999694824219,1055760
2006-03-07,75.0661849975586,89.01750183105469,92.75,87.9000015258789,92.75,1469920
2006-03-08,72.21803283691406,85.63999938964844,89.0,85.25,89.0,1462120
2006-03-09,70.10353088378906,83.13249969482422,85.44999694824219,79.9000015258789,85.44999694824219,1576120
2006-03-10,71.8280029296875,85.17749786376953,86.00499725341797,82.05249786376953,84.55000305175781,1495740
2006-03-13,72.61859130859375,86.11499786376953,87.75,84.05000305175781,85.94999694824219,536420
2006-03-14,70.93626403808594,84.12000274658203,87.25,83.80000305175781,86.5,423300
2006-03-16,72.17375946044922,85.5875015258789,86.13999938964844,84.69999694824219,85.0999984741211,435300
2006-03-17,71.64250183105469,84.9574966430664,86.4749984741211,84.60250091552734,85.98500061035156,366640
2006-03-20,71.41059112548828,84.68250274658203,85.49500274658203,84.5,85.48500061035156,137500
2006-03-21,70.71488952636719,83.85749816894531,86.48999786376953,83.10250091552734,86.48999786376953,204420
2006-03-22,70.43029022216797,83.5199966430664,85.24749755859375,82.80000305175781,84.25,421260
2006-03-23,71.63825988769531,84.95249938964844,86.1500015258789,82.75,84.25,707820
2006-03-24,71.41692352294922,84.69000244140625,86.19999694824219,84.01000213623047,86.19999694824219,123520
2006-03-27,72.71766662597656,86.23249816894531,87.05000305175781,84.55000305175781,86.25,525160
2006-03-28,71.57926177978516,84.88249969482422,87.08499908447266,84.25,87.08499908447266,476440
2006-03-29,75.48362731933594,89.51249694824219,89.92250061035156,84.8499984741211,85.93499755859375,963520
2006-03-30,74.54122924804688,88.3949966430664,91.5,87.55000305175781,89.55000305175781,2334940
2006-03-31,79.1033706665039,93.80500030517578,99.75,88.0,89.69999694824219,1303860
2006-04-03,81.97048950195312,97.20500183105469,98.69999694824219,95.0,95.0,1304760
2006-04-04,81.86088562011719,97.07499694824219,99.5,95.5,98.75,879740
2006-04-05,83.49893951416016,99.01750183105469,100.75,96.75,97.49500274658203,1223700
2006-04-07,79.45332336425781,94.22000122070312,100.44999694824219,91.52999877929688,100.44999694824219,713760
2006-04-10,78.85670471191406,93.51249694824219,95.76249694824219,90.2750015258789,94.0,371580
2006-04-12,76.13082122802734,90.27999877929688,96.94249725341797,89.4000015258789,94.0,1731780
2006-04-13,72.73875427246094,86.25749969482422,91.75,85.25,91.0,1180740
2006-04-17,77.44633483886719,91.83999633789062,92.4000015258789,83.5,83.5,1211220
2006-04-18,79.43647003173828,94.19999694824219,97.48999786376953,91.5,93.75,1278600
2006-04-19,80.6507797241211,95.63999938964844,98.75,94.25,97.99500274658203,991960
2006-04-20,79.92134857177734,94.7750015258789,97.0,94.01750183105469,96.0,317880
2006-04-21,78.49409484863281,93.0824966430664,95.0,91.25,94.5,336160
2006-04-24,78.5299301147461,93.125,94.69999694824219,92.25,93.5999984741211,380000
2006-04-25,76.73164367675781,90.99250030517578,94.25,90.55500030517578,93.1500015258789,231600
2006-04-26,76.73587799072266,90.99749755859375,92.75,89.5,92.4000015258789,569520
2006-04-27,78.22635650634766,92.76499938964844,94.39749908447266,91.25,91.94999694824219,1005280
2006-04-28,79.29943084716797,94.0374984741211,94.94999694824219,88.75,90.0,1349520
2006-05-02,80.6866226196289,95.68250274658203,97.19999694824219,95.05000305175781,97.19999694824219,893780
2006-05-03,79.78221130371094,94.61000061035156,96.5,94.0625,96.5,264720
2006-05-04,80.8763656616211,95.90750122070312,97.94999694824219,95.3499984741211,96.5,642520
2006-05-05,79.68101501464844,94.48999786376953,96.72250366210938,93.77249908447266,96.25,489820
2006-05-08,80.23966217041016,95.15249633789062,96.5,94.8499984741211,95.75,179960
2006-05-09,79.43013763427734,94.19249725341797,95.75,93.25,94.55249786376953,122460
2006-05-10,79.51023864746094,94.2874984741211,96.0,92.5,96.0,191300
2006-05-11,78.15888977050781,92.68499755859375,94.1500015258789,91.30000305175781,94.0,303520
2006-05-12,76.73798370361328,91.0,92.9000015258789,90.57749938964844,91.94999694824219,160560
2006-05-15,73.97627258300781,87.7249984741211,92.99500274658203,86.75,91.25,454720
2006-05-16,71.57081604003906,84.87249755859375,88.5,81.25250244140625,88.5,695140
2006-05-17,75.10414123535156,89.0625,90.49500274658203,86.0,87.43250274658203,373520
2006-05-18,64.59481811523438,76.5999984741211,89.0,75.0,89.0,856920
2006-05-19,61.96592330932617,73.48249816894531,84.74250030517578,71.26249694824219,78.0,2250620
2006-05-22,55.611854553222656,65.94750213623047,74.94000244140625,59.0,73.75,1757240
2006-05-23,61.04463577270508,72.38999938964844,73.24500274658203,61.25,64.75,854060
2006-05-24,59.88302993774414,71.01249694824219,77.0,69.0,71.5999984741211,449200
2006-05-25,58.01519012451172,68.79750061035156,75.5,67.25,75.5,1034540
2006-05-26,61.847869873046875,73.34249877929688,75.0,69.5625,70.0,444620
2006-05-29,62.4739990234375,74.08499908447266,76.25,73.13500213623047,74.75,210500
2006-05-30,61.64547348022461,73.10250091552734,75.0,70.5,75.0,168080
2006-05-31,58.18806457519531,69.00250244140625,71.19999694824219,67.5,70.25,443640
2006-06-01,55.71515655517578,66.06999969482422,71.19999694824219,65.25250244140625,69.80000305175781,204880
2006-06-02,56.17683792114258,66.61750030517578,67.98999786376953,63.25,66.06999969482422,268740
2006-06-05,56.389774322509766,66.87000274658203,67.5,64.9000015258789,67.5,454120
2006-06-06,55.00468444824219,65.22750091552734,65.94999694824219,63.5,63.5,282360
2006-06-07,52.643516540527344,62.4275016784668,65.25,61.599998474121094,64.00250244140625,530520
2006-06-08,50.76301574707031,60.1974983215332,61.89250183105469,55.502498626708984,59.57749938964844,1113800
2006-06-09,53.611183166503906,63.57500076293945,63.75,59.04999923706055,61.07500076293945,124660
2006-06-12,52.09328842163086,61.775001525878906,63.75,61.25,63.599998474121094,158820
2006-06-13,50.86421203613281,60.317501068115234,61.185001373291016,58.00749969482422,58.189998626708984,439400
2006-06-14,47.5670166015625,56.407501220703125,62.599998474121094,56.25,60.54999923706055,291780
2006-06-15,50.7651252746582,60.20000076293945,61.244998931884766,57.20000076293945,59.997501373291016,152780
2006-06-16,50.67447280883789,60.092498779296875,64.49749755859375,59.5,59.5,174900
2006-06-19,51.65899658203125,61.2599983215332,62.0,59.0,60.04999923706055,105080
2006-06-20,52.590816497802734,62.3650016784668,63.75,59.5,60.25,293260
2006-06-21,52.77423095703125,62.58250045776367,63.4900016784668,61.95000076293945,62.45000076293945,239960
2006-06-22,53.809349060058594,63.810001373291016,64.5,62.45000076293945,62.45000076293945,248680
2006-06-23,54.03071975708008,64.07250213623047,64.69999694824219,62.400001525878906,63.997501373291016,267840
2006-06-26,54.486083984375,64.61250305175781,66.42500305175781,64.0,65.94999694824219,218560
2006-06-27,53.948486328125,63.974998474121094,65.94999694824219,62.5,62.5,285000
2006-06-28,53.78615188598633,63.782501220703125,64.5,62.45000076293945,62.5,82600
2006-06-29,52.991371154785156,62.84000015258789,68.80249786376953,62.150001525878906,64.5,1554320
2006-06-30,54.93512725830078,65.1449966430664,67.5,63.25,67.5,111280
2006-07-03,57.13395690917969,67.75250244140625,68.44999694824219,63.01250076293945,63.01250076293945,467820
2006-07-04,58.7446174621582,69.6624984741211,71.25,68.05000305175781,69.19999694824219,588640
2006-07-05,58.99127197265625,69.95500183105469,70.75,68.30000305175781,68.30000305175781,191600
2006-07-06,59.41923904418945,70.4625015258789,70.9000015258789,69.25,69.25,274220
2006-07-07,58.466339111328125,69.3324966430664,72.19499969482422,69.05000305175781,70.0,262760
2006-07-10,58.75726318359375,69.67749786376953,70.25,68.5,69.0,120760
2006-07-11,59.4171257019043,70.45999908447266,71.25,69.75499725341797,70.8499984741211,111440
2006-07-12,60.10228729248047,71.27249908447266,72.0,69.0,69.0,229180
2006-07-13,59.07347869873047,70.05249786376953,72.4000015258789,69.55000305175781,72.25,193500
2006-07-14,57.77696228027344,68.51499938964844,69.9000015258789,67.75,69.5,280360
2006-07-17,55.841636657714844,66.22000122070312,69.94750213623047,66.0,68.25,177940
2006-07-18,54.69267654418945,64.85749816894531,67.44999694824219,62.752498626708984,66.5,3671440
2006-07-19,54.395416259765625,64.50499725341797,66.25,64.05249786376953,66.08499908447266,257800
2006-07-20,56.37079620361328,66.84750366210938,67.58499908447266,64.75,65.25499725341797,416660
2006-07-21,57.55559539794922,68.25250244140625,68.6500015258789,65.80500030517578,66.7249984741211,294000
2006-07-24,59.62372589111328,70.70500183105469,71.0,66.80249786376953,67.75,406160
2006-07-25,60.502845764160156,71.74749755859375,72.19999694824219,70.69750213623047,71.1500015258789,304180
2006-07-26,61.5611457824707,73.00250244140625,75.68250274658203,70.8499984741211,71.5999984741211,645120
2006-07-27,62.619468688964844,74.25749969482422,75.0,71.6500015258789,73.75,984420
2006-07-28,64.01087188720703,75.90750122070312,78.00250244140625,74.5,74.94999694824219,804100
2006-07-31,64.63276672363281,76.6449966430664,79.5,76.0999984741211,77.25,478900
2006-08-01,68.2377700805664,80.91999816894531,81.48500061035156,78.0,78.0,1278040
2006-08-02,68.606689453125,81.35749816894531,82.0999984741211,79.55000305175781,79.99500274658203,556640
2006-08-03,68.44648742675781,81.1675033569336,82.94999694824219,80.75,82.25,328780
2006-08-04,67.67069244384766,80.24749755859375,82.0,79.75,82.0,156680
2006-08-07,70.22791290283203,83.27999877929688,84.49749755859375,79.75250244140625,80.94999694824219,515240
2006-08-08,73.42603302001953,87.07250213623047,89.5,84.0,84.55000305175781,1567760
2006-08-09,76.95512390136719,91.25749969482422,92.44750213623047,85.55750274658203,85.5625,2197940
2006-08-10,76.95935821533203,91.26249694824219,93.55249786376953,90.25,91.55000305175781,1392080
2006-08-11,76.02119445800781,90.1500015258789,92.5,89.00499725341797,92.5,729820
2006-08-14,75.67757415771484,89.74250030517578,92.0,89.25,90.19999694824219,445900
2006-08-16,74.46956634521484,88.30999755859375,91.94999694824219,87.78250122070312,90.0,371460
2006-08-17,76.68316650390625,90.93499755859375,92.24500274658203,86.60749816894531,89.92500305175781,1136460
2006-08-18,76.18566131591797,90.34500122070312,92.44999694824219,89.5,91.5,675360
2006-08-21,76.19196319580078,90.35250091552734,91.44999694824219,89.0999984741211,91.44999694824219,229180
2006-08-22,76.50816345214844,90.72750091552734,93.24749755859375,90.25,90.34249877929688,780940
2006-08-23,75.61995697021484,89.18000030517578,90.8499984741211,88.77749633789062,90.49250030517578,278180
2006-08-24,76.00365447998047,89.63249969482422,90.0,88.30000305175781,89.0,360300
2006-08-25,75.85102081298828,89.45249938964844,90.74749755859375,89.1050033569336,89.94999694824219,302460
2006-08-28,76.82829284667969,90.6050033569336,91.25,89.30000305175781,91.25,456940
2006-08-29,76.86009979248047,90.64250183105469,91.94499969482422,90.30000305175781,90.94999694824219,296040
2006-08-30,76.44248962402344,90.1500015258789,90.80000305175781,89.75,90.25499725341797,208040
2006-08-31,75.96337127685547,89.58499908447266,91.0,88.60749816894531,91.0,1000360
2006-09-01,80.92597198486328,95.4375,96.23999786376953,89.75,89.75,3338560
2006-09-04,89.95027923583984,106.08000183105469,108.44999694824219,95.55999755859375,95.55999755859375,11091260
2006-09-05,91.38331604003906,107.7699966430664,110.73999786376953,105.9000015258789,107.5,14688920
2006-09-06,89.83792877197266,105.94750213623047,108.5999984741211,93.5,93.5,4150920
2006-09-07,88.80767059326172,104.73249816894531,105.94999694824219,102.75749206542969,105.9000015258789,6037160
2006-09-08,88.21835327148438,104.0374984741211,105.44999694824219,103.1050033569336,105.0,3579100
2006-09-11,84.28386688232422,99.39749908447266,106.23500061035156,98.5999984741211,103.75,3638580
2006-09-12,86.38040161132812,101.87000274658203,103.19999694824219,98.55249786376953,100.0,3619060
2006-09-13,88.79706573486328,104.72000122070312,106.32749938964844,102.44999694824219,102.5,3558140
2006-09-14,88.22471618652344,104.04499816894531,105.75,103.11000061035156,104.5,2104720
2006-09-15,87.97032165527344,103.74500274658203,105.23500061035156,102.69999694824219,104.0,971360
2006-09-18,90.45480346679688,106.67500305175781,107.5,103.5,104.0,3163300
2006-09-19,89.81886291503906,105.92500305175781,109.94999694824219,104.19999694824219,106.80000305175781,4736600
2006-09-20,90.30641174316406,106.5,109.94999694824219,104.5,105.33499908447266,1895440
2006-09-21,90.29792785644531,106.48999786376953,107.99749755859375,105.80000305175781,107.5,1021500
2006-09-22,90.63075256347656,106.88249206542969,108.06999969482422,105.36000061035156,106.75,1393380
2006-09-25,89.60050201416016,105.6675033569336,107.5,105.0,107.0,389680
2006-09-26,90.63075256347656,106.88249206542969,107.30000305175781,105.9000015258789,106.0,817600
2006-09-27,90.69435119628906,106.9574966430664,108.0,106.5,107.5,707460
2006-09-28,89.76161193847656,105.85749816894531,108.0,105.25,107.49749755859375,936180
2006-09-29,93.5540542602539,110.33000183105469,111.25,106.5,106.5,2530880
2006-10-03,93.85295104980469,110.6824951171875,112.5,109.75,109.75,1298180
2006-10-04,92.48139953613281,109.06500244140625,111.44999694824219,108.4000015258789,111.44999694824219,1138180
2006-10-05,92.96261596679688,109.63249206542969,111.94999694824219,109.05500793457031,110.0,870440
2006-10-06,95.27115631103516,112.3550033569336,113.73500061035156,109.5999984741211,110.1500015258789,1651180
2006-10-09,98.17748260498047,115.7824935913086,134.0,110.75,112.0,2405620
2006-10-10,97.6432876586914,115.15249633789062,117.6500015258789,114.69999694824219,116.6500015258789,1151000
2006-10-11,95.71630859375,112.8800048828125,116.75,112.25,116.5,1042060
2006-10-12,97.6220703125,115.12750244140625,116.24749755859375,111.75,113.74500274658203,952540
2006-10-13,97.61360931396484,115.11750793457031,116.99500274658203,114.1500015258789,116.25,892000
2006-10-16,97.01580047607422,114.4124984741211,116.49500274658203,114.0999984741211,115.75,633140
2006-10-17,98.16901397705078,115.77249908447266,116.73999786376953,113.75,114.94999694824219,610040
2006-10-18,101.467529296875,119.6624984741211,120.5999984741211,115.05000305175781,115.55000305175781,2601420
2006-10-19,101.86817932128906,120.13500213623047,121.5,119.0,119.75,1314320
2006-10-20,102.84117889404297,121.2824935913086,122.7550048828125,120.25,120.25,1023400
2006-10-23,104.92078399658203,123.73500061035156,125.1500015258789,120.11000061035156,122.375,794420
2006-10-26,108.25534057617188,127.6675033569336,128.75,124.0250015258789,125.0,1874420
2006-10-27,111.2061996459961,131.1475067138672,132.9499969482422,128.5,128.85000610351562,1706860
2006-10-30,110.52359008789062,130.34249877929688,133.5,129.25,131.25,1651520
2006-10-31,114.03199005126953,134.48001098632812,136.1999969482422,130.0,130.75,3251820
2006-11-01,119.0603256225586,140.41000366210938,141.44000244140625,135.35000610351562,135.35000610351562,3127220
2006-11-02,121.1505126953125,142.875,144.75,140.0574951171875,141.60000610351562,3040900
2006-11-03,119.98033142089844,141.4949951171875,144.5,138.67750549316406,138.67750549316406,1880080
2006-11-06,120.2156753540039,141.7725067138672,143.4499969482422,140.30250549316406,142.4499969482422,1979640
2006-11-07,119.46310424804688,140.88499450683594,143.00999450683594,140.10501098632812,142.00250244140625,1167660
2006-11-08,117.56793975830078,138.64999389648438,141.85000610351562,137.5,140.85000610351562,1388860
2006-11-09,117.09095001220703,138.08749389648438,140.75,128.94500732421875,139.99749755859375,942200
2006-11-10,116.56100463867188,137.46249389648438,138.9499969482422,136.89999389648438,138.5,505960
2006-11-13,121.72075653076172,143.54750061035156,146.75,136.5,138.25,2844800
2006-11-14,126.88473510742188,149.6374969482422,151.39999389648438,145.33999633789062,146.25,5645200
2006-11-15,127.77296447753906,150.68499755859375,152.6999969482422,149.10501098632812,150.75,2691900
2006-11-16,125.28426361083984,147.75,151.5,146.17750549316406,146.17750549316406,1723900
2006-11-17,123.3721694946289,145.4949951171875,149.0,144.30250549316406,149.0,1626800
2006-11-20,124.37696075439453,146.6800079345703,148.43499755859375,141.05999755859375,144.64999389648438,2068540
2006-11-21,128.41317749023438,151.44000244140625,152.4499969482422,145.74000549316406,145.74000549316406,1963720
2006-11-22,127.78569793701172,150.6999969482422,152.6999969482422,150.0500030517578,152.0,871300
2006-11-23,130.42709350585938,153.81500244140625,155.60000610351562,149.5,152.4499969482422,2384180
2006-11-24,131.21780395507812,154.74749755859375,156.43499755859375,153.89999389648438,154.0,1494940
2006-11-27,134.22799682617188,158.29750061035156,159.0,154.10000610351562,154.10000610351562,1516580
2006-11-28,131.8834228515625,155.53250122070312,159.0,155.0,157.52999877929688,1536440
2006-11-29,127.84293365478516,150.7675018310547,158.25,149.05250549316406,156.6999969482422,1954140
2006-11-30,127.40412139892578,150.25,152.7449951171875,147.0,151.25,3414300
2006-12-01,130.94427490234375,154.4250030517578,155.60000610351562,150.0,152.39999389648438,1857540
2006-12-04,129.65330505371094,152.90249633789062,155.5,152.25999450683594,155.0,916060
2006-12-05,126.85083770751953,149.59750366210938,154.5,148.89999389648438,154.4949951171875,1399740
2006-12-06,121.32861328125,143.0850067138672,150.64999389648438,142.25,150.0,2555100
2006-12-07,121.34129333496094,143.10000610351562,144.89999389648438,140.75,143.0850067138672,1974880
2006-12-08,121.51513671875,143.3050079345703,146.9499969482422,141.77749633789062,143.75,2263700
2006-12-11,114.8778076171875,135.4774932861328,145.4499969482422,133.0050048828125,142.99000549316406,2220280
2006-12-12,105.46771240234375,124.3800048828125,137.5,117.25,135.0,5011700
2006-12-13,114.64675903320312,135.2050018310547,137.49000549316406,122.5,125.05000305175781,2868260
2006-12-14,120.05244445800781,141.5800018310547,143.0,136.4499969482422,136.4499969482422,2835900
2006-12-15,118.54731750488281,139.8050079345703,144.10000610351562,138.74749755859375,143.5,1453260
2006-12-18,122.94815826416016,144.9949951171875,146.38499450683594,133.5500030517578,140.5,2456400
2006-12-19,118.68721008300781,139.97000122070312,147.6824951171875,137.8000030517578,145.25,2618500
2006-12-20,117.46832275390625,138.53250122070312,143.75,137.0,143.75,1888120
2006-12-21,117.33049774169922,138.3699951171875,140.0,129.52749633789062,138.5,1475460
2006-12-22,118.70205688476562,139.9875030517578,141.08999633789062,137.6999969482422,139.0,1578720
2006-12-26,119.46310424804688,140.88499450683594,142.0,138.75,139.75,1679800
2006-12-27,127.23665618896484,150.05250549316406,151.0,140.5074920654297,142.1999969482422,7169640
2006-12-28,130.73446655273438,154.17750549316406,156.3000030517578,149.75,151.44000244140625,7858400
2006-12-29,129.5600128173828,152.79251098632812,155.5500030517578,152.16000366210938,154.6999969482422,2277160
2007-01-02,130.17266845703125,153.51499938964844,156.75,151.27499389648438,151.27499389648438,2162660
2007-01-03,132.33070373535156,156.05999755859375,156.75,151.5,154.9499969482422,2761700
2007-01-04,131.98727416992188,155.65499877929688,158.74000549316406,154.85000610351562,156.5,2233580
2007-01-05,131.05667114257812,154.5574951171875,157.49000549316406,153.5,155.65499877929688,1454120
2007-01-08,129.4031524658203,152.6074981689453,154.60000610351562,151.3000030517578,154.60000610351562,1108760
2007-01-09,126.03679656982422,148.6374969482422,154.24749755859375,147.52999877929688,153.39999389648438,1343380
2007-01-10,124.4871826171875,146.80999755859375,149.39999389648438,146.06500244140625,147.75,1633100
2007-01-11,125.03834533691406,147.4600067138672,148.75,142.5,146.60000610351562,1486980
2007-01-12,126.89745330810547,149.65249633789062,152.0,148.0,149.4499969482422,1113800
2007-01-15,126.7745132446289,149.5074920654297,151.5,148.25,150.2449951171875,666220
2007-01-16,126.4459457397461,149.1199951171875,151.5,148.52749633789062,150.5074920654297,777060
2007-01-17,134.2322235107422,158.30250549316406,159.5,149.5,149.5,3612040
2007-01-18,133.42457580566406,157.35000610351562,162.0,154.5,160.0,2512220
2007-01-19,132.7610321044922,156.5675048828125,159.12750244140625,155.14999389648438,157.25250244140625,917300
2007-01-22,132.69107055664062,156.48500061035156,158.4499969482422,155.1024932861328,158.4499969482422,601920
2007-01-23,131.24110412597656,154.77499389648438,157.5,154.0500030517578,156.5,602320
2007-01-24,131.8918914794922,155.54251098632812,157.75,154.25,155.6999969482422,960760
2007-01-25,132.4897003173828,156.24749755859375,157.97000122070312,155.26499938964844,156.5500030517578,2056960
2007-01-29,130.61570739746094,154.03750610351562,158.0,152.50250244140625,158.0,782920
2007-01-31,137.04104614257812,161.61500549316406,162.3249969482422,152.75,155.0,4698040
2007-02-01,141.5902862548828,166.98001098632812,167.4499969482422,161.5124969482422,162.5,3887620
2007-02-02,142.37672424316406,167.90750122070312,168.6999969482422,165.01499938964844,167.60000610351562,2307680
2007-02-05,146.30062866210938,172.53500366210938,173.44500732421875,165.0,166.5,2480540
2007-02-06,146.31759643554688,172.5550079345703,177.0,171.5050048828125,172.8000030517578,3279700
2007-02-07,147.19944763183594,173.59500122070312,175.89999389648438,164.10000610351562,164.10000610351562,1821780
2007-02-08,146.2858123779297,172.5175018310547,175.0,171.62750244140625,174.0,1120260
2007-02-09,143.67202758789062,169.43499755859375,173.6999969482422,168.28250122070312,173.39999389648438,1139620
2007-02-12,139.61875915527344,164.65499877929688,169.5,163.0,169.5,1378140
2007-02-13,139.5870361328125,164.6175079345703,169.75,160.75,165.0,2160300
2007-02-14,141.749267578125,167.16751098632812,168.49000549316406,162.5,166.5,1206320
2007-02-15,146.31971740722656,172.5574951171875,173.3000030517578,165.0,165.0,921900
2007-02-19,145.87245178222656,172.02999877929688,175.75,170.5500030517578,173.9499969482422,811760
2007-02-20,143.87765502929688,169.67750549316406,173.5,169.25,173.0,555120
2007-02-21,141.14300537109375,166.45249938964844,171.1999969482422,165.10000610351562,169.98500061035156,459100
2007-02-22,136.86935424804688,161.41250610351562,167.75,159.75,166.7550048828125,6198620
2007-02-23,136.7315673828125,161.25,165.23500061035156,158.7550048828125,161.50250244140625,2463880
2007-02-26,135.5423126220703,159.84750366210938,163.68499755859375,153.5,161.50250244140625,1939260
2007-02-27,131.99575805664062,155.6649932861328,162.5,154.5,161.39500427246094,1295560
2007-02-28,123.3127670288086,145.4250030517578,158.75,144.05999755859375,155.0,2024500
2007-03-01,126.95894622802734,149.72500610351562,150.5,143.0,147.0,1798260
2007-03-02,122.4288101196289,144.3824920654297,153.1999969482422,141.9499969482422,149.25,1407020
2007-03-05,112.30429077148438,132.4425048828125,140.1300048828125,130.4499969482422,140.1300048828125,3747920
2007-03-06,116.98494720458984,137.96249389648438,139.35000610351562,131.5550079345703,135.0,1644160
2007-03-07,112.45059204101562,132.61500549316406,141.4499969482422,128.5,140.10000610351562,2167720
2007-03-08,122.57505798339844,144.5550079345703,147.4499969482422,130.77749633789062,135.0,4532640
2007-03-09,119.77684783935547,141.2550048828125,149.0,139.3000030517578,149.0,2254600
2007-03-12,120.12237548828125,141.66250610351562,144.64999389648438,140.0500030517578,143.5,1349060
2007-03-13,124.21796417236328,146.4925079345703,147.5,140.75,142.89999389648438,1327100
2007-03-14,120.68623352050781,142.32749938964844,144.1999969482422,139.2550048828125,144.0500030517578,1440840
2007-03-15,122.09595489501953,143.99000549316406,148.64500427246094,142.5,144.0,1676380
2007-03-16,121.1907730102539,142.92250061035156,145.5,141.8175048828125,144.0,806860
2007-03-19,123.27037811279297,145.375,146.19749450683594,142.6024932861328,143.75,1183880
2007-03-20,123.98687744140625,146.22000122070312,148.35000610351562,145.0675048828125,146.89999389648438,981600
2007-03-21,125.08501434326172,147.51499938964844,148.25,145.3000030517578,146.75,1176880
2007-03-22,127.2408676147461,150.0574951171875,151.4499969482422,148.1999969482422,148.1999969482422,1031500
2007-03-23,129.1062469482422,151.75,153.6699981689453,149.5074920654297,151.25,2243580
2007-03-26,128.4298858642578,150.9550018310547,152.94000244140625,150.52000427246094,152.94000244140625,1179060
2007-03-28,125.54998016357422,147.57000732421875,151.88499450683594,146.5500030517578,151.88499450683594,879900
2007-03-29,127.07501983642578,149.3625030517578,151.85000610351562,146.5500030517578,147.3000030517578,3110580
2007-03-30,130.79930114746094,153.74000549316406,154.4949951171875,149.5,151.0,2643540
2007-04-02,128.19166564941406,150.6750030517578,153.1999969482422,145.06500244140625,150.5,2889080
2007-04-03,128.6063995361328,151.16250610351562,152.75,150.75,152.5050048828125,680060
2007-04-04,133.57073974609375,156.99749755859375,158.2425079345703,152.0500030517578,152.40499877929688,2041700
2007-04-05,134.80223083496094,158.44500732421875,160.5,157.0,157.5500030517578,1530260
2007-04-09,142.6847381591797,167.7100067138672,169.25,158.89999389648438,158.89999389648438,3715700
2007-04-10,144.77978515625,170.17250061035156,171.75,167.3249969482422,168.60000610351562,2908060
2007-04-11,143.27386474609375,168.40249633789062,172.4949951171875,167.6324920654297,170.25,1482480
2007-04-12,142.87826538085938,167.9375,170.25,166.75,168.25,907180
2007-04-13,146.05809020996094,171.6750030517578,172.48500061035156,168.5050048828125,169.5,1155720
2007-04-16,147.78941345214844,173.7100067138672,175.4499969482422,173.0,173.75,1094840
2007-04-17,145.06056213378906,170.50250244140625,175.25,169.85000610351562,174.0,1104380
2007-04-18,147.37890625,173.2274932861328,174.9949951171875,171.64999389648438,172.75,1431980
2007-04-19,145.85601806640625,171.4375,173.5,170.00250244140625,173.5,762900
2007-04-20,147.67030334472656,173.57000732421875,174.5,171.0050048828125,173.75,1028460
2007-04-23,145.96234130859375,171.5625,175.0,171.10501098632812,175.0,506320
2007-04-24,146.84506225585938,172.60000610351562,173.89999389648438,170.50250244140625,172.5,550300
2007-04-25,145.55825805664062,171.08749389648438,172.99749755859375,168.14999389648438,168.17750549316406,917240
2007-04-26,153.5938720703125,180.53250122070312,182.75,170.25,172.6999969482422,3107040
2007-04-27,151.66897583007812,178.27000427246094,184.75,177.5574951171875,181.89999389648438,2214440
2007-04-30,155.17422485351562,182.38999938964844,184.14999389648438,176.8000030517578,178.27000427246094,1732100
2007-05-03,158.494384765625,186.29251098632812,187.25,183.9499969482422,183.9499969482422,1349360
2007-05-04,161.22328186035156,189.5,191.0,186.25,187.5,1557680
2007-05-07,160.6320037841797,188.8050079345703,192.3874969482422,187.61000061035156,191.06500244140625,1107400
2007-05-08,156.4248504638672,183.86000061035156,190.69500732421875,183.01499938964844,189.0,897680
2007-05-09,160.40223693847656,188.53500366210938,189.25,182.64999389648438,183.85000610351562,1399480
2007-05-10,159.59190368652344,187.58248901367188,190.5,187.3000030517578,189.0,706220
2007-05-11,163.91175842285156,192.66000366210938,193.6999969482422,183.27749633789062,183.27749633789062,1822620
2007-05-14,165.0858154296875,194.0399932861328,195.35000610351562,192.75,195.14999389648438,972020
2007-05-15,165.2878875732422,194.27749633789062,194.85000610351562,193.0,193.25,536560
2007-05-16,165.35171508789062,194.3524932861328,196.25,191.39999389648438,195.0,1026320
2007-05-17,167.44247436523438,196.80999755859375,197.5,193.85000610351562,194.9499969482422,944620
2007-05-18,166.80014038085938,196.0550079345703,197.5,195.39999389648438,196.5,588740
2007-05-21,164.99014282226562,193.92750549316406,197.5,187.11000061035156,197.5,2962880
2007-05-22,169.4205780029297,199.13499450683594,201.0,194.0,194.5,4081760
2007-05-23,172.600341796875,202.87249755859375,204.0,199.94500732421875,200.25,1743500
2007-05-24,201.11004638671875,236.3824920654297,239.39999389648438,207.5,213.75,10913120
2007-05-25,201.36959838867188,236.6875,249.5,232.77749633789062,237.5050048828125,11308160
2007-05-28,209.42437744140625,246.15499877929688,248.10000610351562,236.3050079345703,240.0,5493220
2007-05-29,213.2826385498047,250.6899871826172,251.9499969482422,245.0500030517578,247.4499969482422,4380480
2007-05-30,209.3754425048828,246.09750366210938,252.4399871826172,245.08248901367188,250.0,2440860
2007-05-31,211.6278533935547,248.7449951171875,251.75,243.5,246.0,3458540
2007-06-01,211.68528747558594,248.8125,252.39999389648438,247.5,251.0,1075880
2007-06-04,208.3119354248047,244.84750366210938,251.25,242.5024871826172,251.2449951171875,754820
2007-06-05,205.1853485107422,241.17251586914062,245.10000610351562,240.0500030517578,245.0,1345060
2007-06-06,203.2774658203125,238.9300079345703,243.5,237.9499969482422,241.5,888620
2007-06-07,207.28460693359375,243.63998413085938,245.5,235.5050048828125,237.60000610351562,1410780
2007-06-08,205.6320037841797,241.697509765625,245.1999969482422,241.0,243.89999389648438,709700
2007-06-11,215.133056640625,252.864990234375,255.4499969482422,241.697509765625,244.0,4836720
2007-06-12,221.73727416992188,260.62750244140625,262.45001220703125,253.0050048828125,253.0050048828125,5575200
2007-06-13,224.8213653564453,264.25250244140625,265.75,259.0299987792969,260.6000061035156,3234340
2007-06-14,226.4846649169922,266.2074890136719,267.3999938964844,262.0625,264.5,3077900
2007-06-15,227.9224853515625,267.89752197265625,271.0,265.25,266.6499938964844,1902200
2007-06-18,243.24935913085938,285.9125061035156,290.5,268.25,269.7300109863281,6439400
2007-06-19,249.53448486328125,293.29998779296875,298.5,288.0,289.0,5288780
2007-06-20,267.3902282714844,314.2875061035156,319.0,292.00750732421875,294.95001220703125,11099900
2007-06-21,258.33154296875,303.6399841308594,325.5,296.2799987792969,315.05499267578125,14076560
2007-06-22,258.155029296875,303.4324951171875,310.0,297.5,305.0,6083840
2007-06-25,255.6515350341797,300.489990234375,309.95001220703125,297.80499267578125,307.5,3339660
2007-06-26,256.06207275390625,300.9725036621094,306.0,299.0,304.5,2896880
2007-06-27,255.4666290283203,300.27252197265625,306.0,299.29998779296875,300.95001220703125,1976420
2007-06-28,249.3771209716797,293.114990234375,304.0,291.04998779296875,303.0,3787400
2007-06-29,248.87510681152344,292.5249938964844,299.0,287.6000061035156,297.32000732421875,2872500
2007-07-02,265.244140625,311.7649841308594,313.75,291.2200012207031,293.5,6412500
2007-07-03,263.4936828613281,309.7074890136719,318.2449951171875,307.6000061035156,312.5,5119960
2007-07-04,263.370361328125,309.5625,319.0,308.0,319.0,2198080
2007-07-05,259.6523742675781,305.1925048828125,311.63250732421875,303.1000061035156,311.45001220703125,1843520
2007-07-06,259.7608642578125,305.32000732421875,310.75,304.5,305.1925048828125,1517580
2007-07-09,284.35491943359375,334.22747802734375,337.2649841308594,306.00250244140625,307.45001220703125,12034700
2007-07-10,284.6229553222656,334.5425109863281,344.45001220703125,332.04998779296875,340.6300048828125,8421820
2007-07-11,283.8955078125,333.6875,340.0,330.0,330.0,3329300
2007-07-12,293.4029235839844,344.86248779296875,349.885009765625,335.75,336.70001220703125,5120660
2007-07-13,285.2290954589844,335.2550048828125,351.0,333.25,348.0,3205620
2007-07-16,285.2524719238281,335.2825012207031,342.0,332.75,338.2200012207031,1910520
2007-07-17,284.2378234863281,334.0899963378906,343.0,331.95001220703125,339.4200134277344,2537400
2007-07-18,293.9347229003906,345.48748779296875,348.20001220703125,332.6000061035156,337.0,3874940
2007-07-19,295.94677734375,347.85247802734375,350.8500061035156,343.5050048828125,347.5,3672700
2007-07-20,298.4757995605469,350.82501220703125,356.9949951171875,345.5050048828125,348.2825012207031,5536780
2007-07-23,299.3902893066406,351.8999938964844,354.60748291015625,349.0,350.04998779296875,1939960
2007-07-24,296.5508728027344,348.5625,354.75,346.5,354.73248291015625,1840660
2007-07-25,296.2594909667969,348.2200012207031,351.8999938964844,341.75,345.0,1262260
2007-07-26,299.092529296875,351.54998779296875,358.7550048828125,349.0,349.0,5322660
2007-07-27,288.9235534667969,339.5975036621094,348.8999938964844,337.5,345.8999938964844,2385800
2007-07-30,290.363525390625,341.28997802734375,347.70001220703125,335.1000061035156,340.1199951171875,2239280
2007-07-31,285.046142578125,335.03997802734375,345.45001220703125,328.5,345.45001220703125,2617560
2007-08-01,271.96966552734375,319.6700134277344,341.5,315.5,333.8999938964844,4392420
2007-08-02,271.0316467285156,318.5675048828125,325.95001220703125,316.5574951171875,324.75,3835200
2007-08-03,277.0041198730469,325.5874938964844,330.9750061035156,322.5,327.5,1663952
2007-08-06,269.2513427734375,316.4750061035156,324.3374938964844,313.75,322.1000061035156,840188
2007-08-07,263.614990234375,309.8500061035156,321.20001220703125,309.01251220703125,319.0,759940
2007-08-08,268.41119384765625,315.48748779296875,320.625,310.5249938964844,317.25,1009704
2007-08-09,271.2081604003906,318.7749938964844,332.0,316.375,327.5,2456100
2007-08-10,267.75189208984375,314.7124938964844,321.9750061035156,303.0,310.0249938964844,1041224
2007-08-13,268.974853515625,316.1499938964844,321.92498779296875,311.3125,315.0,742924
2007-08-14,264.46575927734375,310.8500061035156,319.25,309.375,312.5,635396
2007-08-16,251.15097045898438,295.20001220703125,305.0,292.5874938964844,300.0,646900
2007-08-17,241.20751953125,283.51251220703125,297.0,271.5874938964844,292.5,1366468
2007-08-20,238.82525634765625,280.7124938964844,300.0,275.0,287.25,632384
2007-08-21,218.77871704101562,257.1499938964844,283.0,251.89999389648438,275.0,1527276
2007-08-22,219.3104248046875,257.7749938964844,266.25,247.5,255.10000610351562,1647116
2007-08-23,215.36495971679688,253.1374969482422,273.125,251.0,263.75,1507360
2007-08-24,225.53176879882812,265.0874938964844,267.5,253.03750610351562,255.5,1595008
2007-08-27,237.88941955566406,279.61248779296875,281.5,262.5,267.5,1260380
2007-08-28,240.45242309570312,282.625,287.25,275.75,286.17498779296875,1104472
2007-08-29,245.24867248535156,288.26251220703125,290.25,266.3374938964844,276.75,1143840
2007-08-30,242.06884765625,284.5249938964844,294.7250061035156,278.75,293.0,1542192
2007-08-31,249.7791290283203,293.5874938964844,298.0,287.38751220703125,287.38751220703125,3229760
2007-09-03,252.13999938964844,296.36248779296875,301.0,293.25,299.5,645916
2007-09-04,251.12969970703125,295.17498779296875,299.73748779296875,292.75,298.75,580188
2007-09-05,248.09877014160156,291.61248779296875,297.9750061035156,289.0625,297.9750061035156,444684
2007-09-06,245.85488891601562,288.9750061035156,294.70001220703125,285.0,291.25,719716
2007-09-07,257.5850524902344,302.76251220703125,306.5,289.0,289.0,3363592
2007-09-10,260.1585998535156,305.7875061035156,310.5,300.0,300.0,1686964
2007-09-11,255.6070098876953,300.4375,308.8500061035156,298.0,308.8500061035156,947788
2007-09-12,255.95790100097656,300.8500061035156,306.2250061035156,299.51251220703125,301.25,649420
2007-09-13,257.4041748046875,302.54998779296875,307.75,301.2875061035156,302.5,526672
2007-09-14,251.1829071044922,295.23748779296875,305.76251220703125,293.8374938964844,304.9750061035156,408236
2007-09-17,247.8116455078125,291.2749938964844,298.4750061035156,286.0,286.0,444308
2007-09-18,251.3424072265625,295.42498779296875,301.5,288.75,291.0,760256
2007-09-19,258.9356689453125,304.3500061035156,308.25,296.25,301.75,783072
2007-09-20,264.2424011230469,310.5874938964844,316.75,306.92498779296875,307.5,2349408
2007-09-21,260.1054992675781,305.7250061035156,313.75,304.0,311.5,826988
2007-09-24,256.7342834472656,301.76251220703125,310.92498779296875,300.0,308.0,356392
2007-09-25,260.43511962890625,306.11248779296875,313.86248779296875,298.25,302.5,669468
2007-09-26,258.0103759765625,303.26251220703125,309.70001220703125,302.26251220703125,304.70001220703125,447768
2007-09-27,254.79873657226562,299.48748779296875,308.4750061035156,297.1000061035156,308.4750061035156,1240244
2007-09-28,259.50994873046875,305.0249938964844,312.0,302.51251220703125,304.95001220703125,703992
2007-10-01,284.2889709472656,334.1499938964844,340.0,286.1000061035156,286.1000061035156,3423696
2007-10-03,285.565185546875,335.6499938964844,352.25,305.01251220703125,338.75,1922096
2007-10-04,286.14996337890625,336.3374938964844,346.75,313.8374938964844,313.8374938964844,1209768
2007-10-05,292.1481018066406,343.38751220703125,357.4750061035156,336.5,340.0375061035156,1996968
2007-10-08,281.4068298339844,330.76251220703125,351.2250061035156,312.5,347.5,1481260
2007-10-09,296.0191345214844,347.9375,350.0,320.0874938964844,330.0,1128928
2007-10-10,293.8177490234375,345.3500061035156,354.9750061035156,341.7875061035156,350.0,633252
2007-10-11,304.6864318847656,358.125,368.75,339.5,347.5249938964844,1002644
2007-10-12,297.58245849609375,349.7749938964844,368.75,340.0625,359.5,966924
2007-10-15,308.66387939453125,362.79998779296875,365.375,349.7250061035156,352.5,600720
2007-10-16,325.12652587890625,382.1499938964844,385.5,359.0,366.3374938964844,1540148
2007-10-17,308.3448486328125,362.42498779296875,371.25,312.8374938964844,362.5,1346776
2007-10-18,289.8296813964844,340.6625061035156,383.5,325.0,366.25,844272
2007-10-19,278.6099853515625,327.4750061035156,344.875,317.5249938964844,344.875,941568
2007-10-22,289.329833984375,340.07501220703125,347.0,315.5,324.75,420956
2007-10-23,309.06805419921875,363.2749938964844,366.25,348.5,352.5,688696
2007-10-24,311.3651123046875,365.9750061035156,380.0,359.5,366.125,856624
2007-10-25,311.10980224609375,365.67498779296875,375.0,358.0625,367.5,1709304
2007-10-26,349.9693298339844,411.3500061035156,415.0,367.5,372.5,2662240
2007-10-29,366.644775390625,430.95001220703125,444.92498779296875,423.67498779296875,423.67498779296875,1626784
2007-10-30,356.8607177734375,419.45001220703125,438.4750061035156,412.75,422.25,1540792
2007-10-31,366.1767272949219,430.3999938964844,437.42498779296875,421.25,422.5,881456
2007-11-01,353.7978820800781,415.8500061035156,444.9750061035156,410.0,439.75,1310456
2007-11-02,368.4951477050781,433.125,439.75,402.75,406.25,957052
2007-11-05,356.0630798339844,418.51251220703125,436.25,416.3500061035156,436.25,798528
2007-11-06,345.7579040527344,406.3999938964844,431.0,400.3374938964844,427.5,772812
2007-11-07,340.4405822753906,400.1499938964844,416.75,393.75,412.5249938964844,603348
2007-11-08,332.67724609375,391.0249938964844,400.0,387.75,395.0,533732
2007-11-12,320.61737060546875,376.8500061035156,380.6875,360.0,377.5,724264
2007-11-13,333.3684997558594,391.8374938964844,401.75,372.5249938964844,372.5249938964844,923060
2007-11-14,339.63238525390625,399.20001220703125,404.42498779296875,396.25,400.0,641632
2007-11-15,339.32391357421875,398.8374938964844,413.7250061035156,396.2875061035156,396.2875061035156,761468
2007-11-16,334.7616271972656,393.4750061035156,405.0,390.01251220703125,397.5,324856
2007-11-19,335.0168762207031,393.7749938964844,404.5,392.5,399.25,243988
2007-11-20,364.656005859375,428.61248779296875,435.75,387.5,387.5,1671040
2007-11-21,335.9420471191406,394.86248779296875,443.25,387.9375,433.0,1029664
2007-11-22,327.519287109375,384.9624938964844,404.42498779296875,366.3374938964844,387.75,880656
2007-11-23,339.0580749511719,398.5249938964844,400.0,383.82501220703125,388.75,497452
2007-11-26,345.90692138671875,406.57501220703125,416.0,402.5,402.5249938964844,505368
2007-11-27,346.53436279296875,407.3125,413.75,397.75,400.0,410156
2007-11-28,343.86492919921875,404.17498779296875,418.75,401.25,412.25,435288
2007-11-29,335.5166931152344,394.36248779296875,414.5,388.2875061035156,407.625,926752
2007-11-30,345.4920654296875,406.0874938964844,408.5,397.5,397.5,360884
2007-12-03,353.0534362792969,414.9750061035156,424.75,408.2749938964844,409.75,479892
2007-12-04,351.9367980957031,413.6625061035156,422.5,410.0,422.5,247364
2007-12-05,381.4908447265625,448.3999938964844,452.4624938964844,411.25,415.0,1387284
2007-12-06,377.0880126953125,443.2250061035156,458.75,437.79998779296875,452.5,877088
2007-12-07,381.4376525878906,448.3374938964844,452.48748779296875,428.7875061035156,450.0,499040
2007-12-10,371.23895263671875,436.3500061035156,451.25,432.5,451.25,352080
2007-12-11,375.7480773925781,441.6499938964844,454.5,437.5375061035156,440.0,645960
2007-12-12,378.2047119140625,444.5375061035156,450.0,425.25,425.25,233744
2007-12-13,395.5181579589844,464.88751220703125,470.5,442.5,445.0,1027020
2007-12-14,392.8274841308594,461.7250061035156,471.25,458.4624938964844,466.0,491292
2007-12-17,369.2076721191406,433.9624938964844,467.5,428.75,455.5,547640
2007-12-18,366.8999328613281,431.25,442.5,412.1499938964844,426.1000061035156,683940
2007-12-19,364.1560974121094,428.0249938964844,443.5,418.75,430.0,338492
2007-12-20,369.2183532714844,433.9750061035156,441.0,421.25,428.75,443248
2007-12-24,377.8218688964844,444.0874938964844,447.48748779296875,427.5,427.5,238212
2007-12-26,385.9256286621094,453.61248779296875,460.0,445.25,446.25,454704
2007-12-27,378.44927978515625,444.82501220703125,459.5,440.9624938964844,452.5249938964844,662852
2007-12-28,397.84710693359375,467.625,475.2250061035156,445.0,445.0,977696
2007-12-31,399.03826904296875,469.0249938964844,476.0,466.25,470.25,343848
2008-01-01,400.6653137207031,470.9375,482.48748779296875,450.5,450.5,451144
2008-01-02,402.73919677734375,473.375,480.2250061035156,465.0,471.25,290540
2008-01-03,401.6650085449219,472.11248779296875,480.9750061035156,463.0249938964844,470.5,419244
2008-01-04,400.6015625,470.86248779296875,481.25,468.82501220703125,473.75,354612
2008-01-07,400.1549072265625,470.3374938964844,474.67498779296875,463.0249938964844,467.5,430404
2008-01-08,392.4977722167969,461.3374938964844,473.75,458.01251220703125,465.0,195856
2008-01-09,389.9986572265625,458.3999938964844,467.5,435.9624938964844,435.9624938964844,194464
2008-01-10,369.2183532714844,433.9750061035156,466.20001220703125,430.0,466.20001220703125,376596
2008-01-11,375.8437805175781,441.76251220703125,449.7250061035156,425.0,449.7250061035156,395308
2008-01-14,375.8225402832031,441.73748779296875,446.17498779296875,432.5,433.75,238424
2008-01-15,387.3506164550781,455.2875061035156,464.9750061035156,437.5249938964844,437.5249938964844,421984
2008-01-16,389.41375732421875,457.7124938964844,465.0,435.0,437.7749938964844,425352
2008-01-17,380.3316955566406,447.0375061035156,464.25,440.5,462.25,558196
2008-01-18,340.3129577636719,400.0,447.5,387.5,447.5,467076
2008-01-21,310.7057189941406,365.20001220703125,410.0,331.25,410.0,1096356
2008-01-22,300.0921936035156,352.7250061035156,374.98748779296875,292.5,338.25,1178268
2008-01-23,314.0663757324219,369.1499938964844,381.0,326.1000061035156,326.1000061035156,559812
2008-01-24,291.0739440917969,342.125,387.4750061035156,331.26251220703125,352.5249938964844,732488
2008-01-25,312.3647155761719,367.1499938964844,372.5,335.5,335.5,285136
2008-01-28,328.12548828125,385.67498779296875,391.1000061035156,336.1000061035156,336.1000061035156,319172
2008-01-29,319.80908203125,375.8999938964844,405.0,372.5,387.5,272792
2008-01-30,306.2817077636719,360.0,382.5,351.1000061035156,351.1000061035156,281072
2008-01-31,299.8795471191406,352.4750061035156,383.5,336.1000061035156,336.1000061035156,2125796
2008-02-01,312.73699951171875,367.5874938964844,373.75,351.5249938964844,357.5,560616
2008-02-04,321.9467468261719,378.4125061035156,386.20001220703125,372.5,372.5,223704
2008-02-05,324.0098571777344,380.8374938964844,384.5,372.5,378.5,210784
2008-02-06,313.9493713378906,369.01251220703125,376.25,351.1000061035156,351.1000061035156,162104
2008-02-07,303.6548767089844,356.9125061035156,375.0,354.04998779296875,362.75,172560
2008-02-08,290.1593322753906,341.04998779296875,362.0,335.0,350.75,247556
2008-02-11,276.036376953125,324.45001220703125,342.5,312.5,341.25,695600
2008-02-12,284.8526306152344,334.8125,337.2250061035156,312.75,336.17498779296875,756916
2008-02-13,276.17462158203125,324.61248779296875,344.5,318.75,334.8125,317364
2008-02-14,294.5408935546875,346.20001220703125,356.25,333.0,337.5,322424
2008-02-15,306.8665466308594,360.6875,363.70001220703125,338.0,343.48748779296875,285936
2008-02-18,301.2301330566406,354.0625,366.3125,351.5,357.5,189144
2008-02-19,297.0294189453125,349.125,362.0,345.0249938964844,362.0,156408
2008-02-20,286.3627014160156,336.5874938964844,348.45001220703125,328.5,337.5,189496
2008-02-21,301.3364562988281,354.1875,357.23748779296875,339.0,339.125,239444
2008-02-22,300.0284729003906,352.6499938964844,362.25,338.82501220703125,345.0,312860
2008-02-25,303.1763000488281,356.3500061035156,357.5,338.75,355.25,149452
2008-02-26,301.7087097167969,354.625,361.17498779296875,350.5,360.0,164652
2008-02-27,293.67950439453125,345.1875,366.0,342.5,361.25,345968
2008-02-28,298.62469482421875,351.0,355.0,343.5375061035156,353.5,511452
2008-02-29,292.5521240234375,343.86248779296875,357.5,337.76251220703125,346.0,365924
2008-03-03,290.6697998046875,341.6499938964844,352.75,330.5,343.6000061035156,367892
2008-03-04,281.10919189453125,330.4125061035156,348.75,322.75,340.2749938964844,346152
2008-03-05,275.164306640625,323.42498779296875,331.25,320.0,331.25,269908
2008-03-07,273.96258544921875,322.01251220703125,330.125,298.125,317.75,661360
2008-03-10,282.7149963378906,332.29998779296875,334.5,303.75,319.75,365396
2008-03-11,284.12939453125,333.9624938964844,340.0,315.875,315.875,201564
2008-03-12,281.3644104003906,330.7124938964844,362.5,325.0,340.0,187352
2008-03-13,261.0838317871094,306.875,325.0,275.0,275.0,167740
2008-03-14,262.3493957519531,308.36248779296875,316.25,300.0,312.5,224968
2008-03-17,239.7079315185547,281.75,299.5,276.25,298.75,358264
2008-03-18,249.8216094970703,293.63751220703125,303.75,277.125,291.25,321176
2008-03-19,252.27825927734375,296.5249938964844,310.0,293.75,302.5,375384
2008-03-24,249.57705688476562,293.3500061035156,303.75,284.51251220703125,303.75,199676
2008-03-25,265.7950439453125,312.4125061035156,315.25,300.0,300.0,256784
2008-03-26,267.81573486328125,314.7875061035156,321.0,310.0,315.25,166496
2008-03-27,278.3441162109375,327.1625061035156,330.0,306.3125,316.17498779296875,383576
2008-03-28,289.36175537109375,340.11248779296875,342.4750061035156,323.88751220703125,329.5,292104
2008-03-31,269.87884521484375,317.2124938964844,338.45001220703125,316.25,336.25,304232
2008-04-01,263.4128723144531,309.61248779296875,324.5,304.98748779296875,323.5,257296
2008-04-02,267.3478088378906,314.23748779296875,325.0,312.75,315.9125061035156,235124
2008-04-03,267.4859619140625,314.3999938964844,320.0,307.5,312.5,118968
2008-04-04,269.13433837890625,316.3374938964844,318.75,310.25,314.5,270916
2008-04-07,273.07989501953125,320.9750061035156,327.4750061035156,312.5,315.25,229788
2008-04-08,271.06988525390625,318.61248779296875,326.23748779296875,313.7875061035156,320.3125,157696
2008-04-09,280.1839599609375,329.32501220703125,333.0,315.0,315.42498779296875,314932
2008-04-10,300.47509765625,353.17498779296875,358.42498779296875,327.5,327.5,1154460
2008-04-11,304.8353271484375,358.29998779296875,363.75,350.3125,356.5,540940
2008-04-15,307.6748352050781,361.63751220703125,364.25,350.2749938964844,351.26251220703125,438772
2008-04-16,295.4554138183594,347.2749938964844,368.75,345.0375061035156,362.5,327380
2008-04-17,293.5624084472656,345.04998779296875,360.9750061035156,342.51251220703125,350.0,647108
2008-04-21,298.390625,350.7250061035156,360.0,346.38751220703125,360.0,250196
2008-04-22,298.2205505371094,350.5249938964844,356.0,349.2875061035156,350.0,205956
2008-04-23,305.1543884277344,358.67498779296875,367.375,349.5,349.5,712720
2008-04-24,294.8279724121094,346.5375061035156,363.75,343.4375,363.7250061035156,436300
2008-04-25,298.8586120605469,351.2749938964844,357.5,346.75,347.5,230188
2008-04-28,300.5495300292969,353.26251220703125,358.5,348.2875061035156,352.4750061035156,239036
2008-04-29,302.2724304199219,355.2875061035156,358.0,350.5,352.75,210480
2008-04-30,319.4263000488281,375.45001220703125,381.0,356.25,357.5,1687428
2008-05-02,323.4781799316406,380.2124938964844,387.5,377.5,382.0,863604
2008-05-05,319.2135925292969,375.20001220703125,387.25,373.04998779296875,381.25,449920
2008-05-06,302.91046142578125,356.0375061035156,379.45001220703125,350.0,375.25,745472
2008-05-07,309.397705078125,363.6625061035156,368.6000061035156,355.0249938964844,360.0,657408
2008-05-08,307.1643371582031,361.0375061035156,366.25,355.3374938964844,355.3374938964844,242364
2008-05-09,292.1161804199219,343.3500061035156,361.0,337.7749938964844,358.0,553568
2008-05-12,296.0403747558594,347.9624938964844,350.0,326.38751220703125,342.5,386464
2008-05-13,293.8177490234375,345.3500061035156,362.0,341.25,352.45001220703125,496812
2008-05-14,303.1656799316406,356.3374938964844,362.3125,340.0,341.25,585416
2008-05-15,312.534912109375,367.3500061035156,369.75,354.2749938964844,362.29998779296875,421672
2008-05-16,307.653564453125,361.61248779296875,370.875,358.8374938964844,368.75,389124
2008-05-20,299.56048583984375,352.1000061035156,363.7250061035156,350.0,362.5,318856
2008-05-21,308.2491149902344,362.3125,365.0,346.38751220703125,350.25,316572
2008-05-22,310.8439636230469,365.36248779296875,371.0,349.875,360.0,492300
2008-05-23,302.46380615234375,355.51251220703125,373.75,352.5,364.1499938964844,379340
2008-05-26,299.48602294921875,352.01251220703125,357.5,347.5,355.75,330180
2008-05-27,296.3594665527344,348.3374938964844,359.2250061035156,342.57501220703125,357.5,294676
2008-05-28,297.28466796875,349.42498779296875,353.75,342.20001220703125,353.75,285480
2008-05-29,302.1872253417969,355.1875,360.25,351.25,352.5,748964
2008-05-30,315.09796142578125,370.36248779296875,373.7749938964844,356.25,356.25,945344
2008-06-02,320.6811828613281,376.92498779296875,382.25,368.0,371.5,843988
2008-06-03,329.7207336425781,387.54998779296875,390.70001220703125,367.51251220703125,375.0,836280
2008-06-04,306.5262451171875,360.2875061035156,393.42498779296875,355.51251220703125,389.25,859940
2008-06-05,324.2331848144531,381.1000061035156,385.0,358.8374938964844,360.25,747956
2008-06-06,317.45880126953125,373.13751220703125,390.0,370.0,387.5,770472
2008-06-09,309.07867431640625,363.2875061035156,366.0,337.75,344.75,861300
2008-06-10,324.4139404296875,381.3125,384.5,351.25,357.5,876000
2008-06-11,317.7672119140625,373.5,388.75,369.0,384.5,677364
2008-06-12,323.1484069824219,379.82501220703125,383.67498779296875,362.5,372.3374938964844,1235000
2008-06-13,322.73370361328125,379.3374938964844,387.25,377.25,380.25,374528
2008-06-16,320.86199951171875,377.13751220703125,386.25,375.0625,382.5,266284
2008-06-17,339.5578918457031,399.11248779296875,401.23748779296875,376.75,381.29998779296875,1062236
2008-06-18,330.8586120605469,388.88751220703125,408.67498779296875,385.75,405.0,1106740
2008-06-19,322.5103759765625,379.07501220703125,393.7250061035156,377.0,384.8999938964844,569752
2008-06-20,308.8871765136719,363.0625,386.25,358.875,380.0,572616
2008-06-23,297.18896484375,349.3125,362.25,347.7749938964844,351.25,433164
2008-06-24,288.702392578125,339.3374938964844,356.75,337.5249938964844,352.0,526140
2008-06-25,303.6974182128906,356.9624938964844,370.25,330.0625,337.4750061035156,397268
2008-06-26,297.5332336425781,348.73748779296875,371.25,345.29998779296875,362.25,1338660
2008-06-27,285.7381591796875,334.9125061035156,347.73748779296875,332.5,338.0,391264
2008-06-30,285.14093017578125,334.2124938964844,342.0249938964844,325.25,335.5,531528
2008-07-01,279.0621337890625,327.0874938964844,341.0,321.2749938964844,338.0,405052
2008-07-02,286.9219055175781,336.29998779296875,338.75,311.25,329.75,507564
2008-07-03,280.9603271484375,329.3125,335.0,317.875,335.0,348268
2008-07-04,286.8259582519531,336.1875,339.25,320.75,337.5,288792
2008-07-07,290.3665466308594,340.3374938964844,351.2250061035156,338.04998779296875,341.25,150080
2008-07-08,286.1753234863281,335.42498779296875,347.75,326.5,347.75,178644
2008-07-09,292.00897216796875,342.26251220703125,349.375,337.5,340.5249938964844,271224
2008-07-10,292.947509765625,343.36248779296875,349.98748779296875,340.0249938964844,342.25,205336
2008-07-11,284.5330810546875,333.5,347.0,330.3999938964844,330.3999938964844,140124
2008-07-14,284.39434814453125,333.3374938964844,342.0,326.3125,333.0,249344
2008-07-15,271.9487609863281,318.75,335.25,316.25,328.75,200868
2008-07-16,277.18511962890625,324.88751220703125,328.5,312.8125,317.5,474164
2008-07-17,282.7626647949219,331.42498779296875,336.25,327.5,334.92498779296875,212552
2008-07-18,280.906982421875,329.25,335.01251220703125,320.3374938964844,335.01251220703125,224184
2008-07-21,289.3001708984375,339.0874938964844,342.17498779296875,325.5,330.0,271768
2008-07-22,292.76617431640625,343.1499938964844,347.6875,339.54998779296875,340.0,194932
2008-07-23,305.33984375,357.88751220703125,363.3500061035156,349.25,349.25,290188
2008-07-24,296.0295715332031,346.9750061035156,362.5,342.79998779296875,360.98748779296875,198608
2008-07-25,298.0451354980469,349.3374938964844,357.25,340.0,341.25,184236
2008-07-28,299.2716369628906,350.7749938964844,354.5,347.75,352.5625,152156
2008-07-29,295.6136169433594,346.48748779296875,352.0,338.88751220703125,347.0,299504
2008-07-30,298.3224182128906,349.6625061035156,358.0,347.5874938964844,350.0,315588
2008-07-31,299.68756103515625,351.26251220703125,357.25,346.5,357.25,632856
2008-08-01,299.324951171875,350.8374938964844,357.4750061035156,345.2749938964844,352.25,414176
2008-08-04,313.29559326171875,367.2124938964844,368.75,347.75,354.5,612596
2008-08-05,309.1683654785156,362.375,374.95001220703125,360.0,362.5,493456
2008-08-06,307.01409912109375,359.8500061035156,371.25,357.01251220703125,371.25,351016
2008-08-07,310.9920349121094,364.51251220703125,373.125,352.5,352.7749938964844,1407768
2008-08-08,322.4245910644531,377.9125061035156,381.20001220703125,361.9375,361.9375,554424
2008-08-11,324.6855163574219,380.5625,392.5,377.75,386.25,363200
2008-08-12,327.3515930175781,383.6875,386.25,372.5,381.25,470020
2008-08-13,340.3411865234375,398.9125061035156,403.5,380.0,382.375,819188
2008-08-14,326.4131164550781,382.5874938964844,401.25,380.0,396.25,447948
2008-08-18,325.8478698730469,381.92498779296875,389.5,377.5874938964844,378.75,192364
2008-08-19,327.54364013671875,383.9125061035156,387.48748779296875,375.375,379.0,677404
2008-08-20,331.67083740234375,388.75,393.0,384.75,384.75,320644
2008-08-21,321.4967346191406,376.82501220703125,388.6875,373.75,383.7749938964844,268324
2008-08-22,317.90277099609375,372.61248779296875,393.13751220703125,365.2749938964844,393.13751220703125,593468
2008-08-25,313.97821044921875,368.01251220703125,376.75,361.875,375.0,598648
2008-08-26,310.90679931640625,364.4125061035156,368.25,357.6000061035156,362.75,267844
2008-08-27,310.6401672363281,364.1000061035156,371.0,361.7749938964844,364.625,208712
2008-08-28,309.32843017578125,362.5625,369.625,360.0,367.23748779296875,326496
2008-08-29,325.5812683105469,381.61248779296875,384.9624938964844,366.5,372.5,295956
2008-09-01,329.6978454589844,386.4375,389.375,376.25,381.23748779296875,309140
2008-09-02,329.88983154296875,386.6625061035156,391.5,384.2124938964844,387.0,347192
2008-09-04,329.1220397949219,385.76251220703125,396.25,382.5874938964844,387.0,383400
2008-09-05,324.2162170410156,380.01251220703125,393.75,375.75,375.75,495520
2008-09-08,318.670654296875,373.51251220703125,392.5,370.0,392.25,422020
2008-09-09,316.92156982421875,371.4624938964844,399.20001220703125,365.2749938964844,377.5,196272
2008-09-10,319.1932067871094,374.125,379.25,370.1000061035156,374.75,178612
2008-09-11,312.6771240234375,366.48748779296875,378.5,364.25,373.79998779296875,221416
2008-09-12,307.5047302246094,360.42498779296875,371.36248779296875,358.0,368.7749938964844,141176
2008-09-15,296.8934020996094,347.98748779296875,357.5249938964844,336.2875061035156,357.5249938964844,348396
2008-09-16,292.8088684082031,343.20001220703125,347.75,330.0,338.0,504500
2008-09-17,286.1114501953125,335.3500061035156,346.0249938964844,334.1875,339.75,255028
2008-09-18,292.6275329589844,342.98748779296875,347.0,307.25,327.25,436740
2008-09-19,308.1233215332031,361.1499938964844,363.75,346.0625,349.2250061035156,297468
2008-09-22,301.8951110839844,353.8500061035156,362.75,350.76251220703125,362.5249938964844,130824
2008-09-23,299.3675231933594,350.88751220703125,354.25,347.5249938964844,354.25,90116
2008-09-24,296.2215576171875,347.20001220703125,355.9750061035156,340.88751220703125,351.98748779296875,9068476
2008-09-25,296.18951416015625,347.1625061035156,355.0,342.125,346.25,585212
2008-09-26,287.98834228515625,337.54998779296875,348.0,336.0,347.98748779296875,239692
2008-09-29,277.19580078125,324.8999938964844,337.5,307.0,332.5,679744
2008-09-30,284.7889404296875,333.79998779296875,342.5,308.79998779296875,312.5,820412
2008-10-01,276.44921875,324.0249938964844,338.75,320.6625061035156,335.0,279432
2008-10-03,263.65167236328125,309.0249938964844,326.0,306.5,320.0,407524
2008-10-06,246.5348358154297,288.9624938964844,306.5,284.0874938964844,300.3125,490516
2008-10-07,257.0502014160156,301.2875061035156,312.20001220703125,280.0,300.0,675784
2008-10-08,248.923828125,291.76251220703125,294.0249938964844,275.0,294.0249938964844,511816
2008-10-10,228.98085021972656,268.38751220703125,277.75,243.75,275.0,677156
2008-10-13,248.6572265625,291.45001220703125,295.125,267.5,267.5,245948
2008-10-14,256.9222106933594,301.13751220703125,308.4375,300.0,300.0,308916
2008-10-15,235.0170440673828,275.4624938964844,297.5,268.75,291.29998779296875,296032
2008-10-16,236.1901397705078,276.8374938964844,284.9750061035156,253.75,266.7250061035156,280984
2008-10-17,221.0996551513672,259.1499938964844,286.25,252.78750610351562,280.0,204664
2008-10-20,210.3710174560547,246.5749969482422,262.4750061035156,235.0,260.0,453208
2008-10-21,235.95555114746094,276.5625,284.70001220703125,250.0,250.0,369844
2008-10-22,234.28115844726562,274.6000061035156,279.25,262.5249938964844,263.1499938964844,127036
2008-10-23,226.847900390625,265.88751220703125,285.0,256.25,263.61248779296875,254124
2008-10-24,211.53346252441406,247.9375,268.75,245.0,260.5,390928
2008-10-27,199.5997314453125,233.9499969482422,253.75,223.5124969482422,246.27499389648438,521104
2008-10-29,207.97146606445312,243.7624969482422,262.4750061035156,240.75,256.25,407980
2008-10-31,235.83819580078125,276.42498779296875,285.0,252.47500610351562,252.47500610351562,716136
2008-11-03,261.76397705078125,306.8125,312.48748779296875,277.5,280.2749938964844,589908
2008-11-04,263.2250671386719,308.5249938964844,319.75,296.25,308.75,617764
2008-11-05,268.6534118652344,314.88751220703125,317.6000061035156,300.2749938964844,311.0,1236528
2008-11-06,265.0699768066406,310.6875,315.0,292.5,307.25,505108
2008-11-07,267.67218017578125,313.73748779296875,323.75,301.25,312.25,170064
2008-11-10,268.098876953125,314.23748779296875,323.75,308.75,323.67498779296875,208112
2008-11-11,255.29058837890625,299.2250061035156,313.73748779296875,296.75,306.25,214488
2008-11-12,254.64004516601562,298.4624938964844,301.25,287.5,287.5,369384
2008-11-14,256.2184143066406,300.3125,309.9750061035156,295.07501220703125,302.5,251916
2008-11-17,258.5859375,303.0874938964844,306.86248779296875,290.0,295.0,218144
2008-11-18,255.01332092285156,298.8999938964844,303.42498779296875,290.5,295.0,132276
2008-11-19,253.36026000976562,296.9624938964844,306.75,291.3125,298.75,589448
2008-11-20,244.15664672851562,286.17498779296875,291.25,280.0,287.5,340708
2008-11-21,246.22557067871094,288.6000061035156,300.25,280.0,300.25,975688
2008-11-24,243.16485595703125,285.01251220703125,293.5,280.0,280.0,123084
2008-11-25,238.22711181640625,279.2250061035156,293.5,276.26251220703125,286.25,180684
2008-11-26,251.1099853515625,294.32501220703125,298.9750061035156,271.375,282.4750061035156,316032
2008-11-27,251.1099853515625,294.32501220703125,294.32501220703125,294.32501220703125,294.32501220703125,0
2008-11-28,261.5933532714844,306.61248779296875,310.75,287.25,288.0,442988
2008-12-01,252.85906982421875,296.375,312.25,282.5625,282.5625,226936
2008-12-02,244.90313720703125,287.04998779296875,293.75,284.01251220703125,289.04998779296875,159964
2008-12-03,242.98355102539062,284.79998779296875,297.20001220703125,277.0,296.0,198928
2008-12-04,252.66702270507812,296.1499938964844,298.73748779296875,281.25,285.25,208500
2008-12-05,261.49737548828125,306.5,307.5,294.2749938964844,296.25,443532
2008-12-08,261.5187072753906,306.5249938964844,312.48748779296875,304.3125,309.75,272092
2008-12-10,264.600830078125,310.13751220703125,311.20001220703125,305.25,310.0,264036
2008-12-11,266.70172119140625,312.6000061035156,316.04998779296875,307.25,310.4750061035156,331188
2008-12-12,261.06005859375,305.98748779296875,311.25,302.51251220703125,311.25,120708
2008-12-15,270.370361328125,316.8999938964844,321.2250061035156,307.25,307.25,703136
2008-12-16,278.3154602050781,326.2124938964844,331.2250061035156,314.98748779296875,314.98748779296875,458056
2008-12-17,278.77410888671875,326.75,336.75,320.51251220703125,326.5,327176
2008-12-18,279.4673156738281,327.5625,333.25,325.0,325.0,187552
2008-12-19,280.13922119140625,328.3500061035156,336.2250061035156,325.26251220703125,327.5,190804
2008-12-22,276.5345764160156,324.125,331.0,321.0,331.0,128516
2008-12-23,275.72406005859375,323.17498779296875,327.45001220703125,317.7749938964844,327.23748779296875,133584
2008-12-24,275.2867431640625,322.6625061035156,327.25,313.25,317.5,255400
2008-12-26,273.9430236816406,321.0874938964844,328.75,317.5,321.25,346660
2008-12-29,278.0595703125,325.9125061035156,329.25,317.51251220703125,323.25,250892
2008-12-30,283.5412902832031,332.3374938964844,335.0,321.5375061035156,328.25,307708
2008-12-31,284.79962158203125,333.8125,337.5,326.25,332.75,376384
2009-01-02,286.35675048828125,335.63751220703125,342.0,331.54998779296875,336.0249938964844,232092
2009-01-05,284.6183166503906,333.6000061035156,338.8500061035156,331.51251220703125,334.63751220703125,219992
2009-01-06,282.5174255371094,331.13751220703125,338.75,308.9624938964844,330.0,123068
2009-01-07,274.76422119140625,322.04998779296875,339.98748779296875,315.0,329.5,375000
2009-01-09,264.8568115234375,310.4375,325.5,299.98748779296875,312.5,330996
2009-01-12,249.25433349609375,292.1499938964844,310.2250061035156,289.5,291.98748779296875,611836
2009-01-13,238.37640380859375,279.3999938964844,296.25,275.5,292.8125,967840
2009-01-14,248.96640014648438,291.8125,294.48748779296875,265.25,265.25,709332
2009-01-15,240.87193298339844,282.32501220703125,286.20001220703125,276.5,276.5,333940
2009-01-16,242.35430908203125,284.0625,288.0,276.3999938964844,276.3999938964844,305792
2009-01-19,236.81939697265625,277.57501220703125,286.75,270.63751220703125,285.0,688004
2009-01-20,227.989013671875,267.2250061035156,275.0,265.0,266.6625061035156,518276
2009-01-21,196.2830352783203,230.0625,265.0,223.75,238.9875030517578,2098524
2009-01-22,210.1470489501953,246.3125,250.0,211.25,237.4250030517578,5000804
2009-01-23,198.5012664794922,232.66250610351562,248.75,227.5124969482422,242.02499389648438,2037332
2009-01-27,181.44847106933594,212.6750030517578,232.5,203.0625,232.5,3612432
2009-01-28,185.90628051757812,217.89999389648438,230.47500610351562,198.25,212.5,7394512
2009-01-29,185.51168823242188,217.4375,224.5,211.53750610351562,221.25,2598284
2009-01-30,188.72177124023438,221.1999969482422,224.3625030517578,212.5,212.5,1222956
2009-02-02,183.8906707763672,215.53750610351562,222.97500610351562,214.3625030517578,218.75,413472
2009-02-03,187.10073852539062,219.3000030517578,221.72500610351562,212.52499389648438,216.25,419832
2009-02-04,181.29916381835938,212.5,224.02499389648438,208.0,212.5,393888
2009-02-05,174.04721069335938,204.0,214.75,198.75,214.75,1153292
2009-02-06,175.18832397460938,205.33749389648438,213.75,203.75,207.47500610351562,1644104
2009-02-09,185.1064453125,216.96249389648438,218.7375030517578,205.0124969482422,212.0,773936
2009-02-10,194.15008544921875,227.5625,230.25,217.25,217.25,778088
2009-02-11,196.4003143310547,230.1999969482422,236.0,220.25,224.97500610351562,1120576
2009-02-12,201.6473388671875,236.35000610351562,238.25,225.0,225.0,1129964
2009-02-13,200.70883178710938,235.25,240.5,233.02499389648438,238.75,459876
2009-02-16,201.7753448486328,236.5,241.25,227.5,230.0124969482422,427784
2009-02-17,188.8390655517578,221.33749389648438,235.0,219.0625,235.0,566320
2009-02-18,185.07443237304688,216.9250030517578,225.9499969482422,212.5,218.25,575812
2009-02-19,176.80934143066406,207.2375030517578,219.9250030517578,205.3125,217.5,796584
2009-02-20,175.5402374267578,205.75,211.25,201.8125,206.9375,1198516
2009-02-24,172.5968017578125,202.3000030517578,205.71249389648438,198.25,200.3125,576268
2009-02-25,174.53775024414062,204.5749969482422,208.16250610351562,202.5,206.25,491176
2009-02-26,177.93978881835938,208.5625,211.4875030517578,201.85000610351562,205.75,1290056
2009-02-27,185.2237548828125,217.10000610351562,220.0,208.75,208.75,984924
2009-03-02,181.2245330810547,212.41250610351562,218.25,208.75,214.97500610351562,596088
2009-03-03,177.47056579589844,208.0124969482422,214.47500610351562,206.27499389648438,210.75,430372
2009-03-04,181.4698028564453,212.6999969482422,214.2375030517578,205.625,207.5,491792
2009-03-05,174.53775024414062,204.5749969482422,218.6999969482422,203.5,214.5,448796
2009-03-06,171.98890686035156,201.58749389648438,206.2375030517578,191.25,203.75,986608
2009-03-09,180.0194091796875,211.0,213.125,197.5,202.375,2137004
2009-03-12,185.73565673828125,217.6999969482422,218.75,208.8125,212.5,529032
2009-03-13,185.14910888671875,217.0124969482422,223.41250610351562,215.3249969482422,220.0,739924
2009-03-16,188.8070526123047,221.3000030517578,223.97500610351562,217.875,222.5,475528
2009-03-17,191.7931671142578,224.8000030517578,229.625,219.5,221.1875,658336
2009-03-18,194.747314453125,228.2624969482422,234.25,226.25,226.25,670704
2009-03-19,195.99508666992188,229.72500610351562,231.27499389648438,223.25,228.77499389648438,418592
2009-03-20,196.4962921142578,230.3125,234.0,227.5,229.5,278964
2009-03-23,199.25848388671875,233.5500030517578,236.125,231.25,231.27499389648438,448756
2009-03-24,194.2353973388672,227.66250610351562,238.625,224.77499389648438,235.6999969482422,380368
2009-03-25,188.90304565429688,221.41250610351562,228.6999969482422,219.03750610351562,227.35000610351562,461804
2009-03-26,196.63494873046875,230.47500610351562,236.25,221.75,223.0,952044
2009-03-27,204.153564453125,239.28750610351562,240.4875030517578,230.25,232.47500610351562,537156
2009-03-30,200.32492065429688,234.8000030517578,239.4875030517578,230.3125,239.4875030517578,694900
2009-03-31,201.4127197265625,236.0749969482422,243.75,231.25,233.75,836764
2009-04-01,201.2740478515625,235.91250610351562,242.75,232.25,239.46249389648438,290360
2009-04-02,198.93850708007812,233.1750030517578,247.75,188.75,238.125,916884
2009-04-06,196.3150177001953,230.10000610351562,243.75,229.27499389648438,237.75,670888
2009-04-08,197.60545349121094,231.6125030517578,233.5,222.02499389648438,227.0,765228
2009-04-09,195.7071075439453,229.3874969482422,236.14999389648438,226.25,233.77499389648438,934492
2009-04-13,195.7604522705078,229.4499969482422,234.1750030517578,226.75,232.25,409600
2009-04-15,202.2231903076172,237.02499389648438,241.25,225.27499389648438,227.4250030517578,875552
2009-04-16,200.1009521484375,234.53750610351562,252.25,231.2624969482422,240.0,1592460
2009-04-17,198.77854919433594,232.9875030517578,241.25,230.1374969482422,235.5,845496
2009-04-20,194.62997436523438,228.125,236.10000610351562,226.75,235.0,596008
2009-04-21,191.66522216796875,224.64999389648438,227.25,218.25,220.0,568392
2009-04-22,191.67587280273438,224.66250610351562,231.75,220.78750610351562,225.0,559484
2009-04-23,193.55287170410156,226.8625030517578,228.4875030517578,221.89999389648438,224.72500610351562,213480
2009-04-24,191.9531707763672,224.9875030517578,229.625,223.25,228.25,264100
2009-04-27,186.50352478027344,218.60000610351562,231.35000610351562,217.5,225.0,684836
2009-04-28,180.573974609375,211.64999389648438,219.25,210.0749969482422,219.25,430720
2009-04-29,182.15235900878906,213.5,217.1999969482422,208.8125,215.0,927736
2009-04-30,181.9390106201172,213.25,213.25,213.25,213.25,0
2009-05-04,190.31082153320312,223.0625,225.75,216.25,216.25,1800576
2009-05-05,195.4618377685547,229.10000610351562,233.6999969482422,225.0,225.03750610351562,724300
2009-05-06,187.7086181640625,220.0124969482422,232.5,216.5500030517578,230.0,725288
2009-05-07,203.4709930419922,238.4875030517578,239.5,221.25,223.75,1319740
2009-05-08,200.858154296875,235.4250030517578,244.75,230.02499389648438,238.75,1244280
2009-05-11,197.69076538085938,231.71249389648438,239.25,225.25,237.5,441980
2009-05-12,200.53817749023438,235.0500030517578,237.1999969482422,227.5625,231.25,397256
2009-05-13,197.55210876464844,231.5500030517578,239.25,228.0500030517578,236.0,283048
2009-05-14,196.47494506835938,230.28750610351562,232.5,222.8125,225.5,420108
2009-05-15,196.88021850585938,230.7624969482422,236.85000610351562,229.0625,230.28750610351562,755980
2009-05-18,221.71823120117188,259.875,265.25,253.71249389648438,253.71249389648438,5432
2009-05-19,217.90025329589844,255.39999389648438,267.5,228.8874969482422,262.5,962836
2009-05-20,235.00637817382812,275.45001220703125,279.0,252.5,252.5,921228
2009-05-21,246.7481231689453,289.2124938964844,293.7250061035156,262.5249938964844,262.5249938964844,1049612
2009-05-22,247.36671447753906,289.9375,297.25,283.79998779296875,290.0,504020
2009-05-25,244.00733947753906,286.0,293.75,281.5,288.29998779296875,363784
2009-05-26,239.61355590820312,280.8500061035156,287.75,273.0,286.0,279432
2009-05-27,244.90313720703125,287.04998779296875,291.0,272.5625,281.25,380760
2009-05-28,245.79904174804688,288.1000061035156,301.2250061035156,284.07501220703125,289.75,1034160
2009-05-29,245.48971557617188,287.73748779296875,294.75,282.82501220703125,293.75,393724
2009-06-01,241.5544891357422,283.125,296.17498779296875,270.25,295.0,370180
2009-06-02,239.49618530273438,280.7124938964844,288.1499938964844,276.5,285.5,174864
2009-06-03,242.0450897216797,283.70001220703125,293.0,278.0,278.5,809072
2009-06-04,258.98052978515625,303.54998779296875,307.5,284.0,291.0,1581688
2009-06-05,254.0641326904297,297.7875061035156,317.375,288.0625,307.5,1030392
2009-06-08,253.6055145263672,297.25,324.75,290.5,311.20001220703125,1370140
2009-06-09,254.7467041015625,298.5874938964844,308.7250061035156,288.0249938964844,297.5,688180
2009-06-10,259.0232238769531,303.6000061035156,313.75,298.625,303.0249938964844,610916
2009-06-11,257.7647399902344,302.125,308.75,300.0249938964844,300.0249938964844,322464
2009-06-12,250.92872619628906,294.11248779296875,310.42498779296875,291.625,307.0,300036
2009-06-15,240.24154663085938,280.1499938964844,303.7124938964844,277.5,297.0,337728
2009-06-16,244.16477966308594,284.7250061035156,286.23748779296875,276.5,279.25,244164
2009-06-17,235.16058349609375,274.2250061035156,287.375,271.0,285.0,245464
2009-06-18,228.8683319091797,266.88751220703125,277.48748779296875,264.0,277.48748779296875,321780
2009-06-19,237.1972198486328,276.6000061035156,279.75,267.75,272.5,302376
2009-06-22,227.32472229003906,265.0874938964844,286.0,264.0,282.5,213180
2009-06-23,229.4900360107422,267.61248779296875,268.75,255.0,261.25,225528
2009-06-24,233.4454803466797,272.2250061035156,274.5,265.0,265.0,147500
2009-06-25,239.29818725585938,279.04998779296875,286.4750061035156,273.75,275.0,609080
2009-06-26,246.3730010986328,287.29998779296875,292.92498779296875,270.5375061035156,270.5375061035156,829124
2009-06-29,249.2672119140625,290.67498779296875,297.5,287.5,287.5,375808
2009-06-30,238.81588745117188,278.48748779296875,294.70001220703125,276.5249938964844,291.2875061035156,239028
2009-07-01,239.53411865234375,279.32501220703125,285.875,270.0,277.75,364188
2009-07-02,241.6350860595703,281.7749938964844,296.0,275.6499938964844,283.0,185196
2009-07-03,240.68104553222656,280.6625061035156,283.7250061035156,276.75,280.0,160844
2009-07-06,233.26324462890625,272.01251220703125,282.4750061035156,268.75,280.5,350024
2009-07-07,230.29397583007812,268.54998779296875,273.4125061035156,264.5375061035156,272.5,232016
2009-07-08,220.20709228515625,256.7875061035156,273.5,255.0749969482422,273.5,165320
2009-07-09,218.43846130371094,254.72500610351562,257.9750061035156,252.75,256.25,289764
2009-07-10,214.22572326660156,249.8125,257.45001220703125,248.25,253.39999389648438,219960
2009-07-13,206.74366760253906,241.08749389648438,252.4250030517578,238.02499389648438,250.0,218548
2009-07-14,210.27029418945312,245.1999969482422,248.83749389648438,243.2624969482422,243.2624969482422,196348
2009-07-15,226.22068786621094,263.79998779296875,267.5,245.5625,248.25,460672
2009-07-16,226.8316650390625,264.51251220703125,268.75,256.25,263.75,306588
2009-07-17,227.228271484375,264.9750061035156,273.625,261.32501220703125,265.5,290344
2009-07-20,235.910888671875,275.1000061035156,276.23748779296875,266.7749938964844,269.75,321584
2009-07-21,232.6415557861328,271.2875061035156,279.6499938964844,268.07501220703125,277.25,292968
2009-07-22,230.45474243164062,268.73748779296875,276.25,266.25,273.75,257868
2009-07-23,235.79302978515625,274.9624938964844,282.45001220703125,273.73748779296875,282.45001220703125,1055932
2009-07-24,243.00709533691406,283.375,285.75,276.625,277.5,419204
2009-07-27,249.7281036376953,291.2124938964844,296.0,283.75,285.0,694360
2009-07-28,245.1295623779297,285.8500061035156,293.5,285.0,293.5,280972
2009-07-29,237.658203125,277.13751220703125,288.75,274.75,283.875,447572
2009-07-30,235.46072387695312,274.57501220703125,312.0,266.0,312.0,763722
2009-07-31,229.84375,268.0249938964844,280.5,262.5,277.42498779296875,629556
2009-08-03,219.4031524658203,255.85000610351562,269.0,225.5500030517578,269.0,1261278
2009-08-04,214.10781860351562,249.6750030517578,257.95001220703125,247.52499389648438,257.5,900490
2009-08-05,213.7862548828125,249.3000030517578,254.4499969482422,248.0,252.25,682824
2009-08-06,208.3622589111328,242.97500610351562,251.5,241.60000610351562,250.14999389648438,843048
2009-08-07,203.6671905517578,237.5,249.5,235.6750030517578,249.5,1075218
2009-08-10,196.07791137695312,228.64999389648438,243.0,227.5,240.0,818546
2009-08-11,199.16506958007812,232.25,233.5,225.0,225.0,533504
2009-08-12,201.80201721191406,235.3249969482422,237.89999389648438,230.0,230.0,736796
2009-08-13,206.7971954345703,241.14999389648438,242.35000610351562,236.0500030517578,236.0500030517578,503102
2009-08-14,207.89059448242188,242.4250030517578,244.9499969482422,238.02499389648438,242.89999389648438,350520
2009-08-17,204.13882446289062,238.0500030517578,244.14999389648438,237.1750030517578,240.0,714044
2009-08-18,204.09597778320312,238.0,242.9499969482422,236.75,238.5500030517578,311756
2009-08-19,203.6029052734375,237.4250030517578,240.39999389648438,234.0500030517578,240.0,267764
2009-08-20,206.99017333984375,241.375,244.4250030517578,237.5500030517578,239.5,354270
2009-08-21,206.32559204101562,240.60000610351562,244.1999969482422,237.5,241.5500030517578,513990
2009-08-24,208.6623992919922,243.3249969482422,247.3000030517578,241.5,241.5,750946
2009-08-25,207.22598266601562,241.64999389648438,246.0,241.0,243.3249969482422,470732
2009-08-26,210.93487548828125,245.97500610351562,248.6999969482422,242.3000030517578,242.3000030517578,491926
2009-08-27,227.6570587158203,265.4750061035156,268.6000061035156,245.0,245.0,2548706
2009-08-28,226.3921661376953,264.0,272.5,262.0,270.0,1237200
2009-08-31,225.72755432128906,263.2250061035156,269.6000061035156,260.0249938964844,262.5,512786
2009-09-01,220.7966766357422,257.4750061035156,267.82501220703125,256.0,265.0,369654
2009-09-02,220.04632568359375,256.6000061035156,260.4750061035156,254.89999389648438,256.0,246046
2009-09-03,220.02488708496094,256.57501220703125,259.5,255.1750030517578,255.8249969482422,243132
2009-09-04,220.66806030273438,257.32501220703125,259.45001220703125,253.52499389648438,257.5,183708
2009-09-07,224.76283264160156,262.1000061035156,264.8999938964844,257.5,257.5,321560
2009-09-08,220.9896240234375,257.70001220703125,266.95001220703125,255.0749969482422,263.5,1056510
2009-09-09,221.39695739746094,258.17498779296875,264.5,251.14999389648438,258.75,762972
2009-09-10,222.661865234375,259.6499938964844,265.8999938964844,255.14999389648438,262.5,924594
2009-09-11,222.5975341796875,259.57501220703125,264.75,258.0,261.0,744684
2009-09-14,219.70333862304688,256.20001220703125,261.95001220703125,254.5500030517578,260.0,504824
2009-09-15,220.51797485351562,257.1499938964844,260.0,256.0,259.5,273404
2009-09-16,220.86099243164062,257.54998779296875,261.29998779296875,256.1000061035156,258.3999938964844,671526
2009-09-17,232.03053283691406,270.57501220703125,274.8500061035156,258.5,260.0,3198132
2009-09-18,237.1972198486328,276.6000061035156,281.125,270.625,273.5,2118402
2009-09-22,233.10247802734375,271.82501220703125,279.95001220703125,270.0249938964844,277.5,454998
2009-09-23,230.25111389160156,268.5,278.82501220703125,265.5,272.5,798974
2009-09-24,229.0719757080078,267.125,271.5,262.5,266.45001220703125,689882
2009-09-25,243.4144287109375,283.8500061035156,285.3999938964844,255.5,260.57501220703125,2263702
2009-09-29,241.05618286132812,281.1000061035156,289.07501220703125,279.5,289.07501220703125,1221762
2009-09-30,242.74990844726562,283.07501220703125,288.0,279.29998779296875,282.5,804820
2009-10-01,236.89707946777344,276.25,284.0,274.0,284.0,788860
2009-10-05,234.81761169433594,273.82501220703125,281.75,271.0,272.7250061035156,789854
2009-10-06,232.3735809326172,270.9750061035156,276.4750061035156,265.5,276.20001220703125,410174
2009-10-07,238.01185607910156,277.54998779296875,280.625,271.5,275.67498779296875,913348
2009-10-08,245.68685913085938,286.5,292.25,280.0,280.0,2517754
2009-10-09,246.90892028808594,287.92498779296875,293.8999938964844,286.0,290.0,1237742
2009-10-12,250.6607666015625,292.29998779296875,294.75,288.5,290.0,697458
2009-10-13,251.2181854248047,292.95001220703125,292.95001220703125,292.95001220703125,292.95001220703125,0
2009-10-14,264.9174499511719,308.92498779296875,311.5,293.5,293.5,1829246
2009-10-15,255.9989013671875,298.5249938964844,315.0,295.54998779296875,311.5,807102
2009-10-16,260.30810546875,303.54998779296875,308.0,299.29998779296875,303.0,503338
2009-10-20,256.7064208984375,299.3500061035156,309.5,297.6499938964844,304.0,495920
2009-10-21,243.3715362548828,283.79998779296875,304.0,281.0,304.0,1023088
2009-10-22,239.81277465820312,279.6499938964844,289.8999938964844,276.5,283.79998779296875,510976
2009-10-23,242.12814331054688,282.3500061035156,288.5249938964844,278.5,287.0,603644
2009-10-26,243.32867431640625,283.75,291.95001220703125,282.3500061035156,285.0,718634
2009-10-27,233.23114013671875,271.9750061035156,284.4750061035156,269.0,283.75,435260
2009-10-28,232.20204162597656,270.7749938964844,275.54998779296875,267.54998779296875,272.5,362886
2009-10-29,231.19444274902344,269.6000061035156,273.8999938964844,263.79998779296875,267.5,505668
2009-10-30,228.6860809326172,266.67498779296875,277.75,264.0,275.0,411208
2009-11-03,224.01248168945312,261.2250061035156,265.5,259.07501220703125,265.5,488552
2009-11-04,233.40257263183594,272.17498779296875,273.75,260.0249938964844,266.25,379562
2009-11-05,237.49745178222656,276.95001220703125,279.0,267.625,272.0,352250
2009-11-06,236.74703979492188,276.07501220703125,283.04998779296875,274.5,278.32501220703125,573522
2009-11-09,242.72840881347656,283.04998779296875,284.75,276.0,277.5,339202
2009-11-10,244.57211303710938,285.20001220703125,289.95001220703125,284.125,285.0249938964844,546718
2009-11-11,249.0099334716797,290.375,292.0,283.25,290.0,284058
2009-11-12,248.75262451171875,290.07501220703125,293.70001220703125,285.04998779296875,290.0,437752
2009-11-13,246.3730010986328,287.29998779296875,293.95001220703125,285.79998779296875,290.1000061035156,382048
2009-11-16,246.82322692871094,287.82501220703125,294.0,286.70001220703125,290.70001220703125,266882
2009-11-17,244.2505340576172,284.82501220703125,292.3999938964844,283.625,285.6000061035156,350952
2009-11-18,242.64271545410156,282.95001220703125,286.5,281.125,285.0,237548
2009-11-19,240.24154663085938,280.1499938964844,285.75,278.1499938964844,282.5,402654
2009-11-20,242.68553161621094,283.0,285.0,277.0,277.5,218200
2009-11-23,256.727783203125,299.375,302.5,283.0,283.125,900008
2009-11-24,254.15524291992188,296.375,305.0,294.1000061035156,302.0,1058212
2009-11-25,256.6421203613281,299.2749938964844,302.9750061035156,295.0,295.0,531744
2009-11-26,253.08328247070312,295.125,301.5,291.6000061035156,301.5,446622
2009-11-27,251.68980407714844,293.5,297.5,283.70001220703125,294.5,542032
2009-11-30,259.53631591796875,302.6499938964844,306.0,294.0,302.29998779296875,771884
2009-12-01,266.1822814941406,310.3999938964844,312.5,304.9750061035156,305.5249938964844,1042482
2009-12-02,273.4714050292969,318.8999938964844,322.5,311.8999938964844,312.5,1337456
2009-12-03,277.7806091308594,323.92498779296875,328.5,318.25,322.5,1137586
2009-12-04,288.9072265625,336.8999938964844,340.6000061035156,319.375,325.0,1287680
2009-12-07,287.36370849609375,335.1000061035156,350.0,333.125,349.8999938964844,1206104
2009-12-08,286.6991271972656,334.32501220703125,339.875,332.32501220703125,337.5,593174
2009-12-09,284.66241455078125,331.95001220703125,340.0,330.54998779296875,332.45001220703125,395322
2009-12-10,286.03448486328125,333.54998779296875,338.3999938964844,326.5,331.25,610234
2009-12-11,283.8263244628906,330.9750061035156,338.82501220703125,329.0,334.67498779296875,300450
2009-12-14,280.4175720214844,327.0,334.25,325.5,333.3999938964844,234258
2009-12-15,274.7148742675781,320.3500061035156,334.95001220703125,318.0,321.6000061035156,947384
2009-12-16,284.4694519042969,331.7250061035156,333.5,322.0,325.0,720840
2009-12-17,282.6686096191406,329.625,333.45001220703125,326.0,332.5,731964
2009-12-18,285.1126403808594,332.4750061035156,339.75,327.5,329.5,956034
2009-12-21,284.10498046875,331.29998779296875,339.0,328.1000061035156,328.1000061035156,524614
2009-12-22,286.1416931152344,333.67498779296875,338.8999938964844,331.42498779296875,338.8999938964844,328510
2009-12-23,286.3346252441406,333.8999938964844,335.9750061035156,331.75,334.5,427350
2009-12-24,284.0621337890625,331.25,337.0,330.1000061035156,334.5,240486
2009-12-29,286.7847900390625,334.42498779296875,341.17498779296875,330.6499938964844,333.82501220703125,510036
2009-12-30,289.2074279785156,337.25,339.20001220703125,333.5,335.0,320080
2009-12-31,290.1936340332031,338.3999938964844,342.3999938964844,332.5,339.95001220703125,650938
2010-01-04,287.6423645019531,335.42498779296875,342.0,334.04998779296875,338.0,257058
2010-01-05,287.192138671875,334.8999938964844,342.5,334.25,342.5,158842
2010-01-06,294.9100646972656,343.8999938964844,346.75,330.0,335.5,746184
2010-01-07,304.38604736328125,354.95001220703125,357.3999938964844,347.45001220703125,347.5,1752498
2010-01-08,296.6895446777344,345.9750061035156,356.0,343.875,355.04998779296875,567574
2010-01-11,295.2745361328125,344.32501220703125,350.0,343.5,350.0,356230
2010-01-12,293.0020751953125,341.67498779296875,351.5,340.5249938964844,344.32501220703125,506520
2010-01-13,298.61895751953125,348.2250061035156,350.45001220703125,335.79998779296875,339.32501220703125,371390
2010-01-14,297.4399108886719,346.8500061035156,352.0249938964844,344.8999938964844,350.0,217766
2010-01-15,295.42462158203125,344.5,349.1000061035156,343.0,347.5,256248
2010-01-18,291.4798583984375,339.8999938964844,346.0,336.75,343.75,925432
2010-01-19,287.6852722167969,335.4750061035156,342.3999938964844,333.29998779296875,339.0,413530
2010-01-20,282.4113464355469,329.32501220703125,339.3999938964844,328.45001220703125,336.5,369072
2010-01-21,272.2923583984375,317.5249938964844,332.45001220703125,315.0,326.0,600892
2010-01-22,267.64013671875,312.1000061035156,314.70001220703125,300.07501220703125,313.125,507480
2010-01-25,263.78125,307.6000061035156,314.92498779296875,305.5,313.875,348632
2010-01-27,254.47682189941406,296.75,306.5,292.67498779296875,306.0,396276
2010-01-28,252.18292236328125,294.07501220703125,319.8500061035156,287.54998779296875,307.7749938964844,616366
2010-01-29,262.00177001953125,305.5249938964844,307.25,286.0,293.8999938964844,266356
2010-02-01,264.9174499511719,308.92498779296875,312.5,298.0249938964844,307.5,373326
2010-02-02,262.4305419921875,306.0249938964844,317.3999938964844,305.1000061035156,310.0,550884
2010-02-03,261.2298889160156,304.625,311.0,303.6499938964844,307.5,400610
2010-02-04,254.54115295410156,296.82501220703125,311.0,293.6000061035156,306.20001220703125,931122
2010-02-05,242.342529296875,282.6000061035156,294.3999938964844,277.5,286.5,890410
2010-02-08,246.8446502685547,287.8500061035156,291.5,281.07501220703125,286.875,277744
2010-02-09,245.7727508544922,286.6000061035156,290.5,282.5,286.0,1351896
2010-02-10,247.61643981933594,288.75,290.95001220703125,286.6000061035156,289.0,350568
2010-02-11,245.68685913085938,286.5,292.5,285.3500061035156,291.5,173424
2010-02-15,248.34536743164062,289.6000061035156,290.5,286.5249938964844,290.0,209914
2010-02-16,249.52447509765625,290.9750061035156,292.5,286.625,292.0,237878
2010-02-17,259.66497802734375,302.79998779296875,304.7250061035156,292.5,292.5,504806
2010-02-18,259.4290771484375,302.5249938964844,308.45001220703125,300.70001220703125,303.5,531438
2010-02-19,254.79840087890625,297.125,302.75,294.07501220703125,301.95001220703125,221208
2010-02-22,251.2395782470703,292.9750061035156,301.875,290.0,299.0,191016
2010-02-23,249.31007385253906,290.7250061035156,294.95001220703125,288.1000061035156,291.54998779296875,149196
2010-02-24,261.3371887207031,304.75,306.8500061035156,288.57501220703125,288.57501220703125,1058866
2010-02-25,258.46441650390625,301.3999938964844,307.45001220703125,299.5,307.45001220703125,549166
2010-02-26,267.1256103515625,311.5,322.2250061035156,290.5,290.5,553304
2010-03-02,271.6920166015625,316.82501220703125,324.25,314.5,315.0,631980
2010-03-03,278.65960693359375,324.95001220703125,326.95001220703125,316.6499938964844,317.5,543642
2010-03-04,278.6810607910156,324.9750061035156,329.3999938964844,323.04998779296875,325.6499938964844,250718
2010-03-05,281.53240966796875,328.29998779296875,331.8999938964844,321.5,325.0,352614
2010-03-08,277.8449401855469,324.0,331.8500061035156,322.6000061035156,331.8500061035156,209760
2010-03-09,274.4576416015625,320.04998779296875,326.29998779296875,319.0,324.3999938964844,210456
2010-03-10,273.90020751953125,319.3999938964844,321.8999938964844,275.5,317.6000061035156,351248
2010-03-11,275.2937316894531,321.0249938964844,322.5,315.125,316.1000061035156,331228
2010-03-12,274.6719970703125,320.29998779296875,323.45001220703125,316.32501220703125,323.45001220703125,351780
2010-03-15,266.825439453125,311.1499938964844,321.0,307.67498779296875,321.0,426778
2010-03-16,264.552978515625,308.5,313.0,307.5,313.0,376644
2010-03-17,272.0136413574219,317.20001220703125,319.5,310.0,312.0,809508
2010-03-18,273.6000671386719,319.04998779296875,321.5,317.5,319.5,408592
2010-03-19,271.28472900390625,316.3500061035156,321.0,314.57501220703125,321.0,267856
2010-03-22,277.35174560546875,323.42498779296875,325.6499938964844,309.29998779296875,312.5,645204
2010-03-23,282.883056640625,329.875,331.45001220703125,325.0,325.0,653348
2010-03-25,290.6652526855469,338.95001220703125,340.75,330.0,331.54998779296875,957872
2010-03-26,288.5213928222656,336.45001220703125,342.9750061035156,333.25,340.0,362328
2010-03-29,287.04217529296875,334.7250061035156,339.75,332.5,336.45001220703125,363428
2010-03-30,285.06976318359375,332.42498779296875,338.8999938964844,330.0,335.0,280848
2010-03-31,290.8368225097656,339.1499938964844,342.0,333.20001220703125,333.20001220703125,561010
2010-04-01,293.7523498535156,342.54998779296875,345.92498779296875,340.5,341.8999938964844,665558
2010-04-05,294.35272216796875,343.25,345.375,341.20001220703125,344.95001220703125,234446
2010-04-06,300.6342468261719,350.57501220703125,355.0,341.1000061035156,343.0,706290
2010-04-07,304.0001220703125,354.5,356.8500061035156,348.67498779296875,351.5,398116
2010-04-08,299.5623474121094,349.32501220703125,356.3500061035156,346.125,355.5,341802
2010-04-09,298.64044189453125,348.25,351.7749938964844,345.75,349.0,329512
2010-04-12,300.6342468261719,350.57501220703125,354.95001220703125,347.0249938964844,350.0,279802
2010-04-13,301.3416748046875,351.3999938964844,356.8500061035156,348.07501220703125,350.0,272756
2010-04-15,308.07342529296875,359.25,362.5,350.25,352.5,785860
2010-04-16,301.9420166015625,352.1000061035156,363.5,350.0,361.0,596710
2010-04-19,295.10308837890625,344.125,350.04998779296875,342.6499938964844,350.0,227134
2010-04-20,299.1335754394531,348.82501220703125,352.0,342.45001220703125,344.0,220474
2010-04-21,301.7061767578125,351.82501220703125,354.45001220703125,348.0,348.0,184490
2010-04-22,299.0262756347656,348.70001220703125,351.45001220703125,346.0,350.8500061035156,250044
2010-04-23,294.33123779296875,343.2250061035156,350.8999938964844,342.0,349.04998779296875,232420
2010-04-26,297.6328125,347.07501220703125,352.1000061035156,317.0,342.5,517442
2010-04-27,296.75384521484375,346.04998779296875,353.875,344.54998779296875,347.5249938964844,408536
2010-04-28,289.80767822265625,337.95001220703125,346.0,335.6499938964844,345.0,548328
2010-04-29,287.04217529296875,334.7250061035156,342.5,333.67498779296875,339.5,363472
2010-04-30,288.80010986328125,336.7749938964844,340.1000061035156,328.0,328.0,650436
2010-05-03,285.1126403808594,332.4750061035156,338.54998779296875,331.0,332.5,282716
2010-05-04,296.6465759277344,345.92498779296875,348.5,332.0,334.8999938964844,875214
2010-05-05,300.6771240234375,350.625,354.5,340.0,343.0,694212
2010-05-06,300.69854736328125,350.6499938964844,358.92498779296875,348.5,353.5,651570
2010-05-07,296.2178649902344,345.42498779296875,350.0,337.75,345.0,288540
2010-05-10,298.57611083984375,348.17498779296875,353.5,346.0,346.0,188568
2010-05-11,294.6742858886719,343.625,356.0,335.6000061035156,346.54998779296875,356740
2010-05-12,296.04632568359375,345.2250061035156,347.75,340.0,345.54998779296875,153288
2010-05-13,296.153564453125,345.3500061035156,349.5,342.0,345.7749938964844,171140
2010-05-14,296.94677734375,346.2749938964844,348.3500061035156,342.0,342.45001220703125,149848
2010-05-17,301.3631286621094,351.42498779296875,353.0,342.5,344.0,354800
2010-05-18,300.59130859375,350.5249938964844,359.3999938964844,348.92498779296875,354.0,381426
2010-05-19,294.760009765625,343.7250061035156,352.0,340.6000061035156,349.8999938964844,199874
2010-05-20,293.53802490234375,342.29998779296875,346.25,338.70001220703125,344.0,128044
2010-05-21,296.0677795410156,345.25,349.32501220703125,337.5,339.5,274230
2010-05-24,308.480712890625,359.7250061035156,365.0,350.0,350.0,959380
2010-05-25,298.9405822753906,348.6000061035156,365.0,343.54998779296875,362.5,864356
2010-05-26,300.2697448730469,350.1499938964844,355.95001220703125,346.57501220703125,349.75,485776
2010-05-27,308.1377258300781,359.32501220703125,363.0,347.7749938964844,347.7749938964844,706958
2010-05-28,314.14056396484375,366.32501220703125,370.8999938964844,360.79998779296875,363.9750061035156,661092
2010-05-31,318.7498779296875,371.70001220703125,374.0,367.5,367.5,505266
2010-06-01,312.93994140625,364.92498779296875,376.0,362.75,368.0,264112
2010-06-02,321.04388427734375,374.375,377.0,365.6000061035156,365.6499938964844,301340
2010-06-03,319.736083984375,372.8500061035156,379.07501220703125,370.54998779296875,378.8999938964844,300582
2010-06-04,321.19390869140625,374.54998779296875,377.5,371.42498779296875,375.5,265556
2010-06-07,316.6274719238281,369.2250061035156,373.82501220703125,367.54998779296875,370.54998779296875,182782
2010-06-08,315.3840026855469,367.7749938964844,373.7250061035156,364.0,369.79998779296875,161280
2010-06-09,319.54315185546875,372.625,375.0,368.0,370.04998779296875,257578
2010-06-10,330.7125549316406,385.6499938964844,387.25,372.625,372.625,784992
2010-06-11,325.97467041015625,380.125,389.8500061035156,379.0249938964844,389.8500061035156,329832
2010-06-14,323.14483642578125,376.82501220703125,384.0249938964844,374.20001220703125,382.5,461000
2010-06-15,326.7464904785156,381.0249938964844,383.45001220703125,375.125,376.5,153448
2010-06-16,327.92559814453125,382.3999938964844,384.0,377.5,382.04998779296875,251396
2010-06-17,330.1766052246094,385.0249938964844,389.8999938964844,381.0,382.5,304254
2010-06-18,327.3468017578125,381.7250061035156,386.8999938964844,380.5,385.54998779296875,111470
2010-06-21,330.948486328125,385.92498779296875,392.20001220703125,381.5,381.5,451582
2010-06-22,330.0909423828125,384.92498779296875,387.95001220703125,382.625,385.92498779296875,176612
2010-06-23,332.4062805175781,387.625,389.25,380.7749938964844,384.92498779296875,252516
2010-06-24,327.2609558105469,381.625,389.0,377.5,389.0,365606
2010-06-25,329.19049072265625,383.875,388.2250061035156,380.0,381.0,267388
2010-06-28,332.6421203613281,387.8999938964844,389.0,382.0,385.0,111030
2010-06-29,331.31292724609375,386.3500061035156,389.25,382.20001220703125,388.70001220703125,136322
2010-06-30,331.63446044921875,386.7250061035156,388.54998779296875,381.5,386.0,313672
2010-07-01,334.9788818359375,390.625,392.75,381.5249938964844,385.8500061035156,172654
2010-07-02,332.7320556640625,385.0249938964844,391.0,383.75,389.8500061035156,212952
2010-07-05,332.7320556640625,385.0249938964844,386.92498779296875,378.79998779296875,378.79998779296875,52052
2010-07-06,332.8832702636719,385.20001220703125,386.45001220703125,382.5,382.5,61890
2010-07-07,331.2845458984375,383.3500061035156,387.45001220703125,381.54998779296875,383.1000061035156,135100
2010-07-08,328.7568359375,380.42498779296875,386.0,379.07501220703125,384.5,182456
2010-07-09,327.6334228515625,379.125,382.5,378.0249938964844,382.5,742148
2010-07-12,328.0438232421875,379.6000061035156,384.20001220703125,377.5249938964844,381.0,507264
2010-07-13,331.82464599609375,383.9750061035156,385.0249938964844,377.9750061035156,381.0,247166
2010-07-14,330.61480712890625,382.57501220703125,386.875,381.6499938964844,385.0,133188
2010-07-15,333.3153991699219,385.70001220703125,390.0,381.0,382.57501220703125,174178
2010-07-16,339.3431091308594,392.67498779296875,395.45001220703125,385.57501220703125,385.57501220703125,221348
2010-07-19,339.8616027832031,393.2749938964844,398.54998779296875,391.5,391.5,341496
2010-07-20,331.19818115234375,383.25,395.5,379.125,394.125,138224
2010-07-21,333.2937927246094,385.67498779296875,387.95001220703125,383.25,383.25,171270
2010-07-22,336.77215576171875,389.70001220703125,390.8999938964844,384.25,385.5,143126
2010-07-23,332.6672668457031,384.95001220703125,392.95001220703125,383.75,390.04998779296875,286514
2010-07-26,331.82464599609375,383.9750061035156,390.2749938964844,380.0,380.0,253756
2010-07-27,332.6239929199219,384.8999938964844,388.1499938964844,384.0,384.0,141332
2010-07-28,332.3863525390625,384.625,387.3999938964844,382.5249938964844,382.5249938964844,153140
2010-07-29,325.3217468261719,376.45001220703125,386.8999938964844,374.125,386.5,776770
2010-07-30,323.9605712890625,374.875,380.6000061035156,371.0249938964844,377.5,358926
2010-08-02,326.9851989746094,378.375,381.0,375.0249938964844,377.57501220703125,235334
2010-08-03,325.991455078125,377.2250061035156,380.4750061035156,376.5249938964844,377.57501220703125,113984
2010-08-04,326.164306640625,377.42498779296875,382.4750061035156,375.6000061035156,375.6000061035156,499110
2010-08-05,327.8061828613281,379.32501220703125,384.95001220703125,376.2250061035156,379.42498779296875,423476
2010-08-06,328.3031005859375,379.8999938964844,383.8500061035156,371.79998779296875,371.79998779296875,149490
2010-08-09,327.22283935546875,378.6499938964844,382.42498779296875,377.125,379.8999938964844,185392
2010-08-10,328.7135925292969,380.375,381.95001220703125,377.3500061035156,378.75,232090
2010-08-11,325.4945373535156,376.6499938964844,385.57501220703125,375.0249938964844,382.25,213090
2010-08-12,324.34954833984375,375.32501220703125,381.25,371.1000061035156,376.45001220703125,366086
2010-08-13,323.03155517578125,373.79998779296875,382.0,369.82501220703125,374.5,282032
2010-08-16,316.8094482421875,366.6000061035156,377.45001220703125,362.7749938964844,377.0,145920
2010-08-17,310.6089782714844,359.42498779296875,366.6000061035156,355.04998779296875,366.6000061035156,371558
2010-08-18,319.27239990234375,369.45001220703125,372.20001220703125,357.75,357.75,328106
2010-08-19,323.70135498046875,374.57501220703125,376.25,368.07501220703125,371.25,312330
2010-08-20,323.4853210449219,374.32501220703125,378.9750061035156,371.875,375.8999938964844,189196
2010-08-23,322.3834533691406,373.04998779296875,378.5,372.1499938964844,373.07501220703125,153462
2010-08-24,323.1828308105469,373.9750061035156,376.9750061035156,371.25,371.25,131696
2010-08-25,322.7723388671875,373.5,378.875,372.17498779296875,373.0249938964844,206734
2010-08-26,325.9050598144531,377.125,378.92498779296875,373.0,373.0,349366
2010-08-27,321.80010986328125,372.375,385.0,365.8500061035156,379.95001220703125,531948
2010-08-30,323.3772888183594,374.20001220703125,375.75,369.0249938964844,374.1000061035156,165926
2010-08-31,321.4544677734375,371.9750061035156,378.25,369.04998779296875,371.5,261576
2010-09-01,321.9081726074219,372.5,376.0,371.6499938964844,372.5,223024
2010-09-02,321.9297790527344,372.5249938964844,377.25,371.04998779296875,375.0,108306
2010-09-03,326.9636535644531,378.3500061035156,381.3500061035156,371.0,375.5,339048
2010-09-06,329.1025390625,380.82501220703125,382.92498779296875,379.0,381.875,320280
2010-09-07,329.3401184082031,381.1000061035156,384.95001220703125,378.67498779296875,382.5,186890
2010-09-08,326.3802490234375,377.67498779296875,380.0,372.1000061035156,377.6000061035156,270308
2010-09-09,327.1148986816406,378.5249938964844,381.95001220703125,377.5249938964844,380.04998779296875,213982
2010-09-13,331.75982666015625,383.8999938964844,386.75,380.0,380.125,300448
2010-09-14,324.0685729980469,375.0,388.0,373.0,385.0,374166
2010-09-15,323.61492919921875,374.4750061035156,378.95001220703125,373.0,377.5,194570
2010-09-16,311.99163818359375,361.0249938964844,374.0,359.9750061035156,365.7749938964844,467178
2010-09-17,311.5163269042969,360.4750061035156,365.5,355.04998779296875,365.5,1149436
2010-09-20,310.2200927734375,358.9750061035156,363.95001220703125,358.0,363.5,411510
2010-09-21,305.9639587402344,354.04998779296875,368.0,353.0,362.5,1104624
2010-09-22,305.8775634765625,353.95001220703125,358.0,351.70001220703125,357.9750061035156,433178
2010-09-23,306.2880554199219,354.42498779296875,357.3500061035156,351.6499938964844,354.0,452782
2010-09-24,307.60595703125,355.95001220703125,358.79998779296875,353.0,354.3999938964844,207082
2010-09-27,310.0904846191406,358.82501220703125,362.75,356.25,359.25,356200
2010-09-28,308.5566101074219,357.04998779296875,361.70001220703125,355.6000061035156,360.0,187118
2010-09-29,304.6245422363281,352.5,357.95001220703125,351.54998779296875,356.57501220703125,138010
2010-09-30,298.0782775878906,344.92498779296875,355.5,342.5,353.0,669770
2010-10-01,303.6091003417969,351.32501220703125,353.95001220703125,347.57501220703125,350.0,382072
2010-10-04,308.4917907714844,356.9750061035156,359.5,353.8999938964844,354.95001220703125,521608
2010-10-05,310.97625732421875,359.8500061035156,362.04998779296875,357.75,357.75,332816
2010-10-06,312.0564270019531,361.1000061035156,363.29998779296875,359.04998779296875,360.75,156406
2010-10-07,310.58734130859375,359.3999938964844,367.8500061035156,358.5,362.5,351150
2010-10-08,313.5687561035156,362.8500061035156,366.8999938964844,358.0249938964844,361.75,333264
2010-10-11,314.3681640625,363.7749938964844,367.0,361.0,365.0,228234
2010-10-12,310.6522216796875,359.4750061035156,365.4750061035156,357.2749938964844,365.4750061035156,109474
2010-10-13,314.0441589355469,363.3999938964844,366.8999938964844,359.375,360.0,326828
2010-10-14,313.007080078125,362.20001220703125,368.45001220703125,361.0249938964844,365.0,395048
2010-10-15,308.8590087890625,357.3999938964844,364.8500061035156,356.0,360.70001220703125,87716
2010-10-18,303.91162109375,351.67498779296875,359.3999938964844,349.57501220703125,358.95001220703125,469474
2010-10-19,302.8529052734375,350.45001220703125,357.45001220703125,348.54998779296875,352.0,264014
2010-10-20,303.37139892578125,351.04998779296875,353.375,348.07501220703125,351.95001220703125,160362
2010-10-21,306.6120910644531,354.79998779296875,356.95001220703125,350.75,350.75,196670
2010-10-22,308.1891784667969,356.625,360.5,354.17498779296875,357.0,333100
2010-10-25,311.4515380859375,360.3999938964844,362.5,353.625,357.95001220703125,327158
2010-10-26,310.97625732421875,359.8500061035156,362.95001220703125,357.5,360.5,123474
2010-10-27,307.17388916015625,355.45001220703125,361.8500061035156,355.0,357.5249938964844,110084
2010-10-28,299.20172119140625,346.2250061035156,357.3500061035156,342.625,357.3500061035156,623468
2010-10-29,299.136962890625,346.1499938964844,352.54998779296875,341.0,347.0,228248
2010-11-01,302.1832275390625,349.67498779296875,353.5,347.5,349.0,93140
2010-11-02,300.84368896484375,348.125,351.5,346.0,351.0,87476
2010-11-03,301.3622131347656,348.7250061035156,354.0,347.5,350.1000061035156,139548
2010-11-04,302.3344421386719,349.8500061035156,352.5,349.0,352.3999938964844,89878
2010-11-08,318.60260009765625,368.67498779296875,370.5,351.75,354.5,906896
2010-11-09,320.2229919433594,370.54998779296875,378.5,368.0,371.0,956198
2010-11-10,311.8404235839844,360.8500061035156,370.0,346.8999938964844,369.5,1457140
2010-11-11,304.9917297363281,352.92498779296875,362.4750061035156,351.5,362.4750061035156,271910
2010-11-12,300.2171630859375,347.3999938964844,356.3500061035156,346.0,351.3999938964844,378518
2010-11-15,304.94854736328125,352.875,353.5,346.5,346.5,370466
2010-11-16,302.0103759765625,349.4750061035156,356.875,348.5,353.57501220703125,162062
2010-11-18,297.9486389160156,344.7749938964844,350.7250061035156,341.5,349.5,276916
2010-11-19,289.80377197265625,335.3500061035156,347.375,332.79998779296875,345.5,275426
2010-11-22,284.2513732910156,328.92498779296875,339.1000061035156,328.0,337.0,570384
2010-11-23,278.8502502441406,322.67498779296875,330.79998779296875,319.04998779296875,330.79998779296875,418616
2010-11-24,272.2176513671875,315.0,327.0249938964844,313.07501220703125,323.0,580410
2010-11-25,267.3997802734375,309.42498779296875,318.5,303.0,318.5,740342
2010-11-26,268.8257141113281,311.07501220703125,314.95001220703125,297.0249938964844,309.5,866528
2010-11-29,271.6343078613281,314.32501220703125,316.9750061035156,305.82501220703125,312.0,369726
2010-11-30,266.578857421875,308.4750061035156,316.0,306.625,316.0,1577934
2010-12-01,273.36273193359375,316.32501220703125,318.45001220703125,307.04998779296875,309.0,485890
2010-12-02,273.8811950683594,316.92498779296875,322.0,316.0,317.70001220703125,228546
2010-12-03,268.5015869140625,310.70001220703125,319.4750061035156,308.125,319.29998779296875,262880
2010-12-06,264.8072814941406,306.42498779296875,316.5,303.79998779296875,313.625,217994
2010-12-07,261.65301513671875,302.7749938964844,307.6000061035156,301.0,307.6000061035156,422882
2010-12-08,262.3659973144531,303.6000061035156,304.95001220703125,300.54998779296875,302.5,200058
2010-12-09,258.8011779785156,299.4750061035156,305.6000061035156,295.6499938964844,305.6000061035156,435196
2010-12-10,260.61602783203125,301.57501220703125,305.8500061035156,294.5,301.6000061035156,414186
2010-12-13,261.3074035644531,302.375,308.79998779296875,298.5249938964844,300.625,332220
2010-12-14,259.66534423828125,300.4750061035156,304.8999938964844,298.5,302.75,367650
2010-12-15,259.2548828125,300.0,302.20001220703125,297.5,301.07501220703125,561080
2010-12-16,260.0542907714844,300.92498779296875,301.8500061035156,298.7250061035156,299.5,296928
2010-12-20,262.94927978515625,304.2749938964844,308.0,300.7749938964844,302.32501220703125,232816
2010-12-21,265.90911865234375,307.70001220703125,310.4750061035156,304.57501220703125,305.0,201314
2010-12-22,265.58502197265625,307.32501220703125,310.95001220703125,306.04998779296875,309.0,140642
2010-12-23,271.5694885253906,314.25,315.04998779296875,307.04998779296875,307.54998779296875,302396
2010-12-24,275.4582824707031,318.75,319.8999938964844,314.5,317.0,557296
2010-12-27,277.1866760253906,320.75,323.0,319.04998779296875,320.5,208666
2010-12-28,278.39654541015625,322.1499938964844,324.8500061035156,319.0,320.5249938964844,151486
2010-12-29,281.5075988769531,325.75,327.42498779296875,321.0249938964844,321.5249938964844,92674
2010-12-30,279.43353271484375,323.3500061035156,328.5,320.5,328.5,171582
2010-12-31,279.4983215332031,323.42498779296875,326.25,321.29998779296875,325.5,226454
2011-01-03,281.9612731933594,326.2749938964844,329.0249938964844,322.4750061035156,322.4750061035156,102182
2011-01-04,287.470458984375,332.6499938964844,335.0,322.9750061035156,330.0,222926
2011-01-05,288.5290832519531,333.875,337.2749938964844,328.04998779296875,330.0,265696
2011-01-06,285.20208740234375,330.0249938964844,336.8999938964844,326.5249938964844,331.1000061035156,127366
2011-01-07,274.8101806640625,318.0,332.0,316.5,328.0,214438
2011-01-10,269.3658752441406,311.70001220703125,324.0,307.5,324.0,186182
2011-01-11,268.7825012207031,311.0249938964844,317.3999938964844,309.04998779296875,312.6499938964844,128680
2011-01-12,272.5849304199219,315.42498779296875,317.5,310.04998779296875,313.9750061035156,114324
2011-01-13,274.5725402832031,317.7250061035156,320.5,313.0,317.5,239184
2011-01-14,269.6899719238281,312.07501220703125,316.5,311.07501220703125,314.5249938964844,124416
2011-01-17,266.1467590332031,307.9750061035156,312.5249938964844,306.625,310.0249938964844,79486
2011-01-18,266.03875732421875,307.8500061035156,309.9750061035156,306.1499938964844,309.9750061035156,111298
2011-01-19,267.5294494628906,309.57501220703125,312.3999938964844,306.6499938964844,309.25,183472
2011-01-20,270.16522216796875,312.625,314.4750061035156,308.0,310.9750061035156,312162
2011-01-21,268.6961364746094,310.92498779296875,313.9750061035156,310.5,313.9750061035156,66340
2011-01-24,270.9645690917969,313.54998779296875,314.5,311.1000061035156,312.0,75232
2011-01-25,272.5201416015625,315.3500061035156,318.45001220703125,313.75,316.3500061035156,118300
2011-01-27,266.1467590332031,307.9750061035156,317.0,307.0,317.0,152190
2011-01-28,267.37823486328125,309.3999938964844,315.0,296.0,307.5,349882
2011-01-31,274.3132629394531,317.42498779296875,322.0,304.5,306.5,326722
2011-02-01,269.3442687988281,311.67498779296875,322.45001220703125,310.0,319.9750061035156,144012
2011-02-02,270.5540771484375,313.07501220703125,315.5,305.125,309.5,197802
2011-02-03,272.95220947265625,315.8500061035156,318.3999938964844,307.5,309.0,182728
2011-02-04,283.8625183105469,328.4750061035156,332.5,316.3500061035156,318.45001220703125,875302
2011-02-07,281.2267761230469,325.42498779296875,336.92498779296875,323.04998779296875,332.5,751738
2011-02-08,278.7422180175781,322.54998779296875,326.5,318.04998779296875,326.4750061035156,281736
2011-02-09,270.16522216796875,312.625,324.5,300.5,323.0249938964844,427622
2011-02-10,272.1960754394531,314.9750061035156,315.79998779296875,304.17498779296875,312.5,307682
2011-02-11,274.4644775390625,317.6000061035156,319.0,308.0,315.82501220703125,216368
2011-02-14,276.7113952636719,320.20001220703125,322.375,316.54998779296875,319.0,269490
2011-02-15,283.58154296875,328.1499938964844,330.0,317.5,324.95001220703125,293102
2011-02-16,282.0909423828125,326.42498779296875,331.0,324.5249938964844,329.0,196930
2011-02-17,278.9582824707031,322.79998779296875,328.45001220703125,318.17498779296875,325.5,350500
2011-02-18,270.61883544921875,313.1499938964844,325.0,310.0,323.0,189364
2011-02-21,279.4552001953125,323.375,329.5,307.7749938964844,313.57501220703125,283504
2011-02-22,271.80712890625,314.5249938964844,326.45001220703125,312.95001220703125,323.54998779296875,147490
2011-02-23,267.9183349609375,310.0249938964844,314.5,308.0249938964844,314.42498779296875,395878
2011-02-24,261.9986267089844,303.17498779296875,310.0,300.54998779296875,310.0,555848
2011-02-25,258.1315002441406,298.70001220703125,309.0,295.5,304.8500061035156,621588
2011-02-28,254.7179412841797,294.75,302.5,292.57501220703125,299.8999938964844,221290
2011-03-01,262.0850830078125,303.2749938964844,306.0,290.875,296.07501220703125,241880
2011-03-03,260.85369873046875,301.8500061035156,305.5,298.54998779296875,301.0249938964844,187022
2011-03-04,266.03875732421875,307.8500061035156,308.8999938964844,302.0,303.0,241752
2011-03-07,265.9954833984375,307.79998779296875,311.25,301.6000061035156,306.875,181068
2011-03-08,268.30718994140625,310.4750061035156,312.4750061035156,306.0249938964844,307.5,150978
2011-03-09,269.17132568359375,311.4750061035156,313.5,306.1499938964844,312.3999938964844,117216
2011-03-10,268.1991882324219,310.3500061035156,314.5,309.25,313.0,109288
2011-03-11,269.4954833984375,311.8500061035156,313.5,306.54998779296875,308.5249938964844,147246
2011-03-14,268.2640075683594,310.42498779296875,313.1499938964844,307.54998779296875,312.0,143894
2011-03-15,263.8783264160156,305.3500061035156,308.5,303.5,308.5,181792
2011-03-16,267.8535461425781,309.95001220703125,311.8500061035156,304.79998779296875,306.25,132120
2011-03-17,269.4090576171875,311.75,312.5,307.54998779296875,309.95001220703125,49388
2011-03-18,268.3936767578125,310.57501220703125,314.3500061035156,309.0249938964844,309.0249938964844,47472
2011-03-21,267.29180908203125,309.29998779296875,313.5,308.1000061035156,313.5,47120
2011-03-22,271.6775207519531,314.375,318.8500061035156,309.29998779296875,309.29998779296875,224542
2011-03-23,273.4707336425781,316.45001220703125,318.9750061035156,311.6000061035156,318.5,145718
2011-03-24,272.0879821777344,314.8500061035156,319.0,312.54998779296875,319.0,108222
2011-03-25,275.9984436035156,319.375,320.5,315.17498779296875,317.5,205308
2011-03-28,276.5818176269531,320.04998779296875,321.0,316.4750061035156,316.4750061035156,93496
2011-03-29,280.6866455078125,324.79998779296875,326.45001220703125,320.0,321.875,171274
2011-03-30,293.2821044921875,339.375,343.0,323.5,324.5,714294
2011-03-31,291.6401672363281,337.4750061035156,346.0,335.70001220703125,340.0,584484
2011-04-01,299.4178161621094,346.4750061035156,347.5,313.32501220703125,339.0,329472
2011-04-04,298.87774658203125,345.8500061035156,348.82501220703125,341.0249938964844,346.0249938964844,167002
2011-04-05,294.8592834472656,341.20001220703125,365.0,335.29998779296875,355.5,151734
2011-04-06,296.8684997558594,343.5249938964844,346.5,339.25,341.70001220703125,261430
2011-04-07,300.5628662109375,347.79998779296875,348.79998779296875,342.75,345.0,135528
2011-04-08,299.09375,346.1000061035156,350.0,343.0,345.625,150836
2011-04-11,305.31585693359375,353.29998779296875,360.82501220703125,343.20001220703125,344.4750061035156,773554
2011-04-13,306.2880554199219,354.42498779296875,357.04998779296875,350.0249938964844,352.3999938964844,294016
2011-04-15,303.1770324707031,350.82501220703125,355.0,350.0,354.5,136178
2011-04-18,301.3406066894531,348.70001220703125,355.5,347.07501220703125,352.0249938964844,132748
2011-04-19,296.4795227050781,343.07501220703125,350.5,340.67498779296875,350.5,238676
2011-04-20,299.050537109375,346.04998779296875,351.0,343.17498779296875,344.42498779296875,368798
2011-04-21,299.56903076171875,346.6499938964844,349.92498779296875,308.5,338.5,202614
2011-04-25,304.0195007324219,351.79998779296875,352.75,345.0249938964844,346.6499938964844,247850
2011-04-26,307.64923095703125,356.0,357.5,350.54998779296875,351.57501220703125,345366
2011-04-27,309.4639587402344,358.1000061035156,362.5,354.125,356.0249938964844,300312
2011-04-28,307.3034973144531,355.6000061035156,360.45001220703125,354.0,358.875,318210
2011-04-29,305.40228271484375,353.3999938964844,359.95001220703125,352.1499938964844,357.5,108058
2011-05-02,309.9608459472656,358.67498779296875,360.0,353.0249938964844,353.3999938964844,156128
2011-05-03,309.5504150390625,358.20001220703125,363.0,354.1499938964844,359.5,243380
2011-05-04,302.5937194824219,350.1499938964844,359.8999938964844,348.125,359.0,1766770
2011-05-05,292.6555480957031,338.6499938964844,352.42498779296875,336.1499938964844,350.4750061035156,618538
2011-05-06,297.08453369140625,343.7749938964844,346.4750061035156,337.5249938964844,342.375,655426
2011-05-09,302.0535583496094,349.5249938964844,353.0,345.0,345.1499938964844,246660
2011-05-10,301.6863098144531,349.1000061035156,352.45001220703125,346.57501220703125,351.3999938964844,97324
2011-05-11,310.1553039550781,358.8999938964844,362.5,348.1000061035156,351.5,1986442
2011-05-12,304.9917297363281,352.92498779296875,361.5,351.5,358.0,324324
2011-05-13,305.2078857421875,353.17498779296875,356.95001220703125,352.125,355.9750061035156,163118
2011-05-16,305.8775634765625,353.95001220703125,357.0,351.5249938964844,354.4750061035156,102504
2011-05-17,307.8435974121094,356.2250061035156,360.45001220703125,351.5,354.125,514020
2011-05-18,305.83428955078125,353.8999938964844,358.20001220703125,353.0,357.6000061035156,600954
2011-05-19,306.8066101074219,355.0249938964844,358.0,350.79998779296875,356.25,512830
2011-05-20,314.30340576171875,363.70001220703125,369.45001220703125,350.0,356.1000061035156,4475680
2011-05-23,321.5840759277344,372.125,376.32501220703125,364.9750061035156,369.5,3930402
2011-05-24,318.84033203125,368.95001220703125,374.45001220703125,367.6000061035156,373.0,570232
2011-05-25,316.7445983886719,366.5249938964844,370.125,365.5,368.5,654916
2011-05-26,314.30340576171875,363.70001220703125,368.82501220703125,361.20001220703125,368.0,2645036
2011-05-27,324.04693603515625,374.9750061035156,376.875,362.5,363.7250061035156,789106
2011-05-30,332.4079895019531,384.6499938964844,386.5,376.0,377.0,1018956
2011-05-31,335.2381896972656,387.92498779296875,388.5,381.7749938964844,385.0,517416
2011-06-01,334.39556884765625,386.95001220703125,393.70001220703125,380.0,393.70001220703125,210006
2011-06-02,338.5220642089844,391.7250061035156,392.7250061035156,381.7749938964844,383.5,332684
2011-06-03,333.8987731933594,386.375,393.9750061035156,374.1000061035156,374.1000061035156,363896
2011-06-06,335.8863525390625,388.67498779296875,389.8500061035156,382.5,387.45001220703125,186092
2011-06-07,335.8863525390625,388.67498779296875,392.4750061035156,384.95001220703125,392.4750061035156,315690
2011-06-08,331.3277587890625,383.3999938964844,389.2250061035156,382.5,387.70001220703125,210286
2011-06-09,333.7906799316406,386.25,388.0,381.5,386.6499938964844,199364
2011-06-10,338.9541931152344,392.2250061035156,394.25,385.0,386.5,605276
2011-06-13,345.9972839355469,400.375,402.0,392.0,392.5,1218904
2011-06-14,343.27508544921875,397.2250061035156,403.0,394.0,402.4750061035156,412756
2011-06-15,338.9973449707031,392.2749938964844,400.0,390.0,397.95001220703125,591450
2011-06-16,342.1924133300781,390.92498779296875,393.375,385.1000061035156,389.32501220703125,364206
2011-06-17,339.6757507324219,388.04998779296875,394.4750061035156,386.5249938964844,390.6000061035156,260020
2011-06-20,328.0774841308594,374.79998779296875,389.57501220703125,356.1000061035156,388.0,704182
2011-06-21,330.6159973144531,377.70001220703125,386.29998779296875,375.04998779296875,377.45001220703125,467262
2011-06-22,328.36199951171875,375.125,381.9750061035156,371.20001220703125,381.9750061035156,212290
2011-06-23,326.1298522949219,372.57501220703125,376.5,369.6000061035156,374.0249938964844,197332
2011-06-24,331.1630554199219,378.32501220703125,379.6499938964844,370.70001220703125,375.0,213806
2011-06-27,333.1544494628906,380.6000061035156,384.5,376.5,376.5,253936
2011-06-28,342.32366943359375,391.07501220703125,392.25,380.25,383.3999938964844,394014
2011-06-29,342.6520080566406,391.45001220703125,392.8500061035156,388.0,392.5,186486
2011-06-30,344.6651916503906,393.75,400.875,389.6000061035156,391.0,1357014
2011-07-01,348.013427734375,397.57501220703125,398.8999938964844,394.0,397.42498779296875,202808
2011-07-04,347.4006652832031,396.875,401.8500061035156,396.1000061035156,399.25,294570
2011-07-05,344.86212158203125,393.9750061035156,399.8999938964844,393.0,399.8999938964844,126016
2011-07-06,345.54052734375,394.75,399.8999938964844,391.5,395.8500061035156,197398
2011-07-07,360.7276916503906,412.1000061035156,414.3999938964844,395.0,399.875,1315328
2011-07-08,355.0379943847656,405.6000061035156,415.70001220703125,403.70001220703125,413.5,419286
2011-07-11,356.5041809082031,407.2749938964844,410.5,401.0249938964844,407.5,394658
2011-07-12,354.2720642089844,404.7250061035156,409.95001220703125,402.0,405.125,356512
2011-07-13,359.0864562988281,410.2250061035156,411.5,406.0,408.0,333376
2011-07-14,359.8304443359375,411.07501220703125,414.92498779296875,407.45001220703125,409.4750061035156,285814
2011-07-15,359.8304443359375,411.07501220703125,414.0,409.0,414.0,174392
2011-07-18,363.2005615234375,414.92498779296875,420.25,410.75,412.0,347664
2011-07-19,363.9226989746094,415.75,418.45001220703125,414.5,414.5,201548
2011-07-20,359.43658447265625,410.625,419.0,409.6499938964844,418.45001220703125,126220
2011-07-21,352.4776306152344,402.67498779296875,414.0,399.5249938964844,410.57501220703125,270942
2011-07-22,357.1826171875,408.04998779296875,409.95001220703125,405.75,408.5,83238
2011-07-25,360.880859375,412.2749938964844,414.79998779296875,406.54998779296875,406.54998779296875,125254
2011-07-26,360.99029541015625,412.3999938964844,415.95001220703125,405.0,413.25,386414
2011-07-27,364.3166198730469,416.20001220703125,418.95001220703125,412.0,415.0,272326
2011-07-28,363.76947021484375,415.57501220703125,420.95001220703125,413.5,415.0,882876
2011-07-29,360.8371276855469,412.2250061035156,419.70001220703125,410.0,415.5249938964844,240958
2011-08-01,359.0645751953125,410.20001220703125,416.92498779296875,407.625,412.5,104860
2011-08-02,356.9637451171875,407.79998779296875,413.67498779296875,406.7250061035156,409.67498779296875,292466
2011-08-03,354.3596496582031,404.82501220703125,407.375,398.5,407.0,219744
2011-08-04,351.120849609375,401.125,408.07501220703125,400.1499938964844,406.5,150204
2011-08-05,350.1141662597656,399.9750061035156,403.8500061035156,386.29998779296875,399.0,618392
2011-08-08,342.1048583984375,390.82501220703125,394.5,375.04998779296875,375.04998779296875,396746
2011-08-09,332.5636291503906,379.92498779296875,389.70001220703125,378.0,382.5,364418
2011-08-10,340.74798583984375,389.2749938964844,391.0,382.0249938964844,382.0249938964844,178764
2011-08-11,334.62066650390625,382.2749938964844,390.95001220703125,381.0249938964844,389.79998779296875,120310
2011-08-12,333.9641418457031,381.5249938964844,388.4750061035156,380.0,386.0,120910
2011-08-16,322.7160339355469,368.67498779296875,385.9750061035156,366.7250061035156,384.0,286398
2011-08-17,319.6523742675781,365.17498779296875,374.375,363.20001220703125,372.95001220703125,211224
2011-08-18,317.3545227050781,362.54998779296875,367.5,349.45001220703125,367.0,513702
2011-08-19,313.7657165527344,358.45001220703125,361.0,353.54998779296875,357.57501220703125,151794
2011-08-22,314.0501403808594,358.7749938964844,364.0,355.5249938964844,357.4750061035156,398656
2011-08-23,313.91888427734375,358.625,364.45001220703125,351.25,364.45001220703125,169810
2011-08-24,313.0654296875,357.6499938964844,362.32501220703125,353.0,359.0249938964844,206042
2011-08-25,305.8657531738281,349.42498779296875,358.0249938964844,346.5,358.0249938964844,535848
2011-08-26,306.3909606933594,350.0249938964844,355.75,345.0249938964844,350.0,364966
2011-08-29,310.2424621582031,354.42498779296875,358.0,349.6000061035156,353.4750061035156,225602
2011-08-30,317.3984069824219,362.6000061035156,364.95001220703125,352.6499938964844,353.79998779296875,381386
2011-09-02,319.9587097167969,365.5249938964844,371.5,359.1499938964844,367.32501220703125,206670
2011-09-05,322.03765869140625,367.8999938964844,369.07501220703125,358.875,362.20001220703125,218786
2011-09-06,320.85595703125,366.54998779296875,368.95001220703125,360.6000061035156,367.92498779296875,74056
2011-09-07,319.84930419921875,365.3999938964844,373.8999938964844,364.0249938964844,369.4750061035156,232758
2011-09-08,321.1842041015625,366.92498779296875,374.95001220703125,363.79998779296875,374.95001220703125,95562
2011-09-09,315.5820007324219,360.5249938964844,372.0,358.25,361.0,131866
2011-09-12,311.90557861328125,356.32501220703125,360.5249938964844,351.6000061035156,360.5249938964844,162118
2011-09-13,310.5050354003906,354.7250061035156,361.79998779296875,353.5,360.5,194174
2011-09-14,316.9825744628906,362.125,363.4750061035156,352.54998779296875,355.5249938964844,111862
2011-09-15,319.03961181640625,364.4750061035156,368.45001220703125,355.0,355.0,168430
2011-09-16,315.1224670410156,360.0,371.25,358.5,365.0,326968
2011-09-19,317.48590087890625,362.70001220703125,363.75,355.70001220703125,358.0,137322
2011-09-20,320.3307800292969,365.95001220703125,369.1499938964844,363.125,363.125,149488
2011-09-21,325.9329528808594,372.3500061035156,373.8999938964844,363.1000061035156,364.0,294230
2011-09-22,313.962646484375,358.67498779296875,369.92498779296875,355.2749938964844,367.54998779296875,193938
2011-09-23,314.5317077636719,359.32501220703125,361.5,353.5,357.3999938964844,84270
2011-09-26,319.03961181640625,364.4750061035156,365.75,350.95001220703125,361.0,205160
2011-09-27,316.32611083984375,361.375,368.95001220703125,356.7749938964844,366.6499938964844,256926
2011-09-28,320.615234375,366.2749938964844,369.5,360.1499938964844,361.5249938964844,291080
2011-09-29,326.0204772949219,372.45001220703125,374.32501220703125,358.54998779296875,366.5,361180
2011-09-30,321.9063720703125,367.75,382.3500061035156,363.375,373.82501220703125,607600
2011-10-03,318.689453125,364.07501220703125,367.0,359.125,367.0,218122
2011-10-04,314.40032958984375,359.17498779296875,368.4750061035156,357.6000061035156,365.92498779296875,235674
2011-10-05,313.7219543457031,358.3999938964844,363.45001220703125,357.5249938964844,362.3999938964844,67974
2011-10-07,316.7856750488281,361.8999938964844,365.95001220703125,361.1000061035156,361.5,95450
2011-10-10,320.79034423828125,366.4750061035156,367.8999938964844,360.04998779296875,360.25,141108
2011-10-11,318.7113952636719,364.1000061035156,369.3999938964844,360.7749938964844,362.0,141518
2011-10-12,323.67889404296875,369.7749938964844,372.0,365.0,365.0249938964844,274144
2011-10-13,321.7093811035156,367.5249938964844,372.45001220703125,365.57501220703125,372.3500061035156,228752
2011-10-14,321.6656799316406,367.4750061035156,368.0,364.25,365.25,481998
2011-10-17,319.0833435058594,364.5249938964844,370.8999938964844,363.1000061035156,369.5,128570
2011-10-18,317.0044250488281,362.1499938964844,363.8999938964844,357.5,359.0,383384
2011-10-19,318.2737121582031,363.6000061035156,365.4750061035156,361.04998779296875,363.8500061035156,191008
2011-10-20,318.18621826171875,363.5,367.1499938964844,361.5,367.1499938964844,148110
2011-10-21,317.8797912597656,363.1499938964844,366.29998779296875,360.04998779296875,361.70001220703125,217440
2011-10-24,315.2537536621094,360.1499938964844,366.3999938964844,359.17498779296875,364.125,64762
2011-10-25,314.7285461425781,359.54998779296875,363.95001220703125,357.5249938964844,360.5249938964844,284018
2011-10-28,333.1325378417969,380.57501220703125,382.0,367.5,374.95001220703125,331878
2011-10-31,337.4217529296875,385.4750061035156,389.0,380.42498779296875,382.5,271878
2011-11-01,332.891845703125,380.29998779296875,387.95001220703125,378.6499938964844,385.75,226482
2011-11-02,333.87664794921875,381.42498779296875,389.4750061035156,380.5,385.25,577794
2011-11-03,336.98406982421875,384.9750061035156,386.95001220703125,380.625,381.29998779296875,324234
2011-11-04,337.6844177246094,385.7749938964844,387.5,383.6000061035156,387.0,299358
2011-11-08,334.817626953125,382.5,387.3500061035156,380.54998779296875,387.3500061035156,194614
2011-11-09,333.00128173828125,380.42498779296875,385.95001220703125,379.4750061035156,382.5249938964844,335322
2011-11-11,323.3069152832031,369.3500061035156,380.0,367.6499938964844,380.0,376046
2011-11-14,319.1271667480469,364.57501220703125,374.3999938964844,362.5,374.3999938964844,210544
2011-11-15,318.7550964355469,364.1499938964844,368.95001220703125,361.0,368.95001220703125,266108
2011-11-16,312.2994689941406,356.7749938964844,365.625,355.0,365.625,385268
2011-11-17,312.583984375,357.1000061035156,362.3500061035156,353.57501220703125,362.3500061035156,250382
2011-11-18,311.73052978515625,356.125,361.92498779296875,352.70001220703125,361.92498779296875,159500
2011-11-21,311.1835021972656,355.5,359.4750061035156,353.07501220703125,356.20001220703125,186086
2011-11-22,311.686767578125,356.07501220703125,358.5,354.5,358.5,137614
2011-11-23,312.2337951660156,356.70001220703125,361.7749938964844,347.6000061035156,351.0249938964844,382976
2011-11-24,317.3108215332031,362.5,365.95001220703125,346.54998779296875,356.6499938964844,395690
2011-11-25,321.6000061035156,367.3999938964844,370.0,356.6000061035156,360.29998779296875,197640
2011-11-28,322.23455810546875,368.125,375.0,366.92498779296875,374.8999938964844,308096
2011-11-29,323.1756286621094,369.20001220703125,371.5249938964844,361.20001220703125,368.125,227000
2011-11-30,327.4647521972656,374.1000061035156,375.0,364.5,369.25,387766
2011-12-01,332.1478271484375,379.45001220703125,382.5,375.04998779296875,378.9750061035156,388976
2011-12-02,334.1611022949219,381.75,383.6499938964844,375.5249938964844,380.0249938964844,147098
2011-12-05,333.5046081542969,381.0,382.5,377.5,381.5,66056
2011-12-07,329.4999694824219,376.42498779296875,386.0,373.0,380.9750061035156,431116
2011-12-08,323.26318359375,369.29998779296875,377.45001220703125,367.04998779296875,376.0,195646
2011-12-09,319.2366027832031,364.70001220703125,369.9750061035156,355.4750061035156,369.9750061035156,209978
2011-12-12,322.7160339355469,368.67498779296875,369.8999938964844,361.5,366.0249938964844,221810
2011-12-13,319.58673095703125,365.1000061035156,369.8999938964844,364.1499938964844,368.5,82388
2011-12-14,320.1119079589844,365.70001220703125,369.2250061035156,362.25,368.5,129898
2011-12-15,325.34210205078125,371.67498779296875,372.79998779296875,361.5,366.54998779296875,234738
2011-12-16,331.0974426269531,378.25,384.92498779296875,370.07501220703125,374.875,614692
2011-12-19,324.5543518066406,370.7749938964844,381.0,369.625,376.04998779296875,250630
2011-12-20,323.2412414550781,369.2749938964844,376.0,368.25,370.7749938964844,265894
2011-12-21,327.5303955078125,374.17498779296875,377.5,371.2250061035156,373.5,224652
2011-12-22,328.99664306640625,375.8500061035156,378.25,370.5249938964844,370.5249938964844,93830
2011-12-23,332.0603332519531,379.3500061035156,380.95001220703125,376.0,377.07501220703125,141662
2011-12-26,332.7386779785156,380.125,381.5,377.6000061035156,381.5,148440
2011-12-27,336.43701171875,384.3500061035156,385.75,378.5249938964844,381.0,517902
2011-12-28,342.1705017089844,390.8999938964844,392.25,383.4750061035156,383.5,579238
2011-12-29,336.24005126953125,384.125,394.75,380.625,390.5,848460
2011-12-30,339.91650390625,388.32501220703125,391.8999938964844,377.6000061035156,382.25,446030
2012-01-02,342.08294677734375,390.79998779296875,393.45001220703125,347.0,378.6000061035156,164758
2012-01-03,343.089599609375,391.95001220703125,394.875,389.0249938964844,394.875,157968
2012-01-04,343.089599609375,391.95001220703125,395.0249938964844,390.17498779296875,392.5,290132
2012-01-05,338.0563659667969,386.20001220703125,394.8999938964844,385.25,394.0,351586
2012-01-06,337.1591796875,385.17498779296875,389.0,382.54998779296875,384.5249938964844,312006
2012-01-09,346.744140625,396.125,397.5,385.625,389.17498779296875,282394
2012-01-10,347.68524169921875,397.20001220703125,398.5,393.0,396.54998779296875,354906
2012-01-11,346.569091796875,395.92498779296875,399.5,393.04998779296875,397.54998779296875,138162
2012-01-12,340.7699279785156,389.29998779296875,396.95001220703125,388.0249938964844,395.0,284504
2012-01-13,341.1419982910156,389.7250061035156,393.70001220703125,388.0,388.0,205604
2012-01-16,341.36083984375,389.9750061035156,392.0,385.82501220703125,389.9750061035156,134556
2012-01-17,339.4569396972656,387.79998779296875,393.8999938964844,386.82501220703125,392.875,190042
2012-01-18,342.98016357421875,391.82501220703125,397.25,387.92498779296875,389.5,353906
2012-01-19,341.9735412597656,390.67498779296875,394.95001220703125,389.5249938964844,394.95001220703125,66872
2012-01-20,340.22283935546875,388.67498779296875,393.95001220703125,378.54998779296875,392.45001220703125,526156
2012-01-23,344.9277648925781,394.04998779296875,396.7749938964844,385.82501220703125,385.82501220703125,138902
2012-01-24,347.7726745605469,397.29998779296875,399.3999938964844,393.5,395.3999938964844,282018
2012-01-25,352.1712341308594,402.32501220703125,406.8999938964844,390.54998779296875,399.4750061035156,617194
2012-01-27,357.8172302246094,408.7749938964844,411.17498779296875,403.125,406.7250061035156,273226
2012-01-30,343.8336486816406,392.79998779296875,408.79998779296875,382.5,408.79998779296875,792224
2012-01-31,343.74609375,392.70001220703125,398.875,387.5,392.79998779296875,908200
2012-02-01,347.0067443847656,396.42498779296875,398.7250061035156,391.125,395.54998779296875,280146
2012-02-02,342.32366943359375,391.07501220703125,399.45001220703125,389.5,398.92498779296875,110258
2012-02-03,342.0391845703125,390.75,394.0,388.8999938964844,390.70001220703125,165612
2012-02-06,343.3084716796875,392.20001220703125,394.5,389.5,394.4750061035156,125348
2012-02-07,339.0412292480469,387.32501220703125,396.5,385.1000061035156,396.0,199532
2012-02-08,336.8090515136719,384.7749938964844,388.5,378.5249938964844,387.29998779296875,157932
2012-02-09,335.84613037109375,383.67498779296875,391.3999938964844,382.5249938964844,391.3999938964844,190340
2012-02-10,330.2440185546875,377.2749938964844,388.4750061035156,375.5,388.45001220703125,298840
2012-02-13,326.9395751953125,373.5,379.0,372.5,377.29998779296875,482600
2012-02-14,320.98724365234375,366.70001220703125,374.8999938964844,365.0,373.2749938964844,497080
2012-02-15,319.4116516113281,364.8999938964844,374.5,362.0,365.57501220703125,1829332
2012-02-16,323.7445983886719,369.8500061035156,374.5,364.29998779296875,368.875,1024196
2012-02-17,331.3819274902344,378.57501220703125,384.25,369.0,373.92498779296875,1127116
2012-02-21,331.2724914550781,378.45001220703125,386.0,375.70001220703125,382.125,403634
2012-02-22,323.3069152832031,369.3500061035156,380.0,365.20001220703125,380.0,531854
2012-02-23,316.7856750488281,361.8999938964844,369.8500061035156,359.8999938964844,369.75,911288
2012-02-24,315.4288635253906,360.3500061035156,367.5,359.3999938964844,366.0,200212
2012-02-27,313.52496337890625,358.17498779296875,364.0,355.29998779296875,364.0,489036
2012-02-28,316.61053466796875,361.70001220703125,363.4750061035156,358.7250061035156,361.07501220703125,254428
2012-02-29,318.53631591796875,363.8999938964844,370.75,361.1000061035156,363.0,569756
2012-03-01,325.6484375,372.0249938964844,373.0,363.57501220703125,363.57501220703125,541624
2012-03-02,323.37255859375,369.42498779296875,374.3500061035156,367.79998779296875,372.5,304966
2012-03-05,317.4421691894531,362.6499938964844,369.4750061035156,362.0,369.3500061035156,224188
2012-03-06,316.54486083984375,361.625,366.8999938964844,360.0249938964844,362.0,186242
2012-03-07,320.83404541015625,366.5249938964844,367.5,360.0,362.875,120410
2012-03-09,325.99853515625,372.42498779296875,373.5,367.5249938964844,369.9750061035156,186698
2012-03-12,326.5893859863281,373.1000061035156,375.95001220703125,371.25,375.4750061035156,103492
2012-03-13,324.029052734375,370.17498779296875,377.92498779296875,368.8999938964844,373.2749938964844,369544
2012-03-14,322.8911437988281,368.875,374.5,367.57501220703125,373.0,221862
2012-03-15,319.60858154296875,365.125,370.0,363.25,365.5,183094
2012-03-16,317.5077819824219,362.7250061035156,367.5,361.5,367.5,275504
2012-03-19,315.5164489746094,360.45001220703125,374.9750061035156,360.0249938964844,374.9750061035156,92302
2012-03-20,321.62188720703125,367.42498779296875,369.5,357.5249938964844,358.0,160450
2012-03-21,325.99853515625,372.42498779296875,373.875,365.0,365.0,304426
2012-03-22,324.81689453125,371.07501220703125,374.0,367.0249938964844,372.45001220703125,335634
2012-03-23,325.5390319824219,371.8999938964844,373.8999938964844,365.5,370.20001220703125,324962
2012-03-26,325.40771484375,371.75,374.95001220703125,369.0,374.45001220703125,130048
2012-03-27,328.7558898925781,375.57501220703125,377.5,370.25,372.8500061035156,342080
2012-03-28,324.9919738769531,371.2749938964844,382.0,369.0249938964844,376.0,297412
2012-03-29,325.8235168457031,372.2250061035156,375.5,368.57501220703125,371.4750061035156,497388
2012-03-30,335.2772216796875,383.0249938964844,386.0249938964844,369.82501220703125,371.5249938964844,893634
2012-04-02,335.0802001953125,382.79998779296875,387.3999938964844,380.8999938964844,384.0,151114
2012-04-03,333.1544494628906,380.6000061035156,386.3999938964844,376.375,384.3999938964844,342352
2012-04-04,335.3865051269531,383.1499938964844,385.0,374.1499938964844,374.1499938964844,150118
2012-04-09,331.2724914550781,378.45001220703125,383.1499938964844,377.07501220703125,383.1499938964844,109510
2012-04-10,337.5311279296875,385.6000061035156,386.5,377.29998779296875,377.29998779296875,200052
2012-04-11,339.1067810058594,387.3999938964844,390.0,384.0,387.0,392974
2012-04-12,349.34832763671875,399.1000061035156,403.95001220703125,388.9750061035156,388.9750061035156,1055988
2012-04-13,351.9524841308594,402.07501220703125,417.25,399.8999938964844,400.0,803490
2012-04-16,354.4252014160156,404.8999938964844,407.57501220703125,401.04998779296875,404.5,212722
2012-04-17,354.33770751953125,404.79998779296875,407.3999938964844,400.0,407.3999938964844,247604
2012-04-18,358.03594970703125,409.0249938964844,414.5,406.5,406.79998779296875,234570
2012-04-19,370.9692077636719,423.79998779296875,424.95001220703125,405.70001220703125,410.0,635022
2012-04-20,364.68865966796875,416.625,426.2250061035156,410.04998779296875,425.3500061035156,332988
2012-04-23,363.3974914550781,415.1499938964844,423.0,411.7250061035156,415.0,245340
2012-04-24,360.6183166503906,411.9750061035156,417.4750061035156,411.07501220703125,415.5249938964844,158018
2012-04-25,361.1215515136719,412.54998779296875,416.6499938964844,408.9750061035156,412.04998779296875,360910
2012-04-26,362.5002746582031,414.125,415.8999938964844,409.5249938964844,410.25,400006
2012-04-27,363.5943908691406,415.375,418.95001220703125,412.625,415.0,217288
2012-04-30,374.7331848144531,428.1000061035156,430.9750061035156,415.07501220703125,420.95001220703125,520692
2012-05-02,379.1317443847656,433.125,439.20001220703125,429.9750061035156,430.0,584290
2012-05-03,379.3068542480469,433.32501220703125,436.3500061035156,426.5,432.5,202178
2012-05-04,376.658935546875,430.29998779296875,450.0,427.5,450.0,310558
2012-05-07,376.7902526855469,430.45001220703125,434.875,420.5,434.7250061035156,350110
2012-05-08,363.2880859375,415.0249938964844,434.8999938964844,407.7250061035156,432.5,617298
2012-05-09,360.2900390625,411.6000061035156,416.4750061035156,405.0,410.0,228306
2012-05-10,359.2834167480469,410.45001220703125,416.42498779296875,407.1499938964844,414.0,239862
2012-05-11,359.7430114746094,410.9750061035156,415.95001220703125,405.6000061035156,414.8999938964844,103218
2012-05-14,385.95941162109375,440.92498779296875,443.95001220703125,425.0,425.0,1241700
2012-05-15,392.7432556152344,448.67498779296875,455.3999938964844,432.20001220703125,442.0,1342570
2012-05-16,388.08209228515625,443.3500061035156,446.45001220703125,433.1000061035156,442.54998779296875,404508
2012-05-17,392.63385009765625,448.54998779296875,457.0,444.32501220703125,446.45001220703125,586664
2012-05-18,400.2492980957031,457.25,459.42498779296875,441.04998779296875,444.5,469772
2012-05-21,406.1578369140625,464.0,466.0,447.5249938964844,447.5249938964844,342146
2012-05-22,405.0855712890625,462.7749938964844,470.0,450.8500061035156,470.0,394214
2012-05-23,413.1387634277344,471.9750061035156,474.5,462.0,463.0,685402
2012-05-24,411.8475341796875,470.5,475.3999938964844,463.1499938964844,469.0,382328
2012-05-25,414.9769592285156,474.07501220703125,475.2250061035156,470.42498779296875,473.20001220703125,302344
2012-05-28,410.8409423828125,469.3500061035156,475.0,465.67498779296875,475.0,394236
2012-05-29,405.96087646484375,463.7749938964844,473.8999938964844,461.0,461.0,356414
2012-05-30,406.617431640625,464.5249938964844,467.95001220703125,459.25,459.25,294788
2012-05-31,408.5650634765625,466.75,475.2250061035156,461.7749938964844,465.32501220703125,1041792
2012-06-01,397.71087646484375,454.3500061035156,469.375,452.04998779296875,465.0,243774
2012-06-04,404.9980163574219,462.67498779296875,464.875,449.4750061035156,454.17498779296875,201440
2012-06-05,410.9065856933594,469.42498779296875,473.3999938964844,462.04998779296875,465.79998779296875,378020
2012-06-06,408.30242919921875,466.45001220703125,473.4750061035156,461.875,470.0,346838
2012-06-07,413.90460205078125,472.8500061035156,477.0,466.5,468.5,700694
2012-06-08,410.5564270019531,469.0249938964844,476.0249938964844,466.57501220703125,473.54998779296875,236668
2012-06-11,403.1160583496094,460.5249938964844,471.5,459.04998779296875,468.5,265826
2012-06-12,408.6963195800781,466.8999938964844,468.5,455.57501220703125,459.5249938964844,365680
2012-06-13,401.1684265136719,458.29998779296875,468.5,456.17498779296875,468.0,214086
2012-06-14,400.4900817871094,457.5249938964844,464.45001220703125,456.2250061035156,456.2250061035156,284616
2012-06-15,404.01324462890625,461.54998779296875,463.29998779296875,454.2749938964844,461.42498779296875,460954
2012-06-18,401.67169189453125,458.875,466.92498779296875,455.0,466.92498779296875,243364
2012-06-19,413.79522705078125,472.7250061035156,474.5,456.125,458.875,336442
2012-06-20,420.1195373535156,479.95001220703125,484.0,471.0249938964844,472.4750061035156,712684
2012-06-21,415.0425109863281,474.1499938964844,499.20001220703125,470.54998779296875,492.5,514742
2012-06-22,417.16522216796875,476.57501220703125,480.0,469.0249938964844,478.5,163010
2012-06-25,415.1082458496094,474.2250061035156,481.92498779296875,473.5,481.79998779296875,206426
2012-06-26,429.026123046875,490.125,493.4750061035156,474.1000061035156,474.9750061035156,470980
2012-06-27,433.84051513671875,495.625,500.04998779296875,490.5,490.5,596102
2012-06-28,430.9956359863281,492.375,499.5,489.0249938964844,497.5,446960
2012-06-29,448.67755126953125,512.5750122070312,516.5,492.92498779296875,496.67498779296875,780658
2012-07-02,457.32147216796875,522.4500122070312,526.9749755859375,510.2749938964844,515.0,567850
2012-07-03,450.38446044921875,514.5250244140625,524.9000244140625,509.0,523.9249877929688,402242
2012-07-04,450.9752502441406,515.2000122070312,522.8250122070312,510.5249938964844,510.5249938964844,350950
2012-07-05,453.07611083984375,517.5999755859375,519.9000244140625,512.5,516.0,110360
2012-07-06,446.8611755371094,510.5,519.4249877929688,508.25,518.0,97812
2012-07-09,443.666259765625,506.8500061035156,514.2000122070312,505.5249938964844,511.9750061035156,230318
2012-07-10,456.5555725097656,521.5750122070312,529.5,505.0,506.0,577542
2012-07-11,459.2910461425781,524.7000122070312,530.9749755859375,516.875,516.875,407720
2012-07-12,459.8818054199219,525.375,529.75,520.125,524.5,271614
2012-07-13,457.9124450683594,523.125,525.375,505.8500061035156,515.0,249432
2012-07-16,463.27386474609375,529.25,534.4000244140625,524.0999755859375,524.9000244140625,287916
2012-07-17,463.9960021972656,530.0750122070312,549.7000122070312,527.5499877929688,535.5,198454
2012-07-18,463.5364074707031,529.5499877929688,534.5,527.0499877929688,533.0250244140625,539334
2012-07-19,470.71417236328125,537.75,539.5,522.0250244140625,522.0250244140625,226030
2012-07-20,473.9529724121094,541.4500122070312,545.0,535.5,537.6500244140625,267232
2012-07-23,467.9787902832031,534.625,547.0,533.0999755859375,542.6500244140625,208162
2012-07-24,478.83306884765625,547.0250244140625,548.8499755859375,530.7000122070312,530.7000122070312,271568
2012-07-25,481.83111572265625,550.4500122070312,552.2249755859375,541.9500122070312,546.4749755859375,372678
2012-07-26,479.2178955078125,541.0,550.3499755859375,537.4000244140625,548.5,377420
2012-07-27,471.511474609375,532.2999877929688,553.8499755859375,530.5499877929688,538.9749755859375,317840
2012-07-30,483.82403564453125,546.2000122070312,548.0750122070312,530.5999755859375,534.9500122070312,187050
2012-07-31,485.72857666015625,548.3499755859375,556.875,543.5,545.0250244140625,406492
2012-08-01,488.6738586425781,551.6749877929688,555.5,545.5250244140625,552.0,165814
2012-08-02,489.89178466796875,553.0499877929688,555.0,550.25,552.5250244140625,76958
2012-08-03,494.2543640136719,557.9749755859375,561.0,550.0250244140625,550.25,245878
2012-08-06,497.930419921875,562.125,570.0,556.4500122070312,565.7999877929688,605770
2012-08-07,488.4081115722656,551.375,565.625,549.5,564.9000244140625,249532
2012-08-08,493.9000244140625,557.5750122070312,560.5,545.0499877929688,550.5,339386
2012-08-09,495.3395080566406,559.2000122070312,562.5250244140625,555.4249877929688,562.5250244140625,299242
2012-08-10,498.99346923828125,563.3250122070312,566.1749877929688,558.0,561.0,254250
2012-08-13,501.9388427734375,566.6500244140625,569.0,560.0,564.0250244140625,149728
2012-08-14,505.5704650878906,570.75,579.0250244140625,564.1749877929688,564.1749877929688,436154
2012-08-16,518.6802368164062,585.5499877929688,588.3250122070312,570.7750244140625,572.9249877929688,578310
2012-08-17,520.54052734375,587.6500244140625,597.75,584.5,591.0,656430
2012-08-21,521.1605224609375,588.3499755859375,593.5250244140625,584.2750244140625,593.5250244140625,282936
2012-08-22,510.6860046386719,576.5250244140625,589.0,575.125,588.5250244140625,213382
2012-08-23,524.43798828125,592.0499877929688,600.8499755859375,578.7750244140625,579.9749755859375,947806
2012-08-24,522.4228515625,589.7750244140625,596.75,585.4749755859375,594.0250244140625,220854
2012-08-27,525.8331909179688,593.625,599.6749877929688,588.5499877929688,593.0,182772
2012-08-28,500.8315734863281,565.4000244140625,599.5,547.4749755859375,599.5,2386924
2012-08-29,511.77105712890625,577.75,579.9500122070312,561.3499755859375,567.4749755859375,623248
2012-08-30,509.1579284667969,574.7999877929688,579.9000244140625,571.0750122070312,578.0250244140625,392364
2012-08-31,504.8840026855469,569.9749755859375,585.5,561.0750122070312,561.0750122070312,447448
2012-09-03,494.0772399902344,557.7750244140625,574.6500244140625,555.0,574.6500244140625,350318
2012-09-04,493.102783203125,556.6749877929688,560.0,535.4500122070312,558.2750244140625,1120566
2012-09-05,496.44677734375,560.4500122070312,567.8499755859375,544.625,546.375,618680
2012-09-06,502.64727783203125,567.4500122070312,571.9000244140625,554.0499877929688,569.5250244140625,434408
2012-09-07,511.0845947265625,576.9749755859375,580.0,568.0250244140625,574.0,433872
2012-09-10,513.2546997070312,579.4249877929688,587.5,576.2750244140625,584.7249755859375,279880
2012-09-11,505.70330810546875,570.9000244140625,585.4249877929688,568.25,585.4249877929688,353028
2012-09-12,504.3746032714844,569.4000244140625,578.6749877929688,564.0499877929688,571.0,547066
2012-09-13,494.80804443359375,558.5999755859375,570.0,555.5,570.0,576306
2012-09-14,491.35333251953125,554.7000122070312,565.4500122070312,550.0999755859375,557.5,655158
2012-09-17,477.0919494628906,538.5999755859375,560.0,530.0750122070312,560.0,1036126
2012-09-18,485.1305847167969,547.6749877929688,553.5,538.5,542.5250244140625,338650
2012-09-20,474.3902893066406,535.5499877929688,557.0999755859375,532.25,550.0,793004
2012-09-21,476.2947998046875,537.7000122070312,543.6500244140625,530.5,536.0,671216
2012-09-24,463.0078125,522.7000122070312,540.4500122070312,512.5,535.0,1136930
2012-09-25,471.0242919921875,531.75,539.0,518.5499877929688,522.5,404546
2012-09-26,472.3529052734375,533.25,539.0,527.625,535.0,536538
2012-09-27,472.3086242675781,533.2000122070312,543.0,531.125,534.0250244140625,698156
2012-09-28,479.483642578125,541.2999877929688,551.25,525.5250244140625,535.5,939832
2012-10-01,496.9560852050781,561.0250244140625,562.3499755859375,542.5,544.4249877929688,710372
2012-10-03,501.8058166503906,566.5,571.8499755859375,558.9000244140625,561.1500244140625,925600
2012-10-04,501.0971374511719,565.7000122070312,574.625,557.7999877929688,557.7999877929688,778240
2012-10-05,485.2192077636719,547.7750244140625,567.75,543.7249755859375,567.75,262930
2012-10-08,487.34515380859375,550.1749877929688,561.0,542.2249755859375,550.5,336856
2012-10-09,501.96087646484375,566.6749877929688,570.0750122070312,549.0,557.4500122070312,353034
2012-10-10,497.8419189453125,562.0250244140625,577.25,557.25,569.5,423912
2012-10-11,495.2729797363281,559.125,566.7999877929688,556.4749755859375,563.0,361090
2012-10-12,505.83624267578125,571.0499877929688,573.5,557.5,557.5,461564
2012-10-15,504.5960388183594,569.6500244140625,599.2000122070312,568.1500244140625,599.2000122070312,415130
2012-10-16,496.49102783203125,560.5,579.9500122070312,558.0250244140625,579.9500122070312,193210
2012-10-17,499.17059326171875,563.5250244140625,569.3250122070312,560.5,565.0,259614
2012-10-18,503.35601806640625,568.25,572.3499755859375,562.5,564.0,251494
2012-10-19,499.3255615234375,563.7000122070312,571.7000122070312,558.5999755859375,565.6500244140625,200724
2012-10-22,514.6277465820312,580.9749755859375,583.875,560.5,563.3250122070312,563266
2012-10-23,513.5647583007812,579.7750244140625,589.5,577.8499755859375,581.0,356790
2012-10-25,509.75579833984375,575.4749755859375,586.0,572.4249877929688,580.0,706900
2012-10-29,512.612548828125,578.7000122070312,585.5,574.1500244140625,582.5250244140625,396426
2012-10-30,514.140625,580.4249877929688,584.9500122070312,577.5999755859375,581.8250122070312,243130
2012-10-31,531.1035766601562,599.5750122070312,600.5,578.5250244140625,582.4749755859375,1191476
2012-11-01,531.4801025390625,600.0,607.5,585.0,600.625,561086
2012-11-02,528.424072265625,596.5499877929688,608.0,592.5999755859375,603.9500122070312,436882
2012-11-05,507.9178466796875,573.4000244140625,596.5250244140625,552.0,592.0,937042
2012-11-06,504.4189147949219,569.4500122070312,578.2249755859375,564.4749755859375,570.5250244140625,951340
2012-11-07,513.89697265625,580.1500244140625,583.5250244140625,569.5,573.9500122070312,451964
2012-11-08,515.7130126953125,582.2000122070312,584.6749877929688,571.5250244140625,575.0250244140625,290080
2012-11-09,516.3772583007812,582.9500122070312,587.5,576.3250122070312,584.4749755859375,614896
2012-11-12,526.3867797851562,594.25,599.5,571.3499755859375,580.0,1049840
2012-11-15,529.9742431640625,598.2999877929688,607.1749877929688,591.5,604.5,1132714
2012-11-16,518.946044921875,585.8499755859375,603.625,580.7249755859375,598.5250244140625,436668
2012-11-19,516.3107299804688,582.875,588.9749755859375,575.5750122070312,586.7000122070312,271044
2012-11-20,514.6720581054688,581.0250244140625,587.5,576.0,582.5,222608
2012-11-21,520.05322265625,587.0999755859375,592.4749755859375,578.0999755859375,580.5250244140625,299138
2012-11-22,520.8505249023438,588.0,592.5,584.0,588.2249755859375,318680
2012-11-23,518.946044921875,585.8499755859375,594.7000122070312,584.2249755859375,588.5,453626
2012-11-26,521.470703125,588.7000122070312,592.5,584.0,586.0250244140625,858570
2012-11-27,521.35986328125,588.5750122070312,594.8250122070312,587.4749755859375,591.0,722426
2012-11-29,522.93212890625,590.3499755859375,599.0,583.2000122070312,590.0999755859375,1823112
2012-11-30,524.7924194335938,592.4500122070312,617.2000122070312,580.0250244140625,590.125,7061922
2012-12-03,518.591796875,585.4500122070312,589.5,581.0,588.4749755859375,432690
2012-12-04,518.946044921875,585.8499755859375,589.0,582.0499877929688,587.375,346694
2012-12-05,516.8865356445312,583.5250244140625,588.9749755859375,580.8250122070312,587.0250244140625,201234
2012-12-06,516.5101318359375,583.0999755859375,586.9500122070312,572.5,584.0250244140625,512718
2012-12-07,523.3086547851562,590.7750244140625,596.375,575.0,581.0250244140625,251410
2012-12-10,523.4414672851562,590.9249877929688,594.25,584.0499877929688,590.0750122070312,166776
2012-12-11,515.1812744140625,581.5999755859375,599.0,578.3250122070312,586.2000122070312,274036
2012-12-12,520.0313110351562,587.0750122070312,589.0,578.25,581.5,1515652
2012-12-13,501.9388427734375,566.6500244140625,590.0,560.875,589.9749755859375,401190
2012-12-14,500.6763916015625,565.2249755859375,572.0,561.125,565.3250122070312,266198
2012-12-17,485.794921875,548.4249877929688,569.0,538.5499877929688,569.0,926648
2012-12-18,485.8170471191406,548.4500122070312,552.125,541.1749877929688,550.9000244140625,463986
2012-12-19,490.6669616699219,553.9249877929688,557.0,543.125,550.0750122070312,384942
2012-12-20,495.67169189453125,559.5750122070312,564.5750122070312,555.5,557.4749755859375,301522
2012-12-21,476.3390197753906,537.75,559.6749877929688,534.5999755859375,557.8250122070312,579212
2012-12-24,471.9765319824219,532.8250122070312,542.5250244140625,530.6500244140625,538.625,343892
2012-12-26,468.9427185058594,529.4000244140625,571.7000122070312,527.5750122070312,571.7000122070312,299428
2012-12-27,480.39166259765625,542.3250122070312,546.9500122070312,522.5,534.8499755859375,2316586
2012-12-28,477.69000244140625,539.2750244140625,549.7249755859375,534.5750122070312,546.4500122070312,405128
2012-12-31,489.1387634277344,552.2000122070312,558.0,534.7750244140625,534.7750244140625,502612
2013-01-01,486.4151611328125,549.125,559.6500244140625,547.6500244140625,557.25,134850
2013-01-02,489.7589111328125,552.9000244140625,555.375,545.5,553.7000122070312,372366
2013-01-03,484.39984130859375,546.8499755859375,556.3499755859375,545.625,555.9749755859375,275836
2013-01-04,491.7520751953125,555.1500244140625,559.375,540.5750122070312,546.9000244140625,554734
2013-01-07,484.8427429199219,547.3499755859375,558.0750122070312,542.9249877929688,548.0250244140625,357672
2013-01-08,477.5348205566406,539.0999755859375,549.0999755859375,536.0250244140625,540.625,430782
2013-01-09,480.70159912109375,542.6749877929688,548.5,540.0,542.875,241784
2013-01-10,473.4823913574219,534.5250244140625,547.375,532.4249877929688,543.2000122070312,207458
2013-01-11,470.93560791015625,531.6500244140625,539.5250244140625,527.5750122070312,531.0250244140625,218730
2013-01-14,469.1861877441406,529.6749877929688,534.9749755859375,527.7999877929688,531.8499755859375,165240
2013-01-15,473.4380798339844,534.4749755859375,539.25,531.0250244140625,532.9749755859375,135744
2013-01-16,471.135009765625,531.875,539.75,529.5,534.375,132294
2013-01-17,466.9273376464844,527.125,535.0,525.2999877929688,530.125,255086
2013-01-18,465.488037109375,525.5,531.0,516.0,529.4249877929688,424972
2013-01-21,472.5079650878906,533.4249877929688,537.0,522.625,525.7249755859375,160964
2013-01-22,469.49627685546875,530.0250244140625,542.0750122070312,527.75,542.0750122070312,142188
2013-01-23,461.4797668457031,520.9749755859375,534.375,517.9249877929688,526.0499877929688,187208
2013-01-24,455.2569580078125,513.9500122070312,524.6749877929688,510.5,520.1500244140625,289644
2013-01-25,458.3572692871094,517.4500122070312,522.0,502.5,513.9500122070312,254728
2013-01-28,468.4111633300781,528.7999877929688,530.9500122070312,516.5250244140625,516.5250244140625,139316
2013-01-29,474.279541015625,535.4249877929688,538.5999755859375,529.0,530.0,566438
2013-01-30,470.95782470703125,531.6749877929688,538.6500244140625,523.5,538.6500244140625,205356
2013-01-31,465.1336975097656,525.0999755859375,533.0,521.2999877929688,532.4749755859375,547106
2013-02-01,471.2235107421875,531.9749755859375,535.0,527.5,532.2000122070312,219168
2013-02-04,462.4984130859375,522.125,539.6749877929688,515.0,535.9500122070312,429330
2013-02-05,452.5553894042969,510.8999938964844,521.0,508.5,521.0,344522
2013-02-06,460.7490234375,520.1500244140625,530.0,510.75,524.5,498394
2013-02-07,462.2991027832031,521.9000244140625,526.9249877929688,516.5250244140625,520.4500122070312,346770
2013-02-08,456.4085693359375,515.25,527.2249755859375,512.0,524.9249877929688,294404
2013-02-11,460.50537109375,519.875,523.3499755859375,515.0,519.0,130488
2013-02-12,466.06378173828125,526.1500244140625,527.4749755859375,518.0499877929688,520.5,114844
2013-02-13,474.0359802246094,535.1500244140625,537.8499755859375,527.3499755859375,532.0,313706
2013-02-14,464.1814880371094,524.0250244140625,538.6500244140625,517.0250244140625,537.5,362548
2013-02-15,459.70819091796875,518.9749755859375,523.5,509.17498779296875,523.5,277814
2013-02-18,457.69293212890625,516.7000122070312,523.9749755859375,511.9750061035156,517.9749755859375,106782
2013-02-19,467.7910461425781,528.0999755859375,529.9500122070312,517.6500244140625,517.6500244140625,104284
2013-02-20,468.92047119140625,529.375,532.0,526.0,526.8250122070312,110146
2013-02-21,463.4728088378906,523.2249755859375,528.9500122070312,517.8250122070312,526.5,379270
2013-02-22,464.8236999511719,524.75,535.0,520.5,535.0,112796
2013-02-25,463.05206298828125,522.75,531.9500122070312,519.0,525.0750122070312,108146
2013-02-26,456.2535705566406,515.0750122070312,521.7000122070312,511.54998779296875,521.7000122070312,159770
2013-02-27,455.0798034667969,513.75,520.0,497.0,515.0999755859375,371634
2013-02-28,447.3291015625,505.0,522.0,499.5,510.82501220703125,468104
2013-03-01,461.1697692871094,520.625,527.0,505.0,506.0,257134
2013-03-04,460.1288757324219,519.4500122070312,521.6500244140625,511.07501220703125,519.9000244140625,171854
2013-03-05,465.8644714355469,525.9249877929688,529.2000122070312,512.1749877929688,512.1749877929688,168058
2013-03-06,460.0625,519.375,528.9249877929688,513.5,528.9249877929688,216406
2013-03-07,455.32354736328125,514.0250244140625,521.9500122070312,512.0,515.6749877929688,258046
2013-03-08,459.4202880859375,518.6500244140625,522.0,515.0,515.0,142240
2013-03-11,459.3095703125,518.5250244140625,523.9749755859375,515.0,518.4749755859375,173658
2013-03-12,461.0812072753906,520.5250244140625,522.5,515.2000122070312,519.0,97720
2013-03-13,457.09503173828125,516.0250244140625,519.6500244140625,510.0,519.6500244140625,176934
2013-03-14,453.6846923828125,512.1749877929688,518.4749755859375,510.04998779296875,517.4500122070312,135430
2013-03-15,450.0307922363281,508.04998779296875,516.5750122070312,506.0,511.0,259734
2013-03-18,453.9947814941406,512.5250244140625,514.3499755859375,503.54998779296875,507.42498779296875,240610
2013-03-19,442.8558349609375,499.95001220703125,514.9000244140625,497.375,512.0999755859375,795746
2013-03-20,427.1992492675781,482.2749938964844,504.3999938964844,480.0,496.0249938964844,645648
2013-03-21,429.3473205566406,484.70001220703125,487.9750061035156,462.2250061035156,486.42498779296875,345668
2013-03-22,442.9001159667969,500.0,505.375,486.5,486.5249938964844,918980
2013-03-25,437.0095520019531,493.3500061035156,510.4750061035156,491.25,502.3999938964844,317842
2013-03-26,442.78936767578125,499.875,502.0,493.57501220703125,494.3999938964844,937116
2013-03-28,437.3638610839844,493.75,505.0,486.5249938964844,499.92498779296875,516084
2013-04-01,440.99554443359375,497.8500061035156,502.3999938964844,493.3999938964844,494.5,265274
2013-04-02,461.7455139160156,521.2750244140625,525.3499755859375,499.2749938964844,499.2749938964844,277542
2013-04-03,453.2417907714844,511.67498779296875,530.4500122070312,507.625,520.0499877929688,266348
2013-04-04,441.1506042480469,498.0249938964844,514.8250122070312,496.0,511.67498779296875,283252
2013-04-05,447.5062561035156,505.20001220703125,507.0,499.2250061035156,502.0,105390
2013-04-08,454.5040588378906,513.0999755859375,516.9749755859375,497.5,497.5,157418
2013-04-09,454.61480712890625,513.2249755859375,523.7249755859375,510.0249938964844,514.5,156934
2013-04-10,455.96563720703125,514.75,522.0,510.6000061035156,514.4500122070312,134700
2013-04-11,461.413330078125,520.9000244140625,522.375,514.0,514.0,77894
2013-04-12,460.3503723144531,519.7000122070312,522.0,515.0,515.5,200686
2013-04-15,453.1975402832031,511.625,526.5,509.0,521.5,271100
2013-04-16,460.8153381347656,520.2249755859375,523.9249877929688,511.0,511.0,143140
2013-04-17,469.27484130859375,529.7750244140625,536.7000122070312,521.0,521.0,380944
2013-04-18,470.2492370605469,530.875,537.75,522.5,531.0,201606
2013-04-22,469.7840270996094,530.3499755859375,537.5,525.5,534.9249877929688,551570
2013-04-23,468.10113525390625,528.4500122070312,535.0,519.5,528.1749877929688,248502
2013-04-25,468.4111633300781,528.7999877929688,533.25,522.6500244140625,525.5499877929688,636644
2013-04-26,470.27142333984375,530.9000244140625,537.0,525.5,526.0750122070312,182916
2013-04-29,481.7203369140625,543.8250122070312,548.5,531.5,531.5,373054
2013-04-30,476.0511474609375,537.4249877929688,551.7750244140625,521.5,544.5,374550
2013-05-02,480.41375732421875,542.3499755859375,546.2000122070312,536.0,537.4249877929688,195924
2013-05-03,474.080322265625,535.2000122070312,545.0750122070312,533.5,544.4749755859375,99290
2013-05-06,478.22137451171875,539.875,541.9500122070312,535.2000122070312,536.5,115160
2013-05-07,488.2530212402344,551.2000122070312,554.0,539.75,539.75,244174
2013-05-08,483.77978515625,546.1500244140625,558.0,540.5999755859375,549.0,324738
2013-05-09,479.5943298339844,541.4249877929688,550.5,540.0,546.0,155528
2013-05-10,481.91961669921875,544.0499877929688,546.0,540.0,542.0,51522
2013-05-13,489.205322265625,552.2750244140625,554.4749755859375,540.5,540.5,199612
2013-05-14,496.53546142578125,560.5499877929688,564.0,555.0,555.0,530450
2013-05-15,505.9691467285156,571.2000122070312,573.875,561.75,561.75,413416
2013-05-16,500.2335205078125,564.7249755859375,576.0,563.1500244140625,574.875,223824
2013-05-17,496.3359375,560.3250122070312,568.3499755859375,558.0,564.75,143038
2013-05-20,479.30645751953125,541.0999755859375,564.9500122070312,537.5999755859375,558.0,249594
2013-05-21,445.7568054199219,503.2250061035156,531.0,498.5,531.0,1609216
2013-05-22,440.68560791015625,497.5,509.5,491.3500061035156,504.0,969762
2013-05-23,433.9092102050781,489.8500061035156,504.0,487.54998779296875,504.0,571370
2013-05-24,438.2053527832031,494.70001220703125,497.0,489.0,493.45001220703125,414306
2013-05-27,438.7368469238281,495.29998779296875,503.0,490.04998779296875,490.04998779296875,285114
2013-05-28,435.2601013183594,491.375,499.5,490.32501220703125,492.0,314464
2013-05-29,440.57489013671875,497.375,500.0,492.75,492.75,239326
2013-05-30,430.8310241699219,486.375,500.0,482.9750061035156,492.5,453678
2013-05-31,432.9791564941406,488.79998779296875,493.5,485.0,485.0,420960
2013-06-03,422.3717041015625,476.82501220703125,493.45001220703125,474.2250061035156,487.5,284384
2013-06-04,427.531494140625,482.6499938964844,485.8500061035156,475.625,477.45001220703125,184500
2013-06-05,430.63177490234375,486.1499938964844,487.45001220703125,477.0,482.6499938964844,182592
2013-06-06,425.7820129394531,480.67498779296875,489.45001220703125,478.125,487.8500061035156,324282
2013-06-07,418.3191833496094,472.25,484.0,470.20001220703125,480.0,146796
2013-06-10,414.7095031738281,468.17498779296875,476.8999938964844,463.54998779296875,471.5,218216
2013-06-11,425.3833923339844,480.2250061035156,483.45001220703125,466.04998779296875,466.04998779296875,389616
2013-06-12,429.8124084472656,485.2250061035156,491.0,480.0,480.1000061035156,577146
2013-06-13,423.56744384765625,478.17498779296875,486.6499938964844,475.1000061035156,484.0,485852
2013-06-14,429.70166015625,485.1000061035156,486.0,480.0,480.0,200030
2013-06-17,428.4394226074219,483.67498779296875,489.5,480.04998779296875,489.5,154012
2013-06-18,425.9591064453125,480.875,487.5,477.125,482.5,121198
2013-06-19,428.7494812011719,484.0249938964844,487.4750061035156,480.0,484.0,92302
2013-06-20,429.1701965332031,484.5,490.45001220703125,471.0249938964844,482.5249938964844,287718
2013-06-21,434.5735778808594,490.6000061035156,501.1000061035156,479.5,479.5,606694
2013-06-24,429.12591552734375,484.45001220703125,497.32501220703125,480.6000061035156,492.8500061035156,315230
2013-06-25,428.2622375488281,483.4750061035156,492.1000061035156,471.54998779296875,478.5,362246
2013-06-26,433.9757080078125,489.92498779296875,494.3999938964844,480.5,485.1499938964844,406440
2013-06-27,430.9196472167969,486.4750061035156,496.0,481.5,496.0,668824
2013-06-28,438.958251953125,495.54998779296875,497.5,489.07501220703125,492.5,300764
2013-07-01,438.24969482421875,494.75,499.9750061035156,487.5,497.0,493776
2013-07-02,433.75421142578125,489.67498779296875,495.92498779296875,487.0,492.75,273150
2013-07-03,427.1107177734375,482.17498779296875,492.17498779296875,480.0249938964844,490.0,232916
2013-07-04,426.3577575683594,481.32501220703125,487.5,480.625,485.0,177766
2013-07-05,431.229736328125,486.82501220703125,492.5,482.6499938964844,484.45001220703125,141010
2013-07-08,429.2809753417969,484.625,490.5,483.04998779296875,490.0,146314
2013-07-09,439.3790588378906,496.0249938964844,497.5,487.0,487.79998779296875,504840
2013-07-10,446.044677734375,503.54998779296875,509.5,496.5249938964844,496.5249938964844,704224
2013-07-11,445.3360900878906,502.75,512.7249755859375,499.5,508.125,469152
2013-07-12,447.37335205078125,505.04998779296875,508.0249938964844,496.20001220703125,503.0,916688
2013-07-15,443.5201721191406,500.70001220703125,507.5,499.7250061035156,500.5,590896
2013-07-16,441.23919677734375,498.125,503.6000061035156,495.1000061035156,502.5,146682
2013-07-17,441.5271301269531,498.45001220703125,503.29998779296875,492.0,498.0,215530
2013-07-18,440.44195556640625,497.2250061035156,503.45001220703125,495.0,499.0,141324
2013-07-19,432.2704772949219,488.0,501.0249938964844,481.75,498.0,220006
2013-07-22,424.0546875,478.7250061035156,490.0,475.57501220703125,487.5,325098
2013-07-23,427.287841796875,482.375,486.0,477.4750061035156,478.7250061035156,453052
2013-07-24,429.2144470214844,484.54998779296875,485.0,474.0,485.0,227338
2013-07-25,422.35400390625,469.42498779296875,481.0,467.25,480.07501220703125,452350
2013-07-26,426.1554260253906,473.6499938964844,476.5,471.3999938964844,471.54998779296875,99086
2013-07-29,432.88092041015625,481.125,482.95001220703125,471.32501220703125,471.32501220703125,196448
2013-07-30,416.37091064453125,462.7749938964844,484.5,459.5249938964844,481.1499938964844,705076
2013-07-31,421.38690185546875,468.3500061035156,471.5,452.625,462.7749938964844,295182
2013-08-01,414.3914794921875,460.57501220703125,473.9750061035156,455.5,468.0,653746
2013-08-02,417.4281311035156,463.95001220703125,469.95001220703125,459.125,462.625,222224
2013-08-05,429.4844055175781,477.3500061035156,479.5,455.0,467.5,724764
2013-08-06,419.4749450683594,466.2250061035156,478.95001220703125,463.2250061035156,472.5,325230
2013-08-07,425.4131774902344,472.82501220703125,475.75,467.5,467.5,117856
2013-08-08,436.05242919921875,484.6499938964844,489.0,470.17498779296875,472.57501220703125,196438
2013-08-12,453.52960205078125,504.07501220703125,508.7250061035156,488.25,493.9750061035156,701100
2013-08-13,449.2784118652344,499.3500061035156,508.45001220703125,494.1499938964844,504.0,245794
2013-08-14,449.0534973144531,499.1000061035156,505.6499938964844,495.3500061035156,500.0,172512
2013-08-16,446.2192687988281,495.95001220703125,507.32501220703125,490.9750061035156,495.125,245288
2013-08-19,428.6971740722656,476.4750061035156,504.67498779296875,464.8500061035156,497.6000061035156,390266
2013-08-20,425.1432189941406,472.5249938964844,475.95001220703125,469.2749938964844,475.0,247120
2013-08-21,425.1882019042969,472.57501220703125,484.3500061035156,470.04998779296875,479.0249938964844,254784
2013-08-22,425.548095703125,472.9750061035156,480.0,466.625,471.04998779296875,712434
2013-08-23,420.57708740234375,467.45001220703125,475.0249938964844,465.5,469.04998779296875,390672
2013-08-26,427.46002197265625,475.1000061035156,479.5249938964844,466.1000061035156,466.1000061035156,295770
2013-08-27,422.35400390625,469.42498779296875,477.375,466.29998779296875,475.1000061035156,281426
2013-08-28,430.5415954589844,478.5249938964844,480.5,458.67498779296875,465.04998779296875,223646
2013-08-29,430.49658203125,478.4750061035156,484.70001220703125,474.5,477.5,532974
2013-08-30,447.2764587402344,497.125,502.5,478.125,487.0,352458
2013-09-02,448.0187683105469,497.95001220703125,508.95001220703125,494.1499938964844,497.5,268028
2013-09-03,429.0794982910156,476.8999938964844,502.95001220703125,465.125,502.95001220703125,287912
2013-09-04,437.71685791015625,486.5,494.5,473.0,476.8999938964844,516786
2013-09-05,434.9052429199219,483.375,498.5,475.4750061035156,498.5,389200
2013-09-06,442.1705627441406,491.45001220703125,494.0,486.6499938964844,492.0,188118
2013-09-10,447.68133544921875,497.57501220703125,501.9750061035156,483.7749938964844,493.0,620722
2013-09-11,447.2089538574219,497.04998779296875,500.875,492.5,497.57501220703125,203112
2013-09-12,447.4564514160156,497.32501220703125,512.5,488.0,497.04998779296875,427036
2013-09-13,451.0328369140625,501.29998779296875,517.5,499.125,500.25,635382
2013-09-16,441.85565185546875,491.1000061035156,509.5,487.54998779296875,509.5,640750
2013-09-17,444.8922424316406,494.4750061035156,497.82501220703125,485.6499938964844,488.6499938964844,272350
2013-09-18,446.6691589355469,496.45001220703125,499.5,490.625,494.5249938964844,187384
2013-09-19,454.5867614746094,505.25,507.5,495.5,502.0,387810
2013-09-20,448.85101318359375,498.875,514.7000122070312,492.54998779296875,508.0,709180
2013-09-23,447.8388366699219,497.75,500.95001220703125,492.6499938964844,494.42498779296875,202110
2013-09-24,445.38702392578125,495.0249938964844,499.75,493.0,494.0,639716
2013-09-25,440.3260803222656,489.3999938964844,498.0,486.5,496.5,242052
2013-09-26,439.0439758300781,487.9750061035156,493.95001220703125,485.5,489.54998779296875,216636
2013-09-27,442.9802551269531,492.3500061035156,497.42498779296875,488.5,490.0,199364
2013-09-30,436.52471923828125,485.17498779296875,493.4750061035156,478.625,488.57501220703125,262826
2013-10-01,446.64666748046875,496.42498779296875,497.5,480.8500061035156,481.6499938964844,381792
2013-10-03,455.98126220703125,506.79998779296875,508.5,496.42498779296875,496.42498779296875,426614
2013-10-04,459.91766357421875,511.17498779296875,515.3499755859375,505.25,505.25,301692
2013-10-07,471.9965515136719,524.5999755859375,527.5,510.54998779296875,512.5,400874
2013-10-08,476.20269775390625,529.2750244140625,532.1500244140625,521.5499877929688,527.5,446212
2013-10-09,471.1867370605469,523.7000122070312,529.9749755859375,521.2750244140625,524.9000244140625,231560
2013-10-10,470.93927001953125,523.4249877929688,532.4500122070312,520.5499877929688,527.0,305538
2013-10-11,465.2034912109375,517.0499877929688,530.0,514.5,528.5,274702
2013-10-14,461.0422668457031,512.4249877929688,522.3250122070312,510.7749938964844,519.4000244140625,268358
2013-10-15,464.236328125,515.9749755859375,519.0,507.5249938964844,517.0,233574
2013-10-17,453.79949951171875,504.375,519.4000244140625,502.5,519.4000244140625,108788
2013-10-18,463.51654052734375,515.1749877929688,517.5,505.0,508.3500061035156,133794
2013-10-21,464.0113830566406,515.7249755859375,522.0499877929688,514.5250244140625,517.4500122070312,146278
2013-10-22,465.0685729980469,516.9000244140625,520.0,513.4000244140625,515.5,142644
2013-10-23,458.1182556152344,509.17498779296875,519.9249877929688,503.1000061035156,519.9249877929688,222230
2013-10-24,445.9044189453125,495.6000061035156,510.0,493.04998779296875,509.4750061035156,458514
2013-10-25,438.549072265625,487.42498779296875,497.2749938964844,486.1000061035156,497.2749938964844,550996
2013-10-28,434.83770751953125,483.29998779296875,492.0,481.6000061035156,487.5,141130
2013-10-29,445.8818664550781,495.57501220703125,497.5,478.625,478.625,529102
2013-10-30,437.67193603515625,486.45001220703125,499.29998779296875,485.57501220703125,499.29998779296875,608678
2013-10-31,437.4919738769531,486.25,490.6499938964844,482.6000061035156,488.75,769782
2013-11-01,439.7413024902344,488.75,492.5,484.5,489.0,477978
2013-11-05,442.77789306640625,492.125,499.5,490.75,491.25,538306
2013-11-06,463.2016906738281,514.8250122070312,517.5250244140625,492.5,494.5,561542
2013-11-07,449.9532165527344,500.1000061035156,519.9000244140625,493.6000061035156,519.8499755859375,432420
2013-11-08,459.04046630859375,510.20001220703125,514.0,500.0,502.45001220703125,299326
2013-11-11,495.4343566894531,550.6500244140625,565.3499755859375,525.0,525.0,2713396
2013-11-12,512.124267578125,569.2000122070312,576.0,555.9249877929688,559.5,1799262
2013-11-13,512.5966186523438,569.7249755859375,579.9749755859375,566.0750122070312,575.25,700162
2013-11-14,516.577880859375,574.1500244140625,581.4500122070312,561.5,570.0,383232
2013-11-18,519.70458984375,577.625,583.375,573.7000122070312,574.9500122070312,304866
2013-11-19,512.5516357421875,569.6749877929688,578.2750244140625,567.7750244140625,578.25,334196
2013-11-20,512.3941650390625,569.5,581.7999877929688,564.9500122070312,572.4749755859375,344404
2013-11-21,509.5149841308594,566.2999877929688,575.5,561.0,571.5,276452
2013-11-22,508.097900390625,564.7249755859375,575.5,563.0,567.75,293974
2013-11-25,522.7410888671875,581.0,586.2000122070312,566.3250122070312,570.4500122070312,434744
2013-11-26,523.0784912109375,581.375,587.4749755859375,575.0999755859375,579.9249877929688,569074
2013-11-27,519.614501953125,577.5250244140625,591.7249755859375,572.8250122070312,584.9000244140625,658400
2013-11-28,515.0933837890625,572.5,581.7000122070312,565.0999755859375,577.7000122070312,960950
2013-11-29,518.37744140625,576.1500244140625,581.0,566.7000122070312,574.0499877929688,289154
2013-12-02,522.0213623046875,580.2000122070312,584.0,574.25,576.8250122070312,260706
2013-12-03,518.1974487304688,575.9500122070312,584.25,574.0,579.9249877929688,209076
2013-12-04,512.2142333984375,569.2999877929688,580.5,567.5499877929688,580.0,246100
2013-12-05,510.9771728515625,567.9249877929688,578.9749755859375,565.5250244140625,577.5,187954
2013-12-06,512.1691284179688,569.25,571.0,564.0,564.0,203004
2013-12-09,502.0922546386719,558.0499877929688,574.75,554.5250244140625,574.75,202634
2013-12-10,502.04736328125,558.0,569.0,548.5,557.5499877929688,457036
2013-12-11,511.60699462890625,568.625,570.0,553.3250122070312,555.0499877929688,308232
2013-12-12,512.9339599609375,570.0999755859375,571.0,559.0250244140625,561.0,262998
2013-12-13,499.1682434082031,554.7999877929688,579.9500122070312,550.0250244140625,569.4749755859375,588158
2013-12-16,504.6116638183594,560.8499755859375,566.5,555.4249877929688,555.4249877929688,250370
2013-12-17,519.2096557617188,577.0750122070312,581.4000244140625,564.0499877929688,564.0499877929688,410624
2013-12-18,531.0635375976562,590.25,594.0,564.0,581.5,680182
2013-12-19,529.2640380859375,588.25,597.5250244140625,585.0,591.5,527834
2013-12-20,533.4252319335938,592.875,595.5,581.3499755859375,587.2999877929688,255384
2013-12-23,538.576171875,598.5999755859375,603.625,587.75,595.0,553828
2013-12-24,539.3633422851562,599.4749755859375,608.1749877929688,597.0,602.25,244722
2013-12-26,529.6465454101562,588.6749877929688,604.3499755859375,586.7000122070312,599.375,455102
2013-12-27,549.6878051757812,610.9500122070312,614.0,586.5250244140625,592.9000244140625,474148
2013-12-30,547.573486328125,608.5999755859375,617.4500122070312,606.2750244140625,612.5,465808
2013-12-31,549.4404296875,610.6749877929688,618.375,608.2000122070312,608.75,213110
2014-01-01,552.0045166015625,613.5250244140625,617.1749877929688,610.7000122070312,614.0,168936
2014-01-02,555.2211303710938,617.0999755859375,622.5,610.0,613.9000244140625,617586
2014-01-03,562.1265869140625,624.7750244140625,626.5,613.0,618.0,280924
2014-01-06,564.0835571289062,626.9500122070312,630.0,618.5,628.4000244140625,327226
2014-01-07,553.4667358398438,615.1500244140625,630.25,613.4000244140625,628.5,143272
2014-01-08,556.5707397460938,618.5999755859375,624.9000244140625,614.0999755859375,614.7249755859375,232766
2014-01-09,555.5134887695312,617.4249877929688,623.0750122070312,612.5499877929688,623.0,319842
2014-01-10,562.3290405273438,625.0,629.5,613.0250244140625,614.0499877929688,302964
2014-01-13,567.5699462890625,630.8250122070312,633.3499755859375,626.5250244140625,627.5,363092
2014-01-14,578.1641235351562,642.5999755859375,650.0,629.6500244140625,629.6500244140625,378860
2014-01-15,581.3131103515625,646.0999755859375,649.5,639.5999755859375,645.0,714052
2014-01-16,580.2786254882812,644.9500122070312,652.25,640.5499877929688,646.0,192082
2014-01-17,571.0787353515625,634.7249755859375,645.75,629.4749755859375,642.5250244140625,327550
2014-01-20,583.1575927734375,648.1500244140625,649.5,630.5499877929688,634.6500244140625,322490
2014-01-21,586.4866333007812,651.8499755859375,658.8499755859375,649.0,650.0,446264
2014-01-22,596.2487182617188,662.7000122070312,665.5,652.2249755859375,653.9749755859375,514772
2014-01-23,596.2713012695312,662.7249755859375,667.75,655.5999755859375,665.0,602726
2014-01-24,596.9234008789062,663.4500122070312,671.2750244140625,656.4749755859375,662.0250244140625,428284
2014-01-27,588.73583984375,654.3499755859375,663.4749755859375,650.6749877929688,663.4749755859375,325360
2014-01-28,580.41357421875,645.0999755859375,659.4749755859375,638.0499877929688,653.9000244140625,254898
2014-01-29,581.5381469726562,646.3499755859375,654.3250122070312,642.5750122070312,648.5,247880
2014-01-30,570.718994140625,634.3250122070312,648.5,617.5,648.5,327530
2014-01-31,591.7951049804688,657.75,660.7249755859375,635.5250244140625,638.5,337794
2014-02-03,590.69287109375,656.5250244140625,672.9749755859375,647.5250244140625,662.9249877929688,753396
2014-02-04,603.4915161132812,670.75,695.0,665.75,682.5,1547316
2014-02-05,604.6611938476562,672.0499877929688,679.4000244140625,660.0,674.2000122070312,535454
2014-02-06,614.49072265625,682.9749755859375,686.0,664.1500244140625,674.9500122070312,413398
2014-02-07,623.240478515625,692.7000122070312,694.9500122070312,683.0,687.0,438504
2014-02-10,617.0098266601562,685.7750244140625,697.3499755859375,683.5750122070312,695.0,189462
2014-02-11,610.1043701171875,678.0999755859375,689.5,672.5,686.5250244140625,124926
2014-02-12,623.5328369140625,693.0250244140625,695.8250122070312,679.0,682.5,378660
2014-02-13,607.3601684570312,675.0499877929688,694.75,670.125,693.7750244140625,192064
2014-02-14,613.7033081054688,682.0999755859375,683.9749755859375,675.5,675.5,313374
2014-02-17,612.2189331054688,680.4500122070312,683.0,677.5,683.0,91172
2014-02-18,611.1841430664062,679.2999877929688,689.2000122070312,676.9749755859375,682.4749755859375,147126
2014-02-19,614.2432250976562,682.7000122070312,688.9500122070312,677.0999755859375,680.5,106484
2014-02-20,627.3792724609375,697.2999877929688,701.0,676.0999755859375,676.0999755859375,246996
2014-02-21,639.3456420898438,710.5999755859375,714.4500122070312,700.9500122070312,704.0,484010
2014-02-24,642.1123046875,713.6749877929688,718.5,709.5250244140625,712.5,229316
2014-02-25,642.1796875,713.75,717.5,707.3499755859375,715.9749755859375,159402
2014-02-26,638.6256713867188,709.7999877929688,723.5,703.2249755859375,713.0,437542
2014-02-28,640.8526000976562,712.2750244140625,717.0,702.6500244140625,702.6500244140625,468386
2014-03-03,644.6764526367188,716.5250244140625,725.0,707.8250122070312,715.5,259112
2014-03-04,644.4065551757812,716.2249755859375,722.5,712.625,720.0499877929688,273378
2014-03-05,642.1348876953125,713.7000122070312,721.0,712.3250122070312,717.5,161392
2014-03-06,644.9913940429688,716.875,727.5,714.4749755859375,714.4749755859375,342132
2014-03-07,626.3671264648438,696.1749877929688,722.4249877929688,685.5499877929688,719.9500122070312,366344
2014-03-10,618.809326171875,687.7750244140625,694.9749755859375,675.5250244140625,694.9749755859375,363260
2014-03-11,618.0894775390625,686.9749755859375,699.3250122070312,683.0250244140625,692.4500122070312,349502
2014-03-12,623.3529052734375,692.8250122070312,698.125,684.5,687.0,470724
2014-03-13,625.3997192382812,695.0999755859375,707.0,692.125,698.0,291566
2014-03-14,629.3361206054688,699.4749755859375,706.5999755859375,693.0,693.0,382216
2014-03-18,636.9613037109375,707.9500122070312,712.375,693.0,705.9500122070312,392728
2014-03-19,635.521728515625,706.3499755859375,714.5,702.5,711.0250244140625,627142
2014-03-20,632.4625854492188,702.9500122070312,716.375,700.5750122070312,706.0,212604
2014-03-21,633.7222900390625,704.3499755859375,710.0,700.4749755859375,703.9000244140625,201054
2014-03-24,633.6997680664062,704.3250122070312,714.0,701.125,707.5750122070312,234700
2014-03-25,635.2069091796875,706.0,714.9749755859375,702.3250122070312,705.8250122070312,325326
2014-03-26,621.4410400390625,690.7000122070312,715.0,685.7000122070312,715.0,477446
2014-03-27,602.4793701171875,669.625,695.4500122070312,666.2999877929688,695.4500122070312,616054
2014-03-28,611.589111328125,679.75,688.0250244140625,665.0750122070312,669.6500244140625,362076
2014-03-31,614.4681396484375,682.9500122070312,687.7000122070312,652.5499877929688,680.5999755859375,1057934
2014-04-01,606.7755737304688,674.4000244140625,686.9249877929688,669.625,683.0,329190
2014-04-02,616.3574829101562,685.0499877929688,692.5,672.5,676.125,233626
2014-04-03,619.3041381835938,688.3250122070312,691.4500122070312,633.0,633.0,302960
2014-04-04,607.1353149414062,674.7999877929688,690.25,673.4749755859375,687.9500122070312,174168
2014-04-07,607.585205078125,675.2999877929688,680.0,665.4749755859375,676.625,289768
2014-04-09,612.2864379882812,680.5250244140625,682.1500244140625,672.5,674.8250122070312,733158
2014-04-10,604.7735595703125,672.1749877929688,683.0,667.5499877929688,678.3250122070312,235786
2014-04-11,606.0781860351562,673.625,685.9500122070312,671.0999755859375,674.6749877929688,353988
2014-04-15,592.8072509765625,658.875,677.3250122070312,650.3499755859375,676.5,414146
2014-04-16,595.8663330078125,662.2750244140625,664.5,654.0,661.3250122070312,285528
2014-04-17,595.978759765625,662.4000244140625,669.4249877929688,656.5999755859375,663.5750122070312,227244
2014-04-21,602.5692138671875,669.7249755859375,676.25,659.0,659.0,182542
2014-04-22,611.4765625,679.625,680.5499877929688,669.0499877929688,674.3250122070312,232298
2014-04-23,615.2328491210938,683.7999877929688,688.4749755859375,681.0,682.9500122070312,372476
2014-04-24,615.2328491210938,683.7999877929688,683.7999877929688,683.7999877929688,683.7999877929688,0
2014-04-25,616.1102905273438,684.7750244140625,690.0,681.5,688.4749755859375,398282
2014-04-28,628.661376953125,698.7249755859375,704.2750244140625,686.3499755859375,687.4749755859375,829218
2014-04-29,625.5572509765625,695.2750244140625,706.2249755859375,693.0750122070312,703.9500122070312,311684
2014-04-30,621.3734741210938,690.625,702.5,679.0499877929688,700.0,208818
2014-05-02,620.473876953125,689.625,705.9749755859375,684.5,694.9749755859375,441080
2014-05-05,612.2189331054688,680.4500122070312,693.9249877929688,674.5,691.0,178868
2014-05-06,608.2825317382812,676.0750122070312,685.7750244140625,671.5,685.0,116326
2014-05-07,608.9573974609375,676.8250122070312,683.4500122070312,672.25,676.0499877929688,95336
2014-05-08,615.6152954101562,684.2249755859375,687.0,673.5250244140625,682.4000244140625,147856
2014-05-09,602.0969848632812,669.2000122070312,689.0,665.0,682.25,209702
2014-05-12,600.2750244140625,667.1749877929688,673.9749755859375,659.75,669.0,349784
2014-05-13,609.902099609375,677.875,680.0,656.5,669.4000244140625,318800
2014-05-14,612.4213256835938,680.6749877929688,684.1500244140625,669.2999877929688,680.0,187688
2014-05-15,597.4408569335938,664.0250244140625,682.5,662.5,675.5,204636
2014-05-16,585.92431640625,651.2249755859375,669.5,642.5,669.5,568800
2014-05-19,571.9336547851562,635.6749877929688,663.5,612.75,652.5,686548
2014-05-20,575.824951171875,640.0,648.4500122070312,635.6749877929688,635.6749877929688,240958
2014-05-21,581.1109008789062,645.875,649.5,638.0999755859375,640.7000122070312,119192
2014-05-22,575.7573852539062,639.9249877929688,652.5,637.5,648.2750244140625,280272
2014-05-23,582.9326782226562,647.9000244140625,650.5499877929688,640.1749877929688,640.1749877929688,344264
2014-05-26,559.0225219726562,621.3250122070312,637.5,605.0,637.5,1137278
2014-05-27,562.9363403320312,625.6749877929688,631.9500122070312,622.0,622.0,420358
2014-05-28,566.15283203125,629.25,632.25,621.0,627.5,321158
2014-05-29,565.343017578125,628.3499755859375,634.75,622.5,627.5,381166
2014-05-30,573.66552734375,637.5999755859375,645.0,620.0,630.0,894950
2014-06-02,561.0469360351562,623.5750122070312,643.5,620.5,637.5999755859375,246184
2014-06-03,557.4929809570312,619.625,630.9500122070312,617.0,627.0499877929688,299514
2014-06-04,556.5482177734375,618.5750122070312,627.5,615.0499877929688,620.5,272356
2014-06-05,555.6035766601562,617.5250244140625,622.5,614.1500244140625,619.5999755859375,301648
2014-06-06,571.438720703125,635.125,641.5,616.0250244140625,622.5,479714
2014-06-09,584.5972900390625,649.75,661.0,641.0,641.5,445364
2014-06-10,597.7107543945312,664.3250122070312,669.0,645.0,657.5,639290
2014-06-11,595.4614868164062,661.8250122070312,674.125,654.0,668.9500122070312,513792
2014-06-12,600.4774780273438,667.4000244140625,671.0,656.2249755859375,664.5,287584
2014-06-13,606.887939453125,674.5250244140625,676.9749755859375,662.5,667.5999755859375,522916
2014-06-16,603.8064575195312,671.0999755859375,684.7000122070312,660.0,678.25,385092
2014-06-17,606.1907348632812,673.75,679.5,670.0250244140625,672.5,443294
2014-06-18,607.6302490234375,675.3499755859375,689.5999755859375,668.0750122070312,668.0750122070312,403246
2014-06-19,607.5628051757812,675.2750244140625,684.2000122070312,672.75,680.0,204994
2014-06-20,595.7763671875,662.1749877929688,681.9749755859375,657.5250244140625,677.4500122070312,567812
2014-06-23,609.3846435546875,677.2999877929688,680.0,665.5250244140625,675.0,364076
2014-06-24,605.7857666015625,673.2999877929688,686.25,670.0250244140625,682.125,595552
2014-06-25,608.1701049804688,675.9500122070312,677.4500122070312,670.6749877929688,670.6749877929688,390880
2014-06-26,610.6668090820312,678.7249755859375,684.4749755859375,673.3250122070312,675.0,998842
2014-06-27,646.7008056640625,718.7750244140625,725.0,688.0499877929688,688.5,972880
2014-06-30,656.4179077148438,729.5750122070312,734.9749755859375,717.2000122070312,724.9500122070312,630934
2014-07-01,661.7037353515625,735.4500122070312,741.0999755859375,726.0250244140625,734.9000244140625,439840
2014-07-02,681.1378784179688,757.0499877929688,765.75,731.6749877929688,736.25,517654
2014-07-03,675.6270141601562,750.9249877929688,764.4749755859375,746.5750122070312,761.5750122070312,395588
2014-07-04,687.7283935546875,764.375,772.4749755859375,752.5250244140625,757.5,346360
2014-07-07,690.2250366210938,767.1500244140625,774.5499877929688,748.25,769.0,296476
2014-07-08,677.4264526367188,752.9249877929688,772.9749755859375,740.25,767.1500244140625,237118
2014-07-09,658.8696899414062,732.2999877929688,761.6500244140625,723.0,759.5,295632
2014-07-10,664.3355102539062,738.375,749.2750244140625,701.5,725.2750244140625,547162
2014-07-11,663.1882934570312,737.0999755859375,751.5,726.0,730.0,259994
2014-07-14,641.7747802734375,713.2999877929688,744.9749755859375,707.5750122070312,731.0,336086
2014-07-15,645.1936645507812,717.0999755859375,725.0,703.4500122070312,716.0,335870
2014-07-16,669.2614135742188,743.8499755859375,749.5,717.5250244140625,722.625,272544
2014-07-17,669.80126953125,744.4500122070312,747.4749755859375,733.25,744.6500244140625,114788
2014-07-18,673.4452514648438,748.5,755.0,737.5250244140625,745.5,119726
2014-07-21,674.6373901367188,749.8250122070312,756.9749755859375,747.5,749.2999877929688,166078
2014-07-22,664.852783203125,738.9500122070312,751.2000122070312,733.5,748.5,208696
2014-07-23,665.145263671875,739.2750244140625,749.5,735.3250122070312,745.5,404632
2014-07-24,674.9522705078125,750.1749877929688,752.5,741.4749755859375,742.4500122070312,278366
2014-07-25,673.9401245117188,749.0499877929688,751.5999755859375,738.5,750.0,110130
2014-07-28,662.4461059570312,736.2750244140625,753.5,726.5999755859375,747.5,389330
2014-07-30,670.993408203125,745.7750244140625,748.3499755859375,733.5499877929688,733.5499877929688,246760
2014-07-31,672.9996948242188,737.9749755859375,744.5,730.2750244140625,741.5,457222
2014-08-01,682.1193237304688,747.9749755859375,762.5,732.6749877929688,739.0,654802
2014-08-04,684.991943359375,751.125,768.5999755859375,747.5,747.5,377798
2014-08-05,688.4801635742188,754.9500122070312,761.5,750.5,751.125,406036
2014-08-06,692.7207641601562,759.5999755859375,769.0,755.2999877929688,755.2999877929688,375780
2014-08-07,685.0375366210938,751.1749877929688,764.4749755859375,749.7249755859375,764.1500244140625,86200
2014-08-08,684.330810546875,750.4000244140625,760.5250244140625,744.0,749.7249755859375,259070
2014-08-11,688.685302734375,755.1749877929688,762.4249877929688,746.0750122070312,754.5,315814
2014-08-12,672.110595703125,737.0,748.5250244140625,724.0999755859375,748.5250244140625,936198
2014-08-13,673.6836547851562,738.7249755859375,750.3499755859375,730.0750122070312,742.0,354844
2014-08-14,666.1373901367188,730.4500122070312,735.5,727.5750122070312,734.0,395038
2014-08-18,665.9320068359375,730.2249755859375,737.0499877929688,727.6500244140625,735.0,317302
2014-08-19,679.5886840820312,745.2000122070312,747.6500244140625,730.5,730.5,194346
2014-08-20,691.6492309570312,758.4249877929688,760.125,745.1500244140625,749.75,350436
2014-08-21,703.4363403320312,771.3499755859375,778.7249755859375,761.6500244140625,764.4000244140625,530782
2014-08-22,709.9338989257812,778.4749755859375,783.9000244140625,770.2249755859375,773.9749755859375,325076
2014-08-25,719.4867553710938,788.9500122070312,795.8499755859375,777.5499877929688,781.3499755859375,367096
2014-08-26,718.8938598632812,788.2999877929688,801.7000122070312,775.75,796.375,236518
2014-08-27,711.9401245117188,780.6749877929688,794.75,775.5750122070312,788.2999877929688,209990
2014-08-28,713.4906005859375,782.375,787.9500122070312,775.0499877929688,784.5,249674
2014-09-01,714.4935913085938,783.4749755859375,796.3250122070312,780.0,783.2249755859375,223460
2014-09-02,729.4725341796875,799.9000244140625,804.7750244140625,780.0250244140625,785.5,382782
2014-09-03,736.88232421875,808.0250244140625,814.5,803.0,808.7000122070312,766566
2014-09-04,735.4231567382812,806.4249877929688,812.9500122070312,800.6500244140625,808.9000244140625,153240
2014-09-05,753.6166381835938,826.375,832.5250244140625,800.0,806.25,204474
2014-09-08,768.1622924804688,842.3250122070312,850.0,827.5,833.2249755859375,261646
2014-09-09,761.049072265625,834.5250244140625,849.5,823.9749755859375,849.5,347424
2014-09-10,762.1204833984375,835.7000122070312,839.0,820.8499755859375,837.5,382644
2014-09-11,785.0105590820312,860.7999877929688,866.3499755859375,823.6500244140625,837.9000244140625,430226
2014-09-12,800.787353515625,878.0999755859375,882.0,855.5499877929688,863.5250244140625,543488
2014-09-15,787.0170288085938,863.0,879.9749755859375,862.25,878.0999755859375,329550
2014-09-16,762.0520629882812,835.625,877.6749877929688,830.5,867.0,322070
2014-09-17,771.8101196289062,846.3250122070312,849.9500122070312,825.5,836.0,271028
2014-09-18,793.3321533203125,869.9249877929688,875.0250244140625,837.5,837.5,355154
2014-09-19,781.6364135742188,857.0999755859375,873.0999755859375,850.2000122070312,873.0250244140625,411768
2014-09-22,782.7763061523438,858.3499755859375,861.0,848.0999755859375,856.9749755859375,367244
2014-09-23,780.10888671875,855.4249877929688,869.5,850.8499755859375,860.9749755859375,245624
2014-09-24,789.0460815429688,865.2249755859375,870.9749755859375,852.125,855.0,284522
2014-09-25,785.8997802734375,861.7750244140625,877.5,853.5499877929688,862.5,564970
2014-09-26,783.1867065429688,858.7999877929688,887.5,855.0,855.5,390596
2014-09-29,816.4501342773438,895.2750244140625,899.5,859.7000122070312,859.7249755859375,297660
2014-09-30,820.9187622070312,900.1749877929688,910.0,880.5,892.5,615618
2014-10-01,815.1735229492188,893.875,913.9749755859375,891.5750122070312,900.0,374694
2014-10-07,807.5587158203125,885.5250244140625,907.375,877.625,898.75,357670
2014-10-08,788.2479858398438,864.3499755859375,889.7999877929688,860.4749755859375,888.4500122070312,251548
2014-10-09,807.3990478515625,885.3499755859375,888.8499755859375,865.5250244140625,867.0,372424
2014-10-10,805.6664428710938,883.4500122070312,893.4749755859375,872.8499755859375,883.5,171634
2014-10-13,787.3133544921875,863.3250122070312,883.4500122070312,846.0999755859375,880.5499877929688,304888
2014-10-14,804.800048828125,882.5,889.2750244140625,867.0999755859375,867.0999755859375,316992
2014-10-15,804.800048828125,882.5,882.5,882.5,882.5,0
2014-10-16,776.2330932617188,851.1749877929688,882.9749755859375,847.5,882.0,318974
2014-10-17,777.5325927734375,852.5999755859375,867.0,850.0499877929688,851.5999755859375,248584
2014-10-20,794.8826293945312,871.625,873.375,852.6500244140625,852.6500244140625,94364
2014-10-21,795.0421142578125,871.7999877929688,880.0,857.6500244140625,869.0750122070312,164806
2014-10-22,813.4407958984375,891.9749755859375,893.6500244140625,873.0250244140625,873.0250244140625,134936
2014-10-27,822.2866821289062,901.6749877929688,920.0499877929688,891.7750244140625,914.875,234222
2014-10-28,828.5108642578125,908.5,914.9500122070312,896.9000244140625,902.5,202170
2014-10-29,828.4197387695312,908.4000244140625,916.6749877929688,900.5750122070312,911.5,364774
2014-10-30,834.9629516601562,915.5750122070312,919.875,903.0,905.5,359786
2014-10-31,855.1854858398438,937.75,944.0250244140625,918.5,918.5,257412
2014-11-03,823.3126220703125,902.7999877929688,936.5,898.2750244140625,935.0499877929688,681916
2014-11-05,784.8054809570312,860.5750122070312,910.0999755859375,847.5499877929688,902.5499877929688,943928
2014-11-07,798.6898803710938,875.7999877929688,886.4749755859375,841.3250122070312,856.1500244140625,1026738
2014-11-10,793.605712890625,870.2249755859375,883.0250244140625,853.0,876.0,228282
2014-11-11,790.755859375,867.0999755859375,872.5,856.8499755859375,870.6749877929688,176824
2014-11-12,799.0546875,876.2000122070312,886.3250122070312,860.8499755859375,869.5,499574
2014-11-13,797.4816284179688,874.4749755859375,889.8499755859375,867.8499755859375,883.6749877929688,343862
2014-11-14,786.0821533203125,861.9749755859375,884.875,859.3499755859375,871.2750244140625,291964
2014-11-17,782.47998046875,858.0250244140625,867.3499755859375,852.0,853.75,250752
2014-11-18,781.9555053710938,857.4500122070312,866.3499755859375,852.5,854.0499877929688,258754
2014-11-19,783.2550659179688,858.875,866.9749755859375,855.0,862.0,250564
2014-11-20,793.1270751953125,869.7000122070312,873.9500122070312,858.125,860.625,209314
2014-11-21,792.3518676757812,868.8499755859375,873.4500122070312,864.1749877929688,872.4000244140625,154170
2014-11-24,787.88330078125,863.9500122070312,875.0,857.0,875.0,178594
2014-11-25,790.2316284179688,866.5250244140625,872.5,855.875,861.75,361706
2014-11-26,794.8598022460938,871.5999755859375,877.2999877929688,862.75,863.75,655436
2014-11-27,791.8502197265625,868.2999877929688,878.9000244140625,862.625,869.5,535008
2014-11-28,787.8377075195312,863.9000244140625,875.125,859.5,870.5,248306
2014-12-01,784.5545043945312,860.2999877929688,872.3499755859375,854.25,862.5,272518
2014-12-02,790.1632080078125,866.4500122070312,869.875,851.4000244140625,862.625,201772
2014-12-03,789.6615600585938,865.9000244140625,871.5,862.625,870.125,102806
2014-12-04,782.93603515625,858.5250244140625,870.2999877929688,855.0499877929688,867.5,209874
2014-12-05,770.6702270507812,845.0750122070312,864.875,838.5750122070312,858.0750122070312,298170
2014-12-08,758.4270629882812,831.6500244140625,847.4749755859375,821.7999877929688,841.625,551920
2014-12-09,760.93505859375,834.4000244140625,843.5,829.0,832.0,270598
2014-12-10,761.8926391601562,835.4500122070312,841.7249755859375,834.5,839.9749755859375,247226
2014-12-11,778.4217529296875,853.5750122070312,859.2000122070312,834.0,834.5,266036
2014-12-12,779.3108520507812,854.5499877929688,869.75,845.6500244140625,856.0,310026
2014-12-15,787.8605346679688,863.9249877929688,869.5,837.2000122070312,849.7000122070312,254396
2014-12-16,766.86279296875,840.9000244140625,867.5,834.5499877929688,864.4500122070312,388648
2014-12-17,745.8649291992188,817.875,838.4000244140625,808.6500244140625,837.5,516166
2014-12-18,762.2573852539062,835.8499755859375,839.4000244140625,820.625,821.5,281230
2014-12-19,775.9365844726562,850.8499755859375,857.5,831.5,841.0,287068
2014-12-22,782.6622314453125,858.2249755859375,863.0,848.4749755859375,851.625,181812
2014-12-23,780.2685546875,855.5999755859375,864.5,842.5250244140625,853.0,116550
2014-12-24,762.8502197265625,836.5,858.5,828.5,855.9500122070312,566780
2014-12-26,771.513671875,846.0,850.0250244140625,840.0250244140625,841.0,70864
2014-12-29,778.6953735351562,853.875,856.5,846.0250244140625,851.5,93814
2014-12-30,783.0042114257812,858.5999755859375,865.0,848.0750122070312,853.1500244140625,183636
2014-12-31,785.7630004882812,861.625,864.9249877929688,853.0250244140625,859.5,138518
2015-01-01,795.8856201171875,872.7249755859375,876.5,862.25,867.4000244140625,186924
2015-01-02,799.2827758789062,876.4500122070312,884.75,873.0,877.0,204160
2015-01-05,794.47216796875,871.1749877929688,882.8250122070312,866.25,876.375,121542
2015-01-06,763.3745727539062,837.0750122070312,865.0,833.5,865.0,682896
2015-01-07,752.2030029296875,824.8250122070312,849.5750122070312,817.5,838.0999755859375,415972
2015-01-08,753.75341796875,826.5250244140625,839.9500122070312,825.0,830.0,124860
2015-01-09,776.1873779296875,851.125,859.4249877929688,830.0,830.0,152108
2015-01-12,778.0342407226562,853.1500244140625,862.875,840.5,856.5,194864
2015-01-13,786.0593872070312,861.9500122070312,864.9500122070312,852.5,852.5,112556
2015-01-14,777.5782470703125,852.6500244140625,870.0,848.5250244140625,860.0,256164
2015-01-15,773.1551513671875,847.7999877929688,864.125,845.0250244140625,855.3250122070312,188754
2015-01-16,780.7015991210938,856.0750122070312,859.7000122070312,850.5,851.0,233268
2015-01-19,780.7015991210938,856.0750122070312,864.0,852.7000122070312,860.5,188148
2015-01-20,772.6764526367188,847.2750244140625,862.4749755859375,845.2000122070312,862.4749755859375,196708
2015-01-21,765.6998901367188,839.625,852.5250244140625,836.4000244140625,852.0,225258
2015-01-22,755.0984497070312,828.0,844.0499877929688,823.2249755859375,840.5,491236
2015-01-23,765.335205078125,839.2249755859375,842.4500122070312,830.5,830.5,284424
2015-01-27,769.917724609375,844.25,850.0,832.7750244140625,839.3499755859375,550398
2015-01-28,793.0130004882812,869.5750122070312,872.0,842.5750122070312,847.4249877929688,565222
2015-01-29,806.3048095703125,884.1500244140625,890.0,866.4500122070312,876.25,519390
2015-01-30,794.47216796875,871.1749877929688,895.0,855.1500244140625,887.0,555528
2015-02-02,770.5105590820312,844.9000244140625,869.0,829.0,860.0,1081282
2015-02-03,756.8767700195312,829.9500122070312,851.6500244140625,827.0999755859375,845.0,226616
2015-02-04,746.0018310546875,818.0250244140625,843.0,812.5750122070312,830.4500122070312,258772
2015-02-05,739.5952758789062,811.0,817.5,805.0,817.4500122070312,390698
2015-02-06,731.5928344726562,802.2249755859375,813.5,795.0,812.0,267052
2015-02-09,737.9537963867188,809.2000122070312,812.5999755859375,786.0,790.1749877929688,181220
2015-02-10,743.9041748046875,815.7249755859375,826.3250122070312,802.4000244140625,812.2000122070312,338944
2015-02-11,747.1417236328125,819.2750244140625,830.0,811.2249755859375,817.5,119496
2015-02-12,749.7636108398438,822.1500244140625,826.0499877929688,815.1500244140625,821.0,125904
2015-02-13,753.7306518554688,826.5,837.4000244140625,822.5,825.0,382978
2015-02-16,748.1448364257812,820.375,835.5,813.0,835.5,182534
2015-02-18,759.0654907226562,832.3499755859375,835.0,812.2999877929688,819.0,182914
2015-02-19,759.9318237304688,833.2999877929688,841.5,828.5,837.5,218156
2015-02-20,771.5365600585938,846.0250244140625,849.5,831.3250122070312,836.0,165942
2015-02-23,768.4129638671875,842.5999755859375,849.4500122070312,838.4500122070312,848.0,593010
2015-02-24,769.3706665039062,843.6500244140625,849.5,838.9500122070312,845.0,189252
2015-02-25,796.0224609375,872.875,881.0,832.1500244140625,843.6500244140625,890970
2015-02-26,784.577392578125,860.3250122070312,874.5,850.5,874.25,517330
2015-02-27,774.7967529296875,849.5999755859375,869.5499877929688,847.75,859.9249877929688,303472
2015-03-02,804.5036010742188,882.1749877929688,888.5499877929688,857.7999877929688,872.5,324572
2015-03-03,808.4478149414062,886.5,897.625,875.6749877929688,884.3499755859375,754516
2015-03-04,793.1497192382812,869.7249755859375,896.375,861.75,889.8499755859375,270110
2015-03-05,808.2883911132812,886.3250122070312,905.0,869.0,872.5,1166766
2015-03-09,803.4549560546875,881.0250244140625,901.5,869.0250244140625,887.0,643736
2015-03-10,803.8880615234375,881.5,897.9749755859375,873.6500244140625,885.0,352058
2015-03-11,808.6759033203125,886.75,899.4000244140625,876.5999755859375,885.0,501972
2015-03-12,820.5084838867188,899.7249755859375,902.9749755859375,885.0250244140625,889.0,151164
2015-03-13,808.6301879882812,886.7000122070312,914.5,883.6500244140625,910.0,275896
2015-03-16,811.6397705078125,890.0,897.5,872.7750244140625,895.5,143212
2015-03-17,820.7363891601562,899.9749755859375,910.9249877929688,891.2249755859375,891.4500122070312,223370
2015-03-18,821.4659423828125,900.7750244140625,909.0,892.5250244140625,902.2999877929688,265376
2015-03-19,835.5328369140625,916.2000122070312,927.1500244140625,905.0,913.25,467244
2015-03-20,823.6318359375,903.1500244140625,927.3250122070312,895.125,913.0,323112
2015-03-23,822.6060180664062,902.0250244140625,911.0,882.5499877929688,896.25,193710
2015-03-24,830.0155639648438,910.1500244140625,917.0,903.5750122070312,908.5,180638
2015-03-25,820.7136840820312,899.9500122070312,917.0,897.0,911.125,209228
2015-03-26,823.4951171875,903.0,909.4000244140625,888.5,899.9500122070312,217200
2015-03-27,818.1373901367188,897.125,912.5,882.5750122070312,912.5,140264
2015-03-30,825.341796875,905.0250244140625,907.5999755859375,897.5999755859375,902.0,138064
2015-03-31,814.1248779296875,892.7249755859375,917.5,876.4000244140625,904.8499755859375,392544
2015-04-01,821.830810546875,901.1749877929688,904.5,885.0499877929688,885.0499877929688,136006
2015-04-06,855.9834594726562,938.625,945.2000122070312,895.5250244140625,902.9500122070312,432418
2015-04-07,882.43017578125,967.625,969.4000244140625,924.0499877929688,947.4500122070312,503404
2015-04-08,886.1693115234375,971.7249755859375,984.5,959.0,974.8250122070312,401488
2015-04-09,881.8601684570312,967.0,980.0,955.6749877929688,980.0,399102
2015-04-10,883.798095703125,969.125,975.9749755859375,957.8250122070312,967.5,118882
2015-04-13,881.2446899414062,966.3250122070312,976.5,956.2999877929688,974.9749755859375,271886
2015-04-15,876.662109375,961.2999877929688,979.2249755859375,955.5,965.0499877929688,338338
2015-04-16,864.806640625,948.2999877929688,963.2999877929688,930.0,959.75,343912
2015-04-17,863.39306640625,946.75,960.4749755859375,938.3499755859375,945.0,432288
2015-04-20,832.1131591796875,912.4500122070312,949.3250122070312,885.0,944.7000122070312,473784
2015-04-21,811.1837158203125,889.5,914.7000122070312,883.0,914.7000122070312,287870
2015-04-22,819.8700561523438,899.0250244140625,901.8499755859375,877.5,886.5750122070312,356776
2015-04-23,816.5413818359375,895.375,912.4500122070312,888.5,905.5,211648
2015-04-24,809.861328125,888.0499877929688,898.4500122070312,880.0,895.0,175572
2015-04-27,793.0814819335938,869.6500244140625,886.0250244140625,845.0,884.0,465446
2015-04-28,803.56884765625,881.1500244140625,886.375,857.5250244140625,864.0,181234
2015-04-29,802.816650390625,880.3250122070312,886.5499877929688,868.5999755859375,877.0,155312
2015-04-30,785.854248046875,861.7249755859375,887.0999755859375,859.0,876.0,341696
2015-05-04,813.2128295898438,891.7249755859375,902.5,865.0,865.0,147716
2015-05-05,797.2763671875,874.25,894.9749755859375,870.75,891.7249755859375,165138
2015-05-06,782.799072265625,858.375,874.0,850.0,874.0,333450
2015-05-07,786.6294555664062,862.5750122070312,867.2249755859375,837.2999877929688,854.5,568372
2015-05-08,785.51220703125,861.3499755859375,869.9249877929688,846.4500122070312,866.5,369032
2015-05-11,789.5020141601562,865.7249755859375,877.0750122070312,855.0,861.5499877929688,219268
2015-05-12,794.4494018554688,871.1500244140625,882.4500122070312,858.0,865.0,527612
2015-05-13,795.5665283203125,872.375,882.5,859.2999877929688,879.9749755859375,254000
2015-05-14,803.910888671875,881.5250244140625,894.0,864.4749755859375,872.4000244140625,323802
2015-05-15,818.4794311523438,897.5,902.2000122070312,882.0,890.4500122070312,163648
2015-05-18,827.5761108398438,907.4749755859375,910.0,899.5,899.5,195660
2015-05-19,820.4400634765625,899.6500244140625,909.0,893.25,908.125,303456
2015-05-20,813.2128295898438,891.7249755859375,904.8250122070312,870.0,904.0,1733214
2015-05-21,839.6138916015625,920.6749877929688,923.9749755859375,893.8250122070312,897.25,510674
2015-05-22,844.9031982421875,926.4749755859375,937.4000244140625,905.0499877929688,920.6749877929688,435806
2015-05-25,827.9637451171875,907.9000244140625,946.1749877929688,891.0499877929688,937.5,737036
2015-05-26,839.4771728515625,920.5250244140625,925.7000122070312,898.5999755859375,909.9500122070312,267204
2015-05-27,832.2955322265625,912.6500244140625,918.8499755859375,908.0499877929688,918.4749755859375,367600
2015-05-28,824.3386840820312,903.9249877929688,918.4249877929688,895.0,915.0,311790
2015-05-29,829.8331909179688,909.9500122070312,922.3250122070312,897.1500244140625,903.7000122070312,452612
2015-06-01,833.002197265625,913.4249877929688,918.8499755859375,901.9000244140625,911.0,93282
2015-06-02,826.6185302734375,906.4249877929688,919.9500122070312,900.5,909.0250244140625,202058
2015-06-03,807.3990478515625,885.3499755859375,912.0,877.7000122070312,904.0,550536
2015-06-04,826.7781372070312,906.5999755859375,909.9749755859375,882.75,885.5499877929688,309984
2015-06-05,817.156982421875,896.0499877929688,907.9749755859375,892.875,896.75,179306
2015-06-08,806.3504028320312,884.2000122070312,895.0,871.0750122070312,895.0,318354
2015-06-09,803.4320678710938,881.0,889.9749755859375,875.0,875.5,269884
2015-06-10,807.6497802734375,885.625,897.5,878.0,880.75,338480
2015-06-11,803.7968139648438,881.4000244140625,903.0250244140625,879.0,894.3499755859375,303822
2015-06-12,804.4807739257812,882.1500244140625,894.1500244140625,879.5,885.0,131248
2015-06-15,804.7088012695312,882.4000244140625,889.3499755859375,877.75,889.3499755859375,170008
2015-06-16,807.9462280273438,885.9500122070312,891.8250122070312,877.5,882.5,148674
2015-06-17,819.0493774414062,898.125,907.5,888.0,888.5,300096
2015-06-18,838.5195922851562,919.4749755859375,930.75,901.0,901.0,257668
2015-06-19,832.6602172851562,913.0499877929688,937.2750244140625,908.1749877929688,923.75,279886
2015-06-22,824.9542236328125,904.5999755859375,920.3250122070312,898.4500122070312,919.0,227130
2015-06-23,832.1131591796875,912.4500122070312,917.9000244140625,902.5,907.5,231240
2015-06-24,827.5533447265625,907.4500122070312,920.9749755859375,901.5499877929688,912.4500122070312,250544
2015-06-25,831.611572265625,911.9000244140625,919.9500122070312,863.9000244140625,907.5,473758
2015-06-26,835.1453247070312,915.7750244140625,922.0,904.0,912.5,162046
2015-06-29,835.8065185546875,916.5,918.9749755859375,883.4500122070312,905.5,193272
2015-06-30,857.1689453125,939.9249877929688,947.5,918.0250244140625,922.0,396722
2015-07-01,850.785400390625,932.9249877929688,948.5250244140625,930.7000122070312,943.0,287874
2015-07-02,844.8347778320312,926.4000244140625,939.0,923.4249877929688,934.5,122364
2015-07-03,847.7075805664062,929.5499877929688,937.0,925.0250244140625,926.0999755859375,122286
2015-07-06,869.7083740234375,953.6749877929688,959.0,916.2000122070312,916.2750244140625,242832
2015-07-07,870.6431884765625,954.7000122070312,961.4749755859375,947.0750122070312,948.0,240574
2015-07-08,860.8397827148438,943.9500122070312,960.0499877929688,940.0,947.5,196412
2015-07-09,849.5996704101562,931.625,958.5,929.5,947.0,179696
2015-07-10,855.6187133789062,938.2249755859375,944.1500244140625,930.5,937.4249877929688,181606
2015-07-13,858.1265258789062,940.9749755859375,944.9749755859375,930.9749755859375,942.2249755859375,117164
2015-07-14,861.2272338867188,944.375,948.7249755859375,940.0,944.0,104128
2015-07-15,859.9961547851562,943.0250244140625,949.4500122070312,938.0499877929688,945.375,191312
2015-07-16,870.05029296875,954.0499877929688,955.0,943.5,948.375,145282
2015-07-17,900.5552978515625,987.5,992.7999877929688,950.625,957.625,567652
2015-07-20,893.3280029296875,979.5750122070312,999.875,975.0,992.5,369436
2015-07-21,887.582763671875,973.2750244140625,988.5,965.0,983.4749755859375,260050
2015-07-22,886.3060302734375,971.875,979.9500122070312,964.8250122070312,975.5,90866
2015-07-23,901.3533325195312,988.375,991.875,970.7000122070312,974.0,288528
2015-07-24,891.7777709960938,977.875,996.4249877929688,973.9500122070312,988.375,156680
2015-07-27,869.2752075195312,953.2000122070312,979.6749877929688,950.0,978.0,200888
2015-07-28,873.2194213867188,957.5250244140625,971.5,951.0,955.0,158692
2015-07-29,870.1644287109375,954.1749877929688,971.0,950.5750122070312,958.0,216962
2015-07-30,880.104736328125,965.0750122070312,971.0,957.5,962.0,373364
2015-07-31,894.4451293945312,980.7999877929688,989.0,965.125,965.125,396792
2015-08-03,899.4154052734375,986.25,997.4500122070312,977.125,983.0,221158
2015-08-04,893.8751831054688,980.1749877929688,986.0,970.0999755859375,986.0,304904
2015-08-05,910.49560546875,998.4000244140625,1005.0,976.625,990.4749755859375,248208
2015-08-06,919.4771118164062,998.1500244140625,1011.5750122070312,986.0499877929688,992.5,442702
2015-08-07,907.5247802734375,985.1749877929688,1007.8499755859375,978.9500122070312,1001.4500122070312,210878
2015-08-10,950.0833740234375,1031.375,1072.5,1027.5,1055.0,1150876
2015-08-11,986.2627563476562,1070.6500244140625,1086.800048828125,1033.5999755859375,1040.9749755859375,971462
2015-08-12,1003.9956665039062,1089.9000244140625,1097.5,1071.5,1071.5,582158
2015-08-13,1005.1700439453125,1091.175048828125,1118.0,1080.9000244140625,1100.0,786688
2015-08-14,1005.4464111328125,1091.4749755859375,1106.7249755859375,1077.5,1091.0,418214
2015-08-17,1017.4677124023438,1104.5250244140625,1107.875,1086.300048828125,1091.5,279608
2015-08-18,1055.0977783203125,1145.375,1151.5,1101.0,1104.5,577384
2015-08-19,1112.8790283203125,1208.0999755859375,1223.8499755859375,1141.6500244140625,1150.0,975914
2015-08-20,1107.3060302734375,1202.050048828125,1215.0,1189.1500244140625,1202.5,904628
2015-08-21,1123.795166015625,1219.949951171875,1242.3499755859375,1176.25,1176.25,1141290
2015-08-24,1024.7220458984375,1112.4000244140625,1214.5,1104.0250244140625,1190.0,839972
2015-08-25,995.6355590820312,1080.824951171875,1149.9000244140625,1028.0,1130.0,1064464
2015-08-26,993.7703857421875,1078.800048828125,1174.0250244140625,1067.5,1095.175048828125,824334
2015-08-27,1019.0338134765625,1106.2249755859375,1132.75,1082.5,1104.5,911324
2015-08-28,1035.29248046875,1123.875,1140.0,1107.5,1125.0,502104
2015-08-31,1088.88232421875,1182.050048828125,1200.0,1114.875,1124.5,870912
2015-09-01,1056.8714599609375,1147.300048828125,1207.5,1129.5,1194.8499755859375,748214
2015-09-02,1036.490234375,1125.175048828125,1174.0,1120.0,1174.0,666404
2015-09-03,1032.1143798828125,1120.425048828125,1143.0,1110.0250244140625,1135.0,551404
2015-09-04,1002.5906982421875,1088.375,1132.5,1065.1500244140625,1120.425048828125,731552
2015-09-07,964.5689697265625,1047.0999755859375,1098.0,1040.5,1090.0,622694
2015-09-08,964.3154907226562,1046.824951171875,1062.4000244140625,1017.5,1040.0999755859375,682920
2015-09-09,954.1825561523438,1035.824951171875,1071.0,1026.050048828125,1061.5,808550
2015-09-10,994.415283203125,1079.5,1087.800048828125,1003.1749877929688,1022.6500244140625,899004
2015-09-11,986.3548583984375,1070.75,1105.0,1061.125,1092.7750244140625,601782
2015-09-14,1009.66064453125,1096.050048828125,1104.074951171875,1066.550048828125,1077.5,540042
2015-09-15,1006.2754516601562,1092.375,1111.800048828125,1085.0,1103.9000244140625,385476
2015-09-16,1018.642333984375,1105.800048828125,1123.675048828125,1092.574951171875,1099.5,1300500
2015-09-18,1024.9755859375,1112.675048828125,1129.5,1100.0,1118.5,736506
2015-09-21,1028.7293701171875,1116.75,1120.75,1102.449951171875,1107.425048828125,795264
2015-09-22,1017.4908447265625,1104.550048828125,1126.0,1088.675048828125,1120.0,1237088
2015-09-23,1026.8408203125,1114.699951171875,1125.0,1065.0,1106.800048828125,558209
2015-09-24,1033.012939453125,1121.4000244140625,1137.0,1115.0,1116.0,504230
2015-09-28,1021.2680053710938,1108.6500244140625,1137.0,1094.449951171875,1130.0,546436
2015-09-29,1015.3261108398438,1102.199951171875,1114.75,1095.0,1097.5,163955
2015-09-30,1027.071044921875,1114.949951171875,1127.0,1106.699951171875,1127.0,417245
2015-10-01,1037.2039794921875,1125.949951171875,1130.0,1110.75,1130.0,291154
2015-10-05,1049.8243408203125,1139.6500244140625,1152.75,1125.4000244140625,1135.0,628718
2015-10-06,1047.3369140625,1136.949951171875,1160.4000244140625,1121.9000244140625,1158.0,406514
2015-10-07,1046.1396484375,1135.6500244140625,1145.0,1126.1500244140625,1138.9000244140625,279738
2015-10-08,1003.6268920898438,1089.5,1140.0,1087.0,1136.0,322234
2015-10-09,1009.06201171875,1095.4000244140625,1105.9000244140625,1076.800048828125,1094.949951171875,289890
2015-10-12,1010.8123779296875,1097.300048828125,1101.0,1082.9000244140625,1098.0,339264
2015-10-13,1009.66064453125,1096.050048828125,1103.9000244140625,1083.550048828125,1101.9000244140625,270165
2015-10-14,986.723388671875,1071.1500244140625,1095.9000244140625,1065.199951171875,1093.300048828125,486198
2015-10-15,979.7683715820312,1063.5999755859375,1082.0,1061.0,1072.0,151136
2015-10-16,985.3418579101562,1069.6500244140625,1074.800048828125,1052.0,1065.0,214349
2015-10-19,1014.35888671875,1101.1500244140625,1108.949951171875,1072.3499755859375,1072.3499755859375,297844
2015-10-20,993.9085693359375,1078.949951171875,1114.4000244140625,1075.8499755859375,1105.0,234968
2015-10-21,1002.5675659179688,1088.3499755859375,1094.0,1067.550048828125,1080.0,273662
2015-10-23,1004.087646484375,1090.0,1097.949951171875,1081.0,1097.949951171875,241811
2015-10-26,1007.2196044921875,1093.4000244140625,1102.0,1084.0,1092.0,354438
2015-10-27,1011.7333374023438,1098.300048828125,1117.25,1074.5999755859375,1094.949951171875,201887
2015-10-28,1022.28076171875,1109.75,1115.9000244140625,1091.0,1098.0,548935
2015-10-29,1032.7364501953125,1121.0999755859375,1131.199951171875,1092.4000244140625,1110.0,665771
2015-10-30,1062.9049072265625,1153.8499755859375,1166.4000244140625,1124.3499755859375,1127.0,473494
2015-11-02,1064.83935546875,1155.949951171875,1164.949951171875,1120.300048828125,1159.0,407864
2015-11-03,1095.83740234375,1189.5999755859375,1195.0,1158.0,1158.0,567727
2015-11-04,1083.0789794921875,1175.75,1204.300048828125,1171.5999755859375,1196.0,419054
2015-11-05,1062.9049072265625,1153.8499755859375,1187.0999755859375,1146.800048828125,1175.0,257738
2015-11-06,1032.966552734375,1121.3499755859375,1164.0,1100.0,1154.0,375940
2015-11-09,1049.3636474609375,1139.1500244140625,1158.0,1091.0,1109.800048828125,286276
2015-11-10,1027.2091064453125,1115.0999755859375,1148.0,1100.0,1140.800048828125,290554
2015-11-13,1055.0751953125,1145.3499755859375,1156.3499755859375,1109.0,1109.0,237426
2015-11-16,1038.0330810546875,1126.8499755859375,1167.550048828125,1120.0,1145.0999755859375,278606
2015-11-17,1035.637939453125,1124.25,1139.8499755859375,1108.0,1136.0,281249
2015-11-18,1043.0076904296875,1132.25,1138.0,1122.199951171875,1124.5,174558
2015-11-19,1061.799560546875,1152.6500244140625,1163.0,1129.0,1144.0,290252
2015-11-20,1058.4835205078125,1149.050048828125,1160.0,1142.3499755859375,1154.5,123194
2015-11-23,1059.6348876953125,1150.300048828125,1173.9000244140625,1137.5,1149.050048828125,212724
2015-11-24,1054.7987060546875,1145.050048828125,1165.5,1133.1500244140625,1152.0,216009
2015-11-26,1040.1058349609375,1129.0999755859375,1149.0,1121.199951171875,1145.0,534645
2015-11-27,1055.443359375,1145.75,1152.0,1131.0999755859375,1131.0999755859375,598446
2015-11-30,1059.6348876953125,1150.300048828125,1167.0,1125.0,1147.0,544833
2015-12-01,1046.32373046875,1135.8499755859375,1150.0,1132.199951171875,1143.0,144274
2015-12-02,1048.3963623046875,1138.0999755859375,1151.699951171875,1132.0,1145.5,242630
2015-12-03,1037.848876953125,1126.6500244140625,1143.3499755859375,1122.0,1140.0,198431
2015-12-04,1040.796630859375,1129.8499755859375,1144.0,1115.25,1122.0,278270
2015-12-07,1039.3228759765625,1128.25,1149.9000244140625,1061.8499755859375,1131.0,144834
2015-12-08,1040.934814453125,1130.0,1149.3499755859375,1125.0,1126.0,231568
2015-12-09,1034.532470703125,1123.050048828125,1139.0,1103.0999755859375,1130.0,277050
2015-12-10,1019.14892578125,1106.3499755859375,1133.0,1099.0999755859375,1126.8499755859375,179075
2015-12-11,1037.1580810546875,1125.9000244140625,1130.0,1098.0999755859375,1110.0,279448
2015-12-14,1039.9676513671875,1128.949951171875,1142.5,1119.699951171875,1130.0,268495
2015-12-15,1030.8477783203125,1119.050048828125,1132.199951171875,1115.699951171875,1128.949951171875,301425
2015-12-16,1028.268798828125,1116.25,1137.0,1113.0,1129.0,230698
2015-12-17,1041.349365234375,1130.449951171875,1135.0,1118.3499755859375,1120.75,377943
2015-12-18,1057.6082763671875,1148.0999755859375,1152.449951171875,1129.0,1131.0,455033
2015-12-21,1069.53759765625,1161.050048828125,1173.300048828125,1157.050048828125,1159.0,433168
2015-12-22,1072.3470458984375,1164.0999755859375,1173.0,1157.0,1159.800048828125,176056
2015-12-23,1074.604248046875,1166.550048828125,1179.5,1158.6500244140625,1167.0,180507
2015-12-24,1074.696044921875,1166.6500244140625,1177.5,1162.0,1171.9000244140625,104277
2015-12-28,1080.49951171875,1172.949951171875,1185.5999755859375,1166.5,1166.6500244140625,162979
2015-12-29,1074.9263916015625,1166.9000244140625,1184.4000244140625,1154.6500244140625,1175.0,189792
2015-12-30,1067.28076171875,1158.5999755859375,1174.9000244140625,1155.0,1171.0,138608
2015-12-31,1063.826171875,1154.8499755859375,1166.75,1145.0999755859375,1160.050048828125,302126
2016-01-01,1070.873291015625,1162.5,1165.0,1145.550048828125,1154.0,100178
2016-01-04,1059.082275390625,1149.699951171875,1173.699951171875,1137.800048828125,1161.0,233101
2016-01-05,1057.055419921875,1147.5,1157.5,1138.5,1147.0,302272
2016-01-06,1047.5675048828125,1137.199951171875,1154.300048828125,1135.0,1149.0,392164
2016-01-07,1038.1253662109375,1126.949951171875,1136.550048828125,1115.0,1115.0,316523
2016-01-08,1040.6583251953125,1129.699951171875,1139.75,1122.0,1139.75,366442
2016-01-11,1012.8387451171875,1099.5,1128.0,1094.300048828125,1128.0,168277
2016-01-12,1013.5756225585938,1100.300048828125,1108.800048828125,1088.699951171875,1100.0,275705
2016-01-13,998.974853515625,1084.449951171875,1116.5999755859375,1059.0,1105.0,239949
2016-01-14,1001.738525390625,1087.449951171875,1100.0,1065.0,1075.5,366830
2016-01-15,992.2042236328125,1077.0999755859375,1092.6500244140625,1062.5999755859375,1088.949951171875,152999
2016-01-18,983.2689208984375,1067.4000244140625,1080.0,1036.0,1077.9000244140625,229101
2016-01-19,986.3086547851562,1070.699951171875,1080.800048828125,1040.0,1064.8499755859375,667040
2016-01-20,976.6362915039062,1060.199951171875,1079.050048828125,1041.6500244140625,1067.0,359534
2016-01-21,974.563720703125,1057.949951171875,1076.0999755859375,1051.050048828125,1069.75,337935
2016-01-22,996.5799560546875,1081.8499755859375,1091.0,1061.0,1062.0,162161
2016-01-25,1001.4160766601562,1087.0999755859375,1104.800048828125,1082.300048828125,1099.800048828125,210420
2016-01-27,1054.015380859375,1144.199951171875,1148.800048828125,1085.0,1085.0,383545
2016-01-28,1040.1519775390625,1129.1500244140625,1154.0,1107.8499755859375,1139.0,334538
2016-01-29,1051.0218505859375,1140.949951171875,1156.0,1115.1500244140625,1148.0,349675
2016-02-01,1051.9429931640625,1141.949951171875,1158.0,1130.550048828125,1152.0,283070
2016-02-02,1035.8685302734375,1124.5,1161.25,1113.4000244140625,1140.0,303619
2016-02-03,1019.3331298828125,1106.550048828125,1135.5,1101.0,1120.0,249442
2016-02-04,1001.6005249023438,1087.300048828125,1111.800048828125,1056.0999755859375,1111.800048828125,512652
2016-02-05,1022.9256591796875,1110.449951171875,1120.0,1074.4000244140625,1083.0,474625
2016-02-08,984.42041015625,1068.6500244140625,1091.5999755859375,1058.25,1080.0,520662
2016-02-09,952.1790771484375,1033.6500244140625,1075.0,1022.9500122070312,1055.0,301134
2016-02-10,937.4400634765625,1017.6500244140625,1032.9000244140625,997.3499755859375,1024.800048828125,366989
2016-02-11,939.1903686523438,1019.5499877929688,1024.199951171875,990.0,1002.0,462682
2016-02-12,909.3441162109375,987.1500244140625,1026.0999755859375,960.25,1021.2000122070312,736094
2016-02-15,914.502685546875,992.75,1009.5,986.2000122070312,1003.0,455879
2016-02-16,893.3155517578125,969.75,992.0,950.2000122070312,986.25,395940
2016-02-17,910.5877685546875,988.5,999.0,930.0,973.2000122070312,526313
2016-02-18,898.4741821289062,975.3499755859375,1009.0499877929688,961.0999755859375,998.9000244140625,342584
2016-02-19,917.1741943359375,995.6500244140625,1001.0,960.75,975.5,212929
2016-02-22,913.2590942382812,991.4000244140625,1025.0,986.5999755859375,1015.0,359241
2016-02-23,902.7576904296875,980.0,991.7999877929688,972.0,989.9500122070312,314131
2016-02-24,867.6607055664062,941.9000244140625,979.0,926.5999755859375,979.0,823896
2016-02-25,866.6934204101562,940.8499755859375,945.25,930.0999755859375,935.0,679713
2016-02-26,860.4293823242188,934.0499877929688,962.7999877929688,923.25,952.7000122070312,583423
2016-02-29,875.6287841796875,950.5499877929688,957.2000122070312,917.7999877929688,935.0,792995
2016-03-01,881.9849853515625,957.4500122070312,960.8499755859375,942.4500122070312,955.0,486669
2016-03-02,893.9603881835938,970.4500122070312,996.4000244140625,957.9500122070312,963.0,616872
2016-03-03,900.5468139648438,977.5999755859375,986.0,966.3499755859375,976.0,479030
2016-03-04,930.9918212890625,1010.6500244140625,1023.7000122070312,977.2000122070312,977.5999755859375,531786
2016-03-08,942.13818359375,1022.75,1025.550048828125,998.0,1010.7000122070312,387188
2016-03-09,930.0245971679688,1009.5999755859375,1022.75,998.0999755859375,1022.75,203045
2016-03-10,936.2887573242188,1016.4000244140625,1027.699951171875,1002.0,1010.0,262703
2016-03-11,925.1422119140625,1004.2999877929688,1023.0,999.5,1023.0,248070
2016-03-14,932.7421264648438,1012.5499877929688,1018.5999755859375,997.5499877929688,1014.5,503296
2016-03-15,887.742431640625,963.7000122070312,1020.0,941.0999755859375,1020.0,1371394
2016-03-16,898.9346923828125,975.8499755859375,987.0,953.0499877929688,959.0,464515
2016-03-17,907.6370239257812,975.2000122070312,983.75,966.5,980.0,623673
2016-03-18,915.6876220703125,983.8499755859375,988.1500244140625,956.5,978.5,314050
2016-03-21,923.2265014648438,991.9500122070312,999.0,969.0999755859375,980.0,276676
2016-03-22,911.22021484375,979.0499877929688,997.2000122070312,960.2000122070312,997.2000122070312,630746
2016-03-23,902.23876953125,969.4000244140625,980.0,958.0,979.4500122070312,519608
2016-03-28,904.8448486328125,972.2000122070312,979.0,960.0499877929688,978.0,382087
2016-03-29,909.312255859375,977.0,981.25,935.0999755859375,970.0,528121
2016-03-30,914.1985473632812,982.25,990.5999755859375,972.1500244140625,976.7999877929688,573823
2016-03-31,918.8521728515625,987.25,989.9000244140625,968.75,986.0,461518
2016-04-01,938.6763916015625,1008.5499877929688,1011.4500122070312,977.9500122070312,984.9500122070312,228313
2016-04-04,940.5843505859375,1010.5999755859375,1013.9000244140625,990.75,1010.0499877929688,112395
2016-04-05,943.1437377929688,1013.3499755859375,1028.0,1000.7000122070312,1007.5999755859375,275291
2016-04-06,926.204833984375,995.1500244140625,1018.4000244140625,971.8499755859375,1012.7999877929688,729242
2016-04-07,943.6558227539062,1013.9000244140625,1024.5999755859375,985.5,1004.7999877929688,226225
2016-04-08,943.2369384765625,1013.4500122070312,1020.0,999.5999755859375,1010.2000122070312,133452
2016-04-11,949.4262084960938,1020.0999755859375,1037.0,1005.0999755859375,1014.9000244140625,276931
2016-04-12,951.1015014648438,1021.9000244140625,1034.9000244140625,1012.0,1027.0,187964
2016-04-13,952.171875,1023.0499877929688,1035.0,1008.5999755859375,1035.0,444316
2016-04-18,967.0633544921875,1039.050048828125,1049.0,1009.0,1009.0,300959
2016-04-20,975.9052734375,1048.550048828125,1053.449951171875,1032.9000244140625,1048.949951171875,362803
2016-04-21,1015.460693359375,1091.050048828125,1095.199951171875,1048.0,1060.0,566475
2016-04-22,995.3571166992188,1069.449951171875,1106.4000244140625,1064.0,1099.449951171875,648920
2016-04-25,986.5154418945312,1059.949951171875,1076.6500244140625,1056.8499755859375,1067.949951171875,234919
2016-04-26,985.1190795898438,1058.449951171875,1068.699951171875,1051.0999755859375,1063.8499755859375,448874
2016-04-27,970.0415649414062,1042.25,1071.0,1038.199951171875,1071.0,320238
2016-04-28,977.394287109375,1050.1500244140625,1058.75,1036.199951171875,1042.6500244140625,323697
2016-04-29,978.2785034179688,1051.0999755859375,1060.949951171875,1041.0,1059.0,183734
2016-05-02,982.6530151367188,1055.800048828125,1059.75,1043.4000244140625,1048.0,105563
2016-05-03,968.0872192382812,1040.1500244140625,1067.550048828125,1036.949951171875,1060.0999755859375,245808
2016-05-04,978.1854858398438,1051.0,1055.0,1025.0,1042.5,248101
2016-05-05,971.6705322265625,1044.0,1064.5,1038.4000244140625,1060.0,240051
2016-05-06,951.3807983398438,1022.2000122070312,1044.0999755859375,1019.2000122070312,1044.0999755859375,320213
2016-05-09,977.3013305664062,1050.050048828125,1065.0,1019.4000244140625,1026.0,285857
2016-05-10,996.9860229492188,1071.199951171875,1074.9000244140625,1045.4000244140625,1060.0,294333
2016-05-11,991.1689453125,1064.949951171875,1083.9000244140625,1048.0,1068.0,265876
2016-05-12,990.3313598632812,1064.050048828125,1079.0,1062.0999755859375,1073.9000244140625,283261
2016-05-13,1003.873291015625,1078.5999755859375,1081.0,1056.1500244140625,1058.0,162565
2016-05-16,984.0025634765625,1057.25,1078.5999755859375,1045.0,1078.5999755859375,219481
2016-05-17,1014.6229858398438,1090.1500244140625,1094.0,1058.0,1060.0,784700
2016-05-18,996.4741821289062,1070.6500244140625,1089.949951171875,1068.0,1084.0,224889
2016-05-19,983.0717163085938,1056.25,1077.0,1052.0999755859375,1071.949951171875,440328
2016-05-20,970.9725341796875,1043.25,1067.5999755859375,1039.0,1057.449951171875,164093
2016-05-23,963.0145874023438,1034.699951171875,1053.9000244140625,1028.300048828125,1046.0,175588
2016-05-24,958.8729858398438,1030.25,1043.4000244140625,1013.4500122070312,1017.0,201240
2016-05-25,967.9940795898438,1040.050048828125,1046.199951171875,1031.4000244140625,1035.050048828125,125503
2016-05-26,969.3436279296875,1041.5,1049.9000244140625,1026.800048828125,1041.4000244140625,202483
2016-05-27,1009.504150390625,1084.6500244140625,1089.0,1043.0,1043.0,224931
2016-05-30,1033.2376708984375,1110.1500244140625,1120.800048828125,1081.0,1120.6500244140625,694026
2016-05-31,1023.2787475585938,1099.449951171875,1123.300048828125,1092.0,1114.9000244140625,538448
2016-06-01,1047.756591796875,1125.75,1135.9000244140625,1092.0,1092.0,506466
2016-06-02,1062.6483154296875,1141.75,1146.4000244140625,1108.0,1118.0,483965
2016-06-03,1061.7174072265625,1140.75,1152.4000244140625,1128.4000244140625,1142.9000244140625,471371
2016-06-06,1062.927734375,1142.050048828125,1168.5,1138.0999755859375,1141.0,456329
2016-06-07,1068.69775390625,1148.25,1152.0,1130.25,1149.0,278491
2016-06-08,1058.6923828125,1137.5,1150.5,1133.0,1148.25,160125
2016-06-09,1036.3551025390625,1113.5,1147.550048828125,1106.550048828125,1143.699951171875,194652
2016-06-10,1045.4764404296875,1123.300048828125,1127.0,1097.0,1114.75,337843
2016-06-13,1044.2664794921875,1122.0,1126.949951171875,1102.75,1115.0,250050
2016-06-14,1037.7979736328125,1115.050048828125,1139.800048828125,1106.0,1123.25,343112
2016-06-15,1045.4296875,1123.25,1126.9000244140625,1109.199951171875,1116.300048828125,445509
2016-06-16,1030.8175048828125,1107.550048828125,1127.0,1102.25,1122.550048828125,197059
2016-06-17,1036.02978515625,1113.1500244140625,1118.4000244140625,1095.25,1111.0,295478
2016-06-20,1045.24365234375,1123.050048828125,1124.949951171875,1098.800048828125,1111.9000244140625,191427
2016-06-21,1039.799072265625,1117.199951171875,1128.949951171875,1108.1500244140625,1124.300048828125,360516
2016-06-22,1031.5621337890625,1108.3499755859375,1128.0,1102.050048828125,1128.0,179789
2016-06-23,1026.350341796875,1102.75,1112.6500244140625,1100.050048828125,1109.8499755859375,299256
2016-06-24,1023.79052734375,1100.0,1109.5999755859375,1057.0,1081.699951171875,385379
2016-06-27,1021.9758911132812,1098.050048828125,1109.25,1081.0,1081.0,298080
2016-06-28,1030.4918212890625,1107.199951171875,1114.5,1095.25,1099.0,580907
2016-06-29,1033.7027587890625,1110.6500244140625,1119.75,1104.9000244140625,1112.0,285257
2016-06-30,1032.7720947265625,1109.6500244140625,1121.0,1099.0,1121.0,781154
2016-07-01,1055.06298828125,1133.5999755859375,1137.8499755859375,1116.25,1120.0,441798
2016-07-04,1065.1146240234375,1144.4000244140625,1149.199951171875,1134.4000244140625,1137.5,284864
2016-07-05,1060.181884765625,1139.0999755859375,1143.9000244140625,1131.25,1136.25,138753
2016-07-07,1045.1973876953125,1123.0,1144.949951171875,1118.800048828125,1142.0,256965
2016-07-08,1044.0804443359375,1121.800048828125,1129.800048828125,1110.0,1129.800048828125,351498
2016-07-11,1070.6058349609375,1150.300048828125,1155.0,1125.0,1126.199951171875,253886
2016-07-12,1083.2635498046875,1163.9000244140625,1173.4000244140625,1155.0,1155.0,340867
2016-07-13,1085.1251220703125,1165.9000244140625,1174.949951171875,1156.25,1170.0,691963
2016-07-14,1073.584228515625,1153.5,1172.449951171875,1150.0999755859375,1172.449951171875,289284
2016-07-15,1072.60693359375,1152.449951171875,1165.949951171875,1148.550048828125,1155.5,270276
2016-07-18,1071.5364990234375,1151.300048828125,1169.4000244140625,1140.25,1152.449951171875,402223
2016-07-19,1078.7960205078125,1159.0999755859375,1164.949951171875,1146.9000244140625,1152.5999755859375,288709
2016-07-20,1104.2977294921875,1186.5,1190.449951171875,1157.75,1159.0999755859375,385006
2016-07-21,1105.5543212890625,1187.8499755859375,1197.0,1179.5,1190.5,473335
2016-07-22,1121.1903076171875,1204.6500244140625,1214.0,1186.0,1191.0,461601
2016-07-25,1120.72509765625,1204.1500244140625,1229.0,1198.050048828125,1206.0,481192
2016-07-26,1104.251220703125,1186.449951171875,1211.0,1183.0,1206.0,211255
2016-07-27,1107.3692626953125,1189.800048828125,1196.949951171875,1174.25,1187.0,241400
2016-07-28,1112.67431640625,1195.5,1203.0,1166.550048828125,1190.0,415548
2016-07-29,1115.46630859375,1198.5,1210.0,1192.9000244140625,1197.0,390486
2016-08-01,1093.9202880859375,1175.3499755859375,1209.949951171875,1169.0999755859375,1199.0,263163
2016-08-02,1099.5511474609375,1181.4000244140625,1191.4000244140625,1173.0999755859375,1177.0,109773
2016-08-03,1091.453857421875,1172.699951171875,1191.0,1170.0,1182.0,150079
2016-08-04,1071.02490234375,1150.75,1185.0,1141.0,1175.699951171875,228739
2016-08-05,1102.11083984375,1184.1500244140625,1189.949951171875,1153.25,1155.0,165700
2016-08-08,1110.2547607421875,1192.9000244140625,1199.699951171875,1175.5,1188.0,124723
2016-08-09,1102.5760498046875,1184.6500244140625,1195.8499755859375,1175.3499755859375,1195.0,185024
2016-08-10,1079.5406494140625,1159.9000244140625,1185.9000244140625,1152.5,1185.9000244140625,182258
2016-08-11,1094.478759765625,1175.949951171875,1185.0,1144.300048828125,1161.0999755859375,364846
2016-08-12,1111.32470703125,1194.050048828125,1199.75,1173.0,1180.050048828125,444729
2016-08-16,1174.47412109375,1261.9000244140625,1281.5999755859375,1210.1500244140625,1210.1500244140625,1254941
2016-08-17,1185.875244140625,1274.1500244140625,1285.0,1253.4000244140625,1261.0,630246
2016-08-18,1187.224853515625,1275.5999755859375,1285.0,1248.75,1279.449951171875,573970
2016-08-19,1209.9344482421875,1300.0,1305.5,1275.5999755859375,1275.5999755859375,600203
2016-08-22,1213.2850341796875,1303.5999755859375,1324.300048828125,1295.25,1300.5,342572
2016-08-23,1223.2437744140625,1314.300048828125,1319.699951171875,1290.25,1306.550048828125,266945
2016-08-24,1254.4691162109375,1347.8499755859375,1357.25,1315.9000244140625,1318.8499755859375,665901
2016-08-25,1245.11572265625,1337.800048828125,1381.5999755859375,1331.75,1350.0,624369
2016-08-26,1239.4847412109375,1331.75,1350.0,1321.6500244140625,1329.949951171875,358191
2016-08-29,1213.0059814453125,1303.300048828125,1344.699951171875,1294.199951171875,1335.0999755859375,396327
2016-08-30,1223.01123046875,1314.050048828125,1339.5,1303.550048828125,1310.050048828125,483127
2016-08-31,1230.8756103515625,1322.5,1335.0999755859375,1311.5999755859375,1315.0,635036
2016-09-01,1226.5479736328125,1317.8499755859375,1332.0,1300.0999755859375,1320.0,389591
2016-09-02,1223.6624755859375,1314.75,1326.800048828125,1305.25,1317.9000244140625,309086
2016-09-06,1237.669921875,1329.800048828125,1332.0,1307.949951171875,1319.0,251201
2016-09-07,1226.268798828125,1317.550048828125,1345.0,1310.6500244140625,1325.0,247033
2016-09-08,1239.2987060546875,1331.550048828125,1334.949951171875,1315.25,1324.800048828125,333250
2016-09-09,1232.411376953125,1324.1500244140625,1355.550048828125,1312.199951171875,1339.0,293125
2016-09-12,1213.6573486328125,1304.0,1318.25,1294.0,1311.1500244140625,251865
2016-09-14,1219.427734375,1310.199951171875,1315.9000244140625,1298.0999755859375,1305.050048828125,212868
2016-09-15,1245.11572265625,1337.800048828125,1341.949951171875,1305.3499755859375,1310.0,403832
2016-09-16,1249.5830078125,1342.5999755859375,1360.199951171875,1331.25,1351.449951171875,573650
2016-09-19,1251.351318359375,1344.5,1354.9000244140625,1242.5,1339.0,452375
2016-09-20,1243.8126220703125,1336.4000244140625,1357.1500244140625,1333.25,1353.949951171875,329038
2016-09-21,1237.1578369140625,1329.25,1347.699951171875,1325.0,1336.0,189804
2016-09-22,1236.92529296875,1329.0,1343.4000244140625,1322.0,1339.5,226991
2016-09-23,1242.463134765625,1334.949951171875,1344.300048828125,1315.0,1330.5,346847
2016-09-26,1240.0430908203125,1332.3499755859375,1351.3499755859375,1323.5,1339.0,292044
2016-09-27,1228.36279296875,1319.800048828125,1340.949951171875,1310.75,1338.0,168646
2016-09-28,1226.9666748046875,1318.300048828125,1323.0,1310.75,1320.0,264258
2016-09-29,1205.3275146484375,1295.050048828125,1326.449951171875,1220.0,1320.0,1097313
2016-09-30,1201.3720703125,1290.800048828125,1300.0,1270.0,1275.5,233870
2016-10-03,1209.7484130859375,1299.800048828125,1318.0,1291.0,1291.0,333442
2016-10-04,1208.6781005859375,1298.6500244140625,1311.5,1293.4000244140625,1305.0,197552
2016-10-05,1194.996337890625,1283.949951171875,1311.449951171875,1269.0,1306.0,434420
2016-10-06,1181.45458984375,1269.4000244140625,1292.0,1264.5,1280.0,641255
2016-10-07,1183.5487060546875,1271.6500244140625,1280.949951171875,1264.0,1269.449951171875,311475
2016-10-10,1177.0335693359375,1264.6500244140625,1280.0,1261.0999755859375,1280.0,163028
2016-10-13,1160.140869140625,1246.5,1269.949951171875,1230.8499755859375,1264.6500244140625,300081
2016-10-14,1149.0654296875,1234.5999755859375,1255.9000244140625,1230.25,1250.0,251771
2016-10-17,1139.7119140625,1224.550048828125,1244.6500244140625,1211.0,1236.0999755859375,341435
2016-10-18,1190.9012451171875,1279.550048828125,1284.800048828125,1215.0,1215.0,498335
2016-10-19,1180.104736328125,1267.949951171875,1280.0,1261.25,1279.0,169237
2016-10-20,1169.2154541015625,1256.25,1279.9000244140625,1250.0,1269.3499755859375,139088
2016-10-21,1186.2012939453125,1274.5,1279.75,1241.0999755859375,1256.0,273426
2016-10-24,1178.5693359375,1266.300048828125,1289.3499755859375,1256.300048828125,1282.0,174109
2016-10-25,1189.0863037109375,1277.5999755859375,1296.9000244140625,1262.1500244140625,1262.1500244140625,396724
2016-10-26,1187.0386962890625,1275.4000244140625,1287.5,1264.0,1281.0,183546
2016-10-27,1187.783447265625,1276.199951171875,1303.800048828125,1265.0,1276.800048828125,1586411
2016-10-28,1191.22705078125,1279.9000244140625,1292.449951171875,1275.050048828125,1277.5999755859375,302744
2016-11-01,1198.3936767578125,1287.5999755859375,1297.0,1281.550048828125,1290.0,243446
2016-11-02,1179.54638671875,1267.3499755859375,1285.0,1255.449951171875,1275.0,369096
2016-11-03,1172.3800048828125,1259.6500244140625,1273.0,1251.0999755859375,1267.3499755859375,267019
2016-11-04,1167.0748291015625,1253.949951171875,1264.949951171875,1213.4000244140625,1260.0,280678
2016-11-07,1179.0345458984375,1266.800048828125,1279.300048828125,1256.3499755859375,1270.0,362185
2016-11-08,1158.79150390625,1245.050048828125,1266.9000244140625,1236.300048828125,1266.9000244140625,173337
2016-11-09,1164.8876953125,1251.5999755859375,1260.0,1130.0,1175.0,496344
2016-11-10,1168.610595703125,1255.5999755859375,1277.0,1244.5,1267.5,135935
2016-11-11,1136.454345703125,1221.050048828125,1256.0,1209.949951171875,1245.0,287849
2016-11-15,1081.0299072265625,1161.5,1205.0,1142.6500244140625,1205.0,756365
2016-11-16,1073.1654052734375,1153.050048828125,1180.0,1111.0,1180.0,542704
2016-11-17,1086.1490478515625,1167.0,1175.0,1121.050048828125,1153.8499755859375,279284
2016-11-18,1102.1571044921875,1184.199951171875,1190.0,1150.0,1154.0,190525
2016-11-21,1088.8480224609375,1169.9000244140625,1197.449951171875,1156.300048828125,1191.75,424566
2016-11-22,1097.643310546875,1179.3499755859375,1187.800048828125,1148.050048828125,1180.0,356426
2016-11-23,1096.107421875,1177.699951171875,1191.0999755859375,1167.0,1182.0,235062
2016-11-24,1068.1395263671875,1147.6500244140625,1175.3499755859375,1142.5,1162.5999755859375,565194
2016-11-25,1075.0267333984375,1155.050048828125,1168.949951171875,1130.0,1148.0999755859375,501144
2016-11-28,1085.404296875,1166.199951171875,1174.449951171875,1149.6500244140625,1155.0,322168
2016-11-29,1093.0826416015625,1174.449951171875,1193.5999755859375,1158.0,1166.199951171875,179598
2016-11-30,1092.6639404296875,1174.0,1189.800048828125,1163.0,1174.449951171875,519489
2016-12-01,1070.65234375,1150.3499755859375,1184.0,1141.199951171875,1184.0,409981
2016-12-02,1057.1571044921875,1135.8499755859375,1145.199951171875,1122.4000244140625,1140.0,315145
2016-12-05,1053.899169921875,1132.3499755859375,1149.75,1129.0999755859375,1135.8499755859375,281718
2016-12-06,1074.2821044921875,1154.25,1163.449951171875,1136.0,1136.0,252914
2016-12-07,1080.331787109375,1160.75,1166.0,1140.800048828125,1162.0,384693
2016-12-08,1080.5645751953125,1161.0,1174.0,1088.550048828125,1119.0,1392033
2016-12-09,1081.0299072265625,1161.5,1169.4000244140625,1145.5,1164.0,143298
2016-12-12,1070.0009765625,1149.6500244140625,1162.300048828125,1142.699951171875,1162.0,98459
2016-12-13,1079.9595947265625,1160.3499755859375,1171.6500244140625,1141.800048828125,1150.0,387406
2016-12-14,1090.6163330078125,1171.800048828125,1184.0,1160.0999755859375,1161.6500244140625,296015
2016-12-15,1072.1881103515625,1152.0,1180.0,1148.300048828125,1171.0,313230
2016-12-16,1071.8157958984375,1151.5999755859375,1162.0,1140.0,1155.4000244140625,226907
2016-12-19,1081.7279052734375,1162.25,1168.0,1145.800048828125,1152.9000244140625,258789
2016-12-20,1061.9967041015625,1141.050048828125,1162.0,1138.550048828125,1162.0,140238
2016-12-21,1069.023681640625,1148.5999755859375,1163.449951171875,1140.050048828125,1142.0,387260
2016-12-22,1031.4691162109375,1108.25,1150.0,1105.0,1148.0,402626
2016-12-23,801.8142700195312,861.5,1108.199951171875,801.0999755859375,1100.5,13374164
2016-12-26,709.4869384765625,762.2999877929688,850.0,743.6500244140625,850.0,18358412
2016-12-27,733.8251953125,788.4500122070312,797.0,760.0,760.0,5970762
2016-12-28,767.4706420898438,824.5999755859375,842.0,787.0,795.5,6649536
2016-12-29,734.5697631835938,789.25,836.7000122070312,781.3499755859375,827.9000244140625,5931262
2016-12-30,729.404296875,783.7000122070312,799.9000244140625,772.0,791.0,3817278
2017-01-02,742.5740356445312,797.8499755859375,803.8499755859375,783.7999877929688,794.7999877929688,2246725
2017-01-03,723.9595947265625,777.8499755859375,811.4500122070312,773.6500244140625,801.0,2244443
2017-01-04,700.1796875,752.2999877929688,784.7999877929688,748.5999755859375,781.4000244140625,3592668
2017-01-05,711.069091796875,764.0,772.0,752.2000122070312,760.0,2766188
2017-01-06,686.3120727539062,737.4000244140625,770.0,735.2000122070312,764.0,3469778
2017-01-09,683.2871704101562,734.1500244140625,767.0499877929688,728.1500244140625,733.75,5617248
2017-01-10,688.1268920898438,739.3499755859375,747.0,730.5,739.7000122070312,2965489
2017-01-11,688.824951171875,740.0999755859375,749.9500122070312,738.0999755859375,744.0,1664183
2017-01-12,687.1497192382812,738.2999877929688,742.4500122070312,730.2000122070312,735.5,1669512
2017-01-13,694.5023803710938,746.2000122070312,756.5,739.0,739.0999755859375,2252584
2017-01-16,686.8704833984375,738.0,756.0,737.0,744.0,1772100
2017-01-17,687.24267578125,738.4000244140625,745.0,732.0,745.0,1754258
2017-01-18,688.0338745117188,739.25,747.4000244140625,735.5499877929688,737.5,1610696
2017-01-19,681.4722900390625,732.2000122070312,743.0,729.0,742.0,1272642
2017-01-20,664.9054565429688,714.4000244140625,731.9500122070312,711.0,730.0,2245530
2017-01-23,639.4503784179688,687.0499877929688,711.0,684.7000122070312,711.0,2931044
2017-01-24,635.7274169921875,683.0499877929688,692.5,676.5,689.0,2842017
2017-01-25,626.6529541015625,673.2999877929688,686.75,671.5,685.0,3149495
2017-01-27,659.4142456054688,708.5,716.0,675.0,675.0,3560127
2017-01-30,652.5269165039062,701.0999755859375,717.0,700.0,709.7999877929688,2056687
2017-01-31,651.59619140625,700.0999755859375,708.0,693.0999755859375,702.7000122070312,1262953
2017-02-01,645.6395874023438,693.7000122070312,705.0,691.0,700.0,962459
2017-02-02,686.5447387695312,737.6500244140625,742.75,685.0499877929688,693.7000122070312,3714463
2017-02-03,707.6719970703125,760.3499755859375,771.3499755859375,735.0999755859375,744.0,4003286
2017-02-06,702.971923828125,755.2999877929688,776.0,731.7999877929688,773.0,4132473
2017-02-07,686.7774047851562,737.9000244140625,763.9500122070312,731.5,756.0999755859375,1253993
2017-02-08,688.0802612304688,739.2999877929688,747.5999755859375,734.0,739.0,741700
2017-02-09,704.6006469726562,757.0499877929688,759.7999877929688,736.0,740.9000244140625,1524937
2017-02-10,698.1321411132812,750.0999755859375,764.9000244140625,746.5,758.7999877929688,815744
2017-02-13,689.104248046875,740.4000244140625,755.0,737.0,753.0999755859375,634245
2017-02-14,674.3057861328125,724.5,743.0,720.7999877929688,743.0,1023673
2017-02-15,660.3450317382812,709.5,728.0,705.0999755859375,728.0,839676
2017-02-16,682.403076171875,733.2000122070312,734.9000244140625,701.0,710.7999877929688,981043
2017-02-17,696.6430053710938,748.5,752.7999877929688,730.0,740.0,1169616
2017-02-20,704.3214111328125,756.75,765.0,745.0,751.0,990960
2017-02-21,709.5800170898438,762.4000244140625,767.5,751.5,759.0,839400
2017-02-22,698.9699096679688,751.0,764.0999755859375,744.5999755859375,762.7999877929688,687454
2017-02-23,697.6203002929688,749.5499877929688,757.5,746.2000122070312,752.0,1331033
2017-02-27,713.954345703125,767.0999755859375,779.0,751.9500122070312,754.0,1867238
2017-02-28,706.2759399414062,758.8499755859375,773.9000244140625,757.7999877929688,770.0,800786
2017-03-01,711.8602294921875,764.8499755859375,782.8499755859375,761.4000244140625,762.4000244140625,1615887
2017-03-02,699.4817504882812,751.5499877929688,774.5499877929688,749.0,768.0,996652
2017-03-03,705.9501953125,758.5,760.0,748.0999755859375,750.9000244140625,467700
2017-03-06,705.2057495117188,757.7000122070312,763.9000244140625,754.4000244140625,761.5999755859375,389466
2017-03-07,702.6926879882812,755.0,760.0499877929688,750.0,759.0,756161
2017-03-08,720.795166015625,774.4500122070312,786.7000122070312,755.9500122070312,755.9500122070312,3371633
2017-03-09,707.2532348632812,759.9000244140625,787.0,754.0,770.2000122070312,1454586
2017-03-10,708.5562133789062,761.2999877929688,767.5,756.2999877929688,767.5,540659
2017-03-14,718.375244140625,771.8499755859375,779.0,763.0,774.9000244140625,667664
2017-03-15,714.233642578125,767.4000244140625,777.2999877929688,765.0,772.0,318722
2017-03-16,717.7703247070312,771.2000122070312,779.5,769.0999755859375,769.0999755859375,580238
2017-03-17,710.8831176757812,763.7999877929688,777.0,762.0,774.0,545476
2017-03-20,735.872802734375,790.6500244140625,795.0,764.3499755859375,770.0,1390193
2017-03-21,590.4945068359375,634.4500122070312,711.5999755859375,628.5999755859375,711.5999755859375,20647975
2017-03-22,583.560546875,627.0,639.5999755859375,611.4500122070312,620.0,9453821
2017-03-23,579.4190063476562,622.5499877929688,645.0,620.2000122070312,628.8499755859375,5171016
2017-03-24,580.2567138671875,623.4500122070312,630.9000244140625,622.0,628.0,1913210
2017-03-27,590.5875244140625,634.5499877929688,645.0,628.0499877929688,633.0,4793870
2017-03-28,589.2380981445312,633.0999755859375,641.8499755859375,629.0,637.8499755859375,1638403
2017-03-29,583.3280029296875,626.75,638.6500244140625,625.0999755859375,636.7999877929688,1342990
2017-03-30,579.7913208007812,622.9500122070312,633.5999755859375,622.0,628.7999877929688,1482125
2017-03-31,580.6288452148438,623.8499755859375,629.5,622.5499877929688,625.5,943936
2017-04-03,583.8399047851562,627.2999877929688,629.9000244140625,625.2999877929688,628.0,1394464
2017-04-05,587.981689453125,631.75,638.6500244140625,627.9500122070312,629.8499755859375,1845745
2017-04-06,584.6309814453125,628.1500244140625,635.9000244140625,626.0,632.8499755859375,944868
2017-04-07,578.95361328125,622.0499877929688,632.9500122070312,619.0499877929688,628.0999755859375,1103003
2017-04-10,612.5060424804688,658.0999755859375,661.0,642.2000122070312,656.0,5746326
2017-04-11,613.3436279296875,659.0,664.1500244140625,655.0499877929688,661.7999877929688,1917078
2017-04-12,605.6187744140625,650.7000122070312,659.75,642.0,658.9000244140625,1243019
2017-04-13,603.9434204101562,648.9000244140625,656.0,646.2999877929688,651.0499877929688,839170
2017-04-17,595.5670166015625,639.9000244140625,654.5,638.0999755859375,650.0,1080488
2017-04-18,588.3539428710938,632.1500244140625,647.0,631.0,641.9000244140625,847780
2017-04-19,589.4707641601562,633.3499755859375,637.2000122070312,632.0,634.2000122070312,543978
2017-04-20,587.1905517578125,630.9000244140625,638.0,629.5,636.4000244140625,497703
2017-04-21,587.1439819335938,630.8499755859375,637.0,630.0,633.5999755859375,484788
2017-04-24,590.8668212890625,634.8499755859375,639.0499877929688,606.0,610.1500244140625,2643935
2017-04-25,602.40771484375,647.25,649.25,634.3499755859375,638.0,1302405
2017-04-26,598.9175415039062,643.5,645.4500122070312,627.7999877929688,627.7999877929688,1064558
2017-04-27,586.0270385742188,629.6500244140625,643.5,627.0999755859375,640.0,899486
2017-04-28,584.8637084960938,628.4000244140625,633.9000244140625,625.0,630.1500244140625,664760
2017-05-02,583.3280029296875,626.75,636.5499877929688,623.0,629.9000244140625,678683
2017-05-03,581.466552734375,624.75,632.0999755859375,622.6500244140625,629.7000122070312,605083
2017-05-04,583.467529296875,626.9000244140625,632.5499877929688,625.0,625.25,370345
2017-05-05,582.5834350585938,625.9500122070312,634.0,623.0499877929688,626.5,750235
2017-05-08,583.51416015625,626.9500122070312,629.4500122070312,623.2000122070312,625.5499877929688,456711
2017-05-09,588.2609252929688,632.0499877929688,638.9000244140625,629.0999755859375,629.5,742101
2017-05-10,593.1936645507812,637.3499755859375,642.1500244140625,632.9500122070312,634.0,517605
2017-05-11,591.192626953125,635.2000122070312,644.7000122070312,634.3499755859375,638.0,748146
2017-05-12,582.4902954101562,625.8499755859375,635.0499877929688,624.5499877929688,633.7000122070312,501407
2017-05-15,581.0010986328125,624.25,630.9500122070312,621.0,628.5,393660
2017-05-16,579.3258666992188,622.4500122070312,628.0,621.0,625.6500244140625,895976
2017-05-17,576.9060668945312,619.8499755859375,625.7000122070312,618.0,622.4500122070312,529890
2017-05-18,569.9256591796875,612.3499755859375,625.2000122070312,610.0,616.0,599481
2017-05-19,568.6691284179688,611.0,616.0,603.2000122070312,616.0,792474
2017-05-22,554.0103759765625,595.25,614.0,590.0999755859375,613.0,677559
2017-05-23,536.0940551757812,576.0,596.7999877929688,572.6500244140625,595.2999877929688,1471397
2017-05-24,518.5964965820312,557.2000122070312,576.0999755859375,553.0,575.2000122070312,1381402
2017-05-25,511.66265869140625,549.75,559.4000244140625,540.2000122070312,555.0,2057066
2017-05-26,507.5209655761719,545.2999877929688,561.0,542.5,548.0,1229349
2017-05-29,530.0443725585938,569.5,588.0,532.6500244140625,544.0,3661131
2017-05-30,547.2626342773438,588.0,591.1500244140625,563.0,567.0,2338661
2017-05-31,541.8179931640625,582.1500244140625,591.8499755859375,575.0499877929688,588.9000244140625,9021300
2017-06-01,560.2926025390625,602.0,616.0,582.7999877929688,584.5999755859375,2970631
2017-06-02,575.60302734375,618.4500122070312,625.5,603.0999755859375,606.0,1949558
2017-06-05,587.1439819335938,630.8499755859375,636.4500122070312,620.4000244140625,620.4000244140625,1920453
2017-06-06,586.58544921875,630.25,635.0,622.0,633.7000122070312,1275238
2017-06-07,601.0581665039062,645.7999877929688,651.0,628.9500122070312,630.0999755859375,2639884
2017-06-08,605.7119140625,650.7999877929688,661.2000122070312,642.5999755859375,646.0,2609516
2017-06-09,605.804931640625,650.9000244140625,659.9000244140625,646.0499877929688,654.1500244140625,2066229
2017-06-12,600.2205200195312,644.9000244140625,656.0,640.5999755859375,650.0,1130204
2017-06-13,600.8255004882812,645.5499877929688,652.0999755859375,639.4000244140625,648.0,738157
2017-06-14,599.05712890625,643.6500244140625,650.0,642.4000244140625,645.0999755859375,653215
2017-06-15,611.8079833984375,657.3499755859375,663.9000244140625,642.7999877929688,643.0,1299049
2017-06-16,596.9630126953125,641.4000244140625,663.8499755859375,638.4000244140625,659.7999877929688,1356699
2017-06-19,600.5928344726562,645.2999877929688,650.9000244140625,636.0999755859375,646.7999877929688,708952
2017-06-20,599.8017578125,644.4500122070312,649.9500122070312,640.5,648.0,661839
2017-06-21,599.9413452148438,644.5999755859375,646.0,640.4000244140625,645.7999877929688,290273
2017-06-22,596.0787963867188,640.4500122070312,648.0,636.5,644.0,324395
2017-06-23,594.3569946289062,638.5999755859375,646.75,634.5,641.7999877929688,503545
2017-06-27,597.3353271484375,641.7999877929688,647.9000244140625,637.3499755859375,640.0,624815
2017-06-28,596.5906982421875,641.0,645.0,637.25,641.5,409519
2017-06-29,593.2401733398438,637.4000244140625,652.9500122070312,633.3499755859375,640.9500122070312,1257720
2017-06-30,602.40771484375,647.25,649.5999755859375,637.9000244140625,637.9000244140625,501156
2017-07-03,623.86083984375,670.2999877929688,674.0,648.5999755859375,648.5999755859375,1298948
2017-07-04,609.66748046875,655.0499877929688,674.2999877929688,653.0,672.0,518839
2017-07-05,607.2940673828125,652.5,662.7999877929688,647.5499877929688,655.0,601009
2017-07-06,611.6218872070312,657.1500244140625,664.4500122070312,655.5,655.5,543530
2017-07-07,632.8887329101562,680.0,685.75,654.2000122070312,655.9000244140625,1764390
2017-07-10,684.4506225585938,735.4000244140625,748.0,725.0,726.0,1281487
2017-07-11,684.264404296875,735.2000122070312,755.75,730.5,742.25,2039831
2017-07-12,681.2861328125,732.0,738.7999877929688,721.1500244140625,736.4000244140625,791255
2017-07-13,679.1920776367188,729.75,746.5499877929688,726.7000122070312,732.5,778554
2017-07-14,684.9160766601562,735.9000244140625,742.0,729.0,729.0,892835
2017-07-17,680.2623901367188,730.9000244140625,738.75,725.0999755859375,738.75,651371
2017-07-18,684.0783081054688,735.0,742.6500244140625,726.0499877929688,727.0,685734
2017-07-19,703.2510986328125,755.5999755859375,759.0,737.5999755859375,740.0999755859375,1547904
2017-07-20,693.1062622070312,744.7000122070312,760.7999877929688,742.0,760.7999877929688,627321
2017-07-21,671.2808227539062,721.25,750.0499877929688,707.1500244140625,750.0,977652
2017-07-24,640.2415161132812,687.9000244140625,696.7999877929688,680.0,688.5,2439455
2017-07-25,628.7005615234375,675.5,689.5,674.0,685.0,950863
2017-07-26,631.7719116210938,678.7999877929688,684.5,675.2999877929688,676.5,948487
2017-07-27,614.4605712890625,660.2000122070312,684.7000122070312,657.0,681.7000122070312,2063178
2017-07-28,627.5836791992188,674.2999877929688,677.5,650.0499877929688,657.0,879841
2017-07-31,626.2807006835938,672.9000244140625,680.7999877929688,669.0999755859375,677.0,733178
2017-08-01,621.487548828125,667.75,674.9500122070312,662.9500122070312,671.0,971964
2017-08-02,622.6974487304688,669.0499877929688,671.9000244140625,665.0,670.0,346352
2017-08-03,623.6281127929688,670.0499877929688,684.7000122070312,667.5,675.0,604522
2017-08-04,634.8898315429688,682.1500244140625,699.9500122070312,660.0,669.0499877929688,1211462
2017-08-07,636.658203125,684.0499877929688,692.7000122070312,680.8499755859375,686.0,427725
2017-08-08,627.0253295898438,673.7000122070312,685.0,670.5,684.0,360022
2017-08-09,594.7757568359375,639.0499877929688,676.5999755859375,625.0,676.5999755859375,1428857
2017-08-10,582.7230224609375,626.0999755859375,646.5499877929688,612.8499755859375,629.0,1219649
2017-08-11,583.746826171875,627.2000122070312,640.25,611.0,616.0,1248311
2017-08-14,594.7757568359375,639.0499877929688,643.3499755859375,612.0,634.0,933408
2017-08-16,611.7149658203125,657.25,660.0,635.5,642.5999755859375,781871
2017-08-17,600.9651489257812,645.7000122070312,659.4000244140625,644.0,659.0,398334
2017-08-18,591.192626953125,635.2000122070312,644.75,630.5,640.0,325046
2017-08-21,579.0467529296875,622.1500244140625,639.25,618.2000122070312,637.0999755859375,310755
2017-08-22,585.6082763671875,629.2000122070312,645.3499755859375,621.0,626.9500122070312,752436
2017-08-23,594.1709594726562,638.4000244140625,643.9000244140625,626.0,635.0,743570
2017-08-24,626.7461547851562,673.4000244140625,676.0,637.0,638.0,1927158
2017-08-28,646.7564697265625,694.9000244140625,705.9000244140625,678.4000244140625,678.75,2008764
2017-08-29,639.8226928710938,687.4500122070312,703.6500244140625,681.2000122070312,692.75,958208
2017-08-30,653.9229736328125,702.5999755859375,709.0,692.1500244140625,692.1500244140625,1072727
2017-08-31,648.1525268554688,696.4000244140625,709.9000244140625,692.4500122070312,705.0,956295
2017-09-01,662.6253051757812,711.9500122070312,718.0,699.0999755859375,700.0,769185
2017-09-04,659.97265625,709.0999755859375,722.4000244140625,695.3499755859375,710.5,838545
2017-09-05,673.8405151367188,724.0,728.9000244140625,705.5999755859375,712.8499755859375,613300
2017-09-06,650.38623046875,698.7999877929688,718.25,696.4000244140625,713.2000122070312,1116325
2017-09-07,648.1060791015625,696.3499755859375,711.0,692.5499877929688,702.8499755859375,844736
2017-09-08,658.2974243164062,707.2999877929688,717.0,703.0,707.4500122070312,1098200
2017-09-11,669.7451782226562,719.5999755859375,727.5,710.2000122070312,711.0,1275485
2017-09-12,749.3215942382812,805.0999755859375,811.5999755859375,720.5,724.0,9950074
2017-09-13,770.8678588867188,828.25,865.5,792.0999755859375,810.0,14259641
2017-09-14,809.7718505859375,870.0499877929688,874.0,832.0,834.4500122070312,8987791
2017-09-15,817.6337280273438,868.4000244140625,893.0499877929688,850.0499877929688,864.7999877929688,8306635
2017-09-18,785.1507568359375,833.9000244140625,883.7999877929688,792.5,876.0,7798290
2017-09-19,812.7848510742188,863.25,871.7999877929688,800.2000122070312,841.0,9669769
2017-09-20,887.6843872070312,942.7999877929688,948.9000244140625,865.5999755859375,874.0,18987654
2017-09-21,932.972412109375,990.9000244140625,999.7000122070312,950.0999755859375,954.8499755859375,16933145
2017-09-22,913.5296630859375,970.25,1004.3499755859375,961.0,997.0999755859375,7292332
2017-09-25,897.0055541992188,952.7000122070312,972.0,930.4500122070312,969.7999877929688,4565575
2017-09-26,904.0200805664062,960.1500244140625,978.0,942.0,942.0,3559032
2017-09-27,801.0155639648438,850.75,923.9000244140625,837.7999877929688,900.0,13299756
2017-09-28,803.1809692382812,853.0499877929688,890.0,832.0,862.0,13462318
2017-09-29,805.72314453125,855.75,871.25,846.5499877929688,864.0,4835013
2017-10-03,805.58203125,855.5999755859375,872.0,852.2999877929688,870.0,1777997
2017-10-04,820.8349609375,871.7999877929688,885.6500244140625,855.4000244140625,856.9500122070312,3130671
2017-10-05,812.8788452148438,863.3499755859375,889.7999877929688,860.0,877.0,2266261
2017-10-06,814.0559692382812,864.5999755859375,875.5499877929688,861.0999755859375,869.8499755859375,1353429
2017-10-09,828.1318969726562,879.5499877929688,884.5,865.0,866.0,1648284
2017-10-10,834.3460693359375,886.1500244140625,894.5,878.0,885.0,1301458
2017-10-11,809.2069091796875,859.4500122070312,891.9500122070312,853.9500122070312,889.0,1675671
2017-10-12,832.1334228515625,883.7999877929688,887.2999877929688,861.75,868.0,1283989
2017-10-13,821.6824340820312,872.7000122070312,885.9000244140625,869.25,885.9000244140625,871875
2017-10-16,822.6239624023438,873.7000122070312,881.0,866.2000122070312,879.0,805305
2017-10-17,830.8623657226562,882.4500122070312,884.6500244140625,870.0999755859375,876.9500122070312,685961
2017-10-18,826.013427734375,877.2999877929688,882.5,869.2999877929688,882.5,964826
2017-10-19,828.4143676757812,879.8499755859375,885.0,870.4500122070312,881.8499755859375,203741
2017-10-23,822.3884887695312,873.4500122070312,882.5,867.9000244140625,882.5,654295
2017-10-24,818.90478515625,869.75,877.7999877929688,865.25,874.0,521040
2017-10-25,819.6580810546875,870.5499877929688,877.0,863.5499877929688,876.0,304274
2017-10-26,808.4066162109375,858.5999755859375,872.5,855.0,870.5499877929688,760876
2017-10-27,820.1759033203125,871.0999755859375,887.7999877929688,850.25,860.0,1008712
2017-10-30,821.8707885742188,872.9000244140625,884.0,860.2999877929688,874.9500122070312,800374
2017-10-31,830.9094848632812,882.5,892.4000244140625,870.0999755859375,873.9500122070312,1410837
2017-11-01,869.6538696289062,923.6500244140625,933.4500122070312,882.0,885.0,3578561
2017-11-02,1010.1787719726562,1072.9000244140625,1117.5999755859375,1016.0,1016.0,10648166
2017-11-03,988.382080078125,1049.75,1082.9000244140625,1027.5999755859375,1082.9000244140625,3177065
2017-11-06,987.7230224609375,1049.050048828125,1064.699951171875,1036.050048828125,1036.050048828125,1034461
2017-11-07,957.5466918945312,1017.0,1055.0,1004.5499877929688,1049.5,1494151
2017-11-08,957.1699829101562,1016.5999755859375,1044.0,1010.7000122070312,1028.0,946549
2017-11-09,950.4380493164062,1009.4500122070312,1029.9000244140625,993.2000122070312,1016.6500244140625,670869
2017-11-10,956.981689453125,1016.4000244140625,1089.0,1011.8499755859375,1052.0,2507352
2017-11-13,941.9171752929688,1000.4000244140625,1019.9500122070312,984.0499877929688,1016.0,739717
2017-11-14,964.1845703125,1024.050048828125,1033.050048828125,991.5,998.0,1164915
2017-11-15,956.3226318359375,1015.7000122070312,1059.0,1011.0,1059.0,1262085
2017-11-16,947.1426391601562,1005.9500122070312,1030.800048828125,1002.25,1016.0,665741
2017-11-17,960.9832763671875,1020.6500244140625,1031.0,1010.0999755859375,1014.0,1679469
2017-11-20,986.310791015625,1047.550048828125,1055.0,1015.0,1017.5,1538322
2017-11-21,981.2264404296875,1042.1500244140625,1070.0,1036.0,1055.0,1256707
2017-11-22,965.173095703125,1025.0999755859375,1049.75,1018.4000244140625,1048.0,939683
2017-11-23,977.4130249023438,1038.0999755859375,1043.449951171875,1012.0,1026.0,795495
2017-11-24,985.2750244140625,1046.449951171875,1054.800048828125,1026.5,1042.0,690988
2017-11-27,980.331787109375,1041.199951171875,1047.5,1034.3499755859375,1044.0,274364
2017-11-28,972.7994995117188,1033.199951171875,1052.050048828125,1029.300048828125,1040.0,340814
2017-11-29,986.1223754882812,1047.3499755859375,1059.0,1033.5,1034.949951171875,700142
2017-11-30,980.1435546875,1041.0,1058.0,1033.0,1044.0,889359
2017-12-01,974.4943237304688,1035.0,1056.550048828125,1031.0999755859375,1044.9000244140625,444515
2017-12-04,973.9765014648438,1034.449951171875,1044.9000244140625,1025.0,1041.0,256844
2017-12-05,963.8079833984375,1023.6500244140625,1034.75,999.0499877929688,1034.699951171875,389829
2017-12-06,960.3712768554688,1020.0,1033.4000244140625,1014.0,1023.0,376314
2017-12-07,960.7478637695312,1020.4000244140625,1028.9000244140625,1014.0499877929688,1018.0,429699
2017-12-08,988.994140625,1050.4000244140625,1060.0,1019.0,1023.0,792945
2017-12-11,983.6273193359375,1044.699951171875,1061.699951171875,1034.75,1059.800048828125,423683
2017-12-12,1001.18701171875,1063.3499755859375,1081.8499755859375,1047.0,1047.0,1434393
2017-12-13,981.2734375,1042.199951171875,1070.0,1037.449951171875,1070.0,452631
2017-12-14,998.8331298828125,1060.8499755859375,1065.0,1042.4000244140625,1051.9000244140625,564894
2017-12-15,988.5703125,1049.949951171875,1075.0,1044.9000244140625,1075.0,606073
2017-12-18,991.0184326171875,1052.550048828125,1066.4000244140625,1017.6500244140625,1056.0,402545
2017-12-19,995.7261352539062,1057.550048828125,1065.0,1049.0,1065.0,224548
2017-12-20,997.8446655273438,1059.800048828125,1070.0,1052.0999755859375,1062.0,217170
2017-12-21,1022.6542358398438,1086.1500244140625,1096.800048828125,1055.0,1061.0,790565
2017-12-22,1026.23193359375,1089.949951171875,1098.449951171875,1085.449951171875,1094.800048828125,623289
2017-12-26,1024.01953125,1087.5999755859375,1096.0,1077.0,1096.0,351265
2017-12-27,1057.773681640625,1123.449951171875,1142.0,1080.0,1087.8499755859375,1626564
2017-12-28,1049.111572265625,1114.25,1137.0999755859375,1110.3499755859375,1122.800048828125,1026977
2017-12-29,1034.140869140625,1098.3499755859375,1128.6500244140625,1092.199951171875,1122.5999755859375,481728
2018-01-01,1034.8001708984375,1099.050048828125,1119.949951171875,1090.0999755859375,1095.0,429620
2018-01-02,1017.711181640625,1080.9000244140625,1109.449951171875,1073.449951171875,1100.0,413942
2018-01-03,1035.129638671875,1099.4000244140625,1115.949951171875,1080.0999755859375,1080.5,768114
2018-01-04,1041.861572265625,1106.550048828125,1112.25,1092.0,1106.9000244140625,450896
2018-01-05,1042.8973388671875,1107.6500244140625,1123.5,1102.050048828125,1105.800048828125,568810
2018-01-08,1050.9473876953125,1116.199951171875,1135.4000244140625,1107.6500244140625,1107.6500244140625,468360
2018-01-09,1025.6201171875,1089.300048828125,1127.9000244140625,1083.5999755859375,1116.199951171875,639168
2018-01-10,1016.2047729492188,1079.300048828125,1115.0,1074.6500244140625,1085.0,807750
2018-01-11,1037.154052734375,1101.550048828125,1107.0,1075.050048828125,1085.0,459962
2018-01-12,1029.85693359375,1093.800048828125,1110.0,1083.5,1106.9000244140625,276559
2018-01-15,1015.3099975585938,1078.3499755859375,1093.800048828125,1020.0,1093.800048828125,279071
2018-01-16,1028.8681640625,1092.75,1102.800048828125,1075.0,1079.0,804279
2018-01-17,1042.8031005859375,1107.550048828125,1111.9000244140625,1078.199951171875,1091.0,840913
2018-01-18,1026.65576171875,1090.4000244140625,1119.75,1081.0999755859375,1107.550048828125,582399
2018-01-19,1034.0938720703125,1098.300048828125,1103.5999755859375,1082.5999755859375,1090.0,322347
2018-01-22,1014.8394165039062,1077.8499755859375,1103.699951171875,1067.25,1095.949951171875,690857
2018-01-23,1036.965576171875,1101.3499755859375,1107.6500244140625,1079.0,1079.0,1019038
2018-01-24,1038.4249267578125,1102.9000244140625,1126.0999755859375,1086.5,1104.949951171875,821655
2018-01-25,1054.8077392578125,1120.300048828125,1126.0,1095.0999755859375,1100.0,2015896
2018-01-29,1036.0711669921875,1100.4000244140625,1115.0,1082.0,1115.0,909205
2018-01-30,1016.76953125,1079.9000244140625,1108.25,1068.25,1100.0,662548
2018-01-31,978.63720703125,1039.4000244140625,1079.9000244140625,1009.0,1079.9000244140625,960918
2018-02-01,982.780029296875,1043.800048828125,1058.5999755859375,1022.5,1050.0,763908
2018-02-02,968.1389770507812,1028.25,1051.25,1006.7999877929688,1025.0,1850108
2018-02-05,974.1649169921875,1034.6500244140625,1048.5999755859375,1000.0,1005.0,545693
2018-02-06,944.5534057617188,1003.2000122070312,1016.0,978.3499755859375,982.4000244140625,659453
2018-02-07,954.0158081054688,1013.25,1023.75,1005.7000122070312,1010.0,382513
2018-02-08,969.6925659179688,1029.9000244140625,1049.9000244140625,1016.0,1016.0,424810
2018-02-09,957.1229248046875,1016.5499877929688,1028.0,1005.0,1005.0,472189
2018-02-12,975.9066162109375,1036.5,1043.0,1017.5,1022.0,488773
2018-02-14,989.2765502929688,1050.699951171875,1065.800048828125,1031.300048828125,1040.0,365498
2018-02-15,986.82861328125,1048.0999755859375,1059.9000244140625,1037.050048828125,1055.0,260354
2018-02-16,984.5217895507812,1045.6500244140625,1068.25,1035.550048828125,1052.550048828125,632838
2018-02-19,957.3583374023438,1016.7999877929688,1045.0,1007.25,1042.0,502939
2018-02-20,954.6279296875,1013.9000244140625,1029.75,1002.4000244140625,1016.7999877929688,396055
2018-02-21,947.8958740234375,1006.75,1024.699951171875,997.2999877929688,1018.0,628446
2018-02-22,959.6651611328125,1019.25,1025.6500244140625,997.0499877929688,997.0499877929688,775993
2018-02-23,988.7117309570312,1050.0999755859375,1052.449951171875,1016.9000244140625,1017.0,806228
2018-02-26,974.8239135742188,1035.3499755859375,1063.0,1032.25,1060.0,240854
2018-02-27,975.0123291015625,1035.550048828125,1045.0,1025.699951171875,1035.800048828125,338955
2018-02-28,965.9263916015625,1025.9000244140625,1034.449951171875,1016.5,1030.0,362857
2018-03-01,958.911865234375,1018.4500122070312,1032.449951171875,1017.25,1026.9000244140625,272425
2018-03-05,952.9330444335938,1012.0999755859375,1019.9000244140625,1008.0,1018.0,472011
2018-03-06,954.4396362304688,1013.7000122070312,1023.7000122070312,1009.5,1012.0,409750
2018-03-07,932.8782958984375,990.7999877929688,1016.2000122070312,985.0,1011.7000122070312,571021
2018-03-08,944.0826416015625,1002.7000122070312,1007.0,980.5,992.1500244140625,405968
2018-03-09,940.3164672851562,998.7000122070312,1014.1500244140625,996.7999877929688,1000.2000122070312,371889
2018-03-12,954.5335693359375,1013.7999877929688,1018.2000122070312,997.0499877929688,1005.0,244331
2018-03-13,974.9180297851562,1035.449951171875,1050.0,1008.0,1014.0,839762
2018-03-14,993.1838989257812,1054.8499755859375,1061.949951171875,1028.800048828125,1029.0,411421
2018-03-15,1021.1478271484375,1084.550048828125,1106.050048828125,1056.0,1058.0,1000506
2018-03-16,1023.5957641601562,1087.1500244140625,1099.0,1064.0,1084.550048828125,629875
2018-03-19,1024.3961181640625,1088.0,1111.9000244140625,1071.550048828125,1090.0,614731
2018-03-20,1030.421875,1094.4000244140625,1105.0,1070.0,1080.0999755859375,545426
2018-03-21,1022.4656372070312,1085.949951171875,1109.949951171875,1081.1500244140625,1105.0,498066
2018-03-22,1006.3184204101562,1068.800048828125,1096.9000244140625,1066.0999755859375,1083.0,422829
2018-03-23,977.0364990234375,1037.699951171875,1061.949951171875,1024.6500244140625,1059.9000244140625,710829
2018-03-26,993.5132446289062,1055.199951171875,1061.4000244140625,1026.050048828125,1026.050048828125,341662
2018-03-27,1024.06640625,1087.6500244140625,1099.5999755859375,1048.0,1065.0,855115
2018-03-28,1026.46728515625,1090.199951171875,1124.800048828125,1082.0,1082.5,1588702
2018-04-02,1026.6085205078125,1090.3499755859375,1102.3499755859375,1079.25,1092.0999755859375,279687
2018-04-03,1044.356689453125,1109.199951171875,1116.25,1085.0999755859375,1085.0999755859375,405008
2018-04-04,1032.6343994140625,1096.75,1141.800048828125,1087.949951171875,1125.0,619642
2018-04-05,1053.3011474609375,1118.699951171875,1126.699951171875,1101.199951171875,1110.449951171875,783319
2018-04-06,1049.111572265625,1114.25,1123.800048828125,1102.5,1119.050048828125,225924
2018-04-09,1063.7994384765625,1129.8499755859375,1141.4000244140625,1115.0999755859375,1115.0999755859375,465413
2018-04-10,1076.7928466796875,1143.6500244140625,1168.0,1131.5,1131.8499755859375,1402585
2018-04-11,1057.0201416015625,1122.6500244140625,1150.0,1110.0,1150.0,385766
2018-04-12,1055.2786865234375,1120.800048828125,1136.6500244140625,1111.5,1115.050048828125,320269
2018-04-13,1078.5345458984375,1145.5,1153.9000244140625,1120.0,1122.0,665920
2018-04-16,1104.6622314453125,1173.25,1177.0,1133.3499755859375,1147.5,798396
2018-04-17,1111.53564453125,1180.550048828125,1190.0,1173.949951171875,1177.0,523489
2018-04-18,1106.2159423828125,1174.9000244140625,1203.4000244140625,1171.0,1182.0,879419
2018-04-19,1110.782470703125,1179.75,1189.9000244140625,1163.25,1172.0,561972
2018-04-20,1124.4345703125,1194.25,1199.0,1167.5999755859375,1175.699951171875,258462
2018-04-23,1109.55810546875,1178.449951171875,1199.949951171875,1175.050048828125,1199.949951171875,335330
2018-04-24,1109.3699951171875,1178.25,1208.75,1171.9000244140625,1189.699951171875,729547
2018-04-25,1092.9871826171875,1160.8499755859375,1186.699951171875,1156.949951171875,1178.25,435624
2018-04-26,1102.7791748046875,1171.25,1176.0,1147.3499755859375,1158.050048828125,502965
2018-04-27,1119.2091064453125,1188.699951171875,1195.0,1165.0,1179.9000244140625,480121
2018-04-30,1127.4947509765625,1197.5,1201.4000244140625,1184.050048828125,1195.0,174054
2018-05-02,1119.303466796875,1188.800048828125,1204.75,1181.449951171875,1204.75,509127
2018-05-03,1128.2947998046875,1198.3499755859375,1203.0,1177.4000244140625,1189.0,408993
2018-05-04,1122.26904296875,1191.949951171875,1204.449951171875,1179.0999755859375,1204.449951171875,284847
2018-05-07,1137.851806640625,1208.5,1213.800048828125,1180.3499755859375,1190.0,373131
2018-05-08,1140.44091796875,1211.25,1220.8499755859375,1202.75,1215.0,570345
2018-05-09,1125.42333984375,1195.300048828125,1209.9000244140625,1191.6500244140625,1209.9000244140625,167176
2018-05-10,1120.7156982421875,1190.300048828125,1204.699951171875,1184.0,1194.0,260948
2018-05-11,1130.5076904296875,1200.699951171875,1223.0,1183.1500244140625,1194.0,608254
2018-05-14,1104.097412109375,1172.6500244140625,1202.0,1160.0,1196.0,541698
2018-05-15,1082.6304931640625,1149.8499755859375,1180.0,1128.550048828125,1155.0,358690
2018-05-16,1097.0357666015625,1165.1500244140625,1171.0,1139.050048828125,1148.0,531175
2018-05-17,1097.7420654296875,1165.9000244140625,1213.0,1161.0,1186.9000244140625,994750
2018-05-18,1088.9385986328125,1156.550048828125,1173.949951171875,1151.25,1168.0,165721
2018-05-21,1071.990966796875,1138.550048828125,1163.3499755859375,1125.9000244140625,1160.0,208137
2018-05-22,1056.03173828125,1121.5999755859375,1138.4000244140625,1116.800048828125,1133.300048828125,577110
2018-05-23,1029.4329833984375,1093.3499755859375,1125.0,1081.5,1125.0,513617
2018-05-24,1062.716796875,1128.699951171875,1133.75,1089.199951171875,1093.0999755859375,449315
2018-05-25,1081.688720703125,1148.8499755859375,1154.800048828125,1113.800048828125,1129.8499755859375,240092
2018-05-28,1028.3033447265625,1092.1500244140625,1167.6500244140625,1080.0,1160.0,918222
2018-05-29,1004.3883056640625,1066.75,1092.0,1056.3499755859375,1090.0999755859375,753542
2018-05-30,990.0769653320312,1051.550048828125,1065.0,1042.199951171875,1060.050048828125,605331
2018-05-31,986.2166137695312,1047.449951171875,1069.25,1044.300048828125,1053.0,2300110
2018-06-01,991.6775512695312,1053.25,1061.0,1026.4000244140625,1049.3499755859375,543631
2018-06-04,985.9340209960938,1047.1500244140625,1064.6500244140625,1035.5,1057.9000244140625,400870
2018-06-05,974.8709716796875,1035.4000244140625,1054.5,1015.25,1052.0,536791
2018-06-06,992.8073120117188,1054.449951171875,1060.0,1029.5,1039.5999755859375,273602
2018-06-07,997.4208374023438,1059.3499755859375,1072.25,1053.050048828125,1055.800048828125,268495
2018-06-08,990.5946655273438,1052.0999755859375,1079.9000244140625,1045.0,1055.0,547755
2018-06-11,964.7022705078125,1024.5999755859375,1057.3499755859375,1018.3499755859375,1052.0,458526
2018-06-12,1001.9404296875,1064.1500244140625,1076.0,1020.0,1023.2999877929688,1371537
2018-06-13,979.484619140625,1040.300048828125,1072.0999755859375,1038.0999755859375,1064.949951171875,499228
2018-06-14,1021.3359375,1084.75,1094.949951171875,1039.050048828125,1044.5,1978196
2018-06-15,1036.5887451171875,1100.949951171875,1111.25,1063.9000244140625,1087.0,1940627
2018-06-18,1036.0711669921875,1100.4000244140625,1116.9000244140625,1082.1500244140625,1100.6500244140625,1278580
2018-06-19,1028.02099609375,1091.8499755859375,1107.0999755859375,1080.199951171875,1090.0,957879
2018-06-20,1019.7355346679688,1083.050048828125,1107.5,1070.4000244140625,1090.0,516618
2018-06-21,994.5020751953125,1056.25,1090.0,1051.0,1086.25,463272
2018-06-22,983.20361328125,1044.25,1055.25,1033.0,1050.449951171875,493344
2018-06-25,972.4700927734375,1032.8499755859375,1060.949951171875,1029.050048828125,1048.0,319767
2018-06-26,982.0267333984375,1043.0,1053.4000244140625,1029.75,1034.800048828125,518815
2018-06-27,960.0889282226562,1019.7000122070312,1052.199951171875,1012.9500122070312,1042.0,722523
2018-06-28,941.6817626953125,1000.1500244140625,1027.0,994.9500122070312,1022.0,1136478
2018-06-29,977.8839111328125,1038.5999755859375,1042.5,1003.0,1003.5,374782
2018-07-02,988.994140625,1050.4000244140625,1057.0,1025.25,1041.9000244140625,559319
2018-07-03,1022.3245239257812,1085.800048828125,1096.949951171875,1036.5,1051.0,1241172
2018-07-04,1037.8599853515625,1102.300048828125,1105.949951171875,1072.0,1086.0,1347815
2018-07-05,1014.509765625,1077.5,1107.3499755859375,1073.949951171875,1095.0,1060147
2018-07-06,1011.2144775390625,1074.0,1087.699951171875,1070.0999755859375,1080.0,374934
2018-07-09,1031.5518798828125,1095.5999755859375,1104.800048828125,1074.449951171875,1077.699951171875,1196862
2018-07-10,1027.0794677734375,1090.8499755859375,1104.949951171875,1078.199951171875,1100.0,415562
2018-07-11,1056.5965576171875,1122.199951171875,1127.0,1080.0,1091.0,1147280
2018-07-12,1041.6732177734375,1106.3499755859375,1139.699951171875,1102.4000244140625,1122.199951171875,1044297
2018-07-13,1043.50927734375,1108.300048828125,1129.9000244140625,1091.0999755859375,1114.5999755859375,660138
2018-07-16,1007.4954833984375,1070.050048828125,1108.050048828125,1064.050048828125,1108.050048828125,513097
2018-07-17,1011.8265991210938,1074.6500244140625,1080.0,1040.0,1069.699951171875,951853
2018-07-18,1021.759765625,1085.199951171875,1093.5,1065.0,1076.0,572307
2018-07-19,1015.1689453125,1078.199951171875,1092.0,1072.0,1080.0,197820
2018-07-20,1026.843994140625,1090.5999755859375,1098.300048828125,1073.050048828125,1081.0,344871
2018-07-23,1017.522705078125,1080.699951171875,1097.75,1074.949951171875,1090.5999755859375,399079
2018-07-24,1020.1591186523438,1083.5,1092.3499755859375,1075.0,1081.0,614412
2018-07-25,1032.82275390625,1096.949951171875,1105.0,1076.6500244140625,1084.8499755859375,696780
2018-07-26,1012.81494140625,1075.699951171875,1110.0,1067.3499755859375,1105.0,524569
2018-07-27,1038.519287109375,1103.0,1106.75,1077.0999755859375,1079.949951171875,343379
2018-07-30,1088.98583984375,1156.5999755859375,1163.449951171875,1091.25,1102.0,2177271
2018-07-31,1082.253662109375,1149.449951171875,1164.550048828125,1131.050048828125,1145.0,565352
2018-08-01,1095.7177734375,1163.75,1173.949951171875,1145.0999755859375,1149.449951171875,482301
2018-08-02,1130.131103515625,1200.300048828125,1207.5,1159.050048828125,1165.550048828125,1309397
2018-08-03,1137.4749755859375,1208.0999755859375,1217.0,1186.4000244140625,1200.800048828125,1039224
2018-08-06,1122.9752197265625,1192.699951171875,1221.9000244140625,1160.0,1205.0,2336944
2018-08-07,1094.540771484375,1162.5,1199.9000244140625,1151.5999755859375,1196.0,859756
2018-08-08,1065.7764892578125,1131.949951171875,1169.949951171875,1124.050048828125,1169.5,1567894
2018-08-09,1049.7705078125,1114.949951171875,1141.300048828125,1111.050048828125,1130.0,839082
2018-08-10,1058.5740966796875,1124.300048828125,1135.0,1100.0,1115.0,962927
2018-08-13,1054.7137451171875,1120.199951171875,1134.0,1110.8499755859375,1117.5,325959
2018-08-14,1087.0556640625,1154.550048828125,1157.5999755859375,1080.0,1119.9000244140625,466382
2018-08-16,1096.3299560546875,1164.4000244140625,1166.800048828125,1141.0999755859375,1154.4000244140625,451485
2018-08-17,1106.074462890625,1174.75,1185.949951171875,1148.6500244140625,1166.0,959814
2018-08-20,1173.8184814453125,1246.699951171875,1256.8499755859375,1178.0,1178.0,2795952
2018-08-21,1174.7598876953125,1247.699951171875,1259.050048828125,1229.050048828125,1258.0,1794448
2018-08-23,1218.49462890625,1294.1500244140625,1314.9000244140625,1245.0999755859375,1255.0,2201914
2018-08-24,1224.9443359375,1301.0,1308.800048828125,1275.800048828125,1298.0,849165
2018-08-27,1222.1195068359375,1298.0,1319.0,1291.4000244140625,1310.0,631476
2018-08-28,1206.0191650390625,1280.9000244140625,1300.0,1266.5999755859375,1294.0,635318
2018-08-29,1202.11181640625,1276.75,1313.449951171875,1268.25,1272.0,1565025
2018-08-30,1224.8028564453125,1300.8499755859375,1307.0,1266.75,1280.0999755859375,1028865
2018-08-31,1239.082763671875,1305.9000244140625,1328.0,1295.0,1298.0,1235827
2018-09-03,1221.2447509765625,1287.0999755859375,1327.0,1278.0,1314.9000244140625,873820
2018-09-04,1198.99462890625,1263.6500244140625,1297.4000244140625,1254.050048828125,1290.0,716718
2018-09-05,1212.6578369140625,1278.050048828125,1293.25,1259.050048828125,1269.9000244140625,811104
2018-09-06,1249.614990234375,1317.0,1324.0,1281.199951171875,1290.0,1723420
2018-09-07,1246.294189453125,1313.5,1331.4000244140625,1300.8499755859375,1319.0,1139483
2018-09-10,1213.3695068359375,1278.800048828125,1329.0,1268.050048828125,1312.9000244140625,826691
2018-09-11,1180.9666748046875,1244.6500244140625,1290.25,1232.800048828125,1278.800048828125,837631
2018-09-12,1206.4906005859375,1271.550048828125,1290.75,1233.0999755859375,1243.0,1186268
2018-09-14,1261.5228271484375,1329.550048828125,1334.0,1275.449951171875,1280.050048828125,1525334
2018-09-17,1294.8741455078125,1364.699951171875,1403.050048828125,1317.050048828125,1328.0,4137410
2018-09-18,1309.20166015625,1379.800048828125,1393.0,1353.0999755859375,1366.0,1408422
2018-09-19,1319.970947265625,1391.1500244140625,1408.0,1370.0,1379.75,1346458
2018-09-21,1316.9344482421875,1387.949951171875,1407.9000244140625,1304.050048828125,1407.9000244140625,1484382
2018-09-24,1292.0753173828125,1361.75,1401.5999755859375,1348.6500244140625,1387.9000244140625,890761
2018-09-25,1317.36181640625,1388.4000244140625,1396.0,1355.0999755859375,1365.0,1029316
2018-09-26,1314.4676513671875,1385.3499755859375,1425.0,1371.050048828125,1400.0,1804070
2018-09-27,1296.0128173828125,1365.9000244140625,1395.75,1361.0999755859375,1386.0999755859375,645479
2018-09-28,1243.826904296875,1310.9000244140625,1383.699951171875,1295.8499755859375,1366.050048828125,1189157
2018-10-01,1252.0819091796875,1319.5999755859375,1329.449951171875,1281.0,1314.0999755859375,842259
2018-10-03,1242.16650390625,1309.1500244140625,1325.9000244140625,1283.5,1305.0999755859375,937244
2018-10-04,1218.2083740234375,1283.9000244140625,1305.699951171875,1260.25,1304.0,1197193
2018-10-05,1216.07373046875,1281.6500244140625,1315.0,1268.4000244140625,1275.0,876772
2018-10-08,1212.0885009765625,1277.449951171875,1294.699951171875,1250.050048828125,1273.9000244140625,707482
2018-10-09,1184.19287109375,1248.050048828125,1297.199951171875,1235.449951171875,1278.0,1206742
2018-10-10,1231.349853515625,1297.75,1305.0,1246.949951171875,1247.0,868523
2018-10-11,1186.9444580078125,1250.949951171875,1292.0,1235.300048828125,1260.0,675008
2018-10-12,1216.6905517578125,1282.300048828125,1296.75,1259.9000244140625,1259.9000244140625,825580
2018-10-15,1233.2474365234375,1299.75,1312.6500244140625,1277.0,1285.949951171875,791699
2018-10-16,1240.69580078125,1307.5999755859375,1324.699951171875,1281.0,1306.75,815814
2018-10-17,1234.6234130859375,1301.199951171875,1319.449951171875,1291.699951171875,1315.0,693098
2018-10-19,1219.4893798828125,1285.25,1340.6500244140625,1278.4000244140625,1310.0,1205785
2018-10-22,1225.9415283203125,1292.050048828125,1305.0,1277.0,1287.0,503682
2018-10-23,1185.7584228515625,1249.699951171875,1311.9000244140625,1241.5,1285.0,962440
2018-10-24,1177.5032958984375,1241.0,1270.0,1212.5,1255.300048828125,1237155
2018-10-25,1188.889404296875,1253.0,1265.0,1225.199951171875,1238.0,1084503
2018-10-26,1191.5462646484375,1255.800048828125,1278.4000244140625,1236.75,1261.0,858836
2018-10-29,1366.4638671875,1440.1500244140625,1452.6500244140625,1324.8499755859375,1330.0,5731814
2018-10-30,1409.7308349609375,1485.75,1500.5,1436.5,1444.25,3338430
2018-10-31,1408.544677734375,1484.5,1512.0,1463.5999755859375,1485.0,1801064
2018-11-01,1428.517578125,1505.550048828125,1516.949951171875,1469.800048828125,1478.0,953639
2018-11-02,1422.539794921875,1499.25,1523.949951171875,1486.1500244140625,1512.0,924743
2018-11-05,1391.418212890625,1466.449951171875,1501.550048828125,1454.5,1499.5,835508
2018-11-06,1402.187255859375,1477.800048828125,1484.0,1443.75,1466.0,873983
2018-11-07,1420.87939453125,1497.5,1505.0,1480.9000244140625,1490.0,138777
2018-11-09,1469.6968994140625,1548.949951171875,1562.8499755859375,1504.0,1504.9000244140625,1937340
2018-11-12,1434.400390625,1511.75,1562.949951171875,1497.1500244140625,1547.0,1464492
2018-11-13,1452.285888671875,1530.5999755859375,1537.0,1485.6500244140625,1510.0,953328
2018-11-14,1426.9044189453125,1503.8499755859375,1554.699951171875,1484.3499755859375,1543.3499755859375,2290976
2018-11-15,1452.475830078125,1530.800048828125,1548.0,1486.199951171875,1509.0,1004108
2018-11-16,1478.947998046875,1558.699951171875,1575.0,1527.5999755859375,1530.800048828125,1664868
2018-11-19,1482.316650390625,1562.25,1578.0,1545.0,1565.0,755395
2018-11-20,1455.7967529296875,1534.300048828125,1569.0,1530.0999755859375,1555.0,508270
2018-11-21,1459.876708984375,1538.5999755859375,1552.5,1524.75,1546.9000244140625,841267
2018-11-22,1451.052490234375,1529.300048828125,1573.0,1510.0999755859375,1544.0,1282102
2018-11-26,1428.9923095703125,1506.050048828125,1555.0,1499.1500244140625,1534.0,1535951
2018-11-27,1445.2171630859375,1523.1500244140625,1530.0,1496.0999755859375,1513.949951171875,1263798
2018-11-28,1404.36962890625,1480.0999755859375,1525.6500244140625,1467.0,1520.0,772057
2018-11-29,1382.0247802734375,1456.550048828125,1490.5999755859375,1445.4000244140625,1485.0,1613812
2018-11-30,1365.7047119140625,1439.3499755859375,1481.0999755859375,1420.0,1461.0,12273274
2018-12-03,1382.21435546875,1456.75,1469.9000244140625,1420.050048828125,1424.699951171875,952050
2018-12-04,1416.70458984375,1493.0999755859375,1499.9000244140625,1451.3499755859375,1462.300048828125,1136996
2018-12-05,1404.60693359375,1480.3499755859375,1502.800048828125,1463.050048828125,1490.0999755859375,838036
2018-12-06,1384.72900390625,1459.4000244140625,1490.0,1446.199951171875,1480.0,679445
2018-12-07,1415.47119140625,1491.800048828125,1497.9000244140625,1455.199951171875,1472.0,839928
2018-12-10,1397.3011474609375,1472.6500244140625,1485.0,1452.949951171875,1465.0999755859375,569332
2018-12-11,1402.4246826171875,1478.050048828125,1506.449951171875,1455.0,1456.0,648455
2018-12-12,1450.6729736328125,1528.9000244140625,1535.0,1483.449951171875,1485.0,845326
2018-12-13,1444.1260986328125,1522.0,1553.1500244140625,1515.75,1536.0,773320
2018-12-14,1415.091552734375,1491.4000244140625,1529.3499755859375,1477.25,1518.0999755859375,793454
2018-12-17,1407.2164306640625,1483.0999755859375,1516.9000244140625,1475.5,1498.9000244140625,594795
2018-12-18,1419.835693359375,1496.4000244140625,1501.449951171875,1475.9000244140625,1483.9000244140625,545698
2018-12-19,1438.5753173828125,1516.1500244140625,1525.9000244140625,1485.0,1505.0,650629
2018-12-20,1435.206787109375,1512.5999755859375,1523.9000244140625,1500.5999755859375,1500.5999755859375,451924
2018-12-21,1399.3409423828125,1474.800048828125,1519.0,1470.199951171875,1514.949951171875,552808
2018-12-24,1373.10546875,1447.1500244140625,1490.0,1433.550048828125,1489.5,849081
2018-12-26,1381.3131103515625,1455.800048828125,1459.0,1428.050048828125,1438.4000244140625,345177
2018-12-27,1395.8778076171875,1471.1500244140625,1480.0,1448.1500244140625,1465.0,434791
2018-12-28,1392.129638671875,1467.199951171875,1482.0,1462.050048828125,1475.0999755859375,305371
2018-12-31,1406.7891845703125,1482.6500244140625,1493.5,1465.0,1475.0,420785
2019-01-01,1399.957763671875,1475.449951171875,1491.050048828125,1469.050048828125,1485.0,254899
2019-01-02,1395.640625,1470.9000244140625,1483.5999755859375,1461.4000244140625,1476.9000244140625,247208
2019-01-03,1364.3291015625,1437.9000244140625,1482.800048828125,1432.0999755859375,1479.5999755859375,536515
2019-01-04,1385.7728271484375,1460.5,1471.199951171875,1428.25,1437.9000244140625,391849
2019-01-07,1409.968017578125,1486.0,1495.0,1461.3499755859375,1470.0,456830
2019-01-08,1384.20703125,1458.8499755859375,1490.0,1455.0999755859375,1488.800048828125,345960
2019-01-09,1397.870361328125,1473.25,1477.0,1460.0,1460.8499755859375,248643
2019-01-10,1442.6552734375,1520.449951171875,1525.550048828125,1467.25,1470.699951171875,1072651
2019-01-11,1428.1380615234375,1505.1500244140625,1533.699951171875,1497.8499755859375,1519.949951171875,1149372
2019-01-14,1452.1436767578125,1530.449951171875,1538.8499755859375,1504.25,1504.9000244140625,965710
2019-01-15,1444.315673828125,1522.199951171875,1535.0,1515.5,1531.0,383535
2019-01-16,1442.03857421875,1519.800048828125,1526.050048828125,1512.6500244140625,1526.050048828125,362391
2019-01-17,1428.327880859375,1505.3499755859375,1548.0,1499.199951171875,1526.0,927211
2019-01-18,1431.9334716796875,1509.1500244140625,1520.0,1483.449951171875,1512.75,454592
2019-01-21,1420.5948486328125,1497.199951171875,1518.1500244140625,1493.6500244140625,1515.0,351617
2019-01-22,1426.7149658203125,1503.6500244140625,1521.800048828125,1485.0,1492.0,710962
2019-01-23,1426.3826904296875,1503.300048828125,1512.550048828125,1496.050048828125,1508.0,302963
2019-01-24,1416.8470458984375,1493.25,1518.0,1489.5999755859375,1508.300048828125,365424
2019-01-25,1418.83935546875,1495.3499755859375,1508.0,1487.0,1500.5,195017
2019-01-28,1398.06005859375,1473.449951171875,1499.4000244140625,1460.0999755859375,1499.4000244140625,211598
2019-01-29,1427.80615234375,1504.800048828125,1514.9000244140625,1466.0,1475.0,424613
2019-01-30,1426.240478515625,1503.1500244140625,1512.949951171875,1492.050048828125,1505.949951171875,218871
2019-01-31,1429.13427734375,1506.199951171875,1519.9000244140625,1494.5,1508.9000244140625,512854
2019-02-01,1453.9464111328125,1532.3499755859375,1548.050048828125,1488.6500244140625,1511.199951171875,609053
2019-02-04,1527.1015625,1609.449951171875,1619.949951171875,1546.25,1563.949951171875,2399611
2019-02-05,1533.4588623046875,1616.1500244140625,1637.0,1610.199951171875,1615.800048828125,1031235
2019-02-06,1568.6605224609375,1653.25,1659.949951171875,1610.0,1616.1500244140625,916887
2019-02-07,1584.6959228515625,1670.1500244140625,1675.0,1640.050048828125,1645.0,753538
2019-02-08,1598.880859375,1685.0999755859375,1700.0,1656.0,1667.0,1045291
2019-02-11,1551.3443603515625,1635.0,1680.0,1626.0,1677.0999755859375,880642
2019-02-12,1554.28564453125,1638.0999755859375,1651.199951171875,1613.199951171875,1638.0,795159
2019-02-14,1553.6688232421875,1637.449951171875,1648.949951171875,1615.050048828125,1640.0,469510
2019-02-15,1538.3927001953125,1621.3499755859375,1629.4000244140625,1530.6500244140625,1617.0,2159194
2019-02-18,1494.177001953125,1574.75,1621.050048828125,1559.0,1617.9000244140625,890862
2019-02-19,1506.6065673828125,1587.8499755859375,1617.699951171875,1525.0,1570.050048828125,1840314
2019-02-20,1480.7037353515625,1560.550048828125,1594.9000244140625,1553.449951171875,1594.9000244140625,775963
2019-02-21,1470.693359375,1550.0,1560.6500244140625,1540.0,1553.0999755859375,799999
2019-02-22,1484.926025390625,1565.0,1573.449951171875,1546.699951171875,1550.0999755859375,611185
2019-02-25,1513.153564453125,1594.75,1604.9000244140625,1561.0,1573.0,599083
2019-02-26,1538.4874267578125,1621.449951171875,1629.9000244140625,1570.0,1570.0,857201
2019-02-27,1554.61767578125,1638.449951171875,1650.0,1618.0,1628.0,556471
2019-02-28,1569.609375,1654.25,1663.4000244140625,1635.0,1650.0,578587
2019-03-01,1584.3636474609375,1669.800048828125,1675.0,1650.050048828125,1650.050048828125,480280
2019-03-05,1578.57568359375,1663.699951171875,1682.949951171875,1659.25,1674.0,529749
2019-03-06,1618.61669921875,1705.9000244140625,1725.0,1652.050048828125,1670.0,692075
2019-03-07,1566.4305419921875,1650.9000244140625,1714.449951171875,1642.0,1707.0,800855
2019-03-08,1563.10986328125,1647.4000244140625,1665.9000244140625,1636.0,1658.0,428683
2019-03-11,1604.14697265625,1690.6500244140625,1695.3499755859375,1650.0999755859375,1650.0999755859375,637436
2019-03-12,1612.9710693359375,1699.949951171875,1729.9000244140625,1692.6500244140625,1700.0,885899
2019-03-13,1581.7069091796875,1667.0,1712.25,1661.4000244140625,1700.0,639516
2019-03-14,1607.7998046875,1694.5,1704.0,1671.3499755859375,1676.6500244140625,672355
2019-03-15,1620.6092529296875,1708.0,1726.5999755859375,1695.0,1697.0,830304
2019-03-18,1602.9134521484375,1689.3499755859375,1722.550048828125,1684.0999755859375,1718.0,464384
2019-03-19,1609.2232666015625,1696.0,1713.3499755859375,1681.550048828125,1698.0,283112
2019-03-20,1589.6298828125,1675.3499755859375,1711.0,1671.25,1694.0,426057
2019-03-22,1578.5283203125,1663.6500244140625,1691.5999755859375,1655.550048828125,1680.0999755859375,459571
2019-03-25,1618.474365234375,1705.75,1710.0,1651.0999755859375,1659.800048828125,684585
2019-03-26,1620.4666748046875,1707.8499755859375,1774.949951171875,1686.6500244140625,1710.0,509657
2019-03-27,1580.6632080078125,1665.9000244140625,1720.0,1661.050048828125,1706.0,460961
2019-03-28,1569.89404296875,1654.550048828125,1699.0,1641.5,1669.9000244140625,1681103
2019-04-01,1635.1263427734375,1723.300048828125,1742.0,1709.0,1709.0,888473
2019-04-02,1612.1170654296875,1699.050048828125,1734.4000244140625,1693.699951171875,1725.5,508894
2019-04-03,1590.056884765625,1675.800048828125,1707.550048828125,1665.449951171875,1707.550048828125,393202
2019-04-04,1614.014892578125,1701.050048828125,1714.0,1675.800048828125,1679.949951171875,590246
2019-04-05,1631.0465087890625,1719.0,1722.5999755859375,1691.1500244140625,1707.0,464487
2019-04-08,1598.2642822265625,1684.449951171875,1719.0,1677.199951171875,1714.699951171875,461738
2019-04-09,1628.057373046875,1715.8499755859375,1719.75,1685.25,1693.0,392667
2019-04-10,1634.4146728515625,1722.550048828125,1732.5,1706.0,1713.8499755859375,484391
2019-04-11,1630.477294921875,1718.4000244140625,1723.949951171875,1704.050048828125,1715.5,357943
2019-04-12,1643.47607421875,1732.0999755859375,1736.75,1713.0,1717.0,370739
2019-04-15,1655.5738525390625,1744.8499755859375,1749.0,1720.300048828125,1730.0,422148
2019-04-16,1626.8714599609375,1714.5999755859375,1753.9000244140625,1711.300048828125,1748.300048828125,530087
2019-04-18,1636.1226806640625,1724.3499755859375,1731.75,1713.0,1716.0,334997
2019-04-22,1614.4417724609375,1701.5,1737.800048828125,1695.0,1721.0,324129
2019-04-23,1600.6361083984375,1686.949951171875,1713.0999755859375,1682.199951171875,1703.0,340440
2019-04-24,1653.5338134765625,1742.699951171875,1750.0,1687.0,1687.0,573966
2019-04-25,1628.484619140625,1716.300048828125,1742.5,1710.550048828125,1736.25,334093
2019-04-26,1634.224853515625,1722.3499755859375,1739.949951171875,1716.1500244140625,1733.949951171875,333124
2019-04-30,1657.4713134765625,1746.8499755859375,1750.0,1707.050048828125,1722.3499755859375,557187
2019-05-02,1626.5867919921875,1714.300048828125,1771.449951171875,1707.0999755859375,1741.4000244140625,686686
2019-05-03,1614.8214111328125,1701.9000244140625,1725.0,1696.25,1718.0,344975
2019-05-06,1607.9422607421875,1694.6500244140625,1714.0999755859375,1690.050048828125,1697.949951171875,246788
2019-05-07,1602.7236328125,1689.1500244140625,1706.300048828125,1670.0,1670.0,559625
2019-05-08,1583.1302490234375,1668.5,1695.9000244140625,1654.0999755859375,1686.5999755859375,443167
2019-05-09,1542.377685546875,1625.550048828125,1664.75,1615.0,1661.5,553836
2019-05-10,1565.9088134765625,1650.3499755859375,1657.800048828125,1603.0,1609.199951171875,637110
2019-05-13,1541.9981689453125,1625.1500244140625,1652.800048828125,1613.9000244140625,1652.800048828125,255768
2019-05-14,1534.597412109375,1617.3499755859375,1634.8499755859375,1594.0,1634.8499755859375,422106
2019-05-15,1526.5322265625,1608.8499755859375,1654.0,1602.0,1610.5,639846
2019-05-16,1556.3731689453125,1640.300048828125,1648.3499755859375,1597.9000244140625,1612.199951171875,494855
2019-05-17,1549.1619873046875,1632.699951171875,1653.0,1622.0999755859375,1636.0,363216
2019-05-20,1574.780517578125,1659.699951171875,1690.0,1640.0,1680.0,482091
2019-05-21,1609.6973876953125,1696.5,1715.0,1658.0,1658.0,494321
2019-05-22,1594.2314453125,1680.199951171875,1706.199951171875,1670.0,1704.9000244140625,342013
2019-05-23,1643.8082275390625,1732.449951171875,1744.0,1692.0,1710.0,543073
2019-05-24,1675.3095703125,1765.6500244140625,1774.0,1737.0,1742.0999755859375,572794
2019-05-27,1511.920166015625,1593.449951171875,1730.050048828125,1578.050048828125,1729.5,3084161
2019-05-28,1535.0716552734375,1617.8499755859375,1629.0,1585.5999755859375,1600.0,1231843
2019-05-29,1507.792724609375,1589.0999755859375,1624.4000244140625,1585.199951171875,1618.0,474654
2019-05-30,1504.329345703125,1585.449951171875,1626.800048828125,1580.800048828125,1599.0,925477
2019-05-31,1510.8291015625,1592.300048828125,1609.800048828125,1583.0,1595.949951171875,787381
2019-06-03,1533.5535888671875,1616.25,1621.0,1566.550048828125,1597.25,765932
2019-06-04,1505.1834716796875,1586.3499755859375,1610.0,1580.4000244140625,1610.0,803652
2019-06-06,1499.4903564453125,1580.3499755859375,1598.0,1554.449951171875,1598.0,925968
2019-06-07,1486.11181640625,1566.25,1580.6500244140625,1553.050048828125,1575.0,632011
2019-06-10,1481.1778564453125,1561.050048828125,1579.0,1556.050048828125,1562.0,363052
2019-06-11,1476.1966552734375,1555.800048828125,1571.8499755859375,1552.0,1567.0,475514
2019-06-12,1456.0338134765625,1534.550048828125,1560.0,1530.75,1555.800048828125,500761
2019-06-13,1467.419921875,1546.550048828125,1554.4000244140625,1517.0,1539.949951171875,597842
2019-06-14,1444.41064453125,1522.300048828125,1550.0,1495.050048828125,1542.0,993176
2019-06-17,1461.6793212890625,1540.5,1582.9000244140625,1532.4000244140625,1539.300048828125,1053764
2019-06-18,1464.051513671875,1543.0,1552.0,1525.0,1545.0,548508
2019-06-19,1461.58447265625,1540.4000244140625,1554.8499755859375,1533.300048828125,1550.0,420314
2019-06-20,1520.9814453125,1603.0,1615.0,1539.0999755859375,1548.300048828125,758268
2019-06-21,1466.6607666015625,1545.75,1600.0,1540.0,1600.0,1014804
2019-06-24,1495.6475830078125,1576.300048828125,1584.3499755859375,1536.050048828125,1541.6500244140625,512756
2019-06-25,1520.4122314453125,1602.4000244140625,1609.0,1565.0,1566.800048828125,457699
2019-06-26,1516.189697265625,1597.949951171875,1611.0,1580.199951171875,1587.0,461263
2019-06-27,1519.843017578125,1601.800048828125,1608.0,1578.0,1595.0,511835
2019-06-28,1515.2408447265625,1596.949951171875,1634.449951171875,1592.0999755859375,1599.550048828125,551806
2019-07-01,1527.81298828125,1610.199951171875,1622.0,1598.0,1598.75,273406
2019-07-02,1534.5025634765625,1617.25,1623.699951171875,1590.5,1610.199951171875,300935
2019-07-03,1547.16943359375,1630.5999755859375,1640.0,1600.0,1620.0,598945
2019-07-04,1536.9219970703125,1619.800048828125,1638.949951171875,1611.949951171875,1631.4000244140625,214179
2019-07-05,1528.38232421875,1610.800048828125,1619.800048828125,1583.0,1619.800048828125,607948
2019-07-08,1495.0308837890625,1575.6500244140625,1604.25,1564.5,1600.0999755859375,329224
2019-07-09,1522.97412109375,1605.0999755859375,1615.8499755859375,1567.949951171875,1570.1500244140625,548646
2019-07-10,1540.3851318359375,1623.449951171875,1633.75,1597.550048828125,1609.0,685813
2019-07-11,1526.3424072265625,1608.6500244140625,1642.9000244140625,1605.0,1637.0,672371
2019-07-12,1530.6123046875,1613.1500244140625,1621.0,1587.0999755859375,1614.949951171875,548484
2019-07-15,1531.7984619140625,1614.4000244140625,1631.0,1600.0999755859375,1615.0,331641
2019-07-16,1564.2481689453125,1648.5999755859375,1654.0,1614.0,1620.0999755859375,399507
2019-07-17,1567.4268798828125,1651.949951171875,1656.25,1635.5999755859375,1652.5,325110
2019-07-18,1557.891357421875,1641.9000244140625,1661.5,1635.550048828125,1652.5999755859375,769446
2019-07-19,1541.2864990234375,1624.4000244140625,1659.9000244140625,1620.050048828125,1644.0999755859375,464691
2019-07-22,1542.1878662109375,1625.3499755859375,1631.300048828125,1601.0,1618.0,248393
2019-07-23,1536.2576904296875,1619.0999755859375,1644.449951171875,1609.0999755859375,1630.0,298001
2019-07-24,1522.025146484375,1604.0999755859375,1629.1500244140625,1595.0,1614.0,321561
2019-07-25,1557.7489013671875,1641.75,1649.949951171875,1603.0,1604.0,382130
2019-07-26,1581.42236328125,1666.699951171875,1674.9000244140625,1624.9000244140625,1645.0,586809
2019-07-29,1568.6605224609375,1653.25,1678.699951171875,1642.949951171875,1670.0,461396
2019-07-30,1573.5943603515625,1658.449951171875,1673.0,1640.0,1653.300048828125,863878
2019-07-31,1550.1580810546875,1633.75,1651.9000244140625,1565.199951171875,1651.9000244140625,1115866
2019-08-01,1532.6995849609375,1615.3499755859375,1647.5,1597.300048828125,1620.300048828125,470130
2019-08-02,1516.9964599609375,1598.800048828125,1624.0,1579.050048828125,1610.0,432681
2019-08-05,1496.8338623046875,1577.550048828125,1608.550048828125,1566.050048828125,1588.5,571020
2019-08-06,1533.31640625,1616.0,1622.050048828125,1566.800048828125,1568.949951171875,634515
2019-08-07,1550.30078125,1633.9000244140625,1657.0,1601.050048828125,1601.050048828125,591808
2019-08-08,1566.5255126953125,1651.0,1655.949951171875,1626.050048828125,1644.0,678997
2019-08-09,1579.7618408203125,1664.949951171875,1683.449951171875,1642.3499755859375,1653.0,374284
2019-08-13,1446.4033203125,1524.4000244140625,1620.0,1512.199951171875,1615.0,2698990
2019-08-14,1468.9373779296875,1531.9000244140625,1544.800048828125,1466.0,1521.0,1340125
2019-08-16,1445.348388671875,1507.300048828125,1522.5,1490.25,1522.5,913721
2019-08-19,1455.70458984375,1518.0999755859375,1541.1500244140625,1500.0,1505.300048828125,512242
2019-08-20,1459.5880126953125,1522.1500244140625,1541.949951171875,1516.199951171875,1518.0999755859375,382353
2019-08-21,1470.0880126953125,1533.0999755859375,1541.0,1516.1500244140625,1524.0,461174
2019-08-22,1504.032958984375,1568.5,1576.300048828125,1531.5,1537.5999755859375,604653
2019-08-23,1507.0057373046875,1571.5999755859375,1577.449951171875,1540.550048828125,1564.949951171875,469022
2019-08-26,1553.46435546875,1620.050048828125,1625.0,1568.050048828125,1575.0,635005
2019-08-27,1528.053466796875,1593.550048828125,1628.5,1587.75,1625.1500244140625,645617
2019-08-28,1511.8482666015625,1576.6500244140625,1616.0,1570.0,1593.550048828125,419022
2019-08-29,1548.621826171875,1615.0,1634.0,1572.0,1581.0999755859375,479265
2019-08-30,1558.59423828125,1625.4000244140625,1643.3499755859375,1601.449951171875,1611.5999755859375,357258
2019-09-03,1572.066650390625,1639.449951171875,1659.0,1625.5,1625.5,697815
2019-09-04,1595.080322265625,1663.449951171875,1671.0,1592.050048828125,1648.0,817587
2019-09-05,1571.635498046875,1639.0,1666.199951171875,1633.5999755859375,1660.300048828125,312286
2019-09-06,1570.29296875,1637.5999755859375,1654.800048828125,1620.949951171875,1645.0,426978
2019-09-09,1560.2723388671875,1627.1500244140625,1653.6500244140625,1617.0,1636.0,405327
2019-09-11,1550.108154296875,1616.550048828125,1638.949951171875,1606.4000244140625,1629.0,464103
2019-09-12,1577.53271484375,1645.1500244140625,1656.0,1613.0,1625.0,426448
2019-09-13,1561.4232177734375,1628.3499755859375,1655.0,1610.050048828125,1655.0,455745
2019-09-16,1577.1968994140625,1644.800048828125,1659.5,1615.300048828125,1618.3499755859375,363401
2019-09-17,1535.580810546875,1601.4000244140625,1647.0,1598.0,1646.050048828125,486724
2019-09-18,1549.724609375,1616.1500244140625,1626.0,1605.0,1612.5,457444
2019-09-19,1517.3616943359375,1582.4000244140625,1630.0999755859375,1570.5,1621.0,400672
2019-09-20,1570.62841796875,1637.949951171875,1660.5,1575.0999755859375,1596.0,592869
2019-09-23,1545.4573974609375,1611.699951171875,1658.0,1603.050048828125,1641.0,944775
2019-09-24,1562.669677734375,1629.6500244140625,1645.0,1587.699951171875,1611.699951171875,692476
2019-09-25,1566.3133544921875,1633.449951171875,1653.199951171875,1620.1500244140625,1620.1500244140625,450237
2019-09-26,1606.2034912109375,1675.050048828125,1705.0,1631.0,1635.0,999909
2019-09-27,1592.2037353515625,1660.449951171875,1696.9000244140625,1655.25,1671.0,659001
2019-09-30,1597.0462646484375,1665.5,1671.9000244140625,1650.949951171875,1664.800048828125,269573
2019-10-01,1555.861572265625,1622.550048828125,1688.949951171875,1607.5,1671.9000244140625,412172
2019-10-03,1561.4232177734375,1628.3499755859375,1647.9000244140625,1595.050048828125,1610.0,348048
2019-10-04,1555.573974609375,1622.25,1650.0,1619.050048828125,1636.0,282510
2019-10-07,1578.970947265625,1646.6500244140625,1655.949951171875,1616.550048828125,1631.0,476604
2019-10-09,1582.7586669921875,1650.5999755859375,1655.0,1621.199951171875,1650.550048828125,248324
2019-10-10,1598.6285400390625,1667.1500244140625,1680.0,1641.0,1645.0,566891
2019-10-11,1620.4912109375,1689.949951171875,1695.0,1651.699951171875,1677.550048828125,598374
2019-10-14,1614.4981689453125,1683.699951171875,1719.699951171875,1670.050048828125,1696.0,571690
2019-10-15,1623.5118408203125,1693.0999755859375,1701.800048828125,1679.050048828125,1685.0,545212
2019-10-16,1649.497802734375,1720.199951171875,1724.800048828125,1690.8499755859375,1696.0,306125
2019-10-17,1652.1348876953125,1722.949951171875,1734.300048828125,1705.0999755859375,1723.0,348490
2019-10-18,1666.56640625,1738.0,1742.5999755859375,1717.050048828125,1720.0,271062
2019-10-22,1669.5869140625,1741.1500244140625,1773.550048828125,1726.25,1732.4000244140625,814403
2019-10-23,1664.025390625,1735.3499755859375,1752.4000244140625,1725.75,1739.0,228759
2019-10-24,1691.5457763671875,1764.050048828125,1779.050048828125,1735.3499755859375,1736.0,283296
2019-10-25,1686.8472900390625,1759.1500244140625,1774.0,1747.550048828125,1761.0,199141
2019-10-27,1687.1827392578125,1759.5,1769.800048828125,1753.050048828125,1767.0,15839
2019-10-29,1682.2442626953125,1754.3499755859375,1761.5,1736.550048828125,1757.0,343418
2019-10-30,1665.2237548828125,1736.5999755859375,1760.949951171875,1729.0,1740.050048828125,335535
2019-10-31,1682.9156494140625,1755.050048828125,1759.4000244140625,1738.5,1744.0,334257
2019-11-01,1671.5048828125,1743.1500244140625,1771.8499755859375,1738.800048828125,1753.0,339865
2019-11-04,1663.833740234375,1735.1500244140625,1755.0,1716.449951171875,1755.0,515116
2019-11-05,1618.093994140625,1687.449951171875,1738.25,1676.800048828125,1735.0,587695
2019-11-06,1635.25830078125,1705.3499755859375,1721.949951171875,1641.699951171875,1651.0,1000255
2019-11-07,1647.388427734375,1718.0,1723.550048828125,1681.0999755859375,1703.0,362279
2019-11-08,1630.080322265625,1699.949951171875,1727.800048828125,1695.0,1714.0,469867
2019-11-11,1640.24462890625,1710.550048828125,1719.0,1691.949951171875,1700.0,207500
2019-11-13,1603.7584228515625,1672.5,1719.0,1660.0,1710.0,878362
2019-11-14,1588.4161376953125,1656.5,1694.699951171875,1643.449951171875,1668.5,892696
2019-11-15,1675.8677978515625,1747.699951171875,1758.949951171875,1627.0,1645.0,2475371
2019-11-18,1664.6007080078125,1735.949951171875,1763.449951171875,1720.449951171875,1750.5,546681
2019-11-19,1661.484130859375,1732.699951171875,1746.5,1717.449951171875,1738.0,385992
2019-11-20,1691.1143798828125,1763.5999755859375,1797.800048828125,1726.6500244140625,1732.0,1047192
2019-11-21,1675.244384765625,1747.050048828125,1779.949951171875,1740.0999755859375,1763.550048828125,429107
2019-11-22,1662.107421875,1733.3499755859375,1748.0,1717.3499755859375,1745.0,376747
2019-11-25,1691.5457763671875,1764.050048828125,1768.9000244140625,1726.0,1735.0,608852
2019-11-26,1710.9154052734375,1784.25,1805.5,1761.550048828125,1765.0,1008355
2019-11-27,1736.9014892578125,1811.3499755859375,1818.0,1773.800048828125,1785.0,795959
2019-11-28,1719.3057861328125,1793.0,1825.0,1787.699951171875,1824.0,633764
2019-11-29,1712.785400390625,1786.199951171875,1802.8499755859375,1781.800048828125,1795.300048828125,258455
2019-12-02,1711.6827392578125,1785.050048828125,1795.0,1773.0999755859375,1773.0999755859375,401926
2019-12-03,1721.3675537109375,1795.1500244140625,1799.9000244140625,1779.949951171875,1795.0,263215
2019-12-04,1735.03173828125,1809.4000244140625,1823.0,1785.199951171875,1798.0,1107902
2019-12-05,1727.456298828125,1801.5,1806.0,1791.050048828125,1806.0,196491
2019-12-06,1710.5318603515625,1783.8499755859375,1824.0,1772.550048828125,1802.0,541954
2019-12-09,1732.0592041015625,1806.300048828125,1822.0,1780.050048828125,1784.0,574599
2019-12-10,1739.107177734375,1813.6500244140625,1821.5999755859375,1795.4000244140625,1810.0999755859375,418388
2019-12-11,1746.9222412109375,1821.800048828125,1838.4000244140625,1805.0,1811.0,580804
2019-12-12,1753.969970703125,1829.1500244140625,1840.0,1813.0999755859375,1824.699951171875,438783
2019-12-13,1766.2919921875,1842.0,1847.949951171875,1818.0,1833.699951171875,534166
2019-12-16,1784.1754150390625,1860.6500244140625,1869.949951171875,1830.0,1839.0,686055
2019-12-17,1769.5521240234375,1845.4000244140625,1868.4000244140625,1833.699951171875,1862.0,466589
2019-12-18,1762.3125,1837.8499755859375,1844.550048828125,1821.300048828125,1841.0999755859375,461114
2019-12-19,1753.826171875,1829.0,1855.0,1826.0,1833.050048828125,380436
2019-12-20,1743.2784423828125,1818.0,1834.0,1795.0,1834.0,725073
2019-12-23,1733.78515625,1808.0999755859375,1837.949951171875,1804.0,1820.5,328818
2019-12-24,1742.2237548828125,1816.9000244140625,1824.0,1806.0999755859375,1811.0999755859375,219970
2019-12-26,1741.360595703125,1816.0,1833.0,1808.75,1815.0,291471
2019-12-27,1754.9290771484375,1830.1500244140625,1837.3499755859375,1818.5,1824.949951171875,266306
2019-12-30,1773.196044921875,1849.199951171875,1858.0,1830.0,1835.949951171875,361262
2019-12-31,1769.935791015625,1845.800048828125,1857.199951171875,1835.0999755859375,1852.0,287988
2020-01-01,1744.0933837890625,1818.8499755859375,1849.5999755859375,1815.9000244140625,1845.0,157063
2020-01-02,1750.853759765625,1825.9000244140625,1833.800048828125,1820.5,1820.5,102841
2020-01-03,1759.3878173828125,1834.800048828125,1847.8499755859375,1817.0,1817.0,281177
2020-01-06,1762.7919921875,1838.3499755859375,1845.0,1800.0,1828.300048828125,500000
2020-01-07,1768.1138916015625,1843.9000244140625,1851.75,1832.5999755859375,1838.0,302472
2020-01-08,1758.5728759765625,1833.949951171875,1846.0,1822.0,1822.0,147762
2020-01-09,1767.6343994140625,1843.4000244140625,1855.0,1826.6500244140625,1845.0,221553
2020-01-10,1789.59326171875,1866.300048828125,1884.5,1841.0,1843.949951171875,499335
2020-01-13,1801.62744140625,1878.8499755859375,1881.800048828125,1860.0,1870.199951171875,208532
2020-01-14,1796.6409912109375,1873.6500244140625,1887.0,1857.0,1878.5,328250
2020-01-15,1789.545166015625,1866.25,1878.5999755859375,1852.050048828125,1878.5999755859375,277859
2020-01-16,1820.94921875,1899.0,1902.0999755859375,1869.0999755859375,1870.0,381703
2020-01-17,1825.1202392578125,1903.3499755859375,1913.8499755859375,1892.050048828125,1899.449951171875,362279
2020-01-20,1814.23681640625,1892.0,1926.4000244140625,1887.0999755859375,1905.0,420979
2020-01-21,1793.9083251953125,1870.800048828125,1900.9000244140625,1868.0,1892.0,393410
2020-01-22,1778.9013671875,1855.1500244140625,1890.6500244140625,1843.949951171875,1872.0999755859375,460611
2020-01-23,1819.4627685546875,1897.449951171875,1902.4000244140625,1853.0,1855.0,294035
2020-01-24,1831.9764404296875,1910.5,1914.699951171875,1885.0999755859375,1896.5,200949
2020-01-27,1839.5037841796875,1918.3499755859375,1935.0,1893.699951171875,1910.0,434503
2020-01-28,1866.7366943359375,1946.75,1951.800048828125,1903.1500244140625,1918.3499755859375,527383
2020-01-29,1880.6888427734375,1961.300048828125,1994.4000244140625,1936.050048828125,1956.0,829522
2020-01-30,1878.6270751953125,1959.1500244140625,1975.0,1935.75,1961.5,350522
2020-01-31,1872.0584716796875,1952.300048828125,1984.0,1948.0,1969.0,322232
2020-02-03,1891.66796875,1972.75,2022.0,1962.4000244140625,1994.9000244140625,910769
2020-02-04,1880.6888427734375,1961.300048828125,1996.949951171875,1954.199951171875,1979.0,565885
2020-02-05,1881.98291015625,1962.6500244140625,1990.0,1946.199951171875,1962.050048828125,519051
2020-02-06,1939.8525390625,2023.0,2079.39990234375,1930.0,1950.0,1730330
2020-02-07,2000.2154541015625,2085.949951171875,2095.0,2011.0,2023.0,890175
2020-02-10,2003.092041015625,2088.949951171875,2112.449951171875,2076.14990234375,2085.0,628865
2020-02-11,2058.66015625,2146.89990234375,2160.0,2085.0,2085.0,1068378
2020-02-12,2034.5921630859375,2121.800048828125,2179.949951171875,2112.0,2159.0,984894
2020-02-13,2067.194091796875,2155.800048828125,2173.800048828125,2121.800048828125,2135.050048828125,591980
2020-02-14,2058.228515625,2146.449951171875,2190.0,2135.699951171875,2169.25,660382
2020-02-17,2066.283447265625,2154.85009765625,2170.0,2133.60009765625,2158.0,243414
2020-02-18,2085.84521484375,2175.25,2180.199951171875,2142.5,2154.85009765625,532206
2020-02-19,2096.009765625,2185.85009765625,2195.0,2155.75,2170.0,365113
2020-02-20,2080.1875,2169.35009765625,2236.39990234375,2156.85009765625,2199.5,578488
2020-02-24,2071.653076171875,2160.449951171875,2184.800048828125,2147.300048828125,2171.89990234375,419664
2020-02-25,2044.1689453125,2116.0,2165.0,2093.0,2152.0,572634
2020-02-26,2069.383544921875,2142.10009765625,2162.949951171875,2091.10009765625,2116.0,578955
2020-02-27,2083.342529296875,2156.550048828125,2172.0,2117.050048828125,2148.0,569625
2020-02-28,2035.4261474609375,2106.949951171875,2149.699951171875,2087.25,2140.0,1076121
2020-03-02,2037.6483154296875,2109.25,2164.89990234375,2086.0,2130.0,557614
2020-03-03,2108.991455078125,2183.10009765625,2210.0,2063.550048828125,2124.89990234375,1399046
2020-03-04,2100.97314453125,2174.800048828125,2210.89990234375,2157.75,2183.0,634747
2020-03-05,2148.261474609375,2223.75,2239.0,2175.0,2175.0,1094422
2020-03-06,2164.008056640625,2240.050048828125,2249.0,2171.449951171875,2180.0,968953
2020-03-09,2107.687255859375,2181.75,2258.949951171875,2137.050048828125,2240.0,879424
2020-03-11,2076.241943359375,2149.199951171875,2194.75,2125.050048828125,2180.800048828125,573237
2020-03-12,1847.9154052734375,1912.8499755859375,2129.0,1826.8499755859375,2129.0,1552639
2020-03-13,1896.0731201171875,1962.699951171875,1993.4000244140625,1626.0,1800.0,962602
2020-03-16,1827.6763916015625,1891.9000244140625,1986.0,1871.550048828125,1950.0,682663
2020-03-17,1830.961181640625,1895.300048828125,1963.0999755859375,1872.25,1892.0,1300859
2020-03-18,1743.968017578125,1805.25,1933.949951171875,1787.6500244140625,1928.0,1076620
2020-03-19,1807.4376220703125,1870.949951171875,1946.449951171875,1631.050048828125,1720.0,1743757
2020-03-20,1927.1800537109375,1994.9000244140625,2017.1500244140625,1864.4000244140625,1875.550048828125,1881347
2020-03-23,1788.8895263671875,1851.75,1925.0,1725.550048828125,1849.949951171875,1203381
2020-03-24,1854.774169921875,1919.949951171875,1975.0,1860.5,1925.0,1285829
2020-03-25,1862.59912109375,1928.050048828125,1974.0,1881.0999755859375,1900.0,676624
2020-03-26,1819.368408203125,1883.300048828125,1980.0,1874.0,1937.3499755859375,596430
2020-03-27,1799.3228759765625,1862.550048828125,1930.0,1824.75,1930.0,538787
2020-03-30,1829.608642578125,1893.9000244140625,1929.9000244140625,1832.699951171875,1851.0,606185
2020-03-31,1921.528564453125,1989.050048828125,2035.0,1895.0,1943.0,937675
2020-04-01,1813.2822265625,1877.0,2000.4000244140625,1844.25,2000.0,1165088
2020-04-03,1836.5157470703125,1901.050048828125,1940.0,1822.949951171875,1910.0,1219731
2020-04-07,1997.6536865234375,2067.85009765625,2150.0,1921.25,1960.0,2241715
2020-04-08,2095.321533203125,2168.949951171875,2214.60009765625,2040.0999755859375,2065.0,1228880
2020-04-09,2232.452392578125,2310.89990234375,2467.60009765625,2200.25,2225.0,2527934
2020-04-13,2261.724365234375,2341.199951171875,2421.0,2285.0,2385.0,1782628
2020-04-15,2314.1328125,2395.449951171875,2418.0,2330.0,2371.0,1136701
2020-04-16,2311.958984375,2393.199951171875,2448.5,2353.800048828125,2395.39990234375,1350131
2020-04-17,2253.029541015625,2332.199951171875,2449.550048828125,2320.14990234375,2430.0,1326979
2020-04-20,2263.028564453125,2342.550048828125,2375.0,2296.050048828125,2335.0,817776
2020-04-21,2324.904296875,2406.60009765625,2474.449951171875,2295.0,2295.0,1365316
2020-04-22,2303.554443359375,2384.5,2412.949951171875,2363.64990234375,2406.949951171875,596850
2020-04-23,2335.240966796875,2417.300048828125,2454.300048828125,2376.0,2388.0,993530
2020-04-24,2343.06591796875,2425.39990234375,2460.0,2390.60009765625,2410.0,894214
2020-04-27,2343.500732421875,2425.85009765625,2472.39990234375,2394.199951171875,2450.0,924358
2020-04-28,2283.12255859375,2363.35009765625,2445.0,2349.0,2445.0,855492
2020-04-29,2289.40185546875,2369.85009765625,2409.0,2352.0,2388.0,635110
2020-04-30,2253.705810546875,2332.89990234375,2372.699951171875,2300.699951171875,2365.0,843162
2020-05-04,2209.509033203125,2287.14990234375,2343.949951171875,2226.0,2226.0,936799
2020-05-05,2206.70751953125,2284.25,2326.0,2273.199951171875,2273.199951171875,609756
2020-05-06,2213.566650390625,2291.35009765625,2313.85009765625,2241.699951171875,2310.0,762810
2020-05-07,2182.170166015625,2258.85009765625,2310.0,2227.0,2280.35009765625,498471
2020-05-08,2222.69580078125,2300.800048828125,2314.85009765625,2253.10009765625,2271.0,641799
2020-05-11,2247.90966796875,2326.89990234375,2356.0,2310.050048828125,2319.0,654101
2020-05-12,2283.31591796875,2363.550048828125,2374.35009765625,2303.050048828125,2330.0,676613
2020-05-13,2260.08203125,2339.5,2396.89990234375,2314.0,2388.0,538167
2020-05-14,2286.26220703125,2366.60009765625,2377.89990234375,2302.0,2329.0,413755
2020-05-15,2255.927734375,2335.199951171875,2413.0,2327.35009765625,2376.0,600190
2020-05-18,2251.09765625,2330.199951171875,2379.0,2318.39990234375,2342.0,600640
2020-05-19,2242.934814453125,2321.75,2358.0,2307.800048828125,2350.0,322942
2020-05-20,2292.155029296875,2372.699951171875,2376.699951171875,2311.10009765625,2325.0,600994
2020-05-21,2277.326171875,2357.35009765625,2390.5,2333.300048828125,2375.0,317110
2020-05-22,2241.244140625,2320.0,2375.14990234375,2305.0,2351.0,479501
2020-05-26,2217.768798828125,2295.699951171875,2344.89990234375,2287.39990234375,2339.949951171875,404978
2020-05-27,2212.648681640625,2290.39990234375,2320.0,2260.0,2305.0,720014
2020-05-28,2207.52880859375,2285.10009765625,2300.0,2255.35009765625,2295.5,392876
2020-05-29,2308.964599609375,2390.10009765625,2408.10009765625,2262.300048828125,2285.0,1000264
2020-06-01,2395.861083984375,2480.050048828125,2492.89990234375,2360.0,2402.10009765625,1128386
2020-06-02,2329.15478515625,2411.0,2537.949951171875,2400.0,2500.0,1305076
2020-06-03,2301.332763671875,2382.199951171875,2442.0,2367.199951171875,2420.0,888450
2020-06-04,2338.960205078125,2421.14990234375,2439.0,2385.0,2392.0,704299
2020-06-05,2376.539794921875,2460.050048828125,2476.0,2415.75,2429.449951171875,770517
2020-06-08,2331.135498046875,2413.050048828125,2472.0,2337.0,2472.0,1943064
2020-06-09,2339.588134765625,2421.800048828125,2456.89990234375,2400.0,2400.0,1215283
2020-06-10,2313.359619140625,2394.64990234375,2444.0,2376.0,2412.0,702873
2020-06-11,2276.311767578125,2356.300048828125,2417.35009765625,2347.0,2394.64990234375,470891
2020-06-12,2313.794677734375,2395.10009765625,2400.300048828125,2302.89990234375,2310.0,589371
2020-06-15,2255.783203125,2335.050048828125,2449.60009765625,2322.449951171875,2408.949951171875,1261564
2020-06-16,2241.582275390625,2320.35009765625,2365.0,2285.0,2352.0,660650
2020-06-17,2222.01953125,2300.10009765625,2337.85009765625,2292.300048828125,2329.050048828125,699526
2020-06-18,2232.01806640625,2310.449951171875,2332.0,2296.550048828125,2305.89990234375,304464
2020-06-19,2226.51171875,2304.75,2330.0,2286.0,2318.699951171875,728257
2020-06-22,2269.500732421875,2349.25,2369.0,2317.0,2335.0,445228
2020-06-23,2299.25537109375,2380.050048828125,2401.050048828125,2322.0,2360.0,838016
2020-06-24,2261.869140625,2341.35009765625,2412.0,2331.5,2395.0,501579
2020-06-25,2251.33935546875,2330.449951171875,2378.0,2325.35009765625,2340.550048828125,316334
2020-06-26,2270.9501953125,2350.75,2381.89990234375,2332.550048828125,2344.0,497117
2020-06-29,2237.959716796875,2316.60009765625,2368.0,2308.10009765625,2359.550048828125,519075
2020-06-30,2201.539306640625,2278.89990234375,2334.949951171875,2267.0,2334.949951171875,684233
2020-07-01,2165.1669921875,2241.25,2284.0,2233.0,2284.0,788450
2020-07-02,2122.081298828125,2196.64990234375,2242.0,2090.050048828125,2100.0,4392566
2020-07-03,2116.091552734375,2190.449951171875,2248.5,2181.10009765625,2206.0,1516409
2020-07-06,2087.738037109375,2161.10009765625,2219.89990234375,2157.0,2219.89990234375,932519
2020-07-07,2110.343994140625,2184.5,2207.0,2147.0,2179.5,1348625
2020-07-08,2090.056396484375,2163.5,2213.0,2141.050048828125,2174.0,1586276
2020-07-09,2102.470458984375,2176.35009765625,2193.85009765625,2153.0,2171.0,819353
2020-07-10,2128.3125,2203.10009765625,2226.60009765625,2160.0,2184.35009765625,1011412
2020-07-13,2159.2744140625,2235.14990234375,2240.0,2197.199951171875,2220.0,600585
2020-07-14,2142.8515625,2218.14990234375,2256.60009765625,2211.300048828125,2243.5,811086
2020-07-15,2149.758544921875,2225.300048828125,2245.0,2214.14990234375,2219.0,1234453
2020-07-16,2129.664794921875,2204.5,2242.0,2193.25,2239.0,833354
2020-07-17,2186.56494140625,2263.39990234375,2274.550048828125,2177.050048828125,2200.0,1233698
2020-07-20,2220.71533203125,2298.75,2314.0,2241.550048828125,2280.0,1650713
2020-07-21,2204.775146484375,2282.25,2327.0,2277.0,2305.0,549204
2020-07-22,2184.97119140625,2261.75,2307.0,2245.75,2293.0,314826
2020-07-23,2316.06494140625,2397.449951171875,2408.85009765625,2274.64990234375,2285.0,2533883
2020-07-24,2269.3564453125,2349.10009765625,2433.199951171875,2328.0,2390.0,1234340
2020-07-27,2281.721435546875,2361.89990234375,2395.0,2320.199951171875,2350.0,915026
2020-07-28,2262.0625,2341.550048828125,2391.14990234375,2332.0,2363.0,1049978
2020-07-29,2341.37548828125,2423.64990234375,2435.0,2342.300048828125,2356.10009765625,937679
2020-07-30,2475.3671875,2562.35009765625,2577.14990234375,2430.5,2434.949951171875,3392829
2020-07-31,2527.727294921875,2616.550048828125,2645.60009765625,2557.0,2570.0,2698997
2020-08-03,2552.0712890625,2641.75,2731.0,2605.64990234375,2621.60009765625,2802784
2020-08-04,2599.215087890625,2690.550048828125,2706.699951171875,2602.050048828125,2675.0,1260214
2020-08-05,2577.189208984375,2667.75,2716.60009765625,2641.0,2700.0,1237767
2020-08-06,2645.1025390625,2738.050048828125,2753.0,2662.699951171875,2682.0,1340401
2020-08-07,2690.314453125,2784.85009765625,2820.0,2722.39990234375,2748.0,1448742
2020-08-10,3011.96142578125,3117.800048828125,3293.0,3063.300048828125,3063.300048828125,6015324
2020-08-11,3025.148193359375,3131.449951171875,3168.75,3087.0,3139.949951171875,2731072
2020-08-12,3011.188720703125,3117.0,3131.0,3012.10009765625,3122.0,2244001
2020-08-13,3019.39990234375,3125.5,3180.0,3093.64990234375,3110.0,1916602
2020-08-14,2984.912109375,3089.800048828125,3185.0,3060.10009765625,3135.0,1959949
2020-08-17,3023.312255859375,3129.550048828125,3139.0,3071.35009765625,3120.0,1194516
2020-08-18,3043.8896484375,3150.85009765625,3160.0,3095.0,3129.85009765625,1416520
2020-08-19,3052.342529296875,3159.60009765625,3190.0,3140.449951171875,3166.64990234375,1002926
2020-08-20,3081.0341796875,3189.300048828125,3207.0,3121.10009765625,3130.10009765625,1018936
2020-08-21,3137.114013671875,3247.35009765625,3335.0,3222.64990234375,3256.0,3851456
2020-08-24,3130.2060546875,3240.199951171875,3280.0,3211.85009765625,3269.5,842857
2020-08-25,3135.712646484375,3245.89990234375,3268.949951171875,3220.64990234375,3254.75,887308
2020-08-26,3088.27978515625,3196.800048828125,3262.14990234375,3182.75,3248.89990234375,700169
2020-08-27,3157.4970703125,3268.449951171875,3278.0,3185.0,3200.0,1013525
2020-08-28,3161.747802734375,3272.85009765625,3297.89990234375,3259.0,3280.0,636688
2020-08-31,3016.7919921875,3122.800048828125,3293.949951171875,3094.85009765625,3285.0,1472451
2020-09-01,3121.415283203125,3231.10009765625,3260.39990234375,3101.300048828125,3114.0,981942
2020-09-02,3217.634033203125,3330.699951171875,3340.0,3240.0,3247.300048828125,992629
2020-09-03,3171.0703125,3282.5,3349.39990234375,3272.35009765625,3330.0,829828
2020-09-04,3113.735107421875,3223.14990234375,3320.949951171875,3209.0,3241.0,867200
2020-09-07,3090.501708984375,3199.10009765625,3248.60009765625,3170.0,3243.300048828125,582355
2020-09-08,3006.93798828125,3112.60009765625,3216.0,3095.0,3209.0,687872
2020-09-09,3049.927490234375,3157.10009765625,3169.449951171875,3080.0,3090.0,904326
2020-09-10,3049.39599609375,3156.550048828125,3185.0,3125.050048828125,3160.0,503343
2020-09-11,3039.83203125,3146.64990234375,3172.35009765625,3118.0,3157.60009765625,464651
2020-09-14,3057.365966796875,3164.800048828125,3227.64990234375,3133.699951171875,3169.60009765625,773804
2020-09-15,3076.83203125,3184.949951171875,3250.0,3166.25,3175.0,1365374
2020-09-16,3134.215576171875,3244.35009765625,3274.0,3179.0,3181.10009765625,1064745
2020-09-17,3102.142333984375,3211.14990234375,3264.199951171875,3200.0,3244.050048828125,688789
2020-09-18,3230.868896484375,3344.39990234375,3389.0,3228.0,3230.0,3362844
2020-09-21,3051.569580078125,3158.800048828125,3374.25,3120.050048828125,3350.949951171875,1585478
2020-09-22,3126.728759765625,3236.60009765625,3273.800048828125,3042.550048828125,3160.0,1855832
2020-09-23,3040.70166015625,3147.550048828125,3290.39990234375,3129.0,3253.75,1499849
2020-09-24,2917.916259765625,3020.449951171875,3151.800048828125,2985.0,3090.0,6257683
2020-09-25,2956.84814453125,3060.75,3108.0,3004.64990234375,3060.0,1594964
2020-09-28,2992.0126953125,3097.14990234375,3130.0,3021.64990234375,3100.0,1269287
2020-09-29,2957.958740234375,3061.89990234375,3139.0,3048.64990234375,3100.0,1187338
2020-09-30,2944.482666015625,3047.949951171875,3135.0,3040.0,3089.0,1416088
2020-10-01,2960.85693359375,3064.89990234375,3097.699951171875,3052.14990234375,3060.0,740845
2020-10-05,3020.076416015625,3126.199951171875,3145.0,3049.050048828125,3080.0,1059411
2020-10-06,3055.24072265625,3162.60009765625,3184.800048828125,3141.449951171875,3160.0,1403318
2020-10-07,3073.88525390625,3181.89990234375,3217.89990234375,3151.14990234375,3190.0,1304014
2020-10-08,3121.75341796875,3231.449951171875,3255.0,3172.300048828125,3188.0,1003283
2020-10-09,3081.710693359375,3190.0,3269.89990234375,3180.10009765625,3255.0,952505
2020-10-12,3098.375,3207.25,3215.0,3152.050048828125,3192.300048828125,1176234
2020-10-13,3032.586669921875,3139.14990234375,3248.0,3121.10009765625,3214.0,1080242
2020-10-14,3024.18212890625,3130.449951171875,3162.0,3103.0,3156.0,792943
2020-10-15,3005.77880859375,3111.39990234375,3150.0,3045.0,3140.0,992780
2020-10-16,3113.30029296875,3222.699951171875,3232.89990234375,3114.89990234375,3114.89990234375,1664500
2020-10-19,2988.389404296875,3093.39990234375,3246.89990234375,3085.0,3235.0,1329702
2020-10-20,2980.999267578125,3085.75,3128.75,3071.0,3102.0,1348612
2020-10-21,2974.43017578125,3078.949951171875,3125.0,3015.0,3098.0,1234195
2020-10-22,2988.486328125,3093.5,3106.050048828125,3031.0,3078.949951171875,899754
2020-10-23,2964.67333984375,3068.85009765625,3144.0,3062.64990234375,3109.0,1214597
2020-10-26,2938.87939453125,3042.14990234375,3081.39990234375,3020.10009765625,3080.89990234375,772978
2020-10-27,3049.685791015625,3156.85009765625,3178.550048828125,3044.0,3060.0,1602501
2020-10-28,3025.148193359375,3131.449951171875,3210.89990234375,3110.0,3159.75,1412166
2020-10-29,3002.10791015625,3107.60009765625,3159.64990234375,3091.60009765625,3121.449951171875,729760
2020-10-30,3035.388427734375,3142.050048828125,3160.0,3053.699951171875,3111.0,1330322
2020-11-02,2945.15869140625,3048.64990234375,3134.89990234375,3040.300048828125,3121.14990234375,977309
2020-11-03,2985.00830078125,3089.89990234375,3117.5,3058.5,3060.0,724215
2020-11-04,3087.699951171875,3196.199951171875,3210.10009765625,3105.14990234375,3120.75,1479510
2020-11-05,3100.0654296875,3209.0,3242.0,3168.10009765625,3210.89990234375,1169897
2020-11-06,3127.3564453125,3237.25,3264.800048828125,3186.5,3210.0,1234138
2020-11-09,3307.525146484375,3423.75,3463.39990234375,3345.64990234375,3415.050048828125,7053871
2020-11-10,3152.61865234375,3263.39990234375,3423.60009765625,3239.14990234375,3423.60009765625,2531351
2020-11-11,3239.322021484375,3353.14990234375,3372.199951171875,3282.050048828125,3300.0,2007813
2020-11-12,3252.75048828125,3367.050048828125,3408.75,3303.14990234375,3336.0,1258544
2020-11-13,3316.4130859375,3432.949951171875,3450.0,3368.199951171875,3370.0,1346031
2020-11-14,3328.005615234375,3444.949951171875,3464.199951171875,3438.75,3464.199951171875,124536
2020-11-17,3310.665283203125,3427.0,3490.0,3395.0,3460.0,1652851
2020-11-18,3334.623291015625,3451.800048828125,3462.0,3410.39990234375,3440.0,817107
2020-11-19,3318.44189453125,3435.050048828125,3499.0,3406.300048828125,3436.0,1130621
2020-11-20,3351.336181640625,3469.10009765625,3490.0,3425.0,3442.0,1058905
2020-11-23,3425.9150390625,3546.300048828125,3637.800048828125,3470.5,3486.39990234375,2306539
2020-11-24,3416.9794921875,3537.050048828125,3609.949951171875,3493.0,3609.949951171875,1608159
2020-11-25,3351.674072265625,3469.449951171875,3568.89990234375,3450.0,3567.949951171875,736967
2020-11-26,3423.983154296875,3544.300048828125,3565.0,3465.0,3485.5,963570
2020-11-27,3482.71923828125,3605.10009765625,3659.89990234375,3509.75,3547.0,5745633
2020-12-01,3497.837890625,3620.75,3770.0,3596.60009765625,3770.0,2077864
2020-12-02,3515.999755859375,3639.550048828125,3654.85009765625,3615.0,3622.0,755137
2020-12-03,3567.007568359375,3692.35009765625,3724.89990234375,3636.10009765625,3655.0,940122
2020-12-04,3585.942138671875,3711.949951171875,3739.0,3665.0,3710.85009765625,1043566
2020-12-07,3591.35205078125,3717.550048828125,3741.949951171875,3663.449951171875,3704.0,1086712
2020-12-08,3564.737060546875,3690.0,3749.0,3676.60009765625,3717.550048828125,750038
2020-12-09,3598.935546875,3725.39990234375,3736.0,3695.60009765625,3710.0,653837
2020-12-10,3605.552978515625,3732.25,3763.0,3706.75,3724.89990234375,638946
2020-12-11,3518.463134765625,3642.10009765625,3740.0,3622.39990234375,3730.0,1322763
2020-12-14,3477.59912109375,3599.800048828125,3669.75,3584.60009765625,3650.0,858167
2020-12-15,3505.228515625,3628.39990234375,3652.10009765625,3606.449951171875,3620.0,678172
2020-12-16,3591.68994140625,3717.89990234375,3727.0,3636.0,3652.199951171875,1097589
2020-12-17,3694.864501953125,3824.699951171875,3854.199951171875,3711.300048828125,3711.300048828125,2080618
2020-12-18,3702.785888671875,3832.89990234375,3859.0,3782.0,3837.300048828125,1336810
2020-12-21,3510.782958984375,3634.14990234375,3803.949951171875,3543.800048828125,3789.0,1845053
2020-12-22,3594.63671875,3720.949951171875,3739.10009765625,3601.89990234375,3658.949951171875,1501765
2020-12-23,3563.384765625,3688.60009765625,3715.0,3660.0,3709.60009765625,915202
2020-12-24,3622.31396484375,3749.60009765625,3757.0,3692.050048828125,3705.0,656706
2020-12-28,3638.156982421875,3766.0,3783.35009765625,3738.0,3760.0,387691
2020-12-29,3655.739501953125,3784.199951171875,3829.699951171875,3765.0,3783.0,834002
2020-12-30,3670.71337890625,3799.699951171875,3820.0,3760.85009765625,3790.0,407940
2020-12-31,3711.48046875,3841.89990234375,3850.0,3786.85009765625,3787.0,646191
2021-01-01,3718.3876953125,3849.050048828125,3867.89990234375,3817.85009765625,3839.0,344329
2021-01-04,3731.139892578125,3862.25,3914.949951171875,3849.0,3853.0,578164
2021-01-05,3711.674072265625,3842.10009765625,3880.5,3804.050048828125,3858.25,621125
2021-01-06,3748.142578125,3879.85009765625,3889.300048828125,3815.550048828125,3847.0,486212
2021-01-07,3673.949462890625,3803.050048828125,3904.0,3791.0,3890.0,731225
2021-01-08,3728.14501953125,3859.14990234375,3868.699951171875,3810.10009765625,3819.0,594069
2021-01-11,3692.642578125,3822.39990234375,3888.949951171875,3805.5,3884.89990234375,581207
2021-01-12,3639.606689453125,3767.5,3831.85009765625,3741.0,3822.949951171875,758091
2021-01-13,3593.138916015625,3719.39990234375,3792.199951171875,3675.75,3788.5,1142472
2021-01-14,3598.259033203125,3724.699951171875,3740.0,3684.0,3738.39990234375,826368
2021-01-15,3521.07177734375,3644.800048828125,3762.800048828125,3633.0,3760.0,1048279
2021-01-18,3444.2705078125,3565.300048828125,3659.0,3551.0,3640.0,952462
2021-01-19,3477.260986328125,3599.449951171875,3631.0,3555.199951171875,3576.0,834021
2021-01-20,3483.298828125,3605.699951171875,3666.10009765625,3597.050048828125,3630.0,730498
2021-01-21,3482.236328125,3604.60009765625,3650.0,3590.0,3650.0,706058
2021-01-22,3424.369384765625,3544.699951171875,3613.75,3530.0,3604.60009765625,720287
2021-01-25,3447.89306640625,3569.050048828125,3589.39990234375,3481.699951171875,3562.0,926197
2021-01-27,3364.812255859375,3483.050048828125,3600.0,3469.89990234375,3594.89990234375,944951
2021-01-28,3313.32177734375,3429.75,3496.699951171875,3410.0,3460.0,717703
2021-01-29,3255.454833984375,3369.85009765625,3458.0,3360.10009765625,3450.0,1015705
2021-02-01,3346.022705078125,3463.60009765625,3520.0,3311.39990234375,3418.0,998291
2021-02-02,3428.137451171875,3548.60009765625,3567.699951171875,3446.10009765625,3540.0,1624774
2021-02-03,3555.318359375,3680.25,3716.89990234375,3561.25,3590.0,1693164
2021-02-04,3554.01416015625,3678.89990234375,3724.75,3651.0,3713.949951171875,908879
2021-02-05,3692.69091796875,3822.449951171875,3859.800048828125,3665.050048828125,3699.0,2152555
2021-02-08,3653.468994140625,3781.85009765625,3888.0,3650.0,3799.0,2744564
2021-02-09,3596.37548828125,3722.75,3841.25,3705.050048828125,3783.050048828125,1319497
2021-02-10,3623.03857421875,3750.35009765625,3760.0,3675.39990234375,3740.0,953446
2021-02-11,3626.419677734375,3753.85009765625,3764.699951171875,3712.0,3719.60009765625,422563
2021-02-12,3593.138916015625,3719.39990234375,3753.85009765625,3695.14990234375,3753.85009765625,561226
2021-02-15,3585.072509765625,3711.050048828125,3749.75,3702.0,3721.0,426787
2021-02-16,3561.356201171875,3686.5,3719.449951171875,3666.0,3711.050048828125,392393
2021-02-17,3492.5244140625,3615.25,3675.0,3590.0,3672.0,691346
2021-02-18,3465.861572265625,3587.64990234375,3648.0,3573.0,3596.0,884937
2021-02-19,3403.59912109375,3523.199951171875,3605.0,3490.0,3588.0,745416
2021-02-22,3377.95068359375,3496.64990234375,3563.0,3475.0,3510.0,846786
2021-02-23,3331.19384765625,3448.25,3519.0,3440.85009765625,3485.0,511326
2021-02-24,3361.914306640625,3480.050048828125,3509.800048828125,3412.39990234375,3496.89990234375,409153
2021-02-25,3323.2724609375,3440.050048828125,3513.5,3432.0,3477.25,876984
2021-02-26,3248.934326171875,3363.10009765625,3485.89990234375,3326.39990234375,3419.5,1701176
2021-03-01,3344.042236328125,3461.550048828125,3485.0,3381.35009765625,3396.699951171875,660836
2021-03-02,3397.51318359375,3516.89990234375,3521.949951171875,3455.5,3470.0,724413
2021-03-03,3444.125244140625,3565.14990234375,3573.199951171875,3500.550048828125,3560.0,725617
2021-03-04,3432.822509765625,3553.449951171875,3571.0,3494.050048828125,3550.0,640664
2021-03-05,3378.19189453125,3496.89990234375,3550.0,3490.0,3518.0,390702
2021-03-08,3388.625732421875,3507.699951171875,3548.949951171875,3501.0,3522.35009765625,372681
2021-03-09,3384.278564453125,3503.199951171875,3567.800048828125,3461.5,3567.800048828125,442271
2021-03-10,3408.333251953125,3528.10009765625,3543.85009765625,3482.25,3510.0,421799
2021-03-12,3392.827880859375,3512.050048828125,3564.85009765625,3503.550048828125,3532.5,600323
2021-03-15,3295.20849609375,3411.0,3526.0,3371.0,3526.0,834264
2021-03-16,3263.570068359375,3378.25,3436.0,3361.050048828125,3429.89990234375,793917
2021-03-17,3263.618408203125,3378.300048828125,3392.35009765625,3345.10009765625,3390.0,547364
2021-03-18,3161.796142578125,3272.89990234375,3398.949951171875,3255.10009765625,3398.949951171875,622941
2021-03-19,3255.889892578125,3370.300048828125,3406.550048828125,3153.300048828125,3272.0,1744235
2021-03-22,3290.32958984375,3405.949951171875,3444.0,3350.550048828125,3371.35009765625,748535
2021-03-23,3377.2744140625,3495.949951171875,3509.89990234375,3403.050048828125,3418.0,787152
2021-03-24,3362.97705078125,3481.14990234375,3545.0,3457.050048828125,3495.949951171875,762599
2021-03-25,3333.077392578125,3450.199951171875,3494.10009765625,3391.0,3494.0,738392
2021-03-26,3347.326904296875,3464.949951171875,3509.949951171875,3411.800048828125,3450.0,504226
2021-03-30,3462.5771484375,3584.25,3600.0,3480.050048828125,3500.0,732578
2021-03-31,3499.818603515625,3622.800048828125,3640.64990234375,3581.0,3600.0,883699
2021-04-01,3493.345947265625,3616.10009765625,3639.0,3603.0,3618.0,247000
2021-04-05,3488.46728515625,3611.050048828125,3681.0,3561.64990234375,3616.10009765625,880667
2021-04-06,3562.901611328125,3688.10009765625,3698.25,3584.0,3605.0,490057
2021-04-07,3573.383544921875,3698.949951171875,3734.0,3691.60009765625,3701.0,415385
2021-04-08,3589.033447265625,3715.14990234375,3799.89990234375,3681.5,3698.550048828125,752343
2021-04-09,3624.970947265625,3752.35009765625,3782.550048828125,3680.0,3718.5,1247594
2021-04-12,3651.34375,3779.64990234375,3898.0,3675.199951171875,3760.0,1959252
2021-04-13,3592.2216796875,3718.449951171875,3850.0,3702.0,3847.0,606699
2021-04-15,3654.966552734375,3783.39990234375,3819.89990234375,3695.550048828125,3745.5,850076
2021-04-16,3692.111572265625,3821.85009765625,3845.0,3733.39990234375,3790.0,681099
2021-04-19,3677.8623046875,3807.10009765625,3849.85009765625,3756.0,3812.0,777986
2021-04-20,3651.39208984375,3779.699951171875,3848.89990234375,3750.0,3815.0,594570
2021-04-22,3627.772216796875,3755.25,3812.050048828125,3742.199951171875,3770.0,619485
2021-04-23,3651.4404296875,3779.75,3829.64990234375,3739.0,3751.0,733544
2021-04-26,3655.884033203125,3784.35009765625,3842.5,3770.449951171875,3782.0,568028
2021-04-27,3776.254638671875,3908.949951171875,3925.0,3786.0,3818.35009765625,804123
2021-04-28,3750.79931640625,3882.60009765625,3966.550048828125,3870.0,3944.14990234375,911739
2021-04-29,3778.090087890625,3910.85009765625,3947.25,3856.0,3882.0,653122
2021-04-30,3924.447265625,4062.35009765625,4135.0,3909.60009765625,3910.0,2499026
2021-05-03,3935.70166015625,4074.0,4147.2998046875,4025.050048828125,4061.800048828125,1014865
2021-05-04,3850.061279296875,3985.35009765625,4102.5,3962.050048828125,4098.9501953125,492286
2021-05-05,3898.460205078125,4035.449951171875,4064.550048828125,3975.0,3999.0,671260
2021-05-06,3925.12353515625,4063.050048828125,4084.39990234375,4018.0,4050.0,423190
2021-05-07,3892.325927734375,4029.10009765625,4087.64990234375,4019.300048828125,4068.60009765625,305011
2021-05-10,3998.78466796875,4139.2998046875,4205.0,4042.10009765625,4052.0,1238763
2021-05-11,3935.3154296875,4073.60009765625,4171.2001953125,4055.10009765625,4120.10009765625,483699
2021-05-12,3923.57763671875,4061.449951171875,4123.14990234375,4045.0,4078.89990234375,567640
2021-05-14,3884.066162109375,4020.550048828125,4108.0,4006.5,4090.0,481350
2021-05-17,3905.995361328125,4043.25,4067.0,4020.0,4020.0,305324
2021-05-18,3887.3505859375,4023.949951171875,4074.85009765625,4018.0,4060.0,404311
2021-05-19,3902.517578125,4039.64990234375,4059.0,4002.0,4035.0,545721
2021-05-20,3903.62890625,4040.800048828125,4059.0,3964.35009765625,4049.64990234375,382877
2021-05-21,3941.401123046875,4079.89990234375,4110.0,4041.800048828125,4041.800048828125,426797
2021-05-24,3958.1142578125,4097.2001953125,4165.0,4072.35009765625,4092.14990234375,591556
2021-05-25,3958.7421875,4097.85009765625,4137.5,4085.050048828125,4117.2001953125,235870
2021-05-26,3959.466552734375,4098.60009765625,4120.0,4055.0,4108.75,344734
2021-05-27,3940.72509765625,4079.199951171875,4126.0,4057.25,4100.0,781730
2021-05-28,3980.3818359375,4120.25,4147.64990234375,4078.550048828125,4092.0,483595
2021-05-31,4051.628173828125,4194.0,4284.2001953125,4110.0,4190.0,3090619
2021-06-01,4076.84228515625,4220.10009765625,4227.10009765625,4155.0498046875,4205.0,652655
2021-06-02,4071.190673828125,4214.25,4255.5,4201.0,4215.89990234375,603352
2021-06-03,4088.53173828125,4232.2001953125,4244.0,4208.0,4231.0,382915
2021-06-04,4116.93310546875,4261.60009765625,4277.89990234375,4217.5498046875,4233.60009765625,389667
2021-06-07,4086.358154296875,4229.9501953125,4299.0,4220.0,4264.14990234375,429298
2021-06-08,4097.22607421875,4241.2001953125,4259.10009765625,4201.7998046875,4229.9501953125,366017
2021-06-09,4122.5849609375,4267.4501953125,4315.0,4230.2001953125,4250.0,480787
2021-06-10,4224.1171875,4372.5498046875,4425.0,4275.0,4275.0,1275478
2021-06-11,4187.3583984375,4334.5,4397.0,4325.0,4372.0,574413
2021-06-14,4239.09033203125,4388.0498046875,4410.0,4311.0,4334.64990234375,540274
2021-06-15,4166.63671875,4313.0498046875,4415.35009765625,4296.2001953125,4398.0,798680
2021-06-16,4154.70654296875,4300.7001953125,4330.25,4282.85009765625,4319.60009765625,358040
2021-06-17,4156.2998046875,4302.35009765625,4324.4501953125,4271.0,4300.7001953125,205565
2021-06-18,4054.816162109375,4197.2998046875,4363.9501953125,4146.5,4302.5,1586031
2021-06-21,4085.53662109375,4229.10009765625,4238.85009765625,4162.0,4190.0,294121
2021-06-22,4143.162109375,4288.75,4297.75,4218.9501953125,4234.7998046875,377841
2021-06-23,4081.189208984375,4224.60009765625,4310.2001953125,4221.25,4300.0,268303
2021-06-24,4106.0654296875,4250.35009765625,4259.7001953125,4195.0498046875,4235.0,389303
2021-06-25,4104.51953125,4248.75,4289.0,4240.25,4254.64990234375,215936
2021-06-28,4167.9404296875,4314.39990234375,4349.0,4251.0,4251.0,475081
2021-06-29,4208.27392578125,4356.14990234375,4369.5,4300.0,4316.60009765625,374334
2021-06-30,4258.60546875,4408.25,4432.0,4355.0498046875,4369.0,636015
2021-07-01,4285.12353515625,4435.7001953125,4453.89990234375,4412.85009765625,4417.0,321217
2021-07-02,4366.22314453125,4519.64990234375,4530.10009765625,4431.0,4435.7001953125,660211
2021-07-05,4405.1552734375,4559.9501953125,4583.0498046875,4517.25,4534.0,419343
2021-07-06,4370.619140625,4524.2001953125,4582.0,4512.10009765625,4565.0,262654
2021-07-07,4398.00634765625,4552.5498046875,4566.0498046875,4485.0,4500.0,337061
2021-07-08,4357.3837890625,4510.5,4560.0,4500.0,4533.0,207589
2021-07-09,4443.5556640625,4599.7001953125,4625.0,4510.7998046875,4515.0,530967
2021-07-12,4432.9775390625,4588.75,4623.9501953125,4575.64990234375,4610.0,205249
2021-07-13,4449.6904296875,4606.0498046875,4618.75,4566.89990234375,4600.0,233256
2021-07-14,4466.2587890625,4623.2001953125,4661.64990234375,4585.14990234375,4609.5,365170
2021-07-15,4450.89794921875,4607.2998046875,4652.39990234375,4597.89990234375,4626.0,289805
2021-07-16,4596.09619140625,4757.60009765625,4772.0,4620.0,4625.0,1156272
2021-07-19,4644.25439453125,4807.4501953125,4832.7001953125,4735.5498046875,4749.9501953125,493155
2021-07-20,4625.3193359375,4787.85009765625,4848.0,4763.0,4807.0,361369
2021-07-22,4678.837890625,4843.25,4856.39990234375,4769.39990234375,4787.85009765625,384993
2021-07-23,4660.966796875,4824.75,4850.0,4801.7001953125,4843.4501953125,177874
2021-07-26,4754.09375,4921.14990234375,4940.64990234375,4824.75,4824.75,619955
2021-07-27,4628.748046875,4791.39990234375,4944.75,4669.39990234375,4930.0,935854
2021-07-28,4724.58056640625,4890.60009765625,4913.9501953125,4768.25,4802.60009765625,956834
2021-07-29,4679.36962890625,4843.7998046875,4934.39990234375,4824.2001953125,4908.89990234375,658995
2021-07-30,4739.5546875,4906.10009765625,4940.9501953125,4862.25,4879.9501953125,659061
2021-08-02,4761.62939453125,4928.9501953125,4962.14990234375,4893.5,4893.5,359231
2021-08-03,4836.884765625,5006.85009765625,5019.89990234375,4900.0,4930.60009765625,530586
2021-08-04,4795.73046875,4964.25,5045.2001953125,4954.5498046875,5017.0,381205
2021-08-05,4756.412109375,4923.5498046875,5020.0,4916.5,5000.0,413085
2021-08-06,4749.11865234375,4916.0,4959.0,4884.0,4950.0,314260
2021-08-09,4739.16845703125,4905.7001953125,4989.7998046875,4831.0,4980.0,955464
2021-08-10,4786.8427734375,4955.0498046875,4971.60009765625,4895.0,4930.89990234375,356348
2021-08-11,4752.11376953125,4919.10009765625,4958.9501953125,4840.7998046875,4954.5,354008
2021-08-12,4742.21142578125,4908.85009765625,4929.9501953125,4872.0,4929.9501953125,200081
2021-08-13,4780.70849609375,4948.7001953125,4973.0,4860.5498046875,4900.0498046875,314044
2021-08-16,4732.6474609375,4898.9501953125,4954.35009765625,4870.0,4945.5498046875,225012
2021-08-17,4761.16552734375,4908.35009765625,4940.0,4875.0,4893.5,356466
2021-08-18,4763.20263671875,4910.4501953125,4999.0498046875,4902.0,4911.85009765625,506142
2021-08-20,4674.2041015625,4818.7001953125,4915.39990234375,4757.0,4861.2998046875,549942
2021-08-23,4728.47607421875,4874.64990234375,4888.7001953125,4788.0,4849.0,410817
2021-08-24,4717.3701171875,4863.2001953125,4912.14990234375,4792.85009765625,4890.0,425873
2021-08-25,4710.87060546875,4856.5,4875.0,4818.10009765625,4863.4501953125,345800
2021-08-26,4701.36474609375,4846.7001953125,4877.2001953125,4829.0,4855.0,281990
2021-08-27,4763.44580078125,4910.7001953125,4934.0498046875,4824.35009765625,4846.64990234375,349435
2021-08-30,4951.19091796875,5104.25,5133.9501953125,4930.0,4932.60009765625,866739
2021-08-31,5018.46142578125,5173.60009765625,5219.0,5110.0498046875,5140.0,896587
2021-09-01,5046.64013671875,5202.64990234375,5271.64990234375,5150.0,5176.0,581886
2021-09-02,5010.6533203125,5165.5498046875,5244.2001953125,5153.2001953125,5214.9501953125,414878
2021-09-03,5052.12109375,5208.2998046875,5264.5498046875,5136.35009765625,5183.0,547010
2021-09-06,5049.017578125,5205.10009765625,5247.5498046875,5183.2001953125,5238.9501953125,271793
2021-09-07,5053.86767578125,5210.10009765625,5234.9501953125,5180.0,5220.9501953125,285728
2021-09-08,4932.56689453125,5085.0498046875,5223.0,5048.0498046875,5223.0,670825
2021-09-09,4903.3212890625,5054.89990234375,5084.2001953125,5034.7001953125,5084.2001953125,373656
2021-09-13,4932.71337890625,5085.2001953125,5096.0,5001.0,5059.0,351984
2021-09-14,4942.07373046875,5094.85009765625,5191.39990234375,5071.7998046875,5125.0,521157
2021-09-15,5004.2021484375,5158.89990234375,5165.0,5090.10009765625,5122.9501953125,336784
2021-09-16,5011.96337890625,5166.89990234375,5174.0498046875,5125.10009765625,5157.0,289942
2021-09-17,4969.185546875,5122.7998046875,5198.64990234375,5059.5498046875,5178.0,401270
2021-09-20,4956.8662109375,5110.10009765625,5235.60009765625,5079.64990234375,5100.0,451356
2021-09-21,5024.13623046875,5179.4501953125,5188.4501953125,5080.0,5119.5,340766
2021-09-22,4985.7724609375,5139.89990234375,5187.14990234375,5125.89990234375,5178.39990234375,199338
2021-09-23,5055.8076171875,5212.10009765625,5224.7001953125,5141.60009765625,5169.85009765625,258292
2021-09-24,4955.36279296875,5108.5498046875,5254.0,5092.0,5235.35009765625,350328
2021-09-27,4784.640625,4932.5498046875,5133.85009765625,4925.0,5120.0,553003
2021-09-28,4640.5927734375,4784.0498046875,4965.0,4701.0,4965.0,1028992
2021-09-29,4662.32177734375,4806.4501953125,4914.2998046875,4752.10009765625,4789.0,877223
2021-09-30,4654.80419921875,4798.7001953125,4844.85009765625,4765.60009765625,4797.0,541396
2021-10-01,4687.39599609375,4832.2998046875,4874.0,4780.0,4800.0,362529
2021-10-04,5064.14990234375,5220.7001953125,5315.5,4890.0,4890.0,2888637
2021-10-05,5061.38525390625,5217.85009765625,5254.35009765625,5147.10009765625,5250.5,575663
2021-10-06,4982.5224609375,5136.5498046875,5227.85009765625,5117.85009765625,5225.0,304090
2021-10-07,4944.9833984375,5097.85009765625,5162.0498046875,5062.2001953125,5150.0,314433
2021-10-08,4919.22900390625,5071.2998046875,5131.0,5022.2998046875,5123.0,314249
2021-10-11,4988.82763671875,5143.0498046875,5223.9501953125,5060.5,5104.0,386696
2021-10-12,5069.193359375,5225.89990234375,5289.0,5101.0,5185.2001953125,505001
2021-10-13,5091.50390625,5248.89990234375,5332.64990234375,5217.5498046875,5300.0,363526
2021-10-14,5211.05859375,5372.14990234375,5389.0,5226.2001953125,5248.89990234375,549795
2021-10-18,5182.83056640625,5343.0498046875,5425.10009765625,5314.5498046875,5383.0,544942
2021-10-19,5036.4072265625,5192.10009765625,5390.0,5167.75,5344.0,388226
2021-10-20,4962.97705078125,5116.39990234375,5292.0,5089.2001953125,5182.10009765625,623004
2021-10-21,5037.91064453125,5193.64990234375,5219.0,5052.64990234375,5167.5498046875,435607
2021-10-22,4921.26611328125,5073.39990234375,5239.0,5050.0,5239.0,372979
2021-10-25,4846.13916015625,4995.9501953125,5070.0,4874.85009765625,5052.0,588823
2021-10-26,4868.400390625,5018.89990234375,5074.0,4972.10009765625,4995.0,334367
2021-10-27,4994.93896484375,5149.35009765625,5227.0,5000.2001953125,5007.85009765625,624281
2021-10-28,4967.5849609375,5121.14990234375,5210.2998046875,5102.60009765625,5161.89990234375,410588
2021-10-29,4995.71484375,5150.14990234375,5248.35009765625,5085.2998046875,5114.39990234375,442907
2021-11-01,5071.4248046875,5228.2001953125,5285.0498046875,5151.0,5175.60009765625,307144
2021-11-02,5049.30810546875,5205.39990234375,5276.85009765625,5191.7998046875,5230.0,314359
2021-11-03,4986.01513671875,5140.14990234375,5211.35009765625,5094.0498046875,5184.0,674471
2021-11-04,5051.87841796875,5208.0498046875,5225.0,5170.10009765625,5174.0,36424
2021-11-08,4749.86572265625,4896.7001953125,5040.0,4747.7998046875,5023.2001953125,2670018
2021-11-09,4802.828125,4951.2998046875,5093.25,4915.4501953125,4968.0,1441073
2021-11-10,4758.64404296875,4905.75,4946.85009765625,4866.0,4928.0,454790
2021-11-11,4688.3173828125,4833.25,4900.0,4815.0,4900.0,341815
2021-11-12,4698.55126953125,4843.7998046875,4895.4501953125,4810.0,4895.4501953125,356046
2021-11-15,4760.48681640625,4907.64990234375,4927.0,4852.7998046875,4868.0,292784
2021-11-16,4707.087890625,4852.60009765625,4915.0,4842.0,4915.0,268910
2021-11-17,4620.99853515625,4763.85009765625,4846.4501953125,4757.0,4845.0,372272
2021-11-18,4642.0966796875,4785.60009765625,4809.2998046875,4671.7998046875,4723.75,631764
2021-11-22,4538.83837890625,4679.14990234375,4838.2998046875,4666.4501953125,4800.0,456467
2021-11-23,4620.46533203125,4763.2998046875,4825.0,4635.0,4679.14990234375,507851
2021-11-24,4542.2822265625,4682.7001953125,4788.89990234375,4654.5,4788.89990234375,322715
2021-11-25,4655.87060546875,4799.7998046875,4815.9501953125,4655.60009765625,4677.0,311013
2021-11-26,4789.732421875,4937.7998046875,5077.7001953125,4756.75,4770.0,1570555
2021-11-29,4773.7763671875,4921.35009765625,4990.0,4810.10009765625,4965.5498046875,551230
2021-11-30,4732.50146484375,4878.7998046875,4949.7001953125,4840.14990234375,4930.0,864073
2021-12-01,4609.69873046875,4752.2001953125,4977.7998046875,4725.0,4880.35009765625,603122
2021-12-02,4634.044921875,4777.2998046875,4824.89990234375,4754.10009765625,4776.0,289153
2021-12-03,4614.40234375,4757.0498046875,4797.35009765625,4713.60009765625,4797.2998046875,300986
2021-12-06,4507.458984375,4646.7998046875,4775.0,4635.0,4775.0,406673
2021-12-07,4486.11865234375,4624.7998046875,4666.7001953125,4600.25,4652.10009765625,404320
2021-12-08,4466.8642578125,4604.9501953125,4651.0,4585.0,4650.0,637075
2021-12-09,4439.70361328125,4576.9501953125,4640.0,4515.85009765625,4640.0,710302
2021-12-10,4371.31787109375,4506.4501953125,4567.75,4490.0,4550.0,784691
2021-12-13,4394.54931640625,4530.39990234375,4590.7998046875,4490.0,4541.0,531695
2021-12-14,4514.8310546875,4654.39990234375,4662.0,4501.0,4520.0,883708
2021-12-15,4451.1015625,4588.7001953125,4653.85009765625,4535.0,4653.85009765625,1210492
2021-12-16,4463.46923828125,4601.4501953125,4637.39990234375,4572.0,4618.0,835422
2021-12-17,4376.16845703125,4511.4501953125,4625.0,4502.14990234375,4608.0,424694
2021-12-20,4276.255859375,4408.4501953125,4498.0,4356.0,4490.0,404674
2021-12-21,4273.5888671875,4405.7001953125,4448.25,4361.0,4448.25,825709
2021-12-22,4426.65673828125,4563.5,4584.0,4385.0,4430.0,843170
2021-12-23,4344.20556640625,4478.5,4570.0,4471.0498046875,4559.9501953125,703933
2021-12-24,4313.892578125,4447.25,4515.0,4440.0,4515.0,295431
2021-12-27,4339.06494140625,4473.2001953125,4491.0,4431.85009765625,4450.0,242523
2021-12-28,4389.65087890625,4525.35009765625,4535.60009765625,4476.2001953125,4495.5498046875,403732
2021-12-29,4483.0146484375,4621.60009765625,4625.7998046875,4517.25,4529.7998046875,701459
2021-12-30,4489.12548828125,4627.89990234375,4657.39990234375,4610.0,4642.2001953125,434083
2021-12-31,4537.9169921875,4678.2001953125,4690.0,4630.0,4649.0,293933
2022-01-03,4511.775390625,4651.25,4708.75,4642.0,4689.0,203444
2022-01-04,4483.111328125,4621.7001953125,4679.9501953125,4609.0,4652.10009765625,259508
2022-01-05,4421.7587890625,4558.4501953125,4630.2001953125,4542.0,4619.89990234375,510511
2022-01-06,4354.53564453125,4489.14990234375,4557.0,4470.0,4535.0,447726
2022-01-07,4381.259765625,4516.7001953125,4549.7998046875,4470.5,4500.0,269479
2022-01-10,4331.88623046875,4465.7998046875,4534.5498046875,4462.2001953125,4520.0,361423
2022-01-11,4381.11474609375,4516.5498046875,4539.85009765625,4434.25,4475.0,476123
2022-01-12,4358.17333984375,4492.89990234375,4538.0,4467.0498046875,4531.0498046875,496883
2022-01-13,4452.41064453125,4590.0498046875,4619.14990234375,4466.0,4493.0,646137
2022-01-14,4478.1650390625,4616.60009765625,4636.0,4559.0,4590.0,399974
2022-01-17,4491.501953125,4630.35009765625,4668.0,4561.0,4615.0,315394
2022-01-18,4391.39697265625,4527.14990234375,4640.35009765625,4512.0498046875,4635.0,340707
2022-01-19,4347.11572265625,4481.5,4550.0,4465.0,4550.0,365211
2022-01-20,4199.916015625,4329.75,4496.0,4312.0,4496.0,805433
2022-01-21,4054.07470703125,4179.39990234375,4328.2998046875,4137.7998046875,4328.2998046875,1172704
2022-01-24,3934.95654296875,4056.60009765625,4190.0,3788.949951171875,4189.0,1397434
2022-01-25,3927.778564453125,4049.199951171875,4096.9501953125,3930.949951171875,4000.0,561610
2022-01-27,3821.707763671875,3939.85009765625,4044.60009765625,3920.0,4028.949951171875,864770
2022-01-28,3822.5322265625,3940.699951171875,4070.0,3930.14990234375,3941.0,492149
2022-01-31,3915.07177734375,4036.10009765625,4108.9501953125,3995.85009765625,4020.0,454611
2022-02-01,3985.1552734375,4108.35009765625,4124.0,4032.60009765625,4055.050048828125,309874
2022-02-02,4093.1171875,4219.64990234375,4235.0,4125.0,4140.0,346003
2022-02-03,4134.634765625,4262.4501953125,4274.0,4203.0,4250.0,504989
2022-02-04,4175.42333984375,4304.5,4374.60009765625,4232.4501953125,4270.0,964227
2022-02-07,4075.511962890625,4201.5,4345.85009765625,4178.35009765625,4304.5,380821
2022-02-08,4149.28076171875,4277.5498046875,4288.39990234375,4168.25,4201.5,436195
2022-02-09,4199.625,4329.4501953125,4357.4501953125,4278.7998046875,4280.0,280094
2022-02-10,4184.39599609375,4313.75,4361.9501953125,4300.0498046875,4334.5,559595
2022-02-11,4162.5712890625,4291.25,4474.0,4240.0498046875,4313.75,2585446
2022-02-14,4149.62060546875,4277.89990234375,4355.0,4192.0498046875,4239.4501953125,1147299
2022-02-15,4196.08447265625,4325.7998046875,4346.0,4280.0,4280.0,371572
2022-02-16,4331.25634765625,4465.14990234375,4498.0,4312.0498046875,4340.0,1373620
2022-02-17,4308.994140625,4442.2001953125,4520.14990234375,4425.0,4465.64990234375,601590
2022-02-18,4222.8564453125,4353.39990234375,4442.2001953125,4325.0,4432.7001953125,580486
2022-02-21,4130.6083984375,4258.2998046875,4345.0,4250.5,4345.0,284980
2022-02-22,4098.11328125,4224.7998046875,4245.2001953125,4135.7001953125,4150.0,430407
2022-02-23,4056.208984375,4181.60009765625,4258.64990234375,4173.14990234375,4232.0,379328
2022-02-24,3818.603759765625,3936.64990234375,4130.89990234375,3916.60009765625,4100.0,723045
2022-02-25,4014.255615234375,4138.35009765625,4157.89990234375,3981.89990234375,4049.949951171875,450834
2022-02-28,4137.10791015625,4265.0,4284.39990234375,4078.699951171875,4120.0,611670
2022-03-02,4036.129150390625,4160.89990234375,4310.85009765625,4135.2998046875,4230.0,576094
2022-03-03,4035.693115234375,4160.4501953125,4226.7998046875,4143.2998046875,4200.0,421554
2022-03-04,3971.9140625,4094.699951171875,4157.7998046875,4063.0,4100.0,429937
2022-03-07,3952.756591796875,4074.949951171875,4094.949951171875,3974.050048828125,4050.0,540735
2022-03-08,4039.37890625,4164.25,4175.0,4066.0,4069.89990234375,414138
2022-03-09,4107.0849609375,4234.0498046875,4279.60009765625,4150.0,4180.0,385251
2022-03-10,4171.9306640625,4300.89990234375,4334.0,4252.25,4267.5,414284
2022-03-11,4209.2763671875,4339.39990234375,4353.0,4250.0,4298.0,352915
2022-03-14,4262.04541015625,4393.7998046875,4404.5,4325.10009765625,4340.0,492612
2022-03-15,4254.72216796875,4386.25,4478.2001953125,4365.10009765625,4365.10009765625,403394
2022-03-16,4270.24169921875,4402.25,4457.2001953125,4370.0,4422.0,227588
2022-03-17,4369.2802734375,4504.35009765625,4519.89990234375,4431.35009765625,4439.9501953125,438327
2022-03-21,4322.62255859375,4456.25,4542.4501953125,4427.5,4525.0,356749
2022-03-22,4315.15380859375,4448.5498046875,4493.75,4410.0,4456.25,292831
2022-03-23,4417.00537109375,4553.5498046875,4573.85009765625,4460.25,4465.0,574783
2022-03-24,4359.87158203125,4494.64990234375,4549.9501953125,4466.75,4544.0,467266
2022-03-25,4320.5859375,4454.14990234375,4520.0,4420.0,4502.0,270912
2022-03-28,4284.11279296875,4416.5498046875,4458.9501953125,4374.5,4433.0,316896
2022-03-29,4424.8134765625,4561.60009765625,4578.64990234375,4410.0,4410.0,589480
2022-03-30,4402.50390625,4538.60009765625,4625.0,4505.9501953125,4578.0,360504
2022-03-31,4270.04736328125,4402.0498046875,4553.5498046875,4390.64990234375,4530.0,611205
2022-04-01,4248.36865234375,4379.7001953125,4443.14990234375,4335.10009765625,4425.0,348173
2022-04-04,4362.7333984375,4497.60009765625,4505.0,4378.89990234375,4379.7001953125,334083
2022-04-05,4327.42431640625,4461.2001953125,4516.85009765625,4440.0,4500.0,336772
2022-04-06,4255.3525390625,4386.89990234375,4527.0,4372.89990234375,4461.0,532706
2022-04-07,4315.05712890625,4448.4501953125,4470.0,4386.89990234375,4386.89990234375,387968
2022-04-08,4370.83251953125,4505.9501953125,4528.10009765625,4412.0,4449.89990234375,241609
2022-04-11,4368.7470703125,4503.7998046875,4520.0,4441.5498046875,4501.0,231619
2022-04-12,4339.25830078125,4473.39990234375,4535.2001953125,4436.10009765625,4481.7001953125,378104
2022-04-13,4364.3330078125,4499.25,4520.4501953125,4430.14990234375,4471.0,306254
2022-04-18,4389.21435546875,4524.89990234375,4568.2001953125,4450.25,4490.0,439474
2022-04-19,4279.1181640625,4411.39990234375,4579.0,4348.75,4526.0,421066
2022-04-20,4322.041015625,4455.64990234375,4487.10009765625,4383.2998046875,4477.0,390369
2022-04-21,4393.23974609375,4529.0498046875,4550.0,4433.0498046875,4441.7001953125,377100
2022-04-22,4357.78515625,4492.5,4529.0,4444.0498046875,4529.0,395984
2022-04-25,4277.85693359375,4410.10009765625,4474.9501953125,4385.0,4440.0,271185
2022-04-26,4384.0732421875,4519.60009765625,4528.7998046875,4415.10009765625,4415.10009765625,244626
2022-04-27,4394.74267578125,4530.60009765625,4570.0,4404.0,4471.0,583807
2022-04-28,4427.72412109375,4564.60009765625,4640.7998046875,4510.0,4569.75,799337
2022-04-29,4370.29833984375,4505.39990234375,4619.64990234375,4488.0,4552.0,383948
2022-05-02,4374.4208984375,4509.64990234375,4554.2001953125,4465.0498046875,4488.7998046875,300278
2022-05-04,4213.88427734375,4344.14990234375,4600.0,4330.0,4500.0,389110
2022-05-05,4234.88427734375,4365.7998046875,4430.0,4335.5,4365.85009765625,261002
2022-05-06,4040.9306640625,4165.85009765625,4310.5498046875,4121.5,4275.0,684913
2022-05-09,4104.224609375,4231.10009765625,4254.0,4125.0,4130.0,262555
2022-05-10,4167.517578125,4296.35009765625,4312.5498046875,4210.0,4210.0,301378
2022-05-11,4165.0439453125,4293.7998046875,4328.7998046875,4240.0,4268.0,366780
2022-05-12,4106.455078125,4233.39990234375,4295.5498046875,4140.0498046875,4287.10009765625,481414
2022-05-13,4152.72509765625,4281.10009765625,4354.7001953125,4254.0498046875,4315.0,436997
2022-05-16,4091.614501953125,4218.10009765625,4309.75,4210.0,4291.0,116360
2022-05-17,4174.30810546875,4303.35009765625,4313.60009765625,4202.35009765625,4218.10009765625,338343
2022-05-18,4235.75830078125,4366.7001953125,4385.9501953125,4273.89990234375,4275.0,451480
2022-05-19,4073.28076171875,4199.2001953125,4336.9501953125,4190.0,4281.0,288480
2022-05-20,4175.71337890625,4304.7998046875,4325.0,4220.0,4260.0,396121
2022-05-23,3781.015380859375,3897.89990234375,4438.7998046875,3874.35009765625,4323.0,2180936
2022-05-24,3551.898681640625,3661.699951171875,3912.5,3650.0,3894.0,4971455
2022-05-25,3413.8173828125,3519.35009765625,3705.300048828125,3497.25,3686.0,1567485
2022-05-26,3345.285888671875,3448.699951171875,3567.85009765625,3365.550048828125,3550.0,2436609
2022-05-27,3409.306396484375,3514.699951171875,3538.64990234375,3451.60009765625,3505.0,900885
2022-05-30,3459.55322265625,3566.5,3611.89990234375,3530.300048828125,3575.0,838443
2022-05-31,3483.609619140625,3591.300048828125,3627.949951171875,3530.0,3585.0,1013666
2022-06-01,3448.54345703125,3555.14990234375,3637.25,3536.0,3627.199951171875,502863
2022-06-02,3418.667236328125,3524.35009765625,3551.949951171875,3505.0,3550.0,291231
2022-06-03,3373.998046875,3478.300048828125,3566.550048828125,3472.10009765625,3560.0,592744
2022-06-06,3394.707763671875,3499.64990234375,3525.0,3470.0,3470.0,552885
2022-06-07,3396.259765625,3501.25,3515.85009765625,3450.10009765625,3491.050048828125,414997
2022-06-08,3390.48828125,3495.300048828125,3519.949951171875,3470.10009765625,3482.199951171875,342198
2022-06-09,3402.031494140625,3507.199951171875,3517.0,3452.0,3475.0,600724
2022-06-10,3422.25634765625,3528.050048828125,3542.800048828125,3461.699951171875,3475.0,376643
2022-06-13,3369.972412109375,3474.14990234375,3522.0,3456.0,3462.0,605558
2022-06-14,3419.92822265625,3525.64990234375,3549.0,3456.5,3474.14990234375,384679
2022-06-15,3473.715576171875,3581.10009765625,3589.89990234375,3520.449951171875,3525.0,410170
2022-06-16,3458.001220703125,3564.89990234375,3628.0,3533.199951171875,3628.0,521488
2022-06-17,3377.53857421875,3481.949951171875,3565.0,3456.10009765625,3564.85009765625,740538
2022-06-20,3427.59130859375,3533.550048828125,3539.949951171875,3452.050048828125,3481.0,247790
2022-06-21,3491.56396484375,3599.5,3613.89990234375,3540.0,3540.0,315204
2022-06-22,3491.66064453125,3599.60009765625,3625.0,3545.5,3575.0,450929
2022-06-23,3556.360595703125,3666.300048828125,3687.89990234375,3605.0,3621.64990234375,392345
2022-06-24,3570.61962890625,3681.0,3699.949951171875,3638.300048828125,3665.89990234375,345510
2022-06-27,3563.296142578125,3673.449951171875,3715.0,3657.10009765625,3704.60009765625,272457
2022-06-28,3505.095458984375,3613.449951171875,3681.5,3582.949951171875,3681.5,560883
2022-06-29,3475.89794921875,3583.35009765625,3600.0,3545.0,3590.0,404647
2022-06-30,3521.537109375,3630.39990234375,3635.0,3551.0,3561.0,576558
2022-07-01,3528.472900390625,3637.550048828125,3649.60009765625,3581.050048828125,3590.35009765625,304397
2022-07-04,3530.41259765625,3639.550048828125,3679.449951171875,3595.14990234375,3659.89990234375,199015
2022-07-05,3501.79736328125,3610.050048828125,3678.5,3605.25,3670.0,342952
2022-07-06,3535.50537109375,3644.800048828125,3660.699951171875,3600.0,3614.949951171875,228612
2022-07-07,3546.75732421875,3656.39990234375,3710.0,3600.0,3669.0,284603
2022-07-08,3561.2109375,3671.300048828125,3692.0,3646.35009765625,3685.0,220051
2022-07-11,3622.127685546875,3734.10009765625,3747.0,3633.699951171875,3671.300048828125,391665
2022-07-12,3576.876220703125,3687.449951171875,3740.0,3680.0,3710.10009765625,311547
2022-07-13,3665.4873046875,3778.800048828125,3786.949951171875,3690.0,3702.0,480781
2022-07-14,3621.83642578125,3733.800048828125,3827.949951171875,3715.050048828125,3784.0,377282
2022-07-15,3615.968017578125,3727.75,3780.0,3702.5,3747.0,214591
2022-07-18,3626.34716796875,3738.449951171875,3789.949951171875,3720.85009765625,3765.0,194454
2022-07-19,3640.703125,3753.25,3765.89990234375,3730.0,3735.0,167954
2022-07-20,3629.450927734375,3741.64990234375,3790.0,3736.85009765625,3790.0,223231
2022-07-21,3680.71630859375,3794.5,3800.0,3741.60009765625,3741.64990234375,237218
2022-07-22,3682.898681640625,3796.75,3817.199951171875,3760.0,3805.0,214477
2022-07-25,3661.1220703125,3774.300048828125,3818.0,3762.0,3796.75,111963
2022-07-26,3576.439697265625,3687.0,3793.85009765625,3680.25,3774.300048828125,247798
2022-07-27,3672.90771484375,3786.449951171875,3807.949951171875,3667.050048828125,3686.0,509519
2022-07-28,3734.21240234375,3849.64990234375,3859.89990234375,3775.10009765625,3794.0,339914
2022-07-29,3716.75244140625,3831.64990234375,3884.300048828125,3820.0,3865.0,406169
2022-08-01,3681.395263671875,3795.199951171875,3857.199951171875,3782.25,3835.0,364990
2022-08-02,3710.20458984375,3824.89990234375,3840.0,3787.0,3795.199951171875,293036
2022-08-03,3706.2763671875,3820.85009765625,3863.949951171875,3780.0,3837.199951171875,253640
2022-08-04,3771.557861328125,3888.14990234375,3904.0,3811.75,3840.0,470197
2022-08-05,3794.88671875,3912.199951171875,3949.699951171875,3900.0,3920.949951171875,374417
2022-08-08,3819.525390625,3937.60009765625,3949.0,3875.0,3910.0,257202
2022-08-10,3830.3896484375,3948.800048828125,3973.89990234375,3911.050048828125,3942.0,342277
2022-08-11,3858.979736328125,3948.050048828125,3955.050048828125,3905.050048828125,3940.0,275719
2022-08-12,3642.134765625,3726.199951171875,3958.199951171875,3700.0,3950.050048828125,2107936
2022-08-16,3647.803955078125,3732.0,3790.0,3705.050048828125,3790.0,916641
2022-08-17,3663.833740234375,3748.39990234375,3777.5,3740.0,3752.0,671368
2022-08-18,3659.14208984375,3743.60009765625,3758.0,3715.0,3755.0,420941
2022-08-19,3612.8115234375,3696.199951171875,3757.699951171875,3673.0,3743.800048828125,596806
2022-08-22,3499.868408203125,3580.64990234375,3673.5,3558.050048828125,3653.0,1050176
2022-08-23,3452.609130859375,3532.300048828125,3587.949951171875,3529.0,3562.0,987698
2022-08-24,3417.763427734375,3496.64990234375,3550.0,3446.0,3550.0,1864680
2022-08-25,3456.079345703125,3535.85009765625,3562.0,3502.199951171875,3510.0,1167223
2022-08-26,3506.56396484375,3587.5,3601.699951171875,3540.0,3555.0,580356
2022-08-29,3501.627685546875,3582.449951171875,3614.0,3511.550048828125,3525.0,423183
2022-08-30,3545.026123046875,3626.85009765625,3631.60009765625,3581.050048828125,3585.0,502761
2022-09-01,3517.999755859375,3599.199951171875,3623.949951171875,3577.300048828125,3577.300048828125,313035
2022-09-02,3516.973388671875,3598.14990234375,3619.0,3572.25,3607.0,318073
2022-09-05,3511.695068359375,3592.75,3600.89990234375,3553.050048828125,3590.0,278299
2022-09-06,3504.609130859375,3585.5,3612.60009765625,3576.0,3594.85009765625,211744
2022-09-07,3509.935791015625,3590.949951171875,3601.949951171875,3562.050048828125,3577.0,236704
2022-09-08,3487.89453125,3568.39990234375,3609.89990234375,3565.199951171875,3608.0,326405
2022-09-09,3521.714111328125,3603.0,3619.800048828125,3571.0,3571.0,292875
2022-09-12,3595.02197265625,3678.0,3688.0,3603.0,3610.39990234375,469042
2022-09-13,3584.85693359375,3667.60009765625,3707.949951171875,3650.0,3680.0,356054
2022-09-14,3585.785400390625,3668.550048828125,3688.85009765625,3605.300048828125,3605.300048828125,292682
2022-09-15,3524.108642578125,3605.449951171875,3680.35009765625,3590.0,3670.10009765625,388216
2022-09-16,3493.0751953125,3573.699951171875,3619.89990234375,3560.10009765625,3619.89990234375,567321
2022-09-19,3537.890869140625,3619.550048828125,3632.35009765625,3560.050048828125,3574.0,386152
2022-09-20,3549.6201171875,3631.550048828125,3652.85009765625,3615.800048828125,3637.64990234375,318797
2022-09-21,3493.0751953125,3573.699951171875,3644.0,3568.0,3633.699951171875,370336
2022-09-22,3499.330810546875,3580.10009765625,3595.85009765625,3544.0,3570.0,347349
2022-09-23,3560.4208984375,3642.60009765625,3700.0,3571.14990234375,3580.10009765625,761456
2022-09-26,3587.202392578125,3670.0,3719.800048828125,3590.0,3634.800048828125,809605
2022-09-27,3597.17236328125,3680.199951171875,3712.0,3633.10009765625,3672.0,402344
2022-09-28,3619.80029296875,3703.35009765625,3725.0,3644.75,3650.0,454801
2022-09-29,3610.31884765625,3693.64990234375,3751.0,3664.949951171875,3721.89990234375,795614
2022-09-30,3621.6083984375,3705.199951171875,3739.89990234375,3658.0,3739.89990234375,433624
2022-10-03,3642.770263671875,3726.85009765625,3797.0,3700.0,3700.0,549563
2022-10-04,3694.818603515625,3780.10009765625,3795.0,3737.800048828125,3769.0,287021
2022-10-06,3648.78125,3733.0,3806.60009765625,3713.050048828125,3799.0,354601
2022-10-07,3651.468994140625,3735.75,3749.89990234375,3694.050048828125,3722.699951171875,222557
2022-10-10,3603.42822265625,3686.60009765625,3739.60009765625,3650.10009765625,3682.800048828125,290753
2022-10-11,3423.188232421875,3502.199951171875,3705.050048828125,3490.0,3705.050048828125,1492286
2022-10-12,3448.21044921875,3527.800048828125,3540.199951171875,3472.0,3510.0,445779
2022-10-13,3444.349853515625,3523.85009765625,3543.89990234375,3500.5,3520.0,299017
2022-10-14,3492.195556640625,3572.800048828125,3587.449951171875,3541.050048828125,3545.85009765625,320044
2022-10-17,3497.815673828125,3578.550048828125,3602.800048828125,3550.0,3550.0,211512
2022-10-18,3491.657958984375,3572.25,3598.0,3563.0,3588.0,300258
2022-10-19,3526.650146484375,3608.050048828125,3612.0,3562.050048828125,3585.0,230936
2022-10-20,3569.5107421875,3651.89990234375,3655.550048828125,3564.5,3582.0,329906
2022-10-21,3490.826904296875,3571.39990234375,3669.0,3563.0,3667.0,397013
2022-10-24,3530.95068359375,3612.449951171875,3629.89990234375,3585.0,3629.89990234375,47320
2022-10-25,3515.995849609375,3597.14990234375,3618.89990234375,3567.35009765625,3616.39990234375,211326
2022-10-27,3539.357177734375,3621.050048828125,3634.0,3597.449951171875,3634.0,391000
2022-10-28,3467.46630859375,3547.5,3639.199951171875,3540.0,3639.199951171875,375361
2022-10-31,3527.48095703125,3608.89990234375,3620.0,3567.449951171875,3567.449951171875,356104
2022-11-01,3749.897216796875,3836.449951171875,3850.14990234375,3615.050048828125,3626.0,1860907
2022-11-02,3696.137939453125,3781.449951171875,3903.949951171875,3772.5,3836.449951171875,740136
2022-11-03,3696.137939453125,3781.449951171875,3795.0,3735.0,3785.0,432168
2022-11-04,3661.781005859375,3746.300048828125,3793.199951171875,3710.800048828125,3781.449951171875,386100
2022-11-07,3337.515625,3414.550048828125,3771.699951171875,3405.0,3749.0,2860839
2022-11-09,3224.328125,3298.75,3430.0,3276.0,3419.0,3218306
2022-11-10,3212.598876953125,3286.75,3346.89990234375,3261.10009765625,3298.75,1188273
2022-11-11,3197.595458984375,3271.39990234375,3325.0,3266.0,3315.0,900708
2022-11-14,3201.7978515625,3275.699951171875,3287.800048828125,3195.14990234375,3287.800048828125,1081953
2022-11-15,3251.5498046875,3326.60009765625,3330.0,3279.0,3280.0,526764
2022-11-16,3215.580078125,3289.800048828125,3331.949951171875,3265.0,3327.0,830117
2022-11-17,3215.775634765625,3290.0,3308.0,3272.10009765625,3299.0,276727
2022-11-18,3213.185546875,3287.35009765625,3314.800048828125,3260.300048828125,3306.449951171875,371863
2022-11-21,3192.26806640625,3265.949951171875,3302.949951171875,3255.949951171875,3275.550048828125,465773
2022-11-22,3231.0234375,3305.60009765625,3334.89990234375,3245.5,3282.300048828125,551017
2022-11-23,3225.5009765625,3299.949951171875,3322.550048828125,3295.0,3322.14990234375,321234
2022-11-24,3230.828125,3305.39990234375,3316.0,3293.10009765625,3316.0,310442
2022-11-25,3267.237548828125,3342.64990234375,3347.0,3276.0,3294.0,385136
2022-11-28,3299.3955078125,3375.550048828125,3385.0,3337.5,3352.0,498592
2022-11-29,3296.610107421875,3372.699951171875,3393.949951171875,3363.0,3377.64990234375,233990
2022-11-30,3327.887939453125,3404.699951171875,3420.0,3346.35009765625,3377.699951171875,1028382
2022-12-01,3332.1396484375,3409.050048828125,3425.0,3389.0,3409.89990234375,266446
2022-12-02,3304.967041015625,3381.25,3395.0,3332.0,3395.0,475542
2022-12-05,3292.8466796875,3368.85009765625,3395.0,3347.0,3394.949951171875,379966
2022-12-06,3280.1884765625,3355.89990234375,3368.85009765625,3348.60009765625,3360.0,254786
2022-12-07,3262.93701171875,3338.25,3358.85009765625,3328.0,3356.0,211120
2022-12-08,3213.282958984375,3287.449951171875,3350.85009765625,3284.5,3341.0,347880
2022-12-09,3200.185546875,3274.050048828125,3307.699951171875,3263.050048828125,3300.0,384319
2022-12-12,3263.474853515625,3338.800048828125,3349.449951171875,3254.64990234375,3275.0,396759
2022-12-13,3279.846923828125,3355.550048828125,3365.0,3331.85009765625,3347.800048828125,217843
2022-12-14,3317.28271484375,3393.85009765625,3400.0,3350.550048828125,3370.0,334854
2022-12-15,3289.5234375,3365.449951171875,3413.35009765625,3351.0,3393.85009765625,234168
2022-12-16,3251.843017578125,3326.89990234375,3380.0,3312.39990234375,3340.89990234375,367711
2022-12-19,3270.365478515625,3345.85009765625,3350.0,3303.14990234375,3329.60009765625,163186
2022-12-20,3275.936767578125,3351.550048828125,3355.0,3308.35009765625,3347.0,143983
2022-12-21,3439.364501953125,3518.75,3529.5,3351.550048828125,3355.0,1455203
2022-12-22,3417.030029296875,3495.89990234375,3534.0,3466.5,3534.0,594661
2022-12-23,3419.52294921875,3498.449951171875,3640.0,3474.10009765625,3490.0,1625800
2022-12-26,3351.444091796875,3428.800048828125,3549.0,3420.0,3529.949951171875,654257
2022-12-27,3398.654541015625,3477.10009765625,3499.699951171875,3428.800048828125,3434.0,362159
2022-12-28,3368.59814453125,3446.35009765625,3499.699951171875,3438.5,3470.0,195450
2022-12-29,3335.21875,3412.199951171875,3492.0,3386.89990234375,3451.0,535637
2022-12-30,3336.1962890625,3413.199951171875,3448.60009765625,3385.0,3448.60009765625,243318
2023-01-02,3296.560791015625,3372.64990234375,3420.0,3365.0,3420.0,283161
2023-01-03,3316.451904296875,3393.0,3402.0,3357.5,3372.64990234375,244677
2023-01-04,3358.041748046875,3435.550048828125,3449.0,3390.0,3390.199951171875,365514
2023-01-05,3383.748779296875,3461.85009765625,3470.89990234375,3405.0,3435.550048828125,270647
2023-01-06,3357.40625,3434.89990234375,3485.199951171875,3415.0,3461.85009765625,353616
2023-01-09,3381.45166015625,3459.5,3494.0,3446.0,3475.0,164412
2023-01-10,3422.846435546875,3501.85009765625,3520.0,3452.699951171875,3466.0,244607
2023-01-11,3334.485595703125,3411.449951171875,3500.0,3406.0,3500.0,239027
2023-01-12,3230.73046875,3305.300048828125,3426.449951171875,3281.300048828125,3425.0,929239
2023-01-13,3276.08349609375,3351.699951171875,3359.35009765625,3307.5,3321.85009765625,273260
2023-01-16,3258.001220703125,3333.199951171875,3367.699951171875,3316.5,3362.199951171875,123326
2023-01-17,3271.880615234375,3347.39990234375,3352.14990234375,3320.050048828125,3340.0,136458
2023-01-18,3312.053466796875,3388.5,3394.0,3347.39990234375,3351.60009765625,142704
2023-01-19,3305.69970703125,3382.0,3388.75,3352.050048828125,3375.0,104419
2023-01-20,3267.7265625,3343.14990234375,3400.0,3336.25,3382.0,168535
2023-01-23,3309.316650390625,3385.699951171875,3415.0,3333.449951171875,3343.10009765625,220594
2023-01-24,3280.33544921875,3356.050048828125,3399.0,3345.0,3390.0,127508
2023-01-25,3260.4443359375,3335.699951171875,3376.800048828125,3303.25,3350.050048828125,239083
2023-01-27,3311.027099609375,3387.449951171875,3405.0,3315.050048828125,3359.60009765625,326612
2023-01-30,3290.451904296875,3366.39990234375,3405.050048828125,3352.449951171875,3399.949951171875,292148
2023-01-31,3240.5048828125,3315.300048828125,3381.14990234375,3309.75,3375.0,512249
2023-02-01,3281.117431640625,3356.85009765625,3419.0,3300.300048828125,3332.14990234375,501235
2023-02-02,3193.294677734375,3267.0,3369.5,3254.85009765625,3328.050048828125,334618
2023-02-03,2819.27734375,2884.35009765625,3270.0,2795.0,3270.0,4486682
2023-02-06,2715.32666015625,2778.0,2878.10009765625,2745.0,2810.0,2195618
2023-02-07,2688.7890625,2750.85009765625,2819.949951171875,2740.10009765625,2790.14990234375,1469217
2023-02-08,2735.90185546875,2799.050048828125,2822.0,2757.0,2757.949951171875,913575
2023-02-09,2759.4580078125,2823.14990234375,2856.0,2771.050048828125,2771.050048828125,742365
2023-02-10,2747.826416015625,2811.25,2837.89990234375,2795.800048828125,2823.14990234375,380182
2023-02-13,2710.635009765625,2773.199951171875,2825.35009765625,2756.0,2825.35009765625,473865
2023-02-14,2728.66845703125,2791.64990234375,2798.39990234375,2755.0,2798.39990234375,213194
2023-02-15,2758.87158203125,2822.550048828125,2826.85009765625,2772.0,2790.050048828125,214098
2023-02-16,2811.7021484375,2876.60009765625,2886.0,2826.60009765625,2835.0,498759
2023-02-17,2765.9580078125,2829.800048828125,2876.0,2826.0,2876.0,282100
2023-02-20,2835.16064453125,2900.60009765625,2919.0,2800.0,2834.5,740945
2023-02-21,2852.754638671875,2918.60009765625,2928.300048828125,2883.199951171875,2910.75,419138
2023-02-22,2854.66064453125,2920.550048828125,2936.60009765625,2904.35009765625,2915.60009765625,461368
2023-02-23,2808.37890625,2873.199951171875,2935.0,2866.0,2920.550048828125,432267
2023-02-24,2849.43115234375,2915.199951171875,2972.0,2879.949951171875,2879.949951171875,890366
2023-02-27,2794.010498046875,2858.5,2917.0,2845.0,2917.0,216200
2023-02-28,2761.85302734375,2825.60009765625,2882.5,2816.5,2867.10009765625,340040
2023-03-01,2781.108154296875,2845.300048828125,2857.0,2823.0,2836.5,154311
2023-03-02,2796.600341796875,2861.14990234375,2871.300048828125,2827.35009765625,2859.0,236175
2023-03-03,2786.093017578125,2850.39990234375,2889.0,2841.0,2862.0,226069
2023-03-06,2782.574462890625,2846.800048828125,2881.0,2842.0,2860.0,196556
2023-03-08,2770.5517578125,2834.5,2859.699951171875,2821.35009765625,2847.949951171875,225841
2023-03-09,2746.7998046875,2810.199951171875,2867.0,2803.25,2838.449951171875,291637
2023-03-10,2724.6123046875,2787.5,2832.800048828125,2779.0,2800.0,329958
2023-03-13,2704.574951171875,2767.0,2807.14990234375,2758.10009765625,2788.0,561906
2023-03-14,2694.84912109375,2757.050048828125,2787.89990234375,2730.0,2780.050048828125,379187
2023-03-15,2713.17626953125,2775.800048828125,2804.800048828125,2757.050048828125,2758.0,262757
2023-03-16,2738.394287109375,2801.60009765625,2848.699951171875,2767.800048828125,2774.0,477596
2023-03-17,2728.522216796875,2791.5,2834.449951171875,2785.0,2815.64990234375,378313
2023-03-20,2737.025634765625,2800.199951171875,2829.949951171875,2787.14990234375,2825.60009765625,621061
2023-03-21,2705.4541015625,2767.89990234375,2823.0,2762.0,2814.25,403214
2023-03-22,2727.69140625,2790.64990234375,2794.89990234375,2769.5,2770.89990234375,209784
2023-03-23,2739.860595703125,2803.10009765625,2817.449951171875,2785.75,2790.64990234375,193035
2023-03-24,2743.67236328125,2807.0,2828.14990234375,2795.0,2817.199951171875,291918
2023-03-27,2765.37158203125,2829.199951171875,2859.89990234375,2808.0,2809.949951171875,435250
2023-03-28,2743.134765625,2806.449951171875,2843.550048828125,2775.0,2838.14990234375,353223
2023-03-29,2756.623291015625,2820.25,2840.0,2792.699951171875,2810.0,370527
2023-03-31,2759.653564453125,2823.35009765625,2840.25,2810.800048828125,2834.39990234375,362732
2023-04-03,2809.844970703125,2874.699951171875,2883.0,2824.75,2850.0,226841
2023-04-05,2824.6044921875,2889.800048828125,2895.0,2867.199951171875,2887.0,227189
2023-04-06,2855.540283203125,2921.449951171875,2935.0,2877.64990234375,2889.800048828125,308340
2023-04-10,2844.00634765625,2909.64990234375,2946.75,2902.699951171875,2946.75,156913
2023-04-11,2861.307373046875,2927.35009765625,2942.0,2901.199951171875,2909.699951171875,137343
2023-04-12,3139.633056640625,3212.10009765625,3227.5,2941.0,2941.0,4323187
2023-04-13,3112.1181640625,3183.949951171875,3231.14990234375,3143.699951171875,3209.949951171875,1162380
2023-04-17,3091.298583984375,3162.64990234375,3193.35009765625,3132.0,3183.949951171875,323709
2023-04-18,3196.8134765625,3270.60009765625,3282.64990234375,3153.050048828125,3174.0,823827
2023-04-19,3267.189208984375,3342.60009765625,3364.5,3248.050048828125,3261.0,1736594
2023-04-20,3130.836181640625,3203.10009765625,3337.0,3193.85009765625,3334.699951171875,1041887
2023-04-21,3158.741943359375,3231.64990234375,3263.75,3207.14990234375,3207.14990234375,676213
2023-04-24,3120.8173828125,3192.85009765625,3241.800048828125,3184.85009765625,3240.0,296889
2023-04-25,3153.6591796875,3226.449951171875,3245.949951171875,3172.050048828125,3198.0,389268
2023-04-26,3147.35498046875,3220.0,3243.75,3195.550048828125,3202.39990234375,279817
2023-04-27,3165.388427734375,3238.449951171875,3247.85009765625,3202.0,3220.0,200579
2023-04-28,3194.174072265625,3267.89990234375,3278.5,3216.0,3248.0,278679
2023-05-02,3180.29443359375,3253.699951171875,3284.35009765625,3245.0,3268.050048828125,320408
2023-05-03,3195.005126953125,3268.75,3281.949951171875,3236.39990234375,3253.0,205036
2023-05-04,3208.49365234375,3282.550048828125,3297.449951171875,3254.75,3268.75,180313
2023-05-05,3216.5576171875,3290.800048828125,3317.800048828125,3264.14990234375,3292.0,222487
2023-05-08,3212.158935546875,3286.300048828125,3311.0,3275.0,3299.0,239343
2023-05-09,3306.872802734375,3383.199951171875,3394.64990234375,3273.050048828125,3303.89990234375,566809
2023-05-10,3347.974365234375,3425.25,3436.0,3349.0,3400.0,494159
2023-05-11,3254.09130859375,3329.199951171875,3432.0,3222.050048828125,3410.0,818423
2023-05-12,3240.260498046875,3315.050048828125,3354.0,3190.0,3311.0,957967
2023-05-15,3202.580078125,3276.5,3336.35009765625,3265.0,3306.35009765625,341458
2023-05-16,3205.463623046875,3279.449951171875,3332.60009765625,3272.050048828125,3277.949951171875,301995
2023-05-17,3194.272216796875,3268.0,3296.199951171875,3255.199951171875,3284.14990234375,173719
2023-05-18,3082.355224609375,3153.5,3284.949951171875,3144.0,3284.0,766236
2023-05-19,3028.400390625,3098.300048828125,3158.35009765625,3085.5,3144.0,479974
2023-05-22,3191.339599609375,3265.0,3271.14990234375,3051.0,3099.949951171875,1538574
2023-05-23,3309.4140625,3385.800048828125,3415.0,3221.050048828125,3241.050048828125,1376245
2023-05-24,3306.823974609375,3383.14990234375,3407.0,3335.89990234375,3360.0,552635
2023-05-25,3358.1396484375,3435.64990234375,3452.800048828125,3365.0,3371.050048828125,641670
2023-05-26,3434.721923828125,3514.0,3520.0,3425.199951171875,3435.64990234375,829186
2023-05-29,3399.3876953125,3477.85009765625,3534.89990234375,3466.050048828125,3525.0,360805
2023-05-30,3379.9853515625,3458.0,3477.0,3432.0,3477.0,327381
2023-05-31,3365.910400390625,3443.60009765625,3503.75,3420.050048828125,3428.0,1861153
2023-06-01,3445.864501953125,3525.39990234375,3562.0,3443.60009765625,3451.550048828125,791714
2023-06-02,3432.376220703125,3511.60009765625,3554.449951171875,3495.0,3525.0,477154
2023-06-05,3384.188720703125,3462.300048828125,3524.75,3455.0,3517.949951171875,633073
2023-06-06,3458.082763671875,3537.89990234375,3544.0,3441.14990234375,3462.949951171875,503263
2023-06-07,3462.188232421875,3542.10009765625,3570.0,3526.0,3555.0,392590
2023-06-08,3420.744384765625,3499.699951171875,3554.60009765625,3489.050048828125,3549.0,434625
2023-06-09,3351.395263671875,3428.75,3498.949951171875,3420.0,3481.050048828125,325701
2023-06-12,3360.87646484375,3438.449951171875,3467.449951171875,3308.949951171875,3309.0,799646
2023-06-13,3409.01513671875,3487.699951171875,3493.949951171875,3435.0,3438.449951171875,367056
2023-06-14,3407.3046875,3485.949951171875,3507.39990234375,3462.050048828125,3495.0,208081
2023-06-15,3500.259521484375,3581.050048828125,3591.0,3487.35009765625,3499.949951171875,955066
2023-06-16,3498.842041015625,3579.60009765625,3633.10009765625,3570.0,3603.050048828125,633543
2023-06-19,3503.875732421875,3584.75,3624.0,3572.449951171875,3581.85009765625,299174
2023-06-20,3485.744140625,3566.199951171875,3586.5,3533.050048828125,3585.0,267277
2023-06-21,3430.372314453125,3509.550048828125,3565.0,3501.300048828125,3555.050048828125,621642
2023-06-22,3463.898681640625,3543.85009765625,3560.0,3501.10009765625,3509.550048828125,496166
2023-06-23,3384.823974609375,3462.949951171875,3537.85009765625,3450.10009765625,3527.0,455679
2023-06-26,3454.61328125,3534.35009765625,3539.949951171875,3467.0,3468.949951171875,366126
2023-06-27,3502.45849609375,3583.300048828125,3594.0,3534.949951171875,3535.0,361257
2023-06-28,3520.296630859375,3601.550048828125,3631.699951171875,3585.050048828125,3585.050048828125,454010
2023-06-30,3502.751953125,3583.60009765625,3651.89990234375,3571.0,3615.0,432628
2023-07-03,3506.612548828125,3587.550048828125,3652.0,3576.25,3586.800048828125,574958
2023-07-04,3470.007568359375,3550.10009765625,3600.0,3540.050048828125,3600.0,248033
2023-07-05,3663.393798828125,3747.949951171875,3775.0,3563.14990234375,3576.39990234375,1611582
2023-07-06,3652.54443359375,3736.85009765625,3748.199951171875,3700.0,3746.699951171875,594282
2023-07-07,3585.8828125,3668.64990234375,3740.0,3661.14990234375,3717.0,489065
2023-07-10,3557.830322265625,3639.949951171875,3685.0,3590.75,3685.0,289377
2023-07-11,3559.296630859375,3641.449951171875,3697.0,3632.449951171875,3661.0,257208
2023-07-12,3551.526123046875,3633.5,3670.0,3596.75,3650.0,320760
2023-07-13,3539.2099609375,3620.89990234375,3674.64990234375,3610.050048828125,3646.0,227125
2023-07-14,3594.239990234375,3677.199951171875,3690.0,3627.0,3659.0,295738
2023-07-17,3580.262939453125,3662.89990234375,3704.050048828125,3650.199951171875,3684.0,232501
2023-07-18,3544.830322265625,3626.64990234375,3683.0,3567.0,3670.0,385790
2023-07-19,3555.973388671875,3638.050048828125,3675.0,3625.0,3626.64990234375,328518
2023-07-20,3583.830322265625,3666.550048828125,3679.14990234375,3620.050048828125,3650.0,336955
2023-07-21,3605.08984375,3688.300048828125,3747.0,3638.449951171875,3661.0,629513
2023-07-24,3602.841552734375,3686.0,3710.0,3656.949951171875,3688.25,304318
2023-07-25,3635.48828125,3719.39990234375,3743.0,3681.10009765625,3695.0,323039
2023-07-26,3597.4169921875,3680.449951171875,3743.0,3673.550048828125,3743.0,293630
2023-07-27,3657.480224609375,3741.89990234375,3795.89990234375,3685.300048828125,3694.0,875566
2023-07-28,3654.69482421875,3739.050048828125,3775.0,3710.0,3769.0,355259
2023-07-31,3601.179931640625,3684.300048828125,3748.949951171875,3640.0,3640.0,389638
2023-08-01,3557.390625,3639.5,3720.60009765625,3625.0,3705.0,369042
2023-08-02,3607.337890625,3690.60009765625,3695.0,3577.050048828125,3630.0,681092
2023-08-03,3642.232421875,3726.300048828125,3764.800048828125,3690.199951171875,3700.0,619764
2023-08-04,3660.9013671875,3745.39990234375,3759.949951171875,3723.0,3726.300048828125,280240
2023-08-07,3822.32568359375,3910.550048828125,3920.0,3760.0,3762.89990234375,1124433
2023-08-08,3759.622802734375,3846.39990234375,3934.699951171875,3834.050048828125,3925.050048828125,532706
2023-08-09,3653.375244140625,3737.699951171875,3860.0,3715.0,3860.0,749561
2023-08-10,3660.99951171875,3745.5,3775.550048828125,3725.14990234375,3743.800048828125,600325
2023-08-11,3625.182373046875,3679.14990234375,3742.800048828125,3671.050048828125,3732.949951171875,339619
2023-08-14,3675.828369140625,3730.550048828125,3747.449951171875,3601.75,3645.10009765625,1295993
2023-08-16,3657.649169921875,3712.10009765625,3740.0,3653.0,3731.0,632601
2023-08-17,3601.14013671875,3654.75,3714.10009765625,3636.10009765625,3700.0,453444
2023-08-18,3601.287841796875,3654.89990234375,3682.14990234375,3621.0,3661.75,436067
2023-08-21,3611.486328125,3665.25,3683.5,3646.25,3650.050048828125,242728
2023-08-22,3599.662353515625,3653.25,3681.449951171875,3638.800048828125,3665.25,244583
2023-08-23,3649.815673828125,3704.14990234375,3728.800048828125,3660.050048828125,3671.0,472425
2023-08-24,3610.501220703125,3664.25,3739.75,3644.0,3710.0,414907
2023-08-25,3583.158203125,3636.5,3653.949951171875,3616.050048828125,3641.699951171875,217537
2023-08-28,3579.95556640625,3633.25,3656.949951171875,3621.10009765625,3630.0,196064
2023-08-29,3603.455810546875,3657.10009765625,3673.800048828125,3625.050048828125,3625.050048828125,239552
2023-08-30,3577.541748046875,3630.800048828125,3678.199951171875,3623.0,3657.10009765625,309108
2023-08-31,3539.40966796875,3592.10009765625,3656.449951171875,3575.5,3645.0,600001
2023-09-01,3536.650634765625,3589.300048828125,3600.0,3529.75,3586.0,586290
2023-09-04,3576.113037109375,3629.35009765625,3638.0,3587.0,3590.050048828125,336522
2023-09-05,3588.873046875,3642.300048828125,3667.300048828125,3620.050048828125,3629.35009765625,449961
2023-09-06,3653.56005859375,3707.949951171875,3714.89990234375,3632.300048828125,3642.300048828125,407338
2023-09-07,3639.814697265625,3694.0,3732.75,3660.64990234375,3707.949951171875,556079
2023-09-08,3644.54443359375,3698.800048828125,3711.699951171875,3668.25,3692.699951171875,247373
2023-09-11,3681.44482421875,3736.25,3748.89990234375,3691.800048828125,3700.0,379770
2023-09-12,3732.23876953125,3787.800048828125,3848.0,3725.25,3749.0,736438
2023-09-13,3695.830810546875,3750.85009765625,3826.0,3740.0,3800.0,319699
2023-09-14,3761.897216796875,3817.89990234375,3827.949951171875,3755.550048828125,3755.550048828125,483608
2023-09-15,3759.532470703125,3815.5,3845.0,3805.39990234375,3825.89990234375,315409
2023-09-18,3729.775390625,3785.300048828125,3820.0,3771.5,3808.199951171875,185723
2023-09-20,3724.1591796875,3779.60009765625,3803.39990234375,3755.0,3774.0,201038
2023-09-21,3691.840087890625,3746.800048828125,3798.199951171875,3733.10009765625,3775.550048828125,262481
2023-09-22,3650.702392578125,3705.050048828125,3742.0,3685.0,3721.0,190002
2023-09-25,3673.808349609375,3728.5,3750.0,3688.0,3690.0,206150
2023-09-26,3698.7373046875,3753.800048828125,3764.39990234375,3707.0,3719.949951171875,251701
2023-09-27,3712.729248046875,3768.0,3859.5,3755.85009765625,3755.85009765625,803962
2023-09-28,3611.239990234375,3665.0,3799.949951171875,3651.0,3778.199951171875,347090
2023-09-29,3709.9208984375,3765.14990234375,3784.0,3687.0,3687.0,296674
2023-10-03,3669.81787109375,3724.449951171875,3764.0,3705.050048828125,3760.050048828125,210945
2023-10-04,3653.36279296875,3707.75,3732.0,3653.39990234375,3700.0,241798
2023-10-05,3642.9677734375,3697.199951171875,3705.5,3655.050048828125,3665.0,344288
2023-10-06,3667.206787109375,3721.800048828125,3728.800048828125,3697.199951171875,3700.0,244389
2023-10-09,3650.94873046875,3705.300048828125,3796.5,3683.85009765625,3700.0,447464
2023-10-10,3659.176513671875,3713.64990234375,3725.550048828125,3685.199951171875,3706.949951171875,147622
2023-10-11,3695.535400390625,3750.550048828125,3767.0,3718.75,3729.0,205216
2023-10-12,3700.166015625,3755.25,3799.0,3729.14990234375,3799.0,323652
2023-10-13,3680.55810546875,3735.35009765625,3762.449951171875,3730.0,3740.800048828125,109845
2023-10-16,3601.583740234375,3655.199951171875,3726.60009765625,3639.75,3711.050048828125,274847
2023-10-17,3593.110107421875,3646.60009765625,3698.64990234375,3627.0,3698.64990234375,273198
2023-10-18,3587.7890625,3641.199951171875,3684.199951171875,3633.5,3660.0,192368
2023-10-19,3584.389892578125,3637.75,3656.85009765625,3600.5,3641.0,350687
2023-10-20,3502.163818359375,3554.300048828125,3634.39990234375,3534.0,3620.0,465355
2023-10-23,3449.596435546875,3500.949951171875,3625.0,3491.0,3536.14990234375,427540
2023-10-25,3392.939697265625,3443.449951171875,3519.85009765625,3421.35009765625,3500.0,522676
2023-10-26,3356.433349609375,3406.39990234375,3433.75,3380.0,3430.699951171875,538755
2023-10-27,3361.90185546875,3411.949951171875,3437.39990234375,3396.449951171875,3407.0,283983
2023-10-30,3353.477294921875,3403.39990234375,3447.199951171875,3384.5,3429.0,244149
2023-10-31,3338.648193359375,3388.35009765625,3422.949951171875,3372.300048828125,3400.39990234375,220543
2023-11-01,3296.96826171875,3346.050048828125,3408.75,3340.0,3400.0,292897
2023-11-02,3294.65283203125,3343.699951171875,3407.75,3330.050048828125,3360.60009765625,406645
2023-11-03,3301.55029296875,3350.699951171875,3387.89990234375,3340.10009765625,3368.0,352546
2023-11-06,3455.261962890625,3506.699951171875,3530.89990234375,3295.300048828125,3360.0,1821472
2023-11-07,3430.333251953125,3481.39990234375,3568.800048828125,3401.050048828125,3435.60009765625,1291049
2023-11-08,3439.693603515625,3490.89990234375,3536.64990234375,3481.64990234375,3485.0,480765
2023-11-09,3447.182373046875,3498.5,3520.0,3471.10009765625,3510.0,296978
2023-11-10,3441.9599609375,3493.199951171875,3499.0,3472.25,3491.050048828125,121439
2023-11-13,3458.513427734375,3510.0,3562.89990234375,3487.25,3500.0,235202
2023-11-15,3484.969970703125,3536.85009765625,3540.0,3501.25,3534.949951171875,256472
2023-11-16,3496.202392578125,3548.25,3570.39990234375,3520.0,3536.85009765625,249987
2023-11-17,3548.03125,3600.85009765625,3619.0,3550.0,3550.0,297110
2023-11-20,3619.0732421875,3672.949951171875,3757.0,3604.10009765625,3609.949951171875,1601236
2023-11-21,3667.010009765625,3721.60009765625,3734.300048828125,3654.0,3681.89990234375,388729
2023-11-22,3647.4013671875,3701.699951171875,3743.550048828125,3685.0,3710.0,317027
2023-11-23,3634.395263671875,3688.5,3725.0,3640.10009765625,3705.550048828125,252188
2023-11-24,3709.576171875,3764.800048828125,3778.949951171875,3686.949951171875,3688.5,829615
2023-11-28,3704.994140625,3760.14990234375,3786.35009765625,3743.449951171875,3770.0,197926
2023-11-29,3675.040283203125,3729.75,3775.949951171875,3720.949951171875,3761.0,329180
2023-11-30,3733.12548828125,3788.699951171875,3809.0,3729.550048828125,3729.550048828125,887438
2023-12-01,3737.066650390625,3792.699951171875,3819.699951171875,3772.0,3799.0,260031
2023-12-04,3742.3876953125,3798.10009765625,3835.050048828125,3790.0,3810.0,318936
2023-12-05,3686.272705078125,3741.14990234375,3810.0,3724.050048828125,3789.050048828125,449862
2023-12-06,3679.67138671875,3734.449951171875,3781.60009765625,3716.35009765625,3762.85009765625,298255
2023-12-07,3679.57275390625,3734.35009765625,3772.89990234375,3724.0,3734.449951171875,281509
2023-12-08,3627.744384765625,3681.75,3747.449951171875,3662.39990234375,3739.0,455037
2023-12-11,3616.659423828125,3670.5,3693.550048828125,3641.75,3679.0,247368
2023-12-12,3594.095458984375,3647.60009765625,3694.949951171875,3631.0,3670.5,188686
2023-12-13,3602.3720703125,3656.0,3676.0,3612.0,3669.800048828125,355453
2023-12-14,3629.1728515625,3683.199951171875,3703.949951171875,3641.0,3663.89990234375,448099
2023-12-15,3642.81982421875,3697.050048828125,3720.300048828125,3679.050048828125,3700.0,338280
2023-12-18,3658.58544921875,3713.050048828125,3773.949951171875,3687.25,3690.0,457133
2023-12-19,3669.275634765625,3723.89990234375,3739.0,3689.199951171875,3713.0,287231
2023-12-20,3566.89990234375,3620.0,3752.0,3604.800048828125,3752.0,346170
2023-12-21,3579.41357421875,3632.699951171875,3649.800048828125,3565.550048828125,3615.0,353261
2023-12-22,3640.75048828125,3694.949951171875,3762.89990234375,3643.949951171875,3650.0,898967
2023-12-26,3806.828125,3863.5,3897.0,3694.0,3699.050048828125,1249185
2023-12-27,3827.27392578125,3884.25,3917.0,3845.5,3894.0,598775
2023-12-28,3882.15673828125,3939.949951171875,3952.0,3861.35009765625,3900.0,668311
2023-12-29,3846.6357421875,3903.89990234375,3949.0,3896.35009765625,3949.0,262845
2024-01-01,3858.45947265625,3915.89990234375,3939.949951171875,3882.14990234375,3910.0,240126
2024-01-02,3970.885986328125,4030.0,4052.10009765625,3905.199951171875,3925.0,1386959
2024-01-03,3971.477294921875,4030.60009765625,4064.5,4012.0,4050.0,452402
2024-01-04,3982.85791015625,4042.14990234375,4074.39990234375,3973.199951171875,4050.0,485788
2024-01-05,3955.859619140625,4014.75,4070.10009765625,3980.0,4052.0,313459
2024-01-08,3876.44189453125,3934.14990234375,4025.35009765625,3910.449951171875,3999.0,403753
2024-01-09,3926.201171875,3984.64990234375,4004.0,3920.60009765625,3948.949951171875,468363
2024-01-10,3845.404052734375,3902.64990234375,4016.89990234375,3877.550048828125,3984.64990234375,351976
2024-01-11,3847.91650390625,3905.199951171875,3942.89990234375,3881.699951171875,3902.64990234375,238212
2024-01-12,3826.97802734375,3883.949951171875,3925.199951171875,3860.5,3911.949951171875,291344
2024-01-15,3852.252197265625,3909.60009765625,3943.949951171875,3871.75,3900.0,326872
2024-01-16,3758.547119140625,3814.5,3926.35009765625,3800.39990234375,3909.60009765625,483779
2024-01-17,3674.10400390625,3728.800048828125,3819.89990234375,3717.35009765625,3810.10009765625,574671
2024-01-18,3645.923828125,3700.199951171875,3756.550048828125,3585.0,3728.800048828125,651966
2024-01-19,3639.61767578125,3693.800048828125,3733.35009765625,3664.199951171875,3730.0,324763
2024-01-23,3562.318359375,3615.35009765625,3700.0,3585.85009765625,3700.0,387616
2024-01-24,3590.104736328125,3643.550048828125,3671.949951171875,3609.0,3650.0,377660
2024-01-25,3526.40283203125,3578.89990234375,3660.0,3547.25,3644.0,407761
2024-01-29,3518.224853515625,3570.60009765625,3586.0,3550.10009765625,3578.0,765970
2024-01-30,3499.601806640625,3551.699951171875,3619.35009765625,3540.300048828125,3574.949951171875,1052177
2024-01-31,3616.7578125,3670.60009765625,3680.89990234375,3560.050048828125,3585.0,840784
2024-02-01,3601.78076171875,3655.39990234375,3696.0,3636.050048828125,3696.0,393645
2024-02-02,3645.135498046875,3699.39990234375,3744.699951171875,3665.0,3665.0,423758
2024-02-05,3645.23388671875,3699.5,3742.0,3664.550048828125,3699.39990234375,518516
2024-02-06,3671.837890625,3726.5,3744.39990234375,3689.89990234375,3698.0,276514
2024-02-07,3677.06005859375,3731.800048828125,3771.0,3702.199951171875,3739.949951171875,226715
2024-02-08,3630.355224609375,3684.39990234375,3765.0,3660.39990234375,3745.949951171875,399402
2024-02-09,3598.72607421875,3652.300048828125,3697.5,3613.5,3697.5,415749
2024-02-12,3685.28759765625,3740.14990234375,3818.60009765625,3645.699951171875,3650.0,1303179
2024-02-13,3646.169677734375,3700.449951171875,3832.800048828125,3687.0,3740.14990234375,814115
2024-02-14,3665.08837890625,3719.64990234375,3728.64990234375,3632.050048828125,3690.0,452222
2024-02-15,3654.44677734375,3708.85009765625,3745.0,3696.550048828125,3729.699951171875,288401
2024-02-16,3674.498291015625,3729.199951171875,3778.89990234375,3708.0,3708.699951171875,625808
2024-02-19,3668.832763671875,3723.449951171875,3763.25,3715.699951171875,3730.0,217681
2024-02-20,3658.28955078125,3712.75,3739.0,3675.199951171875,3723.0,328713
2024-02-21,3595.5732421875,3649.10009765625,3739.699951171875,3637.199951171875,3708.050048828125,386150
2024-02-22,3591.927490234375,3645.39990234375,3659.699951171875,3597.050048828125,3659.699951171875,485941
2024-02-23,3594.587890625,3648.10009765625,3669.050048828125,3626.85009765625,3645.39990234375,326640
2024-02-26,3524.875732421875,3577.35009765625,3655.0,3556.35009765625,3649.0,404285
2024-02-27,3487.87646484375,3539.800048828125,3598.0,3509.89990234375,3580.0,524599
2024-02-28,3466.7412109375,3518.35009765625,3553.449951171875,3507.0,3540.0,464435
2024-02-29,3437.624755859375,3488.800048828125,3529.39990234375,3465.0,3509.199951171875,807900
2024-03-01,3431.318603515625,3482.39990234375,3519.0,3474.0,3491.0,347396
2024-03-04,3431.219970703125,3482.300048828125,3542.0,3478.0,3514.800048828125,494795
2024-03-05,3433.33837890625,3484.449951171875,3496.5,3452.0,3484.60009765625,485056
2024-03-06,3492.6552734375,3544.64990234375,3560.0,3450.0,3485.0,642191
2024-03-07,3548.77001953125,3601.60009765625,3620.0,3536.5,3544.64990234375,624261
2024-03-11,3551.873779296875,3604.75,3652.050048828125,3586.050048828125,3601.60009765625,408279
2024-03-12,3525.269775390625,3577.75,3634.89990234375,3564.60009765625,3600.0,415249
2024-03-13,3428.756591796875,3479.800048828125,3587.0,3454.75,3577.75,402498
2024-03-14,3466.297607421875,3517.89990234375,3530.0,3441.0,3460.0,385179
2024-03-15,3434.2744140625,3485.39990234375,3524.699951171875,3455.050048828125,3517.10009765625,317079
2024-03-18,3455.16357421875,3506.60009765625,3520.0,3475.0,3485.39990234375,171118
2024-03-19,3396.585205078125,3447.14990234375,3514.949951171875,3422.050048828125,3509.800048828125,525027
2024-03-20,3378.011962890625,3428.300048828125,3460.0,3397.14990234375,3447.14990234375,517131
2024-03-21,3414.469482421875,3465.300048828125,3477.39990234375,3431.25,3444.800048828125,279116
2024-03-22,3381.115966796875,3431.449951171875,3476.35009765625,3425.0,3463.0,409887
2024-03-26,3341.259033203125,3391.0,3439.0,3375.0,3400.0,478462
2024-03-27,3318.448974609375,3367.85009765625,3403.39990234375,3350.0,3390.0,506472
2024-03-28,3394.7626953125,3445.300048828125,3469.699951171875,3367.050048828125,3367.050048828125,1145370
2024-04-01,3515.613525390625,3567.949951171875,3590.0,3450.0,3450.0,651461
2024-04-02,3569.363525390625,3622.5,3636.0,3555.199951171875,3571.0,675426
2024-04-03,3630.847900390625,3684.89990234375,3726.0,3611.050048828125,3663.800048828125,799460
2024-04-04,3679.4248046875,3734.199951171875,3755.89990234375,3688.25,3708.0,976430
2024-04-05,3693.170166015625,3748.14990234375,3784.0,3726.699951171875,3734.25,553607
2024-04-08,3740.318359375,3796.0,3813.0,3720.550048828125,3750.0,602786
2024-04-09,3749.136962890625,3804.949951171875,3822.0,3772.050048828125,3806.0,275295
2024-04-10,3684.253173828125,3739.10009765625,3776.050048828125,3705.14990234375,3763.0,1015345
2024-04-12,3724.25732421875,3779.699951171875,3809.0,3728.0,3739.0,573189
2024-04-15,3662.033935546875,3716.550048828125,3770.0,3686.199951171875,3770.0,428141
2024-04-16,3708.98486328125,3764.199951171875,3781.0,3686.199951171875,3699.949951171875,318671
2024-04-18,3654.495849609375,3708.89990234375,3781.10009765625,3695.199951171875,3780.0,802591
2024-04-19,3617.841796875,3671.699951171875,3710.85009765625,3641.0,3661.0,746223
2024-04-22,3682.676513671875,3737.5,3744.699951171875,3675.0,3689.75,439590
2024-04-23,3713.369384765625,3768.64990234375,3780.050048828125,3730.0,3737.5,307637
2024-04-24,3757.857177734375,3813.800048828125,3823.949951171875,3765.550048828125,3779.64990234375,473558
2024-04-25,3787.41748046875,3843.800048828125,3876.800048828125,3790.550048828125,3834.0,835354
2024-04-26,3957.436279296875,4016.35009765625,4039.0,3836.050048828125,3850.0,1155173
2024-04-29,3930.733642578125,3989.25,4100.0,3971.10009765625,4025.0,752787
2024-04-30,3943.690673828125,4002.39990234375,4066.0,3973.60009765625,4013.0,360469
2024-05-02,3906.494384765625,3964.64990234375,4009.0,3935.5,4002.39990234375,868450
2024-05-03,3892.995361328125,3950.949951171875,3991.0,3900.0,3965.10009765625,348122
2024-05-06,3904.86865234375,3963.0,3989.0,3901.14990234375,3950.949951171875,271254
2024-05-07,3854.025634765625,3911.39990234375,3969.550048828125,3873.25,3969.550048828125,291924
2024-05-08,3869.741943359375,3927.35009765625,3951.39990234375,3873.14990234375,3903.0,308127
2024-05-09,3734.357177734375,3789.949951171875,3949.050048828125,3755.199951171875,3934.0,626179
2024-05-10,3737.85498046875,3793.5,3831.35009765625,3768.0,3794.75,276308
2024-05-13,3854.124267578125,3911.5,3933.199951171875,3724.0,3776.10009765625,608329
2024-05-14,3839.048583984375,3896.199951171875,3955.0,3865.14990234375,3910.0,262796
2024-05-15,3835.4521484375,3892.550048828125,3949.949951171875,3867.550048828125,3896.5,188401
2024-05-16,3873.48583984375,3931.14990234375,3945.0,3830.0,3896.0,362920
2024-05-17,3853.38525390625,3910.75,3954.699951171875,3895.60009765625,3935.0,267526
2024-05-21,3957.63330078125,4016.550048828125,4038.89990234375,3850.0,3861.699951171875,472233
2024-05-22,3999.017333984375,4058.550048828125,4071.75,3986.699951171875,4051.0,398441
2024-05-23,4052.66845703125,4113.0,4127.5498046875,4027.39990234375,4060.0,693482
2024-05-24,4061.930419921875,4122.39990234375,4175.0,4105.5498046875,4113.0,612183
2024-05-27,4192.83154296875,4255.25,4359.0,4215.60009765625,4298.75,2534740
2024-05-28,4327.6748046875,4392.10009765625,4401.60009765625,4238.4501953125,4242.75,2151413
2024-05-29,4382.75439453125,4448.0,4467.5,4355.5498046875,4360.0,1220726
2024-05-30,4348.07080078125,4412.7998046875,4465.0,4390.0,4444.0498046875,768574
2024-05-31,4244.02001953125,4307.2001953125,4455.85009765625,4290.14990234375,4427.4501953125,970571
2024-06-03,4258.50439453125,4321.89990234375,4435.5,4292.9501953125,4400.0,515368
2024-06-04,4260.72119140625,4324.14990234375,4422.60009765625,4180.5,4323.39990234375,847809
2024-06-05,4436.65234375,4502.7001953125,4525.0,4306.75,4334.35009765625,1077221
2024-06-06,4383.64111328125,4448.89990234375,4500.0,4366.60009765625,4500.0,790310
2024-06-07,4457.6884765625,4524.0498046875,4540.39990234375,4438.7998046875,4450.7998046875,432970
2024-06-10,4469.7099609375,4536.25,4579.60009765625,4515.0498046875,4524.0498046875,462274
2024-06-11,4409.8017578125,4475.4501953125,4585.0,4462.2998046875,4560.0,264078
2024-06-12,4387.04052734375,4452.35009765625,4515.0,4433.89990234375,4504.0,296209
2024-06-13,4526.1201171875,4593.5,4617.0,4496.85009765625,4501.2998046875,1275865
2024-06-14,4521.2919921875,4588.60009765625,4627.9501953125,4559.10009765625,4595.0,281968
2024-06-18,4497.5458984375,4564.5,4583.89990234375,4521.0,4521.0,241254
2024-06-19,4413.98974609375,4479.7001953125,4581.2998046875,4466.0,4565.0,223028
2024-06-20,4437.98193359375,4504.0498046875,4522.25,4439.7001953125,4486.0,412934
2024-06-21,4455.81689453125,4522.14990234375,4575.9501953125,4489.75,4500.0,583517
2024-06-24,4453.25537109375,4519.5498046875,4555.4501953125,4488.5,4512.60009765625,188506
2024-06-25,4472.71484375,4539.2998046875,4597.4501953125,4488.0498046875,4515.0,353120
2024-06-26,4478.6767578125,4545.35009765625,4568.89990234375,4512.5,4546.4501953125,203886
2024-06-27,4456.01416015625,4522.35009765625,4556.0498046875,4500.10009765625,4545.35009765625,531345
2024-06-28,4529.02734375,4596.4501953125,4648.4501953125,4522.35009765625,4522.35009765625,391476
2024-07-01,4534.59375,4602.10009765625,4615.2001953125,4540.2001953125,4596.4501953125,507284
2024-07-02,4504.39404296875,4571.4501953125,4620.85009765625,4565.25,4607.7001953125,258530
2024-07-03,4492.2744140625,4559.14990234375,4595.0498046875,4505.0,4576.9501953125,573402
2024-07-04,4477.3955078125,4544.0498046875,4577.39990234375,4521.7001953125,4559.14990234375,242990
2024-07-05,4561.78955078125,4629.7001953125,4670.0,4550.0,4550.0,1285879
2024-07-08,4398.716796875,4464.2001953125,4649.64990234375,4445.0,4629.39990234375,890261
2024-07-09,4485.18017578125,4551.9501953125,4582.89990234375,4458.0,4491.39990234375,769145
2024-07-10,4568.93310546875,4636.9501953125,4651.85009765625,4536.7998046875,4572.0,550188
2024-07-11,4515.28125,4582.5,4660.0,4565.0498046875,4656.7001953125,559139
2024-07-12,4472.71484375,4539.2998046875,4594.60009765625,4485.2998046875,4590.0,661038
2024-07-15,4508.2861328125,4575.39990234375,4604.35009765625,4536.10009765625,4542.0,616728
2024-07-16,4503.7529296875,4570.7998046875,4598.9501953125,4551.7001953125,4575.39990234375,266585
2024-07-18,4517.54736328125,4584.7998046875,4603.10009765625,4515.75,4550.0,432503
2024-07-19,4453.5009765625,4519.7998046875,4587.25,4496.4501953125,4580.0,279117
2024-07-22,4468.28125,4534.7998046875,4577.35009765625,4441.35009765625,4500.0,308095
2024-07-23,4460.59521484375,4527.0,4541.0498046875,4395.2998046875,4521.0,499837
2024-07-24,4484.8349609375,4551.60009765625,4579.2998046875,4501.4501953125,4506.2001953125,392515
2024-07-25,4480.302734375,4547.0,4582.7001953125,4475.2998046875,4530.0,232749
2024-07-26,4720.3291015625,4790.60009765625,4810.0,4563.85009765625,4570.9501953125,1262221
2024-07-29,4851.625,4923.85009765625,4951.0,4771.7001953125,4804.0,886247
2024-07-30,4840.29345703125,4912.35009765625,4945.0,4889.14990234375,4923.85009765625,515488
2024-07-31,4850.984375,4923.2001953125,4943.75,4800.2001953125,4904.35009765625,1167323
2024-08-01,4845.76220703125,4917.89990234375,5008.0,4900.0,4930.0,622863
2024-08-02,4948.220703125,4991.25,5010.0,4839.10009765625,4861.7001953125,960970
2024-08-05,4785.33740234375,4826.9501953125,4988.89990234375,4778.0,4933.5498046875,1449786
2024-08-06,4785.93212890625,4827.5498046875,4959.0,4815.0498046875,4830.0,403211
2024-08-07,4903.85693359375,4946.5,4957.10009765625,4841.0,4841.0,590493
2024-08-08,4792.822265625,4834.5,5024.85009765625,4823.0,4920.10009765625,722958
2024-08-09,4788.3115234375,4829.9501953125,4904.7998046875,4816.0498046875,4904.7998046875,222355
2024-08-12,4848.83544921875,4891.0,4905.0,4777.5498046875,4828.9501953125,431270
2024-08-13,4819.88671875,4861.7998046875,4919.9501953125,4803.0498046875,4900.0,203334
2024-08-14,4621.8095703125,4662.0,4848.0,4642.0498046875,4848.0,729449
2024-08-16,4593.95166015625,4633.89990234375,4709.7998046875,4623.2998046875,4665.0,522991
2024-08-19,4629.64111328125,4669.89990234375,4689.9501953125,4615.5498046875,4665.0,232374
2024-08-20,4682.43212890625,4723.14990234375,4728.85009765625,4663.2998046875,4674.7998046875,255795
2024-08-21,4858.55029296875,4900.7998046875,4963.35009765625,4734.9501953125,4736.0,1371112
2024-08-22,4869.109375,4911.4501953125,4929.9501953125,4869.0,4927.5,480842
2024-08-23,4814.08740234375,4855.9501953125,4950.0,4828.9501953125,4927.0,420463
2024-08-26,4883.78125,4926.25,4934.0,4860.0,4860.0,288510
2024-08-27,4860.236328125,4902.5,4995.5,4875.0,4908.0,400046
2024-08-28,4987.3310546875,5030.7001953125,5096.0,4858.9501953125,4882.10009765625,963990
2024-08-29,4969.3369140625,5012.5498046875,5077.35009765625,4990.0498046875,5049.89990234375,430810
2024-08-30,5049.98583984375,5093.89990234375,5132.5,5019.5,5019.5,853203
2024-09-02,4993.42822265625,5036.85009765625,5132.9501953125,5023.0498046875,5124.7998046875,196235
2024-09-03,5022.32666015625,5066.0,5098.4501953125,5036.5498046875,5036.85009765625,288902
2024-09-04,5052.66259765625,5096.60009765625,5110.0,5015.25,5060.5,313543
2024-09-05,5076.7529296875,5120.89990234375,5164.4501953125,5087.14990234375,5100.0,491284
2024-09-06,5093.50732421875,5137.7998046875,5170.0,5062.35009765625,5127.0,432124
2024-09-09,5128.89990234375,5173.5,5194.2998046875,5082.2001953125,5105.0,354291
2024-09-10,5379.66943359375,5426.4501953125,5447.35009765625,5198.0,5200.9501953125,1628691
2024-09-11,5392.408203125,5439.2998046875,5469.89990234375,5380.0498046875,5405.0,595689
2024-09-12,5435.533203125,5482.7998046875,5513.0,5396.2001953125,5450.0,763771
2024-09-13,5451.24658203125,5498.64990234375,5531.75,5403.0498046875,5465.0498046875,401361
2024-09-16,5432.11328125,5479.35009765625,5520.0,5471.7001953125,5495.0,238494
2024-09-17,5405.197265625,5452.2001953125,5560.0,5436.0,5479.0498046875,529121
2024-09-18,5422.0009765625,5469.14990234375,5482.7001953125,5392.0498046875,5451.9501953125,213575
2024-09-19,5382.3955078125,5429.2001953125,5513.0,5419.0,5469.14990234375,341889
2024-09-20,5403.759765625,5450.75,5505.0,5427.35009765625,5456.2998046875,630993
2024-09-23,5326.53125,5372.85009765625,5582.9501953125,5364.5,5490.0,588823
2024-09-24,5329.45556640625,5375.7998046875,5419.7001953125,5317.64990234375,5375.0,515534
2024-09-25,5347.7958984375,5394.2998046875,5448.5,5354.5,5375.7998046875,693122
2024-09-26,5332.92578125,5379.2998046875,5418.60009765625,5292.25,5410.0,554676
2024-09-27,5410.84814453125,5457.89990234375,5523.2998046875,5315.64990234375,5371.7001953125,6886792
2024-09-30,5396.42333984375,5443.35009765625,5512.14990234375,5378.5498046875,5472.9501953125,820627
2024-10-01,5377.04150390625,5423.7998046875,5464.0498046875,5362.75,5440.5498046875,686142
2024-10-03,5383.48583984375,5430.2998046875,5493.7001953125,5241.7001953125,5400.0,602874
2024-10-04,5378.77685546875,5425.5498046875,5522.2001953125,5385.25,5408.0,524300
2024-10-07,5357.759765625,5404.35009765625,5521.0,5376.7001953125,5448.0,383652
2024-10-08,5499.2294921875,5547.0498046875,5566.5,5398.64990234375,5401.7001953125,396786
2024-10-09,5938.11279296875,5989.75,6029.9501953125,5642.0498046875,5655.89990234375,3022787
2024-10-10,5890.92333984375,5942.14990234375,6022.0,5920.2998046875,5960.0,640572
2024-10-11,6089.29833984375,6142.25,6159.85009765625,5958.89990234375,5975.0,1089288
2024-10-14,6161.2724609375,6214.85009765625,6235.0,6118.0498046875,6140.0,647056
2024-10-15,6054.05517578125,6106.7001953125,6275.85009765625,6020.35009765625,6150.0,1370567
2024-10-16,6070.8583984375,6123.64990234375,6142.75,6057.0,6101.7001953125,476603
2024-10-17,6025.00732421875,6077.39990234375,6170.9501953125,6045.60009765625,6123.64990234375,290563
2024-10-18,5970.3330078125,6022.25,6091.89990234375,6004.64990234375,6077.4501953125,334347
2024-10-21,5873.92138671875,5925.0,6108.39990234375,5909.35009765625,6029.9501953125,566368
2024-10-22,5767.7939453125,5817.9501953125,5964.0,5805.0,5920.0,569761
2024-10-23,5678.22314453125,5727.60009765625,5858.39990234375,5717.25,5804.39990234375,327730
2024-10-24,5687.19482421875,5736.64990234375,5771.2998046875,5692.25,5761.0,560790
2024-10-25,5730.91455078125,5780.75,5834.9501953125,5742.0,5742.0,1007972
2024-10-28,5764.2744140625,5814.39990234375,5850.0,5707.7998046875,5764.89990234375,391605
2024-10-29,5753.31982421875,5803.35009765625,5845.10009765625,5746.0,5800.0,274283
2024-10-30,5835.8525390625,5886.60009765625,5933.9501953125,5797.0,5843.75,500928
2024-10-31,5838.87548828125,5889.64990234375,5940.0,5858.64990234375,5937.5,423706
2024-11-01,5852.65576171875,5903.5498046875,5932.5498046875,5871.75,5928.2001953125,34122
2024-11-04,5850.87158203125,5901.75,5941.2998046875,5841.7001953125,5904.25,357941
2024-11-05,5761.15185546875,5811.25,5901.75,5678.35009765625,5900.0,397496
2024-11-06,5902.81982421875,5954.14990234375,6005.7001953125,5810.0,5810.0,619492
2024-11-07,5908.5703125,5959.9501953125,6050.0,5881.5498046875,6000.0,789818
2024-11-08,5898.55712890625,5949.85009765625,6062.0,5880.0,5980.0,447048
2024-11-11,5849.08740234375,5899.9501953125,6155.0,5782.2001953125,6155.0,1339441
2024-11-12,5760.6064453125,5810.7001953125,5949.85009765625,5782.0498046875,5915.0,433122
2024-11-13,5720.35693359375,5770.10009765625,5831.7001953125,5710.5498046875,5809.60009765625,250370
2024-11-14,5700.529296875,5750.10009765625,5825.9501953125,5723.14990234375,5770.10009765625,220287
2024-11-18,5716.9365234375,5766.64990234375,5814.0498046875,5690.5,5700.0,390727
2024-11-19,5849.9794921875,5900.85009765625,5960.9501953125,5769.85009765625,5769.85009765625,427565
2024-11-21,5925.572265625,5977.10009765625,6004.5,5880.10009765625,5880.10009765625,448388
2024-11-22,5946.63916015625,5998.35009765625,6056.9501953125,5980.0,5980.0,309695
2024-11-25,6085.53125,6138.4501953125,6185.0,6020.9501953125,6029.9501953125,839267
2024-11-26,6020.1494140625,6072.5,6159.0498046875,6006.10009765625,6149.14990234375,218533
2024-11-27,5947.48193359375,5999.2001953125,6105.85009765625,5988.9501953125,6072.5,149153
2024-11-28,5900.490234375,5951.7998046875,6022.7998046875,5902.10009765625,6022.7998046875,318089
2024-11-29,6119.486328125,6172.7001953125,6208.2998046875,6000.0,6024.0498046875,1027507
2024-12-02,6201.42333984375,6255.35009765625,6282.0,6169.5498046875,6185.0,665882
2024-12-03,6157.00927734375,6210.5498046875,6285.4501953125,6194.2001953125,6280.0,742965
2024-12-04,6202.5634765625,6256.5,6268.25,6178.0498046875,6225.0,556873
2024-12-05,6043.6455078125,6096.2001953125,6184.85009765625,5866.10009765625,6184.85009765625,1426021
2024-12-06,6077.89697265625,6130.75,6192.9501953125,6105.10009765625,6140.0,704328
2024-12-09,5908.2724609375,5959.64990234375,6041.5498046875,5937.64990234375,5999.9501953125,1123022
2024-12-10,5881.45556640625,5932.60009765625,6032.7998046875,5871.0,5989.4501953125,393478
2024-12-11,5876.845703125,5927.9501953125,5970.5,5904.0,5956.0,355231
2024-12-12,5900.39111328125,5951.7001953125,6055.0,5928.25,5950.0,359123
2024-12-13,5826.03759765625,5876.7001953125,5949.2998046875,5844.2001953125,5949.2998046875,445372
2024-12-16,5805.9619140625,5856.4501953125,5909.9501953125,5820.0,5883.5,308602
2024-12-17,5796.990234375,5847.39990234375,5935.0,5819.5498046875,5868.0,393644
2024-12-18,5799.31982421875,5849.75,5904.7998046875,5839.4501953125,5848.0,280887
2024-12-19,5770.56982421875,5820.75,5869.0,5780.0,5847.35009765625,451008
2024-12-20,5796.345703125,5846.75,5957.25,5790.0,5790.0,497158
2024-12-23,5799.0224609375,5849.4501953125,5935.0,5837.0,5846.75,464380
2024-12-24,5732.5009765625,5782.35009765625,5933.0498046875,5739.4501953125,5860.0,252658
2024-12-26,5836.0009765625,5886.75,5922.0,5716.5,5792.0,183602
2024-12-27,5830.35009765625,5881.0498046875,5934.9501953125,5870.14990234375,5900.0,186225
2024-12-30,5992.88671875,6045.0,6138.85009765625,5880.0,5881.0498046875,1928937
2024-12-31,6046.22265625,6098.7998046875,6135.25,5975.64990234375,6029.39990234375,610044
2025-01-01,6020.64501953125,6073.0,6135.10009765625,6060.7001953125,6090.0,116675
2025-01-02,6091.77685546875,6144.75,6154.75,6010.0,6073.0,180792
2025-01-03,5996.158203125,6048.2998046875,6248.89990234375,6030.14990234375,6159.0,427384
2025-01-06,5840.8583984375,5891.64990234375,6068.2001953125,5841.0,6068.2001953125,334922
2025-01-07,5857.01806640625,5907.9501953125,5936.9501953125,5875.0,5910.0,303309
2025-01-08,5817.80908203125,5868.39990234375,5965.85009765625,5822.2001953125,5930.0,213589
2025-01-09,5774.3369140625,5824.5498046875,5905.5498046875,5811.75,5861.7001953125,98271
2025-01-10,5721.595703125,5771.35009765625,5840.0,5715.2001953125,5800.0,384413
2025-01-13,5683.08056640625,5732.5,5887.5,5654.35009765625,5824.0,770897
2025-01-14,5938.658203125,5990.2998046875,6006.4501953125,5749.35009765625,5761.10009765625,439344
2025-01-15,5826.1865234375,5876.85009765625,6000.39990234375,5768.5,6000.35009765625,483267
2025-01-16,5865.0478515625,5916.0498046875,5952.7998046875,5755.7001953125,5840.0,428736
2025-01-17,5865.0478515625,5916.0498046875,5938.85009765625,5871.7001953125,5930.5,177031
2025-01-20,5948.86962890625,6000.60009765625,6028.0,5840.0498046875,5917.0,309737
2025-01-21,5768.73583984375,5818.89990234375,6068.0498046875,5806.2998046875,6011.7001953125,437884
2025-01-22,5762.39111328125,5812.5,5846.89990234375,5755.0,5838.5498046875,513868
2025-01-23,5800.509765625,5850.9501953125,5905.0498046875,5780.39990234375,5780.39990234375,449602
2025-01-24,5712.92138671875,5762.60009765625,5900.39990234375,5707.2998046875,5850.0,387486
2025-01-27,5528.67333984375,5576.75,5749.0,5546.0,5725.5,243092
2025-01-28,5363.5595703125,5410.2001953125,5585.0,5351.64990234375,5580.39990234375,588891
2025-01-29,5571.69921875,5620.14990234375,5648.0,5361.5,5374.10009765625,241519
2025-01-30,5686.451171875,5735.89990234375,5791.60009765625,5601.7998046875,5621.10009765625,234255
2025-01-31,5529.615234375,5577.7001953125,5750.9501953125,5548.89990234375,5717.5498046875,429090
2025-02-01,5570.11279296875,5618.5498046875,5653.85009765625,5510.0,5589.0,108307
2025-02-03,5833.3740234375,5884.10009765625,5955.10009765625,5471.0,5619.0,1299208
2025-02-04,6043.69482421875,6096.25,6230.0,5972.7001953125,6049.9501953125,1307734
2025-02-05,6070.7099609375,6123.5,6207.2001953125,6007.5,6060.5498046875,389786
2025-02-06,6066.94287109375,6119.7001953125,6205.89990234375,6098.0498046875,6148.2998046875,373619
2025-02-07,6087.61279296875,6140.5498046875,6161.5,6080.5,6116.5498046875,153029
2025-02-10,5887.60205078125,5938.7998046875,6179.0,5921.64990234375,6142.0,284788
2025-02-11,5895.48388671875,5946.75,5964.7998046875,5862.10009765625,5949.9501953125,443166
2025-02-12,5918.384765625,5969.85009765625,6000.0,5805.0,5946.75,292103
2025-02-13,5958.68408203125,6010.5,6155.0,5984.75,5999.7001953125,667461
2025-02-14,5793.37158203125,5843.75,6060.0,5766.0498046875,6017.2998046875,294685
2025-02-17,5872.681640625,5923.75,5940.0,5760.25,5832.0,207670
2025-02-18,5789.3564453125,5839.7001953125,5978.89990234375,5793.0,5950.0,283564
2025-02-19,5883.73583984375,5934.89990234375,5956.25,5740.0,5810.0,337225
2025-02-20,5926.76171875,5978.2998046875,5987.9501953125,5892.2998046875,5915.0,292029
2025-02-21,5707.4189453125,5757.0498046875,5998.2998046875,5684.14990234375,5960.0,1003530
2025-02-24,5653.388671875,5702.5498046875,5750.7001953125,5664.4501953125,5680.39990234375,306309
2025-02-25,5677.033203125,5726.39990234375,5774.2998046875,5664.7998046875,5701.0,188012
2025-02-27,5567.38671875,5615.7998046875,5785.0,5579.25,5726.39990234375,257921
2025-02-28,5433.00537109375,5480.25,5600.0,5364.85009765625,5600.0,564464
2025-03-03,5492.48828125,5540.25,5572.39990234375,5360.64990234375,5480.25,308548
2025-03-04,5470.1328125,5517.7001953125,5556.9501953125,5457.85009765625,5500.0,142095
2025-03-05,5468.9921875,5516.5498046875,5563.0498046875,5460.0,5460.0,392202
2025-03-06,5520.693359375,5568.7001953125,5645.9501953125,5549.9501953125,5549.9501953125,280218
2025-03-07,5530.65625,5578.75,5619.7998046875,5528.39990234375,5553.2998046875,187672
2025-03-10,5466.71240234375,5514.25,5631.64990234375,5486.85009765625,5578.75,281666
2025-03-11,5498.43603515625,5546.25,5578.2001953125,5414.25,5454.0,211471
2025-03-12,5618.2939453125,5667.14990234375,5677.10009765625,5481.7001953125,5525.0,345394
2025-03-13,5571.99658203125,5620.4501953125,5758.25,5604.0,5695.5,219553
2025-03-17,5621.9619140625,5670.85009765625,5695.0,5582.0498046875,5620.4501953125,133663
2025-03-18,5621.9619140625,5670.85009765625,5670.85009765625,5670.85009765625,5670.85009765625,0
2025-03-19,5767.94287109375,5818.10009765625,5850.0,5742.0498046875,5780.0,231264
2025-03-20,5771.908203125,5822.10009765625,5865.7998046875,5805.0,5850.0,252148
2025-03-21,5747.3720703125,5797.35009765625,5855.5,5739.5498046875,5848.0,537097
2025-03-24,5859.74462890625,5910.7001953125,5935.0,5775.39990234375,5795.89990234375,322013
2025-03-25,5790.2978515625,5840.64990234375,5940.25,5815.4501953125,5940.25,330676
2025-03-26,5788.861328125,5839.2001953125,5918.2001953125,5767.5498046875,5869.85009765625,238411
2025-03-27,5822.0224609375,5872.64990234375,5893.75,5727.2001953125,5838.0,385946
2025-03-28,5725.66064453125,5775.4501953125,5885.0,5738.0,5850.0,291524
2025-04-01,5501.8564453125,5549.7001953125,5818.5,5521.0,5749.5,341053
2025-04-02,5617.15380859375,5666.0,5681.4501953125,5535.0,5550.5498046875,316866
2025-04-03,5713.3173828125,5763.0,5970.0,5729.35009765625,5889.9501953125,537669
2025-04-04,5435.5830078125,5482.85009765625,5762.64990234375,5384.9501953125,5760.0,681423
2025-04-07,5213.61328125,5258.9501953125,5358.85009765625,4955.0,4955.0,565168
2025-04-08,5340.8564453125,5387.2998046875,5475.0,5303.0,5347.10009765625,369634
2025-04-09,5339.71630859375,5386.14990234375,5429.60009765625,5231.60009765625,5300.0,458062
2025-04-11,5541.11474609375,5589.2998046875,5625.0,5386.14990234375,5550.0,794543
2025-04-15,5685.0634765625,5734.5,5767.5,5605.0,5638.5,586197
2025-04-16,5704.3955078125,5754.0,5805.5,5685.0,5715.0,280947
2025-04-17,5591.3779296875,5640.0,5798.0,5596.0,5750.0,531948
2025-04-21,5840.7099609375,5891.5,5920.0,5799.0,5850.0,717346
2025-04-22,5860.537109375,5911.5,6018.5,5823.0,5884.5,666774
2025-04-23,5873.42529296875,5924.5,5975.0,5891.5,5927.0,637067
2025-04-24,6161.9169921875,6215.5,6308.5,5953.5,5982.5,2081063
2025-04-25,5960.6669921875,6012.5,6285.0,5964.5,6240.0,964571
2025-04-28,5974.5458984375,6026.5,6125.0,5992.0,6015.0,317230
2025-04-29,6055.34375,6108.0,6130.0,5916.0,6055.0,640125
2025-04-30,6034.5244140625,6087.0,6136.0,6015.5,6115.5,489551
2025-05-02,6027.0888671875,6079.5,6153.0,6045.5,6080.0,957962
2025-05-05,6071.701171875,6124.5,6208.0,6096.0,6205.5,399200
2025-05-06,6107.88671875,6161.0,6178.5,5970.0,6110.0,344379
2025-05-07,6094.99853515625,6148.0,6170.0,6059.5,6085.0,346799
2025-05-08,5909.11474609375,5960.5,6184.0,5920.0,6172.5,364862
2025-05-09,5973.55517578125,6025.5,6055.5,5841.5,5841.5,449984
2025-05-12,5890.7744140625,5942.0,6044.0,5878.5,6035.0,705516
2025-05-13,6024.115234375,6076.5,6147.5,5955.0,5955.5,759310
2025-05-14,6161.9169921875,6215.5,6282.5,6055.5,6100.0,576348
2025-05-15,6160.92529296875,6214.5,6259.5,6163.5,6198.5,462230
2025-05-16,6225.36474609375,6279.5,6323.0,6162.0,6239.0,556329
2025-05-19,6523.2744140625,6580.0,6705.0,6333.5,6400.0,2712326
2025-05-20,6396.87353515625,6452.5,6595.0,6433.0,6580.0,448280
2025-05-21,6495.515625,6552.0,6596.5,6454.0,6454.0,510445
2025-05-22,6481.63623046875,6538.0,6570.0,6458.0,6540.0,326992
2025-05-23,6427.11083984375,6483.0,6560.0,6457.0,6560.0,224119
2025-05-26,6678.9208984375,6737.0,6764.0,6592.5,6640.0,1467231
2025-05-27,6640.25732421875,6698.0,6760.5,6684.0,6725.0,294304
2025-05-28,6578.79150390625,6636.0,6750.0,6620.0,6730.0,312692
2025-05-29,6574.33056640625,6631.5,6670.5,6603.0,6645.0,364770
2025-05-30,6554.99853515625,6612.0,6667.5,6541.0,6601.5,786589
2025-06-02,6482.6279296875,6539.0,6631.0,6520.0,6614.5,283232
2025-06-03,6473.705078125,6530.0,6600.0,6514.5,6544.0,398776
2025-06-04,6560.94677734375,6618.0,6649.5,6530.0,6550.0,407206
2025-06-05,6571.3564453125,6628.5,6679.0,6608.0,6628.0,200706
2025-06-06,6488.08056640625,6544.5,6630.0,6505.0,6630.0,361092
2025-06-09,6575.8173828125,6633.0,6654.5,6547.5,6557.5,254156
2025-06-10,6616.4638671875,6674.0,6697.0,6611.0,6644.5,288574
2025-06-11,6661.076171875,6719.0,6766.0,6680.0,6680.0,539922
2025-06-12,6667.0244140625,6725.0,6862.5,6706.0,6719.0,647651
2025-06-13,6609.5244140625,6667.0,6720.5,6611.0,6700.0,431430
2025-06-16,6629.84765625,6687.5,6698.0,6615.0,6632.0,166374
2025-06-17,6481.63623046875,6538.0,6702.5,6490.5,6690.0,341004
2025-06-18,6492.5419921875,6549.0,6649.0,6513.0,6548.0,447218
2025-06-19,6437.0244140625,6493.0,6566.5,6480.0,6545.0,240502
2025-06-20,6535.1708984375,6592.0,6602.5,6455.5,6500.0,560932
2025-06-23,6578.79150390625,6636.0,6664.5,6560.0,6570.0,478962
2025-06-24,6508.8994140625,6565.5,6680.0,6555.0,6680.0,270144
2025-06-25,6529.71826171875,6586.5,6607.5,6520.0,6585.0,234226
2025-06-26,6558.9638671875,6616.0,6628.0,6539.0,6589.0,404238
2025-06-27,6600.60205078125,6658.0,6694.0,6551.0,6551.0,545217
2025-06-30,6750.7958984375,6809.5,6829.0,6666.0,6680.0,599664
2025-07-01,6797.390625,6856.5,6875.0,6696.0,6828.5,385716
2025-07-02,6800.36474609375,6859.5,6885.5,6743.0,6856.5,437491
2025-07-03,6816.72265625,6876.0,6940.0,6853.0,6888.0,302964
2025-07-04,6846.9599609375,6906.5,6945.0,6870.0,6880.0,243498
2025-07-07,6829.11474609375,6888.5,6931.0,6861.0,6915.0,85574
2025-07-08,6878.18798828125,6938.0,7071.5,6911.0,7002.0,531444
2025-07-09,6923.2958984375,6983.5,7009.5,6920.0,6930.0,382020
2025-07-10,6785.494140625,6844.5,6982.5,6830.0,6960.0,183664
2025-07-11,6776.076171875,6835.0,6905.5,6825.0,6830.0,224031
2025-07-14,6720.06298828125,6778.5,6825.5,6545.0,6650.0,968781
2025-07-15,6731.46435546875,6790.0,6818.5,6734.5,6800.0,132235
2025-07-16,6772.11083984375,6831.0,6859.5,6751.0,6790.0,327289
2025-07-17,6731.9599609375,6790.5,6881.0,6763.0,6830.5,291956
2025-07-18,6673.46875,6731.5,6781.5,6682.5,6780.0,196816
2025-07-21,6630.34375,6688.0,6746.0,6663.5,6742.0,152442
2025-07-22,6555.98974609375,6613.0,6685.0,6579.5,6685.0,272172
2025-07-23,6595.64501953125,6653.0,6679.0,6616.0,6641.0,206835
2025-07-24,6561.4423828125,6618.5,6683.5,6600.0,6653.0,183852
2025-07-25,6589.32763671875,6616.5,6652.0,6569.0,6598.0,179064
2025-07-28,6556.9609375,6584.0,6713.5,6555.5,6616.5,155158
2025-07-29,6649.0810546875,6676.5,6688.0,6473.0,6580.0,207710
2025-07-30,6622.68994140625,6650.0,6733.5,6601.5,6643.5,226974
2025-07-31,6568.4140625,6595.5,6662.5,6552.0,6556.0,208301
2025-08-01,6335.375,6361.5,6598.0,6335.5,6598.0,467222
2025-08-04,6462.84912109375,6489.5,6513.5,6343.0,6372.0,351237
2025-08-05,6382.6796875,6409.0,6530.5,6363.5,6489.5,377699
2025-08-06,6108.31103515625,6133.5,6449.0,6054.5,6410.5,984259
2025-08-07,6106.3193359375,6131.5,6174.5,5960.5,6150.0,1004420
2025-08-08,5890.21044921875,5914.5,6118.0,5893.5,6100.0,541367
2025-08-11,5967.39208984375,5992.0,6016.0,5856.5,5891.0,677693
2025-08-12,5936.51953125,5961.0,6015.0,5947.0,5992.0,477759
2025-08-13,6075.44677734375,6100.5,6150.0,5970.0,5971.0,394932
2025-08-14,6107.3154296875,6132.5,6205.0,6091.0,6155.0,407062
2025-08-18,6139.18408203125,6164.5,6211.5,6092.5,6148.0,362833
2025-08-19,6054.53271484375,6079.5,6170.5,6075.0,6165.0,246497
2025-08-20,5980.3388671875,6005.0,6096.0,5952.5,6084.0,544008
2025-08-21,6003.24462890625,6028.0,6060.0,5988.0,6005.0,219909
2025-08-22,6126.2373046875,6151.5,6188.0,6088.0,6088.0,681524
2025-08-25,6222.8388671875,6248.5,6314.5,6204.0,6255.0,439686
2025-08-26,6165.0771484375,6190.5,6260.0,6120.0,6260.0,546739
2025-08-28,6106.8173828125,6132.0,6275.0,6108.5,6275.0,415482
2025-08-29,6106.3193359375,6131.5,6177.5,6092.0,6132.0,283850
2025-09-01,6067.9775390625,6093.0,6135.0,6064.0,6131.5,192062
2025-09-02,6095.36474609375,6120.5,6148.5,6059.5,6093.0,307162
2025-09-03,6138.68603515625,6164.0,6188.0,6097.0,6145.0,281110
2025-09-04,6108.31103515625,6133.5,6197.5,6093.5,6163.0,294429
2025-09-05,5984.322265625,6009.0,6177.5,6002.5,6133.5,213926
2025-09-08,6002.74658203125,6027.5,6066.0,5940.0,6029.0,519368
2025-09-09,5977.84912109375,6002.5,6050.0,5997.5,6025.0,254569
2025-09-10,6006.72998046875,6031.5,6043.0,5896.5,6015.0,810989
2025-09-11,5990.7958984375,6015.5,6075.0,5996.0,6035.0,258301
2025-09-12,6001.75048828125,6026.5,6083.5,6004.0,6025.0,487571
2025-09-15,6032.12548828125,6057.0,6065.5,5974.0,6011.0,152355
2025-09-16,6074.45068359375,6099.5,6175.0,6060.5,6125.0,285215
2025-09-17,6026.64794921875,6051.5,6138.5,6037.0,6089.0,413995
2025-09-18,6086.8994140625,6112.0,6129.5,6042.0,6052.0,480382
2025-09-19,6174.5380859375,6200.0,6280.0,6156.5,6187.0,734989
2025-09-22,6067.4794921875,6092.5,6201.0,6081.0,6200.0,290634
2025-09-23,6026.14990234375,6051.0,6128.0,6006.5,6092.5,264356
2025-09-24,5959.42529296875,5984.0,6078.5,5965.0,6037.0,253046
2025-09-25,5872.7822265625,5897.0,6011.0,5885.0,5985.0,210498
2025-09-26,5666.134765625,5689.5,5824.0,5656.5,5824.0,672699
2025-09-29,5674.1015625,5697.5,5735.0,5636.5,5717.0,467714
2025-09-30,5666.134765625,5689.5,5736.5,5665.0,5713.5,281179
2025-10-01,5686.55029296875,5710.0,5749.5,5675.0,5692.5,721666
2025-10-03,5841.90966796875,5866.0,5932.0,5746.0,5759.5,655087
2025-10-06,5802.57177734375,5826.5,5898.0,5802.5,5885.0,196219
2025-10-07,6079.43017578125,6104.5,6120.0,5831.5,5860.0,1024126
2025-10-08,6095.36474609375,6120.5,6267.5,6104.0,6115.0,874932
2025-10-09,6106.8173828125,6132.0,6218.5,6123.5,6149.0,336390
2025-10-10,6447.91064453125,6474.5,6507.5,6110.0,6132.5,1651908
2025-10-13,6529.076171875,6556.0,6620.0,6439.5,6465.5,905107
2025-10-14,6534.0556640625,6561.0,6585.0,6495.0,6570.0,321275
2025-10-15,6546.00634765625,6573.0,6608.5,6527.0,6580.0,462127
2025-10-16,6573.3935546875,6600.5,6632.5,6538.5,6573.0,335444
2025-10-17,6594.30712890625,6621.5,6647.0,6556.5,6580.0,302575
2025-10-20,6576.87890625,6604.0,6669.0,6570.5,6645.0,368513
2025-10-21,6559.94873046875,6587.0,6657.0,6553.0,6648.0,32977
2025-10-23,6538.537109375,6565.5,6627.5,6548.5,6600.0,286780
2025-10-24,6565.92431640625,6593.0,6675.0,6535.0,6564.0,250640
2025-10-27,6463.34716796875,6490.0,6610.0,6468.5,6610.0,342190
2025-10-28,6412.05859375,6438.5,6514.5,6383.0,6495.0,305957
2025-10-29,6485.2568359375,6512.0,6538.5,6450.0,6450.0,325673
2025-10-30,6627.66943359375,6655.0,6695.0,6536.5,6545.0,537064
2025-10-31,6710.32861328125,6738.0,6775.0,6608.5,6642.0,507645
2025-11-03,6776.0576171875,6804.0,6861.5,6732.0,6738.0,499591
2025-11-04,6776.5556640625,6804.5,6866.0,6757.0,6803.0,801413
2025-11-06,6855.23095703125,6883.5,6904.5,6764.0,6792.5,721954
2025-11-07,6629.16357421875,6656.5,6892.0,6601.5,6874.5,855609
2025-11-10,6664.01953125,6691.5,6748.0,6636.5,6700.0,418569
2025-11-11,6512.64404296875,6539.5,6725.0,6489.0,6711.0,388972
2025-11-12,6493.22412109375,6520.0,6574.5,6481.0,6570.5,476290
2025-11-13,6566.421875,6593.5,6645.0,6473.0,6525.5,397401
2025-11-14,6484.7587890625,6511.5,6632.0,6481.0,6584.0,147365
2025-11-17,6491.72998046875,6518.5,6559.0,6476.0,6528.0,242726
2025-11-18,6446.9150390625,6473.5,6552.0,6456.0,6485.0,162830
2025-11-19,6427.4951171875,6454.0,6512.0,6434.0,6510.0,128134
2025-11-20,6435.9599609375,6462.5,6497.5,6433.0,6495.0,114162
2025-11-21,6346.82763671875,6373.0,6462.0,6355.5,6462.0,130843
2025-11-24,6332.88525390625,6359.0,6382.5,6322.0,6364.0,393803
2025-11-25,6385.66748046875,6412.0,6443.0,6341.0,6355.0,179873
2025-11-26,6483.26513671875,6510.0,6530.0,6411.5,6417.5,126970
2025-11-27,6463.84521484375,6490.5,6542.0,6451.0,6514.5,95681
2025-11-28,6450.400390625,6477.0,6568.0,6434.5,6500.0,250130
2025-12-01,6396.12451171875,6422.5,6524.5,6404.5,6500.5,100192
2025-12-02,6391.14501953125,6417.5,6453.5,6370.5,6400.5,151910
2025-12-03,6428.49072265625,6455.0,6467.5,6342.5,6419.5,278865
2025-12-04,6442.43359375,6469.0,6492.5,6413.0,6455.0,200558
2025-12-05,6446.9150390625,6473.5,6486.5,6394.5,6467.0,148911
2025-12-08,6302.51025390625,6328.5,6486.0,6269.5,6486.0,179082
2025-12-09,6268.15185546875,6294.0,6341.5,6265.0,6320.0,236524
2025-12-10,6268.64990234375,6294.5,6407.0,6279.5,6294.0,270852
2025-12-11,6403.59375,6430.0,6498.0,6274.0,6300.5,264850
2025-12-12,6400.10791015625,6426.5,6519.0,6410.0,6430.0,128635
2025-12-15,6321.43212890625,6347.5,6416.0,6330.5,6410.0,131176
2025-12-16,6309.4814453125,6335.5,6375.0,6283.0,6348.0,169831
2025-12-17,6267.15625,6293.0,6374.5,6280.5,6312.0,194825
2025-12-18,6353.798828125,6380.0,6437.0,6281.0,6300.0,396678
2025-12-19,6451.89453125,6478.5,6598.0,6408.5,6410.0,785205
2025-12-22,6484.7587890625,6511.5,6543.0,6450.5,6500.0,255434
2025-12-23,6449.90234375,6476.5,6552.0,6448.0,6521.5,192477
2025-12-24,6469.8203125,6496.5,6580.0,6486.0,6500.0,252785
2025-12-26,6401.10400390625,6427.5,6547.0,6402.0,6495.0,252704
2025-12-29,6364.255859375,6390.5,6454.5,6371.0,6450.0,244981
2025-12-30,6334.37890625,6360.5,6500.0,6285.0,6410.0,1927570
2025-12-31,6366.24755859375,6392.5,6499.5,6366.0,6499.5,273233
2026-01-01,6317.94677734375,6344.0,6413.5,6300.0,6398.0,146473
2026-01-02,6366.24755859375,6392.5,6398.0,6332.5,6351.0,108528
2026-01-05,6337.36669921875,6363.5,6447.0,6345.0,6400.0,145454
2026-01-06,6615.220703125,6642.5,6660.0,6393.0,6405.5,732441
2026-01-07,6615.220703125,6642.5,6731.5,6613.0,6680.0,423884
2026-01-08,6573.3935546875,6600.5,6700.0,6580.5,6645.0,331547
2026-01-09,6589.32763671875,6616.5,6657.0,6529.5,6600.0,351042
2026-01-12,6458.86572265625,6485.5,6635.5,6340.0,6635.0,665870
2026-01-13,6410.06689453125,6436.5,6524.0,6372.0,6461.0,253726
2026-01-14,6329.3994140625,6355.5,6462.0,6345.5,6405.0,524643
2026-01-15,6329.3994140625,6355.5,6355.5,6355.5,6355.5,0
2026-01-16,6210.39013671875,6236.0,6384.0,6227.5,6355.5,409423
2026-01-19,6114.78466796875,6140.0,6257.5,6100.0,6236.0,351743
2026-01-20,5988.30615234375,6013.0,6163.5,6000.0,6142.5,204440
2026-01-21,5985.318359375,6010.0,6092.5,5955.0,6005.0,324388
2026-01-22,6046.06787109375,6071.0,6135.0,6010.0,6021.0,372206
2026-01-23,5986.81201171875,6011.5,6145.0,5987.0,6099.5,460503
2026-01-27,6031.12939453125,6056.0,6087.5,6000.0,6065.5,367912
2026-01-28,6162.58740234375,6188.0,6256.0,6062.0,6100.0,335259
2026-01-29,6016.19091796875,6041.0,6222.0,5991.5,6181.5,405502
2026-01-30,6026.14990234375,6051.0,6080.0,5974.5,6041.0,347165
2026-02-02,5928.0546875,5952.5,6056.5,5890.0,6056.0,400656
2026-02-03,6183.5009765625,6209.0,6304.5,6150.0,6150.0,454227
2026-02-04,6029.6357421875,6054.5,6225.0,6021.5,6225.0,327213
2026-02-05,6116.2783203125,6141.5,6173.0,5936.0,6054.0,370561
2026-02-06,5999.7587890625,6024.5,6099.5,5939.0,6081.5,433945
2026-02-09,6088.3935546875,6113.5,6150.0,6041.0,6079.0,219396
2026-02-10,6150.138671875,6175.5,6228.0,6151.0,6153.0,237887
2026-02-11,6360.27197265625,6386.5,6793.0,6126.0,6194.0,1263189
2026-02-12,6159.599609375,6185.0,6448.0,6131.5,6448.0,1200795
2026-02-13,6143.16748046875,6168.5,6200.0,6054.0,6141.0,299364
2026-02-16,6124.24560546875,6149.5,6222.0,6008.5,6105.5,175634
2026-02-17,6162.08935546875,6187.5,6230.0,6102.5,6125.5,151261
2026-02-18,6257.6953125,6283.5,6299.0,6165.0,6165.0,438670
2026-02-19,6271.6376953125,6297.5,6350.0,6251.0,6255.0,185828
2026-02-20,6265.16455078125,6291.0,6320.0,6251.5,6297.5,338573
2026-02-23,6267.654296875,6293.5,6343.5,6245.5,6337.0,97285
2026-02-24,6229.81005859375,6255.5,6293.5,6226.5,6255.0,92139
2026-02-25,6369.2353515625,6395.5,6418.0,6250.0,6254.5,348440
2026-02-26,6447.41259765625,6474.0,6564.5,6376.0,6442.0,392374
2026-02-27,6382.181640625,6408.5,6475.0,6383.5,6424.0,466870
2026-03-02,6377.2021484375,6403.5,6419.0,6263.5,6271.5,300339
2026-03-04,6290.0615234375,6316.0,6363.5,6238.5,6340.0,369392
2026-03-05,6338.3623046875,6364.5,6395.0,6300.0,6316.5,291293
2026-03-06,6303.00830078125,6329.0,6428.0,6315.0,6340.0,269349
2026-03-09,6304.00439453125,6330.0,6364.0,6173.5,6277.0,260778
2026-03-10,6345.83154296875,6372.0,6479.0,6354.0,6364.5,298252
2026-03-11,6326.41162109375,6352.5,6450.0,6330.0,6373.0,254117
2026-03-12,6256.201171875,6282.0,6330.5,6221.0,6330.0,153876
2026-03-13,6046.06787109375,6071.0,6326.0,6055.0,6275.0,200936
2026-03-16,6046.06787109375,6071.0,6130.0,5927.0,6010.0,282845
2026-03-17,6061.50439453125,6086.5,6147.0,6051.5,6074.0,183604
2026-03-18,6114.78466796875,6140.0,6183.0,6086.5,6086.5,180112
2026-03-19,5947.97216796875,5972.5,6117.0,5955.0,6100.0,122495
2026-03-20,6074.94873046875,6100.0,6180.0,6030.5,6050.0,283471
2026-03-23,5988.80419921875,6013.5,6047.0,5982.0,6036.5,227221
2026-03-24,6001.25244140625,6026.0,6092.0,5946.0,6090.0,228968
2026-03-25,5989.7998046875,6014.5,6137.5,5996.5,6026.0,250204
2026-03-27,5972.86962890625,5997.5,6060.0,5935.0,6011.5,540647
2026-03-30,5922.5771484375,5947.0,5990.0,5901.5,5960.0,492229
2026-04-01,5882.24365234375,5906.5,6123.0,5834.0,6002.0,546653
2026-04-02,5832.44873046875,5856.5,5869.5,5647.5,5851.0,513534
2026-04-06,5797.0947265625,5821.0,5903.5,5727.0,5860.0,346192
2026-04-07,5825.9755859375,5850.0,5907.0,5708.0,5788.0,347412
2026-04-08,5857.84423828125,5882.0,5984.5,5870.0,5920.0,302280
2026-04-09,5928.0546875,5952.5,5964.0,5852.0,5852.0,237284
2026-04-10,6091.380859375,6116.5,6130.0,5931.0,5931.0,334871
2026-04-13,6045.07177734375,6070.0,6116.0,5970.0,6009.0,211392
2026-04-15,6152.13037109375,6177.5,6184.0,6101.0,6124.0,251355
2026-04-16,6267.654296875,6293.5,6313.0,6180.0,6200.0,350424
2026-04-17,6203.4189453125,6229.0,6325.0,6212.0,6305.5,169295
2026-04-20,6254.20947265625,6280.0,6298.0,6187.5,6269.5,208547
2026-04-21,6260.18505859375,6286.0,6305.0,6238.5,6282.0,242433
2026-04-22,6259.68701171875,6285.5,6323.5,6249.0,6286.0,226547
2026-04-23,6352.30517578125,6378.5,6469.5,6250.5,6265.0,405157
2026-04-24,6335.375,6361.5,6442.5,6320.0,6408.5,316970
2026-04-27,6450.400390625,6477.0,6507.5,6346.5,6351.5,289657
2026-04-28,6406.08349609375,6432.5,6505.0,6416.5,6505.0,271770
2026-04-29,6507.16650390625,6534.0,6549.5,6454.0,6470.0,324770
2026-04-30,6475.7958984375,6502.5,6547.0,6429.0,6530.0,379741
2026-05-04,6592.3154296875,6619.5,6644.0,6483.5,6508.0,371945
2026-05-05,6623.68603515625,6651.0,6675.0,6569.0,6620.0,195449
2026-05-06,6674.4765625,6702.0,6765.5,6615.5,6690.0,314250
2026-05-07,6674.974609375,6702.5,6780.0,6683.0,6705.0,330052
2026-05-08,6682.94140625,6710.5,6759.0,6675.0,6700.0,155071
2026-05-11,6686.42724609375,6714.0,6785.0,6650.0,6700.0,196830
2026-05-12,6616.71484375,6644.0,6745.0,6636.0,6710.0,156166
2026-05-13,6768.09033203125,6796.0,6870.0,6643.0,6680.0,513807
2026-05-14,6893.0751953125,6921.5,6948.0,6817.0,6830.0,424282
2026-05-15,6732.736328125,6760.5,6968.0,6732.0,6920.5,321270
2026-05-18,6806.93017578125,6835.0,6868.0,6658.0,6750.5,340352
2026-05-19,6883.6142578125,6912.0,6942.0,6835.5,6850.0,322081
2026-05-20,6864.69189453125,6893.0,6960.0,6800.5,6895.0,957736
2026-05-21,6829.8359375,6858.0,6925.0,6829.0,6905.0,151586
2026-05-22,6858.716796875,6887.0,6960.5,6790.0,6858.0,354149
2026-05-25,6728.75244140625,6756.5,6945.0,6690.0,6750.0,874049
2026-05-26,6725.26708984375,6753.0,6805.0,6661.0,6755.0,309440
2026-05-27,6769.58447265625,6797.5,6855.5,6726.0,6785.0,155051
2026-05-28,6769.58447265625,6797.5,6797.5,6797.5,6797.5,0
2026-05-29,6639.6201171875,6667.0,6849.0,6590.0,6800.0,612037
2026-06-01,6526.58642578125,6553.5,6702.5,6535.5,6690.0,125379
2026-06-02,6506.17041015625,6533.0,6552.0,6450.5,6510.0,362800
2026-06-03,6549.49169921875,6576.5,6604.5,6460.0,6520.0,563313
2026-06-04,6569.40966796875,6596.5,6700.0,6521.0,6551.0,347823
2026-06-05,6595.80078125,6623.0,6636.5,6567.0,6636.5,200964
2026-06-08,6494.2197265625,6521.0,6710.0,6506.0,6571.0,456406
2026-06-09,6725.26708984375,6753.0,6790.0,6535.0,6535.0,912179
2026-06-10,6611.2373046875,6638.5,6815.0,6610.0,6750.0,405743
2026-06-11,6628.16748046875,6655.5,6720.0,6625.0,6635.0,228572
2026-06-12,6610.7392578125,6638.0,6738.5,6622.0,6719.5,162810
2026-06-15,6581.3603515625,6608.5,6676.5,6592.0,6651.0,196206
2026-06-16,6684.93359375,6712.5,6732.0,6571.0,6620.0,329248
2026-06-17,6636.134765625,6663.5,6759.5,6641.0,6730.0,256856
2026-06-18,6739.20947265625,6767.0,6781.5,6636.0,6661.5,411896
2026-06-19,6715.30810546875,6743.0,6795.0,6716.5,6790.0,372371
2026-06-22,6759.62548828125,6787.5,6799.0,6714.0,6755.0,232409
2026-06-23,6719.29150390625,6747.0,6887.5,6727.0,6790.0,295302
2026-06-24,6725.76513671875,6753.5,6825.0,6725.0,6750.0,252591
2026-06-25,6685.92919921875,6713.5,6761.5,6689.0,6760.0,222828
2026-06-26,6685.92919921875,6713.5,6713.5,6713.5,6713.5,0
2026-06-29,6530.56982421875,6557.5,6735.0,6535.5,6700.0,474515
2026-06-30,6551.9814453125,6579.0,6646.5,6536.0,6560.5,577958
2026-07-01,6518.619140625,6545.5,6665.5,6530.5,6599.0,323984
2026-07-02,6655.056640625,6682.5,6726.5,6545.0,6600.0,344354
2026-07-03,6729.25048828125,6757.0,6804.5,6685.5,6685.5,382822
2026-07-06,6829.337890625,6857.5,6890.0,6753.5,6785.0,402108
2026-07-07,6743.69091796875,6771.5,6959.0,6754.0,6898.0,448472
2026-07-08,6727.2587890625,6755.0,6864.5,6693.0,6784.0,358137
2026-07-09,6785.0205078125,6813.0,6945.0,6740.5,6741.5,356468
2026-07-10,6807.92626953125,6836.0,6871.5,6775.0,6870.0,222860
