Date,Adj Close,Close,High,Low,Open,Volume
2005-01-03,302.6163330078125,601.0499877929688,604.0,576.0,580.0,544531
2005-01-04,308.1292724609375,612.0,616.0,517.0,517.0,546652
2005-01-05,284.9693908691406,566.0,603.0,552.0,602.0,1260932
2005-01-06,290.1802673339844,576.3499755859375,583.0,556.0,566.0,600516
2005-01-07,288.21685791015625,572.4500122070312,582.0,566.5999755859375,579.0,412066
2005-01-10,290.1048278808594,576.2000122070312,580.0,565.0,579.9500122070312,194179
2005-01-11,287.5371398925781,571.0999755859375,579.0,561.3499755859375,574.0,258987
2005-01-12,276.9891662597656,550.1500244140625,579.0,541.0,575.0,218311
2005-01-13,279.02825927734375,554.2000122070312,564.0,543.3499755859375,556.0,696707
2005-01-14,264.1000671386719,524.5499877929688,555.0,516.0,555.0,1323674
2005-01-17,262.74066162109375,521.8499755859375,535.0,514.3499755859375,535.0,355897
2005-01-18,269.8397521972656,535.9500122070312,543.7000122070312,510.0,530.0,535547
2005-01-19,273.2130432128906,542.6500244140625,547.0,531.1500244140625,533.0,476896
2005-01-20,270.368408203125,537.0,542.6500244140625,528.6500244140625,542.6500244140625,233280
2005-01-24,258.7632141113281,513.9500122070312,538.9000244140625,511.20001220703125,537.0,310108
2005-01-25,263.8735046386719,524.0999755859375,529.4000244140625,476.25,476.25,853635
2005-01-27,271.87884521484375,540.0,552.0,524.0,535.0,711695
2005-01-28,267.5489196777344,531.4000244140625,549.0,524.0,549.0,490910
2005-01-31,270.9222412109375,538.0999755859375,545.0,530.0,544.4000244140625,347239
2005-02-01,267.5740966796875,531.4500122070312,549.7000122070312,501.1000061035156,501.1000061035156,377106
2005-02-02,266.81884765625,529.9500122070312,540.9000244140625,527.0499877929688,533.0,294661
2005-02-03,268.83282470703125,533.9500122070312,539.5,531.0,534.7000122070312,291498
2005-02-04,273.28857421875,542.7999877929688,546.75,533.2000122070312,535.0,368083
2005-02-07,268.5810241699219,533.4500122070312,554.0999755859375,530.0,545.0,370283
2005-02-08,266.03851318359375,528.4000244140625,538.0,524.0,526.0,232774
2005-02-09,266.6678771972656,529.6500244140625,539.7000122070312,524.0,529.0,480818
2005-02-10,268.0775451660156,532.4500122070312,538.0,528.2000122070312,531.0,224899
2005-02-11,277.08984375,550.3499755859375,552.4000244140625,531.0499877929688,540.0,562714
2005-02-14,283.937255859375,563.9500122070312,567.5999755859375,553.0,554.0,480153
2005-02-15,279.7331237792969,555.5999755859375,562.8499755859375,551.5,562.8499755859375,187582
2005-02-16,276.2591247558594,548.7000122070312,560.0,541.3499755859375,557.8499755859375,229449
2005-02-17,267.5489196777344,531.4000244140625,548.0,530.0499877929688,548.0,377157
2005-02-18,269.7642517089844,535.7999877929688,545.7000122070312,531.1500244140625,531.9500122070312,396001
2005-02-21,272.88580322265625,542.0,549.7999877929688,530.0,539.0,405137
2005-02-22,271.87884521484375,540.0,544.7000122070312,537.0,540.9000244140625,210325
2005-02-23,270.1670227050781,536.5999755859375,543.4000244140625,535.0,543.4000244140625,99166
2005-02-24,270.4188232421875,537.0999755859375,542.4000244140625,533.0499877929688,538.7000122070312,293838
2005-02-25,261.50714111328125,519.4000244140625,539.7999877929688,517.0,539.7999877929688,289300
2005-02-28,274.16961669921875,544.5499877929688,547.0,520.0,527.0,358054
2005-03-01,276.1836242675781,548.5499877929688,561.5999755859375,517.25,547.0,857629
2005-03-02,277.0647277832031,550.2999877929688,555.0,540.0,550.7999877929688,238779
2005-03-03,283.48406982421875,563.0499877929688,567.0,541.3499755859375,550.0,324332
2005-03-04,282.0491638183594,560.2000122070312,571.8499755859375,560.0,564.0,260205
2005-03-07,283.2071228027344,562.5,570.0,560.0,560.5,123337
2005-03-08,279.25482177734375,554.6500244140625,566.0,550.5,562.0,260760
2005-03-09,278.85205078125,553.8499755859375,564.0,548.0,560.0,270619
2005-03-10,279.6324462890625,555.4000244140625,558.4000244140625,548.0999755859375,554.0,123125
2005-03-11,283.8365173339844,563.75,566.4000244140625,555.0,557.0,194542
2005-03-14,289.4250183105469,574.8499755859375,585.0,557.1500244140625,566.0,550949
2005-03-15,283.9623718261719,564.0,577.0,560.5,575.0,354941
2005-03-16,278.75140380859375,553.6500244140625,616.0,550.0499877929688,585.0,194470
2005-03-17,271.7781982421875,539.7999877929688,554.0,536.0,554.0,151345
2005-03-18,271.42572021484375,539.0999755859375,542.0,531.1500244140625,540.0,232381
2005-03-21,269.7893981933594,535.8499755859375,547.0,533.0499877929688,542.0,133609
2005-03-22,267.1965026855469,530.7000122070312,534.7999877929688,528.1500244140625,533.0,127516
2005-03-23,274.6982421875,545.5999755859375,556.5999755859375,528.0,528.0,292749
2005-03-24,274.0689697265625,544.3499755859375,554.0,533.9000244140625,554.0,108267
2005-03-28,272.2312927246094,540.7000122070312,548.0,538.0499877929688,540.9500122070312,95719
2005-03-29,261.3309020996094,519.0499877929688,545.0,507.0,545.0,226315
2005-03-30,274.0186462402344,544.25,550.0,513.0,525.0,312981
2005-03-31,275.9066162109375,548.0,564.0,533.0,544.0499877929688,541730
2005-04-01,274.14453125,544.5,559.9000244140625,542.0499877929688,559.9000244140625,343571
2005-04-04,270.1670227050781,536.5999755859375,553.9000244140625,534.0499877929688,553.9000244140625,217787
2005-04-05,271.7278137207031,539.7000122070312,550.0,529.9000244140625,540.0,165301
2005-04-06,269.512451171875,535.2999877929688,549.0,532.0,545.0,124279
2005-04-07,272.5082702636719,541.25,547.7999877929688,535.0,535.0,109166
2005-04-08,268.63140869140625,533.5499877929688,544.7999877929688,531.25,536.0,86746
2005-04-11,265.0063781738281,526.3499755859375,536.0,471.0,531.25,98524
2005-04-12,264.6539611816406,525.6500244140625,531.9000244140625,524.75,529.75,238079
2005-04-13,258.6121826171875,513.6500244140625,527.0,512.25,525.0,340612
2005-04-15,260.5505676269531,517.5,524.7999877929688,502.0,512.4500122070312,279567
2005-04-18,252.2935028076172,501.1000061035156,512.9000244140625,499.1000061035156,504.0,189969
2005-04-19,244.9175262451172,486.45001220703125,509.79998779296875,481.95001220703125,504.0,280924
2005-04-20,259.3421936035156,515.0999755859375,521.0,488.6000061035156,488.6000061035156,612452
2005-04-21,259.6191101074219,515.6500244140625,519.0,505.29998779296875,512.0,190604
2005-04-22,255.01229858398438,506.5,519.0,504.0,514.5,189867
2005-04-25,255.5157928466797,507.5,510.0,503.1499938964844,506.0,115218
2005-04-26,254.030517578125,504.54998779296875,512.0,503.1000061035156,507.0,133999
2005-04-27,252.6459503173828,501.79998779296875,509.8999938964844,500.0,506.0,161463
2005-04-28,262.3127136230469,521.0,526.0,501.1000061035156,502.0,438902
2005-04-29,253.577392578125,503.6499938964844,516.0,501.1000061035156,516.0,138846
2005-05-02,259.3926086425781,515.2000122070312,521.0,499.1000061035156,499.79998779296875,266662
2005-05-03,258.4359130859375,513.2999877929688,520.9500122070312,510.04998779296875,518.8499755859375,164483
2005-05-04,266.2398986816406,528.7999877929688,535.0,510.1000061035156,510.1000061035156,208114
2005-05-05,271.5767517089844,539.4000244140625,542.0,528.0,531.5999755859375,254770
2005-05-06,272.15576171875,540.5499877929688,543.0,530.0,540.5,196284
2005-05-09,277.1654052734375,550.5,553.7999877929688,525.3499755859375,525.3499755859375,345801
2005-05-10,275.3529357910156,546.9000244140625,550.0,541.0,548.2999877929688,233180
2005-05-11,277.5177917480469,551.2000122070312,553.0,542.0,544.0,192449
2005-05-12,277.94573974609375,552.0499877929688,558.4000244140625,549.7000122070312,553.9000244140625,265949
2005-05-13,275.07598876953125,546.3499755859375,550.9000244140625,543.5,550.0,143841
2005-05-16,277.94573974609375,552.0499877929688,554.7999877929688,542.1500244140625,552.0,113677
2005-05-17,276.9639587402344,550.0999755859375,559.9000244140625,546.25,555.0,141847
2005-05-18,280.3121032714844,556.75,559.0,545.0,547.5,174149
2005-05-19,282.27569580078125,560.6500244140625,564.9000244140625,555.0,555.0,245381
2005-05-20,285.95111083984375,567.9500122070312,569.9500122070312,558.0,560.6500244140625,190881
2005-05-23,287.5371398925781,571.0999755859375,574.4500122070312,567.0,567.8499755859375,222802
2005-05-24,286.22802734375,568.5,575.0,560.0,569.0,304650
2005-05-25,291.38861083984375,578.75,580.0,561.0999755859375,569.7000122070312,242342
2005-05-26,299.26812744140625,594.4000244140625,600.0,573.0,573.0,1166436
2005-05-27,291.9927978515625,579.9500122070312,590.0,565.2000122070312,590.0,279864
2005-05-30,286.6559143066406,569.3499755859375,581.7000122070312,565.25,580.5,174709
2005-05-31,278.37371826171875,552.9000244140625,569.0,550.0999755859375,569.0,131519
2005-06-01,281.9483947753906,560.0,563.7000122070312,555.0,555.0,397282
2005-06-02,280.89117431640625,557.9000244140625,563.0,553.25,563.0,209594
2005-06-03,280.8659362792969,557.8499755859375,562.0,553.4000244140625,560.0,112854
2005-06-06,278.07159423828125,552.2999877929688,564.0,551.0,558.0,125315
2005-06-07,279.55694580078125,555.25,558.7999877929688,545.5499877929688,553.0,152073
2005-06-08,280.5889892578125,557.2999877929688,564.0,555.0,557.5,128930
2005-06-09,279.7331237792969,555.5999755859375,562.4500122070312,555.0,555.0,83024
2005-06-10,277.8199157714844,551.7999877929688,560.25,550.5,555.0,103170
2005-06-13,274.6982421875,545.5999755859375,556.9000244140625,542.6500244140625,553.25,167275
2005-06-14,272.0550537109375,540.3499755859375,548.0,536.0,547.0,128244
2005-06-15,276.6116027832031,549.4000244140625,550.0,536.1500244140625,541.0,74875
2005-06-16,277.3164367675781,550.7999877929688,553.5,544.0999755859375,550.0,177967
2005-06-17,277.44219970703125,551.0499877929688,554.75,543.75,550.0,174601
2005-06-20,275.982177734375,548.1500244140625,552.0,542.0,552.0,120744
2005-06-21,276.9891662597656,550.1500244140625,557.0,544.0,557.0,311936
2005-06-22,279.3806457519531,554.9000244140625,561.5,548.2000122070312,551.2000122070312,374997
2005-06-23,292.4208068847656,580.7999877929688,584.0,555.0,555.0,1259346
2005-06-24,303.0694274902344,601.9500122070312,608.0,562.25,577.7999877929688,1594253
2005-06-27,294.4598693847656,584.8499755859375,601.0,581.0999755859375,601.0,437543
2005-06-28,290.3564758300781,576.7000122070312,592.7999877929688,574.5,584.0,235287
2005-06-29,290.43194580078125,576.8499755859375,587.0,572.0,577.3499755859375,440910
2005-06-30,293.2767028808594,582.5,600.0,566.25,578.0,1020269
2005-07-01,293.6794128417969,583.2999877929688,595.0,579.0,590.0,181414
2005-07-04,293.9059753417969,583.75,590.9000244140625,581.1500244140625,588.0,94115
2005-07-05,291.4390563964844,578.8499755859375,586.0,571.0,581.1500244140625,144055
2005-07-06,290.38177490234375,576.75,584.0,569.0,580.0,280814
2005-07-07,292.64739990234375,581.25,591.7999877929688,570.0,576.75,210003
2005-07-08,295.34100341796875,586.5999755859375,589.3499755859375,581.0,586.7999877929688,226330
2005-07-11,298.46258544921875,592.7999877929688,607.0,585.0,589.0,478646
2005-07-12,306.065185546875,607.9000244140625,610.0,590.25,592.7999877929688,225623
2005-07-13,318.2996826171875,632.2000122070312,640.0,607.1500244140625,613.0,471391
2005-07-14,312.4340515136719,620.5499877929688,635.0,618.0,630.0,355111
2005-07-15,316.3864440917969,628.4000244140625,635.0,612.1500244140625,624.0,171979
2005-07-18,329.42645263671875,654.2999877929688,657.5,630.0499877929688,635.0,547580
2005-07-19,321.39605712890625,638.3499755859375,655.0999755859375,629.0,655.0999755859375,815909
2005-07-20,319.6549072265625,615.0,629.0,609.0,629.0,605062
2005-07-21,315.65264892578125,607.2999877929688,620.0,600.0,615.5,287294
2005-07-22,320.4864196777344,616.5999755859375,619.9500122070312,595.0,600.0,134727
2005-07-25,314.7690734863281,605.5999755859375,618.0,605.0,618.0,191321
2005-07-26,317.030029296875,609.9500122070312,611.8499755859375,553.0,553.0,395065
2005-07-27,317.0040283203125,609.9000244140625,611.25,595.0,595.0,130700
2005-07-28,317.0040283203125,609.9000244140625,609.9000244140625,609.9000244140625,609.9000244140625,0
2005-07-29,323.65704345703125,622.7000122070312,634.0,600.2000122070312,600.2000122070312,734951
2005-08-01,328.8286437988281,632.6500244140625,636.0,616.0,624.0,147444
2005-08-02,328.20501708984375,631.4500122070312,645.0,628.0999755859375,645.0,88866
2005-08-03,325.8661193847656,626.9500122070312,638.0,622.5,632.0,142253
2005-08-04,327.78912353515625,630.6500244140625,632.7000122070312,620.0,629.9000244140625,125450
2005-08-05,319.6549072265625,615.0,632.6500244140625,613.5999755859375,632.6500244140625,185917
2005-08-08,315.2628173828125,606.5499877929688,620.0,602.1500244140625,615.0,127664
2005-08-09,316.3543701171875,608.6500244140625,620.0,600.0,608.0,91948
2005-08-10,325.4761657714844,626.2000122070312,630.0,611.0,615.0,303663
2005-08-11,339.9255676269531,654.0,670.0,620.25,627.0,251341
2005-08-12,360.248291015625,693.0999755859375,702.0,640.1500244140625,654.0,480634
2005-08-16,353.3095703125,679.75,695.0,672.0,691.0,198723
2005-08-17,352.6080017089844,678.4000244140625,680.0,665.1500244140625,678.0,158128
2005-08-18,354.0632019042969,681.2000122070312,685.9000244140625,669.0999755859375,679.0,164828
2005-08-19,352.9456787109375,679.0499877929688,688.7000122070312,675.0,685.9000244140625,110392
2005-08-22,355.36260986328125,683.7000122070312,699.9500122070312,671.1500244140625,685.0,84327
2005-08-23,354.1931457519531,681.4500122070312,697.0,675.0,685.0,194151
2005-08-24,337.7945861816406,649.9000244140625,680.0,648.0999755859375,675.0,171538
2005-08-25,337.9505615234375,650.2000122070312,659.9500122070312,645.0499877929688,653.0,275598
2005-08-26,338.9120178222656,652.0499877929688,671.6500244140625,649.0499877929688,651.0,362682
2005-08-29,334.49420166015625,643.5499877929688,668.7000122070312,635.0,668.7000122070312,225667
2005-08-30,333.2726135253906,641.2000122070312,645.9000244140625,630.25,640.0,164846
2005-08-31,335.9754638671875,646.4000244140625,653.9000244140625,641.0,642.0,185066
2005-09-01,346.1887512207031,666.0499877929688,668.0,652.9000244140625,657.7999877929688,239488
2005-09-02,355.77850341796875,684.5,702.5,655.1500244140625,670.0,914800
2005-09-05,361.2359313964844,695.0,699.0,626.6500244140625,684.5,377853
2005-09-06,365.6278991699219,703.4500122070312,709.9500122070312,681.0,694.0,190770
2005-09-08,364.4844665527344,701.25,710.6500244140625,698.0,704.0,342479
2005-09-09,360.5082702636719,693.5999755859375,706.0,687.2999877929688,702.0,343205
2005-09-12,362.9252014160156,698.25,706.9000244140625,687.2000122070312,698.7999877929688,172383
2005-09-13,359.4687194824219,691.5999755859375,699.4000244140625,688.5,699.4000244140625,193990
2005-09-14,356.8698425292969,686.5999755859375,697.0,683.5,693.0,306418
2005-09-15,356.14239501953125,685.2000122070312,692.0,681.4000244140625,687.0,294806
2005-09-16,355.9862976074219,684.9000244140625,689.9000244140625,680.1500244140625,689.9000244140625,170225
2005-09-19,362.3794860839844,697.2000122070312,699.7000122070312,678.0499877929688,684.9000244140625,436826
2005-09-20,366.0178527832031,704.2000122070312,712.9000244140625,699.0,699.7000122070312,221721
2005-09-21,368.2007751464844,708.4000244140625,723.8499755859375,687.0999755859375,705.0,444540
2005-09-22,359.650634765625,691.9500122070312,712.0,690.0,705.0,240393
2005-09-23,363.6268310546875,699.5999755859375,704.9000244140625,687.0,692.0,220357
2005-09-26,370.799560546875,713.4000244140625,716.5,700.0,704.0,235808
2005-09-27,371.7872009277344,715.2999877929688,720.5999755859375,708.0,716.0,206123
2005-09-28,377.8424377441406,726.9500122070312,729.9500122070312,710.0,715.0,298994
2005-09-29,386.730224609375,744.0499877929688,754.8499755859375,730.0,730.0499877929688,953631
2005-09-30,385.3009948730469,741.2999877929688,748.0,731.7000122070312,745.0,343741
2005-10-03,389.06939697265625,748.5499877929688,758.8499755859375,745.0,750.0,202051
2005-10-04,396.78778076171875,763.4000244140625,770.0,745.1500244140625,750.0,549426
2005-10-05,393.3833312988281,756.8499755859375,769.0,751.5,760.0,365608
2005-10-06,386.574462890625,743.75,758.5999755859375,737.0999755859375,758.5999755859375,217423
2005-10-07,379.9735107421875,731.0499877929688,745.0,727.0999755859375,744.5,236290
2005-10-10,386.3925476074219,743.4000244140625,749.4000244140625,731.2000122070312,733.0,131781
2005-10-11,379.1158752441406,729.4000244140625,745.75,722.0999755859375,745.75,645173
2005-10-13,365.52398681640625,703.25,738.0,682.2000122070312,729.9000244140625,416711
2005-10-14,358.6111755371094,689.9500122070312,710.3499755859375,670.0,705.0,470910
2005-10-17,361.7557678222656,696.0,714.9000244140625,683.0,683.0,358275
2005-10-18,372.38494873046875,716.4500122070312,722.1500244140625,698.0499877929688,700.0,1152176
2005-10-19,357.9095153808594,688.5999755859375,706.7000122070312,681.0,701.0,511099
2005-10-20,363.0032043457031,698.4000244140625,705.0,691.25,694.0,346662
2005-10-21,386.236572265625,743.0999755859375,753.5,656.5499877929688,691.25,425142
2005-10-24,377.7903137207031,726.8499755859375,772.7999877929688,721.3499755859375,753.5,285305
2005-10-25,371.9430236816406,715.5999755859375,732.0,710.0,725.0,220515
2005-10-26,366.6155700683594,705.3499755859375,722.5999755859375,696.25,719.0,257096
2005-10-27,374.7757568359375,721.0499877929688,840.0,696.1500244140625,711.0,662914
2005-10-28,361.9117126464844,696.2999877929688,719.7999877929688,693.2000122070312,717.0,227742
2005-10-31,367.94097900390625,707.9000244140625,712.4000244140625,690.0,695.9000244140625,330881
2005-11-02,371.9951477050781,715.7000122070312,727.9000244140625,703.0499877929688,709.0,446288
2005-11-04,371.9951477050781,715.7000122070312,715.7000122070312,715.7000122070312,715.7000122070312,0
2005-11-07,389.3292236328125,749.0499877929688,754.9000244140625,711.1500244140625,712.4000244140625,305157
2005-11-08,409.9378356933594,788.7000122070312,794.7999877929688,732.0,750.0,546699
2005-11-09,404.63623046875,778.5,799.3499755859375,775.0,787.0,398816
2005-11-10,403.9865417480469,777.25,789.9000244140625,758.0,775.0,165970
2005-11-11,419.03363037109375,806.2000122070312,811.0,781.0,781.0,393150
2005-11-14,408.7424011230469,786.4000244140625,817.0,780.0499877929688,809.0,357471
2005-11-16,411.70501708984375,792.0999755859375,799.0,786.0,799.0,211090
2005-11-17,419.2676086425781,806.6500244140625,817.7999877929688,788.1500244140625,794.9000244140625,440971
2005-11-18,424.5950927734375,816.9000244140625,825.8499755859375,806.0,806.0,336076
2005-11-21,435.90008544921875,838.6500244140625,844.7000122070312,814.0499877929688,819.8499755859375,680614
2005-11-22,434.3407897949219,835.6500244140625,843.0,818.3499755859375,837.0,402163
2005-11-23,438.3688659667969,843.4000244140625,853.5,830.0,836.0,535528
2005-11-24,437.04351806640625,840.8499755859375,854.75,833.5,844.9000244140625,381692
2005-11-25,441.43548583984375,849.2999877929688,851.0,840.25,842.0,190433
2005-11-28,446.9710998535156,859.9500122070312,871.0,855.1500244140625,861.2999877929688,369971
2005-11-29,442.6568908691406,851.6500244140625,866.9000244140625,842.1500244140625,864.2999877929688,248124
2005-11-30,433.353271484375,833.75,855.0,830.1500244140625,854.0,450024
2005-12-01,427.557861328125,822.5999755859375,835.0,816.0,835.0,392338
2005-12-02,428.07757568359375,823.5999755859375,837.0,821.0,825.0,431820
2005-12-05,414.6936340332031,797.8499755859375,828.4000244140625,793.1500244140625,823.0,312804
2005-12-06,419.1376953125,806.4000244140625,819.0,794.5,798.0,422656
2005-12-07,428.51947021484375,824.4500122070312,828.5,809.0,813.7000122070312,497978
2005-12-08,428.8312072753906,825.0499877929688,833.0,815.2000122070312,825.5,337454
2005-12-09,444.91802978515625,856.0,858.9000244140625,823.0499877929688,828.0,497427
2005-12-12,442.9427795410156,852.2000122070312,868.7999877929688,842.0,858.9000244140625,273110
2005-12-13,443.20263671875,852.7000122070312,859.0,848.0499877929688,859.0,255413
2005-12-14,445.98345947265625,858.0499877929688,882.0,851.1500244140625,856.0,450851
2005-12-15,434.4447326660156,835.8499755859375,864.9000244140625,825.25,864.0,207409
2005-12-16,440.21417236328125,846.9500122070312,864.7999877929688,841.3499755859375,864.7999877929688,250158
2005-12-19,444.52801513671875,855.25,858.9000244140625,847.0,847.0,241103
2005-12-20,436.6795654296875,840.1500244140625,859.7999877929688,840.0,858.9000244140625,139102
2005-12-21,454.611572265625,874.6500244140625,879.0,841.0,841.0,360998
2005-12-22,452.2726135253906,870.1500244140625,879.7999877929688,866.2999877929688,879.7999877929688,379762
2005-12-23,443.5144958496094,853.2999877929688,875.0,849.0,874.0,163163
2005-12-26,441.6954345703125,849.7999877929688,856.0,841.25,851.0,58070
2005-12-27,448.2964172363281,862.5,892.2999877929688,845.0,854.0,127146
2005-12-28,442.6051025390625,851.5499877929688,868.0,845.0,845.0,100258
2005-12-29,439.4343566894531,845.4500122070312,862.5,832.25,862.5,231067
2005-12-30,446.581298828125,859.2000122070312,877.75,838.0,845.0,162914
2006-01-02,439.7721862792969,846.0999755859375,865.0,841.0,865.0,139006
2006-01-03,447.64666748046875,861.25,866.9000244140625,847.0,849.0,351510
2006-01-04,445.2557373046875,856.6500244140625,864.9500122070312,851.0,864.9500122070312,275706
2006-01-05,451.1290283203125,867.9500122070312,872.8499755859375,855.0499877929688,857.8499755859375,286159
2006-01-06,455.9629211425781,877.25,882.0,866.0,867.7999877929688,600970
2006-01-09,453.8578796386719,873.2000122070312,888.2000122070312,865.2999877929688,878.0,283808
2006-01-10,439.876220703125,846.2999877929688,875.0,844.0499877929688,861.0999755859375,400418
2006-01-12,437.9792785644531,842.6500244140625,856.7999877929688,839.0499877929688,846.2999877929688,509567
2006-01-13,435.9519958496094,838.75,855.5,832.5,855.5,214849
2006-01-16,437.12158203125,841.0,846.0,832.5999755859375,835.0,146905
2006-01-17,433.6390075683594,834.2999877929688,847.6500244140625,831.1500244140625,840.1500244140625,153243
2006-01-18,432.57354736328125,832.25,839.9500122070312,820.1500244140625,831.1500244140625,239472
2006-01-19,437.4593200683594,841.6500244140625,854.5,834.0,839.9500122070312,344766
2006-01-20,440.83782958984375,848.1500244140625,851.9000244140625,841.0,843.0,169592
2006-01-23,434.3927001953125,835.75,850.0,828.0,846.0,242551
2006-01-24,435.64013671875,838.1500244140625,845.8499755859375,835.0999755859375,839.0,262796
2006-01-25,448.16644287109375,862.25,867.3499755859375,838.0499877929688,842.0,618781
2006-01-27,455.7548828125,876.8499755859375,880.0,864.0,864.0,396261
2006-01-30,442.2412109375,850.8499755859375,887.7999877929688,844.0999755859375,878.0,388398
2006-01-31,445.54180908203125,857.2000122070312,867.7999877929688,854.0999755859375,857.0,210587
2006-02-01,449.46588134765625,864.75,878.9000244140625,857.0,860.0499877929688,529120
2006-02-02,446.581298828125,859.2000122070312,873.0,855.5,867.7999877929688,203620
2006-02-03,441.43548583984375,849.2999877929688,857.5,836.5999755859375,853.0999755859375,164081
2006-02-06,452.5065002441406,870.5999755859375,875.0,845.0999755859375,849.9000244140625,323594
2006-02-07,454.3517761230469,874.1500244140625,880.5,850.5,878.5,546933
2006-02-08,460.0170593261719,885.0499877929688,895.0,860.0,875.0,453939
2006-02-10,479.5861511230469,922.7000122070312,927.2999877929688,891.0,894.9000244140625,557359
2006-02-13,471.2960510253906,906.75,940.0,901.5,923.7999877929688,202888
2006-02-14,469.73675537109375,903.75,928.7999877929688,893.0,916.7000122070312,648357
2006-02-15,464.1492614746094,893.0,914.0,885.7999877929688,904.9000244140625,205704
2006-02-16,478.8325500488281,921.25,927.2000122070312,894.5,898.0,323262
2006-02-17,462.1220397949219,889.0999755859375,937.7999877929688,884.0,926.0,454929
2006-02-20,460.1990051269531,885.4000244140625,906.7999877929688,868.0,906.7999877929688,175232
2006-02-21,466.2283630371094,897.0,905.2999877929688,888.0999755859375,888.0999755859375,203143
2006-02-22,466.3843078613281,897.2999877929688,907.0,891.0,904.4000244140625,119137
2006-02-23,474.9602966308594,913.7999877929688,921.7999877929688,890.0499877929688,898.5,512153
2006-02-24,462.30413818359375,889.4500122070312,914.7999877929688,885.0999755859375,914.7999877929688,187208
2006-02-27,461.47247314453125,887.8499755859375,903.0,880.25,893.0,174037
2006-02-28,462.2260437011719,889.2999877929688,899.0,866.1500244140625,894.9000244140625,277852
2006-03-01,465.9164733886719,896.4000244140625,908.7000122070312,887.0,889.5,617074
2006-03-02,467.9175720214844,900.25,915.0,895.0,900.0,556409
2006-03-03,457.21044921875,879.6500244140625,911.0,872.0,907.6500244140625,569740
2006-03-06,459.6272277832031,884.2999877929688,893.0,881.0,888.4500122070312,220916
2006-03-07,461.47247314453125,887.8499755859375,892.0,875.25,889.9000244140625,275860
2006-03-08,468.307373046875,901.0,918.0,880.0,889.8499755859375,961205
2006-03-09,457.7041015625,880.5999755859375,912.0,864.2999877929688,901.0,558839
2006-03-10,469.68475341796875,903.6500244140625,908.0,875.0,884.0,472695
2006-03-13,464.9548645019531,894.5499877929688,912.4500122070312,888.2000122070312,909.0,184344
2006-03-14,458.6657409667969,882.4500122070312,900.0,819.0999755859375,857.5999755859375,151679
2006-03-16,462.8498840332031,890.5,914.7999877929688,884.0,902.0,218289
2006-03-17,466.69598388671875,897.9000244140625,902.0,886.0499877929688,886.2000122070312,245716
2006-03-20,473.14105224609375,910.2999877929688,912.7999877929688,898.0499877929688,906.0,173496
2006-03-21,474.9602966308594,913.7999877929688,939.7999877929688,910.0,910.2999877929688,521467
2006-03-22,465.21466064453125,895.0499877929688,919.7999877929688,885.5,914.0,251064
2006-03-23,461.29052734375,887.5,904.7999877929688,885.0,894.4000244140625,119676
2006-03-24,462.27825927734375,889.4000244140625,899.8499755859375,870.25,885.0,153706
2006-03-27,461.1867370605469,887.2999877929688,910.0,880.5,894.75,243385
2006-03-28,460.2768249511719,885.5499877929688,902.9500122070312,881.0,895.0,194211
2006-03-29,457.4183349609375,880.0499877929688,899.8499755859375,874.1500244140625,887.0,425399
2006-03-30,464.2272033691406,893.1500244140625,909.0,882.2000122070312,894.0,252191
2006-03-31,462.8238220214844,890.4500122070312,909.0,885.4000244140625,895.0499877929688,536100
2006-04-03,465.8384094238281,896.25,906.0,889.0,905.0,650287
2006-04-04,465.3187255859375,895.25,905.25,890.5999755859375,905.0,375060
2006-04-05,467.8916320800781,900.2000122070312,915.9000244140625,896.0,905.0,633584
2006-04-07,454.6894226074219,874.7999877929688,909.9000244140625,862.5499877929688,909.8499755859375,715478
2006-04-10,451.98675537109375,869.5999755859375,888.9000244140625,863.25,872.0,463435
2006-04-12,431.0141906738281,829.25,862.2000122070312,825.0,862.2000122070312,941375
2006-04-13,428.59735107421875,824.5999755859375,856.7000122070312,812.0,829.0,383546
2006-04-17,441.09765625,848.6500244140625,860.0,832.0,849.4000244140625,380679
2006-04-18,456.7685852050781,878.7999877929688,886.7999877929688,849.7999877929688,849.7999877929688,1219421
2006-04-19,452.6625671386719,870.9000244140625,885.0999755859375,861.0,885.0,400984
2006-04-20,445.4117126464844,856.9500122070312,884.4000244140625,852.2000122070312,879.9500122070312,755738
2006-04-21,444.398193359375,855.0,865.0999755859375,845.0,865.0999755859375,907652
2006-04-24,441.6434326171875,849.7000122070312,859.8499755859375,840.5999755859375,859.7000122070312,140689
2006-04-25,429.3249816894531,826.0,854.0,821.0,854.0,191209
2006-04-26,440.2660827636719,847.0499877929688,850.0,826.0,840.0,418520
2006-04-27,428.8312072753906,825.0499877929688,865.0,812.2000122070312,850.0,790890
2006-04-28,438.8367004394531,844.2999877929688,855.0,792.0999755859375,826.0,265320
2006-05-02,431.7679138183594,830.7000122070312,860.0,827.5,849.0,435033
2006-05-03,439.4084777832031,845.4000244140625,847.5,838.0,840.25,210172
2006-05-04,435.84796142578125,838.5499877929688,851.9500122070312,832.1500244140625,847.5,234133
2006-05-05,446.0614929199219,858.2000122070312,860.0,836.0,840.0499877929688,264884
2006-05-08,455.5730285644531,876.5,880.0,858.0,859.0,490083
2006-05-09,457.9120788574219,881.0,886.0,870.0999755859375,880.0,549200
2006-05-10,457.2623596191406,879.75,890.0,872.25,886.0,425471
2006-05-11,452.7663269042969,871.0999755859375,884.7999877929688,865.25,873.0,84254
2006-05-12,456.9765319824219,879.2000122070312,886.0999755859375,847.0,872.0,493552
2006-05-15,443.5406188964844,853.3499755859375,887.0,821.0999755859375,875.0,273665
2006-05-16,441.019775390625,848.5,863.0,829.0,856.0,238748
2006-05-17,463.96734619140625,892.6500244140625,898.4000244140625,855.0,858.7999877929688,357828
2006-05-18,453.7020568847656,872.9000244140625,884.7000122070312,842.0999755859375,884.7000122070312,425050
2006-05-19,427.9736633300781,823.4000244140625,872.0,780.4000244140625,872.0,571255
2006-05-22,422.98406982421875,813.7999877929688,845.0,752.0,825.0,421932
2006-05-23,412.51080322265625,793.6500244140625,820.0,765.0499877929688,813.7999877929688,727275
2006-05-24,401.9075012207031,773.25,815.7999877929688,757.0,815.7999877929688,362490
2006-05-25,412.0168151855469,792.7000122070312,825.0,757.75,757.75,1112281
2006-05-26,429.3770446777344,826.0999755859375,849.0,780.0,780.0,289028
2006-05-29,440.8637390136719,848.2000122070312,863.0,810.0,827.0,335972
2006-05-30,416.7467346191406,801.7999877929688,870.0,779.0,862.0,825202
2006-05-31,400.3222351074219,770.2000122070312,779.0,731.0999755859375,779.0,803889
2006-06-01,374.1781311035156,719.9000244140625,809.7999877929688,700.0,800.0,741788
2006-06-02,396.3979797363281,762.6500244140625,769.9500122070312,703.0499877929688,720.0,527054
2006-06-05,392.60369873046875,755.3499755859375,793.7999877929688,750.0499877929688,769.9500122070312,398009
2006-06-06,393.25347900390625,756.5999755859375,788.7999877929688,710.0,748.0,556156
2006-06-07,384.157470703125,739.0999755859375,771.9000244140625,731.0,748.0,499880
2006-06-08,382.49420166015625,735.9000244140625,757.0,708.0,743.0,706178
2006-06-09,390.7584533691406,751.7999877929688,765.9000244140625,730.0,740.0,439413
2006-06-12,366.5896301269531,705.2999877929688,765.0,695.3499755859375,765.0,434244
2006-06-13,341.3290100097656,656.7000122070312,695.3499755859375,636.0999755859375,695.3499755859375,489600
2006-06-14,334.0262756347656,642.6500244140625,690.5,635.0,658.9000244140625,388621
2006-06-15,364.2245788574219,700.75,709.0,643.25,674.7999877929688,613951
2006-06-16,384.9372863769531,740.5999755859375,763.9500122070312,709.0,709.0,605750
2006-06-19,386.6524353027344,743.9000244140625,747.7999877929688,710.5499877929688,740.5999755859375,260271
2006-06-20,388.6534423828125,747.75,765.0,711.0499877929688,740.0,234219
2006-06-21,393.0196228027344,756.1500244140625,759.7999877929688,725.2000122070312,740.0,260191
2006-06-22,400.1142578125,769.7999877929688,802.0,760.0,760.0,234545
2006-06-23,394.7346496582031,759.4500122070312,779.7999877929688,746.0,760.0,324188
2006-06-26,381.1947937011719,733.4000244140625,779.0,707.25,739.7999877929688,293951
2006-06-27,390.3946838378906,751.0999755859375,762.5,721.5,740.0,198208
2006-06-28,393.357421875,756.7999877929688,764.7999877929688,742.25,752.25,258818
2006-06-29,409.4701232910156,787.7999877929688,797.0,760.0,760.0,823075
2006-06-30,412.51080322265625,793.6500244140625,809.7999877929688,768.0999755859375,798.0,382628
2006-07-03,411.081298828125,790.9000244140625,810.2000122070312,780.3499755859375,808.0,336760
2006-07-04,411.8349304199219,792.3499755859375,801.0,785.0,794.0,222169
2006-07-05,411.8349304199219,792.3499755859375,799.9000244140625,780.0,790.0,244976
2006-07-06,403.5447692871094,776.4000244140625,790.0,771.5999755859375,781.0,170910
2006-07-07,388.8613586425781,748.1500244140625,788.0,740.0,774.0,215655
2006-07-10,398.5549621582031,766.7999877929688,774.9000244140625,746.0,746.0,303786
2006-07-11,374.8797912597656,721.25,774.7000122070312,713.0999755859375,770.0,1020913
2006-07-12,378.751953125,728.7000122070312,731.0,700.0,713.0999755859375,680986
2006-07-13,369.630126953125,711.1500244140625,728.7000122070312,706.0,728.7000122070312,640619
2006-07-14,373.06060791015625,717.75,724.9500122070312,695.0,709.9000244140625,963679
2006-07-17,368.9024353027344,709.75,720.0,706.0,715.0,546770
2006-07-18,373.81427001953125,719.2000122070312,725.0,709.0499877929688,710.0499877929688,262158
2006-07-19,371.05950927734375,713.9000244140625,734.0,708.0,725.0,208012
2006-07-20,372.0989990234375,715.9000244140625,725.0,710.25,722.0,327022
2006-07-21,368.8245544433594,709.5999755859375,716.0,705.0,716.0,137759
2006-07-24,370.14996337890625,712.1500244140625,721.0,693.0,700.0999755859375,342701
2006-07-25,370.4358215332031,712.7000122070312,723.0,705.5999755859375,719.0,511203
2006-07-26,365.9139404296875,704.0,714.9000244140625,701.0,714.9000244140625,378611
2006-07-27,359.6766357421875,692.0,717.3499755859375,688.2999877929688,709.7999877929688,1261918
2006-07-28,362.9511413574219,698.2999877929688,705.0,690.0,692.0,647285
2006-07-31,366.9013977050781,705.9000244140625,712.0,698.0499877929688,702.0,323464
2006-08-01,362.1715393066406,696.7999877929688,711.25,689.0,702.0,648847
2006-08-02,362.0934753417969,696.6500244140625,703.9500122070312,690.0,694.5,184004
2006-08-03,364.276611328125,700.8499755859375,705.0,698.0,700.0,224763
2006-08-04,357.6496276855469,688.0999755859375,702.2999877929688,685.0999755859375,702.0,328679
2006-08-07,348.1898498535156,669.9000244140625,689.0,665.2999877929688,689.0,376262
2006-08-08,347.696044921875,668.9500122070312,680.0,664.0,680.0,436905
2006-08-09,352.45196533203125,678.0999755859375,685.0,670.0,670.0,657080
2006-08-10,350.476806640625,674.2999877929688,691.0,670.0999755859375,680.0999755859375,479803
2006-08-11,361.72979736328125,695.9500122070312,699.7000122070312,678.0999755859375,679.7999877929688,853532
2006-08-14,365.2615966796875,682.5499877929688,697.7999877929688,680.2000122070312,697.7999877929688,1213529
2006-08-16,377.35589599609375,705.1500244140625,716.7000122070312,688.0,694.9000244140625,778710
2006-08-17,371.2017517089844,693.6500244140625,713.0,692.0,710.0,751218
2006-08-18,377.91778564453125,706.2000122070312,711.0,681.1500244140625,697.0999755859375,416478
2006-08-21,373.3155517578125,697.5999755859375,704.9500122070312,690.6500244140625,702.0,338884
2006-08-22,377.4630126953125,705.3499755859375,712.75,698.5999755859375,698.5999755859375,553242
2006-08-23,374.6801452636719,700.1500244140625,706.7999877929688,699.0,704.8499755859375,391612
2006-08-24,381.7707824707031,713.4000244140625,719.0,696.0,700.0,1019621
2006-08-25,382.19891357421875,714.2000122070312,731.0,709.9000244140625,719.0,891810
2006-08-28,382.81439208984375,715.3499755859375,724.2000122070312,713.0,715.0,438141
2006-08-29,384.92816162109375,719.2999877929688,723.5,714.0,718.0999755859375,749544
2006-08-30,385.516845703125,720.4000244140625,725.0,712.25,723.0,546792
2006-08-31,385.8379821777344,721.0,724.9000244140625,717.1500244140625,724.9000244140625,914561
2006-09-01,388.567138671875,726.0999755859375,729.0,706.0999755859375,711.5,366525
2006-09-04,386.3196105957031,721.9000244140625,728.9000244140625,715.0,722.0,487717
2006-09-05,386.74761962890625,722.7000122070312,732.5,718.2999877929688,723.0,418828
2006-09-06,385.0887145996094,719.5999755859375,727.5,717.0499877929688,724.0,640955
2006-09-07,380.0851135253906,710.25,715.5,684.5999755859375,712.0,674434
2006-09-08,393.41021728515625,735.1500244140625,738.0,711.1500244140625,711.25,706420
2006-09-11,398.5207824707031,744.7000122070312,756.8499755859375,739.0,739.5,1545565
2006-09-12,412.6217956542969,771.0499877929688,777.0,744.5999755859375,745.0,752754
2006-09-13,417.2775573730469,779.75,789.75,765.0,771.25,876785
2006-09-14,409.6784973144531,765.5499877929688,780.0,756.3499755859375,780.0,680344
2006-09-15,410.5346984863281,767.1500244140625,778.7000122070312,758.0,765.0,416704
2006-09-18,413.0499572753906,771.8499755859375,775.9500122070312,765.0999755859375,765.0999755859375,192091
2006-09-19,410.5882568359375,767.25,772.9500122070312,765.0,771.1500244140625,625591
2006-09-20,413.7991027832031,773.25,778.9000244140625,760.0,769.9000244140625,418649
2006-09-21,411.1501770019531,768.2999877929688,789.0,761.2000122070312,789.0,637786
2006-09-22,409.8123779296875,765.7999877929688,772.0,760.0,769.0,352943
2006-09-25,412.9429931640625,771.6500244140625,778.5,760.0499877929688,760.0499877929688,310103
2006-09-26,421.8262634277344,788.25,791.0,768.25,773.25,431294
2006-09-27,416.6621398925781,778.5999755859375,797.0,774.25,790.0,336664
2006-09-28,422.9500732421875,790.3499755859375,794.0,772.0499877929688,782.0,510339
2006-09-29,414.6821594238281,774.9000244140625,790.0,773.25,785.0999755859375,193327
2006-10-03,413.21044921875,772.1500244140625,789.7999877929688,767.7999877929688,789.0,441442
2006-10-04,402.26678466796875,751.7000122070312,781.7999877929688,749.9000244140625,775.0,614998
2006-10-05,403.2033386230469,753.4500122070312,763.5,750.0,755.0499877929688,561687
2006-10-06,402.6949157714844,752.5,759.7999877929688,749.25,759.7999877929688,447223
2006-10-09,402.77520751953125,752.6500244140625,757.75,750.1500244140625,753.0499877929688,204816
2006-10-10,401.54437255859375,750.3499755859375,759.0,750.0,759.0,165354
2006-10-11,400.4205322265625,748.25,759.0,737.0,754.0,493525
2006-10-12,400.0726318359375,747.5999755859375,752.0,739.0,752.0,593691
2006-10-13,400.9556579589844,749.25,757.0,743.0,748.9000244140625,350152
2006-10-16,400.09954833984375,747.6500244140625,757.0,743.75,757.0,188929
2006-10-17,405.31707763671875,757.4000244140625,762.0,740.0,747.0,366862
2006-10-18,400.8755187988281,749.0999755859375,768.9000244140625,743.5,760.0499877929688,799804
2006-10-19,401.78515625,750.7999877929688,758.0,743.5,758.0,798128
2006-10-20,402.8822021484375,752.8499755859375,760.0,749.5499877929688,758.0,354994
2006-10-23,402.13299560546875,751.4500122070312,758.6500244140625,750.0,758.6500244140625,266130
2006-10-26,395.871826171875,739.75,750.0,703.5999755859375,735.0,1385531
2006-10-27,395.8987121582031,739.7999877929688,749.9000244140625,731.0999755859375,749.9000244140625,436262
2006-10-30,399.1094970703125,745.7999877929688,752.0,730.2999877929688,731.0999755859375,441541
2006-10-31,405.58465576171875,757.9000244140625,761.0,745.25,752.0,751788
2006-11-01,409.4912109375,765.2000122070312,768.75,757.0,757.0,420301
2006-11-02,409.94610595703125,766.0499877929688,770.0,760.3499755859375,770.0,252642
2006-11-03,407.2704162597656,761.0499877929688,768.9000244140625,758.0999755859375,762.0,357522
2006-11-06,407.16339111328125,760.8499755859375,763.9000244140625,756.0,763.9000244140625,433812
2006-11-07,397.3703308105469,742.5499877929688,769.7999877929688,734.2999877929688,769.7999877929688,529352
2006-11-08,381.2891540527344,712.5,742.5499877929688,706.0,742.5499877929688,914944
2006-11-09,383.85784912109375,717.2999877929688,729.7000122070312,712.0,716.9000244140625,610949
2006-11-10,388.27276611328125,725.5499877929688,727.0,716.0,718.0,181793
2006-11-13,382.3594970703125,714.5,727.0,711.0499877929688,727.0,264634
2006-11-14,377.9980163574219,706.3499755859375,723.9000244140625,702.0,719.0,400253
2006-11-15,381.9313659667969,713.7000122070312,725.0,702.0499877929688,702.0499877929688,229833
2006-11-16,379.63031005859375,709.4000244140625,729.9000244140625,702.0499877929688,702.0499877929688,168125
2006-11-17,371.87078857421875,694.9000244140625,717.5,690.0,703.2000122070312,571185
2006-11-20,379.0415954589844,708.2999877929688,721.5,680.0999755859375,690.0,861623
2006-11-21,379.68377685546875,709.5,718.7999877929688,702.3499755859375,702.5,649414
2006-11-22,390.7345275878906,730.1500244140625,739.0,709.3499755859375,710.0,579275
2006-11-23,400.6880798339844,748.75,758.0,725.0,732.0,340766
2006-11-24,395.9253234863281,739.8499755859375,749.9500122070312,736.0,748.0,501575
2006-11-27,394.1593322753906,736.5499877929688,743.0,724.6500244140625,738.0999755859375,650391
2006-11-28,396.808349609375,741.5,746.2000122070312,730.0,738.0499877929688,578932
2006-11-29,398.33349609375,744.3499755859375,749.0,739.0,745.0,305647
2006-11-30,397.209716796875,742.25,756.0,726.3499755859375,742.0,208526
2006-12-01,412.6753845214844,771.1500244140625,795.0,730.0,740.0,567205
2006-12-04,409.3841247558594,765.0,784.4500122070312,754.0499877929688,784.4500122070312,485500
2006-12-05,411.3375549316406,768.6500244140625,773.8499755859375,759.0,764.9000244140625,283049
2006-12-06,410.8558349609375,767.75,771.0,759.0999755859375,770.0,296404
2006-12-07,401.5978698730469,750.4500122070312,770.0,746.0,770.0,241614
2006-12-08,398.8686218261719,745.3499755859375,753.0,740.0,750.0,173135
2006-12-11,395.3634948730469,738.7999877929688,748.7000122070312,724.0,748.0,361129
2006-12-12,387.9249572753906,724.9000244140625,739.75,715.0,732.0,419416
2006-12-13,384.5535888671875,718.5999755859375,725.5,705.25,725.0,1014090
2006-12-14,381.128662109375,712.2000122070312,720.0,709.0,720.0,538246
2006-12-15,394.4001770019531,737.0,742.0,720.0,722.5,450119
2006-12-18,401.70489501953125,750.6500244140625,756.9000244140625,730.0499877929688,730.1500244140625,406720
2006-12-19,403.4708251953125,753.9500122070312,759.5,737.0,742.0,211511
2006-12-20,388.1121826171875,725.25,765.0,720.5499877929688,758.0,517760
2006-12-21,390.52044677734375,729.75,739.5,715.0,725.25,206540
2006-12-22,401.4908142089844,750.25,761.0,725.0999755859375,730.0,160813
2006-12-26,400.47406005859375,748.3499755859375,756.0,737.0,750.0,274056
2006-12-27,399.40374755859375,746.3499755859375,754.9000244140625,736.25,754.9000244140625,279344
2006-12-28,406.8423156738281,760.25,763.0999755859375,745.25,748.0,542983
2006-12-29,408.6884765625,763.7000122070312,774.5,759.0,763.0,234060
2007-01-02,420.3279113769531,785.4500122070312,807.2000122070312,752.0499877929688,765.0,486923
2007-01-03,416.50164794921875,778.2999877929688,795.0,766.3499755859375,786.0,633713
2007-01-04,404.2469482421875,755.4000244140625,779.9000244140625,752.25,779.9000244140625,250497
2007-01-05,401.330322265625,749.9500122070312,760.9000244140625,747.2000122070312,755.0,910475
2007-01-08,392.6342468261719,733.7000122070312,752.0,731.0999755859375,750.5999755859375,257308
2007-01-09,390.8146667480469,730.2999877929688,739.9000244140625,728.0,736.0,330129
2007-01-10,390.70770263671875,730.0999755859375,743.0,725.0,738.0,343318
2007-01-11,392.28643798828125,733.0499877929688,740.0,721.0,740.0,555307
2007-01-12,397.6913146972656,743.1500244140625,747.7999877929688,737.0999755859375,741.0,280872
2007-01-15,392.8482971191406,734.0999755859375,750.0,732.0,747.0,305765
2007-01-16,388.8080139160156,726.5499877929688,739.9000244140625,724.5,736.0,372430
2007-01-17,390.038818359375,728.8499755859375,739.7000122070312,725.0,732.7999877929688,215968
2007-01-18,390.8146667480469,730.2999877929688,735.9000244140625,727.1500244140625,735.7999877929688,162986
2007-01-19,390.5739440917969,729.8499755859375,738.4000244140625,725.0499877929688,731.0,424013
2007-01-22,387.6306457519531,724.3499755859375,734.7999877929688,720.0999755859375,734.7999877929688,119743
2007-01-23,383.75079345703125,717.0999755859375,726.0,715.0,725.0,609502
2007-01-24,384.9013977050781,719.25,722.5,715.0,718.0,227568
2007-01-25,383.697265625,717.0,721.5,714.0499877929688,717.0,584368
2007-01-29,383.1889953613281,716.0499877929688,720.0,715.0,718.0,241008
2007-01-31,383.32269287109375,716.2999877929688,728.0,703.0,716.0,958492
2007-02-01,388.35302734375,725.7000122070312,728.9500122070312,709.1500244140625,710.4000244140625,296607
2007-02-02,383.29595947265625,716.25,734.7999877929688,715.0,731.9500122070312,300393
2007-02-05,391.37652587890625,731.3499755859375,737.7000122070312,710.0499877929688,722.9000244140625,306162
2007-02-06,385.06195068359375,719.5499877929688,735.0,717.0,732.0,168054
2007-02-07,395.44378662109375,738.9500122070312,744.2999877929688,715.0,728.0,562069
2007-02-08,389.6642761230469,728.1500244140625,737.0,726.0,731.5999755859375,232097
2007-02-09,388.567138671875,726.0999755859375,733.0,722.0,729.5,385903
2007-02-12,392.3934326171875,733.25,736.5,716.0,726.0999755859375,211560
2007-02-13,385.49005126953125,720.3499755859375,729.0,715.0,725.9500122070312,175550
2007-02-14,380.7807922363281,711.5499877929688,719.7999877929688,703.0,716.2999877929688,336224
2007-02-15,398.948974609375,745.5,754.0,706.0,725.0,225338
2007-02-19,383.83111572265625,717.25,753.7000122070312,715.0,740.0,299267
2007-02-20,384.4732971191406,718.4500122070312,730.0,715.0499877929688,730.0,107731
2007-02-21,396.2464904785156,740.4500122070312,748.2000122070312,715.0499877929688,724.0,309537
2007-02-22,382.8946533203125,715.5,742.7999877929688,684.9500122070312,700.0,397339
2007-02-23,377.9713134765625,706.2999877929688,714.7999877929688,702.5,714.7000122070312,321995
2007-02-26,374.0380859375,698.9500122070312,709.9500122070312,693.0,702.0,361896
2007-02-27,367.75006103515625,687.2000122070312,704.0,675.0,695.0499877929688,378715
2007-02-28,362.6929016113281,677.75,699.0,636.0,669.9500122070312,421589
2007-03-01,357.609130859375,668.25,671.0,650.0,658.2999877929688,143635
2007-03-02,370.7201843261719,692.75,705.0,662.0999755859375,662.0999755859375,316637
2007-03-05,366.5460205078125,684.9500122070312,703.5,611.0,681.0999755859375,588890
2007-03-06,357.04730224609375,667.2000122070312,697.0,660.25,686.0,537950
2007-03-07,356.8064880371094,666.75,677.9500122070312,661.1500244140625,675.0,310219
2007-03-08,357.66253662109375,668.3499755859375,674.7999877929688,656.0,660.0499877929688,251507
2007-03-09,369.9977722167969,691.4000244140625,701.4000244140625,665.0,670.0,267284
2007-03-12,373.9578552246094,698.7999877929688,705.0,670.0499877929688,691.0,148475
2007-03-13,373.4493103027344,697.8499755859375,707.5,693.0999755859375,707.5,83881
2007-03-14,362.39874267578125,677.2000122070312,695.0,660.0,684.5,166038
2007-03-15,360.31158447265625,673.2999877929688,686.0,660.0499877929688,680.0,107495
2007-03-16,347.9498291015625,650.2000122070312,685.0,645.0,685.0,145338
2007-03-19,342.6785888671875,640.3499755859375,662.0,637.0,655.0,178356
2007-03-20,340.2170104980469,635.75,652.7999877929688,627.0499877929688,647.0,290273
2007-03-21,348.4314270019531,651.0999755859375,653.0,630.0499877929688,639.9000244140625,357999
2007-03-22,366.7065734863281,685.25,694.5,656.9000244140625,656.9000244140625,238050
2007-03-23,362.74652099609375,677.8499755859375,690.0,670.4000244140625,685.0,253816
2007-03-26,357.1542663574219,667.4000244140625,687.0,655.25,680.0,257631
2007-03-28,352.2309875488281,658.2000122070312,666.0,640.7000122070312,640.7000122070312,163032
2007-03-29,362.0775146484375,676.5999755859375,689.0,652.0999755859375,652.0999755859375,760534
2007-03-30,368.57958984375,688.75,699.5,661.2000122070312,674.7999877929688,524461
2007-04-02,342.2238464355469,639.5,669.2000122070312,632.1500244140625,660.0499877929688,154539
2007-04-03,352.04364013671875,657.8499755859375,664.7999877929688,638.0,640.0499877929688,373429
2007-04-04,342.1167907714844,639.2999877929688,672.0,637.0,672.0,157340
2007-04-05,338.53131103515625,632.5999755859375,647.0,629.9000244140625,640.0,138522
2007-04-09,341.9028015136719,638.9000244140625,645.0,636.0,639.7999877929688,71872
2007-04-10,342.54486083984375,640.0999755859375,645.0,638.0999755859375,642.0,97479
2007-04-11,342.54486083984375,640.0999755859375,646.0,635.0499877929688,638.4000244140625,58745
2007-04-12,336.7653503417969,629.2999877929688,641.0,620.9000244140625,640.0,238021
2007-04-13,346.5316162109375,647.5499877929688,654.0,621.0999755859375,625.0,373386
2007-04-16,348.0032958984375,650.2999877929688,657.5,646.1500244140625,647.0,159082
2007-04-17,347.78924560546875,649.9000244140625,656.9500122070312,647.0,653.5,127379
2007-04-18,349.42138671875,652.9500122070312,661.5,642.0,642.0,396394
2007-04-19,351.6690979003906,657.1500244140625,660.0,625.0,649.0,110784
2007-04-20,347.9766540527344,650.25,662.0,642.0,642.0,168934
2007-04-23,350.83953857421875,655.5999755859375,660.0,638.0,660.0,214997
2007-04-24,356.3782958984375,665.9500122070312,668.5499877929688,650.0,650.0,301200
2007-04-25,371.5228271484375,694.25,700.0,656.0499877929688,661.0,335022
2007-04-26,364.51251220703125,681.1500244140625,699.0,664.0499877929688,697.9000244140625,423455
2007-04-27,357.1542663574219,667.4000244140625,683.0,666.0,683.0,170142
2007-04-30,369.94415283203125,691.2999877929688,699.0,650.0499877929688,669.7000122070312,194985
2007-05-03,376.9009704589844,704.2999877929688,710.0,691.0,695.2000122070312,291016
2007-05-04,374.30572509765625,699.4500122070312,718.0,686.5,704.5,196045
2007-05-07,377.837646484375,706.0499877929688,714.0,690.0,704.4500122070312,162653
2007-05-08,363.73651123046875,679.7000122070312,711.0,668.0,711.0,703357
2007-05-09,374.6801452636719,700.1500244140625,704.9000244140625,670.0,679.0,186008
2007-05-10,378.3191833496094,706.9500122070312,718.0,680.0499877929688,702.0,262691
2007-05-11,377.16851806640625,704.7999877929688,705.0,660.0499877929688,685.5499877929688,422375
2007-05-14,368.2317199707031,688.0999755859375,700.0,684.5,700.0,193798
2007-05-15,373.3155517578125,697.5999755859375,700.0,673.0,693.4500122070312,202668
2007-05-16,362.74652099609375,677.8499755859375,703.0,670.0,699.0,284796
2007-05-17,362.9873352050781,678.2999877929688,688.2000122070312,674.0,686.0,126041
2007-05-18,366.8670654296875,685.5499877929688,690.0,662.7000122070312,685.0,110222
2007-05-21,364.88702392578125,681.8499755859375,694.0,672.0,683.0999755859375,54876
2007-05-22,369.2217712402344,689.9500122070312,693.3499755859375,647.7999877929688,668.0,123080
2007-05-23,369.3554992675781,690.2000122070312,699.9000244140625,679.0,699.9000244140625,207720
2007-05-24,361.14111328125,674.8499755859375,694.9000244140625,671.1500244140625,694.0,96982
2007-05-25,363.4689025878906,679.2000122070312,682.5,648.2000122070312,670.0,187710
2007-05-28,365.1011657714844,682.25,688.0,673.0,673.0,246566
2007-05-29,368.5260314941406,688.6500244140625,692.5,676.0,690.0,73340
2007-05-30,373.1283264160156,697.25,699.9000244140625,680.25,689.0,192060
2007-05-31,391.9385681152344,732.4000244140625,742.7999877929688,675.0,700.0,1082189
2007-06-01,383.5099792480469,716.6500244140625,744.8499755859375,712.5499877929688,744.0,287935
2007-06-04,381.2891540527344,712.5,726.9000244140625,701.25,701.5999755859375,200314
2007-06-05,383.2157287597656,716.0999755859375,719.9000244140625,704.0,714.0,55387
2007-06-06,383.3494567871094,716.3499755859375,720.0,702.5,710.0,184968
2007-06-07,375.24212646484375,701.2000122070312,709.9000244140625,688.0,703.0,154477
2007-06-08,366.35870361328125,684.5999755859375,696.7999877929688,670.0,690.0,238834
2007-06-11,373.8507385253906,698.5999755859375,705.9000244140625,675.2999877929688,698.7999877929688,465804
2007-06-12,377.0080261230469,704.5,710.0,680.0,710.0,237368
2007-06-13,371.76373291015625,694.7000122070312,734.0,690.5,734.0,197153
2007-06-14,365.4757385253906,682.9500122070312,700.0,674.5,700.0,490053
2007-06-15,363.9238586425781,680.0499877929688,693.5,677.1500244140625,693.5,137007
2007-06-18,350.17059326171875,654.3499755859375,687.0,653.0,686.7999877929688,266220
2007-06-19,356.4586486816406,666.0999755859375,669.9000244140625,650.0,659.0,153965
2007-06-20,358.2245178222656,669.4000244140625,678.0,665.0,674.5,91733
2007-06-21,354.8531799316406,663.0999755859375,679.9000244140625,658.0,669.4000244140625,167009
2007-06-22,357.6893615722656,668.4000244140625,672.0,652.0,663.0,126141
2007-06-25,358.7597351074219,670.4000244140625,675.0,660.0499877929688,665.0,78876
2007-06-26,358.6260070800781,670.1500244140625,672.9500122070312,661.0,669.0999755859375,95724
2007-06-27,362.131103515625,676.7000122070312,682.0,665.25,672.1500244140625,158184
2007-06-28,363.2281188964844,678.75,683.9000244140625,674.9500122070312,678.0,284345
2007-06-29,370.639892578125,692.5999755859375,701.0,670.0999755859375,680.0,277118
2007-07-02,370.2117919921875,691.7999877929688,695.9500122070312,670.0,683.0999755859375,298290
2007-07-03,368.8471374511719,689.25,730.0,686.0,690.0999755859375,103368
2007-07-04,366.8135681152344,685.4500122070312,690.0,682.0,690.0,43888
2007-07-05,368.2585754394531,688.1500244140625,690.0,676.0,685.0499877929688,57911
2007-07-06,374.2253112792969,699.2999877929688,701.7000122070312,666.0,666.0,231737
2007-07-09,368.0176086425781,687.7000122070312,704.0,685.0999755859375,700.0,87003
2007-07-10,367.88043212890625,670.4500122070312,677.25,666.0499877929688,677.25,145345
2007-07-11,367.46893310546875,669.7000122070312,679.5,655.0999755859375,671.0,222773
2007-07-12,369.49908447265625,673.4000244140625,680.0,670.0,675.0,177502
2007-07-13,372.4622497558594,678.7999877929688,684.3499755859375,675.0,679.9500122070312,198384
2007-07-16,375.9740295410156,685.2000122070312,690.0,670.2999877929688,682.0,253144
2007-07-17,384.1221008300781,700.0499877929688,710.0,687.0499877929688,689.0,909068
2007-07-18,394.5751037597656,719.0999755859375,726.7000122070312,690.0,702.0,311362
2007-07-19,380.8573913574219,694.0999755859375,718.0999755859375,684.0,718.0999755859375,293109
2007-07-20,375.3702087402344,684.0999755859375,700.0,675.0,698.0,152711
2007-07-23,389.0057373046875,708.9500122070312,709.9500122070312,673.0,678.0,178064
2007-07-24,382.6680908203125,697.4000244140625,705.0,686.0999755859375,704.0,120552
2007-07-25,383.49114990234375,698.9000244140625,705.0,680.0,692.0999755859375,129338
2007-07-26,393.3953552246094,716.9500122070312,720.0,688.0999755859375,698.9000244140625,231769
2007-07-27,375.095947265625,683.5999755859375,695.0,671.5499877929688,693.0,54131
2007-07-30,375.89166259765625,685.0499877929688,691.0,662.0499877929688,673.0,107128
2007-07-31,369.8558349609375,674.0499877929688,704.0,670.0,685.0,72757
2007-08-01,366.67327880859375,668.25,675.0,655.0,670.0,212153
2007-08-02,357.8939514160156,652.25,675.0,624.7999877929688,660.0,354942
2007-08-03,359.64990234375,655.4500122070312,664.0,645.0499877929688,659.8499755859375,194290
2007-08-06,356.3575744628906,649.4500122070312,655.4500122070312,636.0,655.4500122070312,91600
2007-08-07,359.0188293457031,654.2999877929688,659.0,646.2000122070312,651.0,124281
2007-08-08,372.5719299316406,679.0,683.0,640.0499877929688,654.2999877929688,172524
2007-08-09,372.901123046875,679.5999755859375,684.0,675.0,675.0,219978
2007-08-10,360.472900390625,656.9500122070312,675.0,645.0499877929688,665.0,146826
2007-08-13,362.09161376953125,659.9000244140625,679.0,654.3499755859375,679.0,91680
2007-08-14,357.8939514160156,652.25,668.8499755859375,648.5,668.8499755859375,58259
2007-08-16,353.42205810546875,644.0999755859375,655.0,613.0,631.0,346606
2007-08-17,342.2009582519531,623.6500244140625,649.9500122070312,611.9000244140625,649.9500122070312,467625
2007-08-20,352.57159423828125,642.5499877929688,658.0,631.0,658.0,54855
2007-08-21,346.0144958496094,630.5999755859375,664.4000244140625,626.0,642.0,857904
2007-08-22,343.02410888671875,625.1500244140625,656.0,622.0499877929688,656.0,101438
2007-08-23,341.7346496582031,622.7999877929688,639.0,615.0,634.7000122070312,220943
2007-08-24,350.7334289550781,639.2000122070312,640.0,610.0,631.0,81740
2007-08-27,351.69366455078125,640.9500122070312,650.0,634.5,649.0,218878
2007-08-28,346.3711853027344,631.25,644.7000122070312,630.0,644.0,91361
2007-08-29,349.9651794433594,637.7999877929688,639.9000244140625,620.0,630.0,89832
2007-08-30,356.6319274902344,649.9500122070312,661.0,636.2000122070312,642.9500122070312,688371
2007-08-31,355.6716613769531,648.2000122070312,653.0,645.0,646.1500244140625,169147
2007-09-03,355.3973693847656,647.7000122070312,720.0,640.0499877929688,720.0,184076
2007-09-04,352.13262939453125,641.75,658.0,640.0499877929688,649.0,65216
2007-09-05,348.7032470703125,635.5,648.7999877929688,633.5,644.0499877929688,65151
2007-09-06,358.3330078125,653.0499877929688,655.0,635.0,637.9500122070312,163155
2007-09-07,367.0574035644531,668.9500122070312,672.9500122070312,653.0,660.0,296423
2007-09-10,362.3385314941406,660.3499755859375,662.3499755859375,648.5,661.0,70685
2007-09-11,362.88726806640625,661.3499755859375,671.0,656.0999755859375,665.0,96784
2007-09-12,360.8570251464844,657.6500244140625,666.6500244140625,654.4000244140625,662.2999877929688,37120
2007-09-13,365.65826416015625,666.4000244140625,669.9000244140625,651.3499755859375,660.0,71853
2007-09-14,366.37158203125,667.7000122070312,674.0,658.0,661.0,45759
2007-09-17,365.4662170410156,666.0499877929688,668.7999877929688,661.0,668.0,30696
2007-09-18,370.87091064453125,675.9000244140625,686.0,658.0499877929688,660.0,88636
2007-09-19,384.369140625,700.5,704.0,685.0,685.0,113287
2007-09-20,388.9507751464844,708.8499755859375,719.0,701.5999755859375,709.0,127282
2007-09-21,404.9456481933594,738.0,747.0,697.0,697.0,276771
2007-09-24,421.3245544433594,767.8499755859375,770.0,700.0,700.0,464389
2007-09-25,408.5672302246094,744.5999755859375,775.0,727.0,761.0,337672
2007-09-26,405.1102294921875,738.2999877929688,747.0,727.9000244140625,743.4500122070312,284945
2007-09-27,408.7865295410156,745.0,750.0,726.0499877929688,750.0,741209
2007-09-28,409.8016662597656,746.8499755859375,751.0,727.0,740.0999755859375,135986
2007-10-01,402.5586853027344,733.6500244140625,762.0,727.5,732.0999755859375,282186
2007-10-03,403.6561584472656,735.6500244140625,743.9000244140625,690.0,705.0,161838
2007-10-04,396.02911376953125,721.75,732.9000244140625,718.0,730.0,160829
2007-10-05,395.5078430175781,720.7999877929688,735.9000244140625,710.0,712.2999877929688,250858
2007-10-08,399.5956726074219,728.25,732.5,715.0499877929688,721.0,74327
2007-10-09,410.6247863769531,748.3499755859375,754.4000244140625,720.0,720.0,119238
2007-10-10,413.6151123046875,753.7999877929688,759.4500122070312,721.5999755859375,721.5999755859375,129169
2007-10-11,413.9444274902344,754.4000244140625,772.0,745.0,762.0,115862
2007-10-12,414.79486083984375,755.9500122070312,760.0,740.0499877929688,760.0,283388
2007-10-15,420.4191589355469,766.2000122070312,774.7000122070312,744.0,757.0,332802
2007-10-16,413.7796936035156,754.0999755859375,768.0,743.0,761.0,295543
2007-10-17,405.00042724609375,738.0999755859375,760.0,703.0,720.0,49872
2007-10-18,398.25140380859375,725.7999877929688,761.9500122070312,721.0499877929688,730.0,207003
2007-10-19,409.1431579589844,745.6500244140625,752.5,704.7000122070312,720.0,112174
2007-10-22,415.7002258300781,757.5999755859375,770.0,715.0,715.0,516713
2007-10-23,416.8799743652344,759.75,768.0,740.0,760.0,384741
2007-10-24,406.94842529296875,741.6500244140625,768.0,723.0,768.0,450541
2007-10-25,405.9057922363281,739.75,745.0,722.9500122070312,745.0,641969
2007-10-26,405.30230712890625,738.6500244140625,759.0,729.0,759.0,87979
2007-10-29,408.3476257324219,744.2000122070312,750.0,739.0,748.0,61596
2007-10-30,398.00457763671875,725.3499755859375,755.0,714.0,750.0,48340
2007-10-31,397.9222717285156,725.2000122070312,739.9000244140625,712.0,725.0,217596
2007-11-01,378.30596923828125,689.4500122070312,732.0,678.0,730.0,239715
2007-11-02,369.6637878417969,673.7000122070312,752.0,660.0,752.0,335338
2007-11-05,364.25909423828125,663.8499755859375,675.0499877929688,660.0499877929688,675.0,108197
2007-11-06,367.16717529296875,669.1500244140625,678.0,663.0,665.0,44650
2007-11-07,372.9560241699219,679.7000122070312,694.9000244140625,666.0,674.9000244140625,175196
2007-11-08,368.3743591308594,671.3499755859375,682.0,660.0,679.7000122070312,50904
2007-11-12,365.21929931640625,665.5999755859375,677.7000122070312,656.0,662.75,62040
2007-11-13,363.68280029296875,662.7999877929688,675.0,655.0,675.0,82656
2007-11-14,368.0176696777344,670.7000122070312,679.0,662.25,679.0,187499
2007-11-15,376.35797119140625,685.9000244140625,690.0,670.1500244140625,686.0,104563
2007-11-16,382.97003173828125,697.9500122070312,705.5,670.0999755859375,690.0,207493
2007-11-19,387.3595886230469,705.9500122070312,717.9500122070312,690.7999877929688,705.0,183159
2007-11-20,384.83551025390625,701.3499755859375,716.7999877929688,693.2999877929688,705.0,256310
2007-11-21,391.008544921875,712.5999755859375,722.5,685.0,705.0,328348
2007-11-22,389.4720458984375,709.7999877929688,717.0,692.0,703.0,97797
2007-11-23,391.96868896484375,714.3499755859375,720.2999877929688,619.9000244140625,619.9000244140625,199643
2007-11-26,399.01959228515625,727.2000122070312,732.2999877929688,708.0,725.0,399150
2007-11-27,399.34881591796875,727.7999877929688,731.7999877929688,680.4000244140625,680.4000244140625,520610
2007-11-28,388.1826171875,707.4500122070312,734.0,696.9500122070312,721.0,647478
2007-11-29,406.15277099609375,740.2000122070312,742.75,710.5,715.0,547412
2007-11-30,395.59014892578125,720.9500122070312,749.9000244140625,715.0499877929688,749.9000244140625,199862
2007-12-03,386.7834777832031,704.9000244140625,728.0,698.25,720.5499877929688,223805
2007-12-04,382.9150085449219,697.8499755859375,714.0,695.1500244140625,714.0,201750
2007-12-05,382.39385986328125,696.9000244140625,709.9000244140625,689.0999755859375,705.0,329608
2007-12-06,379.07415771484375,690.8499755859375,709.9000244140625,684.25,702.0,117749
2007-12-07,378.19622802734375,689.25,699.9500122070312,682.5,697.0,140226
2007-12-10,377.78466796875,688.5,694.0,680.0,694.0,91320
2007-12-11,384.72576904296875,701.1500244140625,704.9500122070312,685.0,690.0,114763
2007-12-12,387.8808288574219,706.9000244140625,711.0,696.2000122070312,699.5999755859375,279584
2007-12-13,391.9961853027344,714.4000244140625,723.0,711.25,715.0,169747
2007-12-14,391.80419921875,714.0499877929688,728.0,701.1500244140625,728.0,53060
2007-12-17,388.7588195800781,708.5,727.7999877929688,703.2999877929688,714.0499877929688,158032
2007-12-18,387.3870544433594,706.0,715.0,701.4000244140625,715.0,38872
2007-12-19,387.8533935546875,706.8499755859375,712.0,698.0,706.7999877929688,46364
2007-12-20,382.2840576171875,696.7000122070312,714.5,690.0,714.5,97807
2007-12-24,385.24700927734375,702.0999755859375,708.0,698.0499877929688,700.0,176622
2007-12-26,385.0824279785156,701.7999877929688,749.0,695.2000122070312,749.0,52786
2007-12-27,386.4268493652344,704.25,715.0,693.0,715.0,1188325
2007-12-28,383.7655334472656,699.4000244140625,709.0,697.5,700.0,36050
2007-12-31,382.0919189453125,696.3499755859375,710.0,690.25,697.2000122070312,166589
2008-01-01,383.24432373046875,698.4500122070312,704.0,693.0,697.7000122070312,38394
2008-01-02,383.4088439941406,698.75,700.9500122070312,683.0,695.0,186602
2008-01-03,389.58184814453125,710.0,721.0,688.25,690.0,730380
2008-01-04,384.42388916015625,700.5999755859375,718.9000244140625,695.2000122070312,715.0,97820
2008-01-07,385.19219970703125,702.0,705.0,685.0,685.0,458655
2008-01-08,379.4856262207031,691.5999755859375,714.9000244140625,681.0999755859375,714.9000244140625,69812
2008-01-09,377.6200866699219,688.2000122070312,696.0,686.0,695.0,57512
2008-01-10,374.931396484375,683.2999877929688,690.0,676.0999755859375,690.0,113567
2008-01-11,362.8324279785156,661.25,688.7000122070312,657.5999755859375,685.0999755859375,136637
2008-01-14,386.61865234375,704.5999755859375,709.7999877929688,662.2000122070312,674.7999877929688,373565
2008-01-15,387.4692687988281,706.1500244140625,714.7999877929688,701.2000122070312,704.5999755859375,163532
2008-01-16,386.3718566894531,704.1500244140625,713.7999877929688,686.25,691.0499877929688,698279
2008-01-17,382.5309753417969,697.1500244140625,706.0,694.0499877929688,701.0,70509
2008-01-18,381.8999938964844,696.0,702.7999877929688,685.0,685.0999755859375,104981
2008-01-21,352.8185729980469,643.0,697.75,634.0999755859375,675.0,127430
2008-01-22,325.2734680175781,592.7999877929688,665.0,550.0,634.0,282771
2008-01-23,332.2420349121094,605.5,699.9000244140625,575.0,629.0,183017
2008-01-24,355.72662353515625,648.2999877929688,655.0,575.0,575.0,379925
2008-01-25,379.2661437988281,691.2000122070312,700.0,645.0999755859375,655.0,207095
2008-01-28,381.70794677734375,695.6500244140625,701.0,675.0499877929688,690.0,224417
2008-01-29,377.75714111328125,688.4500122070312,700.9000244140625,670.0,699.0,88065
2008-01-30,378.7174072265625,690.2000122070312,700.0,665.5999755859375,686.0,119240
2008-01-31,380.0343322753906,692.5999755859375,710.0,656.9500122070312,691.0,416281
2008-02-01,399.650634765625,728.3499755859375,731.8499755859375,675.0,696.0,296949
2008-02-04,421.6537780761719,768.4500122070312,779.0,731.1500244140625,740.0,454881
2008-02-05,399.5956726074219,728.25,760.0,725.0,760.0,191583
2008-02-06,393.6423645019531,717.4000244140625,747.9500122070312,701.0,722.0,171944
2008-02-07,387.7984619140625,706.75,716.0,685.0,716.0,240540
2008-02-08,388.0179748535156,707.1500244140625,719.2999877929688,690.5,700.0,176921
2008-02-11,377.427978515625,687.8499755859375,715.0,675.2999877929688,702.0,55817
2008-02-12,370.73382568359375,675.6500244140625,700.0,662.2999877929688,687.8499755859375,368631
2008-02-13,397.5107727050781,724.4500122070312,731.0,672.0,690.0,284963
2008-02-14,400.63824462890625,730.1500244140625,740.0,723.0,736.0,645990
2008-02-15,400.19927978515625,729.3499755859375,733.0,690.0,725.0,587853
2008-02-18,394.2458801269531,718.5,735.0,711.0,735.0,133657
2008-02-19,400.28167724609375,729.5,734.9000244140625,720.2000122070312,723.9000244140625,144270
2008-02-20,394.16363525390625,718.3499755859375,724.7000122070312,707.0,718.0,75946
2008-02-21,399.1293029785156,727.4000244140625,732.4000244140625,713.0,715.5499877929688,174047
2008-02-22,395.3981018066406,720.5999755859375,727.7999877929688,715.0,720.0,71949
2008-02-25,406.81121826171875,741.4000244140625,745.0,708.0,720.0,713209
2008-02-26,402.86053466796875,734.2000122070312,754.0,729.0,749.9500122070312,798942
2008-02-27,396.66015625,722.9000244140625,744.4000244140625,715.2999877929688,740.0999755859375,56274
2008-02-28,410.5149230957031,748.1500244140625,750.5,721.25,727.0,311141
2008-02-29,417.9225769042969,761.6500244140625,774.7000122070312,740.0999755859375,744.9000244140625,731801
2008-03-03,425.19287109375,774.9000244140625,785.0,742.1500244140625,759.0,815989
2008-03-04,423.903564453125,772.5499877929688,784.7999877929688,755.0499877929688,771.0999755859375,434573
2008-03-05,424.4248046875,773.5,778.8499755859375,760.0,778.0,480016
2008-03-07,420.6661682128906,766.6500244140625,774.9500122070312,734.8499755859375,758.0,270499
2008-03-10,415.45343017578125,757.1500244140625,765.0,744.0,749.0,166397
2008-03-11,403.62872314453125,735.5999755859375,751.0,700.0499877929688,706.25,274971
2008-03-12,402.1472473144531,732.9000244140625,750.0,715.0,715.0,261080
2008-03-13,404.5066833496094,737.2000122070312,746.7999877929688,703.2000122070312,716.0,171846
2008-03-14,393.0386657714844,716.2999877929688,745.0,695.0,738.5,414778
2008-03-17,376.5775146484375,686.2999877929688,714.0,676.9500122070312,714.0,291437
2008-03-18,375.89166259765625,685.0499877929688,695.9500122070312,676.0999755859375,677.6500244140625,437653
2008-03-19,356.85150146484375,650.3499755859375,695.0,635.0499877929688,688.0,665043
2008-03-24,355.3973693847656,647.7000122070312,669.8499755859375,631.3499755859375,651.2999877929688,507010
2008-03-25,372.4073486328125,678.7000122070312,695.0,643.0,651.0499877929688,614983
2008-03-26,372.901123046875,679.5999755859375,682.8499755859375,662.0,678.0,392497
2008-03-27,376.4403381347656,686.0499877929688,694.8499755859375,650.0999755859375,650.0999755859375,706309
2008-03-28,384.25933837890625,700.2999877929688,720.0,682.25,690.0,159416
2008-03-31,381.1043395996094,694.5499877929688,733.0,685.0,700.2999877929688,236473
2008-04-01,386.3170471191406,704.0499877929688,725.0,694.0,700.0,269683
2008-04-02,406.2351379394531,740.3499755859375,751.0,704.0499877929688,704.0499877929688,298633
2008-04-03,411.44775390625,749.8499755859375,755.0,731.0499877929688,742.5,149523
2008-04-04,416.8250732421875,759.6500244140625,768.0,735.2999877929688,744.25,465762
2008-04-07,411.5574645996094,750.0499877929688,762.0,745.25,762.0,168219
2008-04-08,405.768798828125,739.5,754.0,734.25,745.0,266218
2008-04-09,408.8963623046875,745.2000122070312,759.9000244140625,730.0,744.7999877929688,149168
2008-04-10,409.39013671875,746.0999755859375,753.9000244140625,736.0999755859375,736.0999755859375,197168
2008-04-11,405.7412414550781,739.4500122070312,746.0,734.2000122070312,746.0,267586
2008-04-15,406.01568603515625,739.9500122070312,744.9000244140625,725.0499877929688,735.0,136226
2008-04-16,407.2502136230469,742.2000122070312,743.0,736.0,740.1500244140625,239331
2008-04-17,406.7837829589844,741.3499755859375,748.0,730.0,737.1500244140625,210015
2008-04-21,410.15838623046875,747.5,755.0,735.3499755859375,745.0,81033
2008-04-22,410.2680969238281,747.7000122070312,760.0,735.0999755859375,760.0,59493
2008-04-23,410.926513671875,748.9000244140625,753.0,736.0499877929688,747.0,109914
2008-04-24,424.0954895019531,772.9000244140625,780.0,745.1500244140625,760.0,188908
2008-04-25,443.3001403808594,807.9000244140625,814.9000244140625,779.4500122070312,780.0,315164
2008-04-28,449.2538146972656,818.75,825.0,810.0999755859375,810.0999755859375,243197
2008-04-29,473.533935546875,863.0,867.7000122070312,815.0,819.9000244140625,558930
2008-04-30,467.2786865234375,851.5999755859375,863.0,845.0,862.9000244140625,281555
2008-05-02,464.45294189453125,846.4500122070312,865.0,841.0,850.0499877929688,342126
2008-05-05,448.9518737792969,818.2000122070312,847.25,814.25,847.25,206286
2008-05-06,450.7901611328125,821.5499877929688,835.0,814.0499877929688,824.0,167530
2008-05-07,450.37847900390625,820.7999877929688,835.0,802.6500244140625,819.9000244140625,205523
2008-05-08,446.5101013183594,813.75,818.7999877929688,806.25,818.7999877929688,184512
2008-05-09,444.80926513671875,810.6500244140625,817.7999877929688,796.7999877929688,814.0,276594
2008-05-12,438.1972961425781,798.5999755859375,826.2999877929688,791.0,809.0,225954
2008-05-13,438.1424865722656,798.5,814.0,792.5999755859375,805.0999755859375,208713
2008-05-14,450.3237609863281,820.7000122070312,828.2000122070312,790.1500244140625,790.5,196131
2008-05-15,443.4924011230469,808.25,823.0,804.0,810.2000122070312,136632
2008-05-16,442.4772033691406,806.4000244140625,818.7999877929688,804.0,818.7999877929688,75522
2008-05-20,440.172607421875,802.2000122070312,817.0,796.0499877929688,800.0,263867
2008-05-21,431.0367126464844,785.5499877929688,796.0,779.0,796.0,287379
2008-05-22,432.73773193359375,788.6500244140625,798.0,772.2000122070312,780.0,468659
2008-05-23,437.5935974121094,797.5,800.0,773.0,796.5,127061
2008-05-26,431.996826171875,787.2999877929688,795.0,780.0,787.0,216293
2008-05-27,430.98175048828125,785.4500122070312,797.0,767.0,793.0,446927
2008-05-28,436.8804626464844,796.2000122070312,802.9000244140625,772.0,789.7000122070312,354146
2008-05-29,426.8666076660156,777.9500122070312,801.9000244140625,765.0499877929688,800.0,285568
2008-05-30,409.4175720214844,746.1500244140625,778.0,732.3499755859375,778.0,258499
2008-06-02,432.1065368652344,787.5,798.9000244140625,753.0,759.9000244140625,498580
2008-06-03,438.0326843261719,798.2999877929688,800.0,763.0,776.0,197361
2008-06-04,426.34521484375,777.0,803.0,754.0,800.0,405584
2008-06-05,421.9830017089844,769.0499877929688,784.7000122070312,765.0,770.0,155579
2008-06-06,414.8498840332031,756.0499877929688,776.75,752.25,771.0,37563
2008-06-09,423.7113952636719,772.2000122070312,793.8499755859375,726.0,764.7999877929688,308462
2008-06-10,419.9801025390625,765.4000244140625,774.0,755.0,772.2000122070312,121979
2008-06-11,444.5897521972656,810.25,835.0,762.6500244140625,766.0499877929688,178037
2008-06-12,446.921630859375,814.5,825.0,765.6500244140625,784.6500244140625,197123
2008-06-13,430.32330322265625,784.25,814.0,780.2000122070312,814.0,100271
2008-06-16,419.62353515625,764.75,797.9500122070312,761.5999755859375,784.0,164766
2008-06-17,426.53729248046875,777.3499755859375,787.2999877929688,762.25,766.0,81768
2008-06-18,433.0394287109375,789.2000122070312,795.0,760.0,764.0,215013
2008-06-19,437.37420654296875,797.0999755859375,810.0,773.0,790.0,62817
2008-06-20,416.08447265625,758.2999877929688,800.0,751.0,799.0,57460
2008-06-23,404.0126647949219,736.2999877929688,758.5,730.5499877929688,750.0,141167
2008-06-24,385.8232421875,703.1500244140625,744.9000244140625,690.0,730.0,119074
2008-06-25,386.5365905761719,704.4500122070312,717.0,663.0,685.0499877929688,218902
2008-06-26,394.8768005371094,719.6500244140625,748.8499755859375,678.0,705.0,332199
2008-06-27,374.7119445800781,682.9000244140625,715.0,672.4000244140625,699.0,226823
2008-06-30,379.86981201171875,692.2999877929688,710.0,672.6500244140625,686.0,142597
2008-07-01,373.6967468261719,681.0499877929688,694.7000122070312,674.5499877929688,685.0999755859375,144879
2008-07-02,373.3126220703125,680.3499755859375,699.9500122070312,665.25,675.6500244140625,307288
2008-07-03,364.31396484375,663.9500122070312,762.0,651.5999755859375,672.0499877929688,167513
2008-07-04,365.76788330078125,666.5999755859375,684.7000122070312,656.0,673.0,196575
2008-07-07,378.4156799316406,689.6500244140625,699.0,645.5999755859375,648.7000122070312,408122
2008-07-08,378.30596923828125,689.4500122070312,695.5499877929688,668.0,668.0,108822
2008-07-09,392.4626159667969,715.25,749.7000122070312,672.0999755859375,699.0,413894
2008-07-10,377.8395690917969,688.5999755859375,725.0,685.0,701.2999877929688,331449
2008-07-11,365.85028076171875,666.75,695.0,657.0499877929688,695.0,263079
2008-07-14,362.6678466796875,660.9500122070312,682.0,650.0999755859375,652.2999877929688,148034
2008-07-15,359.3481140136719,654.9000244140625,660.0,643.0,654.9000244140625,118362
2008-07-16,350.1298522949219,638.0999755859375,664.0,632.5,658.0,183679
2008-07-17,361.9545593261719,659.6500244140625,666.0,641.2000122070312,645.0,355865
2008-07-18,372.92864990234375,679.6500244140625,687.7999877929688,653.9000244140625,654.0,319534
2008-07-21,393.8617858886719,717.7999877929688,727.0,682.0,682.0,110732
2008-07-22,398.3612365722656,726.0,742.0,703.0499877929688,717.0,199006
2008-07-23,411.47515869140625,749.9000244140625,758.0,735.4000244140625,758.0,356133
2008-07-24,418.6358947753906,762.9500122070312,770.0,732.0,736.7000122070312,184897
2008-07-25,415.45343017578125,757.1500244140625,768.0,741.0,754.0,204078
2008-07-28,417.73052978515625,761.2999877929688,771.0,730.0,742.3499755859375,316317
2008-07-29,403.6013488769531,735.5499877929688,760.0,727.0,760.0,120375
2008-07-30,429.5002746582031,782.75,788.0,740.0,749.9000244140625,214404
2008-07-31,441.077880859375,803.8499755859375,808.9000244140625,775.0,785.0,619127
2008-08-01,436.1945495605469,794.9500122070312,800.0,770.25,785.0,244947
2008-08-04,436.3316955566406,795.2000122070312,800.0,775.1500244140625,775.1500244140625,168879
2008-08-05,454.7956237792969,828.8499755859375,848.0,790.0,796.0,642626
2008-08-06,449.50067138671875,819.2000122070312,846.0,817.0,832.0,152164
2008-08-07,450.241455078125,820.5499877929688,828.3499755859375,808.0499877929688,819.0,162623
2008-08-08,450.8724365234375,821.7000122070312,827.5,815.0999755859375,822.0,167483
2008-08-11,454.43902587890625,828.2000122070312,843.7999877929688,820.25,843.0,163348
2008-08-12,450.2962341308594,820.6500244140625,833.0,817.0999755859375,833.0,115469
2008-08-13,448.59527587890625,817.5499877929688,827.5,810.5,812.0999755859375,176243
2008-08-14,430.2959289550781,784.2000122070312,813.0,775.5999755859375,800.6500244140625,229533
2008-08-18,434.65814208984375,792.1500244140625,798.0,775.0,789.0,252603
2008-08-19,433.09423828125,789.2999877929688,799.9000244140625,778.0,784.0,356918
2008-08-20,441.68145751953125,804.9500122070312,809.0,795.0,797.2999877929688,124092
2008-08-21,440.4469299316406,802.7000122070312,808.0,780.5999755859375,805.0,138057
2008-08-22,439.5690002441406,801.0999755859375,808.9000244140625,795.0,800.0,343066
2008-08-25,440.7488708496094,803.25,815.0,801.1500244140625,815.0,420408
2008-08-26,438.6637878417969,799.4500122070312,804.75,793.4500122070312,800.0,170339
2008-08-27,444.6446228027344,810.3499755859375,813.7999877929688,799.0,799.0,501115
2008-08-28,451.0917053222656,822.0999755859375,832.9000244140625,810.0,810.0,874643
2008-08-29,454.71331787109375,828.7000122070312,834.0,822.9000244140625,829.0,406090
2008-09-01,465.30340576171875,848.0,851.0,822.0,824.0,271495
2008-09-02,471.91534423828125,860.0499877929688,866.7999877929688,835.0999755859375,850.0,655702
2008-09-04,477.4847717285156,870.2000122070312,890.0,855.0499877929688,864.4000244140625,618649
2008-09-05,472.0249938964844,860.25,877.9000244140625,853.5499877929688,862.0,181637
2008-09-08,472.7656555175781,861.5999755859375,889.0,853.0,865.0,368306
2008-09-09,465.1351318359375,829.0,847.7999877929688,823.0,847.7999877929688,555306
2008-09-10,470.0726623535156,837.7999877929688,845.0,815.0999755859375,815.0999755859375,715015
2008-09-11,469.5115661621094,836.7999877929688,851.7999877929688,825.0,838.0,313748
2008-09-12,470.15673828125,837.9500122070312,855.0,740.0,740.0,306664
2008-09-15,463.0030517578125,825.2000122070312,835.0,770.0,800.0,439681
2008-09-16,479.21820068359375,854.0999755859375,862.9000244140625,790.2999877929688,790.2999877929688,335309
2008-09-17,458.6266174316406,817.4000244140625,870.5,810.2999877929688,860.0,587178
2008-09-18,471.0265197753906,839.5,848.0,785.25,792.4000244140625,279419
2008-09-19,460.7867126464844,821.25,860.0,802.0499877929688,810.0,1174172
2008-09-22,458.5423889160156,817.25,830.0,801.0999755859375,830.0,867721
2008-09-23,464.54595947265625,827.9500122070312,835.75,810.0,813.0,553121
2008-09-24,473.6914978027344,844.25,852.0,822.1500244140625,827.9500122070312,496659
2008-09-25,482.97747802734375,860.7999877929688,874.7999877929688,832.7999877929688,840.0,859229
2008-09-26,476.6372375488281,849.5,859.5,843.5499877929688,852.0,192678
2008-09-29,474.8139343261719,846.25,865.0,832.5999755859375,850.0,313392
2008-09-30,489.4296875,872.2999877929688,879.9000244140625,824.0999755859375,825.0,448215
2008-10-01,490.77642822265625,874.7000122070312,885.0,855.6500244140625,880.0,539876
2008-10-03,498.46319580078125,888.4000244140625,898.0,856.0499877929688,856.0499877929688,751098
2008-10-06,480.6208190917969,856.5999755859375,891.0999755859375,841.3499755859375,875.0,638511
2008-10-07,488.84063720703125,871.25,879.7999877929688,856.0499877929688,856.0499877929688,304414
2008-10-08,489.5419921875,872.5,895.0,818.6500244140625,862.0,878782
2008-10-10,457.5043640136719,815.4000244140625,880.0,807.2999877929688,858.75,659626
2008-10-13,466.50970458984375,831.4500122070312,846.0,792.5999755859375,816.2000122070312,745816
2008-10-14,463.115234375,825.4000244140625,854.7999877929688,805.25,854.7999877929688,612187
2008-10-15,463.6482238769531,826.3499755859375,836.0,807.0,810.0,505576
2008-10-16,474.1124267578125,845.0,852.7000122070312,795.0,815.0,760214
2008-10-17,457.0555725097656,814.5999755859375,853.9500122070312,796.2000122070312,850.1500244140625,662872
2008-10-20,452.37054443359375,806.25,825.0,801.2000122070312,812.0,374802
2008-10-21,462.6383056640625,824.5499877929688,829.0,808.0,820.0,675873
2008-10-22,455.3442687988281,811.5499877929688,846.0,806.0,829.0,597092
2008-10-23,426.6451416015625,760.4000244140625,809.7000122070312,746.6500244140625,806.0,814184
2008-10-24,408.55029296875,728.1500244140625,768.0,722.5999755859375,756.0999755859375,587297
2008-10-27,392.6716003417969,699.8499755859375,727.0,661.0999755859375,725.0,427550
2008-10-29,431.4703063964844,769.0,797.9500122070312,706.0,755.0,749833
2008-10-31,418.2288818359375,745.4000244140625,778.0,732.1500244140625,771.0,673530
2008-11-03,409.3356628417969,729.5499877929688,768.0,713.5,765.0,430333
2008-11-04,411.4397277832031,733.2999877929688,741.9000244140625,720.25,725.4000244140625,516449
2008-11-05,418.2850036621094,745.5,760.0999755859375,700.0,700.0,339273
2008-11-06,406.474365234375,724.4500122070312,746.0,720.0,735.0,393671
2008-11-07,421.8197326660156,751.7999877929688,765.0,720.0,723.0,443758
2008-11-10,424.3165588378906,756.25,763.9500122070312,741.0499877929688,757.0,183459
2008-11-11,418.62152099609375,746.0999755859375,753.0,733.2999877929688,745.0,146796
2008-11-12,422.3529357910156,752.75,760.0,728.25,746.0,284446
2008-11-14,407.70855712890625,726.6500244140625,761.0,715.0,761.0,738337
2008-11-17,403.9493713378906,719.9500122070312,733.9000244140625,708.2000122070312,733.9000244140625,411990
2008-11-18,405.8289489746094,723.2999877929688,739.7000122070312,713.0499877929688,714.0,685242
2008-11-19,420.7536315917969,749.9000244140625,761.7000122070312,725.0,725.0,545244
2008-11-20,400.1900939941406,713.25,734.7999877929688,700.5499877929688,726.0,1279152
2008-11-21,398.56298828125,710.3499755859375,760.0,691.25,720.0,685629
2008-11-24,408.2977600097656,727.7000122070312,748.7999877929688,712.2999877929688,742.75,1075034
2008-11-25,416.3211975097656,742.0,754.9500122070312,725.0999755859375,730.5499877929688,564956
2008-11-26,438.3995361328125,781.3499755859375,799.9500122070312,733.25,749.9000244140625,516336
2008-11-27,438.3995361328125,781.3499755859375,781.3499755859375,781.3499755859375,781.3499755859375,0
2008-11-28,450.91168212890625,803.6500244140625,823.7000122070312,745.5,789.9000244140625,845901
2008-12-01,425.8594970703125,759.0,798.0,755.5,798.0,608255
2008-12-02,426.5047912597656,760.1500244140625,763.9000244140625,720.0499877929688,735.0,533848
2008-12-03,418.31304931640625,745.5499877929688,760.0,735.5,760.0,439298
2008-12-04,419.79986572265625,748.2000122070312,760.0,733.7000122070312,740.0,515361
2008-12-05,426.9255676269531,760.9000244140625,773.0,740.5,750.0,431148
2008-12-08,442.3270568847656,788.3499755859375,804.4000244140625,770.0,770.0,965737
2008-12-10,446.3670959472656,795.5499877929688,804.7999877929688,787.25,795.0,408052
2008-12-11,444.4030456542969,792.0499877929688,800.0999755859375,781.5499877929688,800.0,262493
2008-12-12,438.2594299316406,781.0999755859375,784.4000244140625,766.0,780.0,260237
2008-12-15,444.82403564453125,792.7999877929688,798.0,783.0,786.0999755859375,162348
2008-12-16,454.4746398925781,810.0,815.0,787.1500244140625,798.7999877929688,644543
2008-12-17,453.1280212402344,807.5999755859375,825.0,799.0499877929688,810.0,463654
2008-12-18,460.25384521484375,820.2999877929688,826.0,802.0,809.0,463444
2008-12-19,461.60028076171875,822.7000122070312,842.7999877929688,815.2000122070312,822.9000244140625,550335
2008-12-22,450.37872314453125,802.7000122070312,823.9000244140625,800.0999755859375,821.0,314812
2008-12-23,454.3624572753906,809.7999877929688,817.0,792.2000122070312,803.0,425709
2008-12-24,457.4484558105469,815.2999877929688,819.7999877929688,800.0,805.0,460116
2008-12-26,443.6737976074219,790.75,815.0,787.25,810.0,142593
2008-12-29,451.669189453125,805.0,810.5,785.25,804.0,428302
2008-12-30,455.23199462890625,811.3499755859375,815.0,792.25,801.0,490203
2008-12-31,450.91168212890625,803.6500244140625,816.0,800.0,815.0,232517
2009-01-02,444.1789245605469,791.6500244140625,818.7999877929688,786.0,818.7999877929688,360049
2009-01-05,436.7725524902344,778.4500122070312,802.9000244140625,770.0499877929688,802.9000244140625,436290
2009-01-06,443.39312744140625,790.25,797.0,765.25,777.0,603026
2009-01-07,434.4160461425781,774.25,795.0,760.3499755859375,790.0,303817
2009-01-09,450.1822509765625,802.3499755859375,810.0,751.25,770.0,462178
2009-01-12,438.6520690917969,781.7999877929688,805.0,780.0,798.0,391743
2009-01-13,451.669189453125,805.0,814.0,771.5,785.0999755859375,434951
2009-01-14,464.4056396484375,827.7000122070312,838.0,800.25,808.0,687498
2009-01-15,466.93072509765625,832.2000122070312,840.0,811.0,822.0,691098
2009-01-16,473.9440612792969,844.7000122070312,849.9000244140625,824.0,834.9000244140625,329513
2009-01-19,471.222900390625,839.8499755859375,846.0,836.0,844.0,238233
2009-01-20,469.5115661621094,836.7999877929688,844.0,817.0,835.0,264049
2009-01-21,472.1486511230469,841.5,849.7999877929688,832.0,833.5,770472
2009-01-22,476.60919189453125,849.4500122070312,853.0,832.25,841.0,589386
2009-01-23,475.0101623535156,846.5999755859375,852.7999877929688,832.1500244140625,841.25,194235
2009-01-27,480.9295349121094,857.1500244140625,868.7999877929688,835.0,835.0,594526
2009-01-28,488.5882263183594,870.7999877929688,876.7999877929688,855.0,860.0,397412
2009-01-29,496.1347351074219,884.25,890.0,862.0,875.0,601241
2009-01-30,491.9827575683594,876.8499755859375,883.8499755859375,863.2000122070312,883.8499755859375,410217
2009-02-02,492.656005859375,878.0499877929688,889.7999877929688,861.25,878.0,271465
2009-02-03,492.7123107910156,878.1500244140625,886.0,865.2000122070312,865.2000122070312,230806
2009-02-04,492.4878845214844,877.75,888.0,872.0,888.0,65578
2009-02-05,490.0750732421875,873.4500122070312,880.0999755859375,863.2999877929688,880.0999755859375,102170
2009-02-06,493.7501525878906,880.0,884.4000244140625,873.0499877929688,873.0499877929688,102068
2009-02-09,496.80816650390625,885.4500122070312,893.0,876.0499877929688,880.7999877929688,234630
2009-02-10,498.5194091796875,888.5,999.5999755859375,878.25,901.0,431505
2009-02-11,506.34637451171875,902.4500122070312,910.0,885.0,887.0,326216
2009-02-12,515.267578125,918.3499755859375,925.4000244140625,892.2000122070312,902.4500122070312,364383
2009-02-13,523.0105590820312,932.1500244140625,936.7999877929688,920.3499755859375,925.0,725116
2009-02-16,524.3289794921875,934.5,944.0,927.0,930.0,584020
2009-02-17,530.3046875,945.1500244140625,950.0,922.5,934.0,410390
2009-02-18,523.1787109375,932.4500122070312,945.0,925.0999755859375,945.0,282527
2009-02-19,522.3091430664062,930.9000244140625,944.5,921.2999877929688,921.2999877929688,474945
2009-02-20,514.6504516601562,917.25,934.0,912.1500244140625,928.0,711981
2009-02-24,504.4386901855469,899.0499877929688,915.0,892.0,915.0,842787
2009-02-25,502.699462890625,895.9500122070312,919.2999877929688,892.5999755859375,911.0,657445
2009-02-26,520.1768798828125,927.0999755859375,930.0499877929688,890.0499877929688,893.0,819319
2009-02-27,521.6359252929688,929.7000122070312,935.5,906.0999755859375,925.9500122070312,409831
2009-03-02,506.37451171875,902.5,932.0,896.0,932.0,544506
2009-03-03,505.3645935058594,900.7000122070312,918.0999755859375,896.0,899.0,315750
2009-03-04,520.8223266601562,928.25,934.9000244140625,903.5,905.0,420238
2009-03-05,525.3670043945312,936.3499755859375,945.0,925.0,935.0,775530
2009-03-06,520.9624633789062,928.5,934.9000244140625,916.0,932.0,319817
2009-03-09,524.8619995117188,935.4500122070312,940.6500244140625,922.0,923.0,337146
2009-03-12,544.4718627929688,970.4000244140625,975.0,937.0,937.0,699634
2009-03-13,539.4782104492188,961.5,988.0,956.5,979.0,930070
2009-03-16,541.2174682617188,964.5999755859375,977.4000244140625,950.0,961.0,652917
2009-03-17,546.3233032226562,973.7000122070312,983.0,956.0,967.5999755859375,520791
2009-03-18,559.9013671875,997.9000244140625,1007.5,975.25,975.25,827840
2009-03-19,555.9739990234375,990.9000244140625,1014.0,984.2000122070312,997.5,556708
2009-03-20,559.7610473632812,997.6500244140625,1007.0,985.0999755859375,989.7000122070312,253444
2009-03-23,561.6129150390625,1000.9500122070312,1016.8499755859375,990.0999755859375,1000.0,812024
2009-03-24,565.6245727539062,1008.0999755859375,1017.0,999.7999877929688,1000.0,761207
2009-03-25,567.36376953125,1011.2000122070312,1016.0,999.0,1003.0999755859375,499206
2009-03-26,578.8380126953125,1031.6500244140625,1052.5,1008.5499877929688,1010.0,1292111
2009-03-27,612.0259399414062,1090.800048828125,1103.8499755859375,1021.0,1028.5,934713
2009-03-30,587.7029418945312,1047.449951171875,1103.0,1033.300048828125,1095.0,690003
2009-03-31,601.0005493164062,1071.1500244140625,1077.449951171875,1042.449951171875,1058.8499755859375,462046
2009-04-01,583.3826904296875,1039.75,1080.0,1028.050048828125,1075.0,531784
2009-04-02,577.6876831054688,1029.5999755859375,1064.9000244140625,1015.25,1040.0,1040776
2009-04-06,596.9608154296875,1063.949951171875,1074.9000244140625,1036.0,1036.0,694211
2009-04-08,604.984375,1078.25,1095.0,1041.5,1041.5,957477
2009-04-09,598.3635864257812,1066.449951171875,1096.800048828125,1060.0999755859375,1062.5,623191
2009-04-13,594.0712890625,1058.800048828125,1084.0999755859375,1049.550048828125,1060.0,483939
2009-04-15,599.5698852539062,1068.5999755859375,1077.0,1047.0,1050.0,1235833
2009-04-16,604.6195068359375,1077.5999755859375,1097.0,1066.199951171875,1075.0,967548
2009-04-17,622.8825073242188,1110.1500244140625,1119.0,1080.0999755859375,1080.0999755859375,736486
2009-04-20,631.3549194335938,1125.25,1144.5,1096.25,1115.25,634126
2009-04-21,617.7208251953125,1100.949951171875,1129.4000244140625,1095.0,1110.0,1168135
2009-04-22,606.611328125,1081.1500244140625,1128.5,1072.0999755859375,1128.5,1404346
2009-04-23,631.1587524414062,1124.9000244140625,1152.0,1077.199951171875,1098.0,1134164
2009-04-24,643.726806640625,1147.300048828125,1158.5,1122.1500244140625,1122.5,893916
2009-04-27,633.9639892578125,1129.9000244140625,1149.8499755859375,1100.050048828125,1113.0,347096
2009-04-28,629.7839965820312,1122.449951171875,1133.699951171875,1105.550048828125,1133.699951171875,177825
2009-04-29,663.5609741210938,1182.6500244140625,1199.0,1130.0,1130.0,576627
2009-04-30,664.8233032226562,1184.9000244140625,1184.9000244140625,1184.9000244140625,1184.9000244140625,0
2009-05-04,675.2313232421875,1203.449951171875,1247.699951171875,1187.0,1199.75,617249
2009-05-05,672.8748779296875,1199.25,1218.8499755859375,1187.0,1187.0,468063
2009-05-06,675.28759765625,1203.550048828125,1213.0,1181.0,1190.0,626939
2009-05-07,684.12451171875,1219.300048828125,1229.800048828125,1180.0,1187.0,322267
2009-05-08,687.3787841796875,1225.0999755859375,1237.300048828125,1192.1500244140625,1218.0,362565
2009-05-11,685.611328125,1221.949951171875,1245.0,1211.3499755859375,1230.0,225913
2009-05-12,670.209716796875,1194.5,1227.699951171875,1163.0,1220.0,884586
2009-05-13,670.4061279296875,1194.8499755859375,1214.949951171875,1186.3499755859375,1195.0,427792
2009-05-14,680.3092651367188,1212.5,1214.699951171875,1173.0,1189.699951171875,366642
2009-05-15,685.5833740234375,1221.9000244140625,1230.0,1191.5,1191.5,536404
2009-05-18,834.4940795898438,1487.300048828125,1584.75,1320.0,1320.0,2749
2009-05-19,751.903076171875,1340.0999755859375,1587.800048828125,1300.050048828125,1501.25,1728704
2009-05-20,728.8706665039062,1299.050048828125,1364.3499755859375,1271.25,1285.0,767022
2009-05-21,709.8499145507812,1265.1500244140625,1297.9000244140625,1255.0,1290.0,251679
2009-05-22,728.3934936523438,1298.199951171875,1304.949951171875,1239.9000244140625,1260.0,358715
2009-05-25,742.92578125,1324.0999755859375,1331.0,1286.050048828125,1292.199951171875,523194
2009-05-26,753.5018920898438,1342.949951171875,1353.0,1292.0,1338.0,698659
2009-05-27,762.5355224609375,1359.050048828125,1382.0,1320.0,1379.0,410067
2009-05-28,744.8333740234375,1327.5,1376.050048828125,1310.0,1346.0999755859375,654393
2009-05-29,750.247802734375,1337.1500244140625,1353.0,1300.0,1327.0,966189
2009-06-01,766.3788452148438,1365.9000244140625,1383.5,1347.0,1350.5,635493
2009-06-02,785.0625610351562,1399.199951171875,1424.0,1370.0,1380.0,674446
2009-06-03,778.7227783203125,1387.9000244140625,1425.0,1363.550048828125,1394.5999755859375,903700
2009-06-04,768.2864990234375,1369.300048828125,1404.949951171875,1352.0,1380.0,619122
2009-06-05,815.7817993164062,1453.949951171875,1468.0,1332.5,1332.5,396946
2009-06-08,820.354736328125,1462.0999755859375,1503.5,1442.0999755859375,1450.199951171875,562608
2009-06-09,837.523681640625,1492.699951171875,1500.0,1450.0,1475.0,960448
2009-06-10,832.8388061523438,1484.3499755859375,1524.0,1456.199951171875,1500.0,682538
2009-06-11,826.9195556640625,1473.800048828125,1574.699951171875,1463.0,1574.699951171875,212191
2009-06-12,823.2161254882812,1467.199951171875,1559.0,1445.0,1489.0,948347
2009-06-15,805.40185546875,1435.449951171875,1500.0,1401.0,1500.0,840373
2009-06-16,796.9857177734375,1420.449951171875,1429.699951171875,1385.199951171875,1420.0,404898
2009-06-17,791.8800659179688,1411.3499755859375,1458.4000244140625,1345.0999755859375,1405.0,809205
2009-06-18,810.451416015625,1444.449951171875,1465.0,1361.0999755859375,1378.699951171875,273847
2009-06-19,821.8977661132812,1464.8499755859375,1478.0,1422.0,1459.0,168224
2009-06-22,827.3119506835938,1474.5,1482.949951171875,1447.5,1474.0,313249
2009-06-23,805.0092163085938,1434.75,1454.9000244140625,1423.25,1451.5,807592
2009-06-24,811.2933959960938,1445.949951171875,1458.449951171875,1404.4000244140625,1447.699951171875,216844
2009-06-25,792.2725830078125,1412.050048828125,1470.0,1406.0,1457.8499755859375,461620
2009-06-26,788.990234375,1406.199951171875,1429.800048828125,1395.0,1420.0,366668
2009-06-29,776.4783325195312,1383.9000244140625,1425.0,1378.0999755859375,1417.0,199208
2009-06-30,784.1654052734375,1397.5999755859375,1404.699951171875,1371.800048828125,1395.0,579659
2009-07-01,785.0908203125,1399.25,1425.0,1395.050048828125,1402.0,201239
2009-07-02,775.2999877929688,1381.800048828125,1406.3499755859375,1374.199951171875,1404.5999755859375,387746
2009-07-03,768.7354736328125,1370.0999755859375,1382.0,1358.0,1382.0,412052
2009-07-06,762.6476440429688,1359.25,1399.0,1311.699951171875,1369.800048828125,289507
2009-07-07,806.1315307617188,1436.75,1449.0,1364.25,1364.25,717762
2009-07-08,822.4868774414062,1465.9000244140625,1475.0,1370.5,1431.550048828125,348820
2009-07-09,827.9854125976562,1475.699951171875,1500.0,1450.0,1470.050048828125,333291
2009-07-10,814.8280639648438,1452.25,1489.699951171875,1432.1500244140625,1480.0,307317
2009-07-13,786.0447998046875,1400.949951171875,1450.0,1395.050048828125,1450.0,198590
2009-07-14,785.2592163085938,1399.550048828125,1420.0,1375.0,1405.0,608063
2009-07-15,836.2333984375,1490.4000244140625,1507.699951171875,1402.0,1402.0,801549
2009-07-16,862.8563232421875,1537.8499755859375,1548.8499755859375,1477.3499755859375,1498.699951171875,960514
2009-07-17,920.3389892578125,1640.300048828125,1650.4000244140625,1544.0,1548.0,1070802
2009-07-20,926.7354736328125,1651.699951171875,1677.050048828125,1590.050048828125,1650.0,689260
2009-07-21,923.060546875,1645.1500244140625,1670.0,1616.0999755859375,1636.0,351813
2009-07-22,907.1537475585938,1616.800048828125,1678.9000244140625,1591.1500244140625,1620.0,381084
2009-07-23,935.0674438476562,1666.550048828125,1675.0,1625.0,1625.0,364685
2009-07-24,973.529541015625,1735.0999755859375,1750.25,1643.5999755859375,1680.0,447763
2009-07-27,943.5117797851562,1681.5999755859375,1765.0,1645.3499755859375,1702.3499755859375,1198518
2009-07-28,940.9869384765625,1677.0999755859375,1714.5,1651.5,1714.5,670469
2009-07-29,918.2630615234375,1636.5999755859375,1726.9000244140625,1615.0,1690.0,821094
2009-07-30,919.2449340820312,1638.3499755859375,1688.0999755859375,1585.75,1650.0,1813255
2009-07-31,900.7015991210938,1605.300048828125,1675.0,1595.0999755859375,1659.0,846088
2009-08-03,911.3336791992188,1624.25,1634.0,1601.0,1615.0,391323
2009-08-04,907.2937622070312,1617.050048828125,1648.8499755859375,1601.550048828125,1627.0,409521
2009-08-05,899.916015625,1603.9000244140625,1625.0,1598.0,1625.0,355037
2009-08-06,853.1779174804688,1520.5999755859375,1604.9000244140625,1510.0,1599.0,796345
2009-08-07,829.97705078125,1479.25,1517.0,1456.0,1517.0,1017965
2009-08-10,799.7630615234375,1425.4000244140625,1508.0,1402.199951171875,1502.0,700804
2009-08-11,797.8834228515625,1422.050048828125,1466.8499755859375,1385.0,1430.0,1257233
2009-08-12,805.9910888671875,1436.5,1445.050048828125,1386.5999755859375,1406.5,787438
2009-08-13,844.9019165039062,1505.8499755859375,1522.0,1451.550048828125,1455.0,719222
2009-08-14,829.3320922851562,1478.0999755859375,1524.949951171875,1466.0,1524.949951171875,347889
2009-08-17,779.760498046875,1389.75,1459.8499755859375,1381.0,1440.0,1039472
2009-08-18,780.798583984375,1391.5999755859375,1420.800048828125,1366.0999755859375,1412.0,752994
2009-08-19,762.61962890625,1359.199951171875,1413.800048828125,1344.0,1400.0,1196421
2009-08-20,793.1704711914062,1413.6500244140625,1426.25,1364.0999755859375,1370.0,541997
2009-08-21,832.025390625,1482.9000244140625,1489.9000244140625,1399.6500244140625,1419.5,693809
2009-08-24,856.7968139648438,1527.050048828125,1536.949951171875,1490.0,1490.0,401646
2009-08-25,850.14794921875,1515.199951171875,1528.800048828125,1500.0,1513.0,313510
2009-08-26,841.0303955078125,1498.949951171875,1539.5,1492.0,1520.0,355348
2009-08-27,825.4324340820312,1471.1500244140625,1494.0,1465.1500244140625,1494.0,531464
2009-08-28,857.2577514648438,1507.0999755859375,1518.949951171875,1454.9000244140625,1478.0,374791
2009-08-31,859.3053588867188,1510.699951171875,1529.0,1480.0999755859375,1495.0,316008
2009-09-01,872.5869750976562,1534.050048828125,1565.0,1502.300048828125,1519.8499755859375,817209
2009-09-02,887.6607055664062,1560.550048828125,1587.5999755859375,1524.0,1526.4000244140625,641505
2009-09-03,880.3798828125,1547.75,1580.0,1540.0,1571.0,451296
2009-09-04,916.3004150390625,1610.9000244140625,1618.5,1515.050048828125,1550.0,600814
2009-09-07,928.6151123046875,1632.550048828125,1639.0,1610.9000244140625,1621.5,310705
2009-09-08,949.2628173828125,1668.8499755859375,1675.949951171875,1636.0,1639.949951171875,566573
2009-09-09,925.9417724609375,1627.8499755859375,1689.9000244140625,1623.3499755859375,1663.0,353764
2009-09-10,894.7991333007812,1573.0999755859375,1649.0,1561.6500244140625,1638.9000244140625,530168
2009-09-11,891.5286865234375,1567.3499755859375,1599.0,1527.0999755859375,1582.5999755859375,383287
2009-09-14,887.5466918945312,1560.3499755859375,1573.0,1543.1500244140625,1570.0,176343
2009-09-15,919.0020751953125,1615.6500244140625,1623.0999755859375,1561.1500244140625,1607.199951171875,396087
2009-09-16,957.3402099609375,1683.050048828125,1690.0,1619.0,1639.699951171875,742845
2009-09-17,945.9638671875,1663.050048828125,1695.699951171875,1650.300048828125,1685.0,296661
2009-09-18,955.4346923828125,1679.699951171875,1685.0,1651.0,1651.0,193972
2009-09-22,964.4789428710938,1695.5999755859375,1748.449951171875,1651.9000244140625,1651.9000244140625,379686
2009-09-23,956.7998046875,1682.0999755859375,1724.800048828125,1661.5999755859375,1724.800048828125,284566
2009-09-24,939.3372192382812,1651.4000244140625,1685.0,1634.0,1674.0,443328
2009-09-25,939.8489990234375,1652.300048828125,1670.0,1632.5,1647.0,188093
2009-09-29,941.8399047851562,1655.800048828125,1670.0,1645.1500244140625,1668.0,171262
2009-09-30,951.282470703125,1672.4000244140625,1685.0999755859375,1656.0,1656.0,303594
2009-10-01,929.411376953125,1633.949951171875,1689.9000244140625,1623.199951171875,1680.0,366906
2009-10-05,933.7342529296875,1641.550048828125,1660.0,1616.199951171875,1625.0,599586
2009-10-06,934.9002685546875,1643.5999755859375,1655.0,1607.050048828125,1645.0,461358
2009-10-07,932.6820678710938,1639.699951171875,1774.699951171875,1621.050048828125,1774.699951171875,555314
2009-10-08,949.0640258789062,1668.5,1682.5999755859375,1645.0,1645.0,411861
2009-10-09,936.0095825195312,1645.550048828125,1670.0,1630.1500244140625,1651.9000244140625,235319
2009-10-12,927.9041748046875,1631.300048828125,1650.0,1610.25,1649.0,315146
2009-10-13,930.0086669921875,1635.0,1635.0,1635.0,1635.0,0
2009-10-14,935.04248046875,1643.8499755859375,1662.6500244140625,1631.0,1640.0,275112
2009-10-15,942.1813354492188,1656.4000244140625,1670.0,1633.25,1648.0,194330
2009-10-16,935.0711059570312,1643.9000244140625,1658.800048828125,1635.3499755859375,1647.449951171875,208597
2009-10-20,942.977783203125,1657.800048828125,1688.0,1630.5,1645.0,523172
2009-10-21,916.04443359375,1610.449951171875,1681.800048828125,1601.3499755859375,1659.9000244140625,379835
2009-10-22,907.2559814453125,1595.0,1649.0,1589.0,1620.0,707193
2009-10-23,900.3165893554688,1582.800048828125,1626.800048828125,1551.25,1601.199951171875,519513
2009-10-26,909.246826171875,1598.5,1620.0,1545.25,1551.300048828125,463621
2009-10-27,903.0753784179688,1587.6500244140625,1613.800048828125,1571.25,1571.25,413051
2009-10-28,895.055419921875,1573.550048828125,1591.9000244140625,1560.0,1580.0999755859375,261529
2009-10-29,878.730224609375,1544.8499755859375,1589.0,1535.0,1560.0,337488
2009-10-30,890.6182861328125,1565.75,1584.0,1545.550048828125,1555.0,278766
2009-11-03,859.6749877929688,1511.3499755859375,1578.949951171875,1476.050048828125,1570.0,772531
2009-11-04,865.2778930664062,1521.199951171875,1535.949951171875,1460.5,1518.8499755859375,357350
2009-11-05,891.78466796875,1567.800048828125,1574.8499755859375,1492.0,1509.1500244140625,286236
2009-11-06,869.9421997070312,1529.4000244140625,1588.0,1522.0,1567.0,395812
2009-11-09,884.1055297851562,1554.300048828125,1565.0,1515.0,1515.0,317369
2009-11-10,851.4271240234375,1496.8499755859375,1560.0,1485.0,1560.0,641213
2009-11-11,861.011962890625,1513.699951171875,1518.800048828125,1477.0,1500.0,331789
2009-11-12,865.1070556640625,1520.9000244140625,1535.25,1502.4000244140625,1520.0,312112
2009-11-13,898.098388671875,1578.9000244140625,1593.0,1515.0,1517.25,467815
2009-11-16,936.8914794921875,1647.0999755859375,1654.0,1591.300048828125,1598.0,801664
2009-11-17,959.2457885742188,1686.4000244140625,1703.0,1633.8499755859375,1660.0,883211
2009-11-18,947.8695678710938,1666.4000244140625,1694.9000244140625,1651.0,1691.0999755859375,236545
2009-11-19,933.1656494140625,1640.550048828125,1697.5,1630.050048828125,1675.0,275347
2009-11-20,939.564697265625,1651.800048828125,1675.0,1626.1500244140625,1640.0,248100
2009-11-23,940.5319213867188,1653.5,1697.0,1642.6500244140625,1650.0,421012
2009-11-24,961.0657958984375,1689.5999755859375,1699.0,1653.0,1653.0,719013
2009-11-25,980.888916015625,1724.449951171875,1733.0,1680.0,1690.0,559819
2009-11-26,990.0186157226562,1740.5,1808.699951171875,1715.0,1715.0,1235974
2009-11-27,994.142333984375,1747.75,1758.699951171875,1694.0,1698.0,417928
2009-11-30,981.4291381835938,1725.4000244140625,1775.0,1719.25,1758.800048828125,358105
2009-12-01,984.3870239257812,1730.5999755859375,1752.0,1722.0,1733.9000244140625,657781
2009-12-02,970.195068359375,1705.6500244140625,1757.0,1700.0,1750.0,412336
2009-12-03,963.3978271484375,1693.699951171875,1720.0,1684.0,1709.0,306802
2009-12-04,947.5848388671875,1665.9000244140625,1699.0,1650.0,1692.199951171875,362922
2009-12-07,953.8419799804688,1676.9000244140625,1686.699951171875,1655.0999755859375,1666.0,316742
2009-12-08,950.4859008789062,1671.0,1683.9000244140625,1650.050048828125,1681.0,276975
2009-12-09,967.038330078125,1700.0999755859375,1713.0,1662.199951171875,1665.0,408864
2009-12-10,953.5576171875,1676.4000244140625,1703.0,1669.050048828125,1703.0,308702
2009-12-11,949.973876953125,1670.0999755859375,1704.699951171875,1658.5,1690.0,190702
2009-12-14,958.1079711914062,1684.4000244140625,1697.800048828125,1662.25,1673.0,582489
2009-12-15,944.3428344726562,1660.199951171875,1697.8499755859375,1652.5,1695.9000244140625,668912
2009-12-16,940.987060546875,1654.300048828125,1669.699951171875,1643.0,1655.0,236364
2009-12-17,946.8741455078125,1664.6500244140625,1686.0,1640.0,1656.9000244140625,189783
2009-12-18,951.5665283203125,1672.9000244140625,1696.0,1660.0,1688.800048828125,544518
2009-12-21,949.973876953125,1670.0999755859375,1685.1500244140625,1655.050048828125,1675.0,268113
2009-12-22,966.2705078125,1698.75,1705.0,1668.0999755859375,1675.0,274276
2009-12-23,969.484375,1704.4000244140625,1719.0,1692.199951171875,1705.0,221057
2009-12-24,987.1174926757812,1735.4000244140625,1740.0,1703.3499755859375,1703.3499755859375,356623
2009-12-29,991.8956909179688,1743.800048828125,1777.0999755859375,1725.0,1735.0,411794
2009-12-30,970.252197265625,1705.75,1749.699951171875,1701.0,1743.800048828125,512936
2009-12-31,977.0496215820312,1717.699951171875,1728.699951171875,1707.0,1718.0,403648
2010-01-04,974.34765625,1712.949951171875,1738.5,1702.300048828125,1732.9000244140625,333481
2010-01-05,976.87890625,1717.4000244140625,1730.0,1711.1500244140625,1723.0,373950
2010-01-06,964.3648681640625,1695.4000244140625,1721.0,1683.5999755859375,1721.0,512455
2010-01-07,940.3609619140625,1653.199951171875,1705.0,1637.0,1705.0,433144
2010-01-08,935.8106689453125,1645.199951171875,1667.4000244140625,1616.0999755859375,1659.699951171875,471781
2010-01-11,953.5576171875,1676.4000244140625,1688.449951171875,1648.0,1650.0,249598
2010-01-12,935.5545654296875,1644.75,1688.800048828125,1632.300048828125,1676.4000244140625,381602
2010-01-13,924.7471313476562,1625.75,1661.0,1607.5,1640.0999755859375,559327
2010-01-14,922.2161865234375,1621.300048828125,1643.300048828125,1615.199951171875,1635.0,451344
2010-01-15,924.5197143554688,1625.3499755859375,1640.0,1616.0,1630.0,215112
2010-01-18,963.9098510742188,1694.5999755859375,1697.0,1601.0,1616.0,383077
2010-01-19,946.5609130859375,1664.0999755859375,1700.800048828125,1656.0999755859375,1694.5999755859375,178910
2010-01-20,960.525390625,1688.6500244140625,1694.0,1647.699951171875,1665.0,347805
2010-01-21,940.3609619140625,1653.199951171875,1692.0,1645.300048828125,1675.0999755859375,210985
2010-01-22,938.1995849609375,1649.4000244140625,1665.0,1595.0,1632.5,364642
2010-01-25,922.3013305664062,1621.449951171875,1658.699951171875,1616.0,1649.0,299520
2010-01-27,881.744873046875,1550.1500244140625,1638.5,1540.25,1609.800048828125,790006
2010-01-28,875.4595947265625,1539.0999755859375,1571.949951171875,1522.0,1565.0,1502871
2010-01-29,886.7789916992188,1559.0,1575.0,1495.0,1525.25,432901
2010-02-01,899.2642211914062,1580.949951171875,1588.699951171875,1536.300048828125,1588.699951171875,209979
2010-02-02,892.1541748046875,1568.449951171875,1605.0,1550.0,1599.4000244140625,338167
2010-02-03,909.87255859375,1599.5999755859375,1631.949951171875,1572.199951171875,1585.0,472444
2010-02-04,910.35595703125,1600.449951171875,1623.699951171875,1568.5999755859375,1595.0,193176
2010-02-05,901.7953491210938,1585.4000244140625,1595.5,1522.6500244140625,1575.0,289159
2010-02-08,897.7286376953125,1578.25,1619.9000244140625,1567.199951171875,1588.699951171875,286278
2010-02-09,920.5098266601562,1618.300048828125,1625.0,1561.300048828125,1569.4000244140625,632885
2010-02-10,927.5341186523438,1630.6500244140625,1639.0,1592.0,1630.0,867135
2010-02-11,961.8338012695312,1690.949951171875,1701.0,1621.0,1638.0,769067
2010-02-15,969.455810546875,1704.3499755859375,1725.0,1662.5,1690.0,747800
2010-02-16,964.3648681640625,1695.4000244140625,1714.699951171875,1677.0,1714.699951171875,292129
2010-02-17,966.0714111328125,1698.4000244140625,1709.9000244140625,1680.300048828125,1700.449951171875,575364
2010-02-18,968.6878051757812,1703.0,1718.0,1688.199951171875,1708.699951171875,230212
2010-02-19,955.8043212890625,1680.3499755859375,1698.0,1659.199951171875,1671.550048828125,238997
2010-02-22,971.1051635742188,1707.25,1724.8499755859375,1695.4000244140625,1724.8499755859375,211647
2010-02-23,963.4833374023438,1693.8499755859375,1715.0,1675.5999755859375,1690.0,325274
2010-02-24,951.1970825195312,1672.25,1689.0,1652.4000244140625,1688.0,283000
2010-02-25,967.1236572265625,1700.25,1713.0,1643.3499755859375,1675.6500244140625,906439
2010-02-26,1011.149658203125,1777.6500244140625,1800.0,1690.25,1691.6500244140625,414280
2010-03-02,1020.734375,1794.5,1808.0,1780.0,1790.0,407909
2010-03-03,1030.5748291015625,1811.800048828125,1819.75,1795.0,1810.0,296134
2010-03-04,1024.090576171875,1800.4000244140625,1811.8499755859375,1781.0,1809.9000244140625,275290
2010-03-05,1064.02099609375,1870.5999755859375,1894.699951171875,1799.0,1799.0,360018
2010-03-08,1088.6502685546875,1913.9000244140625,1927.9000244140625,1876.0,1880.0,686239
2010-03-09,1067.0640869140625,1875.949951171875,1918.5,1868.199951171875,1901.5999755859375,441606
2010-03-10,1103.2974853515625,1939.6500244140625,1954.0,1878.199951171875,1889.800048828125,567857
2010-03-11,1087.6553955078125,1912.1500244140625,1944.699951171875,1901.300048828125,1941.25,670880
2010-03-12,1091.2955322265625,1918.550048828125,1932.050048828125,1860.4000244140625,1860.4000244140625,373725
2010-03-15,1086.858642578125,1910.75,1944.699951171875,1903.199951171875,1931.0,373530
2010-03-16,1088.678955078125,1913.949951171875,1939.050048828125,1905.0,1910.75,189726
2010-03-17,1098.6614990234375,1931.5,1943.75,1916.300048828125,1938.0,204551
2010-03-18,1100.425048828125,1934.5999755859375,1943.699951171875,1925.0,1931.5,324542
2010-03-19,1119.5369873046875,1968.199951171875,1977.9000244140625,1935.0,1949.0,461442
2010-03-22,1109.156005859375,1949.949951171875,1967.5,1935.25,1950.0,335754
2010-03-23,1102.415771484375,1938.0999755859375,1977.550048828125,1927.0,1958.800048828125,261757
2010-03-25,1151.049072265625,2023.5999755859375,2058.0,1920.0,1920.0,1211336
2010-03-26,1143.739990234375,2010.75,2079.64990234375,1990.9000244140625,2027.699951171875,1204017
2010-03-29,1141.151611328125,2006.199951171875,2036.6500244140625,2000.0,2012.0,336444
2010-03-30,1119.053466796875,1967.3499755859375,2057.949951171875,1961.550048828125,2048.800048828125,688516
2010-03-31,1105.9993896484375,1944.4000244140625,2030.0,1936.0,2001.0,594801
2010-04-01,1106.4827880859375,1945.25,1978.800048828125,1938.1500244140625,1965.0,398203
2010-04-05,1159.38232421875,2038.25,2059.0,1948.0999755859375,1954.0,607069
2010-04-06,1159.8658447265625,2039.0999755859375,2078.800048828125,2028.5,2050.0,535341
2010-04-07,1159.2972412109375,2038.0999755859375,2075.949951171875,2020.0,2058.0,475419
2010-04-08,1147.43701171875,2017.25,2060.0,2006.0999755859375,2035.0,374813
2010-04-09,1170.01904296875,2056.949951171875,2072.0,2030.0,2030.0,365094
2010-04-12,1186.5147705078125,2085.949951171875,2094.0,2060.0,2060.0,481369
2010-04-13,1169.479736328125,1977.1500244140625,2050.0,1974.0,2049.0,764081
2010-04-15,1155.2833251953125,1953.1500244140625,2017.300048828125,1945.6500244140625,1980.0,733433
2010-04-16,1137.5682373046875,1923.199951171875,1971.699951171875,1915.0999755859375,1951.0,449227
2010-04-19,1121.7159423828125,1896.4000244140625,1918.800048828125,1878.25,1910.0,775826
2010-04-20,1095.7794189453125,1852.550048828125,1940.0,1845.0,1905.0,1374339
2010-04-21,1117.427490234375,1889.1500244140625,1895.0,1851.0,1880.0,733940
2010-04-22,1130.1153564453125,1910.5999755859375,1925.0,1871.5,1889.1500244140625,798540
2010-04-23,1111.8084716796875,1879.6500244140625,1921.5999755859375,1872.0,1919.949951171875,279837
2010-04-26,1105.9527587890625,1869.75,1911.800048828125,1863.0,1890.0,469439
2010-04-27,1101.6348876953125,1862.449951171875,1892.0,1857.050048828125,1879.0,451266
2010-04-28,1093.590576171875,1848.8499755859375,1868.0,1840.0,1850.0,262547
2010-04-29,1083.948974609375,1832.550048828125,1868.9000244140625,1810.0,1854.0,507018
2010-04-30,1132.9547119140625,1915.4000244140625,1939.0,1840.0,1848.699951171875,750274
2010-05-03,1135.9710693359375,1920.5,1944.199951171875,1881.199951171875,1900.0,727052
2010-05-04,1136.6513671875,1921.6500244140625,1943.0,1912.0,1943.0,319439
2010-05-05,1117.427490234375,1889.1500244140625,1895.0,1863.0999755859375,1886.300048828125,461047
2010-05-06,1121.42041015625,1895.9000244140625,1905.0,1862.0999755859375,1885.0,307638
2010-05-07,1115.032470703125,1885.0999755859375,1905.0,1852.0,1852.0,403688
2010-05-10,1116.9547119140625,1888.3499755859375,1948.699951171875,1881.5,1900.0,324650
2010-05-11,1123.40185546875,1899.25,1919.75,1885.0,1915.0,374516
2010-05-12,1124.4073486328125,1900.949951171875,1936.0,1885.0,1899.9000244140625,504266
2010-05-13,1123.40185546875,1899.25,1929.699951171875,1893.9000244140625,1929.699951171875,298697
2010-05-14,1110.123046875,1876.800048828125,1921.75,1871.0999755859375,1875.550048828125,151527
2010-05-17,1093.7969970703125,1849.199951171875,1880.0,1833.3499755859375,1880.0,242959
2010-05-18,1086.6109619140625,1837.050048828125,1859.0,1818.0,1847.0,267664
2010-05-19,1099.357666015625,1858.5999755859375,1867.800048828125,1822.199951171875,1825.0,944127
2010-05-20,1101.7530517578125,1862.6500244140625,1884.800048828125,1848.699951171875,1865.0,270724
2010-05-21,1097.2283935546875,1855.0,1863.199951171875,1821.550048828125,1836.199951171875,284974
2010-05-24,1119.7938232421875,1893.1500244140625,1899.9000244140625,1855.0999755859375,1865.0,198281
2010-05-25,1105.21337890625,1868.5,1904.0,1845.5,1889.699951171875,511408
2010-05-26,1123.106201171875,1898.75,1909.949951171875,1855.0,1855.0,318450
2010-05-27,1123.1356201171875,1898.800048828125,1919.8499755859375,1875.5,1891.0,415299
2010-05-28,1135.468505859375,1919.6500244140625,1925.0,1891.300048828125,1910.0,237902
2010-05-31,1145.9971923828125,1937.449951171875,1949.800048828125,1912.199951171875,1931.0,291403
2010-06-01,1138.307373046875,1924.449951171875,1953.699951171875,1901.550048828125,1950.0,486762
2010-06-02,1174.9805908203125,1986.449951171875,1998.0,1912.0999755859375,1929.0,887510
2010-06-03,1170.83984375,1979.449951171875,2049.0,1975.0,1995.0,557550
2010-06-04,1180.7769775390625,1996.25,2012.449951171875,1974.0,1979.0,223673
2010-06-07,1169.893798828125,1977.8499755859375,1996.0,1951.0,1970.0,576762
2010-06-08,1141.97509765625,1930.6500244140625,2004.9000244140625,1924.1500244140625,1985.0,371306
2010-06-09,1136.0302734375,1920.5999755859375,1947.800048828125,1910.0,1930.0,345811
2010-06-10,1186.396240234375,2005.75,2012.0,1920.0999755859375,1925.0,510463
2010-06-11,1190.8916015625,2013.3499755859375,2034.449951171875,2004.1500244140625,2015.0,283680
2010-06-14,1188.052490234375,2008.550048828125,2029.0,1995.199951171875,2015.1500244140625,217847
2010-06-15,1199.5279541015625,2027.949951171875,2035.0,1993.550048828125,2010.0,267528
2010-06-16,1193.110107421875,2017.0999755859375,2040.800048828125,2001.0,2035.0,216357
2010-06-17,1173.3834228515625,1983.75,2010.0,1970.0,2005.550048828125,431761
2010-06-18,1195.357666015625,2020.9000244140625,2033.75,1987.0,1987.0,577755
2010-06-21,1198.6107177734375,2026.4000244140625,2046.800048828125,2020.0,2031.550048828125,269973
2010-06-22,1194.8253173828125,2020.0,2032.75,2010.0,2010.0,242793
2010-06-23,1206.00439453125,2038.9000244140625,2047.9000244140625,2002.1500244140625,2022.0,360320
2010-06-24,1217.5386962890625,2058.39990234375,2064.0,2025.25,2025.25,675428
2010-06-25,1216.1785888671875,2056.10009765625,2064.89990234375,2038.0999755859375,2050.0,196318
2010-06-28,1214.6109619140625,2053.449951171875,2059.0,2028.199951171875,2045.5,132807
2010-06-29,1210.97314453125,2047.300048828125,2056.0,2026.0999755859375,2043.0999755859375,116120
2010-06-30,1211.7122802734375,2048.550048828125,2070.0,2022.0999755859375,2042.5,208385
2010-07-01,1194.9139404296875,2020.1500244140625,2057.0,2015.199951171875,2055.0,256604
2010-07-02,1195.3873291015625,2020.949951171875,2041.0999755859375,2015.0,2020.1500244140625,107595
2010-07-05,1196.156005859375,2022.25,2029.9000244140625,1995.199951171875,2021.0,129470
2010-07-06,1191.2467041015625,2013.949951171875,2031.5,2003.0,2026.0,123331
2010-07-07,1183.823486328125,2001.4000244140625,2023.0,1995.0,2005.0999755859375,105061
2010-07-08,1187.461181640625,2007.550048828125,2026.75,1996.0,2020.0,174648
2010-07-09,1189.5609130859375,2011.0999755859375,2021.9000244140625,1998.699951171875,2009.0,246043
2010-07-12,1168.0894775390625,1974.800048828125,2037.699951171875,1970.300048828125,2037.699951171875,267548
2010-07-13,1170.4261474609375,1978.75,1994.0,1965.0,1980.0,224651
2010-07-14,1182.2855224609375,1998.800048828125,2018.699951171875,1976.550048828125,1981.0,374991
2010-07-15,1169.2725830078125,1976.800048828125,1997.0,1967.050048828125,1990.0,142748
2010-07-16,1171.047119140625,1979.800048828125,1990.0,1970.0,1974.0,74089
2010-07-19,1157.3538818359375,1956.6500244140625,1978.050048828125,1951.1500244140625,1970.0,189214
2010-07-20,1150.3746337890625,1944.8499755859375,1974.800048828125,1940.0999755859375,1960.25,248336
2010-07-21,1148.2449951171875,1941.25,1960.0,1935.0,1953.0,318839
2010-07-22,1152.1488037109375,1947.8499755859375,1952.6500244140625,1920.0999755859375,1939.0,272526
2010-07-23,1153.8050537109375,1950.6500244140625,1976.949951171875,1934.300048828125,1955.0,382705
2010-07-26,1067.2392578125,1804.300048828125,1965.0,1794.0,1965.0,1308174
2010-07-27,1101.96044921875,1863.0,1901.9000244140625,1805.0999755859375,1810.0,1804646
2010-07-28,1097.2579345703125,1855.050048828125,1883.9000244140625,1827.449951171875,1870.0,1918279
2010-07-29,1108.644287109375,1874.300048828125,1894.9000244140625,1830.0,1852.0,1430935
2010-07-30,1073.4793701171875,1814.8499755859375,1845.0,1790.5,1845.0,1682439
2010-08-02,1079.5721435546875,1825.1500244140625,1844.0,1820.0,1820.5999755859375,342168
2010-08-03,1100.4222412109375,1860.4000244140625,1869.4000244140625,1830.0,1830.0,514524
2010-08-04,1116.09716796875,1886.9000244140625,1889.949951171875,1848.0,1865.0,457138
2010-08-05,1101.6644287109375,1862.5,1886.9000244140625,1853.25,1886.9000244140625,355350
2010-08-06,1084.5406494140625,1833.550048828125,1874.0,1830.1500244140625,1863.0,132136
2010-08-09,1103.4683837890625,1865.550048828125,1875.0,1830.0,1830.0,242353
2010-08-10,1104.1484375,1866.699951171875,1882.0,1850.550048828125,1866.0,514842
2010-08-11,1104.0006103515625,1866.449951171875,1878.9000244140625,1853.0999755859375,1868.0,287017
2010-08-12,1103.6162109375,1865.800048828125,1876.5,1832.0,1851.0,291243
2010-08-13,1114.5294189453125,1884.25,1899.949951171875,1868.25,1869.0,382334
2010-08-16,1119.024658203125,1891.8499755859375,1912.0,1870.0999755859375,1870.0999755859375,234697
2010-08-17,1126.8326416015625,1905.050048828125,1913.449951171875,1893.4000244140625,1898.0,480626
2010-08-18,1129.1689453125,1909.0,1913.949951171875,1882.0999755859375,1907.0,175493
2010-08-19,1125.47216796875,1902.75,1914.699951171875,1900.0,1914.699951171875,180129
2010-08-20,1133.191162109375,1915.800048828125,1925.0,1891.0,1912.449951171875,313716
2010-08-23,1138.2779541015625,1924.4000244140625,1928.9000244140625,1916.300048828125,1920.6500244140625,178697
2010-08-24,1117.9010009765625,1889.949951171875,1933.0,1885.1500244140625,1917.550048828125,127183
2010-08-25,1087.29052734375,1838.199951171875,1889.0,1832.0,1889.0,457392
2010-08-26,1092.4075927734375,1846.8499755859375,1857.699951171875,1826.5999755859375,1838.0,569187
2010-08-27,1056.26708984375,1785.75,1870.0,1772.9000244140625,1852.0,338909
2010-08-30,1077.4736328125,1791.0,1804.800048828125,1768.0,1790.0,443800
2010-08-31,1077.8043212890625,1791.550048828125,1804.3499755859375,1669.9000244140625,1785.0,1490941
2010-09-01,1061.71142578125,1764.800048828125,1809.449951171875,1740.0,1795.199951171875,756310
2010-09-02,1020.1404418945312,1695.699951171875,1777.800048828125,1690.0,1775.0,872887
2010-09-03,1044.9268798828125,1736.9000244140625,1747.800048828125,1701.0,1705.0,1272843
2010-09-06,1024.7127685546875,1703.300048828125,1749.0,1693.0,1720.0,929677
2010-09-07,1028.0518798828125,1708.8499755859375,1728.0,1704.0,1705.0,526619
2010-09-08,1026.1866455078125,1705.75,1714.5,1698.0,1708.0,364977
2010-09-09,1042.6705322265625,1733.1500244140625,1738.8499755859375,1706.5,1710.0,526854
2010-09-13,1039.3917236328125,1727.699951171875,1748.9000244140625,1723.1500244140625,1740.199951171875,191565
2010-09-14,1035.7823486328125,1721.699951171875,1744.9000244140625,1715.0,1734.5,297159
2010-09-15,1048.08544921875,1742.1500244140625,1747.6500244140625,1712.0,1712.0,324208
2010-09-16,1042.76123046875,1733.300048828125,1769.9000244140625,1721.1500244140625,1745.0,304038
2010-09-17,1049.89013671875,1745.1500244140625,1767.8499755859375,1735.25,1735.25,251514
2010-09-20,1095.67236328125,1821.25,1832.0,1747.0999755859375,1750.0,678887
2010-09-21,1088.3323974609375,1809.050048828125,1869.0,1780.199951171875,1826.0,702407
2010-09-22,1091.3704833984375,1814.0999755859375,1819.0,1764.0,1809.9000244140625,533460
2010-09-23,1086.1065673828125,1805.3499755859375,1815.0,1781.5999755859375,1815.0,265090
2010-09-24,1121.240234375,1863.75,1875.0,1787.5,1800.0,438846
2010-09-27,1119.195068359375,1860.3499755859375,1888.0,1851.1500244140625,1875.0,289297
2010-09-28,1115.8861083984375,1854.8499755859375,1875.0,1846.25,1860.3499755859375,245554
2010-09-29,1122.05224609375,1865.0999755859375,1877.949951171875,1852.0999755859375,1863.0999755859375,328309
2010-09-30,1117.7811279296875,1858.0,1874.9000244140625,1836.050048828125,1865.0999755859375,537861
2010-10-01,1111.885498046875,1848.199951171875,1865.0,1830.0,1865.0,366450
2010-10-04,1086.1968994140625,1805.5,1859.0,1795.199951171875,1848.199951171875,462131
2010-10-05,1083.5499267578125,1801.0999755859375,1820.0,1793.0,1805.0,270704
2010-10-06,1096.6348876953125,1822.8499755859375,1835.0,1807.0,1815.949951171875,221390
2010-10-07,1109.11767578125,1843.5999755859375,1851.0,1823.0,1823.0,548828
2010-10-08,1109.4488525390625,1844.1500244140625,1850.050048828125,1828.0,1843.0,446061
2010-10-11,1127.52685546875,1874.199951171875,1879.800048828125,1845.0,1845.0,560192
2010-10-12,1130.08349609375,1878.449951171875,1888.0,1858.3499755859375,1872.0999755859375,274892
2010-10-13,1130.715576171875,1879.5,1889.0,1861.0,1878.449951171875,323820
2010-10-14,1119.9168701171875,1861.550048828125,1894.0,1846.0,1883.0,427405
2010-10-15,1076.72119140625,1789.75,1875.0,1777.0999755859375,1861.0,352063
2010-10-18,1084.241455078125,1802.25,1815.0,1793.0,1800.0,377540
2010-10-19,1104.996826171875,1836.75,1854.9000244140625,1800.25,1820.0,282949
2010-10-20,1106.1700439453125,1838.699951171875,1855.9000244140625,1830.0,1836.0,159957
2010-10-21,1114.5626220703125,1852.6500244140625,1860.0,1840.5,1841.0,556608
2010-10-22,1115.344482421875,1853.949951171875,1871.0,1831.199951171875,1841.0,231839
2010-10-25,1120.7589111328125,1862.949951171875,1885.0,1843.050048828125,1870.0,578378
2010-10-26,1121.5108642578125,1864.199951171875,1878.8499755859375,1855.0,1869.0,602094
2010-10-27,1118.5631103515625,1859.300048828125,1874.9000244140625,1846.0,1867.0,258194
2010-10-28,1147.7108154296875,1907.75,1927.0,1865.1500244140625,1865.5,835409
2010-10-29,1122.142822265625,1865.25,1920.0,1845.550048828125,1910.0,471926
2010-11-01,1105.95947265625,1838.3499755859375,1850.0,1815.550048828125,1841.5999755859375,324812
2010-11-02,1114.7427978515625,1852.949951171875,1873.0,1849.949951171875,1850.0,981260
2010-11-03,1123.586669921875,1867.6500244140625,1878.0,1853.0,1853.0,79790
2010-11-04,1107.3131103515625,1840.5999755859375,1886.300048828125,1832.0,1875.0,469003
2010-11-08,1100.5450439453125,1829.3499755859375,1874.0,1818.0,1874.0,445644
2010-11-09,1099.28173828125,1827.25,1840.0,1820.0,1835.0,548506
2010-11-10,1088.8739013671875,1809.949951171875,1838.0,1800.0,1828.0,193796
2010-11-11,1094.8599853515625,1819.9000244140625,1832.949951171875,1807.050048828125,1810.0,197260
2010-11-12,1097.6572265625,1824.550048828125,1834.9000244140625,1795.0,1800.0,175648
2010-11-15,1103.2220458984375,1833.800048828125,1852.9000244140625,1807.0999755859375,1816.1500244140625,240297
2010-11-16,1093.415771484375,1817.5,1840.0,1800.0,1840.0,138058
2010-11-18,1151.0797119140625,1913.3499755859375,1955.0,1822.75,1868.699951171875,1047005
2010-11-19,1169.81982421875,1944.5,1960.0,1896.0,1903.1500244140625,988584
2010-11-22,1175.89599609375,1954.5999755859375,1964.550048828125,1912.5999755859375,1937.0,336506
2010-11-23,1177.7308349609375,1957.6500244140625,1964.0,1922.0,1945.0,205254
2010-11-24,1161.9388427734375,1931.4000244140625,1970.0,1919.0999755859375,1968.0,170306
2010-11-25,1173.76025390625,1951.050048828125,1970.0,1902.3499755859375,1905.300048828125,307208
2010-11-26,1165.0372314453125,1936.550048828125,1969.0,1927.5,1950.0,280632
2010-11-29,1171.02294921875,1946.5,1960.0,1931.0999755859375,1950.5999755859375,100210
2010-11-30,1192.8011474609375,1982.699951171875,2061.89990234375,1929.0,1948.0,575576
2010-12-01,1158.3594970703125,1925.449951171875,2005.0,1900.0,1962.199951171875,448708
2010-12-02,1071.5780029296875,1781.199951171875,1935.0,1771.0,1927.0,1821292
2010-12-03,1106.681640625,1839.550048828125,1884.800048828125,1775.0,1775.0,2189933
2010-12-06,1067.7274169921875,1774.800048828125,1814.3499755859375,1743.4000244140625,1802.0,660877
2010-12-07,1076.4808349609375,1789.3499755859375,1800.0,1764.800048828125,1770.0,306300
2010-12-08,1057.6806640625,1758.0999755859375,1800.0,1751.0,1789.949951171875,347505
2010-12-09,1052.74755859375,1749.9000244140625,1778.0,1710.0999755859375,1767.0,283575
2010-12-10,1074.0445556640625,1785.300048828125,1795.0,1729.550048828125,1752.0,247544
2010-12-13,1067.2159423828125,1773.949951171875,1799.0,1745.199951171875,1785.25,252131
2010-12-14,1030.3980712890625,1712.75,1758.0,1705.5,1758.0,609137
2010-12-15,975.5316772460938,1621.550048828125,1740.9000244140625,1559.0,1706.0,2425129
2010-12-16,1011.7183837890625,1681.699951171875,1702.5,1588.5,1621.0,3264774
2010-12-20,1191.4775390625,1980.5,1997.0,1770.0,1770.0,6157352
2010-12-21,1186.6649169921875,1972.5,1988.800048828125,1908.6500244140625,1988.800048828125,2886164
2010-12-22,1167.0220947265625,1939.8499755859375,1967.699951171875,1917.0,1966.0,1195471
2010-12-23,1156.7650146484375,1922.800048828125,1940.0,1917.0999755859375,1928.800048828125,530885
2010-12-24,1161.457275390625,1930.5999755859375,1952.0,1892.0,1892.0,964839
2010-12-27,1165.8192138671875,1937.8499755859375,1950.0,1920.0,1920.0,266023
2010-12-28,1170.0604248046875,1944.9000244140625,1953.0,1920.0,1936.949951171875,262404
2010-12-29,1176.888671875,1956.25,1963.699951171875,1935.050048828125,1945.0,307041
2010-12-30,1199.3887939453125,1993.6500244140625,2019.0,1941.0999755859375,1956.25,939385
2010-12-31,1196.0799560546875,1988.1500244140625,2015.0,1968.300048828125,1983.0,425565
2011-01-03,1195.1473388671875,1986.5999755859375,2020.0,1958.300048828125,2014.0,564296
2011-01-04,1190.7857666015625,1979.3499755859375,1988.9000244140625,1956.25,1980.1500244140625,354865
2011-01-05,1145.0938720703125,1903.4000244140625,1983.699951171875,1895.0,1983.699951171875,365704
2011-01-06,1134.7762451171875,1886.25,1918.699951171875,1860.0,1918.550048828125,285534
2011-01-07,1130.9261474609375,1879.8499755859375,1909.0,1845.0,1863.5999755859375,725768
2011-01-10,1081.4439697265625,1797.5999755859375,1885.0,1777.0,1879.0,717095
2011-01-11,1110.2608642578125,1845.5,1873.800048828125,1801.0,1801.0,310885
2011-01-12,1127.4068603515625,1874.0,1885.0,1810.0,1841.0,384124
2011-01-13,1098.37890625,1825.75,1885.0,1816.300048828125,1851.5,434079
2011-01-14,1091.942138671875,1815.050048828125,1850.0,1802.5,1810.0,324542
2011-01-17,1075.518310546875,1787.75,1810.0,1765.050048828125,1796.0,225503
2011-01-18,1074.9765625,1786.8499755859375,1794.0,1756.0,1788.0,199334
2011-01-19,1061.4405517578125,1764.3499755859375,1807.5999755859375,1749.300048828125,1787.0,218542
2011-01-20,1068.56982421875,1776.199951171875,1808.699951171875,1760.3499755859375,1775.0,339317
2011-01-21,1054.7628173828125,1753.25,1781.9000244140625,1742.0,1760.0,108075
2011-01-24,1049.378662109375,1744.300048828125,1769.3499755859375,1734.3499755859375,1769.3499755859375,133201
2011-01-25,1067.5772705078125,1774.550048828125,1784.050048828125,1744.0,1750.0,267721
2011-01-27,1037.166259765625,1724.0,1795.0,1710.5,1795.0,405139
2011-01-28,996.8280639648438,1656.949951171875,1729.800048828125,1636.9000244140625,1725.0,662639
2011-01-31,982.4801025390625,1633.0999755859375,1650.0,1591.0,1630.0,333964
2011-02-01,968.7938232421875,1610.3499755859375,1668.0,1591.1500244140625,1665.0,747744
2011-02-02,916.1231689453125,1522.800048828125,1634.699951171875,1508.050048828125,1602.0,1471867
2011-02-03,940.7588500976562,1563.75,1574.0,1505.300048828125,1510.0,919048
2011-02-04,924.7862548828125,1537.199951171875,1584.0,1517.449951171875,1550.0,873362
2011-02-07,952.4600830078125,1583.199951171875,1599.0,1540.0,1540.0,1246341
2011-02-08,906.5878295898438,1506.949951171875,1598.0,1499.0,1598.0,351230
2011-02-09,866.6411743164062,1440.550048828125,1516.0999755859375,1415.1500244140625,1516.0999755859375,512711
2011-02-10,871.9054565429688,1449.300048828125,1486.0,1432.699951171875,1443.0999755859375,277371
2011-02-11,884.057861328125,1469.5,1494.9000244140625,1426.0,1426.0,839798
2011-02-14,918.7101440429688,1527.0999755859375,1542.0,1477.0,1477.0,605925
2011-02-15,912.6339111328125,1517.0,1539.800048828125,1501.0,1539.0,237967
2011-02-16,898.074951171875,1492.800048828125,1532.25,1485.25,1501.25,208174
2011-02-17,901.2634887695312,1498.0999755859375,1509.800048828125,1484.0,1500.0,255736
2011-02-18,881.2904663085938,1464.9000244140625,1523.0,1455.0,1505.0,282217
2011-02-21,865.6185913085938,1438.8499755859375,1474.9000244140625,1418.050048828125,1467.199951171875,533743
2011-02-22,836.5612182617188,1390.550048828125,1438.0,1375.75,1438.0,887934
2011-02-23,885.7422485351562,1472.300048828125,1517.699951171875,1378.0,1387.0,1229812
2011-02-24,899.248291015625,1494.75,1522.0,1463.0999755859375,1494.75,1420337
2011-02-25,902.7376098632812,1500.550048828125,1512.0,1451.050048828125,1508.699951171875,1217351
2011-02-28,881.4708862304688,1465.199951171875,1530.0,1440.199951171875,1486.5,800390
2011-03-01,897.5032958984375,1491.8499755859375,1510.0,1470.550048828125,1475.199951171875,538135
2011-03-03,906.2568969726562,1506.4000244140625,1517.4000244140625,1482.0,1497.5,896338
2011-03-04,924.5457763671875,1536.800048828125,1554.449951171875,1507.199951171875,1520.0,475633
2011-03-07,922.1393432617188,1532.800048828125,1548.0,1520.0,1528.9000244140625,539119
2011-03-08,911.4607543945312,1515.050048828125,1545.0,1471.0,1544.449951171875,1494246
2011-03-09,925.0873413085938,1537.699951171875,1548.199951171875,1492.0,1510.0,623731
2011-03-10,924.2448120117188,1536.300048828125,1574.8499755859375,1520.199951171875,1526.0,915890
2011-03-11,920.5449829101562,1530.1500244140625,1560.0,1525.800048828125,1540.0,1235111
2011-03-14,921.1165161132812,1531.0999755859375,1549.9000244140625,1507.0,1520.5,468650
2011-03-15,916.8452758789062,1524.0,1539.9000244140625,1490.0,1509.0,416018
2011-03-16,912.2730712890625,1516.4000244140625,1525.0,1508.0,1517.0,309358
2011-03-17,908.512939453125,1510.1500244140625,1528.0,1493.050048828125,1493.050048828125,202993
2011-03-18,886.4642333984375,1473.5,1528.699951171875,1458.5999755859375,1510.050048828125,361084
2011-03-21,862.8512573242188,1434.25,1493.3499755859375,1422.550048828125,1490.9000244140625,416861
2011-03-22,867.152587890625,1441.4000244140625,1452.800048828125,1413.800048828125,1445.0,393956
2011-03-23,872.5369873046875,1450.3499755859375,1464.949951171875,1443.199951171875,1446.0,323928
2011-03-24,887.7273559570312,1475.5999755859375,1482.0,1450.3499755859375,1450.3499755859375,210250
2011-03-25,897.1427001953125,1491.25,1499.0,1472.3499755859375,1499.0,455606
2011-03-28,902.8579711914062,1500.75,1510.3499755859375,1481.550048828125,1489.0,372810
2011-03-29,929.2380981445312,1544.5999755859375,1583.0,1511.0,1512.800048828125,745612
2011-03-30,937.0291137695312,1557.550048828125,1573.699951171875,1550.0,1554.0,223344
2011-03-31,956.2202758789062,1589.449951171875,1619.0,1558.1500244140625,1560.0,921560
2011-04-01,964.2216796875,1602.75,1635.4000244140625,1592.6500244140625,1595.0,310597
2011-04-04,973.3358764648438,1617.9000244140625,1640.0,1613.0,1630.0,303895
2011-04-05,988.5863647460938,1643.25,1653.800048828125,1620.0,1620.0,296575
2011-04-06,1012.0792846679688,1682.300048828125,1689.0,1640.1500244140625,1640.1500244140625,308362
2011-04-07,1019.6293334960938,1694.8499755859375,1708.699951171875,1675.0,1680.0,397379
2011-04-08,1000.7386474609375,1663.449951171875,1691.800048828125,1655.0,1691.0,384032
2011-04-11,985.6084594726562,1638.300048828125,1657.5,1624.050048828125,1645.0,198337
2011-04-13,1043.8739013671875,1735.1500244140625,1770.0,1628.0,1630.0,753957
2011-04-15,1101.9886474609375,1831.75,1848.0,1740.0,1750.0,1182968
2011-04-18,1121.3004150390625,1863.8499755859375,1949.800048828125,1815.0,1840.0,2489646
2011-04-19,1062.9444580078125,1766.8499755859375,1883.0,1760.0,1863.0,1315296
2011-04-20,1091.603515625,1742.5999755859375,1749.699951171875,1701.0999755859375,1722.9000244140625,725802
2011-04-21,1119.5421142578125,1787.199951171875,1799.949951171875,1750.0,1750.0,507364
2011-04-25,1111.0228271484375,1773.5999755859375,1800.0,1764.5,1790.0,194999
2011-04-26,1109.613525390625,1771.3499755859375,1792.0,1753.6500244140625,1775.0,405596
2011-04-27,1091.4781494140625,1742.4000244140625,1797.0,1731.699951171875,1775.0,305033
2011-04-28,1062.06787109375,1695.449951171875,1757.25,1686.25,1748.0,590224
2011-04-29,1071.182373046875,1710.0,1728.8499755859375,1651.1500244140625,1688.9000244140625,713420
2011-05-02,1058.184326171875,1689.25,1722.9000244140625,1680.0,1715.0,279917
2011-05-03,1037.7940673828125,1656.699951171875,1709.0,1647.050048828125,1686.0,273781
2011-05-04,1001.461181640625,1598.699951171875,1654.0,1575.1500244140625,1654.0,701193
2011-05-05,1063.32080078125,1697.449951171875,1712.800048828125,1600.0,1610.0,1348468
2011-05-06,1105.9801025390625,1765.550048828125,1780.0,1668.449951171875,1701.9000244140625,853507
2011-05-09,1091.7288818359375,1742.800048828125,1765.5,1728.3499755859375,1752.0999755859375,325567
2011-05-10,1073.625244140625,1713.9000244140625,1759.949951171875,1704.0999755859375,1725.5,507755
2011-05-11,1112.6199951171875,1776.1500244140625,1800.0,1714.0,1714.0,1087153
2011-05-12,1096.3646240234375,1750.199951171875,1790.0,1743.0999755859375,1769.0,374931
2011-05-13,1126.3076171875,1798.0,1812.6500244140625,1750.199951171875,1750.199951171875,436312
2011-05-16,1166.9307861328125,1862.8499755859375,1880.0,1763.050048828125,1778.0,948427
2011-05-17,1129.2830810546875,1802.75,1855.949951171875,1791.0,1851.0,571114
2011-05-18,1153.6510009765625,1841.6500244140625,1853.800048828125,1798.0,1804.1500244140625,540674
2011-05-19,1123.457275390625,1793.449951171875,1837.4000244140625,1790.0,1825.25,291385
2011-05-20,1133.041259765625,1808.75,1835.050048828125,1773.5,1785.0,328609
2011-05-23,1120.5755615234375,1788.8499755859375,1806.3499755859375,1759.5,1790.0,222519
2011-05-24,1139.086181640625,1818.4000244140625,1826.0,1775.4000244140625,1800.0,391375
2011-05-25,1131.35009765625,1806.050048828125,1824.949951171875,1776.5,1812.0,382503
2011-05-26,1180.1798095703125,1884.0,1949.0,1798.0,1818.0,844136
2011-05-27,1159.1005859375,1850.3499755859375,1893.0,1833.3499755859375,1867.9000244140625,371051
2011-05-30,1150.4559326171875,1836.550048828125,1870.0,1829.9000244140625,1854.0,192693
2011-05-31,1161.8568115234375,1854.75,1867.0,1840.1500244140625,1849.9000244140625,203942
2011-06-01,1167.244384765625,1863.3499755859375,1875.050048828125,1845.0999755859375,1845.0999755859375,238865
2011-06-02,1172.13037109375,1871.1500244140625,1889.0,1847.449951171875,1851.25,460843
2011-06-03,1165.834716796875,1861.0999755859375,1883.9000244140625,1850.0,1872.0,163034
2011-06-06,1165.4591064453125,1860.5,1869.949951171875,1836.050048828125,1869.949951171875,121572
2011-06-07,1148.2008056640625,1832.949951171875,1868.699951171875,1828.25,1868.699951171875,225451
2011-06-08,1104.946533203125,1763.9000244140625,1829.0,1759.050048828125,1829.0,524850
2011-06-09,1091.1026611328125,1741.800048828125,1785.9000244140625,1736.3499755859375,1768.9000244140625,735214
2011-06-10,1080.2027587890625,1724.4000244140625,1753.9000244140625,1713.050048828125,1747.25,542605
2011-06-13,1086.6549072265625,1734.699951171875,1747.4000244140625,1708.5,1715.0,360844
2011-06-14,1087.5633544921875,1736.1500244140625,1756.5999755859375,1731.1500244140625,1735.0,222867
2011-06-15,1094.32861328125,1746.949951171875,1755.0,1725.75,1735.3499755859375,213531
2011-06-16,1088.00146484375,1736.8499755859375,1754.949951171875,1731.0,1739.0,164588
2011-06-17,1084.7757568359375,1731.699951171875,1745.0,1725.050048828125,1726.0999755859375,287182
2011-06-20,1090.1314697265625,1740.25,1752.6500244140625,1726.550048828125,1726.550048828125,462979
2011-06-21,1103.975341796875,1762.3499755859375,1778.4000244140625,1741.0999755859375,1747.0,239719
2011-06-22,1094.954833984375,1747.949951171875,1778.800048828125,1727.0999755859375,1763.0,218404
2011-06-23,1104.5078125,1763.199951171875,1768.449951171875,1717.050048828125,1732.050048828125,353597
2011-06-24,1168.121337890625,1864.75,1871.800048828125,1768.0,1768.0,863114
2011-06-27,1160.2596435546875,1852.199951171875,1865.5,1833.0999755859375,1833.0999755859375,457678
2011-06-28,1156.9708251953125,1846.949951171875,1864.8499755859375,1835.5,1850.050048828125,259402
2011-06-29,1158.2235107421875,1848.949951171875,1878.75,1840.800048828125,1844.0,447214
2011-06-30,1175.9200439453125,1877.199951171875,1887.5,1842.0,1847.0,596638
2011-07-01,1189.701416015625,1899.199951171875,1903.9000244140625,1883.0,1890.0,449943
2011-07-04,1189.1689453125,1898.3499755859375,1920.0,1889.25,1912.0,190595
2011-07-05,1188.855712890625,1897.8499755859375,1905.0,1875.199951171875,1893.0,199895
2011-07-06,1167.807861328125,1864.25,1895.0,1857.1500244140625,1895.0,164926
2011-07-07,1178.2691650390625,1880.949951171875,1885.0,1866.0,1866.0,369241
2011-07-08,1191.58056640625,1902.199951171875,1918.0,1881.0999755859375,1881.0999755859375,429962
2011-07-11,1186.443603515625,1894.0,1924.699951171875,1882.1500244140625,1891.0,207101
2011-07-12,1165.4591064453125,1860.5,1893.0,1847.949951171875,1877.0,146487
2011-07-13,1176.4837646484375,1878.0999755859375,1886.5,1860.5,1860.5,132726
2011-07-14,1159.4764404296875,1850.949951171875,1877.6500244140625,1844.0,1868.0,331334
2011-07-15,1145.2879638671875,1828.300048828125,1859.699951171875,1810.050048828125,1850.0,323622
2011-07-18,1138.2093505859375,1817.0,1837.9000244140625,1812.199951171875,1830.0,170750
2011-07-19,1122.4234619140625,1791.800048828125,1823.0999755859375,1788.050048828125,1822.5,375395
2011-07-20,1100.5615234375,1756.9000244140625,1805.9000244140625,1750.0,1798.5,373294
2011-07-21,1118.3203125,1785.25,1798.800048828125,1730.25,1750.0,1691160
2011-07-22,1140.5584716796875,1820.75,1822.8499755859375,1788.0,1795.0,527980
2011-07-25,1144.1607666015625,1826.5,1830.0,1802.3499755859375,1823.9000244140625,589496
2011-07-26,1140.7152099609375,1821.0,1847.050048828125,1805.699951171875,1833.0,580078
2011-07-27,1130.9114990234375,1805.3499755859375,1822.9000244140625,1781.550048828125,1819.199951171875,250502
2011-07-28,1142.4063720703125,1823.699951171875,1840.0,1775.0,1775.0,1168677
2011-07-29,1118.2264404296875,1785.0999755859375,1816.199951171875,1773.0,1792.0,429677
2011-08-01,1124.0523681640625,1794.4000244140625,1810.0,1761.949951171875,1785.9000244140625,173754
2011-08-02,1132.634521484375,1808.0999755859375,1816.5,1773.0,1787.199951171875,155208
2011-08-03,1129.4395751953125,1803.0,1822.0,1773.0,1782.4000244140625,206311
2011-08-04,1129.5963134765625,1803.25,1830.0,1788.800048828125,1788.800048828125,330022
2011-08-05,1118.383544921875,1785.3499755859375,1800.0,1741.0,1768.0,230939
2011-08-08,1162.3582763671875,1855.550048828125,1863.800048828125,1720.0,1745.0,446162
2011-08-09,1161.010986328125,1853.4000244140625,1880.0,1791.0,1791.0,462295
2011-08-10,1180.1484375,1883.949951171875,1889.5999755859375,1846.5,1866.0999755859375,432000
2011-08-11,1164.7381591796875,1859.3499755859375,1884.800048828125,1852.75,1874.949951171875,356386
2011-08-12,1184.0950927734375,1890.25,1914.0,1857.050048828125,1857.050048828125,474789
2011-08-16,1184.126220703125,1890.300048828125,1918.9000244140625,1880.199951171875,1900.0,385466
2011-08-17,1214.977294921875,1939.550048828125,1952.0,1890.5,1890.5,756048
2011-08-18,1223.84130859375,1953.699951171875,1963.0,1937.0,1937.0,380313
2011-08-19,1248.898193359375,1993.699951171875,2000.0,1920.0,1920.0,480001
2011-08-22,1257.63671875,2007.6500244140625,2021.5,1987.3499755859375,1994.050048828125,763875
2011-08-23,1248.177978515625,1992.550048828125,2015.6500244140625,1978.1500244140625,2009.949951171875,405250
2011-08-24,1230.888427734375,1964.949951171875,1994.949951171875,1951.300048828125,1977.5,311784
2011-08-25,1213.1904296875,1902.199951171875,1973.949951171875,1865.800048828125,1948.800048828125,933496
2011-08-26,1244.6646728515625,1951.550048828125,1965.199951171875,1878.5999755859375,1902.0,499712
2011-08-29,1257.8988037109375,1972.300048828125,1998.4000244140625,1936.550048828125,1954.550048828125,581650
2011-08-30,1308.5704345703125,2051.75,2068.0,1982.25,1984.0,736166
2011-09-02,1321.964111328125,2072.75,2121.64990234375,2048.050048828125,2110.0,432735
2011-09-05,1392.5030517578125,2183.35009765625,2193.0,2048.0,2050.0,1079760
2011-09-06,1382.3621826171875,2167.449951171875,2207.949951171875,2150.0,2189.699951171875,711871
2011-09-07,1385.8375244140625,2172.89990234375,2187.199951171875,2135.25,2180.0,527380
2011-09-08,1383.7969970703125,2169.699951171875,2187.0,2143.0,2166.10009765625,373029
2011-09-09,1417.4718017578125,2222.5,2237.0,2165.449951171875,2165.5,868373
2011-09-12,1412.1466064453125,2214.14990234375,2230.0,2186.14990234375,2200.0,479985
2011-09-13,1404.9716796875,2202.89990234375,2229.300048828125,2190.699951171875,2204.0,432679
2011-09-14,1399.0716552734375,2193.64990234375,2209.0,2167.85009765625,2197.75,1258246
2011-09-15,1404.620361328125,2202.35009765625,2213.60009765625,2184.050048828125,2195.0,441841
2011-09-16,1403.2813720703125,2200.25,2222.0,2191.64990234375,2200.0,305050
2011-09-19,1403.8553466796875,2201.14990234375,2215.0,2185.39990234375,2186.050048828125,220974
2011-09-20,1406.757080078125,2205.699951171875,2217.5,2191.14990234375,2195.0,335286
2011-09-21,1361.2193603515625,2134.300048828125,2213.699951171875,2118.949951171875,2213.699951171875,745676
2011-09-22,1331.0203857421875,2086.949951171875,2119.949951171875,2077.5,2095.0,334283
2011-09-23,1299.1954345703125,2037.050048828125,2086.949951171875,2021.4000244140625,2055.0,539677
2011-09-26,1260.6094970703125,1976.550048828125,2045.0,1953.75,2040.0,673096
2011-09-27,1270.909423828125,1992.699951171875,2018.800048828125,1985.050048828125,2000.050048828125,389532
2011-09-28,1248.746337890625,1957.949951171875,2006.050048828125,1950.3499755859375,2006.0,263193
2011-09-29,1276.1075439453125,2000.8499755859375,2018.949951171875,1915.5999755859375,1950.0,1400868
2011-09-30,1238.4141845703125,1941.75,1994.9000244140625,1920.0,1994.9000244140625,637049
2011-10-03,1249.862548828125,1959.699951171875,1966.9000244140625,1904.3499755859375,1933.949951171875,561252
2011-10-04,1250.978515625,1961.449951171875,1995.0,1927.0,1927.0,597115
2011-10-05,1243.5167236328125,1949.75,1970.9000244140625,1936.4000244140625,1955.050048828125,410851
2011-10-07,1237.87255859375,1940.9000244140625,1999.9000244140625,1912.199951171875,1985.0,542327
2011-10-10,1250.5643310546875,1960.800048828125,1972.699951171875,1918.5,1931.0,409363
2011-10-11,1260.067138671875,1975.699951171875,1994.699951171875,1968.5999755859375,1968.5999755859375,248978
2011-10-12,1276.1075439453125,2000.8499755859375,2035.25,1965.0,1980.0,505210
2011-10-13,1264.021728515625,1981.9000244140625,2025.5,1973.949951171875,2010.0,289424
2011-10-14,1271.5791015625,1993.75,2010.0,1968.0,1968.0,221667
2011-10-17,1270.9735107421875,1992.800048828125,2027.5999755859375,1975.0999755859375,2004.0,224721
2011-10-18,1266.540771484375,1985.8499755859375,2015.0,1963.0,1990.0,707937
2011-10-19,1318.0098876953125,2066.550048828125,2092.949951171875,2041.5,2060.0,1775133
2011-10-20,1294.7305908203125,2030.050048828125,2055.75,1997.0,2046.0,785209
2011-10-21,1308.92138671875,2052.300048828125,2066.25,2005.25,2030.050048828125,717701
2011-10-24,1321.8365478515625,2072.550048828125,2090.60009765625,2061.449951171875,2069.699951171875,294840
2011-10-25,1333.220947265625,2090.39990234375,2106.39990234375,2032.0999755859375,2073.0,1091808
2011-10-28,1375.951904296875,2157.39990234375,2231.449951171875,2140.0,2160.0,527873
2011-10-31,1391.2271728515625,2181.35009765625,2190.60009765625,2150.0,2150.0,485738
2011-11-01,1363.164794921875,2137.35009765625,2175.550048828125,2122.300048828125,2159.0,334932
2011-11-02,1332.55126953125,2089.35009765625,2139.949951171875,2069.199951171875,2120.0,615746
2011-11-03,1321.0394287109375,2071.300048828125,2089.0,2035.6500244140625,2081.199951171875,1043359
2011-11-04,1348.14501953125,2113.800048828125,2133.64990234375,2085.199951171875,2085.199951171875,323921
2011-11-08,1351.9078369140625,2119.699951171875,2151.60009765625,2111.0,2136.0,211070
2011-11-09,1364.918701171875,2140.10009765625,2166.800048828125,2125.300048828125,2134.699951171875,352001
2011-11-11,1385.8695068359375,2172.949951171875,2188.89990234375,2115.0,2120.0,346536
2011-11-14,1409.2125244140625,2209.550048828125,2249.699951171875,2177.0,2177.0,847401
2011-11-15,1378.662841796875,2161.64990234375,2229.0,2147.5,2205.0,381063
2011-11-16,1341.7353515625,2103.75,2159.5,2087.449951171875,2149.050048828125,459599
2011-11-17,1351.302001953125,2118.75,2153.5,2075.699951171875,2093.699951171875,595134
2011-11-18,1398.91259765625,2193.39990234375,2202.0,2100.0,2100.0,865363
2011-11-21,1385.009033203125,2171.60009765625,2198.0,2156.0,2181.0,658421
2011-11-22,1382.010986328125,2166.89990234375,2196.5,2134.050048828125,2177.699951171875,587439
2011-11-23,1356.3404541015625,2126.64990234375,2220.0,2103.0,2159.949951171875,786798
2011-11-24,1343.744140625,2106.89990234375,2153.64990234375,2078.25,2112.0,598972
2011-11-25,1298.6529541015625,2036.199951171875,2095.0,2023.0,2090.0,780396
2011-11-28,1296.771484375,2033.25,2082.75,2024.199951171875,2059.0,404303
2011-11-29,1314.565673828125,2061.14990234375,2078.89990234375,1990.75,2030.0999755859375,722677
2011-11-30,1275.3740234375,1999.699951171875,2087.300048828125,1971.0999755859375,2061.0,2870263
2011-12-01,1331.8814697265625,2088.300048828125,2101.0,2035.0,2035.0,466629
2011-12-02,1327.1939697265625,2080.949951171875,2108.89990234375,2056.0,2094.10009765625,720064
2011-12-05,1315.0123291015625,2061.85009765625,2080.0,2051.699951171875,2079.5,243911
2011-12-07,1312.6204833984375,2058.10009765625,2083.85009765625,2048.60009765625,2053.0,331557
2011-12-08,1312.365478515625,2057.699951171875,2091.300048828125,2047.0,2059.0,367679
2011-12-09,1296.8670654296875,2033.4000244140625,2057.64990234375,2011.0,2043.0,330459
2011-12-12,1260.6412353515625,1976.5999755859375,2050.050048828125,1970.449951171875,2041.0,389019
2011-12-13,1279.966064453125,2006.9000244140625,2013.800048828125,1939.800048828125,1973.5,385418
2011-12-14,1259.6842041015625,1975.0999755859375,2009.0,1965.0,2000.0,299350
2011-12-15,1247.5665283203125,1956.0999755859375,1966.300048828125,1910.0,1951.199951171875,326709
2011-12-16,1228.1781005859375,1925.699951171875,2003.0,1901.0,1960.0,385536
2011-12-19,1220.5244140625,1913.699951171875,1942.75,1878.3499755859375,1906.0,554537
2011-12-20,1154.3228759765625,1809.9000244140625,1925.0,1788.0999755859375,1917.0,626765
2011-12-21,1177.09130859375,1845.5999755859375,1863.25,1764.9000244140625,1853.0,1077209
2011-12-22,1180.24853515625,1850.550048828125,1870.0,1813.0,1813.0,558856
2011-12-23,1179.8980712890625,1850.0,1869.0,1812.0999755859375,1869.0,392373
2011-12-26,1225.49951171875,1921.5,1940.949951171875,1845.550048828125,1867.0,368195
2011-12-27,1215.3587646484375,1905.5999755859375,1935.9000244140625,1895.0,1930.0,265949
2011-12-28,1218.579345703125,1910.6500244140625,1919.9000244140625,1886.949951171875,1906.0,422058
2011-12-29,1214.6573486328125,1904.5,1919.449951171875,1892.8499755859375,1896.0,278028
2011-12-30,1215.0716552734375,1905.1500244140625,1932.5,1895.0,1895.0,273562
2012-01-02,1172.7867431640625,1838.8499755859375,1918.800048828125,1797.550048828125,1914.800048828125,910326
2012-01-03,1166.153564453125,1828.449951171875,1884.6500244140625,1801.0,1860.0,628569
2012-01-04,1139.366943359375,1786.449951171875,1827.9000244140625,1765.0999755859375,1822.0999755859375,666616
2012-01-05,1166.0260009765625,1828.25,1843.0,1782.0999755859375,1786.449951171875,626928
2012-01-06,1106.5528564453125,1735.0,1822.0999755859375,1724.75,1822.0999755859375,1034818
2012-01-09,1102.3436279296875,1728.4000244140625,1735.0,1704.0,1727.9000244140625,469866
2012-01-10,1132.3192138671875,1775.4000244140625,1779.949951171875,1731.0,1734.0,649518
2012-01-11,1153.9400634765625,1809.300048828125,1828.0,1779.5,1780.0,686840
2012-01-12,1155.885009765625,1812.3499755859375,1823.0999755859375,1782.0,1794.9000244140625,489929
2012-01-13,1143.544189453125,1793.0,1818.949951171875,1776.050048828125,1817.0,419547
2012-01-16,1147.2752685546875,1798.8499755859375,1807.300048828125,1770.0,1789.0,312900
2012-01-17,1165.6116943359375,1827.5999755859375,1840.0,1805.0,1805.0,423277
2012-01-18,1186.6900634765625,1860.6500244140625,1870.0,1836.9000244140625,1837.0,378357
2012-01-19,1215.0396728515625,1905.0999755859375,1931.75,1870.0,1870.0,758649
2012-01-20,1241.507568359375,1946.5999755859375,1995.6500244140625,1871.75,1891.0999755859375,1104305
2012-01-23,1195.9381103515625,1875.1500244140625,1949.0,1861.699951171875,1949.0,589238
2012-01-24,1204.1973876953125,1888.0999755859375,1913.5,1828.800048828125,1872.0,1001303
2012-01-25,1182.38525390625,1853.9000244140625,1895.8499755859375,1835.3499755859375,1886.300048828125,684331
2012-01-27,1159.7757568359375,1818.449951171875,1875.0,1791.0999755859375,1865.050048828125,1462110
2012-01-30,1163.53857421875,1824.3499755859375,1839.0,1800.0999755859375,1808.0,547227
2012-01-31,1187.8701171875,1862.5,1870.0,1811.9000244140625,1845.0,869800
2012-02-01,1232.2916259765625,1932.1500244140625,1945.0,1865.5999755859375,1870.0,557111
2012-02-02,1256.973876953125,1970.8499755859375,2007.800048828125,1943.9000244140625,1950.25,739646
2012-02-03,1245.525634765625,1952.9000244140625,1989.0,1940.050048828125,1982.0,371878
2012-02-06,1251.6484375,1962.5,1992.9000244140625,1952.0,1961.0,221871
2012-02-07,1243.58056640625,1949.8499755859375,2014.0,1940.699951171875,1965.0,363421
2012-02-08,1274.4169921875,1998.199951171875,2009.449951171875,1953.050048828125,1958.0,398783
2012-02-09,1271.642822265625,1993.8499755859375,2035.0,1970.699951171875,1983.0,689667
2012-02-10,1256.750732421875,1970.5,2024.0,1953.4000244140625,1985.0,281152
2012-02-13,1283.6968994140625,2012.75,2019.949951171875,1963.5,1975.0,437763
2012-02-14,1327.73583984375,2081.800048828125,2090.0,2012.0999755859375,2012.0999755859375,616998
2012-02-15,1335.5487060546875,2094.050048828125,2100.199951171875,2068.0,2090.64990234375,349374
2012-02-16,1396.776123046875,2190.050048828125,2203.14990234375,2002.0,2088.550048828125,480246
2012-02-17,1345.3067626953125,2109.35009765625,2209.949951171875,2093.35009765625,2200.0,514786
2012-02-21,1369.4786376953125,2147.25,2157.0,2121.5,2121.5,276256
2012-02-22,1365.046142578125,2140.300048828125,2198.0,2127.14990234375,2127.14990234375,273429
2012-02-23,1332.232421875,2088.85009765625,2167.89990234375,2066.800048828125,2159.949951171875,582980
2012-02-24,1322.0595703125,2072.89990234375,2109.0,2057.25,2095.0,257059
2012-02-27,1232.13232421875,1931.9000244140625,2087.0,1915.0,2087.0,635329
2012-02-28,1254.0084228515625,1966.199951171875,1986.9000244140625,1941.0,1941.0,412572
2012-02-29,1241.188720703125,1946.0999755859375,2015.0,1930.0,1984.0,462912
2012-03-01,1235.7359619140625,1937.550048828125,1982.4000244140625,1920.0,1957.0,887044
2012-03-02,1238.2230224609375,1941.449951171875,1975.8499755859375,1926.300048828125,1969.9000244140625,553634
2012-03-05,1203.4637451171875,1886.949951171875,1948.0,1873.0999755859375,1948.0,656672
2012-03-06,1193.7379150390625,1871.699951171875,1932.300048828125,1810.050048828125,1890.0,738094
2012-03-07,1205.154296875,1889.5999755859375,1899.800048828125,1871.699951171875,1890.0,609323
2012-03-09,1218.8345947265625,1911.050048828125,1933.9000244140625,1890.0,1923.0,507925
2012-03-12,1232.5469970703125,1932.550048828125,1942.0,1904.699951171875,1921.050048828125,432510
2012-03-13,1251.935302734375,1962.949951171875,1974.5,1940.0999755859375,1940.0999755859375,421131
2012-03-14,1258.058349609375,1972.550048828125,1995.0,1950.0999755859375,1982.0,283383
2012-03-15,1254.1357421875,1966.4000244140625,1978.0,1919.0,1978.0,302877
2012-03-16,1248.1405029296875,1957.0,1982.0,1925.0999755859375,1982.0,358530
2012-03-19,1238.2230224609375,1941.449951171875,1964.800048828125,1920.1500244140625,1959.300048828125,222531
2012-03-20,1232.13232421875,1931.9000244140625,1958.0,1890.5,1949.949951171875,337667
2012-03-21,1228.62451171875,1926.4000244140625,1944.699951171875,1910.0,1944.699951171875,230468
2012-03-22,1240.646484375,1945.25,1961.0,1925.0,1925.0,387490
2012-03-23,1286.6944580078125,2017.449951171875,2058.800048828125,1922.0,1940.1500244140625,693429
2012-03-26,1276.043701171875,2000.75,2023.8499755859375,1958.0,2023.8499755859375,369262
2012-03-27,1281.943115234375,2010.0,2039.800048828125,1988.5999755859375,2010.0,379483
2012-03-28,1267.529052734375,1987.4000244140625,2010.800048828125,1969.75,2005.9000244140625,466478
2012-03-29,1298.49365234375,2035.949951171875,2049.800048828125,1971.6500244140625,1981.0,793922
2012-03-30,1310.802978515625,2055.25,2065.0,2035.300048828125,2045.0,572601
2012-04-02,1312.65234375,2058.14990234375,2072.0,2033.4000244140625,2070.0,176537
2012-04-03,1281.050048828125,2008.5999755859375,2067.0,2005.0,2065.449951171875,334775
2012-04-04,1283.18701171875,2011.949951171875,2042.449951171875,1990.050048828125,2009.9000244140625,302795
2012-04-09,1259.302001953125,1974.5,2008.050048828125,1962.050048828125,2000.0,274615
2012-04-10,1261.5338134765625,1978.0,1988.4000244140625,1944.449951171875,1988.4000244140625,176648
2012-04-11,1258.1219482421875,1972.6500244140625,1983.550048828125,1953.0,1970.0,193859
2012-04-12,1293.3592529296875,2027.9000244140625,2035.0,1976.449951171875,1992.0,417422
2012-04-13,1311.6322021484375,2056.550048828125,2098.89990234375,2035.0,2035.0,457128
2012-04-16,1319.3807373046875,2068.699951171875,2084.0,2039.800048828125,2064.0,282044
2012-04-17,1355.224365234375,2124.89990234375,2135.0,2055.5,2065.0,345122
2012-04-18,1366.2259521484375,2142.14990234375,2161.949951171875,2128.14990234375,2135.0,171749
2012-04-19,1400.28369140625,2195.550048828125,2212.75,2127.14990234375,2145.0,275930
2012-04-20,1396.29736328125,2189.300048828125,2217.949951171875,2176.14990234375,2185.0,228155
2012-04-23,1369.1279296875,2146.699951171875,2209.64990234375,2138.10009765625,2171.0,222350
2012-04-24,1397.509521484375,2191.199951171875,2213.0,2128.5,2140.199951171875,387559
2012-04-25,1430.8333740234375,2243.449951171875,2257.050048828125,2180.0,2183.0,503959
2012-04-26,1383.66943359375,2169.5,2253.0,2146.050048828125,2249.0,657742
2012-04-27,1387.2093505859375,2175.050048828125,2206.0,2152.64990234375,2183.800048828125,454928
2012-04-30,1429.302978515625,2241.050048828125,2248.89990234375,2178.0,2183.800048828125,553431
2012-05-02,1431.6943359375,2244.800048828125,2279.0,2202.64990234375,2262.25,604222
2012-05-03,1322.155517578125,2073.050048828125,2173.0,2052.10009765625,2173.0,2058877
2012-05-04,1261.2471923828125,1977.550048828125,2057.25,1966.199951171875,2055.35009765625,1263364
2012-05-07,1245.9716796875,1953.5999755859375,1971.550048828125,1893.75,1940.0,1240864
2012-05-08,1211.244873046875,1899.1500244140625,1991.0,1880.0,1964.949951171875,647552
2012-05-09,1194.0567626953125,1872.199951171875,1924.0,1862.0,1885.0,646494
2012-05-10,1176.007568359375,1843.9000244140625,1923.5,1821.050048828125,1890.0,690913
2012-05-11,1175.879638671875,1843.699951171875,1878.0,1835.550048828125,1843.0,391941
2012-05-14,1175.656494140625,1843.3499755859375,1868.0,1818.5,1828.0,364980
2012-05-15,1207.6414794921875,1893.5,1907.25,1826.300048828125,1826.300048828125,810386
2012-05-16,1201.7099609375,1884.199951171875,1904.25,1851.0999755859375,1871.050048828125,575493
2012-05-17,1209.139892578125,1895.8499755859375,1921.5999755859375,1880.25,1900.0,595177
2012-05-18,1191.0272216796875,1867.449951171875,1885.0,1836.5,1875.0,378834
2012-05-21,1188.8587646484375,1864.050048828125,1884.25,1852.0,1856.199951171875,349560
2012-05-22,1181.7794189453125,1852.949951171875,1894.800048828125,1842.550048828125,1877.0,559720
2012-05-23,1166.50439453125,1829.0,1850.5,1808.0,1845.0,936900
2012-05-24,1161.178955078125,1820.6500244140625,1836.0,1795.1500244140625,1813.25,492497
2012-05-25,1174.4449462890625,1841.449951171875,1848.0,1810.25,1810.25,425930
2012-05-28,1179.5469970703125,1849.449951171875,1861.949951171875,1832.0,1840.0,243473
2012-05-29,1186.75390625,1860.75,1868.0,1850.0999755859375,1850.3499755859375,468387
2012-05-30,1183.4693603515625,1855.5999755859375,1867.5,1840.199951171875,1850.5,674169
2012-05-31,1167.205810546875,1830.0999755859375,1851.949951171875,1821.0,1835.1500244140625,422840
2012-06-01,1161.6253662109375,1821.3499755859375,1834.0,1810.0,1812.0,265295
2012-06-04,1172.14892578125,1837.8499755859375,1843.800048828125,1805.0,1810.050048828125,459633
2012-06-05,1189.59228515625,1865.199951171875,1875.0,1846.0,1852.0,559614
2012-06-06,1246.89697265625,1955.050048828125,1973.949951171875,1880.6500244140625,1884.0,806980
2012-06-07,1276.299072265625,2001.1500244140625,2009.0,1963.050048828125,1963.050048828125,472620
2012-06-08,1278.91357421875,2005.25,2018.800048828125,1967.699951171875,1976.0999755859375,289383
2012-06-11,1259.81201171875,1975.300048828125,2025.0,1962.050048828125,2006.050048828125,322677
2012-06-12,1269.378662109375,1990.300048828125,2015.0,1956.5,1956.5,418856
2012-06-13,1246.2908935546875,1954.0999755859375,2004.0,1945.300048828125,1990.300048828125,343187
2012-06-14,1246.2591552734375,1954.050048828125,1979.9000244140625,1936.0999755859375,1959.9000244140625,214600
2012-06-15,1275.597412109375,2000.050048828125,2019.0,1957.949951171875,1957.949951171875,410026
2012-06-18,1271.73828125,1994.0,2043.9000244140625,1976.800048828125,2012.0,245442
2012-06-19,1275.8203125,2000.4000244140625,2014.300048828125,1982.0,1982.0,289973
2012-06-20,1298.3975830078125,2035.800048828125,2055.0,2003.6500244140625,2007.0,397108
2012-06-21,1321.262451171875,2071.64990234375,2080.64990234375,2019.75,2028.0,352542
2012-06-22,1330.4783935546875,2086.10009765625,2112.0,2055.0,2055.050048828125,505816
2012-06-25,1295.208984375,2030.800048828125,2108.75,2021.300048828125,2074.050048828125,291067
2012-06-26,1307.7415771484375,2050.449951171875,2060.0,2010.0,2021.0,299434
2012-06-27,1310.579345703125,2054.89990234375,2071.25,2043.0,2060.0,173035
2012-06-28,1331.0523681640625,2087.0,2099.0,2040.0,2067.0,334237
2012-06-29,1370.8499755859375,2149.39990234375,2160.0,2094.0,2097.0,367416
2012-07-02,1348.495849609375,2114.35009765625,2148.0,2106.10009765625,2148.0,327541
2012-07-03,1337.111572265625,2096.5,2138.0,2083.449951171875,2114.35009765625,360037
2012-07-04,1348.97412109375,2115.10009765625,2125.0,2098.10009765625,2100.0,176569
2012-07-05,1352.8326416015625,2121.14990234375,2132.199951171875,2106.39990234375,2106.39990234375,208820
2012-07-06,1327.8956298828125,2082.050048828125,2132.39990234375,2072.60009765625,2118.0,322363
2012-07-09,1292.8173828125,2027.050048828125,2082.300048828125,2022.0,2073.0,362749
2012-07-10,1316.8614501953125,2064.75,2067.39990234375,2027.0,2027.0,184155
2012-07-11,1298.7489013671875,2036.3499755859375,2077.75,2032.199951171875,2064.75,266366
2012-07-12,1315.6815185546875,2062.89990234375,2075.0,2020.199951171875,2029.0,280626
2012-07-13,1330.89306640625,2086.75,2090.0,2065.0,2065.0,173741
2012-07-16,1336.569091796875,2095.64990234375,2111.89990234375,2081.25,2098.0,150739
2012-07-17,1337.4940185546875,2097.10009765625,2121.14990234375,2093.699951171875,2111.0,295022
2012-07-18,1348.2086181640625,2113.89990234375,2124.0,2060.0,2086.0,165175
2012-07-19,1332.1365966796875,2088.699951171875,2135.699951171875,2066.300048828125,2135.0,966016
2012-07-20,1327.863525390625,2082.0,2097.35009765625,2041.449951171875,2063.0,519315
2012-07-23,1308.857666015625,2052.199951171875,2083.35009765625,2043.25,2061.10009765625,333826
2012-07-24,1298.0472412109375,2035.25,2064.0,2026.0999755859375,2053.10009765625,401269
2012-07-25,1295.6556396484375,2031.5,2045.0,2015.0,2037.0,246390
2012-07-26,1299.705322265625,2037.8499755859375,2047.9000244140625,2015.0,2035.0,378172
2012-07-27,1281.97509765625,2010.050048828125,2064.60009765625,1978.5999755859375,2050.0,426103
2012-07-30,1295.6556396484375,2031.5,2037.0,2005.3499755859375,2020.0,153133
2012-07-31,1278.7545166015625,2005.0,2040.0,1990.5,2035.0,250683
2012-08-01,1259.3975830078125,1974.6500244140625,2014.199951171875,1963.0999755859375,2011.25,650600
2012-08-02,1251.7760009765625,1962.699951171875,1982.5,1926.75,1949.949951171875,469751
2012-08-03,1249.47998046875,1959.0999755859375,1973.300048828125,1949.550048828125,1959.949951171875,287375
2012-08-06,1262.0123291015625,1978.75,1985.0,1962.449951171875,1980.0,247562
2012-08-07,1274.085693359375,1952.25,1957.300048828125,1941.0999755859375,1947.699951171875,401004
2012-08-08,1281.2320556640625,1963.199951171875,1973.800048828125,1951.0,1960.0,289917
2012-08-09,1274.18408203125,1952.4000244140625,1980.0,1945.050048828125,1968.0,300910
2012-08-10,1248.07861328125,1912.4000244140625,1959.199951171875,1898.0,1949.0,451977
2012-08-13,1232.9705810546875,1889.25,1926.800048828125,1878.199951171875,1912.0,406947
2012-08-14,1227.03173828125,1880.1500244140625,1898.0,1870.050048828125,1892.25,505362
2012-08-16,1259.4996337890625,1929.9000244140625,1939.0,1889.949951171875,1890.0,521471
2012-08-17,1262.9586181640625,1935.199951171875,1947.0,1925.0,1925.0,291001
2012-08-21,1253.7239990234375,1921.050048828125,1932.0,1898.0999755859375,1925.0,511098
2012-08-22,1263.4154052734375,1935.9000244140625,1954.699951171875,1911.0,1911.0,212863
2012-08-23,1265.177734375,1938.5999755859375,1953.949951171875,1930.0,1942.9000244140625,182846
2012-08-24,1263.4808349609375,1936.0,1945.0,1928.3499755859375,1930.050048828125,105079
2012-08-27,1259.6954345703125,1930.199951171875,1945.8499755859375,1910.5999755859375,1937.0999755859375,149762
2012-08-28,1249.61279296875,1914.75,1939.0,1900.0,1931.25,419851
2012-08-29,1206.7349853515625,1849.050048828125,1916.0,1841.0999755859375,1910.25,594945
2012-08-30,1190.1259765625,1823.5999755859375,1874.949951171875,1793.0,1840.199951171875,716015
2012-08-31,1150.57666015625,1763.0,1835.0,1752.0,1824.9000244140625,576333
2012-09-03,1174.03857421875,1798.949951171875,1804.949951171875,1745.0,1751.0999755859375,386904
2012-09-04,1179.84716796875,1807.8499755859375,1813.0,1776.0999755859375,1784.199951171875,319544
2012-09-05,1180.010009765625,1808.0999755859375,1814.949951171875,1790.0,1791.0,277420
2012-09-06,1168.197509765625,1790.0,1807.800048828125,1776.0,1801.0,274265
2012-09-07,1174.5931396484375,1799.800048828125,1814.0,1783.0,1811.199951171875,299062
2012-09-10,1188.0374755859375,1820.4000244140625,1828.75,1796.300048828125,1800.0,262127
2012-09-11,1173.6473388671875,1798.3499755859375,1820.0,1768.449951171875,1820.0,436683
2012-09-12,1166.337646484375,1787.1500244140625,1803.949951171875,1778.0,1801.9000244140625,279248
2012-09-13,1189.342529296875,1822.4000244140625,1833.4000244140625,1788.0999755859375,1788.199951171875,373227
2012-09-14,1215.5452880859375,1862.550048828125,1868.0,1827.0,1845.0,369942
2012-09-17,1252.908203125,1919.800048828125,1924.0,1857.949951171875,1875.0,532648
2012-09-18,1260.152587890625,1930.9000244140625,1943.199951171875,1897.0999755859375,1924.9000244140625,383532
2012-09-20,1240.2476806640625,1900.4000244140625,1919.9000244140625,1875.0,1914.9000244140625,386687
2012-09-21,1254.67041015625,1922.5,1934.9000244140625,1900.550048828125,1900.550048828125,429835
2012-09-24,1254.1480712890625,1921.699951171875,1949.949951171875,1913.0,1920.0,253357
2012-09-25,1234.5694580078125,1891.699951171875,1935.800048828125,1880.0,1920.0,202942
2012-09-26,1253.0062255859375,1919.949951171875,1931.5999755859375,1871.0999755859375,1889.0,310618
2012-09-27,1224.51904296875,1876.300048828125,1946.449951171875,1845.800048828125,1921.0,596056
2012-09-28,1227.1298828125,1880.300048828125,1910.699951171875,1871.0,1890.0,300496
2012-10-01,1227.292724609375,1880.550048828125,1905.0,1872.0,1892.0,423894
2012-10-03,1207.1591796875,1849.699951171875,1873.0,1845.25,1847.800048828125,392751
2012-10-04,1195.21630859375,1831.4000244140625,1868.9000244140625,1822.0,1855.0,592462
2012-10-05,1181.5438232421875,1810.449951171875,1850.0,1662.0,1843.5,485283
2012-10-08,1166.990234375,1788.1500244140625,1818.5999755859375,1780.0999755859375,1815.0,484359
2012-10-09,1176.9429931640625,1803.4000244140625,1815.0,1777.800048828125,1784.0,302598
2012-10-10,1184.0892333984375,1814.3499755859375,1831.550048828125,1787.699951171875,1794.9000244140625,276598
2012-10-11,1178.7373046875,1806.1500244140625,1829.0,1795.0,1810.0,499665
2012-10-12,1160.9208984375,1778.8499755859375,1821.800048828125,1775.1500244140625,1800.050048828125,219122
2012-10-15,1153.48095703125,1767.449951171875,1782.0,1762.0,1771.0,206950
2012-10-16,1174.0059814453125,1798.9000244140625,1810.0,1757.050048828125,1769.0,446588
2012-10-17,1180.5321044921875,1808.9000244140625,1815.0,1781.0999755859375,1810.0,237920
2012-10-18,1201.775146484375,1841.449951171875,1849.0,1802.1500244140625,1816.0,330177
2012-10-19,1207.3223876953125,1849.949951171875,1855.0,1812.300048828125,1838.0999755859375,309638
2012-10-22,1192.76904296875,1827.6500244140625,1847.550048828125,1819.0,1844.449951171875,143675
2012-10-23,1171.9501953125,1795.75,1814.0,1782.300048828125,1808.0999755859375,391862
2012-10-25,1195.8035888671875,1832.300048828125,1840.0,1751.0,1755.0,915929
2012-10-29,1243.0537109375,1904.699951171875,1919.6500244140625,1868.199951171875,1870.0,550020
2012-10-30,1221.778076171875,1872.0999755859375,1909.0999755859375,1827.1500244140625,1900.050048828125,399260
2012-10-31,1226.93359375,1880.0,1893.9000244140625,1853.6500244140625,1872.0999755859375,186534
2012-11-01,1246.5123291015625,1910.0,1917.800048828125,1867.5,1880.0,473654
2012-11-02,1269.87646484375,1945.800048828125,1950.0,1920.25,1920.25,393326
2012-11-05,1272.0626220703125,1949.1500244140625,1966.0,1935.0999755859375,1947.0,214424
2012-11-06,1263.3175048828125,1935.75,1954.949951171875,1914.3499755859375,1945.199951171875,227595
2012-11-07,1270.1375732421875,1946.199951171875,1963.949951171875,1920.0,1934.050048828125,302703
2012-11-08,1255.029296875,1923.050048828125,1946.0,1915.5,1932.0,262645
2012-11-09,1245.337890625,1908.199951171875,1920.949951171875,1892.5,1920.949951171875,247090
2012-11-12,1221.9736328125,1872.4000244140625,1915.0,1867.449951171875,1914.6500244140625,276786
2012-11-15,1200.6004638671875,1839.6500244140625,1861.9000244140625,1825.0,1855.0,350591
2012-11-16,1184.9375,1815.6500244140625,1855.5999755859375,1801.550048828125,1849.0,375598
2012-11-19,1202.46044921875,1842.5,1850.0,1812.199951171875,1824.0,168603
2012-11-20,1188.918701171875,1821.75,1857.9000244140625,1811.75,1852.0,193804
2012-11-21,1179.4879150390625,1807.300048828125,1833.1500244140625,1791.3499755859375,1823.6500244140625,177224
2012-11-22,1176.8778076171875,1803.300048828125,1823.0,1797.949951171875,1815.25,149377
2012-11-23,1191.2027587890625,1825.25,1833.5,1801.0,1805.0,211298
2012-11-26,1195.9017333984375,1832.449951171875,1842.0,1822.25,1827.0,174160
2012-11-27,1201.024658203125,1840.300048828125,1851.0,1826.6500244140625,1835.0,226936
2012-11-29,1185.1658935546875,1816.0,1869.800048828125,1813.0,1845.0,1256502
2012-11-30,1192.116455078125,1826.6500244140625,1865.5,1816.0999755859375,1831.0,429455
2012-12-03,1188.5595703125,1821.199951171875,1830.0,1802.4000244140625,1823.3499755859375,347041
2012-12-04,1181.413330078125,1810.25,1817.800048828125,1802.0,1805.0,309399
2012-12-05,1188.7550048828125,1821.5,1834.9000244140625,1806.5999755859375,1815.25,352250
2012-12-06,1191.1697998046875,1825.199951171875,1839.449951171875,1802.25,1828.0,299602
2012-12-07,1191.8226318359375,1826.199951171875,1833.25,1817.0999755859375,1821.0999755859375,836365
2012-12-10,1202.2972412109375,1842.25,1847.0,1825.25,1825.25,342786
2012-12-11,1209.4761962890625,1853.25,1861.9000244140625,1840.0,1850.0,364600
2012-12-12,1233.4273681640625,1889.949951171875,1894.0,1858.050048828125,1862.0,563429
2012-12-13,1225.954833984375,1878.5,1911.0,1874.0999755859375,1900.0,475250
2012-12-14,1216.198486328125,1863.550048828125,1887.050048828125,1851.199951171875,1882.25,247734
2012-12-17,1217.5035400390625,1865.550048828125,1882.0,1855.0,1855.25,94031
2012-12-18,1229.9033203125,1884.550048828125,1891.0,1857.4000244140625,1871.25,138953
2012-12-19,1250.6239013671875,1916.300048828125,1922.0,1883.0,1891.25,284915
2012-12-20,1246.8389892578125,1910.5,1932.8499755859375,1885.5999755859375,1923.9000244140625,266365
2012-12-21,1240.18212890625,1900.300048828125,1914.4000244140625,1893.25,1900.0,222541
2012-12-24,1231.078125,1886.3499755859375,1918.0,1876.0999755859375,1910.0,144160
2012-12-26,1223.442138671875,1874.6500244140625,1890.0,1865.0999755859375,1886.3499755859375,380494
2012-12-27,1220.0810546875,1869.5,1892.0,1854.550048828125,1888.199951171875,396050
2012-12-28,1237.50634765625,1896.199951171875,1903.75,1873.550048828125,1879.0,314169
2012-12-31,1240.3779296875,1900.5999755859375,1914.300048828125,1893.300048828125,1904.9000244140625,81822
2013-01-01,1238.2568359375,1897.3499755859375,1911.8499755859375,1884.9000244140625,1905.3499755859375,104950
2013-01-02,1243.47802734375,1905.3499755859375,1939.25,1900.0,1930.0,353260
2013-01-03,1232.1219482421875,1887.949951171875,1921.9000244140625,1881.0,1917.0999755859375,334607
2013-01-04,1232.1219482421875,1887.949951171875,1895.0,1870.0999755859375,1884.0,163808
2013-01-07,1238.22412109375,1897.300048828125,1909.9000244140625,1886.6500244140625,1892.0,371288
2013-01-08,1227.651611328125,1881.0999755859375,1901.5999755859375,1870.0999755859375,1896.0,302516
2013-01-09,1205.854248046875,1847.699951171875,1894.9000244140625,1841.449951171875,1894.9000244140625,600024
2013-01-10,1206.5394287109375,1848.75,1865.0,1842.0999755859375,1852.25,182991
2013-01-11,1200.4697265625,1839.449951171875,1857.300048828125,1823.0,1850.25,324710
2013-01-14,1202.917236328125,1843.199951171875,1854.199951171875,1820.0,1821.0,321117
2013-01-15,1203.830810546875,1844.5999755859375,1855.0,1808.0999755859375,1831.050048828125,529832
2013-01-16,1197.3045654296875,1834.5999755859375,1851.699951171875,1826.4000244140625,1835.25,342851
2013-01-17,1186.927734375,1818.699951171875,1844.9000244140625,1801.0,1821.0,881628
2013-01-18,1151.2945556640625,1764.0999755859375,1782.199951171875,1720.050048828125,1750.0999755859375,1406385
2013-01-21,1156.4178466796875,1771.949951171875,1782.199951171875,1754.3499755859375,1769.0,271002
2013-01-22,1150.2830810546875,1762.550048828125,1769.6500244140625,1750.0999755859375,1764.9000244140625,280941
2013-01-23,1163.4334716796875,1782.699951171875,1789.800048828125,1750.300048828125,1755.5,347240
2013-01-24,1155.3408203125,1770.300048828125,1779.0,1752.4000244140625,1779.0,307598
2013-01-25,1151.816650390625,1764.9000244140625,1783.0,1750.6500244140625,1765.0999755859375,149298
2013-01-28,1173.6473388671875,1798.3499755859375,1810.0,1761.0,1761.0,207424
2013-01-29,1181.2174072265625,1809.949951171875,1823.800048828125,1792.0999755859375,1799.449951171875,342333
2013-01-30,1172.1788330078125,1796.0999755859375,1826.0999755859375,1785.25,1824.0,314117
2013-01-31,1189.14697265625,1822.0999755859375,1834.9000244140625,1783.449951171875,1800.0,517873
2013-02-01,1181.282958984375,1810.050048828125,1825.0,1794.5,1825.0,339772
2013-02-04,1186.340576171875,1817.800048828125,1832.5,1807.0,1825.0,326544
2013-02-05,1169.2744140625,1791.6500244140625,1812.0,1781.4000244140625,1812.0,401852
2013-02-06,1161.8017578125,1780.199951171875,1809.0,1772.300048828125,1808.949951171875,390307
2013-02-07,1145.9432373046875,1755.9000244140625,1772.0,1747.550048828125,1771.9000244140625,285256
2013-02-08,1122.024658203125,1719.25,1763.800048828125,1708.050048828125,1760.0,230149
2013-02-11,1112.5943603515625,1704.800048828125,1724.0,1686.0999755859375,1724.0,272983
2013-02-12,1110.8643798828125,1702.1500244140625,1732.199951171875,1687.199951171875,1705.0,249220
2013-02-13,1105.708740234375,1694.25,1710.25,1635.5,1698.0,196764
2013-02-14,1090.17626953125,1670.449951171875,1707.4000244140625,1658.0,1703.9000244140625,283632
2013-02-15,1096.4742431640625,1680.0999755859375,1690.0,1644.9000244140625,1665.050048828125,248567
2013-02-18,1105.1214599609375,1693.3499755859375,1704.8499755859375,1668.050048828125,1671.0999755859375,122997
2013-02-19,1091.57958984375,1672.5999755859375,1706.9000244140625,1655.0999755859375,1690.199951171875,216417
2013-02-20,1106.2960205078125,1695.1500244140625,1699.0,1670.25,1670.25,144186
2013-02-21,1101.89111328125,1688.4000244140625,1695.0,1677.0,1687.5,250402
2013-02-22,1094.6795654296875,1677.3499755859375,1694.0,1662.300048828125,1694.0,150560
2013-02-25,1113.8995361328125,1706.800048828125,1712.5,1654.0,1685.0,204253
2013-02-26,1103.0980224609375,1690.25,1699.0,1673.449951171875,1689.699951171875,172412
2013-02-27,1091.775390625,1672.9000244140625,1708.0,1660.449951171875,1695.25,151694
2013-02-28,1088.218505859375,1667.449951171875,1696.1500244140625,1648.0,1681.0,397681
2013-03-01,1074.83984375,1646.949951171875,1667.75,1615.0,1667.449951171875,263272
2013-03-04,1069.5208740234375,1638.800048828125,1657.0999755859375,1615.5,1650.0,231338
2013-03-05,1074.056884765625,1645.75,1654.0,1626.8499755859375,1627.0999755859375,195669
2013-03-06,1074.9052734375,1647.050048828125,1659.9000244140625,1631.0,1650.0,187614
2013-03-07,1118.3699951171875,1713.6500244140625,1725.0,1650.0,1650.0,320690
2013-03-08,1137.6224365234375,1743.1500244140625,1766.800048828125,1715.25,1715.25,465233
2013-03-11,1107.7974853515625,1697.449951171875,1748.0,1690.0,1743.1500244140625,191681
2013-03-12,1095.0384521484375,1677.9000244140625,1710.0,1672.1500244140625,1683.199951171875,239652
2013-03-13,1092.330078125,1673.75,1681.4000244140625,1656.0,1670.0,220273
2013-03-14,1089.2952880859375,1669.0999755859375,1698.8499755859375,1661.550048828125,1677.0,344098
2013-03-15,1099.3128662109375,1684.449951171875,1695.0,1666.699951171875,1675.199951171875,176736
2013-03-18,1103.26123046875,1690.5,1694.5999755859375,1670.0,1672.300048828125,135513
2013-03-19,1073.958740234375,1645.5999755859375,1699.9000244140625,1603.699951171875,1694.949951171875,310970
2013-03-20,1077.5806884765625,1651.1500244140625,1665.0,1626.4000244140625,1635.0,297481
2013-03-21,1059.4052734375,1623.300048828125,1666.800048828125,1615.6500244140625,1645.0,220180
2013-03-22,1083.09521484375,1659.5999755859375,1674.5,1627.0,1627.0,286198
2013-03-25,1055.7503662109375,1617.699951171875,1665.6500244140625,1608.4000244140625,1665.0,223521
2013-03-26,1025.82763671875,1571.8499755859375,1620.0,1566.550048828125,1602.050048828125,321021
2013-03-28,1006.346923828125,1542.0,1568.0,1515.949951171875,1568.0,634551
2013-04-01,1000.6360473632812,1533.25,1551.25,1525.0,1545.0,275798
2013-04-02,1000.0162963867188,1532.300048828125,1538.0999755859375,1518.300048828125,1532.1500244140625,225802
2013-04-03,977.4031372070312,1497.6500244140625,1542.5999755859375,1487.8499755859375,1532.550048828125,354472
2013-04-04,948.9485473632812,1454.050048828125,1489.0,1450.0,1483.300048828125,493390
2013-04-05,966.7977294921875,1481.4000244140625,1488.0,1435.0999755859375,1446.199951171875,399161
2013-04-08,965.9493408203125,1480.0999755859375,1497.949951171875,1466.300048828125,1482.75,439179
2013-04-09,956.1599731445312,1465.0999755859375,1505.449951171875,1463.0,1484.949951171875,298280
2013-04-10,955.736083984375,1464.449951171875,1478.0,1448.300048828125,1470.5,1423609
2013-04-11,949.6336669921875,1455.0999755859375,1467.800048828125,1440.0999755859375,1464.0999755859375,429465
2013-04-12,949.7969360351562,1455.3499755859375,1464.0,1444.0,1449.5,334147
2013-04-15,938.8651733398438,1438.5999755859375,1459.1500244140625,1435.0,1451.0,224062
2013-04-16,971.33349609375,1488.3499755859375,1499.0,1438.5999755859375,1438.5999755859375,381669
2013-04-17,973.2586669921875,1491.300048828125,1505.0,1473.699951171875,1500.4000244140625,301744
2013-04-18,982.199462890625,1505.0,1520.0,1450.550048828125,1500.0,480684
2013-04-22,1000.0162963867188,1532.300048828125,1542.0,1502.8499755859375,1510.0,299816
2013-04-23,1026.9696044921875,1573.5999755859375,1579.5,1523.0,1525.0,245274
2013-04-25,1055.783203125,1617.75,1648.0,1560.5,1580.9000244140625,373940
2013-04-26,1042.143310546875,1596.8499755859375,1645.0,1576.0999755859375,1576.0999755859375,485675
2013-04-29,1076.047119140625,1648.800048828125,1683.8499755859375,1633.0999755859375,1650.0,805566
2013-04-30,1073.208251953125,1644.449951171875,1659.949951171875,1630.0,1650.199951171875,329076
2013-05-02,1053.2379150390625,1613.8499755859375,1672.0,1611.0,1644.949951171875,472417
2013-05-03,1051.638916015625,1611.4000244140625,1624.449951171875,1587.1500244140625,1613.8499755859375,203386
2013-05-06,1076.4385986328125,1649.4000244140625,1658.199951171875,1608.6500244140625,1612.0,210606
2013-05-07,1113.6058349609375,1706.3499755859375,1714.0,1655.0999755859375,1656.0,286468
2013-05-08,1094.0267333984375,1676.3499755859375,1714.8499755859375,1671.0,1709.0,262626
2013-05-09,1093.8636474609375,1676.0999755859375,1700.0,1670.3499755859375,1675.0,134890
2013-05-10,1112.69189453125,1704.949951171875,1724.5,1675.4000244140625,1680.0,395698
2013-05-13,1095.6583251953125,1678.8499755859375,1716.0,1672.6500244140625,1713.699951171875,125972
2013-05-14,1092.8197021484375,1674.5,1692.8499755859375,1661.0,1682.0,189703
2013-05-15,1111.974365234375,1703.8499755859375,1716.0999755859375,1685.0,1690.0,418851
2013-05-16,1105.512939453125,1693.949951171875,1716.75,1680.0999755859375,1702.25,369881
2013-05-17,1099.280517578125,1684.4000244140625,1702.8499755859375,1677.0,1693.0,238138
2013-05-20,1110.5706787109375,1701.699951171875,1710.0,1684.550048828125,1689.0,235466
2013-05-21,1098.8890380859375,1683.800048828125,1706.800048828125,1676.550048828125,1701.6500244140625,400275
2013-05-22,1077.05859375,1650.3499755859375,1687.9000244140625,1644.0999755859375,1685.0999755859375,188233
2013-05-23,1077.906982421875,1651.6500244140625,1659.800048828125,1614.75,1645.0,289683
2013-05-24,1065.9639892578125,1633.3499755859375,1670.0,1630.050048828125,1662.0,388168
2013-05-27,1079.6690673828125,1654.3499755859375,1669.25,1613.4000244140625,1630.0,219140
2013-05-28,1142.092529296875,1750.0,1771.699951171875,1660.5,1669.0,528689
2013-05-29,1167.3492431640625,1788.699951171875,1795.5999755859375,1742.5999755859375,1761.25,571987
2013-05-30,1143.0389404296875,1751.449951171875,1788.8499755859375,1740.0999755859375,1780.5999755859375,266256
2013-05-31,1133.1842041015625,1736.3499755859375,1751.4000244140625,1726.699951171875,1745.0,224571
2013-06-03,1090.208984375,1670.5,1739.9000244140625,1653.0,1721.0,214534
2013-06-04,1090.2742919921875,1670.5999755859375,1715.5999755859375,1664.050048828125,1698.0,285086
2013-06-05,1086.946044921875,1665.5,1672.75,1642.550048828125,1655.0,134805
2013-06-06,1074.4482421875,1646.3499755859375,1658.5999755859375,1635.0,1658.5999755859375,117748
2013-06-07,1074.80712890625,1646.9000244140625,1672.0,1640.550048828125,1649.9000244140625,201857
2013-06-10,1071.9681396484375,1642.550048828125,1682.0,1634.449951171875,1650.800048828125,162167
2013-06-11,1078.7880859375,1653.0,1674.949951171875,1636.199951171875,1640.5,277043
2013-06-12,1050.9534912109375,1610.3499755859375,1663.4000244140625,1588.0,1641.5999755859375,413925
2013-06-13,1053.3355712890625,1614.0,1638.699951171875,1574.0,1600.050048828125,230346
2013-06-14,1047.98388671875,1605.800048828125,1627.0,1600.0,1612.0,200627
2013-06-17,1061.9830322265625,1627.25,1643.449951171875,1610.0,1610.0,163210
2013-06-18,1068.73779296875,1637.5999755859375,1649.949951171875,1620.3499755859375,1627.800048828125,189621
2013-06-19,1057.675537109375,1620.6500244140625,1655.949951171875,1605.0,1642.0,149803
2013-06-20,1045.7978515625,1602.449951171875,1619.949951171875,1567.5,1600.0,276544
2013-06-21,1061.134765625,1625.949951171875,1645.0,1574.9000244140625,1605.0,289402
2013-06-24,1030.4285888671875,1578.9000244140625,1623.0,1575.8499755859375,1610.050048828125,348982
2013-06-25,1030.689453125,1579.300048828125,1599.9000244140625,1563.5999755859375,1594.0,253854
2013-06-26,1068.704833984375,1637.550048828125,1645.699951171875,1580.0,1586.0,255395
2013-06-27,1075.8184814453125,1648.449951171875,1679.0,1621.0,1645.75,622077
2013-06-28,1085.346923828125,1663.050048828125,1685.0,1635.199951171875,1640.0,219552
2013-07-01,1108.5474853515625,1698.5999755859375,1710.0,1665.300048828125,1667.0,166786
2013-07-02,1097.224609375,1681.25,1712.5,1662.0,1700.0,279227
2013-07-03,1080.6153564453125,1655.800048828125,1691.0,1644.4000244140625,1674.0,108014
2013-07-04,1080.81103515625,1656.0999755859375,1679.0,1644.75,1655.0,138535
2013-07-05,1076.112060546875,1648.9000244140625,1668.9000244140625,1640.0,1665.0999755859375,64529
2013-07-08,1079.21240234375,1653.6500244140625,1661.300048828125,1638.0,1642.0,125259
2013-07-09,1083.1605224609375,1659.699951171875,1665.8499755859375,1653.6500244140625,1653.6500244140625,958653
2013-07-10,1078.3638916015625,1652.3499755859375,1664.1500244140625,1640.0999755859375,1657.0,113071
2013-07-11,1107.8299560546875,1697.5,1714.949951171875,1658.0,1671.0,268099
2013-07-12,1119.3157958984375,1715.0999755859375,1723.0,1678.699951171875,1701.9000244140625,156855
2013-07-15,1125.777099609375,1725.0,1732.9000244140625,1688.5999755859375,1697.699951171875,368342
2013-07-16,1104.4688720703125,1692.3499755859375,1714.1500244140625,1656.8499755859375,1700.0,241564
2013-07-17,1099.900390625,1685.3499755859375,1714.0,1674.9000244140625,1709.699951171875,138266
2013-07-18,1130.182373046875,1731.75,1745.0,1685.0999755859375,1685.0999755859375,381009
2013-07-19,1157.0377197265625,1772.9000244140625,1794.5,1731.050048828125,1735.25,596827
2013-07-22,1168.099853515625,1789.8499755859375,1801.9000244140625,1751.0,1774.800048828125,282348
2013-07-23,1167.9366455078125,1789.5999755859375,1809.0,1771.550048828125,1798.699951171875,349086
2013-07-24,1145.0294189453125,1754.5,1802.5,1744.5,1772.25,646693
2013-07-25,1193.0950927734375,1828.1500244140625,1840.949951171875,1765.0,1765.0,1772968
2013-07-26,1217.4381103515625,1865.449951171875,1870.0,1836.0,1840.0,861624
2013-07-29,1225.595947265625,1877.949951171875,1899.800048828125,1865.0,1866.0,413969
2013-07-30,1207.84423828125,1850.75,1880.0,1837.050048828125,1880.0,320301
2013-07-31,1187.3846435546875,1819.4000244140625,1849.949951171875,1807.5999755859375,1845.0,329505
2013-08-01,1184.5784912109375,1815.0999755859375,1832.800048828125,1798.0,1820.0,373538
2013-08-02,1175.8985595703125,1801.800048828125,1850.0,1780.050048828125,1821.25,251833
2013-08-05,1210.0638427734375,1854.1500244140625,1859.949951171875,1786.0999755859375,1803.75,1537397
2013-08-06,1206.180419921875,1848.199951171875,1894.9000244140625,1828.199951171875,1851.0,370097
2013-08-07,1197.3372802734375,1834.6500244140625,1867.9000244140625,1816.25,1843.199951171875,306022
2013-08-08,1206.0174560546875,1847.949951171875,1858.75,1815.0,1815.0,604588
2013-08-12,1244.2283935546875,1906.5,1917.0,1849.9000244140625,1849.9000244140625,428810
2013-08-13,1267.8209228515625,1942.6500244140625,1965.0,1917.6500244140625,1929.9000244140625,367774
2013-08-14,1263.4478759765625,1935.949951171875,1947.9000244140625,1922.5999755859375,1940.050048828125,341241
2013-08-16,1295.68798828125,1985.3499755859375,2004.300048828125,1926.0,1942.0,508142
2013-08-19,1253.789306640625,1921.1500244140625,1986.5,1855.25,1976.550048828125,588501
2013-08-20,1240.280029296875,1900.449951171875,1922.0,1862.300048828125,1906.25,519978
2013-08-21,1220.8641357421875,1870.699951171875,1944.949951171875,1860.0,1905.0,324229
2013-08-22,1239.3009033203125,1898.949951171875,1928.0,1831.25,1850.0,347290
2013-08-23,1239.4969482421875,1899.25,1926.0,1871.0,1903.199951171875,212230
2013-08-26,1269.5174560546875,1945.25,1957.5,1901.300048828125,1905.0,308439
2013-08-27,1240.5086669921875,1900.800048828125,1945.949951171875,1891.9000244140625,1930.0,582885
2013-08-28,1249.253662109375,1914.199951171875,1924.800048828125,1862.050048828125,1895.0,412415
2013-08-29,1287.82373046875,1973.300048828125,2043.9000244140625,1889.25,1912.25,605853
2013-08-30,1335.5958251953125,2046.5,2075.0,1941.0,1971.25,2202945
2013-09-02,1320.8466796875,2023.9000244140625,2094.0,2007.0,2019.5,746947
2013-09-03,1275.3812255859375,1896.300048828125,1987.5,1880.0,1980.0,278259
2013-09-04,1295.79345703125,1926.6500244140625,1972.9000244140625,1892.75,1900.0,280922
2013-09-05,1313.95263671875,1953.6500244140625,1984.949951171875,1937.800048828125,1945.0,170626
2013-09-06,1298.214599609375,1930.25,1967.1500244140625,1902.0,1954.8499755859375,262466
2013-09-10,1394.2569580078125,2073.050048828125,2099.0,1935.0,1935.0,528164
2013-09-11,1405.89208984375,2090.35009765625,2130.0,2048.0,2049.0,365589
2013-09-12,1351.9190673828125,2010.0999755859375,2099.0,2004.0,2078.0,277775
2013-09-13,1379.897705078125,2051.699951171875,2076.949951171875,2010.0,2047.4000244140625,416771
2013-09-16,1411.2725830078125,2098.35009765625,2127.800048828125,2053.14990234375,2075.0,382676
2013-09-17,1394.3238525390625,2073.14990234375,2096.0,2054.25,2085.0,224807
2013-09-18,1354.340087890625,2013.699951171875,2093.0,2005.300048828125,2069.0,349023
2013-09-19,1371.7259521484375,2039.550048828125,2084.300048828125,2033.949951171875,2052.0,528750
2013-09-20,1332.7845458984375,1981.6500244140625,2043.949951171875,1952.300048828125,2043.949951171875,747314
2013-09-23,1344.5877685546875,1999.199951171875,2020.1500244140625,1965.0999755859375,1974.0,281519
2013-09-24,1347.0765380859375,2002.9000244140625,2015.0,1965.75,2006.0,267567
2013-09-25,1369.4053955078125,2036.0999755859375,2044.0,1995.1500244140625,2003.0,240581
2013-09-26,1358.4427490234375,2019.800048828125,2045.0,1998.8499755859375,2045.0,441358
2013-09-27,1377.44287109375,2048.050048828125,2073.89990234375,2000.050048828125,2000.050048828125,347002
2013-09-30,1351.34716796875,2009.25,2047.6500244140625,1968.0,2032.0,272549
2013-10-01,1344.5205078125,1999.0999755859375,2031.3499755859375,1980.1500244140625,2030.0,415029
2013-10-03,1365.63916015625,2030.5,2054.89990234375,2006.300048828125,2019.9000244140625,251951
2013-10-04,1367.4549560546875,2033.199951171875,2059.89990234375,2020.050048828125,2042.949951171875,292219
2013-10-07,1372.5667724609375,2040.800048828125,2066.39990234375,2010.0,2020.0,231408
2013-10-08,1358.9471435546875,2020.550048828125,2062.60009765625,2014.0,2047.949951171875,183168
2013-10-09,1386.15234375,2061.0,2070.0,2001.050048828125,2001.050048828125,263423
2013-10-10,1378.01416015625,2048.89990234375,2090.0,2038.050048828125,2070.25,279505
2013-10-11,1398.1239013671875,2078.800048828125,2085.0,2050.0,2060.0,207821
2013-10-14,1410.431884765625,2097.10009765625,2108.5,2060.699951171875,2074.89990234375,355570
2013-10-15,1379.460205078125,2051.050048828125,2116.949951171875,2010.5999755859375,2104.949951171875,299053
2013-10-17,1394.2569580078125,2073.050048828125,2085.0,2051.10009765625,2053.25,317648
2013-10-18,1410.431884765625,2097.10009765625,2115.0,2065.550048828125,2076.300048828125,453091
2013-10-21,1412.2476806640625,2099.800048828125,2115.050048828125,2090.199951171875,2102.949951171875,383701
2013-10-22,1390.1201171875,2066.89990234375,2098.89990234375,2055.0,2092.0,162911
2013-10-23,1402.1929931640625,2084.85009765625,2105.35009765625,2035.699951171875,2071.0,455285
2013-10-24,1400.5784912109375,2082.449951171875,2130.0,2070.14990234375,2070.14990234375,457575
2013-10-25,1368.934814453125,2035.4000244140625,2094.800048828125,2020.8499755859375,2084.64990234375,244819
2013-10-28,1346.8411865234375,2002.550048828125,2061.949951171875,1994.1500244140625,2040.0999755859375,189905
2013-10-29,1386.791015625,2061.949951171875,2082.0,1991.0,2000.0,304271
2013-10-30,1395.6356201171875,2075.10009765625,2079.60009765625,2043.6500244140625,2065.0,194154
2013-10-31,1397.854736328125,2078.39990234375,2092.60009765625,2062.550048828125,2065.050048828125,369347
2013-11-01,1413.458251953125,2101.60009765625,2150.0,2082.0,2082.0,565276
2013-11-05,1407.842529296875,2093.25,2121.0,2064.0,2118.0,191658
2013-11-06,1417.09033203125,2107.0,2131.0,2080.0,2094.25,228990
2013-11-07,1420.923828125,2112.699951171875,2133.0,2090.0,2107.5,217893
2013-11-08,1407.338134765625,2092.5,2114.699951171875,2078.050048828125,2114.699951171875,350022
2013-11-11,1381.646240234375,2054.300048828125,2100.0,2035.0,2072.0,289656
2013-11-12,1369.3045654296875,2035.949951171875,2056.60009765625,2026.800048828125,2050.0,200194
2013-11-13,1346.201904296875,2001.5999755859375,2054.949951171875,1998.0,2036.0,238186
2013-11-14,1378.114990234375,2049.050048828125,2059.0,2000.550048828125,2012.0,151017
2013-11-18,1382.2177734375,2055.14990234375,2069.0,2042.5,2068.0,376242
2013-11-19,1385.3792724609375,2059.85009765625,2070.0,2050.0,2050.0,368385
2013-11-20,1353.5330810546875,2012.5,2064.89990234375,2002.0,2064.800048828125,240399
2013-11-21,1342.9403076171875,1996.75,2026.800048828125,1990.0,2004.0,328115
2013-11-22,1328.7490234375,1975.6500244140625,2011.4000244140625,1967.0,2000.0,551204
2013-11-25,1362.8482666015625,2026.3499755859375,2036.0,1989.0,1989.0,313430
2013-11-26,1376.0303955078125,2045.949951171875,2053.0,2004.949951171875,2033.0,557564
2013-11-27,1380.031982421875,2051.89990234375,2064.949951171875,2025.8499755859375,2048.0,260731
2013-11-28,1384.975341796875,2059.25,2081.949951171875,2047.0,2059.949951171875,703532
2013-11-29,1380.738037109375,2052.949951171875,2080.0,2040.0,2061.449951171875,176816
2013-12-02,1388.03564453125,2063.800048828125,2089.949951171875,2028.300048828125,2050.0,348151
2013-12-03,1379.0234375,2050.39990234375,2079.89990234375,2032.5,2063.0,176090
2013-12-04,1366.4462890625,2031.699951171875,2066.25,2022.0,2048.0,182977
2013-12-05,1379.090576171875,2050.5,2068.89990234375,2040.0,2051.0,167351
2013-12-06,1409.0869140625,2095.10009765625,2118.0,2059.0,2059.0,361042
2013-12-09,1427.9857177734375,2123.199951171875,2147.75,2100.5,2130.0,405152
2013-12-10,1479.6722412109375,2200.050048828125,2209.800048828125,2112.39990234375,2125.0,620989
2013-12-11,1454.5859375,2162.75,2209.949951171875,2150.0,2200.050048828125,391058
2013-12-12,1428.7928466796875,2124.39990234375,2163.050048828125,2118.300048828125,2156.64990234375,243761
2013-12-13,1386.11865234375,2060.949951171875,2133.39990234375,2055.300048828125,2120.10009765625,324205
2013-12-16,1374.3153076171875,2043.4000244140625,2065.0,2031.8499755859375,2060.0,531098
2013-12-17,1382.050048828125,2054.89990234375,2082.5,2033.0,2053.699951171875,458674
2013-12-18,1428.5238037109375,2124.0,2141.35009765625,2045.0999755859375,2074.89990234375,441620
2013-12-19,1401.28515625,2083.5,2129.10009765625,2071.0,2126.0,240612
2013-12-20,1432.0546875,2129.25,2134.0,2061.64990234375,2080.0,259407
2013-12-23,1454.6866455078125,2162.89990234375,2169.699951171875,2128.5,2129.949951171875,209552
2013-12-24,1433.02978515625,2130.699951171875,2162.10009765625,2125.949951171875,2162.0,185214
2013-12-26,1411.037109375,2098.0,2152.0,2090.0,2152.0,478556
2013-12-27,1403.7734375,2087.199951171875,2109.89990234375,2081.0,2097.0,158731
2013-12-30,1391.0284423828125,2068.25,2107.0,2053.800048828125,2107.0,168075
2013-12-31,1395.769775390625,2075.300048828125,2087.89990234375,2066.5,2075.0,130565
2014-01-01,1402.865478515625,2085.85009765625,2101.449951171875,2061.85009765625,2083.0,93575
2014-01-02,1399.30126953125,2080.550048828125,2104.0,2071.300048828125,2089.0,100402
2014-01-03,1413.0885009765625,2101.050048828125,2119.0,2055.0,2075.050048828125,310195
2014-01-06,1391.4654541015625,2068.89990234375,2101.050048828125,2061.10009765625,2101.050048828125,254511
2014-01-07,1391.532958984375,2069.0,2095.64990234375,2055.800048828125,2071.10009765625,257093
2014-01-08,1388.6070556640625,2064.64990234375,2089.60009765625,2057.0,2075.0,262835
2014-01-09,1391.06201171875,2068.300048828125,2080.0,2059.39990234375,2069.449951171875,128253
2014-01-10,1371.42333984375,2039.0999755859375,2073.699951171875,2032.0,2063.050048828125,252477
2014-01-13,1370.0108642578125,2037.0,2049.949951171875,2021.0,2032.050048828125,257418
2014-01-14,1370.1455078125,2037.199951171875,2049.800048828125,2026.449951171875,2036.0,198930
2014-01-15,1394.559326171875,2073.5,2096.89990234375,2040.0999755859375,2040.0999755859375,198099
2014-01-16,1396.677734375,2076.64990234375,2108.949951171875,2065.25,2076.25,240797
2014-01-17,1396.07275390625,2075.75,2098.0,2066.0,2078.85009765625,191608
2014-01-20,1402.966552734375,2086.0,2102.0,2056.10009765625,2080.0,294083
2014-01-21,1390.893798828125,2068.050048828125,2104.0,2065.0,2091.10009765625,178068
2014-01-22,1385.412353515625,2059.89990234375,2072.5,2050.0,2071.0,220535
2014-01-23,1381.17529296875,2053.60009765625,2069.0,2051.0,2065.0,150469
2014-01-24,1369.775634765625,2036.6500244140625,2062.14990234375,2022.5,2049.0,271283
2014-01-27,1356.3914794921875,2016.75,2035.5,2007.449951171875,2029.699951171875,574374
2014-01-28,1353.970458984375,2013.1500244140625,2031.0,1987.0,2014.699951171875,222697
2014-01-29,1393.21435546875,2071.5,2080.0,2015.0999755859375,2015.0999755859375,273137
2014-01-30,1343.8482666015625,1998.0999755859375,2094.0,1980.050048828125,2094.0,728691
2014-01-31,1324.410888671875,1969.199951171875,2027.800048828125,1953.25,1965.0,763748
2014-02-03,1319.5687255859375,1962.0,2003.0,1951.0,1972.0,138027
2014-02-04,1335.777587890625,1986.0999755859375,2007.0999755859375,1939.199951171875,1950.0,304380
2014-02-05,1337.189697265625,1988.199951171875,1999.0,1970.0,1994.800048828125,193619
2014-02-06,1334.49951171875,1984.199951171875,2001.9000244140625,1959.8499755859375,1995.25,221073
2014-02-07,1348.8250732421875,2005.5,2011.300048828125,1984.5999755859375,2000.0,192251
2014-02-10,1344.9580078125,1999.75,2019.9000244140625,1985.0999755859375,1999.0,58916
2014-02-11,1319.4342041015625,1961.800048828125,2007.6500244140625,1960.0,2005.0999755859375,327816
2014-02-12,1328.211181640625,1974.8499755859375,1986.0,1966.0,1970.0999755859375,105852
2014-02-13,1323.2677001953125,1967.5,1989.0,1960.0,1981.25,135293
2014-02-14,1302.9564208984375,1937.300048828125,1995.5999755859375,1912.199951171875,1964.25,309792
2014-02-17,1326.7989501953125,1972.75,2014.949951171875,1918.0999755859375,1945.1500244140625,505396
2014-02-18,1331.2711181640625,1979.4000244140625,1997.699951171875,1973.300048828125,1985.0,270533
2014-02-19,1307.630615234375,1944.25,1995.0,1940.0,1995.0,328560
2014-02-20,1295.3226318359375,1925.949951171875,1956.0,1910.199951171875,1939.0,390662
2014-02-21,1290.749267578125,1919.1500244140625,1939.5999755859375,1907.0999755859375,1928.0,238617
2014-02-24,1311.16162109375,1949.5,1952.5,1917.0,1917.0,100530
2014-02-25,1311.5313720703125,1950.050048828125,1957.1500244140625,1930.300048828125,1952.0,141492
2014-02-26,1328.4462890625,1975.199951171875,1981.0,1936.0999755859375,1950.0,298439
2014-02-28,1323.0325927734375,1967.1500244140625,1993.800048828125,1940.0,1988.0,338357
2014-03-03,1315.7686767578125,1956.3499755859375,1966.3499755859375,1950.0,1950.0,130003
2014-03-04,1329.58984375,1976.9000244140625,1984.8499755859375,1939.0,1946.0,193844
2014-03-05,1327.8408203125,1974.300048828125,1984.6500244140625,1958.0999755859375,1981.0999755859375,296277
2014-03-06,1353.1295166015625,2011.9000244140625,2016.5,1970.1500244140625,1974.0999755859375,282513
2014-03-07,1351.1456298828125,2008.949951171875,2057.0,1986.6500244140625,2011.8499755859375,539118
2014-03-10,1355.8533935546875,2015.949951171875,2029.0,1985.6500244140625,2008.8499755859375,427991
2014-03-11,1358.2071533203125,2019.449951171875,2035.0,1999.0,2025.25,381222
2014-03-12,1386.5557861328125,2061.60009765625,2067.0,2019.0,2019.0,542869
2014-03-13,1412.6846923828125,2100.449951171875,2113.699951171875,2066.10009765625,2066.10009765625,594324
2014-03-14,1428.759521484375,2124.35009765625,2140.60009765625,2076.64990234375,2105.0,424481
2014-03-18,1433.93798828125,2132.050048828125,2148.39990234375,2084.0,2126.0,552277
2014-03-19,1421.6976318359375,2113.85009765625,2149.449951171875,2103.5,2141.0,168101
2014-03-20,1415.476318359375,2104.60009765625,2124.60009765625,2068.5,2115.0,314133
2014-03-21,1390.9613037109375,2068.14990234375,2115.550048828125,2057.0,2111.0,447080
2014-03-24,1425.83349609375,2120.0,2122.949951171875,2065.949951171875,2066.199951171875,164681
2014-03-25,1473.047607421875,2190.199951171875,2195.0,2112.5,2117.0,302799
2014-03-26,1466.657958984375,2180.699951171875,2204.550048828125,2142.10009765625,2197.0,448128
2014-03-27,1513.4688720703125,2250.300048828125,2274.0,2162.300048828125,2190.0,846751
2014-03-28,1515.4525146484375,2253.25,2259.89990234375,2214.0,2259.0,309081
2014-03-31,1529.946533203125,2274.800048828125,2300.0,2240.5,2263.89990234375,225297
2014-04-01,1513.2666015625,2250.0,2284.75,2241.64990234375,2274.800048828125,153888
2014-04-02,1513.2327880859375,2249.949951171875,2284.199951171875,2243.64990234375,2270.0,196369
2014-04-03,1513.6702880859375,2250.60009765625,2264.89990234375,2234.85009765625,2264.89990234375,236571
2014-04-04,1513.871826171875,2250.89990234375,2260.0,2226.0,2260.0,166460
2014-04-07,1506.1038818359375,2239.35009765625,2254.14990234375,2214.0,2250.0,371497
2014-04-09,1509.433349609375,2244.300048828125,2254.0,2209.050048828125,2254.0,394670
2014-04-10,1484.64892578125,2207.449951171875,2254.89990234375,2200.0,2247.0,427407
2014-04-11,1462.185791015625,2174.050048828125,2211.0,2164.699951171875,2207.39990234375,286567
2014-04-15,1493.325439453125,2220.35009765625,2233.550048828125,2123.050048828125,2174.050048828125,305932
2014-04-16,1458.3857421875,2168.39990234375,2246.5,2161.949951171875,2225.0,229148
2014-04-17,1492.3167724609375,2218.85009765625,2225.0,2165.699951171875,2170.0,157821
2014-04-21,1509.937744140625,2245.050048828125,2248.10009765625,2201.0,2201.0,182444
2014-04-22,1524.3638916015625,2266.5,2274.0,2236.050048828125,2250.0,187491
2014-04-23,1517.4031982421875,2256.14990234375,2296.0,2227.14990234375,2264.0,322006
2014-04-24,1517.4031982421875,2256.14990234375,2256.14990234375,2256.14990234375,2256.14990234375,0
2014-04-25,1479.7392578125,2200.14990234375,2274.85009765625,2195.050048828125,2270.0,196880
2014-04-28,1453.476318359375,2161.10009765625,2212.89990234375,2155.199951171875,2197.60009765625,163998
2014-04-29,1442.7823486328125,2145.199951171875,2174.300048828125,2140.0,2163.39990234375,135445
2014-04-30,1479.873779296875,2200.35009765625,2217.800048828125,2148.050048828125,2148.050048828125,341315
2014-05-02,1478.7303466796875,2198.64990234375,2224.949951171875,2193.0,2222.0,128584
2014-05-05,1485.0865478515625,2208.10009765625,2217.60009765625,2184.0,2196.35009765625,118964
2014-05-06,1467.7005615234375,2182.25,2219.5,2171.5,2193.5,72499
2014-05-07,1451.5592041015625,2158.25,2194.0,2151.0,2184.0,222932
2014-05-08,1432.828125,2130.39990234375,2171.550048828125,2126.39990234375,2141.14990234375,209033
2014-05-09,1491.3411865234375,2217.39990234375,2233.0,2115.050048828125,2122.25,216863
2014-05-12,1548.7783203125,2302.800048828125,2310.0,2222.0,2224.89990234375,251737
2014-05-13,1633.656005859375,2429.0,2443.800048828125,2305.050048828125,2319.0,347393
2014-05-14,1635.0008544921875,2431.0,2488.0,2418.39990234375,2429.0,412324
2014-05-15,1641.5916748046875,2440.800048828125,2464.89990234375,2414.10009765625,2443.0,291788
2014-05-16,1612.5706787109375,2397.64990234375,2787.699951171875,2381.0,2489.949951171875,722965
2014-05-19,1646.70361328125,2448.39990234375,2472.699951171875,2391.699951171875,2429.89990234375,418194
2014-05-20,1588.929931640625,2362.5,2432.699951171875,2350.0,2410.0,299017
2014-05-21,1574.302001953125,2340.75,2395.0,2323.300048828125,2380.0,424068
2014-05-22,1553.822265625,2310.300048828125,2386.300048828125,2305.0,2357.0,298720
2014-05-23,1579.9853515625,2349.199951171875,2361.64990234375,2315.39990234375,2327.0,214013
2014-05-26,1547.1973876953125,2300.449951171875,2371.0,2282.699951171875,2370.0,283148
2014-05-27,1556.4454345703125,2314.199951171875,2335.699951171875,2279.35009765625,2280.25,138956
2014-05-28,1579.0771484375,2347.85009765625,2383.0,2300.0,2300.0,775174
2014-05-29,1576.8916015625,2344.60009765625,2356.0,2260.5,2350.0,588264
2014-05-30,1577.732177734375,2345.85009765625,2359.0,2326.0,2326.0,553044
2014-06-02,1604.2982177734375,2385.35009765625,2402.949951171875,2348.0,2348.0,398058
2014-06-03,1655.6484375,2461.699951171875,2469.60009765625,2387.0,2415.0,430868
2014-06-04,1709.3189697265625,2541.5,2569.0,2444.39990234375,2480.0,476392
2014-06-05,1736.6922607421875,2582.199951171875,2596.0,2502.64990234375,2564.949951171875,452569
2014-06-06,1804.3184814453125,2682.75,2700.0,2592.0,2592.0,655269
2014-06-09,1832.1961669921875,2724.199951171875,2754.550048828125,2684.199951171875,2694.0,399398
2014-06-10,1792.91845703125,2665.800048828125,2721.10009765625,2630.0,2721.0,266286
2014-06-11,1819.31640625,2705.050048828125,2718.0,2640.10009765625,2640.10009765625,443719
2014-06-12,1827.791015625,2717.64990234375,2738.35009765625,2682.300048828125,2700.0,320564
2014-06-13,1743.3170166015625,2592.050048828125,2757.800048828125,2578.25,2719.0,5445293
2014-06-16,1756.2977294921875,2611.35009765625,2623.0,2545.050048828125,2600.0,345733
2014-06-17,1742.947021484375,2591.5,2614.699951171875,2576.0,2614.699951171875,299825
2014-06-18,1711.2694091796875,2544.39990234375,2603.89990234375,2535.050048828125,2603.89990234375,397018
2014-06-19,1708.1085205078125,2539.699951171875,2575.0,2531.0,2550.0,396963
2014-06-20,1695.5311279296875,2521.0,2566.0,2512.25,2535.0,321985
2014-06-23,1737.5333251953125,2583.449951171875,2589.0,2523.0,2523.0,354783
2014-06-24,1758.92041015625,2615.25,2623.75,2585.0,2585.0,379832
2014-06-25,1777.44970703125,2642.800048828125,2661.64990234375,2595.5,2616.0,231135
2014-06-26,1780.206787109375,2646.89990234375,2678.64990234375,2627.5,2675.0,425375
2014-06-27,1764.0653076171875,2622.89990234375,2652.0,2610.0,2645.0,170046
2014-06-30,1771.9677734375,2634.64990234375,2640.0,2601.0,2618.050048828125,315750
2014-07-01,1777.85302734375,2643.39990234375,2665.0,2620.85009765625,2625.10009765625,145476
2014-07-02,1802.3343505859375,2679.800048828125,2693.699951171875,2635.0,2650.0,304779
2014-07-03,1784.1370849609375,2588.39990234375,2641.39990234375,2581.35009765625,2635.0,356742
2014-07-04,1781.0697021484375,2583.949951171875,2620.800048828125,2572.35009765625,2600.0,263645
2014-07-07,1803.0582275390625,2615.85009765625,2629.0,2583.050048828125,2599.0,266648
2014-07-08,1777.86474609375,2579.300048828125,2629.949951171875,2563.0,2625.0,315738
2014-07-09,1749.3282470703125,2537.89990234375,2591.25,2516.300048828125,2568.050048828125,278093
2014-07-10,1681.2276611328125,2439.10009765625,2570.949951171875,2400.14990234375,2531.0,289338
2014-07-11,1677.126220703125,2433.14990234375,2491.199951171875,2401.0,2450.0,527940
2014-07-14,1683.3638916015625,2442.199951171875,2460.050048828125,2405.0,2410.0,143434
2014-07-15,1659.3427734375,2407.35009765625,2489.300048828125,2393.14990234375,2462.0,311888
2014-07-16,1676.8502197265625,2432.75,2451.949951171875,2398.75,2425.0,362744
2014-07-17,1685.67333984375,2445.550048828125,2470.0,2432.0,2432.0,197104
2014-07-18,1726.3065185546875,2504.5,2512.35009765625,2426.64990234375,2438.050048828125,245685
2014-07-21,1734.5087890625,2516.39990234375,2540.0,2495.5,2525.0,195433
2014-07-22,1737.2318115234375,2520.35009765625,2548.449951171875,2508.85009765625,2535.0,159228
2014-07-23,1763.3900146484375,2558.300048828125,2568.0,2510.0,2510.10009765625,201900
2014-07-24,1749.53515625,2538.199951171875,2564.89990234375,2524.10009765625,2564.89990234375,110245
2014-07-25,1774.6939697265625,2574.699951171875,2584.0,2524.5,2538.199951171875,309696
2014-07-28,1749.4666748046875,2538.10009765625,2625.0,2504.050048828125,2625.0,245964
2014-07-30,1793.75244140625,2602.35009765625,2610.550048828125,2538.0,2558.0,285098
2014-07-31,1790.168701171875,2597.14990234375,2626.199951171875,2572.10009765625,2581.199951171875,705097
2014-08-01,1789.755126953125,2596.550048828125,2619.0,2560.050048828125,2577.60009765625,402497
2014-08-04,1792.7530517578125,2600.89990234375,2620.0,2565.0,2610.0,499212
2014-08-05,1780.6214599609375,2583.300048828125,2625.0,2550.199951171875,2616.5,644735
2014-08-06,1790.926513671875,2598.25,2609.0,2526.0,2530.0,959915
2014-08-07,1799.6807861328125,2610.949951171875,2619.0,2585.050048828125,2590.0,449586
2014-08-08,1807.211181640625,2591.75,2600.0,2549.25,2574.0,228607
2014-08-11,1816.415771484375,2604.949951171875,2618.0,2575.10009765625,2601.0,293004
2014-08-12,1811.0113525390625,2597.199951171875,2617.699951171875,2576.5,2610.25,160567
2014-08-13,1798.11181640625,2578.699951171875,2600.0,2561.0,2585.0,207460
2014-08-14,1750.5914306640625,2510.550048828125,2575.0,2488.0,2575.0,475867
2014-08-18,1751.2186279296875,2511.449951171875,2545.800048828125,2494.0,2514.89990234375,433436
2014-08-19,1772.974365234375,2542.64990234375,2550.0,2512.0,2516.949951171875,272337
2014-08-20,1769.104248046875,2537.10009765625,2552.949951171875,2505.25,2547.949951171875,153133
2014-08-21,1783.5728759765625,2557.85009765625,2571.800048828125,2512.0,2532.0,292332
2014-08-22,1768.6510009765625,2536.449951171875,2575.0,2525.0,2562.949951171875,240614
2014-08-25,1791.6961669921875,2569.5,2577.10009765625,2515.0,2540.0,319018
2014-08-26,1788.3492431640625,2564.699951171875,2596.0,2533.60009765625,2562.0,351269
2014-08-27,1812.963623046875,2600.0,2604.0,2554.14990234375,2570.0,655142
2014-08-28,1816.31103515625,2604.800048828125,2677.949951171875,2573.0,2599.0,3740111
2014-09-01,1921.3580322265625,2755.449951171875,2787.0,2597.89990234375,2612.10009765625,782545
2014-09-02,1947.4718017578125,2792.89990234375,2825.89990234375,2769.89990234375,2779.199951171875,534363
2014-09-03,1928.7147216796875,2766.0,2795.0,2756.050048828125,2790.0,249996
2014-09-04,1969.5760498046875,2824.60009765625,2839.85009765625,2736.050048828125,2760.0,402234
2014-09-05,1925.7857666015625,2761.800048828125,2829.0,2751.0,2825.0,324337
2014-09-08,1939.208740234375,2781.050048828125,2850.0,2756.25,2850.0,236925
2014-09-09,1917.279296875,2749.60009765625,2800.0,2740.10009765625,2800.0,178834
2014-09-10,1870.6998291015625,2682.800048828125,2761.64990234375,2675.0,2750.0,320429
2014-09-11,1896.8482666015625,2720.300048828125,2731.5,2670.0,2690.0,408168
2014-09-12,1923.5196533203125,2758.550048828125,2765.89990234375,2699.0,2720.0,225252
2014-09-15,1952.1787109375,2799.64990234375,2808.800048828125,2726.300048828125,2750.0,404377
2014-09-16,1945.798095703125,2790.5,2823.699951171875,2778.050048828125,2799.64990234375,425069
2014-09-17,1972.4349365234375,2828.699951171875,2878.0,2793.0,2805.0,608929
2014-09-18,2086.755859375,2992.64990234375,3010.449951171875,2817.0,2830.0,632305
2014-09-19,2057.992919921875,2951.39990234375,3017.0,2940.5,3001.89990234375,312955
2014-09-22,2090.38232421875,2997.85009765625,3009.699951171875,2933.300048828125,2940.0,248109
2014-09-23,2076.68017578125,2978.199951171875,3029.0,2970.0,2995.0,304207
2014-09-24,2052.31005859375,2943.25,2998.0,2918.0,2986.0,313069
2014-09-25,2045.1279296875,2932.949951171875,2959.800048828125,2900.5,2951.449951171875,647534
2014-09-26,2019.990234375,2896.89990234375,2934.5,2844.10009765625,2925.050048828125,368889
2014-09-29,1994.6090087890625,2860.5,2915.60009765625,2848.199951171875,2909.699951171875,233169
2014-09-30,1980.0009765625,2839.550048828125,2918.39990234375,2817.199951171875,2860.25,542336
2014-10-01,2004.68505859375,2874.949951171875,2926.75,2851.5,2881.0,447543
2014-10-07,1958.105712890625,2808.14990234375,2874.949951171875,2798.60009765625,2874.949951171875,301762
2014-10-08,1951.7603759765625,2799.050048828125,2819.75,2777.5,2802.0,431918
2014-10-09,1965.635986328125,2818.949951171875,2835.0,2801.0,2801.0,495261
2014-10-10,1981.0120849609375,2841.0,2872.5,2765.0,2811.5,471438
2014-10-13,2004.615234375,2874.85009765625,2892.75,2820.10009765625,2827.0,473368
2014-10-14,1988.9957275390625,2852.449951171875,2879.0,2840.199951171875,2867.0,429143
2014-10-15,1988.9957275390625,2852.449951171875,2852.449951171875,2852.449951171875,2852.449951171875,0
2014-10-16,1951.69091796875,2798.949951171875,2910.0,2725.949951171875,2874.0,903551
2014-10-17,2003.9527587890625,2873.89990234375,2909.10009765625,2739.0,2890.0,1062740
2014-10-20,2048.4404296875,2937.699951171875,2945.89990234375,2827.5,2914.949951171875,715327
2014-10-21,2088.988037109375,2995.85009765625,3003.0,2920.0,2937.949951171875,681898
2014-10-22,2172.419189453125,3115.5,3120.0,3026.0,3026.0,705957
2014-10-27,2149.722412109375,3082.949951171875,3129.0,3063.050048828125,3120.0,354733
2014-10-28,2116.32177734375,3035.050048828125,3093.75,3006.0,3090.0,556481
2014-10-29,2118.273681640625,3037.85009765625,3108.60009765625,3027.10009765625,3104.89990234375,815016
2014-10-30,2113.951171875,3031.64990234375,3054.300048828125,3011.0,3036.0,712684
2014-10-31,2136.682373046875,3064.25,3103.699951171875,3040.0,3054.949951171875,731352
2014-11-03,2099.516845703125,3010.949951171875,3050.0,2928.14990234375,3044.0,613472
2014-11-05,2066.290771484375,2963.300048828125,3036.39990234375,2943.300048828125,3035.0,779386
2014-11-07,2013.505126953125,2887.60009765625,2960.0,2862.60009765625,2920.0,11665947
2014-11-10,2045.2325439453125,2933.10009765625,2938.0,2895.0,2909.0,681780
2014-11-11,2038.88720703125,2924.0,2953.89990234375,2913.60009765625,2930.0,556075
2014-11-12,2069.115234375,2967.35009765625,2975.0,2926.0,2926.0,777888
2014-11-13,2041.3272705078125,2927.5,2983.0,2913.14990234375,2983.0,323763
2014-11-14,2067.05810546875,2964.39990234375,2983.0,2921.10009765625,2930.800048828125,408553
2014-11-17,2112.032958984375,3028.89990234375,3040.85009765625,2950.050048828125,2950.050048828125,779054
2014-11-18,2104.25830078125,3017.75,3048.75,3004.199951171875,3042.699951171875,282465
2014-11-19,2092.12548828125,3000.35009765625,3042.75,2976.75,3020.199951171875,361646
2014-11-20,2088.778564453125,2995.550048828125,3009.89990234375,2951.0,3009.89990234375,258380
2014-11-21,2111.64990234375,3028.35009765625,3048.300048828125,2991.449951171875,3003.89990234375,549348
2014-11-24,2146.758544921875,3078.699951171875,3087.25,3028.0,3028.0,611061
2014-11-25,2121.69091796875,3042.75,3095.699951171875,3020.89990234375,3085.0,796224
2014-11-26,2161.26220703125,3099.5,3109.449951171875,3012.25,3045.0,308719
2014-11-27,2164.504638671875,3104.14990234375,3135.60009765625,3076.0,3076.0,1022883
2014-11-28,2194.6630859375,3147.39990234375,3162.39990234375,3115.0,3115.0,259437
2014-12-01,2271.71337890625,3257.89990234375,3269.949951171875,3161.449951171875,3167.0,519665
2014-12-02,2248.075439453125,3224.0,3257.0,3210.10009765625,3257.0,226412
2014-12-03,2227.3662109375,3194.300048828125,3259.949951171875,3174.300048828125,3240.0,431751
2014-12-04,2243.89111328125,3218.0,3230.0,3171.14990234375,3204.550048828125,317558
2014-12-05,2222.27490234375,3187.0,3233.89990234375,3181.0,3233.89990234375,509568
2014-12-08,2203.55322265625,3160.14990234375,3205.0,3142.0,3205.0,196600
2014-12-09,2187.1318359375,3136.60009765625,3198.60009765625,3130.449951171875,3148.10009765625,328254
2014-12-10,2209.5498046875,3168.75,3188.39990234375,3128.5,3138.14990234375,301350
2014-12-11,2171.791259765625,3114.60009765625,3177.0,3099.300048828125,3177.0,282839
2014-12-12,2178.972900390625,3124.89990234375,3166.199951171875,3117.14990234375,3130.0,221565
2014-12-15,2193.302490234375,3145.449951171875,3250.0,3043.199951171875,3126.0,252872
2014-12-16,2184.447509765625,3132.75,3153.699951171875,3120.0,3130.0,567038
2014-12-17,2134.869140625,3061.64990234375,3177.0,3051.550048828125,3120.0,411233
2014-12-18,2137.51904296875,3065.449951171875,3114.14990234375,3028.050048828125,3112.0,511995
2014-12-19,2143.55078125,3074.10009765625,3148.85009765625,3040.050048828125,3097.0,1100472
2014-12-22,2171.582275390625,3114.300048828125,3122.89990234375,3061.39990234375,3070.0,219295
2014-12-23,2187.724853515625,3137.449951171875,3156.89990234375,3100.60009765625,3114.0,259270
2014-12-24,2161.9599609375,3100.5,3162.0,3074.449951171875,3155.0,459923
2014-12-26,2159.100341796875,3096.39990234375,3118.39990234375,3067.199951171875,3118.39990234375,97054
2014-12-29,2196.5107421875,3150.050048828125,3153.64990234375,3096.949951171875,3119.0,210657
2014-12-30,2151.047607421875,3084.85009765625,3160.0,3073.0,3155.0,306502
2014-12-31,2166.247314453125,3106.64990234375,3120.0,3046.75,3075.0,412694
2015-01-01,2165.37646484375,3105.39990234375,3120.0,3083.0,3111.0,112464
2015-01-02,2160.2861328125,3098.10009765625,3119.0,3090.550048828125,3115.0,187675
2015-01-05,2175.138916015625,3119.39990234375,3146.89990234375,3098.10009765625,3104.0,160068
2015-01-06,2101.92236328125,3014.39990234375,3098.0,3001.0,3098.0,457760
2015-01-07,2073.786865234375,2974.050048828125,3022.0,2966.699951171875,3014.0,378882
2015-01-08,2080.724853515625,2984.0,2999.699951171875,2951.75,2978.0,513335
2015-01-09,2086.477783203125,2992.25,3011.0,2966.25,2998.85009765625,365342
2015-01-12,2048.056640625,2937.14990234375,2988.0,2924.0,2988.0,396343
2015-01-13,2017.4110107421875,2893.199951171875,2962.550048828125,2887.550048828125,2951.0,387266
2015-01-14,2024.279052734375,2903.050048828125,2924.699951171875,2883.0,2909.0,503348
2015-01-15,2057.400390625,2950.550048828125,2970.0,2928.64990234375,2940.0,548030
2015-01-16,2020.5484619140625,2897.699951171875,2970.0,2891.300048828125,2950.39990234375,441344
2015-01-19,1981.220947265625,2841.300048828125,2920.0,2836.0,2900.050048828125,494968
2015-01-20,1972.39990234375,2828.64990234375,2868.0,2797.199951171875,2860.0,620515
2015-01-21,2004.824462890625,2875.14990234375,2894.0,2833.89990234375,2833.89990234375,502824
2015-01-22,1979.5120849609375,2838.85009765625,2909.0,2811.60009765625,2899.949951171875,616241
2015-01-23,1996.2127685546875,2862.800048828125,2895.60009765625,2851.0,2870.0,616170
2015-01-27,1992.6910400390625,2857.75,2869.64990234375,2823.0,2860.0,563105
2015-01-28,1997.81640625,2865.10009765625,2895.5,2840.550048828125,2860.0,415685
2015-01-29,2005.765380859375,2876.5,2898.75,2857.0,2860.0,544345
2015-01-30,1998.095458984375,2865.5,2936.85009765625,2857.39990234375,2887.550048828125,447643
2015-02-02,1975.5728759765625,2833.199951171875,2888.800048828125,2810.0,2877.949951171875,298183
2015-02-03,1961.0692138671875,2812.39990234375,2860.0,2791.0,2857.5,377426
2015-02-04,1972.992431640625,2829.5,2864.0,2750.0,2770.0,902976
2015-02-05,1985.405029296875,2847.300048828125,2857.800048828125,2811.0,2811.0,475877
2015-02-06,1935.896728515625,2776.300048828125,2852.949951171875,2771.25,2847.199951171875,544388
2015-02-09,1902.775390625,2728.800048828125,2764.949951171875,2705.0,2750.0,425252
2015-02-10,1896.74365234375,2720.14990234375,2752.0,2690.699951171875,2715.0,531510
2015-02-11,1919.89404296875,2753.35009765625,2765.300048828125,2701.550048828125,2721.60009765625,427723
2015-02-12,1957.6873779296875,2807.550048828125,2819.0,2775.60009765625,2782.35009765625,471851
2015-02-13,1989.308837890625,2852.89990234375,2868.199951171875,2815.0,2822.39990234375,278795
2015-02-16,1955.90966796875,2805.0,2861.64990234375,2793.300048828125,2855.0,278310
2015-02-18,1857.41650390625,2663.75,2728.0,2645.699951171875,2705.0,10612619
2015-02-19,1858.2532958984375,2664.949951171875,2700.0,2649.10009765625,2677.0,4318965
2015-02-20,1854.03466796875,2658.89990234375,2683.39990234375,2647.550048828125,2670.0,516004
2015-02-23,1846.3643798828125,2647.89990234375,2662.85009765625,2629.25,2658.89990234375,569905
2015-02-24,1848.804931640625,2651.39990234375,2670.0,2640.14990234375,2652.949951171875,433596
2015-02-25,1830.082763671875,2624.550048828125,2670.0,2615.0,2665.0,587341
2015-02-26,1828.478515625,2622.25,2635.050048828125,2600.0,2630.0,1172341
2015-02-27,1863.5875244140625,2672.60009765625,2678.75,2637.35009765625,2643.89990234375,1913808
2015-03-02,1830.082763671875,2624.550048828125,2705.5,2616.25,2702.0,817814
2015-03-03,1838.4156494140625,2636.5,2643.75,2598.10009765625,2618.050048828125,438209
2015-03-04,1828.478515625,2622.25,2678.0,2610.0,2675.0,456591
2015-03-05,1819.5537109375,2609.449951171875,2636.75,2584.60009765625,2631.0,428419
2015-03-09,1812.441162109375,2599.25,2607.550048828125,2572.25,2598.050048828125,801602
2015-03-10,1825.30615234375,2617.699951171875,2625.39990234375,2590.10009765625,2590.10009765625,605928
2015-03-11,1821.8194580078125,2612.699951171875,2628.0,2592.0,2610.60009765625,577880
2015-03-12,1842.494140625,2642.35009765625,2647.39990234375,2616.199951171875,2624.800048828125,589703
2015-03-13,1819.9368896484375,2610.0,2673.949951171875,2605.10009765625,2673.949951171875,293111
2015-03-16,1834.754150390625,2631.25,2643.75,2600.0,2615.050048828125,212151
2015-03-17,1848.84033203125,2651.449951171875,2655.0,2631.050048828125,2645.0,503626
2015-03-18,1865.5050048828125,2675.35009765625,2688.89990234375,2640.10009765625,2652.0,547515
2015-03-19,1856.754150390625,2662.800048828125,2697.60009765625,2654.050048828125,2696.449951171875,382445
2015-03-20,1819.90185546875,2609.949951171875,2660.0,2603.199951171875,2650.0,307523
2015-03-23,1838.8333740234375,2637.10009765625,2646.0,2602.800048828125,2619.949951171875,202857
2015-03-24,1816.520263671875,2605.10009765625,2649.0,2599.10009765625,2645.800048828125,514291
2015-03-25,1810.0006103515625,2595.75,2626.949951171875,2591.0,2626.949951171875,401570
2015-03-26,1815.5787353515625,2603.75,2617.85009765625,2575.949951171875,2590.050048828125,715178
2015-03-27,1796.3330078125,2576.14990234375,2604.0,2552.0,2592.0,584370
2015-03-30,1843.8541259765625,2644.300048828125,2666.85009765625,2561.39990234375,2580.10009765625,281366
2015-03-31,1840.7166748046875,2639.800048828125,2658.75,2620.699951171875,2649.0,493733
2015-04-01,1851.90771484375,2655.85009765625,2669.949951171875,2628.0,2639.949951171875,375681
2015-04-06,1863.6572265625,2672.699951171875,2678.0,2635.0,2673.89990234375,365024
2015-04-07,1835.5216064453125,2632.35009765625,2672.800048828125,2621.60009765625,2672.800048828125,359998
2015-04-08,1817.008544921875,2605.800048828125,2642.199951171875,2601.5,2637.0,1053590
2015-04-09,1821.0528564453125,2611.60009765625,2633.949951171875,2602.300048828125,2620.0,1041470
2015-04-10,1801.7022705078125,2583.85009765625,2624.39990234375,2575.5,2614.949951171875,654704
2015-04-13,1799.5059814453125,2580.699951171875,2599.0,2565.64990234375,2599.0,420050
2015-04-15,1760.353515625,2524.550048828125,2587.0,2509.800048828125,2581.199951171875,726309
2015-04-16,1694.494140625,2430.10009765625,2520.0,2413.0,2516.199951171875,1443068
2015-04-17,1680.8267822265625,2410.5,2440.0,2382.75,2429.800048828125,1198446
2015-04-20,1615.1768798828125,2316.35009765625,2427.35009765625,2300.89990234375,2411.0,1710612
2015-04-21,1624.0672607421875,2329.10009765625,2346.75,2293.5,2316.0,901340
2015-04-22,1680.059814453125,2409.39990234375,2421.0,2340.0,2340.0,840590
2015-04-23,1666.9156494140625,2390.550048828125,2427.10009765625,2359.0,2412.699951171875,1012419
2015-04-24,1640.5931396484375,2352.800048828125,2397.89990234375,2325.5,2380.449951171875,1960963
2015-04-27,1615.62939453125,2317.0,2363.050048828125,2295.60009765625,2360.0,2307119
2015-04-28,1642.5106201171875,2355.550048828125,2369.949951171875,2300.0,2309.0,711394
2015-04-29,1654.051025390625,2372.10009765625,2390.0,2340.10009765625,2356.300048828125,295438
2015-04-30,1623.9278564453125,2328.89990234375,2363.0,2325.0,2360.10009765625,1052575
2015-05-04,1666.218017578125,2389.550048828125,2399.800048828125,2330.0,2340.0,1647793
2015-05-05,1643.8349609375,2357.449951171875,2390.5,2340.85009765625,2389.550048828125,775073
2015-05-06,1622.184326171875,2326.39990234375,2355.85009765625,2308.5,2353.0,1488751
2015-05-07,1641.8134765625,2354.550048828125,2372.39990234375,2305.39990234375,2330.10009765625,1397408
2015-05-08,1604.2288818359375,2300.64990234375,2314.800048828125,2251.300048828125,2309.0,1079192
2015-05-11,1662.522705078125,2384.25,2404.64990234375,2310.0,2310.0,887873
2015-05-12,1719.805419921875,2466.39990234375,2497.10009765625,2385.14990234375,2398.0,2015463
2015-05-13,1745.849609375,2503.75,2530.0,2480.39990234375,2486.800048828125,885648
2015-05-14,1769.3834228515625,2537.5,2549.0,2482.14990234375,2500.0,512485
2015-05-15,1763.9444580078125,2529.699951171875,2555.5,2518.5,2537.949951171875,309635
2015-05-18,1757.5643310546875,2520.550048828125,2548.0,2507.0,2518.0,812046
2015-05-19,1799.541015625,2580.75,2609.449951171875,2520.0,2520.0,923546
2015-05-20,1798.5999755859375,2579.39990234375,2594.75,2576.0,2590.0,688445
2015-05-21,1814.6370849609375,2602.39990234375,2615.0,2543.699951171875,2580.0,531936
2015-05-22,1815.3702392578125,2603.449951171875,2610.0,2578.10009765625,2602.10009765625,138833
2015-05-25,1804.6661376953125,2588.10009765625,2607.89990234375,2580.10009765625,2603.89990234375,178329
2015-05-26,1822.621826171875,2613.85009765625,2638.5,2589.35009765625,2590.89990234375,428351
2015-05-27,1817.356689453125,2606.300048828125,2663.75,2594.60009765625,2606.5,396976
2015-05-28,1843.226318359375,2643.39990234375,2668.5,2592.10009765625,2610.39990234375,1494418
2015-05-29,1880.496826171875,2696.85009765625,2705.0,2624.0,2640.0,701724
2015-06-01,1910.9234619140625,2710.0,2737.89990234375,2643.25,2678.0,510174
2015-06-02,1839.4227294921875,2608.60009765625,2692.25,2601.0,2692.25,822000
2015-06-03,1817.1051025390625,2576.949951171875,2629.89990234375,2567.300048828125,2600.0,555765
2015-06-04,1796.620849609375,2547.89990234375,2591.0,2536.0,2577.0,516562
2015-06-05,1817.59814453125,2577.64990234375,2598.0,2528.10009765625,2549.949951171875,335801
2015-06-08,1777.4058837890625,2520.64990234375,2593.800048828125,2508.050048828125,2593.800048828125,411130
2015-06-09,1762.8092041015625,2499.949951171875,2529.949951171875,2494.0,2511.050048828125,531218
2015-06-10,1773.3865966796875,2514.949951171875,2530.0,2501.0,2515.0,377088
2015-06-11,1765.8060302734375,2504.199951171875,2548.0,2500.0,2532.0,410240
2015-06-12,1765.34765625,2503.550048828125,2524.60009765625,2484.199951171875,2490.0,332914
2015-06-15,1767.1104736328125,2506.050048828125,2531.5,2482.0,2495.0,253983
2015-06-16,1793.3062744140625,2543.199951171875,2554.60009765625,2499.800048828125,2504.300048828125,290025
2015-06-17,1778.5689697265625,2522.300048828125,2567.949951171875,2515.0,2565.0,530660
2015-06-18,1781.3897705078125,2526.300048828125,2546.949951171875,2518.10009765625,2525.0,448303
2015-06-19,1799.123779296875,2551.449951171875,2580.300048828125,2530.0,2534.199951171875,374245
2015-06-22,1820.34814453125,2581.550048828125,2589.0,2563.199951171875,2579.39990234375,271426
2015-06-23,1775.11376953125,2517.39990234375,2590.0,2512.0,2590.0,350911
2015-06-24,1777.65283203125,2521.0,2547.0,2510.10009765625,2517.5,320799
2015-06-25,1799.5819091796875,2552.10009765625,2575.0,2527.0,2530.0,400609
2015-06-26,1790.4857177734375,2539.199951171875,2566.60009765625,2521.0,2550.0,200634
2015-06-29,1788.05322265625,2535.75,2556.0,2500.0,2508.0,355916
2015-06-30,1779.4154052734375,2523.5,2554.0,2502.0,2542.0,325449
2015-07-01,1777.369873046875,2520.60009765625,2534.949951171875,2500.39990234375,2525.10009765625,401143
2015-07-02,1782.7996826171875,2528.300048828125,2568.0,2521.0,2521.5,423277
2015-07-03,1816.8935546875,2576.64990234375,2584.949951171875,2530.0,2540.0,271136
2015-07-06,1842.8070068359375,2613.39990234375,2624.949951171875,2555.75,2566.0,307013
2015-07-07,1807.7967529296875,2563.75,2639.0,2560.0,2625.0,425371
2015-07-08,1798.031005859375,2549.89990234375,2582.89990234375,2516.550048828125,2549.550048828125,510583
2015-07-09,1836.707763671875,2604.75,2609.949951171875,2540.10009765625,2540.10009765625,418181
2015-07-10,1813.29736328125,2571.550048828125,2618.75,2566.0,2609.0,401799
2015-07-13,1833.4993896484375,2600.199951171875,2609.0,2550.10009765625,2580.0,229719
2015-07-14,1860.6470947265625,2638.699951171875,2649.89990234375,2592.0,2610.0,324900
2015-07-15,1874.4326171875,2658.25,2670.89990234375,2648.0,2648.949951171875,145475
2015-07-16,1868.12109375,2649.300048828125,2666.0,2626.0,2658.0,201208
2015-07-17,1868.1923828125,2649.39990234375,2678.0,2641.300048828125,2652.949951171875,180187
2015-07-20,1877.00634765625,2661.89990234375,2675.0,2654.0,2666.800048828125,165950
2015-07-21,1894.88134765625,2687.25,2695.0,2658.550048828125,2661.89990234375,156870
2015-07-22,1911.6287841796875,2711.0,2719.89990234375,2670.35009765625,2686.0,196253
2015-07-23,1916.28271484375,2717.60009765625,2730.0,2674.0,2710.0,296483
2015-07-24,1932.35986328125,2740.39990234375,2748.800048828125,2700.0,2700.0,336553
2015-07-27,1836.9193115234375,2605.050048828125,2749.449951171875,2595.0,2749.449951171875,453942
2015-07-28,1785.056640625,2531.5,2631.449951171875,2501.10009765625,2612.199951171875,614008
2015-07-29,1812.0982666015625,2569.85009765625,2581.0,2506.300048828125,2538.699951171875,412275
2015-07-30,1819.5023193359375,2580.35009765625,2627.35009765625,2565.0,2570.0,1025263
2015-07-31,1891.67333984375,2682.699951171875,2698.5,2585.449951171875,2599.949951171875,471113
2015-08-03,1901.827392578125,2697.10009765625,2718.0,2602.35009765625,2656.0,861266
2015-08-04,1850.1761474609375,2623.85009765625,2793.800048828125,2613.64990234375,2790.0,1657551
2015-08-05,1879.8974609375,2666.0,2674.89990234375,2628.449951171875,2637.0,404556
2015-08-06,1869.3912353515625,2651.10009765625,2682.0,2639.0,2682.0,247050
2015-08-07,1876.970947265625,2661.85009765625,2669.5,2633.050048828125,2633.050048828125,175465
2015-08-10,1906.65771484375,2703.949951171875,2729.89990234375,2662.550048828125,2664.60009765625,431904
2015-08-11,1895.692626953125,2688.39990234375,2718.64990234375,2668.800048828125,2709.10009765625,682348
2015-08-12,1857.897216796875,2634.800048828125,2697.0,2622.050048828125,2665.0,347945
2015-08-13,1866.1470947265625,2646.5,2684.0,2619.199951171875,2637.5,346709
2015-08-14,1912.650634765625,2712.449951171875,2722.199951171875,2641.199951171875,2663.0,316094
2015-08-17,1868.791259765625,2650.25,2720.14990234375,2641.0,2718.0,191264
2015-08-18,1862.2694091796875,2641.0,2676.699951171875,2635.10009765625,2651.199951171875,142927
2015-08-19,1893.0830078125,2684.699951171875,2708.949951171875,2616.300048828125,2630.550048828125,200364
2015-08-20,1853.8778076171875,2629.10009765625,2664.35009765625,2621.300048828125,2650.0,239882
2015-08-21,1801.6624755859375,2555.050048828125,2657.949951171875,2535.0,2615.0,536661
2015-08-24,1743.48876953125,2472.550048828125,2518.949951171875,2400.0,2512.0,589441
2015-08-25,1737.8121337890625,2464.5,2518.699951171875,2404.800048828125,2475.14990234375,588828
2015-08-26,1687.1834716796875,2392.699951171875,2450.0,2367.050048828125,2447.0,1271762
2015-08-27,1676.6766357421875,2377.800048828125,2418.0,2364.25,2418.0,937972
2015-08-28,1691.343505859375,2398.60009765625,2428.949951171875,2377.800048828125,2399.5,318325
2015-08-31,1690.3563232421875,2397.199951171875,2415.0,2380.0,2380.0,358188
2015-09-01,1680.9429931640625,2383.85009765625,2395.39990234375,2353.050048828125,2370.0,367859
2015-09-02,1649.1060791015625,2338.699951171875,2389.800048828125,2300.449951171875,2365.0,493940
2015-09-03,1637.5767822265625,2322.35009765625,2362.5,2315.10009765625,2356.0,260650
2015-09-04,1615.364990234375,2290.85009765625,2329.949951171875,2265.550048828125,2323.60009765625,424019
2015-09-07,1608.137451171875,2280.60009765625,2311.10009765625,2257.199951171875,2300.0,257462
2015-09-08,1631.124755859375,2313.199951171875,2327.64990234375,2282.300048828125,2292.0,174954
2015-09-09,1653.0546875,2344.300048828125,2369.800048828125,2333.10009765625,2341.0,208014
2015-09-10,1656.0867919921875,2348.60009765625,2364.64990234375,2300.0,2327.0,222191
2015-09-11,1652.1732177734375,2343.050048828125,2367.85009765625,2332.10009765625,2350.10009765625,193787
2015-09-14,1656.72119140625,2349.5,2359.699951171875,2320.0,2339.949951171875,116680
2015-09-15,1629.25634765625,2310.550048828125,2341.64990234375,2305.050048828125,2339.699951171875,330037
2015-09-16,1670.0133056640625,2368.35009765625,2383.89990234375,2318.0,2326.199951171875,399414
2015-09-18,1712.4271240234375,2428.5,2446.5,2375.14990234375,2378.800048828125,753722
2015-09-21,1709.0421142578125,2423.699951171875,2447.800048828125,2388.300048828125,2388.300048828125,239281
2015-09-22,1684.5386962890625,2388.949951171875,2449.85009765625,2375.300048828125,2426.25,380613
2015-09-23,1693.000244140625,2400.949951171875,2406.60009765625,2379.550048828125,2379.550048828125,362950
2015-09-24,1679.4267578125,2381.699951171875,2419.949951171875,2372.60009765625,2400.0,391877
2015-09-28,1656.72119140625,2349.5,2389.89990234375,2335.800048828125,2383.199951171875,325138
2015-09-29,1642.442626953125,2329.25,2370.5,2301.60009765625,2311.0,460978
2015-09-30,1688.45263671875,2394.5,2408.300048828125,2310.5,2359.0,431516
2015-10-01,1700.828125,2412.050048828125,2472.699951171875,2400.0,2400.0,541532
2015-10-05,1764.2548828125,2502.0,2517.89990234375,2435.0,2449.89990234375,383373
2015-10-06,1785.6558837890625,2532.35009765625,2553.0,2511.0,2520.0,295211
2015-10-07,1791.5789794921875,2540.75,2555.5,2495.050048828125,2535.0,202418
2015-10-08,1792.178466796875,2541.60009765625,2561.75,2523.300048828125,2541.0,146872
2015-10-09,1808.5721435546875,2564.85009765625,2582.0,2553.0,2565.0,147737
2015-10-12,1800.1815185546875,2552.949951171875,2596.5,2544.0,2567.0,98041
2015-10-13,1790.1685791015625,2538.75,2563.60009765625,2525.0,2555.0,178225
2015-10-14,1762.84423828125,2500.0,2549.0,2492.800048828125,2539.75,184215
2015-10-15,1808.0089111328125,2564.050048828125,2579.800048828125,2500.0,2513.949951171875,172463
2015-10-16,1822.0760498046875,2584.0,2590.0,2558.800048828125,2570.39990234375,137066
2015-10-19,1841.855224609375,2612.050048828125,2620.199951171875,2555.75,2587.0,183298
2015-10-20,1837.73046875,2606.199951171875,2627.85009765625,2586.550048828125,2617.0,369501
2015-10-21,1849.4351806640625,2622.800048828125,2667.60009765625,2590.0,2658.89990234375,643276
2015-10-23,1830.572998046875,2596.050048828125,2643.0,2588.10009765625,2635.25,205893
2015-10-26,1847.84912109375,2620.550048828125,2633.0,2597.60009765625,2602.89990234375,197884
2015-10-27,1847.531494140625,2620.10009765625,2644.0,2586.699951171875,2614.949951171875,357084
2015-10-28,1851.7276611328125,2626.050048828125,2632.800048828125,2595.25,2630.0,199328
2015-10-29,1852.1502685546875,2626.64990234375,2637.300048828125,2603.199951171875,2616.10009765625,265627
2015-10-30,1820.242919921875,2581.39990234375,2629.60009765625,2563.699951171875,2620.0,341083
2015-11-02,1795.1754150390625,2545.85009765625,2584.39990234375,2532.699951171875,2575.199951171875,367201
2015-11-03,1821.195068359375,2582.75,2597.0,2536.199951171875,2556.949951171875,226406
2015-11-04,1848.201904296875,2621.050048828125,2634.199951171875,2592.0,2600.0,223537
2015-11-05,1860.6470947265625,2638.699951171875,2658.60009765625,2606.10009765625,2617.85009765625,229100
2015-11-06,1861.4581298828125,2639.85009765625,2674.89990234375,2600.10009765625,2642.0,359043
2015-11-09,1843.3009033203125,2614.10009765625,2649.89990234375,2596.10009765625,2605.050048828125,138190
2015-11-10,1878.2752685546875,2663.699951171875,2671.0,2605.10009765625,2608.0,218330
2015-11-13,1844.2171630859375,2615.39990234375,2650.0,2611.0,2645.0,155474
2015-11-16,1841.608154296875,2611.699951171875,2645.0,2580.0,2615.0,153495
2015-11-17,1831.9124755859375,2597.949951171875,2618.39990234375,2575.0,2603.050048828125,196186
2015-11-18,1815.624267578125,2574.85009765625,2604.5,2567.14990234375,2590.0,165550
2015-11-19,1826.095703125,2589.699951171875,2683.800048828125,2581.449951171875,2618.75,736910
2015-11-20,1807.1624755859375,2562.85009765625,2639.0,2556.300048828125,2600.0,747678
2015-11-23,1859.2021484375,2636.64990234375,2667.0,2572.0,2572.0,724326
2015-11-24,1865.3365478515625,2645.35009765625,2666.800048828125,2629.0,2641.0,397339
2015-11-26,1895.9044189453125,2688.699951171875,2710.0,2610.0,2610.0,1400143
2015-11-27,1907.009765625,2704.449951171875,2714.39990234375,2658.949951171875,2688.0,300797
2015-11-30,1903.272705078125,2699.14990234375,2734.300048828125,2684.14990234375,2712.449951171875,604367
2015-12-01,1888.64111328125,2678.39990234375,2717.550048828125,2670.199951171875,2716.0,439761
2015-12-02,1887.265625,2676.449951171875,2701.800048828125,2654.5,2664.89990234375,552538
2015-12-03,1845.909423828125,2617.800048828125,2684.0,2611.199951171875,2680.550048828125,395343
2015-12-04,1845.909423828125,2617.800048828125,2634.35009765625,2603.14990234375,2613.0,223767
2015-12-07,1849.611572265625,2623.050048828125,2663.10009765625,2609.39990234375,2634.699951171875,667088
2015-12-08,1834.697998046875,2601.89990234375,2640.0,2585.64990234375,2615.0,231485
2015-12-09,1795.5628662109375,2546.39990234375,2604.85009765625,2536.0,2599.949951171875,247209
2015-12-10,1796.93798828125,2548.35009765625,2574.0,2538.14990234375,2566.60009765625,295521
2015-12-11,1780.57861328125,2525.14990234375,2563.800048828125,2516.64990234375,2550.0,303901
2015-12-14,1788.05322265625,2535.75,2555.0,2500.449951171875,2519.800048828125,178832
2015-12-15,1810.653076171875,2567.800048828125,2579.0,2508.0,2540.0,203987
2015-12-16,1830.11474609375,2595.39990234375,2615.35009765625,2570.10009765625,2570.10009765625,241774
2015-12-17,1872.10595703125,2654.949951171875,2667.0,2600.0,2600.0,254167
2015-12-18,1863.7850341796875,2643.14990234375,2664.89990234375,2625.75,2650.0,237868
2015-12-21,1902.4267578125,2697.949951171875,2705.0,2637.89990234375,2665.0,351826
2015-12-22,1882.96435546875,2670.35009765625,2701.0,2662.800048828125,2697.949951171875,299012
2015-12-23,1888.500244140625,2678.199951171875,2694.60009765625,2664.89990234375,2675.39990234375,173603
2015-12-24,1901.3333740234375,2696.39990234375,2702.699951171875,2678.35009765625,2678.35009765625,187156
2015-12-28,1910.5008544921875,2709.39990234375,2713.5,2683.5,2707.0,327048
2015-12-29,1926.3660888671875,2731.89990234375,2738.0,2700.550048828125,2707.0,283306
2015-12-30,1913.0037841796875,2712.949951171875,2732.949951171875,2709.35009765625,2732.0,196033
2015-12-31,1899.712158203125,2694.10009765625,2722.949951171875,2671.0,2717.949951171875,913225
2016-01-01,1894.035400390625,2686.050048828125,2695.0,2675.199951171875,2689.0,141582
2016-01-04,1860.01220703125,2637.800048828125,2669.0,2631.10009765625,2652.0,254167
2016-01-05,1845.2401123046875,2616.85009765625,2655.199951171875,2610.050048828125,2642.5,290015
2016-01-06,1817.986572265625,2578.199951171875,2623.0,2572.949951171875,2604.199951171875,307058
2016-01-07,1777.0181884765625,2520.10009765625,2592.0,2510.050048828125,2556.89990234375,186980
2016-01-08,1755.546142578125,2489.64990234375,2538.35009765625,2485.0,2525.10009765625,198609
2016-01-11,1766.6873779296875,2505.449951171875,2525.0,2450.199951171875,2475.14990234375,168536
2016-01-12,1739.7161865234375,2467.199951171875,2510.10009765625,2461.39990234375,2500.0,228350
2016-01-13,1744.29931640625,2473.699951171875,2485.0,2420.699951171875,2480.25,237742
2016-01-14,1718.808837890625,2437.550048828125,2474.050048828125,2418.0,2444.0,312029
2016-01-15,1711.8983154296875,2427.75,2454.949951171875,2410.199951171875,2445.0,177133
2016-01-18,1717.3984375,2435.550048828125,2450.0,2377.14990234375,2438.0,285797
2016-01-19,1750.71630859375,2482.800048828125,2498.949951171875,2446.85009765625,2455.0,232059
2016-01-20,1754.7352294921875,2488.5,2507.0,2455.75,2469.0,349976
2016-01-21,1741.619873046875,2469.89990234375,2539.949951171875,2462.5,2484.10009765625,462839
2016-01-22,1827.3646240234375,2591.5,2599.0,2472.550048828125,2494.0,342135
2016-01-25,1780.61376953125,2525.199951171875,2610.0,2493.10009765625,2605.0,235464
2016-01-27,1750.4696044921875,2482.449951171875,2548.050048828125,2475.0,2535.0,318370
2016-01-28,1720.2542724609375,2439.60009765625,2508.0,2431.10009765625,2485.0,373017
2016-01-29,1809.1368408203125,2565.64990234375,2585.0,2442.5,2449.0,494944
2016-02-01,1787.947021484375,2535.60009765625,2560.0,2507.25,2560.0,246093
2016-02-02,1775.7489013671875,2518.300048828125,2550.75,2508.60009765625,2541.60009765625,234228
2016-02-03,1752.161865234375,2484.85009765625,2542.800048828125,2471.0,2500.0,177259
2016-02-04,1772.57568359375,2513.800048828125,2528.25,2472.0,2490.25,247401
2016-02-05,1822.60498046875,2584.75,2589.0,2505.0,2513.800048828125,208803
2016-02-08,1811.005859375,2568.300048828125,2586.0,2553.60009765625,2580.0,200891
2016-02-09,1820.20751953125,2581.35009765625,2596.0,2515.0,2538.0,120852
2016-02-10,1802.050537109375,2555.60009765625,2578.35009765625,2545.0,2576.89990234375,177476
2016-02-11,1760.6590576171875,2496.89990234375,2562.449951171875,2480.949951171875,2556.800048828125,181663
2016-02-12,1755.26416015625,2489.25,2537.949951171875,2453.10009765625,2537.949951171875,401230
2016-02-15,1768.02734375,2507.35009765625,2539.449951171875,2483.89990234375,2512.0,419156
2016-02-16,1771.65869140625,2512.5,2567.0,2503.800048828125,2521.0,248550
2016-02-17,1780.156005859375,2524.550048828125,2545.0,2438.0,2511.0,303578
2016-02-18,1845.8743896484375,2617.75,2627.800048828125,2520.0,2536.0,438531
2016-02-19,1908.243896484375,2706.199951171875,2710.5,2602.64990234375,2617.0,724742
2016-02-22,1905.6705322265625,2702.550048828125,2728.800048828125,2674.39990234375,2699.0,273758
2016-02-23,1876.4771728515625,2661.14990234375,2712.60009765625,2652.14990234375,2711.0,305417
2016-02-24,1848.3426513671875,2621.25,2658.0,2610.0,2657.10009765625,219570
2016-02-25,1848.413330078125,2621.35009765625,2642.35009765625,2594.300048828125,2620.0,293356
2016-02-26,1801.908935546875,2555.39990234375,2649.949951171875,2531.64990234375,2635.949951171875,455721
2016-02-29,1762.7740478515625,2499.89990234375,2564.89990234375,2471.10009765625,2546.0,733831
2016-03-01,1880.7789306640625,2667.25,2681.85009765625,2506.199951171875,2513.0,865407
2016-03-02,1979.1099853515625,2806.699951171875,2859.0,2705.10009765625,2715.0,1278710
2016-03-03,1992.7196044921875,2826.0,2849.0,2800.0,2806.699951171875,837426
2016-03-04,1999.6656494140625,2835.85009765625,2855.0,2788.199951171875,2805.25,516906
2016-03-08,1981.1201171875,2809.550048828125,2840.0,2800.5,2840.0,424372
2016-03-09,1986.020751953125,2816.5,2829.949951171875,2790.050048828125,2795.0,398021
2016-03-10,1983.1297607421875,2812.39990234375,2850.0,2800.0,2840.0,345359
2016-03-11,1983.799560546875,2813.35009765625,2838.949951171875,2795.550048828125,2795.550048828125,269758
2016-03-14,1985.8800048828125,2816.300048828125,2836.0,2800.800048828125,2836.0,394258
2016-03-15,1983.5882568359375,2813.050048828125,2837.800048828125,2806.35009765625,2819.949951171875,334127
2016-03-16,1973.1868896484375,2798.300048828125,2835.949951171875,2762.5,2802.0,368182
2016-03-17,1989.2642822265625,2821.10009765625,2839.0,2805.0,2815.10009765625,247010
2016-03-18,1996.245361328125,2831.0,2839.0,2793.14990234375,2828.89990234375,296826
2016-03-21,2002.3966064453125,2799.60009765625,2822.85009765625,2776.949951171875,2804.5,237654
2016-03-22,2046.66943359375,2861.5,2869.60009765625,2752.300048828125,2799.60009765625,837215
2016-03-23,2053.7509765625,2871.39990234375,2914.699951171875,2864.25,2875.0,497247
2016-03-28,2037.014404296875,2848.0,2890.0,2832.0,2855.0,453040
2016-03-29,2043.3441162109375,2856.85009765625,2880.0,2843.050048828125,2847.0,222145
2016-03-30,2091.22998046875,2923.800048828125,2928.699951171875,2869.949951171875,2869.949951171875,493207
2016-03-31,2106.89306640625,2945.699951171875,2985.949951171875,2919.60009765625,2920.5,1174177
2016-04-01,2110.72021484375,2951.050048828125,2969.449951171875,2923.0,2931.10009765625,348132
2016-04-04,2134.072265625,2983.699951171875,2988.0,2946.0,2988.0,421607
2016-04-05,2119.481689453125,2963.300048828125,3013.0,2949.949951171875,2960.25,544712
2016-04-06,2139.472900390625,2991.25,3009.0,2963.199951171875,2964.0,400657
2016-04-07,2122.843505859375,2968.0,2987.449951171875,2941.0,2980.39990234375,222700
2016-04-08,2085.435546875,2915.699951171875,2966.800048828125,2881.699951171875,2966.800048828125,437469
2016-04-11,2128.959228515625,2976.550048828125,2982.0,2908.39990234375,2923.0,284077
2016-04-12,2182.53076171875,3051.449951171875,3065.0,2980.0,2981.699951171875,375312
2016-04-13,2251.623291015625,3148.050048828125,3172.0,3036.5,3041.449951171875,679366
2016-04-18,2184.71142578125,3054.5,3159.800048828125,3045.199951171875,3154.949951171875,533669
2016-04-20,2173.697509765625,3039.10009765625,3079.39990234375,3002.5,3060.0,461629
2016-04-21,2135.932373046875,2986.300048828125,3079.10009765625,2978.449951171875,3079.10009765625,239972
2016-04-22,2143.621337890625,2997.050048828125,3024.35009765625,2952.0,2970.0,437862
2016-04-25,2118.4091796875,2961.800048828125,3023.5,2957.199951171875,2991.0,306198
2016-04-26,2096.987548828125,2931.85009765625,2964.699951171875,2915.89990234375,2950.0,711690
2016-04-27,2109.897216796875,2949.89990234375,2964.300048828125,2932.300048828125,2934.89990234375,612714
2016-04-28,2073.9560546875,2899.64990234375,2952.800048828125,2887.35009765625,2952.800048828125,599466
2016-04-29,2072.34716796875,2897.39990234375,2915.0,2852.0,2852.0,327927
2016-05-02,2077.318115234375,2904.35009765625,2930.050048828125,2886.0,2893.0,907434
2016-05-03,2063.800048828125,2885.449951171875,2960.050048828125,2862.050048828125,2960.0,513082
2016-05-04,2070.23681640625,2894.449951171875,2915.300048828125,2880.050048828125,2887.5,200370
2016-05-05,2069.736572265625,2893.75,2950.0,2876.35009765625,2918.0,575336
2016-05-06,2067.2685546875,2890.300048828125,2905.0,2820.35009765625,2905.0,565165
2016-05-09,2105.42724609375,2943.64990234375,2950.0,2882.050048828125,2890.0,463156
2016-05-10,2115.5478515625,2957.800048828125,2968.949951171875,2931.0,2942.0,624326
2016-05-11,2118.230224609375,2961.550048828125,2980.0,2920.050048828125,2930.0,444072
2016-05-12,2110.684326171875,2951.0,2976.800048828125,2947.449951171875,2967.949951171875,321613
2016-05-13,2083.218994140625,2912.60009765625,2947.89990234375,2893.0,2939.199951171875,258773
2016-05-16,2074.635986328125,2900.60009765625,2910.0,2868.550048828125,2910.0,201544
2016-05-17,2097.416259765625,2932.449951171875,2959.0,2904.949951171875,2915.699951171875,337208
2016-05-18,2058.793212890625,2878.449951171875,2915.0,2859.550048828125,2912.050048828125,329258
2016-05-19,2067.98388671875,2891.300048828125,2912.300048828125,2867.949951171875,2880.85009765625,270747
2016-05-20,2071.846923828125,2896.699951171875,2910.0,2871.35009765625,2897.0,210703
2016-05-23,2065.302001953125,2887.550048828125,2904.699951171875,2869.0,2902.0,434783
2016-05-24,2073.777099609375,2899.39990234375,2907.0,2876.25,2884.699951171875,326874
2016-05-25,2093.697021484375,2927.25,2940.0,2905.14990234375,2940.0,207802
2016-05-26,2118.69482421875,2962.199951171875,2989.0,2916.0,2929.949951171875,947812
2016-05-27,2147.519775390625,3002.5,3010.050048828125,2962.0,2962.050048828125,400079
2016-05-30,2215.467041015625,3097.5,3107.5,3003.0,3011.0,505377
2016-05-31,2216.468505859375,3098.89990234375,3129.0,3069.0,3116.0,454647
2016-06-01,2209.45947265625,3089.10009765625,3132.550048828125,3070.699951171875,3123.699951171875,668248
2016-06-02,2248.94091796875,3144.300048828125,3149.0,3060.0,3070.0,647509
2016-06-03,2250.300048828125,3146.199951171875,3211.14990234375,3100.699951171875,3147.949951171875,471630
2016-06-06,2226.73291015625,3113.25,3154.0,3094.050048828125,3112.699951171875,295814
2016-06-07,2238.498291015625,3129.699951171875,3148.199951171875,3110.0,3121.0,186770
2016-06-08,2267.39404296875,3170.10009765625,3179.5,3109.10009765625,3129.5,279323
2016-06-09,2207.742919921875,3086.699951171875,3166.949951171875,3074.0,3165.0,231424
2016-06-10,2195.440673828125,3069.5,3114.050048828125,3058.050048828125,3060.0,424043
2016-06-13,2171.8017578125,3036.449951171875,3059.0,3017.0,3040.0,466997
2016-06-14,2149.8798828125,3005.800048828125,3040.0,2997.300048828125,3040.0,271185
2016-06-15,2191.5068359375,3064.0,3088.800048828125,3016.25,3016.25,490270
2016-06-16,2160.572265625,3020.75,3059.949951171875,3012.39990234375,3055.0,213164
2016-06-17,2167.474609375,3030.39990234375,3055.0,3016.25,3032.89990234375,189376
2016-06-20,2178.381591796875,3045.64990234375,3092.0,3007.050048828125,3020.0,310714
2016-06-21,2183.674560546875,3053.050048828125,3074.0,3035.050048828125,3045.64990234375,256751
2016-06-22,2199.0888671875,3074.60009765625,3079.0,3024.0,3059.0,269664
2016-06-23,2191.078125,3063.39990234375,3082.25,3036.10009765625,3074.0,147872
2016-06-24,2187.751708984375,3058.75,3076.39990234375,2954.550048828125,3000.0,272500
2016-06-27,2182.924072265625,3052.0,3083.449951171875,3023.0,3023.0,241872
2016-06-28,2160.32177734375,3020.39990234375,3074.0,3013.5,3065.10009765625,258231
2016-06-29,2257.702392578125,3156.550048828125,3164.39990234375,3034.949951171875,3034.949951171875,482345
2016-06-30,2273.2236328125,3178.25,3226.0,3139.949951171875,3155.050048828125,779661
2016-07-01,2278.802001953125,3186.050048828125,3198.0,3160.0,3188.699951171875,220573
2016-07-04,2260.027099609375,3159.800048828125,3189.949951171875,3143.35009765625,3189.949951171875,154736
2016-07-05,2225.1943359375,3111.10009765625,3159.75,3104.050048828125,3154.14990234375,198345
2016-07-07,2219.1865234375,3102.699951171875,3136.550048828125,3095.0,3124.0,187459
2016-07-08,2265.749755859375,3167.800048828125,3179.0,3113.10009765625,3115.0,263607
2016-07-11,2320.644287109375,3244.550048828125,3250.0,3190.10009765625,3192.5,273846
2016-07-12,2323.291015625,3248.25,3257.050048828125,3220.0,3220.0,152712
2016-07-13,2321.609619140625,3245.89990234375,3264.949951171875,3220.0,3260.0,255629
2016-07-14,2332.409912109375,3261.0,3276.39990234375,3208.0,3233.5,340937
2016-07-15,2320.322265625,3244.10009765625,3293.64990234375,3230.10009765625,3246.0,449411
2016-07-18,2324.3271484375,3249.699951171875,3295.0,3240.0,3253.300048828125,331549
2016-07-19,2311.095947265625,3231.199951171875,3265.39990234375,3208.14990234375,3260.0,215875
2016-07-20,2342.60205078125,3275.25,3283.60009765625,3235.949951171875,3248.0,179688
2016-07-21,2336.200927734375,3266.300048828125,3306.949951171875,3260.0,3294.949951171875,286086
2016-07-22,2332.30224609375,3260.85009765625,3283.550048828125,3252.14990234375,3266.85009765625,191968
2016-07-25,2346.035400390625,3280.050048828125,3283.949951171875,3245.39990234375,3251.300048828125,286464
2016-07-26,2296.00390625,3210.10009765625,3283.800048828125,3170.35009765625,3280.300048828125,308683
2016-07-27,2292.106201171875,3204.64990234375,3268.800048828125,3186.949951171875,3215.89990234375,193404
2016-07-28,2286.84912109375,3197.300048828125,3230.0,3153.35009765625,3204.0,815023
2016-07-29,2291.03271484375,3203.14990234375,3244.0,3174.89990234375,3175.0,311185
2016-08-01,2299.54443359375,3215.050048828125,3248.5,3204.25,3220.699951171875,359479
2016-08-02,2332.91015625,3261.699951171875,3279.39990234375,3195.60009765625,3224.89990234375,318424
2016-08-03,2310.9521484375,3231.0,3309.0,3220.25,3274.64990234375,223515
2016-08-04,2343.35302734375,3276.300048828125,3305.0,3249.699951171875,3258.0,275614
2016-08-05,2463.263671875,3443.949951171875,3466.199951171875,3281.14990234375,3290.0,492860
2016-08-08,2472.847900390625,3457.35009765625,3556.0,3406.60009765625,3470.0,1381689
2016-08-09,2440.2685546875,3411.800048828125,3494.64990234375,3396.25,3449.949951171875,715044
2016-08-10,2372.67822265625,3317.300048828125,3438.85009765625,3297.10009765625,3438.0,378538
2016-08-11,2363.773193359375,3304.85009765625,3370.0,3288.85009765625,3319.0,468412
2016-08-12,2368.135986328125,3310.949951171875,3364.949951171875,3300.0,3315.0,346122
2016-08-16,2354.082275390625,3291.300048828125,3319.85009765625,3280.0,3318.800048828125,439664
2016-08-17,2402.3251953125,3358.75,3429.0,3300.0,3307.0,873225
2016-08-18,2409.2626953125,3368.449951171875,3414.89990234375,3352.25,3365.0,742327
2016-08-19,2401.609375,3357.75,3381.800048828125,3340.199951171875,3375.0,568356
2016-08-22,2386.41064453125,3336.5,3365.949951171875,3307.0,3363.199951171875,335519
2016-08-23,2365.95458984375,3307.89990234375,3335.050048828125,3295.050048828125,3335.0,264550
2016-08-24,2367.95703125,3310.699951171875,3327.39990234375,3285.0,3300.0,362562
2016-08-25,2363.59423828125,3304.60009765625,3330.60009765625,3287.0,3315.10009765625,461761
2016-08-26,2363.773193359375,3304.85009765625,3333.0,3297.5,3318.0,381414
2016-08-29,2440.41162109375,3412.0,3418.800048828125,3280.60009765625,3330.0,297321
2016-08-30,2487.26025390625,3477.5,3485.0,3419.10009765625,3437.89990234375,284628
2016-08-31,2532.92822265625,3541.35009765625,3582.699951171875,3478.0,3498.949951171875,651174
2016-09-01,2537.398681640625,3547.60009765625,3595.0,3526.300048828125,3560.0,344769
2016-09-02,2558.927001953125,3577.699951171875,3614.0,3551.800048828125,3600.0,313570
2016-09-06,2585.3203125,3614.60009765625,3650.0,3590.199951171875,3594.0,241459
2016-09-07,2579.776611328125,3606.85009765625,3629.0,3575.199951171875,3618.449951171875,218447
2016-09-08,2649.083740234375,3703.75,3740.0,3601.25,3604.050048828125,528176
2016-09-09,2590.04052734375,3621.199951171875,3704.449951171875,3566.550048828125,3698.0,379882
2016-09-12,2526.813232421875,3532.800048828125,3555.0,3492.0,3540.0,400987
2016-09-14,2567.8681640625,3590.199951171875,3609.800048828125,3526.39990234375,3550.0,297674
2016-09-15,2542.7900390625,3523.449951171875,3575.0,3503.60009765625,3567.0,203782
2016-09-16,2589.879150390625,3588.699951171875,3643.0,3520.64990234375,3558.0,579506
2016-09-19,2572.09033203125,3564.050048828125,3616.75,3551.300048828125,3613.89990234375,188824
2016-09-20,2501.617919921875,3466.39990234375,3567.85009765625,3460.050048828125,3557.0,504747
2016-09-21,2496.56689453125,3459.39990234375,3513.0,3416.64990234375,3490.0,620151
2016-09-22,2553.68701171875,3538.550048828125,3576.949951171875,3501.199951171875,3519.699951171875,449341
2016-09-23,2549.068603515625,3532.14990234375,3555.0,3515.0,3547.89990234375,443638
2016-09-26,2501.329345703125,3466.0,3533.300048828125,3450.5,3518.0,263475
2016-09-27,2490.6845703125,3451.25,3499.75,3437.199951171875,3499.75,277573
2016-09-28,2490.865234375,3451.5,3483.5,3444.5,3453.5,419623
2016-09-29,2474.086181640625,3428.25,3500.0,3407.550048828125,3489.0,422908
2016-09-30,2463.586181640625,3413.699951171875,3445.89990234375,3388.10009765625,3420.14990234375,366861
2016-10-03,2541.129638671875,3521.14990234375,3540.0,3435.89990234375,3436.39990234375,387724
2016-10-04,2550.65625,3534.35009765625,3594.0,3515.39990234375,3594.0,393212
2016-10-05,2519.55224609375,3491.25,3557.85009765625,3486.0,3557.85009765625,217243
2016-10-06,2507.28271484375,3474.25,3522.14990234375,3456.699951171875,3509.0,263421
2016-10-07,2507.247802734375,3474.199951171875,3492.25,3446.800048828125,3478.5,302391
2016-10-10,2517.819580078125,3488.85009765625,3510.0,3475.25,3486.0,140961
2016-10-13,2526.263671875,3500.550048828125,3520.0,3467.0,3494.89990234375,562162
2016-10-14,2512.587646484375,3481.60009765625,3517.0,3472.14990234375,3505.10009765625,293741
2016-10-17,2457.668212890625,3405.5,3490.050048828125,3390.300048828125,3482.0,438192
2016-10-18,2460.5185546875,3409.449951171875,3435.800048828125,3380.10009765625,3404.89990234375,561947
2016-10-19,2426.239013671875,3361.949951171875,3418.0,3353.699951171875,3414.10009765625,422571
2016-10-20,2426.27490234375,3362.0,3406.0,3356.300048828125,3387.0,260349
2016-10-21,2424.723876953125,3359.85009765625,3374.800048828125,3343.60009765625,3374.800048828125,208175
2016-10-24,2406.681640625,3334.85009765625,3371.89990234375,3330.050048828125,3371.89990234375,286652
2016-10-25,2421.62060546875,3355.550048828125,3365.0,3332.10009765625,3337.0,469396
2016-10-26,2467.44677734375,3419.050048828125,3449.0,3370.0,3379.0,604984
2016-10-27,2391.382080078125,3313.64990234375,3450.0,3301.199951171875,3444.0,843799
2016-10-28,2418.9501953125,3351.85009765625,3374.0,3316.050048828125,3317.89990234375,636796
2016-11-01,2432.192626953125,3370.199951171875,3389.0,3352.14990234375,3380.0,342276
2016-11-02,2400.944091796875,3326.89990234375,3359.949951171875,3320.0,3348.0,273343
2016-11-03,2438.182861328125,3378.5,3401.0,3320.39990234375,3331.0,544379
2016-11-04,2372.79833984375,3287.89990234375,3379.0,3251.0,3379.0,379887
2016-11-07,2423.821533203125,3358.60009765625,3382.550048828125,3265.0,3310.0,359829
2016-11-08,2433.81689453125,3372.449951171875,3386.0,3324.39990234375,3386.0,185356
2016-11-09,2335.272216796875,3235.89990234375,3251.949951171875,3040.0,3197.050048828125,649901
2016-11-10,2269.96044921875,3145.39990234375,3312.0,3135.0,3312.0,533361
2016-11-11,2147.202880859375,2975.300048828125,3130.0,2964.0,3111.050048828125,629937
2016-11-15,2086.978515625,2891.85009765625,2981.5,2868.050048828125,2974.0,912774
2016-11-16,2099.7529296875,2909.550048828125,3015.0,2892.050048828125,2931.0,824067
2016-11-17,2075.143798828125,2875.449951171875,2934.35009765625,2849.5,2919.0,547715
2016-11-18,2118.408203125,2935.39990234375,2944.89990234375,2870.0,2896.0,522917
2016-11-21,2111.51611328125,2925.85009765625,2950.0,2895.10009765625,2942.949951171875,539966
2016-11-22,2163.368408203125,2997.699951171875,3015.0,2933.0,2940.050048828125,581489
2016-11-23,2174.77099609375,3013.5,3030.0,2995.0,3030.0,545682
2016-11-24,2202.52001953125,3051.949951171875,3068.699951171875,2973.75,2999.89990234375,802548
2016-11-25,2198.189453125,3045.949951171875,3094.699951171875,3028.0,3055.0,412734
2016-11-28,2241.814453125,3106.39990234375,3121.60009765625,3045.0,3045.0,318534
2016-11-29,2282.842041015625,3163.25,3183.10009765625,3074.199951171875,3097.0,604746
2016-11-30,2284.863037109375,3166.050048828125,3174.25,3134.5,3161.0,453803
2016-12-01,2302.471923828125,3190.449951171875,3232.0,3145.0,3161.0,504138
2016-12-02,2297.56396484375,3183.64990234375,3209.949951171875,3150.10009765625,3150.10009765625,309774
2016-12-05,2326.936279296875,3224.35009765625,3265.0,3151.10009765625,3151.10009765625,333118
2016-12-06,2307.162353515625,3196.949951171875,3243.300048828125,3189.85009765625,3239.0,349581
2016-12-07,2329.715087890625,3228.199951171875,3250.0,3202.699951171875,3208.10009765625,401164
2016-12-08,2393.258544921875,3316.25,3327.35009765625,3246.0,3249.0,379921
2016-12-09,2365.185302734375,3277.35009765625,3333.0,3265.949951171875,3330.0,270444
2016-12-12,2318.348876953125,3212.449951171875,3265.0,3198.10009765625,3255.0,253384
2016-12-13,2317.085205078125,3210.699951171875,3240.0,3201.0,3201.0,266234
2016-12-14,2280.2080078125,3159.60009765625,3224.949951171875,3136.0,3216.0,396905
2016-12-15,2287.31640625,3169.449951171875,3199.85009765625,3116.10009765625,3137.300048828125,256479
2016-12-16,2257.3310546875,3127.89990234375,3185.85009765625,3116.050048828125,3185.85009765625,285244
2016-12-19,2242.356201171875,3107.14990234375,3150.199951171875,3086.0,3127.89990234375,197038
2016-12-20,2207.571044921875,3058.949951171875,3116.0,3045.050048828125,3116.0,245871
2016-12-21,2180.72509765625,3021.75,3104.0,3015.0,3065.449951171875,270789
2016-12-22,2164.162353515625,2998.800048828125,3040.89990234375,2983.60009765625,3007.0,210029
2016-12-23,2193.9677734375,3040.10009765625,3054.050048828125,2990.050048828125,3000.0,149050
2016-12-26,2170.512939453125,3007.60009765625,3049.89990234375,2975.25,3041.10009765625,143439
2016-12-27,2190.250732421875,3034.949951171875,3047.39990234375,2958.0,2995.0,140004
2016-12-28,2166.183349609375,3001.60009765625,3050.0,2996.0,3030.0,194508
2016-12-29,2191.26171875,3036.35009765625,3054.0,2974.050048828125,3003.0,253287
2016-12-30,2196.530029296875,3043.64990234375,3063.0,3027.0,3040.0,240182
2017-01-02,2187.075439453125,3030.550048828125,3068.949951171875,2992.550048828125,3042.0,213654
2017-01-03,2155.321533203125,2986.550048828125,3016.14990234375,2962.550048828125,2978.0,454277
2017-01-04,2168.564697265625,3004.89990234375,3017.300048828125,2971.0,2999.0,396816
2017-01-05,2216.808837890625,3071.75,3083.800048828125,3012.949951171875,3034.89990234375,383925
2017-01-06,2213.777587890625,3067.550048828125,3119.0,3052.0,3085.0,266915
2017-01-09,2187.72509765625,3031.449951171875,3107.89990234375,3023.050048828125,3068.0,211629
2017-01-10,2207.60693359375,3059.0,3072.800048828125,3019.449951171875,3055.0,178876
2017-01-11,2225.829345703125,3084.25,3092.0,3036.0,3071.949951171875,379710
2017-01-12,2225.072021484375,3083.199951171875,3112.14990234375,3070.0,3100.0,322348
2017-01-13,2198.6220703125,3046.550048828125,3099.0,3021.35009765625,3096.39990234375,168219
2017-01-16,2231.24169921875,3091.75,3097.89990234375,3026.60009765625,3047.0,297394
2017-01-17,2260.7587890625,3132.64990234375,3154.64990234375,3071.75,3091.0,224536
2017-01-18,2227.128662109375,3086.050048828125,3158.550048828125,3076.10009765625,3151.0,260704
2017-01-19,2238.891845703125,3102.35009765625,3110.949951171875,3066.0,3094.800048828125,277092
2017-01-20,2201.54541015625,3050.60009765625,3120.39990234375,3044.25,3099.949951171875,330431
2017-01-23,2234.88671875,3096.800048828125,3107.0,3050.5,3050.5,621509
2017-01-24,2261.949462890625,3134.300048828125,3142.0,3085.0,3123.5,706800
2017-01-25,2343.607421875,3247.449951171875,3275.949951171875,3121.0,3144.89990234375,1050202
2017-01-27,2320.80224609375,3215.85009765625,3267.949951171875,3201.0,3246.0,532124
2017-01-30,2305.53857421875,3194.699951171875,3215.949951171875,3156.75,3215.0,488948
2017-01-31,2289.409423828125,3172.35009765625,3218.85009765625,3150.5,3190.0,273410
2017-02-01,2372.113037109375,3286.949951171875,3304.550048828125,3169.5,3175.0,628791
2017-02-02,2330.11181640625,3228.75,3285.0,3225.0,3265.0,354323
2017-02-03,2319.46728515625,3214.0,3234.89990234375,3201.0,3228.0,343388
2017-02-06,2360.20556640625,3270.449951171875,3282.800048828125,3232.0,3254.699951171875,362269
2017-02-07,2352.519775390625,3259.800048828125,3278.75,3227.10009765625,3278.75,217985
2017-02-08,2325.6376953125,3222.550048828125,3279.0,3210.0,3240.10009765625,541782
2017-02-09,2356.3447265625,3265.10009765625,3319.199951171875,3225.75,3285.0,585465
2017-02-10,2358.870361328125,3268.60009765625,3284.800048828125,3241.0,3275.10009765625,233552
2017-02-13,2328.52392578125,3226.550048828125,3279.800048828125,3215.10009765625,3266.0,385934
2017-02-14,2282.625732421875,3162.949951171875,3235.050048828125,3145.14990234375,3230.0,420128
2017-02-15,2235.64453125,3097.85009765625,3167.949951171875,3090.550048828125,3162.949951171875,513046
2017-02-16,2254.840576171875,3124.449951171875,3157.39990234375,3049.199951171875,3110.0,403866
2017-02-17,2227.958251953125,3087.199951171875,3130.0,3072.300048828125,3115.0,517754
2017-02-20,2238.712158203125,3102.10009765625,3123.35009765625,3080.0,3098.800048828125,197887
2017-02-21,2255.815185546875,3125.800048828125,3137.0,3090.0,3119.0,414204
2017-02-22,2284.97119140625,3166.199951171875,3176.0,3110.0,3118.10009765625,433415
2017-02-23,2292.58447265625,3176.75,3199.800048828125,3148.199951171875,3167.0,629689
2017-02-27,2291.97119140625,3175.89990234375,3211.89990234375,3157.050048828125,3175.60009765625,392987
2017-02-28,2264.691650390625,3138.10009765625,3180.800048828125,3131.050048828125,3179.0,221558
2017-03-01,2293.5947265625,3178.14990234375,3198.0,3150.0,3156.89990234375,452809
2017-03-02,2330.5087890625,3229.300048828125,3262.949951171875,3190.0,3201.0,581211
2017-03-03,2361.938232421875,3272.85009765625,3286.0,3201.0,3220.0,226645
2017-03-06,2395.820068359375,3319.800048828125,3332.0,3273.0,3273.0,391280
2017-03-07,2385.46435546875,3305.449951171875,3319.89990234375,3280.0,3319.89990234375,225124
2017-03-08,2361.829833984375,3272.699951171875,3326.949951171875,3255.25,3305.5,304333
2017-03-09,2373.59326171875,3289.0,3298.699951171875,3261.199951171875,3297.800048828125,295827
2017-03-10,2389.50537109375,3311.050048828125,3329.0,3288.60009765625,3294.89990234375,227655
2017-03-14,2422.990966796875,3357.449951171875,3383.949951171875,3345.60009765625,3368.75,1078387
2017-03-15,2454.49267578125,3401.10009765625,3412.0,3335.0,3335.0,813831
2017-03-16,2455.88623046875,3348.0,3390.0,3341.050048828125,3377.0,745130
2017-03-17,2454.492431640625,3346.10009765625,3374.0,3343.10009765625,3365.0,299456
2017-03-20,2450.201416015625,3340.25,3370.0,3326.64990234375,3346.10009765625,121894
2017-03-21,2446.130126953125,3334.699951171875,3359.949951171875,3327.5,3333.0,149569
2017-03-22,2431.385986328125,3314.60009765625,3342.5,3292.0,3292.0,406454
2017-03-23,2470.11669921875,3367.39990234375,3379.0,3320.050048828125,3334.800048828125,213622
2017-03-24,2475.87548828125,3375.25,3380.0,3339.699951171875,3374.949951171875,230244
2017-03-27,2452.365478515625,3343.199951171875,3395.949951171875,3300.0,3379.0,296970
2017-03-28,2440.408447265625,3326.89990234375,3359.949951171875,3312.0,3341.0,338652
2017-03-29,2365.22119140625,3224.39990234375,3337.85009765625,3180.0,3330.35009765625,1247758
2017-03-30,2370.538818359375,3231.64990234375,3270.0,3202.0,3202.0,627310
2017-03-31,2363.423828125,3221.949951171875,3228.0,3200.0,3200.0,582578
2017-04-03,2348.899658203125,3202.14990234375,3265.050048828125,3191.800048828125,3222.800048828125,370011
2017-04-05,2345.892333984375,3198.050048828125,3233.0,3190.60009765625,3228.949951171875,427222
2017-04-06,2351.943603515625,3206.300048828125,3219.64990234375,3175.0,3189.0,441769
2017-04-07,2358.545654296875,3215.300048828125,3233.89990234375,3196.300048828125,3196.300048828125,332878
2017-04-10,2346.88232421875,3199.39990234375,3236.0,3185.0,3236.0,291127
2017-04-11,2348.9365234375,3202.199951171875,3224.0,3187.050048828125,3192.0,169115
2017-04-12,2367.16552734375,3227.050048828125,3232.75,3200.39990234375,3210.0,289874
2017-04-13,2365.29443359375,3224.5,3245.449951171875,3211.0,3228.0,229218
2017-04-17,2376.77392578125,3240.14990234375,3245.0,3203.0,3203.0,206525
2017-04-18,2366.578369140625,3226.25,3259.050048828125,3216.25,3249.0,427228
2017-04-19,2347.13916015625,3199.75,3238.0,3179.0,3238.0,235606
2017-04-20,2346.148681640625,3198.39990234375,3218.0,3180.0,3191.0,158153
2017-04-21,2349.669677734375,3203.199951171875,3218.0,3192.0,3218.0,132297
2017-04-24,2350.550537109375,3204.39990234375,3218.0,3186.5,3217.0,109307
2017-04-25,2424.4912109375,3305.199951171875,3312.949951171875,3202.10009765625,3233.0,601198
2017-04-26,2430.24951171875,3313.050048828125,3328.0,3271.0,3320.0,294063
2017-04-27,2421.26416015625,3300.800048828125,3364.0,3271.050048828125,3319.5,823678
2017-04-28,2434.320556640625,3318.60009765625,3340.0,3288.0,3318.0,259906
2017-05-02,2459.517578125,3352.949951171875,3388.699951171875,3305.10009765625,3317.60009765625,248508
2017-05-03,2476.792236328125,3376.5,3384.35009765625,3350.0,3368.0,228007
2017-05-04,2490.839599609375,3395.64990234375,3403.89990234375,3357.10009765625,3375.0,200910
2017-05-05,2476.828857421875,3376.550048828125,3412.85009765625,3350.14990234375,3389.25,190683
2017-05-08,2494.94775390625,3401.25,3412.0,3367.949951171875,3376.550048828125,99666
2017-05-09,2407.729736328125,3282.35009765625,3442.0,3276.35009765625,3419.949951171875,501840
2017-05-10,2438.171142578125,3323.85009765625,3334.89990234375,3265.0,3272.199951171875,424465
2017-05-11,2539.36328125,3461.800048828125,3483.949951171875,3295.14990234375,3375.0,987725
2017-05-12,2597.82568359375,3541.5,3553.800048828125,3463.89990234375,3479.0,607136
2017-05-15,2578.717041015625,3515.449951171875,3558.0,3504.60009765625,3541.0,215587
2017-05-16,2654.96826171875,3619.39990234375,3631.800048828125,3491.10009765625,3529.5,372398
2017-05-17,2674.444091796875,3645.949951171875,3683.949951171875,3595.050048828125,3615.0,338342
2017-05-18,2634.906494140625,3592.050048828125,3639.0,3577.050048828125,3600.0,294013
2017-05-19,2619.94189453125,3571.64990234375,3656.0,3533.75,3597.0,270446
2017-05-22,2613.193603515625,3562.449951171875,3645.0,3550.949951171875,3596.75,255829
2017-05-23,2629.7353515625,3585.0,3619.0,3550.0,3593.89990234375,199447
2017-05-24,2616.971923828125,3567.60009765625,3612.300048828125,3527.199951171875,3585.0,256025
2017-05-25,2659.69970703125,3625.85009765625,3645.25,3527.14990234375,3567.60009765625,253648
2017-05-26,2654.23486328125,3618.39990234375,3660.10009765625,3605.60009765625,3626.10009765625,193039
2017-05-29,2689.005126953125,3665.800048828125,3678.449951171875,3590.550048828125,3621.89990234375,211133
2017-05-30,2743.689453125,3740.35009765625,3748.0,3660.0,3660.0,347224
2017-05-31,2747.43115234375,3745.449951171875,3762.0,3721.199951171875,3735.0,424001
2017-06-01,2738.555419921875,3733.35009765625,3815.0,3708.800048828125,3742.0,451621
2017-06-02,2823.939208984375,3849.75,3857.5,3750.0,3758.800048828125,570351
2017-06-05,2813.082763671875,3834.949951171875,3880.550048828125,3821.25,3850.0,181146
2017-06-06,2787.4091796875,3799.949951171875,3844.0,3785.050048828125,3844.0,119591
2017-06-07,2819.171142578125,3843.25,3856.050048828125,3803.85009765625,3803.85009765625,426059
2017-06-08,2776.0390625,3784.449951171875,3859.0,3778.25,3847.0,256253
2017-06-09,2772.84814453125,3780.10009765625,3800.5,3755.60009765625,3796.300048828125,302560
2017-06-12,2767.823486328125,3773.25,3790.0,3760.35009765625,3777.0,182605
2017-06-13,2752.6025390625,3752.5,3785.35009765625,3742.25,3780.0,212476
2017-06-14,2779.413330078125,3789.050048828125,3808.0,3751.050048828125,3764.0,374661
2017-06-15,2771.087890625,3777.699951171875,3820.0,3760.0,3786.0,163019
2017-06-16,2775.379150390625,3783.550048828125,3798.0,3757.800048828125,3798.0,229485
2017-06-19,2806.1142578125,3825.449951171875,3834.0,3790.0,3790.0,176591
2017-06-20,2785.2451171875,3797.0,3846.89990234375,3781.0,3829.0,235259
2017-06-21,2764.889404296875,3769.25,3809.800048828125,3756.0,3805.0,253054
2017-06-22,2736.61083984375,3730.699951171875,3788.300048828125,3717.550048828125,3770.0,272211
2017-06-23,2684.82373046875,3660.10009765625,3730.050048828125,3650.0,3725.0,371113
2017-06-27,2710.570556640625,3695.199951171875,3711.699951171875,3636.60009765625,3676.0,365879
2017-06-28,2705.619384765625,3688.449951171875,3723.60009765625,3667.050048828125,3681.0,496312
2017-06-29,2726.085205078125,3716.35009765625,3735.949951171875,3682.0,3700.0,384888
2017-06-30,2737.177978515625,3701.35009765625,3714.75,3665.0,3690.0,205581
2017-07-03,2792.4560546875,3776.10009765625,3785.25,3671.39990234375,3688.0,249649
2017-07-04,2738.656494140625,3703.35009765625,3804.050048828125,3693.64990234375,3804.050048828125,474327
2017-07-05,2743.3896484375,3709.75,3717.699951171875,3696.800048828125,3700.5,142509
2017-07-06,2754.926025390625,3725.35009765625,3745.0,3708.0,3716.050048828125,161483
2017-07-07,2722.609375,3681.64990234375,3722.699951171875,3673.0,3720.0,182590
2017-07-10,2759.1044921875,3731.0,3740.0,3693.14990234375,3700.0,39171
2017-07-11,2771.897705078125,3748.300048828125,3757.300048828125,3735.0,3735.0,227102
2017-07-12,2750.045654296875,3718.75,3776.949951171875,3707.64990234375,3758.949951171875,232681
2017-07-13,2773.857421875,3750.949951171875,3768.0,3731.10009765625,3732.199951171875,384727
2017-07-14,2779.10791015625,3758.050048828125,3796.0,3738.0,3765.0,187230
2017-07-17,2783.7666015625,3764.35009765625,3785.0,3738.050048828125,3758.050048828125,131553
2017-07-18,2798.260986328125,3783.949951171875,3799.0,3755.0,3755.0,224796
2017-07-19,2788.42578125,3770.64990234375,3795.0,3757.699951171875,3787.0,464119
2017-07-20,2758.29052734375,3729.89990234375,3787.949951171875,3716.5,3772.050048828125,374090
2017-07-21,2722.868408203125,3682.0,3741.0,3675.0,3729.050048828125,427736
2017-07-24,2730.4853515625,3692.300048828125,3725.300048828125,3682.050048828125,3692.0,236050
2017-07-25,2742.872314453125,3709.050048828125,3750.0,3700.0,3725.0,433381
2017-07-26,2749.08349609375,3717.449951171875,3745.449951171875,3687.0,3715.0,366612
2017-07-27,2738.80419921875,3703.550048828125,3759.0,3682.0,3727.699951171875,452512
2017-07-28,2684.635986328125,3630.300048828125,3691.550048828125,3610.0,3691.550048828125,276500
2017-07-31,2703.456298828125,3655.75,3672.89990234375,3605.0,3629.89990234375,504658
2017-08-01,2756.774658203125,3727.85009765625,3737.64990234375,3668.050048828125,3675.0,685598
2017-08-02,2812.05322265625,3802.60009765625,3838.800048828125,3743.39990234375,3750.0,828588
2017-08-03,2838.490234375,3838.35009765625,3845.0,3772.0,3812.0,424548
2017-08-04,2925.900390625,3956.550048828125,3964.0,3816.39990234375,3836.0,789172
2017-08-07,2923.052978515625,3952.699951171875,4018.89990234375,3927.85009765625,3950.0,644961
2017-08-08,2893.99072265625,3913.39990234375,4003.5,3896.050048828125,3957.0,253242
2017-08-09,2872.063720703125,3883.75,3945.0,3859.550048828125,3915.0,343296
2017-08-10,2876.353515625,3889.550048828125,3945.0,3861.050048828125,3875.0,303409
2017-08-11,2840.375732421875,3840.89990234375,3878.300048828125,3796.699951171875,3878.300048828125,302935
2017-08-14,2926.27001953125,3957.050048828125,3975.0,3849.5,3850.0,263329
2017-08-16,2974.375,4022.10009765625,4044.0,3933.300048828125,3965.10009765625,475186
2017-08-17,2956.44140625,3997.85009765625,4038.300048828125,3975.60009765625,4025.0,351635
2017-08-18,2948.196044921875,3986.699951171875,4000.75,3968.5,3983.0,209351
2017-08-21,2937.36279296875,3972.050048828125,4038.300048828125,3950.050048828125,3988.0,246195
2017-08-22,2875.244384765625,3888.050048828125,3998.10009765625,3881.14990234375,3997.0,290303
2017-08-23,2875.87255859375,3888.89990234375,3950.0,3865.60009765625,3927.0,407757
2017-08-24,2871.25,3882.64990234375,3925.0,3870.0,3908.0,222636
2017-08-28,2927.86083984375,3959.199951171875,3993.949951171875,3838.449951171875,3885.0,435266
2017-08-29,2917.876953125,3945.699951171875,3980.0,3921.699951171875,3940.0,397802
2017-08-30,2949.231689453125,3988.10009765625,4015.0,3949.85009765625,3950.0,261951
2017-08-31,2954.408203125,3995.10009765625,4021.0,3968.0,3989.0,469468
2017-09-01,2994.230712890625,4048.949951171875,4091.949951171875,3995.0,4006.0,388220
2017-09-04,2942.42822265625,3978.89990234375,4084.0,3961.449951171875,4084.0,226397
2017-09-05,2936.179931640625,3970.449951171875,4007.5,3960.0,3994.0,250627
2017-09-06,2921.537353515625,3950.64990234375,3994.89990234375,3940.0,3953.0,218970
2017-09-07,2945.386474609375,3982.89990234375,4012.5,3953.0,3953.0,256960
2017-09-08,2925.530517578125,3956.050048828125,4002.0,3946.75,3997.39990234375,145201
2017-09-11,2916.9892578125,3944.5,3999.949951171875,3936.60009765625,3999.0,217005
2017-09-12,2898.0576171875,3918.89990234375,3970.35009765625,3909.949951171875,3958.39990234375,219890
2017-09-13,2879.311279296875,3893.550048828125,3970.0,3878.0,3913.800048828125,262986
2017-09-14,2877.610595703125,3891.25,3922.0,3884.449951171875,3905.0,190185
2017-09-15,2875.20703125,3888.0,3910.0,3870.0,3885.0,389738
2017-09-18,2920.982421875,3949.89990234375,3961.39990234375,3895.0,3895.0,573380
2017-09-19,2916.803955078125,3944.25,3977.85009765625,3936.800048828125,3970.0,154125
2017-09-20,2851.579833984375,3856.050048828125,3958.300048828125,3845.0,3939.85009765625,515833
2017-09-21,2881.4189453125,3896.39990234375,3901.550048828125,3811.699951171875,3856.10009765625,490206
2017-09-22,2803.58544921875,3791.14990234375,3879.949951171875,3780.050048828125,3879.949951171875,719999
2017-09-25,2777.554931640625,3755.949951171875,3825.699951171875,3721.0,3825.699951171875,275648
2017-09-26,2801.0712890625,3787.75,3805.35009765625,3742.14990234375,3801.0,548321
2017-09-27,2756.44189453125,3727.39990234375,3824.89990234375,3708.60009765625,3820.0,266924
2017-09-28,2765.796875,3740.050048828125,3779.0,3674.5,3749.0,789127
2017-09-29,2791.31005859375,3774.550048828125,3819.35009765625,3718.25,3734.0,547536
2017-10-03,2814.752197265625,3806.25,3845.0,3793.800048828125,3840.0,294342
2017-10-04,2806.3583984375,3794.89990234375,3870.0,3774.60009765625,3870.0,388211
2017-10-05,2777.185302734375,3755.449951171875,3797.0,3750.0,3796.0,260215
2017-10-06,2739.1005859375,3703.949951171875,3777.0,3688.10009765625,3755.5,373696
2017-10-09,2718.72705078125,3676.39990234375,3715.0,3670.0,3703.050048828125,423770
2017-10-10,2732.666748046875,3695.25,3720.800048828125,3661.199951171875,3690.0,367529
2017-10-11,2728.451904296875,3689.550048828125,3744.800048828125,3677.60009765625,3701.10009765625,298989
2017-10-12,2773.89453125,3751.0,3760.64990234375,3694.949951171875,3697.0,343176
2017-10-13,2783.396728515625,3763.85009765625,3790.0,3743.199951171875,3757.0,213882
2017-10-16,2792.86279296875,3776.64990234375,3805.64990234375,3766.800048828125,3797.699951171875,261710
2017-10-17,2802.03271484375,3789.050048828125,3828.5,3758.800048828125,3785.0,447594
2017-10-18,2775.373046875,3753.0,3813.89990234375,3725.0,3813.89990234375,236096
2017-10-19,2762.506103515625,3735.60009765625,3759.39990234375,3720.0,3750.0,24217
2017-10-23,2803.65966796875,3791.25,3814.0,3770.0,3792.949951171875,510178
2017-10-24,2777.148193359375,3755.39990234375,3807.199951171875,3742.199951171875,3792.0,138844
2017-10-25,2787.6865234375,3769.64990234375,3784.89990234375,3717.0,3784.89990234375,464158
2017-10-26,2773.783447265625,3750.85009765625,3787.89990234375,3730.25,3765.699951171875,357840
2017-10-27,2800.257568359375,3786.64990234375,3815.0,3750.60009765625,3764.0,328558
2017-10-30,2834.5341796875,3833.0,3841.5,3801.64990234375,3813.949951171875,244919
2017-10-31,2847.031494140625,3849.89990234375,3870.050048828125,3821.699951171875,3857.0,307237
2017-11-01,2824.43994140625,3819.35009765625,3882.89990234375,3803.800048828125,3875.0,338059
2017-11-02,2762.691162109375,3735.85009765625,3804.699951171875,3713.0,3763.300048828125,518139
2017-11-03,2728.081787109375,3689.050048828125,3742.949951171875,3675.300048828125,3739.89990234375,364403
2017-11-06,2727.93408203125,3688.85009765625,3715.0,3661.85009765625,3675.5,290004
2017-11-07,2722.498779296875,3681.5,3729.10009765625,3675.0,3695.25,303030
2017-11-08,2678.90478515625,3622.550048828125,3718.64990234375,3610.5,3698.0,367993
2017-11-09,2660.564697265625,3597.75,3659.89990234375,3590.0,3628.0,241249
2017-11-10,2666.00048828125,3605.10009765625,3635.0,3560.75,3605.0,307029
2017-11-13,2647.364013671875,3579.89990234375,3639.0,3569.0,3639.0,230714
2017-11-14,2703.049560546875,3655.199951171875,3662.39990234375,3579.89990234375,3579.89990234375,430968
2017-11-15,2715.3251953125,3671.800048828125,3709.39990234375,3640.0,3650.5,413595
2017-11-16,2704.380859375,3657.0,3688.949951171875,3625.25,3672.0,252451
2017-11-17,2685.26416015625,3631.14990234375,3697.0,3622.5,3693.60009765625,338039
2017-11-20,2705.563720703125,3658.60009765625,3689.0,3618.0,3632.39990234375,350045
2017-11-21,2720.46533203125,3678.75,3690.5,3664.89990234375,3665.10009765625,202939
2017-11-22,2707.560546875,3661.300048828125,3710.0,3645.199951171875,3685.10009765625,293485
2017-11-23,2719.429443359375,3677.35009765625,3698.35009765625,3645.5,3685.0,219012
2017-11-24,2701.607421875,3653.25,3690.14990234375,3650.0,3689.39990234375,388730
2017-11-27,2708.817626953125,3663.0,3670.0,3631.050048828125,3651.14990234375,172252
2017-11-28,2716.65673828125,3673.60009765625,3680.0,3655.10009765625,3680.0,155386
2017-11-29,2703.863037109375,3656.300048828125,3695.0,3649.0,3683.0,172201
2017-11-30,2687.11328125,3633.64990234375,3678.0,3621.0,3649.0,456685
2017-12-01,2665.22314453125,3604.050048828125,3680.0,3547.5,3642.0,222230
2017-12-04,2663.26416015625,3601.39990234375,3635.0,3593.800048828125,3635.0,131129
2017-12-05,2603.474853515625,3520.550048828125,3597.0,3513.050048828125,3597.0,242868
2017-12-06,2592.41943359375,3505.60009765625,3518.10009765625,3473.35009765625,3516.0,291780
2017-12-07,2626.067138671875,3551.10009765625,3568.0,3517.949951171875,3520.0,301458
2017-12-08,2602.735595703125,3519.550048828125,3567.0,3506.050048828125,3530.0,177525
2017-12-11,2599.259521484375,3514.85009765625,3544.0,3500.300048828125,3544.0,226419
2017-12-12,2545.16455078125,3441.699951171875,3524.0,3432.75,3517.0,427882
2017-12-13,2528.71044921875,3419.449951171875,3490.300048828125,3410.0,3435.0,348709
2017-12-14,2559.1044921875,3460.550048828125,3471.39990234375,3416.199951171875,3452.0,314655
2017-12-15,2590.49609375,3503.0,3511.949951171875,3465.10009765625,3470.0,372029
2017-12-18,2614.41943359375,3535.35009765625,3553.64990234375,3430.64990234375,3487.0,412556
2017-12-19,2736.9189453125,3701.0,3710.64990234375,3540.0,3560.0,876214
2017-12-20,2772.563720703125,3749.199951171875,3793.89990234375,3696.050048828125,3733.39990234375,664592
2017-12-21,2814.5302734375,3805.949951171875,3822.25,3771.35009765625,3784.5,612505
2017-12-22,2804.80615234375,3792.800048828125,3829.0,3774.0,3814.0,438144
2017-12-26,2820.335205078125,3813.800048828125,3848.800048828125,3747.199951171875,3792.800048828125,320480
2017-12-27,2800.257568359375,3786.64990234375,3834.39990234375,3757.050048828125,3813.0,189623
2017-12-28,2748.492431640625,3716.64990234375,3783.5,3702.300048828125,3762.10009765625,605738
2017-12-29,2799.1484375,3785.14990234375,3809.85009765625,3720.050048828125,3730.0,274559
2018-01-01,2772.4892578125,3749.10009765625,3810.0,3740.0,3810.0,201102
2018-01-02,2768.60693359375,3743.85009765625,3784.35009765625,3719.25,3781.0,258156
2018-01-03,2777.000244140625,3755.199951171875,3764.39990234375,3728.0,3728.0,274963
2018-01-04,2764.946533203125,3738.89990234375,3759.949951171875,3721.550048828125,3755.0,196775
2018-01-05,2769.19775390625,3744.64990234375,3758.699951171875,3726.199951171875,3758.699951171875,234199
2018-01-08,2800.331787109375,3786.75,3792.0,3745.300048828125,3773.0,249549
2018-01-09,2772.748291015625,3749.449951171875,3804.800048828125,3742.64990234375,3800.0,290158
2018-01-10,2763.46728515625,3736.89990234375,3752.550048828125,3725.0,3740.0,250123
2018-01-11,2740.35791015625,3705.64990234375,3743.199951171875,3700.199951171875,3740.699951171875,366134
2018-01-12,2726.824462890625,3687.35009765625,3726.89990234375,3650.60009765625,3726.89990234375,363795
2018-01-15,2683.52685546875,3628.800048828125,3700.0,3613.64990234375,3687.699951171875,229198
2018-01-16,2651.94921875,3586.10009765625,3664.0,3578.14990234375,3637.699951171875,271813
2018-01-17,2637.714111328125,3566.85009765625,3590.14990234375,3526.300048828125,3586.0,501484
2018-01-18,2657.311279296875,3593.35009765625,3643.0,3576.050048828125,3586.0,345926
2018-01-19,2654.648681640625,3589.75,3620.0,3552.300048828125,3558.0,295410
2018-01-22,2664.41015625,3602.949951171875,3621.89990234375,3589.10009765625,3592.75,320126
2018-01-23,2684.41357421875,3630.0,3635.0,3608.25,3634.0,285236
2018-01-24,2695.876220703125,3645.5,3650.0,3600.0,3629.699951171875,312383
2018-01-25,2640.93115234375,3571.199951171875,3659.89990234375,3561.0,3659.89990234375,487836
2018-01-29,2693.103271484375,3641.75,3658.25,3574.550048828125,3584.699951171875,403110
2018-01-30,2727.1943359375,3687.85009765625,3696.0,3649.89990234375,3657.39990234375,540432
2018-01-31,2729.856689453125,3691.449951171875,3747.89990234375,3682.0,3703.0,558327
2018-02-01,2760.546142578125,3732.949951171875,3744.0,3692.5,3695.14990234375,346581
2018-02-02,2679.56982421875,3623.449951171875,3752.449951171875,3612.699951171875,3729.699951171875,469510
2018-02-05,2689.14697265625,3636.39990234375,3662.60009765625,3550.050048828125,3598.0,319150
2018-02-06,2619.2265625,3541.85009765625,3564.800048828125,3450.0,3527.300048828125,442426
2018-02-07,2637.38134765625,3566.39990234375,3620.0,3542.5,3618.89990234375,336709
2018-02-08,2649.065673828125,3582.199951171875,3615.949951171875,3555.0,3570.0,325607
2018-02-09,2622.369140625,3546.10009765625,3576.35009765625,3530.10009765625,3536.800048828125,604849
2018-02-12,2671.02880859375,3611.89990234375,3616.699951171875,3545.5,3566.0,385092
2018-02-14,2659.307373046875,3596.050048828125,3624.0,3562.64990234375,3620.39990234375,315246
2018-02-15,2648.94384765625,3527.25,3575.0,3520.0,3565.0,221710
2018-02-16,2624.123046875,3494.199951171875,3549.800048828125,3485.0,3549.0,219454
2018-02-19,2602.72021484375,3465.699951171875,3519.35009765625,3442.0,3502.0,246616
2018-02-20,2611.54443359375,3477.449951171875,3518.0,3443.25,3466.0,340087
2018-02-21,2621.532470703125,3490.75,3517.800048828125,3460.0,3517.800048828125,266352
2018-02-22,2614.360107421875,3481.199951171875,3499.300048828125,3458.699951171875,3484.0,434663
2018-02-23,2624.49853515625,3494.699951171875,3508.0,3455.0,3483.39990234375,142023
2018-02-26,2656.904541015625,3537.85009765625,3549.949951171875,3500.39990234375,3519.0,361326
2018-02-27,2692.689697265625,3585.5,3593.949951171875,3545.0,3573.10009765625,320893
2018-02-28,2701.100341796875,3596.699951171875,3613.0,3525.0,3525.0,362559
2018-03-01,2686.23046875,3576.89990234375,3596.949951171875,3565.14990234375,3575.0,200696
2018-03-05,2670.87255859375,3556.449951171875,3581.89990234375,3535.0,3578.0,242671
2018-03-06,2674.9658203125,3561.89990234375,3595.0,3544.699951171875,3571.10009765625,380991
2018-03-07,2669.333251953125,3554.39990234375,3560.0,3515.0,3550.0,234750
2018-03-08,2693.590087890625,3586.699951171875,3601.0,3545.64990234375,3561.0,145720
2018-03-09,2693.327392578125,3586.35009765625,3661.449951171875,3581.0,3605.89990234375,272293
2018-03-12,2774.5478515625,3694.5,3718.0,3599.85009765625,3600.39990234375,192336
2018-03-13,2779.5791015625,3701.199951171875,3729.75,3672.0,3694.949951171875,233650
2018-03-14,2733.13037109375,3639.35009765625,3687.199951171875,3622.0,3680.0,192489
2018-03-15,2734.218994140625,3640.800048828125,3690.0,3632.0,3641.89990234375,198082
2018-03-16,2663.099853515625,3546.10009765625,3665.0,3530.64990234375,3665.0,462796
2018-03-19,2639.968994140625,3515.300048828125,3549.0,3490.800048828125,3546.0,252482
2018-03-20,2638.842529296875,3513.800048828125,3537.0,3498.10009765625,3498.10009765625,212901
2018-03-21,2601.143310546875,3463.60009765625,3529.949951171875,3455.550048828125,3529.949951171875,667122
2018-03-22,2592.6572265625,3452.300048828125,3484.85009765625,3440.0,3473.199951171875,482411
2018-03-23,2563.7060546875,3413.75,3435.10009765625,3361.050048828125,3435.10009765625,423299
2018-03-26,2614.73583984375,3481.699951171875,3501.699951171875,3365.5,3414.0,359650
2018-03-27,2601.968994140625,3464.699951171875,3488.0,3436.0,3485.10009765625,325438
2018-03-28,2660.622314453125,3542.800048828125,3579.0,3428.050048828125,3455.0,786796
2018-04-02,2738.124267578125,3646.0,3654.64990234375,3512.199951171875,3544.0,244943
2018-04-03,2737.335693359375,3644.949951171875,3669.0,3621.0,3644.949951171875,318581
2018-04-04,2754.008056640625,3667.14990234375,3695.0,3627.0,3653.5,526063
2018-04-05,2840.372314453125,3782.14990234375,3796.0,3699.949951171875,3700.0,440824
2018-04-06,2838.344482421875,3779.449951171875,3787.949951171875,3750.0,3781.0,213101
2018-04-09,2852.801513671875,3798.699951171875,3807.10009765625,3775.199951171875,3784.0,265991
2018-04-10,2792.421630859375,3718.300048828125,3815.0,3714.0,3815.0,321682
2018-04-11,2808.229736328125,3739.35009765625,3755.0,3681.0,3732.0,291118
2018-04-12,2815.814697265625,3749.449951171875,3786.5,3726.050048828125,3744.0,115113
2018-04-13,2798.12841796875,3725.89990234375,3770.0,3698.0,3759.800048828125,164961
2018-04-16,2856.1435546875,3803.14990234375,3810.0,3710.199951171875,3723.0,164316
2018-04-17,2830.496826171875,3769.0,3825.0,3763.14990234375,3825.0,223874
2018-04-18,2807.06591796875,3737.800048828125,3784.0,3731.60009765625,3765.050048828125,204458
2018-04-19,2796.402099609375,3723.60009765625,3770.0,3709.0,3765.0,234124
2018-04-20,2810.7451171875,3742.699951171875,3750.300048828125,3690.0,3725.0,399283
2018-04-23,2792.34619140625,3718.199951171875,3736.39990234375,3691.35009765625,3736.39990234375,236404
2018-04-24,2791.369873046875,3716.89990234375,3744.0,3706.300048828125,3740.0,333702
2018-04-25,2791.595458984375,3717.199951171875,3753.0,3700.89990234375,3736.0,219848
2018-04-26,2825.126953125,3761.85009765625,3774.550048828125,3659.050048828125,3707.0,341735
2018-04-27,2788.816650390625,3713.5,3776.949951171875,3704.5,3768.10009765625,571451
2018-04-30,2802.89794921875,3732.25,3750.0,3717.050048828125,3731.0,216291
2018-05-02,2751.717529296875,3664.10009765625,3774.0,3640.0,3751.0,715845
2018-05-03,2745.334228515625,3655.60009765625,3682.949951171875,3637.39990234375,3665.0,393371
2018-05-04,2748.45068359375,3659.75,3669.85009765625,3643.39990234375,3655.0,279580
2018-05-07,2739.664306640625,3648.050048828125,3679.0,3622.75,3662.949951171875,198507
2018-05-08,2746.61083984375,3657.300048828125,3674.0,3640.14990234375,3659.89990234375,360338
2018-05-09,2744.4326171875,3654.39990234375,3685.0,3635.0,3660.0,259686
2018-05-10,2738.124267578125,3646.0,3665.35009765625,3625.050048828125,3663.0,352223
2018-05-11,2717.322021484375,3618.300048828125,3655.0,3591.0,3655.0,246696
2018-05-14,2739.851806640625,3648.300048828125,3655.050048828125,3624.199951171875,3625.0,223997
2018-05-15,2740.828369140625,3649.60009765625,3659.35009765625,3631.050048828125,3650.0,341729
2018-05-16,2685.17919921875,3575.5,3639.0,3501.60009765625,3639.0,395161
2018-05-17,2669.446533203125,3554.550048828125,3604.949951171875,3535.0,3600.0,350935
2018-05-18,2674.3271484375,3561.050048828125,3575.0,3535.35009765625,3550.0,424207
2018-05-21,2623.147216796875,3492.89990234375,3578.60009765625,3461.75,3578.60009765625,258835
2018-05-22,2628.40380859375,3499.89990234375,3516.949951171875,3450.0,3467.10009765625,323714
2018-05-23,2615.6748046875,3482.949951171875,3494.800048828125,3452.0,3494.5,155958
2018-05-24,2620.894287109375,3489.89990234375,3509.89990234375,3445.949951171875,3495.0,324856
2018-05-25,2668.16943359375,3552.85009765625,3575.0,3461.85009765625,3480.0,177764
2018-05-28,2703.4287109375,3599.800048828125,3610.0,3537.35009765625,3570.0,191457
2018-05-29,2711.388916015625,3610.39990234375,3624.0,3565.199951171875,3608.14990234375,309517
2018-05-30,2704.66748046875,3601.449951171875,3622.449951171875,3528.39990234375,3594.89990234375,237040
2018-05-31,2662.19873046875,3544.89990234375,3614.14990234375,3530.10009765625,3610.0,707484
2018-06-01,2723.330322265625,3626.300048828125,3637.0,3554.199951171875,3563.5,300310
2018-06-04,2713.79248046875,3613.60009765625,3669.85009765625,3592.85009765625,3669.85009765625,230153
2018-06-05,2711.388916015625,3610.39990234375,3619.0,3565.300048828125,3600.10009765625,225466
2018-06-06,2730.013671875,3635.199951171875,3640.0,3598.0,3624.949951171875,211568
2018-06-07,2742.255126953125,3651.5,3667.449951171875,3628.300048828125,3652.0,222475
2018-06-08,2729.976318359375,3635.14990234375,3660.0,3608.39990234375,3657.0,175173
2018-06-11,2712.816162109375,3612.300048828125,3645.89990234375,3600.0,3637.89990234375,249101
2018-06-12,2769.55322265625,3687.85009765625,3712.199951171875,3601.300048828125,3624.800048828125,257348
2018-06-13,2776.274658203125,3696.800048828125,3708.89990234375,3679.0,3704.699951171875,209724
2018-06-14,2775.373779296875,3695.60009765625,3706.14990234375,3667.10009765625,3690.050048828125,155159
2018-06-15,2773.947265625,3693.699951171875,3710.35009765625,3652.0,3696.0,306688
2018-06-18,2753.2568359375,3666.14990234375,3702.5,3651.0,3695.0,361312
2018-06-19,2743.193603515625,3652.75,3660.0,3620.0,3658.0,242770
2018-06-20,2745.484375,3655.800048828125,3690.0,3641.10009765625,3655.0,433541
2018-06-21,2730.013671875,3635.199951171875,3675.89990234375,3624.0,3648.0,280729
2018-06-22,2731.853515625,3637.64990234375,3644.199951171875,3601.699951171875,3634.0,193715
2018-06-25,2693.703125,3586.85009765625,3649.949951171875,3575.550048828125,3634.0,351955
2018-06-26,2678.683349609375,3566.85009765625,3578.0,3536.0,3570.0,252375
2018-06-27,2657.01708984375,3538.0,3584.550048828125,3530.0,3570.0,320678
2018-06-28,2640.533203125,3516.050048828125,3550.949951171875,3476.0,3538.0,532529
2018-06-29,2608.578125,3473.5,3534.949951171875,3456.35009765625,3520.5,398443
2018-07-02,2564.9453125,3415.39990234375,3527.64990234375,3402.300048828125,3480.0,236235
2018-07-03,2589.16455078125,3447.64990234375,3484.949951171875,3432.550048828125,3455.0,289618
2018-07-04,2597.538330078125,3458.800048828125,3479.050048828125,3415.449951171875,3460.0,266759
2018-07-05,2632.797607421875,3505.75,3517.89990234375,3458.85009765625,3480.89990234375,273797
2018-07-06,2731.44091796875,3637.10009765625,3670.0,3486.0,3509.300048828125,1032128
2018-07-09,2712.215087890625,3611.5,3662.89990234375,3597.14990234375,3659.949951171875,314206
2018-07-10,2691.18701171875,3583.5,3644.800048828125,3574.800048828125,3644.800048828125,470962
2018-07-11,2685.947265625,3536.60009765625,3564.5,3524.0,3554.85009765625,377121
2018-07-12,2657.27685546875,3498.85009765625,3570.0,3484.0,3569.0,456469
2018-07-13,2624.657958984375,3455.89990234375,3523.699951171875,3444.0,3520.0,310931
2018-07-16,2601.94921875,3426.0,3466.0,3416.35009765625,3465.0,183060
2018-07-17,2649.49267578125,3488.60009765625,3514.60009765625,3398.550048828125,3415.0,318577
2018-07-18,2662.820556640625,3506.14990234375,3515.0,3473.199951171875,3500.0,211820
2018-07-19,2621.01220703125,3451.10009765625,3508.0,3440.0,3506.050048828125,147907
2018-07-20,2564.697265625,3376.949951171875,3489.0,3322.0,3452.0,560441
2018-07-23,2404.06884765625,3165.449951171875,3386.800048828125,3087.0,3383.0,1902639
2018-07-24,2360.627197265625,3108.25,3205.449951171875,3033.75,3173.800048828125,1620867
2018-07-25,2361.99462890625,3110.050048828125,3164.800048828125,3061.64990234375,3147.050048828125,964916
2018-07-26,2382.2724609375,3136.75,3189.949951171875,3068.050048828125,3082.0,1770364
2018-07-27,2433.30908203125,3203.949951171875,3238.39990234375,3132.050048828125,3150.0,820125
2018-07-30,2437.86572265625,3209.949951171875,3228.0,3175.0,3223.0,317977
2018-07-31,2502.041015625,3294.449951171875,3302.0,3191.050048828125,3215.0,753969
2018-08-01,2491.370361328125,3280.39990234375,3333.35009765625,3257.14990234375,3296.0,463790
2018-08-02,2478.68701171875,3263.699951171875,3296.0,3218.25,3296.0,352679
2018-08-03,2468.699951171875,3250.550048828125,3282.449951171875,3229.0,3270.0,311563
2018-08-06,2504.0537109375,3297.10009765625,3309.0,3251.050048828125,3279.0,338084
2018-08-07,2504.54736328125,3297.75,3329.949951171875,3268.050048828125,3304.0,248242
2018-08-08,2505.534423828125,3299.050048828125,3322.39990234375,3287.050048828125,3298.0,234708
2018-08-09,2492.091796875,3281.35009765625,3343.64990234375,3262.0,3306.0,440547
2018-08-10,2520.989501953125,3319.39990234375,3340.0,3262.35009765625,3299.89990234375,356538
2018-08-13,2512.48388671875,3308.199951171875,3347.0,3277.14990234375,3300.0,293422
2018-08-14,2480.699951171875,3266.35009765625,3333.0,3253.60009765625,3317.0,249075
2018-08-16,2493.079345703125,3282.64990234375,3304.449951171875,3235.10009765625,3262.0,274268
2018-08-17,2462.4345703125,3242.300048828125,3319.699951171875,3235.550048828125,3315.0,284947
2018-08-20,2509.294189453125,3304.0,3324.0,3250.35009765625,3266.60009765625,301515
2018-08-21,2518.976806640625,3316.75,3349.89990234375,3297.050048828125,3310.0,317643
2018-08-23,2494.673828125,3284.75,3334.949951171875,3265.0,3331.0,182542
2018-08-24,2439.650146484375,3212.300048828125,3287.949951171875,3202.10009765625,3277.39990234375,320734
2018-08-27,2448.34619140625,3223.75,3240.0,3210.10009765625,3230.0,250565
2018-08-28,2455.181396484375,3232.75,3244.800048828125,3188.699951171875,3228.0,363420
2018-08-29,2465.320556640625,3246.10009765625,3274.85009765625,3201.0,3216.0,294701
2018-08-30,2448.30810546875,3223.699951171875,3255.0,3210.050048828125,3227.0,381370
2018-08-31,2471.168212890625,3253.800048828125,3260.0,3201.050048828125,3208.0,401621
2018-09-03,2462.5478515625,3242.449951171875,3295.75,3235.0,3280.0,292015
2018-09-04,2418.271484375,3184.14990234375,3259.0,3180.0,3257.699951171875,178340
2018-09-05,2388.842041015625,3145.39990234375,3203.949951171875,3134.449951171875,3179.0,355010
2018-09-06,2403.61328125,3164.85009765625,3180.0,3116.60009765625,3151.35009765625,303246
2018-09-07,2528.546630859375,3329.35009765625,3345.0,3161.85009765625,3180.0,666688
2018-09-10,2489.775390625,3278.300048828125,3334.85009765625,3258.199951171875,3333.0,302172
2018-09-11,2418.309326171875,3184.199951171875,3294.0,3170.0,3294.0,479594
2018-09-12,2402.778076171875,3163.75,3202.39990234375,3107.75,3199.0,424166
2018-09-14,2420.16943359375,3186.64990234375,3200.60009765625,3151.14990234375,3187.0,329042
2018-09-17,2375.55078125,3127.89990234375,3180.0,3110.25,3180.0,260149
2018-09-18,2363.0576171875,3111.449951171875,3153.199951171875,3104.5,3140.0,337805
2018-09-19,2395.335205078125,3153.949951171875,3180.0,3102.050048828125,3130.0,299509
2018-09-21,2411.473876953125,3175.199951171875,3188.75,3020.0,3169.85009765625,579823
2018-09-24,2362.1083984375,3110.199951171875,3183.0,3080.050048828125,3175.300048828125,615568
2018-09-25,2363.931396484375,3112.60009765625,3125.0,3082.0,3121.949951171875,463611
2018-09-26,2354.39990234375,3100.050048828125,3140.0,3086.699951171875,3140.0,357504
2018-09-27,2345.323974609375,3088.10009765625,3130.89990234375,3075.0,3114.0,932370
2018-09-28,2227.719970703125,2933.25,3099.89990234375,2877.85009765625,3092.0,832489
2018-10-01,2257.908935546875,2973.0,2985.699951171875,2850.0,2910.0,663628
2018-10-03,2212.719970703125,2913.5,2995.0,2900.0,2989.0,503936
2018-10-04,2098.799560546875,2763.5,2887.0,2713.14990234375,2881.10009765625,1172793
2018-10-05,2081.521484375,2740.75,2779.949951171875,2692.0,2758.0,811688
2018-10-08,2181.99951171875,2873.050048828125,2885.0,2710.050048828125,2725.0,762339
2018-10-09,2196.2021484375,2891.75,2931.89990234375,2870.14990234375,2896.60009765625,699147
2018-10-10,2217.733154296875,2920.10009765625,2993.64990234375,2907.89990234375,2918.0,1165353
2018-10-11,2180.44287109375,2871.0,2934.89990234375,2846.39990234375,2877.0,635575
2018-10-12,2197.873046875,2893.949951171875,2939.800048828125,2875.0,2892.5,384692
2018-10-15,2188.22705078125,2881.25,2914.5,2867.0,2902.0,209679
2018-10-16,2198.822021484375,2895.199951171875,2911.300048828125,2871.0,2871.0,609045
2018-10-17,2132.254150390625,2807.550048828125,2995.0,2766.25,2915.0,1625059
2018-10-19,2060.256103515625,2712.75,2803.949951171875,2675.10009765625,2802.89990234375,782281
2018-10-22,2074.72412109375,2731.800048828125,2766.0,2691.449951171875,2750.0,312603
2018-10-23,2068.990234375,2724.25,2744.89990234375,2694.0,2717.0,463980
2018-10-24,2051.826171875,2701.64990234375,2767.10009765625,2660.14990234375,2767.10009765625,516142
2018-10-25,2046.851806640625,2695.10009765625,2715.0,2648.0,2688.699951171875,700158
2018-10-26,2054.63623046875,2705.35009765625,2757.0,2672.0,2704.0,657518
2018-10-29,2088.4326171875,2749.85009765625,2769.0,2708.0,2738.0,453890
2018-10-30,2106.697998046875,2773.89990234375,2809.949951171875,2735.0,2759.0,403508
2018-10-31,2097.92626953125,2762.35009765625,2820.0,2712.85009765625,2784.5,762180
2018-11-01,2120.634765625,2792.25,2805.0,2749.0,2778.0,172451
2018-11-02,2199.88525390625,2896.60009765625,2939.85009765625,2838.550048828125,2849.949951171875,548045
2018-11-05,2162.8232421875,2847.800048828125,2900.699951171875,2815.0,2899.0,248031
2018-11-06,2169.08837890625,2856.050048828125,2963.949951171875,2827.800048828125,2864.0,248605
2018-11-07,2193.771240234375,2888.550048828125,2897.0,2850.0,2897.0,37641
2018-11-09,2245.52978515625,2956.699951171875,2965.5,2878.300048828125,2898.0,275743
2018-11-12,2156.406005859375,2839.35009765625,2976.5,2820.10009765625,2958.85009765625,280472
2018-11-13,2187.050537109375,2879.699951171875,2898.449951171875,2808.0,2828.0,269648
2018-11-14,2162.633056640625,2847.550048828125,2927.39990234375,2823.0,2898.89990234375,263733
2018-11-15,2219.289794921875,2922.14990234375,2934.89990234375,2856.199951171875,2872.0,341266
2018-11-16,2249.478759765625,2961.89990234375,2970.0,2925.25,2930.0,383335
2018-11-19,2263.718505859375,2980.64990234375,2998.89990234375,2963.10009765625,2973.300048828125,291764
2018-11-20,2248.11181640625,2960.10009765625,2994.949951171875,2941.0,2988.89990234375,161818
2018-11-21,2211.618896484375,2912.050048828125,2961.5,2892.199951171875,2952.60009765625,288328
2018-11-22,2215.9482421875,2917.75,2954.699951171875,2872.14990234375,2901.0,346980
2018-11-26,2336.13427734375,3076.0,3104.699951171875,2912.25,2918.0,645146
2018-11-27,2246.630859375,2958.14990234375,3075.0,2950.0,3068.35009765625,798702
2018-11-28,2277.76904296875,2999.14990234375,3015.0,2970.0,2973.0,650210
2018-11-29,2291.173583984375,3016.800048828125,3042.800048828125,2996.64990234375,3025.949951171875,502846
2018-11-30,2320.337158203125,3055.199951171875,3061.800048828125,3020.0,3025.0,418913
2018-12-03,2308.71728515625,3039.89990234375,3067.35009765625,2999.050048828125,3050.0,627118
2018-12-04,2330.93212890625,3069.14990234375,3091.25,3035.0,3040.0,427274
2018-12-05,2318.287109375,3052.5,3081.949951171875,3028.39990234375,3059.89990234375,211238
2018-12-06,2298.730224609375,3026.75,3053.699951171875,3005.050048828125,3028.199951171875,713055
2018-12-07,2329.1474609375,3066.800048828125,3077.0,3025.10009765625,3060.0,365305
2018-12-10,2313.730224609375,3046.5,3060.0,3005.0,3025.0,682813
2018-12-11,2307.882080078125,3038.800048828125,3062.5,2982.0,3010.0,443657
2018-12-12,2474.8515625,3258.64990234375,3274.25,3040.60009765625,3055.0,2188953
2018-12-13,2520.1162109375,3318.25,3340.0,3210.050048828125,3230.0,1278210
2018-12-14,2517.382568359375,3314.64990234375,3350.800048828125,3266.64990234375,3302.0,920809
2018-12-17,2495.699462890625,3286.10009765625,3320.0,3265.300048828125,3316.0,707590
2018-12-18,2504.775146484375,3298.050048828125,3324.64990234375,3240.0,3275.050048828125,910514
2018-12-19,2510.205078125,3305.199951171875,3330.10009765625,3280.0,3305.0,947007
2018-12-20,2552.849609375,3361.35009765625,3380.0,3268.449951171875,3295.949951171875,388448
2018-12-21,2524.597412109375,3324.14990234375,3369.0,3311.5,3361.35009765625,525895
2018-12-24,2406.309326171875,3168.39990234375,3301.0,3150.0,3300.0,655657
2018-12-26,2411.473876953125,3175.199951171875,3212.0,3136.050048828125,3160.0,506895
2018-12-27,2376.23486328125,3128.800048828125,3210.0,3114.64990234375,3208.699951171875,357087
2018-12-28,2371.52587890625,3122.60009765625,3160.0,3110.75,3138.050048828125,260717
2018-12-31,2357.589599609375,3104.25,3159.050048828125,3087.0,3143.0,279055
2019-01-01,2375.322998046875,3127.60009765625,3135.0,3073.300048828125,3089.0,344239
2019-01-02,2313.768310546875,3046.550048828125,3117.300048828125,3023.800048828125,3115.0,597712
2019-01-03,2289.540283203125,3014.64990234375,3078.0,3006.300048828125,3032.0,368413
2019-01-04,2269.186767578125,2987.85009765625,3045.0,2972.050048828125,3030.0,405667
2019-01-07,2246.478759765625,2957.949951171875,3023.0,2952.0,3020.0,361881
2019-01-08,2255.858154296875,2970.300048828125,2994.5,2930.25,2974.0,354130
2019-01-09,2230.909423828125,2937.449951171875,2985.10009765625,2907.0,2985.10009765625,388001
2019-01-10,2217.277099609375,2919.5,2949.949951171875,2912.550048828125,2932.0,452293
2019-01-11,2201.897705078125,2899.25,2940.949951171875,2885.0,2923.0,258996
2019-01-14,2177.40478515625,2867.0,2910.300048828125,2856.050048828125,2901.0,267722
2019-01-15,2210.78369140625,2910.949951171875,2918.35009765625,2867.35009765625,2879.699951171875,371767
2019-01-16,2187.163818359375,2879.85009765625,2914.949951171875,2870.300048828125,2909.0,261721
2019-01-17,2205.201171875,2903.60009765625,2936.89990234375,2864.0,2878.5,515341
2019-01-18,2201.5185546875,2898.75,2929.949951171875,2863.0,2916.39990234375,389524
2019-01-21,2122.15380859375,2794.25,2909.85009765625,2780.0,2901.0,628463
2019-01-22,2145.430908203125,2824.89990234375,2835.0,2742.5,2795.0,842837
2019-01-23,2123.444580078125,2795.949951171875,2851.449951171875,2785.10009765625,2832.0,326454
2019-01-24,2119.077392578125,2790.199951171875,2828.0,2780.050048828125,2795.0,240737
2019-01-25,2027.90283203125,2670.14990234375,2788.75,2652.699951171875,2755.0,775065
2019-01-28,1973.563232421875,2598.60009765625,2685.0,2586.75,2680.0,576248
2019-01-29,1999.91650390625,2633.300048828125,2656.85009765625,2574.300048828125,2601.050048828125,666747
2019-01-30,1982.9798583984375,2611.0,2650.0,2591.60009765625,2627.0,696557
2019-01-31,1985.22021484375,2613.949951171875,2634.699951171875,2561.0,2612.10009765625,1901346
2019-02-01,2132.026123046875,2807.25,2839.35009765625,2625.0,2629.449951171875,3296513
2019-02-04,2111.4443359375,2780.14990234375,2844.949951171875,2718.199951171875,2800.0,991486
2019-02-05,2167.94970703125,2854.550048828125,2873.35009765625,2800.0,2804.0,767865
2019-02-06,2187.315673828125,2880.050048828125,2892.0,2850.0,2870.0,445829
2019-02-07,2232.125,2939.050048828125,2949.14990234375,2885.0,2885.0,546196
2019-02-08,2231.972900390625,2938.85009765625,2960.0,2912.64990234375,2915.0,544587
2019-02-11,2235.997802734375,2889.050048828125,2915.949951171875,2804.550048828125,2915.0,478111
2019-02-12,2166.727783203125,2799.550048828125,2896.85009765625,2785.0,2896.85009765625,627923
2019-02-14,2148.656005859375,2776.199951171875,2891.64990234375,2725.10009765625,2755.199951171875,661406
2019-02-15,2086.93359375,2696.449951171875,2785.39990234375,2678.0,2785.39990234375,700634
2019-02-18,2076.949462890625,2683.550048828125,2704.89990234375,2660.449951171875,2690.0,433854
2019-02-19,2040.8060302734375,2636.85009765625,2713.199951171875,2628.89990234375,2687.0,684524
2019-02-20,2030.6666259765625,2623.75,2661.75,2606.60009765625,2646.050048828125,605830
2019-02-21,2044.2113037109375,2641.25,2657.0,2581.5,2632.0,736959
2019-02-22,2074.0859375,2679.85009765625,2697.89990234375,2620.0,2652.89990234375,720407
2019-02-25,2099.355712890625,2712.5,2723.60009765625,2690.0,2690.0,443819
2019-02-26,2081.20654296875,2689.050048828125,2713.0,2614.0,2706.550048828125,751767
2019-02-27,2073.07958984375,2678.550048828125,2743.0,2661.0,2695.0,581837
2019-02-28,2034.0335693359375,2628.10009765625,2707.60009765625,2620.0,2700.10009765625,870312
2019-03-01,2070.796630859375,2675.60009765625,2690.60009765625,2640.050048828125,2649.89990234375,918224
2019-03-05,2163.709716796875,2795.64990234375,2822.0,2652.050048828125,2669.949951171875,1107587
2019-03-06,2140.646484375,2765.85009765625,2815.0,2742.0,2795.0,631138
2019-03-07,2112.977294921875,2730.10009765625,2779.0,2721.0,2770.0,394045
2019-03-08,2120.910888671875,2740.35009765625,2758.449951171875,2699.949951171875,2731.0,674840
2019-03-11,2178.492431640625,2814.75,2828.39990234375,2745.0,2745.0,857601
2019-03-12,2173.6162109375,2808.449951171875,2849.39990234375,2790.10009765625,2840.0,840207
2019-03-13,2169.901123046875,2803.64990234375,2828.0,2790.60009765625,2814.0,380361
2019-03-14,2129.69482421875,2751.699951171875,2818.0,2744.10009765625,2813.0,497697
2019-03-15,2117.427490234375,2735.85009765625,2771.0,2717.10009765625,2771.0,916870
2019-03-18,2066.075439453125,2669.5,2763.14990234375,2662.0,2745.0,830642
2019-03-19,2023.159423828125,2614.050048828125,2659.0,2601.0,2659.0,978189
2019-03-20,2019.3671875,2609.14990234375,2645.0,2593.050048828125,2614.050048828125,877100
2019-03-22,2014.8394775390625,2603.300048828125,2637.949951171875,2594.050048828125,2624.449951171875,566228
2019-03-25,1993.478515625,2575.699951171875,2608.800048828125,2537.050048828125,2594.0,854446
2019-03-26,1992.5106201171875,2574.449951171875,2604.699951171875,2546.800048828125,2586.0,555742
2019-03-27,1968.3250732421875,2543.199951171875,2594.0,2535.0,2593.800048828125,760530
2019-03-28,1954.8192138671875,2525.75,2558.0,2515.0,2550.0,1147361
2019-04-01,1980.1663818359375,2558.5,2593.39990234375,2545.0,2573.0,832495
2019-04-02,1989.0277099609375,2569.949951171875,2599.0,2545.0,2550.39990234375,1063757
2019-04-03,1997.1549072265625,2580.449951171875,2594.0,2567.0,2586.949951171875,1427316
2019-04-04,2041.076416015625,2637.199951171875,2648.699951171875,2595.0,2599.949951171875,2007440
2019-04-05,2026.5262451171875,2618.39990234375,2664.0,2605.10009765625,2652.0,722753
2019-04-08,2002.1083984375,2586.85009765625,2643.949951171875,2581.0,2628.0,723035
2019-04-09,2030.58935546875,2623.64990234375,2631.949951171875,2568.800048828125,2590.0,769508
2019-04-10,2007.951416015625,2594.39990234375,2619.0,2586.800048828125,2619.0,672025
2019-04-11,2013.1368408203125,2601.10009765625,2612.0,2589.64990234375,2600.0,608414
2019-04-12,2043.1661376953125,2639.89990234375,2644.800048828125,2591.14990234375,2597.0,925046
2019-04-15,2090.22265625,2700.699951171875,2710.89990234375,2646.050048828125,2653.0,958245
2019-04-16,2120.368408203125,2739.64990234375,2749.89990234375,2715.0,2723.75,741047
2019-04-18,2121.8388671875,2741.550048828125,2759.89990234375,2732.550048828125,2742.89990234375,563893
2019-04-22,2081.554443359375,2689.5,2749.949951171875,2685.0,2741.550048828125,453998
2019-04-23,2041.7342529296875,2638.050048828125,2727.35009765625,2615.0,2689.0,395502
2019-04-24,2021.4954833984375,2611.89990234375,2661.60009765625,2582.14990234375,2650.0,940782
2019-04-25,2021.7664794921875,2612.25,2638.0,2597.64990234375,2618.0,690718
2019-04-26,2015.3812255859375,2604.0,2616.75,2573.699951171875,2610.0,727578
2019-04-30,1944.0609130859375,2511.85009765625,2574.0,2477.0,2573.0,1634120
2019-05-02,1974.9034423828125,2551.699951171875,2569.39990234375,2492.5,2510.0,937946
2019-05-03,1985.5064697265625,2565.39990234375,2587.0,2537.39990234375,2550.0,674666
2019-05-06,1959.1146240234375,2531.300048828125,2563.0,2525.10009765625,2540.0,463670
2019-05-07,1956.057861328125,2527.35009765625,2568.0,2521.5,2567.89990234375,347427
2019-05-08,1934.6575927734375,2499.699951171875,2540.85009765625,2481.60009765625,2525.800048828125,406025
2019-05-09,1964.1064453125,2537.75,2555.0,2490.60009765625,2499.0,585480
2019-05-10,1940.53955078125,2507.300048828125,2560.0,2500.050048828125,2535.0,332771
2019-05-13,1943.2100830078125,2510.75,2537.5,2500.0,2507.300048828125,313902
2019-05-14,1942.43603515625,2509.75,2534.800048828125,2475.0,2508.0,396304
2019-05-15,1929.78173828125,2493.39990234375,2538.60009765625,2483.0,2525.0,438740
2019-05-16,1950.60107421875,2520.300048828125,2561.0,2488.0,2495.0,283127
2019-05-17,2029.7381591796875,2622.550048828125,2637.0,2521.800048828125,2523.0,962165
2019-05-20,2100.0908203125,2713.449951171875,2742.0,2633.550048828125,2690.0,722330
2019-05-21,2056.555908203125,2657.199951171875,2726.949951171875,2648.0,2725.0,445944
2019-05-22,2089.409912109375,2699.64990234375,2714.699951171875,2638.0,2657.39990234375,463923
2019-05-23,2123.3486328125,2743.5,2800.14990234375,2707.89990234375,2740.0,1177415
2019-05-24,2189.095458984375,2828.449951171875,2845.0,2750.0,2753.0,756746
2019-05-27,2183.48486328125,2821.199951171875,2850.0,2800.35009765625,2840.0,422121
2019-05-28,2123.038818359375,2743.10009765625,2828.0,2735.0,2828.0,842709
2019-05-29,2109.4169921875,2725.5,2757.949951171875,2702.800048828125,2757.949951171875,528550
2019-05-30,2101.445068359375,2715.199951171875,2743.949951171875,2701.199951171875,2730.0,406544
2019-05-31,2074.3955078125,2680.25,2763.14990234375,2665.0,2737.699951171875,683661
2019-06-03,2198.228271484375,2840.25,2859.14990234375,2712.0,2712.0,1911409
2019-06-04,2130.468505859375,2752.699951171875,2835.0,2745.0,2833.0,1051402
2019-06-06,2158.36962890625,2788.75,2796.0,2716.10009765625,2765.0,1231094
2019-06-07,2138.285400390625,2762.800048828125,2812.0,2731.89990234375,2790.0,841021
2019-06-10,2124.50927734375,2745.0,2794.0,2717.199951171875,2794.0,493407
2019-06-11,2148.61767578125,2776.14990234375,2793.0,2745.300048828125,2760.0,465376
2019-06-12,2111.390380859375,2728.050048828125,2769.89990234375,2720.050048828125,2767.0,521559
2019-06-13,2093.628173828125,2705.10009765625,2772.0,2685.35009765625,2730.0,480205
2019-06-14,2066.694580078125,2670.300048828125,2719.5,2660.10009765625,2700.0,320455
2019-06-17,2049.628662109375,2648.25,2684.199951171875,2636.0,2665.0,484673
2019-06-18,2064.75927734375,2667.800048828125,2683.0,2635.0,2650.050048828125,469539
2019-06-19,2017.0447998046875,2606.14990234375,2680.0,2572.550048828125,2680.0,552137
2019-06-20,2063.13427734375,2665.699951171875,2669.699951171875,2600.0,2610.0,692167
2019-06-21,2016.929443359375,2606.0,2699.0,2592.89990234375,2659.949951171875,903440
2019-06-24,2001.6434326171875,2586.25,2606.0,2540.699951171875,2606.0,725058
2019-06-25,2000.4052734375,2584.64990234375,2603.5,2550.0,2571.0,412936
2019-06-26,1991.8529052734375,2573.60009765625,2603.949951171875,2557.800048828125,2577.0,470716
2019-06-27,2011.0472412109375,2598.39990234375,2617.800048828125,2571.050048828125,2585.0,1174382
2019-06-28,1997.967041015625,2581.5,2600.60009765625,2572.050048828125,2598.550048828125,265726
2019-07-01,2025.0555419921875,2616.5,2639.5,2590.0,2596.0,728762
2019-07-02,2010.001953125,2597.050048828125,2618.800048828125,2571.050048828125,2596.5,532893
2019-07-03,2002.611083984375,2587.5,2613.800048828125,2582.39990234375,2601.0,419366
2019-07-04,2017.0447998046875,2606.14990234375,2618.0,2585.0,2590.25,446710
2019-07-05,1944.4093017578125,2512.300048828125,2620.0,2500.0,2618.0,501715
2019-07-08,1842.131103515625,2380.14990234375,2499.0,2360.0,2499.0,1256185
2019-07-09,1891.625732421875,2444.10009765625,2458.5,2373.60009765625,2380.0,763513
2019-07-10,1857.4940185546875,2400.0,2459.0,2392.0,2450.0,458641
2019-07-11,1940.9267578125,2507.800048828125,2520.0,2385.25,2428.0,1163266
2019-07-12,1988.9122314453125,2569.800048828125,2584.39990234375,2472.39990234375,2502.0,1397898
2019-07-15,1970.143310546875,2545.550048828125,2579.89990234375,2514.199951171875,2552.0,769562
2019-07-16,1994.284912109375,2544.35009765625,2569.449951171875,2487.14990234375,2515.0,632082
2019-07-17,1977.5111083984375,2522.949951171875,2556.60009765625,2505.050048828125,2521.0,497857
2019-07-18,1943.4156494140625,2479.449951171875,2555.0,2466.64990234375,2519.89990234375,977841
2019-07-19,1871.2659912109375,2387.39990234375,2507.35009765625,2378.949951171875,2480.050048828125,1059276
2019-07-22,1884.0419921875,2403.699951171875,2454.0,2360.64990234375,2387.39990234375,1136002
2019-07-23,1935.4600830078125,2469.300048828125,2480.0,2401.699951171875,2415.550048828125,812373
2019-07-24,1883.806884765625,2403.39990234375,2492.64990234375,2396.300048828125,2452.550048828125,619043
2019-07-25,1870.560791015625,2386.5,2448.0,2380.10009765625,2416.0,812832
2019-07-26,1933.8924560546875,2467.300048828125,2487.550048828125,2366.5,2397.800048828125,1085566
2019-07-29,1884.7086181640625,2404.550048828125,2451.0,2331.050048828125,2430.10009765625,936006
2019-07-30,1770.4681396484375,2258.800048828125,2424.64990234375,2245.300048828125,2408.0,1582385
2019-07-31,1846.7330322265625,2356.10009765625,2369.89990234375,2225.60009765625,2270.0,2930738
2019-08-01,1856.4913330078125,2368.550048828125,2381.0,2301.39990234375,2335.0,968967
2019-08-02,1882.6702880859375,2401.949951171875,2430.0,2288.550048828125,2337.0,2090929
2019-08-05,1880.554443359375,2399.25,2435.0,2346.0,2389.949951171875,1093274
2019-08-06,1934.872314453125,2468.550048828125,2484.0,2380.050048828125,2399.25,1169931
2019-08-07,1963.6380615234375,2505.25,2528.800048828125,2468.60009765625,2475.0,1079213
2019-08-08,2028.419921875,2587.89990234375,2629.0,2495.0,2500.5,1692331
2019-08-09,2055.343994140625,2622.25,2641.89990234375,2600.0,2613.85009765625,1091395
2019-08-13,2011.88134765625,2566.800048828125,2651.050048828125,2546.85009765625,2615.60009765625,1179168
2019-08-14,2064.67138671875,2634.14990234375,2647.699951171875,2580.0,2588.949951171875,998006
2019-08-16,2091.98681640625,2669.0,2680.0,2547.050048828125,2561.550048828125,1373556
2019-08-19,2062.59375,2631.5,2699.949951171875,2616.199951171875,2672.0,1215957
2019-08-20,2092.182861328125,2669.25,2677.800048828125,2631.60009765625,2655.0,1017915
2019-08-21,2127.4541015625,2714.25,2722.0,2663.550048828125,2663.800048828125,1398096
2019-08-22,2058.478759765625,2626.25,2714.25,2606.0,2713.0,1102826
2019-08-23,2069.4130859375,2640.199951171875,2670.0,2612.60009765625,2625.0,1202938
2019-08-26,2030.810791015625,2590.949951171875,2695.0,2557.35009765625,2695.0,1195915
2019-08-27,2049.229736328125,2614.449951171875,2638.0,2581.39990234375,2638.0,5531848
2019-08-28,2013.214111328125,2568.5,2626.0,2555.0,2597.75,631760
2019-08-29,1996.9500732421875,2547.75,2577.800048828125,2533.300048828125,2564.89990234375,547796
2019-08-30,2015.996337890625,2572.050048828125,2579.0,2520.550048828125,2559.85009765625,544092
2019-09-03,2004.552734375,2557.449951171875,2619.949951171875,2548.949951171875,2571.85009765625,867231
2019-09-04,2011.3330078125,2566.10009765625,2589.25,2530.25,2562.10009765625,532877
2019-09-05,2042.528564453125,2605.89990234375,2614.0,2567.14990234375,2574.949951171875,577091
2019-09-06,2084.893310546875,2659.949951171875,2670.0,2590.10009765625,2612.39990234375,1021359
2019-09-09,2109.70068359375,2691.60009765625,2697.699951171875,2621.0,2637.949951171875,619224
2019-09-11,2163.43115234375,2760.14990234375,2770.0,2680.0,2687.0,1063773
2019-09-12,2148.22509765625,2740.75,2766.0,2720.0,2747.0,701793
2019-09-13,2176.324951171875,2776.60009765625,2785.0,2718.0,2742.0,855456
2019-09-16,2146.578857421875,2738.64990234375,2794.0,2722.39990234375,2755.0,858330
2019-09-17,2013.5665283203125,2568.949951171875,2762.0,2555.0,2744.89990234375,1327205
2019-09-18,2019.171142578125,2576.10009765625,2617.0,2517.0,2590.0,1207661
2019-09-19,1984.800537109375,2532.25,2595.0,2513.449951171875,2561.0,706524
2019-09-20,2243.96728515625,2862.89990234375,3016.550048828125,2532.85009765625,2535.0,4283092
2019-09-23,2210.61669921875,2820.35009765625,3022.89990234375,2770.699951171875,2875.0,1380382
2019-09-24,2160.13916015625,2755.949951171875,2845.300048828125,2724.64990234375,2845.0,1064290
2019-09-25,2119.615966796875,2704.25,2750.0,2646.60009765625,2750.0,1063692
2019-09-26,2163.391845703125,2760.10009765625,2775.0,2684.85009765625,2695.0,1046239
2019-09-27,2139.132568359375,2729.14990234375,2778.449951171875,2707.0,2756.39990234375,679062
2019-09-30,2120.0078125,2704.75,2758.75,2668.199951171875,2734.0,837786
2019-10-01,2107.15380859375,2688.35009765625,2738.89990234375,2637.0,2715.699951171875,865901
2019-10-03,2090.77197265625,2667.449951171875,2734.0,2655.0,2710.0,937439
2019-10-04,2091.438232421875,2668.300048828125,2715.0,2659.0,2681.800048828125,689443
2019-10-07,2095.905517578125,2674.0,2684.0,2606.300048828125,2649.0,581314
2019-10-09,2041.3134765625,2604.35009765625,2690.0,2583.0,2680.0,1065595
2019-10-10,2039.3538818359375,2601.85009765625,2635.0,2581.14990234375,2604.35009765625,654085
2019-10-11,2036.21875,2597.85009765625,2635.0,2567.89990234375,2614.85009765625,594047
2019-10-14,2045.115234375,2609.199951171875,2628.449951171875,2571.85009765625,2590.0,708591
2019-10-15,2097.238525390625,2675.699951171875,2699.949951171875,2610.0,2620.14990234375,1011239
2019-10-16,2039.7459716796875,2602.35009765625,2692.39990234375,2592.300048828125,2692.39990234375,926034
2019-10-17,2060.790771484375,2629.199951171875,2644.0,2582.0,2609.0,1107128
2019-10-18,2074.076416015625,2646.14990234375,2662.050048828125,2605.85009765625,2629.0,1179162
2019-10-22,2096.415283203125,2674.64990234375,2713.449951171875,2641.199951171875,2660.0,799030
2019-10-23,2126.39599609375,2712.89990234375,2738.0,2634.0,2670.050048828125,1119172
2019-10-24,2113.1494140625,2696.0,2749.75,2650.0,2730.0,1427292
2019-10-25,2083.011962890625,2657.550048828125,2708.0,2630.0,2705.0,799469
2019-10-27,2091.908203125,2668.89990234375,2691.949951171875,2650.0,2662.0,69656
2019-10-29,2117.499755859375,2701.550048828125,2720.0,2665.75,2684.5,1088620
2019-10-30,2104.135986328125,2684.5,2717.0,2677.0,2717.0,739316
2019-10-31,2119.57666015625,2704.199951171875,2716.0,2689.449951171875,2695.0,673886
2019-11-01,2121.888916015625,2707.14990234375,2759.0,2671.10009765625,2708.0,1427332
2019-11-04,2071.99951171875,2643.5,2714.949951171875,2638.0,2712.0,760461
2019-11-05,2088.851318359375,2665.0,2679.0,2638.050048828125,2659.0,508321
2019-11-06,2099.315673828125,2678.35009765625,2696.89990234375,2641.0,2660.0,601239
2019-11-07,2085.5986328125,2660.85009765625,2673.5,2643.0,2670.0,440308
2019-11-08,2074.70361328125,2646.949951171875,2692.0,2640.64990234375,2660.800048828125,444717
2019-11-11,2033.201171875,2594.0,2656.949951171875,2585.64990234375,2635.0,570373
2019-11-13,2029.36083984375,2589.10009765625,2627.699951171875,2575.39990234375,2585.0,692298
2019-11-14,2031.359130859375,2591.64990234375,2608.14990234375,2577.0,2595.0,461170
2019-11-15,1993.3836669921875,2543.199951171875,2614.949951171875,2530.25,2600.0,682624
2019-11-18,1961.7960205078125,2502.89990234375,2552.5,2496.75,2546.0,808951
2019-11-19,1935.1854248046875,2468.949951171875,2520.0,2463.10009765625,2520.0,1011599
2019-11-20,1936.4002685546875,2470.5,2485.0,2436.300048828125,2478.0,918063
2019-11-21,1915.1986083984375,2443.449951171875,2499.89990234375,2436.550048828125,2477.0,677663
2019-11-22,1913.7489013671875,2441.60009765625,2458.39990234375,2426.0,2449.949951171875,471953
2019-11-25,1943.0628662109375,2479.0,2499.0,2427.699951171875,2458.0,1144301
2019-11-26,1955.290283203125,2494.60009765625,2514.75,2471.5,2489.0,1342442
2019-11-27,1977.746337890625,2523.25,2534.0,2491.550048828125,2495.89990234375,1008253
2019-11-28,1933.1083984375,2466.300048828125,2520.0,2460.0,2517.0,544359
2019-11-29,1907.43896484375,2433.550048828125,2483.75,2424.0,2476.75,757233
2019-12-02,1886.58935546875,2406.949951171875,2447.0,2400.0,2431.0,671750
2019-12-03,1898.6993408203125,2422.39990234375,2434.89990234375,2400.0,2402.0,506622
2019-12-04,1911.710693359375,2439.0,2458.75,2412.0,2420.0,457308
2019-12-05,1878.477294921875,2396.60009765625,2475.0,2391.0,2445.0,948025
2019-12-06,1851.51416015625,2362.199951171875,2416.60009765625,2351.0,2411.0,750661
2019-12-09,1866.8377685546875,2381.75,2395.0,2359.60009765625,2376.699951171875,428294
2019-12-10,1826.275634765625,2330.0,2406.10009765625,2322.0,2400.0,805888
2019-12-11,1799.8612060546875,2296.300048828125,2343.949951171875,2263.0,2337.0,1264067
2019-12-12,1829.4495849609375,2334.050048828125,2344.39990234375,2307.35009765625,2312.0,871422
2019-12-13,1832.663330078125,2338.14990234375,2359.0,2320.199951171875,2348.0,924706
2019-12-16,1809.384033203125,2308.449951171875,2347.949951171875,2304.14990234375,2340.25,593867
2019-12-17,1806.6409912109375,2304.949951171875,2328.25,2297.0,2318.0,810022
2019-12-18,1812.127197265625,2311.949951171875,2320.0,2290.050048828125,2314.949951171875,952321
2019-12-19,1852.6895751953125,2363.699951171875,2376.60009765625,2295.75,2311.10009765625,1767354
2019-12-20,1875.8118896484375,2393.199951171875,2425.0,2365.0,2369.0,1615264
2019-12-23,1896.896240234375,2420.10009765625,2435.35009765625,2381.39990234375,2400.0,1192490
2019-12-24,1906.7332763671875,2432.64990234375,2448.550048828125,2419.050048828125,2419.949951171875,1173285
2019-12-26,1911.4364013671875,2438.64990234375,2454.949951171875,2425.050048828125,2432.64990234375,754276
2019-12-27,1914.4149169921875,2442.449951171875,2458.0,2421.5,2450.0,599490
2019-12-30,1943.1016845703125,2479.050048828125,2485.0,2441.0,2446.0,699880
2019-12-31,1914.8851318359375,2443.050048828125,2474.0,2433.449951171875,2466.5,443409
2020-01-01,1906.6553955078125,2432.550048828125,2462.550048828125,2427.35009765625,2454.89990234375,314519
2020-01-02,1904.2254638671875,2429.449951171875,2452.0,2417.050048828125,2447.800048828125,546945
2020-01-03,1906.4984130859375,2432.35009765625,2449.0,2415.0,2420.0,544720
2020-01-06,1856.1778564453125,2368.14990234375,2428.949951171875,2360.050048828125,2428.949951171875,624665
2020-01-07,1840.4232177734375,2348.050048828125,2399.89990234375,2337.0,2378.0,620687
2020-01-08,1816.5172119140625,2317.550048828125,2345.050048828125,2310.550048828125,2322.0,595883
2020-01-09,1845.5179443359375,2354.550048828125,2365.0,2326.10009765625,2341.0,732115
2020-01-10,1852.4940185546875,2363.449951171875,2387.699951171875,2351.0,2357.0,578287
2020-01-13,1855.08056640625,2366.75,2382.89990234375,2352.35009765625,2382.89990234375,434063
2020-01-14,1890.07763671875,2411.39990234375,2418.800048828125,2361.050048828125,2367.0,787340
2020-01-15,1940.9466552734375,2476.300048828125,2480.550048828125,2414.0,2419.949951171875,1051367
2020-01-16,1908.1832275390625,2434.5,2474.949951171875,2427.0,2474.949951171875,590255
2020-01-17,1923.4676513671875,2454.0,2474.89990234375,2421.60009765625,2445.0,457663
2020-01-20,1893.36962890625,2415.60009765625,2459.64990234375,2410.10009765625,2454.0,320280
2020-01-21,1880.123046875,2398.699951171875,2412.64990234375,2375.0,2410.0,568473
2020-01-22,1880.3975830078125,2399.050048828125,2410.0,2379.0,2408.699951171875,346888
2020-01-23,1904.4605712890625,2429.75,2434.85009765625,2380.0,2397.0,315469
2020-01-24,1934.95068359375,2468.64990234375,2474.800048828125,2427.10009765625,2440.0,519690
2020-01-27,1924.839599609375,2455.75,2498.5,2425.050048828125,2456.0,897656
2020-01-28,1935.107421875,2468.85009765625,2508.949951171875,2440.0,2456.75,904634
2020-01-29,1948.823974609375,2486.35009765625,2510.0,2470.0,2484.0,787135
2020-01-30,1945.6497802734375,2482.300048828125,2522.0,2464.0,2486.949951171875,797868
2020-01-31,1960.9732666015625,2501.85009765625,2521.89990234375,2492.050048828125,2508.0,574957
2020-02-03,1862.4483642578125,2376.14990234375,2469.0,2358.0,2391.0,1507692
2020-02-04,1929.777587890625,2462.050048828125,2484.60009765625,2400.800048828125,2412.0,1187298
2020-02-05,1860.175048828125,2373.25,2478.89990234375,2345.550048828125,2472.0,2176980
2020-02-06,1889.9993896484375,2411.300048828125,2427.0,2355.0,2395.0,1632634
2020-02-07,1915.1986083984375,2443.449951171875,2496.0,2421.35009765625,2480.0,2709754
2020-02-10,1869.933349609375,2385.699951171875,2457.449951171875,2375.14990234375,2449.5,949025
2020-02-11,1878.3592529296875,2396.449951171875,2443.35009765625,2390.0,2415.0,680119
2020-02-12,1899.208740234375,2423.050048828125,2430.0,2400.0,2410.0,467714
2020-02-13,1888.1571044921875,2408.949951171875,2441.300048828125,2401.0,2419.0,514501
2020-02-14,1847.0460205078125,2356.5,2437.800048828125,2351.10009765625,2424.0,798770
2020-02-17,1840.4774169921875,2283.35009765625,2335.0,2269.550048828125,2335.0,818134
2020-02-18,1815.7318115234375,2252.64990234375,2283.199951171875,2225.0,2283.199951171875,839607
2020-02-19,1814.8851318359375,2251.60009765625,2278.0,2227.050048828125,2274.0,729471
2020-02-20,1805.73681640625,2240.25,2276.0,2235.449951171875,2267.0,886179
2020-02-24,1760.5582275390625,2184.199951171875,2220.0,2175.0,2220.0,808263
2020-02-25,1760.5179443359375,2184.14990234375,2214.0,2164.050048828125,2190.199951171875,861921
2020-02-26,1726.9862060546875,2142.550048828125,2195.0,2136.0,2180.0,972076
2020-02-27,1700.951416015625,2110.25,2158.64990234375,2101.0,2147.89990234375,1093297
2020-02-28,1653.7977294921875,2051.75,2110.0,2033.949951171875,2080.0,1879071
2020-03-02,1592.296630859375,1975.449951171875,2110.0,1961.0,2100.0,1207967
2020-03-03,1656.2965087890625,2054.85009765625,2063.85009765625,1976.0,1976.0,1689926
2020-03-04,1649.445068359375,2046.3499755859375,2073.35009765625,2000.5,2070.0,976550
2020-03-05,1663.5909423828125,2063.89990234375,2093.10009765625,2052.300048828125,2061.699951171875,899516
2020-03-06,1642.9566650390625,2038.300048828125,2053.449951171875,1971.0,1971.0,606826
2020-03-09,1576.6595458984375,1956.050048828125,2011.5,1915.300048828125,1995.0,844134
2020-03-11,1641.1429443359375,2036.050048828125,2049.800048828125,1948.9000244140625,1968.0,1848085
2020-03-12,1537.2843017578125,1907.199951171875,1978.949951171875,1793.75,1956.0,2248848
2020-03-13,1518.5435791015625,1883.949951171875,1943.0,1535.0,1761.0,1184611
2020-03-16,1437.576904296875,1783.5,1845.0,1775.300048828125,1818.0,883109
2020-03-17,1484.045166015625,1841.1500244140625,1903.5999755859375,1756.3499755859375,1783.0,1236906
2020-03-18,1355.0782470703125,1681.1500244140625,1860.0,1666.0,1841.0,1118487
2020-03-19,1380.307373046875,1712.449951171875,1789.0,1561.949951171875,1648.0,1276786
2020-03-20,1463.5313720703125,1815.699951171875,1845.699951171875,1675.0,1725.0,1244977
2020-03-23,1302.5648193359375,1616.0,1673.1500244140625,1520.0,1634.1500244140625,750837
2020-03-24,1311.4716796875,1627.050048828125,1754.0999755859375,1475.0,1650.0,1488860
2020-03-25,1344.197021484375,1667.6500244140625,1683.5,1525.300048828125,1560.0,1027510
2020-03-26,1452.407958984375,1801.9000244140625,1827.949951171875,1645.5999755859375,1689.9000244140625,1448305
2020-03-27,1338.997802734375,1661.199951171875,1830.3499755859375,1640.5999755859375,1815.0,1514916
2020-03-30,1252.186767578125,1553.5,1640.0,1542.300048828125,1635.0,1250949
2020-03-31,1286.80615234375,1596.449951171875,1633.75,1565.0,1593.0,1456425
2020-04-01,1321.62744140625,1639.6500244140625,1647.3499755859375,1565.0,1590.0999755859375,1641556
2020-04-03,1275.199462890625,1582.050048828125,1623.0,1543.1500244140625,1610.050048828125,1592821
2020-04-07,1426.0504150390625,1769.199951171875,1789.0,1623.6500244140625,1630.0,1374508
2020-04-08,1468.3272705078125,1821.6500244140625,1883.800048828125,1700.0,1702.0,1376705
2020-04-09,1604.7501220703125,1990.9000244140625,2013.4000244140625,1853.0,1879.1500244140625,2416795
2020-04-13,1546.8360595703125,1919.050048828125,2023.5,1888.050048828125,1952.0,1560999
2020-04-15,1470.3018798828125,1824.0999755859375,1974.0,1811.699951171875,1940.0,1537624
2020-04-16,1436.8917236328125,1782.6500244140625,1807.449951171875,1752.550048828125,1800.0,1453445
2020-04-17,1479.8135986328125,1835.9000244140625,1875.0,1812.0,1839.949951171875,1327762
2020-04-20,1455.5919189453125,1805.8499755859375,1879.949951171875,1787.050048828125,1874.949951171875,2291195
2020-04-21,1473.0830078125,1827.550048828125,1838.9000244140625,1758.0,1785.0999755859375,1650618
2020-04-22,1521.526123046875,1887.6500244140625,1905.0,1796.9000244140625,1800.0,2737381
2020-04-23,1503.2694091796875,1865.0,1923.449951171875,1855.0,1900.0,1882834
2020-04-24,1527.28955078125,1894.800048828125,1939.4000244140625,1840.0,1842.5,1711725
2020-04-27,1559.853515625,1935.199951171875,1949.0,1897.449951171875,1909.0,1322269
2020-04-28,1566.2213134765625,1943.0999755859375,1972.800048828125,1915.5999755859375,1950.300048828125,1056981
2020-04-29,1588.1053466796875,1970.25,2018.5,1941.0,1966.25,1836009
2020-04-30,1746.452392578125,2166.699951171875,2198.10009765625,1975.0,2017.0999755859375,2785165
2020-05-04,1612.6494140625,2000.699951171875,2074.949951171875,1985.0,2051.0,1328847
2020-05-05,1584.1556396484375,1965.3499755859375,2051.0,1945.1500244140625,2034.0,1318956
2020-05-06,1633.6466064453125,2026.75,2058.89990234375,1933.25,1981.0,1881161
2020-05-07,1612.3270263671875,2000.300048828125,2051.39990234375,1983.4000244140625,2000.0,1112730
2020-05-08,1581.93896484375,1962.5999755859375,2040.0,1955.0,2040.0,1139464
2020-05-11,1683.54052734375,2088.64990234375,2134.800048828125,1990.0,2015.0,4445410
2020-05-12,1704.2156982421875,2114.300048828125,2134.0,2020.0,2093.0,2919966
2020-05-13,1763.298828125,2187.60009765625,2265.0,2148.0,2199.85009765625,3253820
2020-05-14,1806.6236572265625,2241.35009765625,2255.0,2118.699951171875,2135.949951171875,2570474
2020-05-15,1768.094482421875,2193.550048828125,2249.0,2170.0,2249.0,2080650
2020-05-18,1668.9512939453125,2070.550048828125,2218.5,2060.14990234375,2197.0,1803530
2020-05-19,1671.3291015625,2073.5,2127.949951171875,2062.800048828125,2119.0,1389745
2020-05-20,1631.1077880859375,2023.5999755859375,2067.800048828125,1991.3499755859375,2059.0,2782627
2020-05-21,1708.406982421875,2119.5,2130.0,2020.0,2043.0,2636698
2020-05-22,1733.47509765625,2150.60009765625,2159.89990234375,2083.85009765625,2119.0,2241339
2020-05-26,1703.691650390625,2113.64990234375,2169.89990234375,2101.0,2158.0,1513568
2020-05-27,1753.666259765625,2175.64990234375,2187.0,2115.25,2125.0,1403554
2020-05-28,1852.3665771484375,2298.10009765625,2335.0,2166.14990234375,2197.60009765625,3727629
2020-05-29,1902.945556640625,2360.85009765625,2391.89990234375,2250.0,2275.0,3368722
2020-06-01,1875.09716796875,2326.300048828125,2399.0,2312.35009765625,2360.75,2028590
2020-06-02,1868.6080322265625,2318.25,2391.550048828125,2281.89990234375,2359.89990234375,2408304
2020-06-03,1854.058837890625,2300.199951171875,2371.0,2290.800048828125,2348.800048828125,1562885
2020-06-04,1877.474609375,2329.25,2341.64990234375,2263.050048828125,2280.0,1532156
2020-06-05,1886.663330078125,2340.64990234375,2363.949951171875,2308.0,2343.89990234375,1138282
2020-06-08,1921.846923828125,2384.300048828125,2439.800048828125,2355.0,2359.0,2354805
2020-06-09,1924.2655029296875,2387.300048828125,2429.5,2370.0,2385.0,1980625
2020-06-10,1847.6507568359375,2292.25,2393.14990234375,2282.199951171875,2387.0,3106338
2020-06-11,1861.91748046875,2309.949951171875,2345.0,2300.0,2316.0,2056461
2020-06-12,1935.9935302734375,2401.85009765625,2415.0,2230.699951171875,2242.0,3296719
2020-06-15,1892.7086181640625,2348.14990234375,2394.949951171875,2316.0,2394.949951171875,1416097
2020-06-16,1931.2374267578125,2395.949951171875,2435.699951171875,2360.0,2380.0,2145404
2020-06-17,1904.9202880859375,2363.300048828125,2390.0,2341.0,2377.25,1731506
2020-06-18,1906.25,2364.949951171875,2380.0,2342.199951171875,2360.25,1087739
2020-06-19,1898.9151611328125,2355.85009765625,2382.800048828125,2332.25,2375.0,3602756
2020-06-22,1944.658203125,2412.60009765625,2447.10009765625,2361.0,2371.14990234375,3042752
2020-06-23,1949.696044921875,2418.85009765625,2444.949951171875,2405.60009765625,2444.949951171875,996657
2020-06-24,2010.1087646484375,2493.800048828125,2545.0,2439.75,2450.0,3354520
2020-06-25,2063.227294921875,2559.699951171875,2585.0,2454.14990234375,2472.949951171875,3281309
2020-06-26,2047.7109375,2540.449951171875,2590.64990234375,2530.800048828125,2580.0,1351753
2020-06-29,2018.37109375,2504.050048828125,2530.0,2468.0,2530.0,1131627
2020-06-30,2052.949951171875,2546.949951171875,2568.35009765625,2512.0,2549.0,1441648
2020-07-01,2053.3525390625,2547.449951171875,2575.050048828125,2530.0,2556.0,1336764
2020-07-02,2153.26220703125,2671.39990234375,2685.0,2550.0,2550.0,3353340
2020-07-03,2207.145751953125,2738.25,2750.0,2677.60009765625,2680.0,2637811
2020-07-06,2233.50341796875,2770.949951171875,2779.050048828125,2715.0,2750.300048828125,1716058
2020-07-07,2216.05224609375,2749.300048828125,2788.5,2727.60009765625,2762.0,1223502
2020-07-08,2191.790771484375,2719.199951171875,2777.949951171875,2710.0,2760.0,974918
2020-07-09,2169.423095703125,2691.449951171875,2727.699951171875,2666.550048828125,2725.0,1383528
2020-07-10,2161.201416015625,2681.25,2734.5,2671.60009765625,2690.0,1205528
2020-07-13,2168.012451171875,2689.699951171875,2714.35009765625,2670.35009765625,2701.949951171875,713590
2020-07-14,2105.261962890625,2611.85009765625,2681.64990234375,2604.0,2672.0,921721
2020-07-15,2134.441162109375,2648.050048828125,2680.0,2606.14990234375,2606.14990234375,1188285
2020-07-16,2188.244140625,2714.800048828125,2725.0,2613.050048828125,2650.0,1607439
2020-07-17,2227.94189453125,2764.050048828125,2775.0,2703.0,2715.300048828125,969122
2020-07-20,2305.40234375,2860.14990234375,2873.449951171875,2742.199951171875,2764.050048828125,1674943
2020-07-21,2312.656982421875,2869.14990234375,2885.699951171875,2847.0,2860.199951171875,1289304
2020-07-22,2231.125732421875,2768.0,2860.0,2753.050048828125,2860.0,1349352
2020-07-23,2233.704833984375,2771.199951171875,2792.949951171875,2745.35009765625,2775.0,1117663
2020-07-24,2209.12060546875,2740.699951171875,2795.0,2728.10009765625,2753.0,701462
2020-07-27,2211.458251953125,2743.60009765625,2759.0,2688.39990234375,2759.0,662841
2020-07-28,2290.16796875,2841.25,2850.0,2745.050048828125,2752.60009765625,1836163
2020-07-29,2240.79833984375,2780.0,2880.449951171875,2768.39990234375,2859.25,1092469
2020-07-30,2199.276123046875,2703.949951171875,2789.949951171875,2688.0,2773.0,1497969
2020-07-31,2176.94921875,2676.5,2709.699951171875,2646.449951171875,2705.0,1260570
2020-08-03,2140.185791015625,2631.300048828125,2769.800048828125,2620.75,2700.0,2281990
2020-08-04,2201.025146484375,2706.10009765625,2732.800048828125,2640.050048828125,2663.75,2033677
2020-08-05,2192.606689453125,2695.75,2740.0,2672.0,2719.199951171875,997234
2020-08-06,2199.6826171875,2704.449951171875,2733.0,2675.0,2717.0,859485
2020-08-07,2201.10595703125,2706.199951171875,2720.0,2670.10009765625,2710.0,854109
2020-08-10,2197.812255859375,2702.14990234375,2718.0,2674.14990234375,2718.0,684596
2020-08-11,2206.515380859375,2712.85009765625,2775.0,2704.0,2725.0,1617202
2020-08-12,2256.251708984375,2774.0,2796.0,2705.300048828125,2721.0,1798834
2020-08-13,2285.248046875,2809.64990234375,2820.0,2746.300048828125,2790.0,1299029
2020-08-14,2280.489990234375,2803.800048828125,2843.5,2756.050048828125,2800.5,2158769
2020-08-17,2380.858154296875,2927.199951171875,2934.10009765625,2810.0,2812.800048828125,2723654
2020-08-18,2378.377197265625,2924.14990234375,2964.0,2905.300048828125,2927.0,1530968
2020-08-19,2385.616455078125,2933.050048828125,2998.800048828125,2921.449951171875,2945.949951171875,2016727
2020-08-20,2404.32373046875,2956.050048828125,2964.89990234375,2892.64990234375,2912.0,1185217
2020-08-21,2467.277099609375,3033.449951171875,3049.75,2957.050048828125,2978.699951171875,2012976
2020-08-24,2452.31201171875,3015.050048828125,3075.5,3001.050048828125,3037.0,1706107
2020-08-25,2415.466552734375,2969.75,3052.949951171875,2957.85009765625,3044.0,1323587
2020-08-26,2570.817626953125,3160.75,3181.35009765625,3070.0,3110.0,4651022
2020-08-27,2555.363525390625,3141.75,3170.0,3107.5,3159.0,1431518
2020-08-28,2488.302978515625,3059.300048828125,3164.0,3050.64990234375,3119.050048828125,1838010
2020-08-31,2444.9912109375,3006.050048828125,3088.89990234375,2966.10009765625,3070.0,1808588
2020-09-01,2436.49169921875,2995.60009765625,3074.300048828125,2975.5,3030.050048828125,1357833
2020-09-02,2394.156494140625,2943.550048828125,3039.800048828125,2876.14990234375,3034.949951171875,2809547
2020-09-03,2392.407470703125,2941.39990234375,3006.14990234375,2930.949951171875,2975.0,1512714
2020-09-04,2371.097900390625,2915.199951171875,2976.5,2867.60009765625,2918.85009765625,1508195
2020-09-07,2326.322509765625,2860.14990234375,2934.89990234375,2852.0,2930.0,1476038
2020-09-08,2328.803466796875,2863.199951171875,2903.199951171875,2852.0,2871.0,1263479
2020-09-09,2361.988037109375,2904.0,2920.0,2830.199951171875,2847.0,1995585
2020-09-10,2398.38623046875,2948.75,2957.39990234375,2888.25,2920.0,1629594
2020-09-11,2433.76708984375,2992.25,3007.699951171875,2948.75,2949.14990234375,1525239
2020-09-14,2463.2509765625,3028.5,3039.0,2956.0,3014.949951171875,1537220
2020-09-15,2470.28662109375,3037.14990234375,3051.699951171875,3005.050048828125,3028.5,915275
2020-09-16,2485.78125,3056.199951171875,3105.0,3024.64990234375,3033.0,1603512
2020-09-17,2489.68505859375,3061.0,3098.0,3030.050048828125,3042.800048828125,914287
2020-09-18,2531.695068359375,3112.64990234375,3121.85009765625,3075.10009765625,3080.0,1362732
2020-09-21,2485.08984375,3055.35009765625,3124.449951171875,3033.050048828125,3122.0,826132
2020-09-22,2440.1923828125,3000.14990234375,3052.0,2960.0,3040.0,1099375
2020-09-23,2404.892578125,2956.75,3043.0,2924.949951171875,3000.5,1256820
2020-09-24,2373.618896484375,2918.300048828125,2949.0,2900.0,2911.35009765625,1020064
2020-09-25,2441.697021484375,3002.0,3015.14990234375,2925.10009765625,2934.550048828125,1263899
2020-09-28,2512.3779296875,3088.89990234375,3095.75,2992.5,3047.0,1422073
2020-09-29,2582.367431640625,3174.949951171875,3222.050048828125,3104.5,3105.0,3394236
2020-09-30,2559.8779296875,3147.300048828125,3198.0,3135.0,3198.0,1175373
2020-10-01,2563.25341796875,3151.449951171875,3199.0,3111.699951171875,3165.0,1459005
2020-10-05,2545.156005859375,3129.199951171875,3230.0,3094.199951171875,3225.0,1374983
2020-10-06,2550.971923828125,3136.35009765625,3177.89990234375,3117.0,3142.60009765625,849216
2020-10-07,2630.111328125,3233.64990234375,3249.949951171875,3138.050048828125,3140.0,2071160
2020-10-08,2667.119140625,3279.14990234375,3292.800048828125,3235.64990234375,3250.0,1414044
2020-10-09,2706.36376953125,3327.39990234375,3340.0,3267.050048828125,3300.0,1358012
2020-10-12,2671.633056640625,3284.699951171875,3355.550048828125,3273.75,3350.800048828125,1438726
2020-10-13,2674.358154296875,3288.050048828125,3303.0,3256.199951171875,3283.5,847392
2020-10-14,2692.862060546875,3310.800048828125,3332.949951171875,3270.0,3303.0,1188612
2020-10-15,2695.70849609375,3314.300048828125,3379.550048828125,3290.10009765625,3312.0,1817305
2020-10-16,2721.85791015625,3346.449951171875,3394.89990234375,3301.0,3315.0,1461910
2020-10-19,2642.352294921875,3248.699951171875,3358.5,3230.550048828125,3352.050048828125,1056638
2020-10-20,2633.32421875,3237.60009765625,3292.5,3230.449951171875,3249.0,1198126
2020-10-21,2585.1328125,3178.35009765625,3280.0,3132.14990234375,3250.0,2045833
2020-10-22,2506.359375,3081.5,3176.89990234375,3062.39990234375,3176.89990234375,1640304
2020-10-23,2530.3935546875,3111.050048828125,3152.949951171875,3089.89990234375,3100.0,1707899
2020-10-26,2357.0673828125,2897.949951171875,3120.0,2875.0,3120.0,4182675
2020-10-27,2368.4541015625,2911.949951171875,2977.89990234375,2855.550048828125,2925.0,3089586
2020-10-28,2396.31201171875,2946.199951171875,3035.0,2930.35009765625,2995.0,5321192
2020-10-29,2353.8544921875,2894.0,2962.35009765625,2885.0,2935.0,2345545
2020-10-30,2277.236328125,2799.800048828125,2928.5,2787.0,2913.89990234375,3110768
2020-11-02,2306.39501953125,2835.64990234375,2888.0,2812.0,2888.0,2671709
2020-11-03,2389.154052734375,2937.39990234375,2949.449951171875,2847.0,2860.0,2352020
2020-11-04,2414.04345703125,2968.0,2978.0,2910.10009765625,2940.0,1868196
2020-11-05,2394.8076171875,2944.35009765625,2995.89990234375,2926.800048828125,2990.0,1195194
2020-11-06,2395.701904296875,2945.449951171875,2983.0,2925.199951171875,2943.0,1182126
2020-11-09,2402.859619140625,2954.25,2989.0,2930.0,2970.0,1175877
2020-11-10,2400.41943359375,2951.25,2987.0,2922.949951171875,2987.0,1352612
2020-11-11,2488.993896484375,3060.14990234375,3075.0,2953.199951171875,2980.0,2829916
2020-11-12,2509.8564453125,3085.800048828125,3100.0,3037.0,3060.0,2093558
2020-11-13,2544.912109375,3128.89990234375,3134.89990234375,3071.10009765625,3089.0,1274593
2020-11-14,2534.17578125,3115.699951171875,3156.949951171875,3098.0,3156.949951171875,199281
2020-11-17,2465.528564453125,3031.300048828125,3148.0,3001.0,3146.39990234375,1933560
2020-11-18,2426.243896484375,2983.0,3048.949951171875,2943.699951171875,3041.85009765625,1956934
2020-11-19,2430.71728515625,2988.5,3136.75,2975.14990234375,3029.0,4282399
2020-11-20,2438.972412109375,2998.64990234375,3018.949951171875,2965.64990234375,2999.0,1531471
2020-11-23,2488.6689453125,3059.75,3074.0,2982.0,3024.60009765625,1653325
2020-11-24,2500.381103515625,3074.14990234375,3109.64990234375,3041.64990234375,3056.0,1517541
2020-11-25,2447.1875,3008.75,3094.85009765625,3001.0,3079.5,1110258
2020-11-26,2460.03857421875,3024.550048828125,3049.64990234375,2976.10009765625,3008.0,859782
2020-11-27,2528.604736328125,3108.85009765625,3118.550048828125,3032.0,3049.0,3266924
2020-12-01,2529.7431640625,3110.25,3129.89990234375,3075.050048828125,3120.0,1503427
2020-12-02,2542.71630859375,3126.199951171875,3177.10009765625,3091.0,3113.0,1748207
2020-12-03,2553.818359375,3139.85009765625,3167.0,3125.5,3156.0,974736
2020-12-04,2586.8408203125,3180.449951171875,3202.0,3150.0,3151.0,1089915
2020-12-07,2581.635498046875,3174.050048828125,3217.949951171875,3135.60009765625,3179.89990234375,991744
2020-12-08,2576.673583984375,3167.949951171875,3204.800048828125,3154.64990234375,3175.0,644753
2020-12-09,2595.177734375,3190.699951171875,3204.0,3156.14990234375,3174.949951171875,669455
2020-12-10,2598.105712890625,3194.300048828125,3207.75,3166.0,3180.0,559968
2020-12-11,2590.785400390625,3185.300048828125,3239.5,3169.0,3200.0,1276394
2020-12-14,2532.508544921875,3113.64990234375,3214.0,3105.0,3214.0,1421591
2020-12-15,2531.45166015625,3112.35009765625,3135.0,3081.10009765625,3082.550048828125,1058918
2020-12-16,2535.639892578125,3117.5,3145.0,3105.0,3130.10009765625,1025407
2020-12-17,2531.695068359375,3112.64990234375,3157.5,3101.050048828125,3135.0,969196
2020-12-18,2550.117431640625,3135.300048828125,3144.0,3101.0,3101.0,1109264
2020-12-21,2435.272216796875,2994.10009765625,3152.85009765625,2944.949951171875,3148.0,1397172
2020-12-22,2480.00634765625,3049.10009765625,3060.0,2900.60009765625,3020.0,1073505
2020-12-23,2472.645751953125,3040.050048828125,3073.5,3012.0,3046.60009765625,711716
2020-12-24,2499.52734375,3073.10009765625,3083.699951171875,3030.0,3045.0,640601
2020-12-28,2507.254150390625,3082.60009765625,3124.0,3062.699951171875,3096.0,742559
2020-12-29,2500.259033203125,3074.0,3106.0,3061.0,3096.0,478502
2020-12-30,2522.544921875,3101.39990234375,3107.949951171875,3065.60009765625,3080.0,505754
2020-12-31,2529.539794921875,3110.0,3117.800048828125,3085.0,3107.0,605742
2021-01-01,2523.561279296875,3102.64990234375,3120.800048828125,3093.0,3115.0,408952
2021-01-04,2475.736572265625,3043.85009765625,3123.949951171875,3037.25,3112.0,1599835
2021-01-05,2494.72802734375,3067.199951171875,3074.35009765625,3031.0,3052.0,1150326
2021-01-06,2508.0263671875,3083.550048828125,3123.60009765625,3046.0,3081.300048828125,1370394
2021-01-07,2485.00830078125,3055.25,3114.75,3034.0,3094.0,880259
2021-01-08,2571.102294921875,3161.10009765625,3165.949951171875,3063.10009765625,3070.0,1576465
2021-01-11,2600.871337890625,3197.699951171875,3224.89990234375,3147.050048828125,3161.0,1596027
2021-01-12,2641.986083984375,3248.25,3295.0,3180.449951171875,3190.0,1586336
2021-01-13,2648.940673828125,3256.800048828125,3318.0,3216.699951171875,3260.0,1424073
2021-01-14,2656.91162109375,3266.60009765625,3295.0,3238.050048828125,3265.0,803208
2021-01-15,2605.181640625,3203.0,3270.85009765625,3174.0,3250.0,1199320
2021-01-18,2572.76953125,3163.14990234375,3217.550048828125,3082.25,3200.0,1280163
2021-01-19,2629.50146484375,3232.89990234375,3240.75,3170.5,3170.5,770832
2021-01-20,2664.231689453125,3275.60009765625,3292.5,3230.300048828125,3239.0,841752
2021-01-21,2641.21337890625,3247.300048828125,3346.0,3219.699951171875,3275.60009765625,1300181
2021-01-22,2744.998291015625,3374.89990234375,3483.949951171875,3258.89990234375,3265.0,3813020
2021-01-25,2826.37451171875,3474.949951171875,3520.14990234375,3357.050048828125,3417.949951171875,2266967
2021-01-27,2731.69970703125,3358.550048828125,3484.0,3329.949951171875,3450.0,1333633
2021-01-28,2763.298828125,3397.39990234375,3464.10009765625,3325.14990234375,3338.949951171875,1986409
2021-01-29,2648.330810546875,3256.050048828125,3485.0,3226.39990234375,3419.89990234375,1718833
2021-02-01,2717.140869140625,3340.64990234375,3360.800048828125,3217.25,3300.0,1285163
2021-02-02,2679.07568359375,3293.85009765625,3400.0,3261.0,3400.0,1751516
2021-02-03,2749.796630859375,3380.800048828125,3422.0,3268.0,3296.550048828125,1077971
2021-02-04,2798.516845703125,3440.699951171875,3515.0,3404.10009765625,3441.0,2425660
2021-02-05,2789.1630859375,3429.199951171875,3560.0,3366.0,3500.0,2719249
2021-02-08,2842.681884765625,3495.0,3506.89990234375,3415.39990234375,3478.0,1004959
2021-02-09,2846.3017578125,3499.449951171875,3538.0,3456.35009765625,3461.0,1543021
2021-02-10,2878.42919921875,3538.949951171875,3568.75,3485.25,3490.0,1477082
2021-02-11,2880.503173828125,3541.5,3554.0,3473.550048828125,3524.0,757116
2021-02-12,2859.559326171875,3515.75,3580.0,3502.89990234375,3535.949951171875,566161
2021-02-15,2875.866455078125,3465.39990234375,3506.14990234375,3452.0,3488.949951171875,809861
2021-02-16,2872.67138671875,3461.550048828125,3485.300048828125,3432.0,3470.0,759332
2021-02-17,2974.290283203125,3584.0,3595.0,3457.25,3463.449951171875,1946207
2021-02-18,2923.54345703125,3522.85009765625,3629.050048828125,3506.0,3579.64990234375,1701157
2021-02-19,2813.04443359375,3389.699951171875,3522.85009765625,3370.0,3522.85009765625,995322
2021-02-22,2833.335205078125,3414.14990234375,3432.949951171875,3350.14990234375,3400.0,921345
2021-02-23,2826.115234375,3405.449951171875,3479.550048828125,3377.050048828125,3414.14990234375,1069537
2021-02-24,2856.115234375,3441.60009765625,3500.0,3351.10009765625,3440.0,823330
2021-02-25,2850.139892578125,3434.39990234375,3460.0,3402.25,3450.0,897962
2021-02-26,2675.533447265625,3224.0,3423.64990234375,3199.800048828125,3405.0,1880371
2021-03-01,2780.26416015625,3350.199951171875,3363.050048828125,3250.0,3255.0,1176879
2021-03-02,2884.9951171875,3476.39990234375,3490.0,3351.5,3352.0,1402320
2021-03-03,2841.80029296875,3424.35009765625,3510.89990234375,3394.0,3510.0,965062
2021-03-04,2838.065673828125,3419.85009765625,3460.0,3368.25,3398.0,934953
2021-03-05,2872.7958984375,3461.699951171875,3491.5,3394.0,3415.0,1017875
2021-03-08,2874.662841796875,3463.949951171875,3489.5,3422.699951171875,3461.64990234375,749107
2021-03-09,2862.132080078125,3448.85009765625,3490.0,3416.5,3465.050048828125,564852
2021-03-10,2837.650634765625,3419.35009765625,3475.0,3407.85009765625,3449.0,787897
2021-03-12,2780.554931640625,3350.550048828125,3419.0,3310.0,3355.0,1098158
2021-03-15,2708.853271484375,3264.14990234375,3369.39990234375,3243.0,3360.0,781236
2021-03-16,2701.30126953125,3255.050048828125,3300.0,3248.0,3298.949951171875,523881
2021-03-17,2647.774169921875,3190.550048828125,3278.89990234375,3175.0,3257.0,991815
2021-03-18,2578.603271484375,3107.199951171875,3217.699951171875,3072.300048828125,3217.699951171875,1472097
2021-03-19,2588.520751953125,3119.14990234375,3132.050048828125,3036.0,3085.0,1554560
2021-03-22,2569.184326171875,3095.85009765625,3143.949951171875,3081.14990234375,3131.60009765625,619756
2021-03-23,2545.61572265625,3067.449951171875,3132.0,3060.550048828125,3107.89990234375,944310
2021-03-24,2517.73193359375,3033.85009765625,3085.949951171875,3023.0,3068.0,975533
2021-03-25,2441.216552734375,2941.64990234375,3049.60009765625,2927.10009765625,3033.10009765625,1075251
2021-03-26,2438.021728515625,2937.800048828125,2982.800048828125,2931.0,2972.0,611318
2021-03-30,2459.64013671875,2963.85009765625,2976.35009765625,2916.60009765625,2934.949951171875,899455
2021-03-31,2417.938720703125,2913.60009765625,2962.0,2902.0,2955.60009765625,1212659
2021-04-01,2453.20849609375,2956.10009765625,3004.949951171875,2933.0,2949.0,1067722
2021-04-05,2395.781005859375,2886.89990234375,2972.949951171875,2866.60009765625,2961.0,1152927
2021-04-06,2396.65185546875,2887.949951171875,2928.0,2868.0,2900.0,788062
2021-04-07,2441.175048828125,2941.60009765625,2948.89990234375,2875.050048828125,2880.0,649751
2021-04-08,2429.88916015625,2928.0,2990.35009765625,2913.39990234375,2969.0,953450
2021-04-09,2417.357666015625,2912.89990234375,2948.0,2901.14990234375,2928.0,557093
2021-04-12,2312.129150390625,2786.10009765625,2889.949951171875,2741.10009765625,2874.0,859305
2021-04-13,2377.897216796875,2865.35009765625,2879.0,2773.25,2799.0,714921
2021-04-15,2375.5732421875,2862.550048828125,2890.0,2820.0,2852.0,683426
2021-04-16,2402.378662109375,2894.85009765625,2924.949951171875,2838.25,2838.25,709663
2021-04-19,2311.672607421875,2785.550048828125,2822.550048828125,2743.10009765625,2761.35009765625,740714
2021-04-20,2343.332275390625,2823.699951171875,2848.85009765625,2800.85009765625,2841.25,740095
2021-04-22,2366.112548828125,2851.14990234375,2882.550048828125,2750.0,2753.300048828125,1436707
2021-04-23,2376.818359375,2864.050048828125,2873.800048828125,2812.050048828125,2818.0,682515
2021-04-26,2377.23291015625,2864.550048828125,2878.39990234375,2830.0,2860.050048828125,831133
2021-04-27,2411.216796875,2905.5,2939.0,2870.25,2875.0,811184
2021-04-28,2428.436279296875,2926.25,3009.0,2915.050048828125,2928.0,1389833
2021-04-29,2373.54052734375,2860.10009765625,2963.800048828125,2850.050048828125,2963.800048828125,1009327
2021-04-30,2339.55615234375,2819.14990234375,2860.0,2805.0,2834.800048828125,670258
2021-05-03,2318.0625,2793.25,2848.0,2766.64990234375,2779.949951171875,668727
2021-05-04,2304.36962890625,2776.75,2819.75,2766.75,2794.0,642256
2021-05-05,2313.871337890625,2788.199951171875,2800.0,2768.0,2786.89990234375,365152
2021-05-06,2417.689208984375,2913.300048828125,2922.0,2802.14990234375,2818.0,2249529
2021-05-07,2374.120849609375,2860.800048828125,2995.0,2820.0,2948.949951171875,2287493
2021-05-10,2353.7890625,2836.300048828125,2879.0,2830.0,2860.800048828125,781259
2021-05-11,2355.490234375,2838.35009765625,2843.64990234375,2801.10009765625,2830.5,684120
2021-05-12,2356.98388671875,2840.14990234375,2858.0,2815.0,2839.800048828125,486996
2021-05-14,2333.913330078125,2812.35009765625,2851.89990234375,2802.75,2840.14990234375,518143
2021-05-17,2369.10009765625,2854.75,2884.39990234375,2813.0,2835.0,926624
2021-05-18,2412.419921875,2906.949951171875,2919.699951171875,2856.550048828125,2876.199951171875,1288013
2021-05-19,2419.10009765625,2915.0,2943.949951171875,2894.0,2915.0,717841
2021-05-20,2377.68896484375,2865.10009765625,2916.800048828125,2861.75,2911.35009765625,637388
2021-05-21,2393.706298828125,2884.39990234375,2890.10009765625,2835.0,2874.0,1658538
2021-05-24,2407.02587890625,2900.449951171875,2963.699951171875,2892.0,2920.0,1587246
2021-05-25,2431.29931640625,2929.699951171875,2944.85009765625,2907.39990234375,2924.89990234375,501532
2021-05-26,2460.34521484375,2964.699951171875,2986.75,2920.5,2942.0,817054
2021-05-27,2482.42041015625,2991.300048828125,3028.449951171875,2935.14990234375,2970.0,2097924
2021-05-28,2482.6279296875,2991.550048828125,3033.39990234375,2956.550048828125,3025.0,1077246
2021-05-31,2495.8642578125,3007.5,3015.0,2960.0,2989.0,662303
2021-06-01,2470.345703125,2976.75,3055.0,2966.0,3016.5,971553
2021-06-02,2466.901611328125,2972.60009765625,2993.0,2942.10009765625,2972.0,793261
2021-06-03,2496.570068359375,3008.35009765625,3014.0,2962.0,2984.0,851280
2021-06-04,2529.80615234375,3048.39990234375,3055.0,3004.85009765625,3005.0,1023321
2021-06-07,2533.001953125,3052.25,3076.60009765625,3040.75,3065.25,612460
2021-06-08,2536.072265625,3055.949951171875,3078.0,3040.35009765625,3058.0,555729
2021-06-09,2509.142822265625,3023.5,3090.0,3010.60009765625,3055.949951171875,845692
2021-06-10,2497.109375,3009.0,3043.89990234375,2999.0,3038.949951171875,567660
2021-06-11,2493.25048828125,3004.35009765625,3038.0,2995.0,3019.0,467264
2021-06-14,2477.731201171875,2985.64990234375,3016.949951171875,2943.0,3010.0,489598
2021-06-15,2495.490478515625,3007.050048828125,3025.0,2972.300048828125,2985.0,454939
2021-06-16,2469.22509765625,2975.39990234375,3014.85009765625,2970.0,3008.0,444814
2021-06-17,2418.35400390625,2914.10009765625,2958.949951171875,2902.0,2947.0,782315
2021-06-18,2399.47412109375,2891.35009765625,2945.0,2852.0,2914.10009765625,904203
2021-06-21,2402.378662109375,2894.85009765625,2913.0,2865.0,2870.0,577938
2021-06-22,2412.502685546875,2907.050048828125,2942.050048828125,2896.550048828125,2901.0,522538
2021-06-23,2430.179443359375,2928.35009765625,2995.0,2921.0,2958.949951171875,1911546
2021-06-24,2412.419921875,2906.949951171875,2940.0,2893.5,2940.0,844653
2021-06-25,2439.183837890625,2939.199951171875,2949.300048828125,2901.949951171875,2908.0,631005
2021-06-28,2442.87646484375,2943.64990234375,2958.39990234375,2929.39990234375,2957.0,407079
2021-06-29,2429.473876953125,2927.5,2957.550048828125,2915.0,2943.64990234375,470337
2021-06-30,2408.810302734375,2902.60009765625,2930.0,2897.39990234375,2925.0,758083
2021-07-01,2425.324462890625,2922.5,2947.0,2905.0,2905.0,634751
2021-07-02,2423.12548828125,2919.85009765625,2968.949951171875,2907.14990234375,2960.0,928741
2021-07-05,2438.2294921875,2938.050048828125,2951.89990234375,2925.10009765625,2936.89990234375,480881
2021-07-06,2422.6279296875,2919.25,2954.0,2912.39990234375,2937.0,452807
2021-07-07,2417.731201171875,2913.35009765625,2922.0,2891.199951171875,2919.0,668763
2021-07-08,2406.984130859375,2900.39990234375,2934.85009765625,2890.14990234375,2911.0,524837
2021-07-09,2403.996337890625,2896.800048828125,2919.64990234375,2876.050048828125,2900.39990234375,328728
2021-07-12,2405.15869140625,2898.199951171875,2926.0,2895.10009765625,2914.0,392467
2021-07-13,2410.05517578125,2904.10009765625,2919.0,2896.300048828125,2919.0,317264
2021-07-14,2407.233154296875,2900.699951171875,2920.0,2896.0,2920.0,429264
2021-07-15,2393.91357421875,2884.64990234375,2913.39990234375,2882.050048828125,2910.0,349469
2021-07-16,2410.552734375,2904.699951171875,2908.64990234375,2880.0,2887.0,459445
2021-07-19,2395.947021484375,2887.10009765625,2894.39990234375,2870.10009765625,2886.0,338468
2021-07-20,2356.029296875,2839.0,2899.0,2828.0,2888.0,481836
2021-07-22,2384.807373046875,2838.25,2847.0,2806.199951171875,2835.050048828125,613062
2021-07-23,2382.0771484375,2835.0,2864.0,2821.0,2850.050048828125,430659
2021-07-26,2361.281005859375,2810.25,2833.85009765625,2808.0,2830.0,313614
2021-07-27,2347.5009765625,2793.85009765625,2826.25,2790.5,2821.800048828125,427442
2021-07-28,2333.93115234375,2777.699951171875,2805.949951171875,2761.0,2796.300048828125,415048
2021-07-29,2307.0439453125,2745.699951171875,2784.800048828125,2740.0,2784.800048828125,611448
2021-07-30,2321.83154296875,2763.300048828125,2802.0,2745.699951171875,2764.0,745920
2021-08-02,2337.712158203125,2782.199951171875,2796.800048828125,2765.25,2770.10009765625,464874
2021-08-03,2368.717041015625,2819.10009765625,2822.0,2784.300048828125,2784.300048828125,530085
2021-08-04,2357.289794921875,2805.5,2834.300048828125,2801.0,2831.800048828125,308031
2021-08-05,2368.465087890625,2818.800048828125,2831.699951171875,2785.0,2806.0,316844
2021-08-06,2381.069091796875,2833.800048828125,2851.050048828125,2811.699951171875,2830.0,445529
2021-08-09,2383.16943359375,2836.300048828125,2865.89990234375,2825.0,2850.0,422204
2021-08-10,2350.18994140625,2797.050048828125,2843.85009765625,2790.0,2843.85009765625,574570
2021-08-11,2337.208251953125,2781.60009765625,2814.85009765625,2751.25,2810.0,551805
2021-08-12,2338.34228515625,2782.949951171875,2801.25,2775.0,2800.0,410605
2021-08-13,2329.31005859375,2772.199951171875,2814.39990234375,2752.0,2796.85009765625,1083905
2021-08-16,2308.4296875,2747.35009765625,2777.89990234375,2741.800048828125,2775.0,396756
2021-08-17,2338.048583984375,2782.60009765625,2790.0,2713.0,2754.0,877329
2021-08-18,2322.083984375,2763.60009765625,2795.0,2752.5,2790.5,613650
2021-08-20,2266.5439453125,2697.5,2741.0,2681.199951171875,2681.199951171875,809463
2021-08-23,2252.343994140625,2680.60009765625,2710.89990234375,2656.5,2701.0,758426
2021-08-24,2248.353271484375,2675.85009765625,2695.0,2652.0,2681.0,567946
2021-08-25,2246.75634765625,2673.949951171875,2708.0,2670.0,2683.0,407780
2021-08-26,2224.573974609375,2647.550048828125,2680.0,2642.5,2675.0,445529
2021-08-27,2246.8408203125,2674.050048828125,2679.89990234375,2636.0,2648.0,517155
2021-08-30,2290.701171875,2726.25,2729.0,2680.0,2680.0,518747
2021-08-31,2303.80908203125,2741.85009765625,2746.0,2701.10009765625,2727.0,708031
2021-09-01,2302.968505859375,2740.85009765625,2764.0,2730.60009765625,2759.0,442282
2021-09-02,2294.146240234375,2730.35009765625,2738.85009765625,2702.60009765625,2725.0,422436
2021-09-03,2352.206298828125,2799.449951171875,2813.949951171875,2732.0,2732.0,981491
2021-09-06,2367.12060546875,2817.199951171875,2830.0,2801.0,2824.800048828125,580935
2021-09-07,2350.77783203125,2797.75,2825.0,2791.0,2818.25,311022
2021-09-08,2351.282470703125,2798.35009765625,2809.800048828125,2780.0,2799.0,341207
2021-09-09,2349.895751953125,2796.699951171875,2806.300048828125,2763.0,2783.0,403669
2021-09-13,2344.09814453125,2789.800048828125,2812.89990234375,2770.0,2770.0,279930
2021-09-14,2396.109130859375,2851.699951171875,2861.0,2800.0,2800.0,880592
2021-09-15,2415.644775390625,2874.949951171875,2885.0,2860.0,2860.0,681873
2021-09-16,2453.83349609375,2920.39990234375,2926.0,2881.89990234375,2889.0,1118060
2021-09-17,2463.664306640625,2932.10009765625,2954.449951171875,2896.64990234375,2941.0,1024040
2021-09-20,2427.8701171875,2889.5,2920.0,2873.550048828125,2920.0,442234
2021-09-21,2395.05859375,2850.449951171875,2895.0,2814.39990234375,2890.0,580932
2021-09-22,2392.328125,2847.199951171875,2860.0,2825.10009765625,2850.0,561230
2021-09-23,2397.243408203125,2853.050048828125,2882.0,2847.25,2850.0,448036
2021-09-24,2380.7744140625,2833.449951171875,2862.300048828125,2817.35009765625,2850.0,603710
2021-09-27,2447.5732421875,2912.949951171875,2928.0,2841.0,2841.0,1187306
2021-09-28,2453.95947265625,2920.550048828125,2939.0,2891.0,2927.949951171875,788979
2021-09-29,2425.05517578125,2886.14990234375,2920.550048828125,2865.5,2915.0,613787
2021-09-30,2379.97607421875,2832.5,2878.85009765625,2827.199951171875,2857.300048828125,920513
2021-10-01,2392.958251953125,2847.949951171875,2851.0,2802.25,2827.199951171875,329726
2021-10-04,2399.343994140625,2855.550048828125,2870.0,2850.0,2861.550048828125,386779
2021-10-05,2390.101318359375,2844.550048828125,2859.64990234375,2840.0,2853.0,316991
2021-10-06,2351.114013671875,2798.14990234375,2850.0,2781.0,2840.0,468624
2021-10-07,2387.664306640625,2841.64990234375,2859.35009765625,2810.0,2820.0,552458
2021-10-08,2388.043212890625,2842.10009765625,2872.0,2840.0,2867.75,300133
2021-10-11,2401.234619140625,2857.800048828125,2878.550048828125,2843.199951171875,2845.0,658779
2021-10-12,2450.6826171875,2916.64990234375,2927.5,2855.25,2873.89990234375,956819
2021-10-13,2457.866455078125,2925.199951171875,2946.85009765625,2907.050048828125,2926.0,754779
2021-10-14,2460.05126953125,2927.800048828125,2944.14990234375,2900.0,2934.0,572466
2021-10-18,2440.137939453125,2904.10009765625,2950.0,2896.199951171875,2939.0,440831
2021-10-19,2416.568603515625,2876.050048828125,2930.0,2865.5,2904.10009765625,447221
2021-10-20,2366.1123046875,2816.0,2876.0,2802.0,2863.0,424722
2021-10-21,2316.454345703125,2756.89990234375,2835.0,2725.0,2835.0,737326
2021-10-22,2305.740966796875,2744.14990234375,2800.0,2727.449951171875,2774.0,387942
2021-10-25,2257.5537109375,2686.800048828125,2754.85009765625,2679.050048828125,2743.949951171875,326076
2021-10-26,2269.06494140625,2700.5,2708.0,2685.0,2696.89990234375,282346
2021-10-27,2260.3681640625,2690.14990234375,2729.35009765625,2682.0,2713.949951171875,444512
2021-10-28,2241.546875,2667.75,2713.800048828125,2660.0,2713.800048828125,366561
2021-10-29,2232.598388671875,2657.10009765625,2702.85009765625,2639.0,2681.0,614962
2021-11-01,2252.42822265625,2680.699951171875,2692.800048828125,2642.0,2675.0,502481
2021-11-02,2255.452880859375,2684.300048828125,2701.550048828125,2676.550048828125,2695.0,813089
2021-11-03,2219.44873046875,2641.449951171875,2697.0,2640.0,2697.0,504184
2021-11-04,2249.7392578125,2677.5,2685.0,2650.0,2650.0,93301
2021-11-08,2254.276611328125,2682.89990234375,2709.699951171875,2670.5,2707.699951171875,644351
2021-11-09,2280.70263671875,2714.35009765625,2750.0,2683.60009765625,2694.949951171875,723569
2021-11-10,2284.441162109375,2718.800048828125,2731.949951171875,2701.85009765625,2714.0,390217
2021-11-11,2269.400634765625,2700.89990234375,2725.0,2685.60009765625,2725.0,264937
2021-11-12,2254.40283203125,2683.050048828125,2720.0,2680.0,2720.0,352693
2021-11-15,2262.972900390625,2693.25,2784.800048828125,2686.0,2735.0,2023708
2021-11-16,2311.412841796875,2750.89990234375,2769.0,2701.0,2712.199951171875,1246961
2021-11-17,2310.110107421875,2749.35009765625,2773.64990234375,2731.85009765625,2750.89990234375,570038
2021-11-18,2255.915283203125,2684.85009765625,2763.0,2667.14990234375,2760.0,559569
2021-11-22,2213.693115234375,2634.60009765625,2698.199951171875,2618.699951171875,2685.0,636253
2021-11-23,2211.676513671875,2632.199951171875,2646.89990234375,2600.0,2624.949951171875,626376
2021-11-24,2202.3076171875,2621.050048828125,2657.89990234375,2613.0,2646.5,564230
2021-11-25,2180.16748046875,2594.699951171875,2640.0,2581.10009765625,2640.0,625134
2021-11-26,2125.2998046875,2529.39990234375,2589.699951171875,2505.14990234375,2580.0,685448
2021-11-29,2092.866943359375,2490.800048828125,2528.949951171875,2446.14990234375,2525.0,594113
2021-11-30,2057.996826171875,2449.300048828125,2512.64990234375,2424.050048828125,2476.0,1527406
2021-12-01,2057.072509765625,2448.199951171875,2480.0,2437.050048828125,2480.0,769987
2021-12-02,2077.658447265625,2472.699951171875,2483.199951171875,2408.89990234375,2428.0,921229
2021-12-03,2069.0458984375,2462.449951171875,2497.449951171875,2451.050048828125,2485.0,499760
2021-12-06,2033.3778076171875,2420.0,2475.39990234375,2411.64990234375,2474.75,347297
2021-12-07,2068.5,2461.800048828125,2475.0,2430.10009765625,2435.0,347226
2021-12-08,2092.740478515625,2490.64990234375,2500.0,2460.14990234375,2460.14990234375,308181
2021-12-09,2118.199951171875,2520.949951171875,2528.89990234375,2481.39990234375,2510.0,402958
2021-12-10,2123.15771484375,2526.85009765625,2544.800048828125,2512.89990234375,2520.699951171875,327197
2021-12-13,2096.395751953125,2495.0,2552.0,2490.0,2550.0,332491
2021-12-14,2086.9853515625,2483.800048828125,2488.0,2460.0,2480.0,365318
2021-12-15,2106.604736328125,2507.14990234375,2524.0,2476.14990234375,2484.10009765625,470021
2021-12-16,2076.314208984375,2471.10009765625,2525.0,2459.300048828125,2513.0,496003
2021-12-17,2054.08984375,2444.64990234375,2469.0,2421.0,2469.0,492339
2021-12-20,1980.1490478515625,2356.64990234375,2435.0,2310.0,2435.0,687713
2021-12-21,1972.37646484375,2347.39990234375,2390.0,2333.050048828125,2390.0,401977
2021-12-22,1973.5526123046875,2348.800048828125,2366.0,2337.300048828125,2355.0,367785
2021-12-23,2010.4395751953125,2392.699951171875,2403.0,2352.5,2365.0,472868
2021-12-24,2010.229248046875,2392.449951171875,2413.0,2376.60009765625,2413.0,343453
2021-12-27,2018.2532958984375,2402.0,2410.199951171875,2371.0,2390.0,223494
2021-12-28,2031.529296875,2417.800048828125,2425.0,2395.89990234375,2404.0,265463
2021-12-29,2044.5108642578125,2433.25,2442.800048828125,2410.0,2421.0,270407
2021-12-30,2043.37646484375,2431.89990234375,2437.85009765625,2412.35009765625,2425.0,366389
2021-12-31,2068.751953125,2462.10009765625,2483.60009765625,2432.0,2432.0,253608
2022-01-03,2080.935302734375,2476.60009765625,2496.5,2463.0,2463.0,234912
2022-01-04,2087.9091796875,2484.89990234375,2496.60009765625,2468.39990234375,2492.0,181575
2022-01-05,2105.638671875,2506.0,2512.949951171875,2477.949951171875,2484.949951171875,294097
2022-01-06,2097.236083984375,2496.0,2509.0,2464.0,2490.0,406402
2022-01-07,2099.841064453125,2499.10009765625,2515.5,2482.0,2509.0,308537
2022-01-10,2166.22021484375,2578.10009765625,2584.0,2489.300048828125,2489.300048828125,783876
2022-01-11,2157.943115234375,2568.25,2592.14990234375,2560.800048828125,2584.64990234375,372092
2022-01-12,2176.638427734375,2590.5,2595.0,2562.0,2575.0,410716
2022-01-13,2179.2431640625,2593.60009765625,2600.0,2570.0,2599.0,243121
2022-01-14,2159.161865234375,2569.699951171875,2594.800048828125,2555.0,2590.0,267065
2022-01-17,2269.905029296875,2701.5,2724.449951171875,2591.449951171875,2599.0,2357848
2022-01-18,2262.63720703125,2692.85009765625,2727.0,2655.199951171875,2703.0,1082632
2022-01-19,2268.47705078125,2699.800048828125,2740.0,2675.050048828125,2695.0,763040
2022-01-20,2276.585205078125,2709.449951171875,2759.25,2696.050048828125,2700.0,1022978
2022-01-21,2310.740478515625,2750.10009765625,2777.0,2657.25,2703.699951171875,1170753
2022-01-24,2273.85400390625,2706.199951171875,2769.39990234375,2667.550048828125,2740.0,593277
2022-01-25,2337.58642578125,2782.050048828125,2789.0,2652.85009765625,2704.10009765625,971148
2022-01-27,2281.248291015625,2715.0,2770.0,2689.0,2733.0,559824
2022-01-28,2245.244384765625,2672.14990234375,2755.0,2663.050048828125,2720.199951171875,466238
2022-01-31,2289.062744140625,2724.300048828125,2734.050048828125,2680.14990234375,2680.14990234375,442531
2022-02-01,2291.120849609375,2726.75,2769.800048828125,2678.0,2748.0,414159
2022-02-02,2270.6611328125,2702.39990234375,2743.39990234375,2698.0,2703.0,283071
2022-02-03,2337.1240234375,2781.5,2817.949951171875,2684.0,2704.300048828125,1436881
2022-02-04,2286.919677734375,2721.75,2780.0,2712.75,2765.0,585251
2022-02-07,2224.994384765625,2648.050048828125,2734.0,2625.0,2721.75,688838
2022-02-08,2245.075927734375,2671.949951171875,2691.64990234375,2650.0,2660.550048828125,625615
2022-02-09,2292.8857421875,2728.85009765625,2736.60009765625,2673.050048828125,2680.39990234375,359950
2022-02-10,2297.297119140625,2734.10009765625,2751.0,2701.050048828125,2745.39990234375,448648
2022-02-11,2284.273681640625,2718.60009765625,2747.0,2655.0,2670.0,1235994
2022-02-14,2225.3720703125,2648.5,2703.14990234375,2630.75,2681.0,576694
2022-02-15,2334.729736328125,2778.64990234375,2787.85009765625,2630.0,2650.0,1131545
2022-02-16,2341.57763671875,2786.800048828125,2844.60009765625,2766.199951171875,2766.199951171875,1127829
2022-02-17,2347.165283203125,2793.449951171875,2872.300048828125,2780.550048828125,2800.0,1166885
2022-02-18,2330.864501953125,2774.050048828125,2818.0,2748.949951171875,2780.0,662754
2022-02-21,2330.26318359375,2713.35009765625,2748.0,2685.0,2719.949951171875,522214
2022-02-22,2345.42138671875,2731.0,2752.0,2646.050048828125,2674.949951171875,644900
2022-02-23,2293.591796875,2670.64990234375,2762.449951171875,2665.0,2745.0,631227
2022-02-24,2138.790771484375,2490.39990234375,2624.60009765625,2440.0,2618.60009765625,1934361
2022-02-25,2197.189697265625,2558.39990234375,2592.0,2504.699951171875,2584.699951171875,715496
2022-02-28,2177.480224609375,2535.449951171875,2546.949951171875,2489.050048828125,2527.0,1008620
2022-03-02,2083.740478515625,2426.300048828125,2498.5,2421.0,2498.0,855090
2022-03-03,2076.09716796875,2417.39990234375,2468.0,2405.0,2441.0,831912
2022-03-04,1984.977294921875,2311.300048828125,2403.60009765625,2301.10009765625,2400.0,1266961
2022-03-07,1888.274658203125,2198.699951171875,2289.800048828125,2170.10009765625,2289.800048828125,1284637
2022-03-08,1933.74853515625,2251.64990234375,2259.25,2146.85009765625,2181.0,1081826
2022-03-09,1967.1138916015625,2290.5,2310.60009765625,2235.14990234375,2266.0,670764
2022-03-10,1993.092529296875,2320.75,2410.449951171875,2312.050048828125,2350.0,716132
2022-03-11,2002.0672607421875,2331.199951171875,2345.0,2287.10009765625,2318.0,467988
2022-03-14,2011.2567138671875,2341.89990234375,2351.0,2282.300048828125,2330.0,382149
2022-03-15,1991.0745849609375,2318.39990234375,2380.0,2300.0,2345.0,612285
2022-03-16,2034.9599609375,2369.5,2376.5,2335.0,2350.199951171875,493507
2022-03-17,2078.244384765625,2419.89990234375,2429.25,2375.0,2383.0,781757
2022-03-21,2053.896728515625,2391.550048828125,2447.949951171875,2380.0,2434.75,516893
2022-03-22,2081.46435546875,2423.64990234375,2435.0,2345.050048828125,2405.0,470208
2022-03-23,2056.55908203125,2394.64990234375,2439.800048828125,2327.199951171875,2423.0,1137046
2022-03-24,2071.58837890625,2412.14990234375,2427.25,2333.0,2361.0,692836
2022-03-25,2042.6033935546875,2378.39990234375,2438.0,2366.75,2420.0,467568
2022-03-28,2042.2171630859375,2377.949951171875,2397.85009765625,2349.0,2370.0,493636
2022-03-29,1898.537353515625,2210.64990234375,2401.0,2154.050048828125,2385.0,2475877
2022-03-30,1950.9248046875,2271.64990234375,2281.0,2226.39990234375,2250.0,3115035
2022-03-31,1970.2484130859375,2294.14990234375,2316.89990234375,2280.0,2280.0,1338490
2022-04-01,1923.872314453125,2240.14990234375,2246.0,2150.0,2185.0,3541517
2022-04-04,1985.3631591796875,2311.75,2319.0,2250.0,2250.0,1417392
2022-04-05,2002.96923828125,2332.25,2352.64990234375,2315.0,2329.89990234375,715666
2022-04-06,2015.551025390625,2346.89990234375,2349.14990234375,2306.550048828125,2328.0,812337
2022-04-07,2018.728515625,2350.60009765625,2368.199951171875,2336.85009765625,2350.0,853476
2022-04-08,2028.9052734375,2362.449951171875,2380.0,2330.550048828125,2355.0,694946
2022-04-11,2005.6744384765625,2335.39990234375,2361.75,2331.14990234375,2357.949951171875,408871
2022-04-12,1973.468505859375,2297.89990234375,2325.949951171875,2285.5,2324.949951171875,502227
2022-04-13,1953.2864990234375,2274.39990234375,2311.14990234375,2268.89990234375,2291.550048828125,426929
2022-04-18,1962.73388671875,2285.39990234375,2294.949951171875,2249.14990234375,2269.89990234375,422209
2022-04-19,1943.7110595703125,2263.25,2327.5,2242.39990234375,2308.0,484466
2022-04-20,1953.67333984375,2274.85009765625,2315.0,2261.64990234375,2270.0,424461
2022-04-21,1990.4302978515625,2317.64990234375,2321.75,2277.0,2282.0,341987
2022-04-22,1970.33447265625,2294.25,2305.0,2273.64990234375,2295.0,598737
2022-04-25,1965.482421875,2288.60009765625,2332.949951171875,2266.0,2268.300048828125,596296
2022-04-26,2067.380615234375,2407.25,2413.0,2301.300048828125,2311.0,1311255
2022-04-27,2147.035400390625,2500.0,2528.60009765625,2370.0,2390.0,2082863
2022-04-28,2161.892578125,2517.300048828125,2541.949951171875,2498.050048828125,2539.800048828125,1182758
2022-04-29,2152.74658203125,2506.64990234375,2552.0,2491.449951171875,2508.60009765625,839920
2022-05-02,2136.12841796875,2487.300048828125,2505.60009765625,2448.10009765625,2460.199951171875,667551
2022-05-04,2069.312255859375,2409.5,2520.0,2398.800048828125,2440.0,1263034
2022-05-05,2148.4521484375,2501.64990234375,2538.14990234375,2430.10009765625,2430.10009765625,1675043
2022-05-06,2201.441162109375,2563.35009765625,2599.0,2407.25,2410.0,2491483
2022-05-09,2140.808837890625,2492.75,2560.0,2486.0,2555.0,996952
2022-05-10,2121.05615234375,2469.75,2519.35009765625,2458.60009765625,2485.0,644415
2022-05-11,2121.5283203125,2470.300048828125,2519.39990234375,2407.89990234375,2465.5,575504
2022-05-12,2062.1845703125,2401.199951171875,2459.0,2371.0,2459.0,966472
2022-05-13,2103.3642578125,2449.14990234375,2500.0,2414.949951171875,2414.949951171875,691344
2022-05-16,2143.513916015625,2495.89990234375,2511.949951171875,2440.0,2450.050048828125,473407
2022-05-17,2167.21728515625,2523.5,2538.85009765625,2502.050048828125,2515.0,517525
2022-05-18,2180.52880859375,2539.0,2554.199951171875,2511.800048828125,2525.35009765625,332168
2022-05-19,2160.346923828125,2515.5,2549.0,2500.550048828125,2510.10009765625,556405
2022-05-20,2224.457275390625,2590.14990234375,2613.39990234375,2545.0,2545.0,751633
2022-05-23,2254.12939453125,2624.699951171875,2699.949951171875,2610.550048828125,2615.050048828125,744827
2022-05-24,2264.692626953125,2637.0,2654.0,2613.39990234375,2629.949951171875,616849
2022-05-25,2228.364990234375,2594.699951171875,2669.25,2583.64990234375,2640.199951171875,525893
2022-05-26,2264.220703125,2636.449951171875,2647.35009765625,2575.0,2608.0,362813
2022-05-27,2335.802490234375,2719.800048828125,2726.89990234375,2638.0,2645.14990234375,654718
2022-05-30,2379.387451171875,2770.550048828125,2787.449951171875,2724.0,2724.0,924244
2022-05-31,2382.264404296875,2773.89990234375,2809.949951171875,2752.14990234375,2774.89990234375,1859231
2022-06-01,2368.265625,2757.60009765625,2799.89990234375,2731.5,2799.89990234375,430807
2022-06-02,2287.107666015625,2663.10009765625,2733.0,2640.39990234375,2730.60009765625,1093645
2022-06-03,2218.9609375,2583.75,2688.699951171875,2575.14990234375,2675.0,753558
2022-06-06,2182.0322265625,2540.75,2594.449951171875,2525.10009765625,2565.0,965347
2022-06-07,2207.88232421875,2570.85009765625,2578.050048828125,2500.0,2525.0,550257
2022-06-08,2220.850341796875,2585.949951171875,2617.050048828125,2553.35009765625,2584.0,539786
2022-06-09,2231.28515625,2598.10009765625,2603.550048828125,2560.0,2579.949951171875,327503
2022-06-10,2234.59130859375,2601.949951171875,2614.39990234375,2575.449951171875,2580.0,324452
2022-06-13,2231.88623046875,2598.800048828125,2612.300048828125,2536.550048828125,2560.0,625967
2022-06-14,2196.5029296875,2557.60009765625,2614.89990234375,2530.0,2595.949951171875,509259
2022-06-15,2237.46826171875,2605.300048828125,2628.0,2557.60009765625,2567.0,673444
2022-06-16,2163.39599609375,2519.050048828125,2624.25,2511.050048828125,2620.5,493824
2022-06-17,2119.03759765625,2467.39990234375,2518.0,2455.64990234375,2518.0,725864
2022-06-20,2106.284912109375,2452.550048828125,2501.449951171875,2433.89990234375,2455.10009765625,377385
2022-06-21,2146.347900390625,2499.199951171875,2524.85009765625,2465.0,2465.0,381831
2022-06-22,2168.033203125,2524.449951171875,2553.5,2480.0,2495.0,873408
2022-06-23,2296.554931640625,2674.10009765625,2686.64990234375,2572.550048828125,2572.550048828125,1846048
2022-06-24,2370.2841796875,2759.949951171875,2767.699951171875,2690.199951171875,2715.0,1354569
2022-06-27,2366.46240234375,2755.5,2809.0,2730.60009765625,2787.550048828125,1005184
2022-06-28,2376.080810546875,2766.699951171875,2792.699951171875,2730.0,2748.0,714029
2022-06-29,2363.7998046875,2752.39990234375,2784.75,2730.0,2740.050048828125,653929
2022-06-30,2335.716552734375,2719.699951171875,2773.0,2714.0,2745.0,643735
2022-07-01,2373.590576171875,2763.800048828125,2770.0,2683.35009765625,2715.0,393346
2022-07-04,2370.713134765625,2760.449951171875,2799.0,2738.89990234375,2750.0,499627
2022-07-05,2350.7890625,2737.25,2770.85009765625,2730.0,2763.300048828125,401190
2022-07-06,2431.989990234375,2831.800048828125,2842.0,2734.10009765625,2737.5,739745
2022-07-07,2438.559814453125,2839.449951171875,2868.75,2825.14990234375,2857.0,382303
2022-07-08,2447.019287109375,2849.300048828125,2879.949951171875,2819.050048828125,2848.39990234375,532145
2022-07-11,2463.1650390625,2868.10009765625,2875.39990234375,2808.050048828125,2815.0,428940
2022-07-12,2469.520263671875,2875.5,2884.550048828125,2834.0,2854.5,422887
2022-07-13,2441.908935546875,2843.35009765625,2891.800048828125,2835.0,2885.0,539917
2022-07-14,2398.495849609375,2792.800048828125,2866.0,2772.050048828125,2838.0,620757
2022-07-15,2404.722412109375,2800.050048828125,2816.449951171875,2782.75,2799.949951171875,816619
2022-07-18,2420.094970703125,2817.949951171875,2835.85009765625,2805.25,2829.949951171875,369313
2022-07-19,2405.7099609375,2801.199951171875,2846.85009765625,2783.449951171875,2815.0,661056
2022-07-20,2427.65234375,2826.75,2838.75,2810.0,2820.0,201509
2022-07-21,2445.73095703125,2847.800048828125,2854.0,2815.050048828125,2820.0,314132
2022-07-22,2466.17041015625,2871.60009765625,2883.39990234375,2840.300048828125,2851.050048828125,576270
2022-07-25,2438.044189453125,2838.85009765625,2875.800048828125,2831.449951171875,2875.0,421977
2022-07-26,2405.32373046875,2800.75,2847.699951171875,2785.64990234375,2840.0,347002
2022-07-27,2419.934326171875,2782.550048828125,2787.949951171875,2730.35009765625,2765.0,498259
2022-07-28,2418.325439453125,2780.699951171875,2812.0,2754.39990234375,2798.0,294368
2022-07-29,2450.807861328125,2818.050048828125,2846.800048828125,2789.60009765625,2800.0,400652
2022-08-01,2470.59326171875,2840.800048828125,2908.0,2820.0,2834.949951171875,961562
2022-08-02,2410.28076171875,2771.449951171875,2828.949951171875,2742.050048828125,2826.10009765625,1137765
2022-08-03,2436.76220703125,2801.89990234375,2807.800048828125,2749.39990234375,2786.0,600314
2022-08-04,2441.197998046875,2807.0,2827.949951171875,2779.14990234375,2819.89990234375,396416
2022-08-05,2409.62890625,2770.699951171875,2809.89990234375,2761.0,2808.0,512072
2022-08-08,2381.233154296875,2738.050048828125,2793.300048828125,2730.0,2770.0,675310
2022-08-10,2413.759521484375,2775.449951171875,2785.0,2732.89990234375,2785.0,895054
2022-08-11,2422.325927734375,2785.300048828125,2818.0,2767.39990234375,2790.35009765625,422152
2022-08-12,2401.975341796875,2761.89990234375,2795.0,2751.85009765625,2789.949951171875,435760
2022-08-16,2449.89453125,2817.0,2845.64990234375,2781.5,2805.0,1213957
2022-08-17,2533.775634765625,2913.449951171875,2929.0,2808.050048828125,2815.0,2510869
2022-08-18,2529.2099609375,2908.199951171875,2938.60009765625,2903.14990234375,2927.949951171875,805655
2022-08-19,2468.72314453125,2838.64990234375,2936.89990234375,2832.85009765625,2912.0,510610
2022-08-22,2418.195068359375,2780.550048828125,2835.64990234375,2765.550048828125,2835.0,570304
2022-08-23,2438.067138671875,2803.39990234375,2810.0,2756.14990234375,2775.0,396875
2022-08-24,2440.633056640625,2806.35009765625,2824.0,2780.0,2781.35009765625,324008
2022-08-25,2434.936279296875,2799.800048828125,2821.050048828125,2791.89990234375,2808.10009765625,363945
2022-08-26,2458.373779296875,2826.75,2840.89990234375,2817.050048828125,2835.0,475372
2022-08-29,2458.63525390625,2827.050048828125,2831.949951171875,2761.10009765625,2788.89990234375,339203
2022-08-30,2467.896728515625,2837.699951171875,2864.0,2831.550048828125,2842.0,918526
2022-09-01,2501.771484375,2876.64990234375,2882.199951171875,2792.89990234375,2820.0,838699
2022-09-02,2456.982666015625,2825.14990234375,2889.0,2820.10009765625,2888.300048828125,776170
2022-09-05,2471.680419921875,2842.050048828125,2848.0,2808.050048828125,2828.0,930716
2022-09-06,2492.98779296875,2866.550048828125,2869.75,2827.800048828125,2842.050048828125,481401
2022-09-07,2482.725341796875,2854.75,2875.0,2831.0,2840.0,551689
2022-09-08,2484.94287109375,2857.300048828125,2873.5,2846.0,2869.050048828125,519141
2022-09-09,2468.54931640625,2838.449951171875,2878.25,2832.699951171875,2871.60009765625,522672
2022-09-12,2485.464599609375,2857.89990234375,2869.89990234375,2841.35009765625,2847.0,313906
2022-09-13,2495.988037109375,2870.0,2903.0,2832.0,2836.0,766550
2022-09-14,2479.89892578125,2851.5,2869.699951171875,2830.0,2830.0,519643
2022-09-15,2426.674072265625,2790.300048828125,2855.0,2766.550048828125,2855.0,1010823
2022-09-16,2335.270751953125,2685.199951171875,2804.300048828125,2670.0,2804.300048828125,1906557
2022-09-19,2351.968017578125,2704.39990234375,2724.949951171875,2664.85009765625,2698.64990234375,534862
2022-09-20,2410.36767578125,2771.550048828125,2823.25,2714.64990234375,2717.949951171875,1009201
2022-09-21,2414.802978515625,2776.64990234375,2807.949951171875,2767.60009765625,2785.0,447919
2022-09-22,2415.063720703125,2776.949951171875,2799.35009765625,2733.0,2776.64990234375,328914
2022-09-23,2402.106201171875,2762.050048828125,2812.25,2742.39990234375,2790.89990234375,408930
2022-09-26,2366.709716796875,2721.35009765625,2754.85009765625,2670.199951171875,2740.0,610918
2022-09-27,2294.43896484375,2638.25,2735.0,2630.0,2735.0,740040
2022-09-28,2253.651123046875,2591.35009765625,2625.0,2575.10009765625,2600.0,923391
2022-09-29,2205.775390625,2536.300048828125,2604.35009765625,2525.0,2600.050048828125,1057406
2022-09-30,2216.993896484375,2549.199951171875,2592.14990234375,2510.0,2549.0,706844
2022-10-03,2196.426025390625,2525.550048828125,2573.949951171875,2520.449951171875,2538.5,658511
2022-10-04,2280.133056640625,2621.800048828125,2627.89990234375,2561.10009765625,2580.0,391128
2022-10-06,2301.2666015625,2646.10009765625,2663.64990234375,2630.25,2654.0,463669
2022-10-07,2282.872314453125,2624.949951171875,2734.89990234375,2609.89990234375,2684.89990234375,1065099
2022-10-10,2235.517822265625,2570.5,2599.800048828125,2531.39990234375,2599.800048828125,1076512
2022-10-11,2216.080810546875,2548.14990234375,2575.5,2533.800048828125,2575.0,407068
2022-10-12,2217.733154296875,2550.050048828125,2564.449951171875,2516.10009765625,2550.0,401910
2022-10-13,2214.602294921875,2546.449951171875,2574.300048828125,2532.0,2553.0,239037
2022-10-14,2205.427001953125,2535.89990234375,2585.0,2529.050048828125,2575.5,250851
2022-10-17,2220.907470703125,2553.699951171875,2570.0,2521.550048828125,2524.0,257635
2022-10-18,2228.1259765625,2562.0,2596.75,2534.699951171875,2566.5,454003
2022-10-19,2210.036376953125,2541.199951171875,2574.0,2532.199951171875,2574.0,375698
2022-10-20,2231.213134765625,2565.550048828125,2570.0,2502.75,2536.449951171875,364460
2022-10-21,2234.953125,2569.85009765625,2577.0,2547.949951171875,2571.0,360297
2022-10-24,2245.432373046875,2581.89990234375,2590.0,2575.0,2586.0,35097
2022-10-25,2248.650146484375,2585.60009765625,2602.0,2566.050048828125,2586.10009765625,410336
2022-10-27,2270.52294921875,2610.75,2620.0,2577.050048828125,2598.0,473043
2022-10-28,2304.527587890625,2649.85009765625,2674.35009765625,2619.0,2623.85009765625,717856
2022-10-31,2328.008544921875,2676.85009765625,2694.14990234375,2656.5,2668.0,511816
2022-11-01,2324.791259765625,2673.14990234375,2690.85009765625,2639.300048828125,2690.25,368266
2022-11-02,2299.396240234375,2643.949951171875,2657.199951171875,2630.35009765625,2649.949951171875,565598
2022-11-03,2301.4833984375,2646.35009765625,2668.39990234375,2628.0,2639.0,311401
2022-11-04,2251.520263671875,2588.89990234375,2637.199951171875,2573.449951171875,2621.0,855256
2022-11-07,2279.48046875,2621.050048828125,2625.0,2590.0,2599.0,314060
2022-11-09,2305.962158203125,2651.5,2656.550048828125,2622.050048828125,2630.0,459177
2022-11-10,2359.01318359375,2712.5,2722.0,2626.35009765625,2651.449951171875,706321
2022-11-11,2320.746826171875,2668.5,2731.949951171875,2660.050048828125,2726.10009765625,474615
2022-11-14,2338.053466796875,2688.39990234375,2708.0,2655.89990234375,2670.5,352558
2022-11-15,2374.884521484375,2730.75,2754.050048828125,2692.0,2694.5,1012827
2022-11-16,2382.45068359375,2739.449951171875,2755.0,2709.050048828125,2730.550048828125,647740
2022-11-17,2386.408203125,2744.0,2765.10009765625,2727.199951171875,2741.0,517393
2022-11-18,2368.275390625,2723.14990234375,2739.10009765625,2702.60009765625,2735.0,469583
2022-11-21,2328.530517578125,2677.449951171875,2722.5,2665.0,2715.0,467604
2022-11-22,2335.48828125,2685.449951171875,2690.85009765625,2667.0,2669.800048828125,361527
2022-11-23,2312.354736328125,2658.85009765625,2697.5,2648.75,2691.0,264132
2022-11-24,2324.748046875,2673.10009765625,2680.64990234375,2645.800048828125,2665.0,498023
2022-11-25,2355.22998046875,2708.14990234375,2716.75,2663.5,2673.0,423634
2022-11-28,2420.76025390625,2783.5,2804.0,2712.050048828125,2719.949951171875,1223958
2022-11-29,2459.6787109375,2828.25,2837.949951171875,2773.10009765625,2783.14990234375,731879
2022-11-30,2480.24658203125,2851.89990234375,2861.0,2820.10009765625,2831.949951171875,1379225
2022-12-01,2497.553466796875,2871.800048828125,2884.0,2826.60009765625,2855.0,782249
2022-12-02,2452.895263671875,2820.449951171875,2865.0,2813.0,2865.0,526214
2022-12-05,2459.156982421875,2827.64990234375,2832.89990234375,2785.64990234375,2810.0,397713
2022-12-06,2434.06640625,2798.800048828125,2825.0,2778.050048828125,2822.0,339117
2022-12-07,2399.931884765625,2759.550048828125,2802.0,2751.0,2793.050048828125,340800
2022-12-08,2398.75732421875,2758.199951171875,2778.800048828125,2745.25,2750.0,190468
2022-12-09,2392.93017578125,2751.5,2782.25,2731.14990234375,2762.0,254995
2022-12-12,2410.28076171875,2771.449951171875,2774.89990234375,2736.050048828125,2751.0,166357
2022-12-13,2399.844482421875,2759.449951171875,2815.050048828125,2747.89990234375,2783.89990234375,440848
2022-12-14,2389.3212890625,2747.35009765625,2782.89990234375,2727.60009765625,2762.449951171875,438317
2022-12-15,2409.759033203125,2770.85009765625,2783.800048828125,2734.60009765625,2738.5,299314
2022-12-16,2369.753662109375,2724.85009765625,2767.64990234375,2717.14990234375,2745.10009765625,271086
2022-12-19,2418.238525390625,2780.60009765625,2785.0,2709.050048828125,2724.85009765625,276490
2022-12-20,2411.237548828125,2772.550048828125,2790.60009765625,2743.39990234375,2770.0,234062
2022-12-21,2398.10498046875,2757.449951171875,2798.050048828125,2737.0,2772.550048828125,328455
2022-12-22,2372.23193359375,2727.699951171875,2796.550048828125,2717.300048828125,2757.199951171875,483991
2022-12-23,2293.221923828125,2636.85009765625,2720.0,2628.64990234375,2715.0,328855
2022-12-26,2336.2275390625,2686.300048828125,2698.0,2611.60009765625,2645.0,175951
2022-12-27,2350.185791015625,2702.35009765625,2718.25,2685.5,2694.949951171875,181947
2022-12-28,2345.18505859375,2696.60009765625,2726.75,2685.0,2687.60009765625,225857
2022-12-29,2367.44921875,2722.199951171875,2745.0,2671.449951171875,2691.60009765625,243791
2022-12-30,2381.92919921875,2738.85009765625,2764.85009765625,2722.89990234375,2735.85009765625,211762
2023-01-02,2361.9697265625,2715.89990234375,2749.60009765625,2710.0,2738.85009765625,131296
2023-01-03,2365.883544921875,2720.39990234375,2739.89990234375,2702.0,2702.199951171875,136701
2023-01-04,2356.230224609375,2709.300048828125,2728.0,2697.75,2707.0,178937
2023-01-05,2406.541015625,2767.14990234375,2771.10009765625,2702.0,2707.89990234375,258988
2023-01-06,2385.146728515625,2742.550048828125,2775.35009765625,2733.75,2767.0,162618
2023-01-09,2393.669677734375,2752.35009765625,2772.39990234375,2740.25,2757.0,110658
2023-01-10,2358.621826171875,2712.050048828125,2758.050048828125,2687.699951171875,2750.0,206381
2023-01-11,2342.70654296875,2693.75,2720.0,2684.050048828125,2712.10009765625,150551
2023-01-12,2343.141357421875,2694.25,2700.300048828125,2663.0,2690.0,163626
2023-01-13,2372.884521484375,2728.449951171875,2744.89990234375,2683.300048828125,2683.300048828125,196440
2023-01-16,2399.10546875,2758.60009765625,2765.0,2710.0,2732.0,362194
2023-01-17,2406.280517578125,2766.85009765625,2769.0,2729.699951171875,2765.0,254062
2023-01-18,2408.9765625,2769.949951171875,2786.35009765625,2747.449951171875,2766.89990234375,159791
2023-01-19,2408.628173828125,2769.550048828125,2779.75,2751.60009765625,2762.0,140565
2023-01-20,2388.538818359375,2746.449951171875,2767.5,2729.35009765625,2767.5,300399
2023-01-23,2413.020263671875,2774.60009765625,2812.0,2750.050048828125,2751.449951171875,434312
2023-01-24,2410.672119140625,2771.89990234375,2787.0,2762.25,2777.0,129633
2023-01-25,2422.064697265625,2785.0,2793.0,2766.0,2779.0,356744
2023-01-27,2379.581298828125,2736.14990234375,2810.10009765625,2714.60009765625,2788.0,464092
2023-01-30,2350.14208984375,2702.300048828125,2764.949951171875,2681.10009765625,2723.050048828125,459196
2023-01-31,2403.149169921875,2763.25,2772.0,2684.60009765625,2724.449951171875,579601
2023-02-01,2371.8408203125,2727.25,2822.85009765625,2675.050048828125,2775.550048828125,408279
2023-02-02,2314.180908203125,2660.949951171875,2713.199951171875,2634.60009765625,2689.0,453723
2023-02-03,2308.353759765625,2654.25,2684.14990234375,2621.050048828125,2674.300048828125,328028
2023-02-06,2343.793701171875,2695.0,2704.800048828125,2645.10009765625,2652.050048828125,252416
2023-02-07,2306.9189453125,2652.60009765625,2694.800048828125,2615.050048828125,2686.0,421543
2023-02-08,2273.914794921875,2614.64990234375,2686.949951171875,2592.050048828125,2659.050048828125,793670
2023-02-09,2225.690673828125,2559.199951171875,2614.0,2549.10009765625,2614.0,1266011
2023-02-10,2246.650390625,2583.300048828125,2589.64990234375,2550.300048828125,2559.199951171875,283858
2023-02-13,2227.73486328125,2561.550048828125,2602.0,2555.050048828125,2593.949951171875,327921
2023-02-14,2211.167236328125,2542.5,2577.10009765625,2536.050048828125,2574.39990234375,409279
2023-02-15,2236.82275390625,2572.0,2575.0,2537.0,2545.0,643367
2023-02-16,2223.516357421875,2556.699951171875,2590.0,2546.5,2590.0,433077
2023-02-17,2262.647216796875,2535.550048828125,2539.10009765625,2492.949951171875,2492.949951171875,705628
2023-02-20,2255.4189453125,2527.449951171875,2544.5,2513.75,2540.0,182493
2023-02-21,2249.26171875,2520.550048828125,2545.0,2516.5,2540.0,203273
2023-02-22,2230.43212890625,2499.449951171875,2534.64990234375,2495.0,2507.0,310260
2023-02-23,2226.907470703125,2495.5,2512.60009765625,2482.800048828125,2500.550048828125,294710
2023-02-24,2218.117431640625,2485.64990234375,2508.550048828125,2481.39990234375,2496.0,255112
2023-02-27,2175.19482421875,2437.550048828125,2488.0,2430.0,2485.64990234375,293892
2023-02-28,2158.73046875,2419.10009765625,2472.0,2410.35009765625,2447.949951171875,542868
2023-03-01,2169.439208984375,2431.10009765625,2443.949951171875,2414.300048828125,2415.0,293122
2023-03-02,2198.218017578125,2463.35009765625,2483.300048828125,2440.89990234375,2443.5,525446
2023-03-03,2196.611572265625,2461.550048828125,2478.800048828125,2457.0,2475.699951171875,197868
2023-03-06,2212.80810546875,2479.699951171875,2491.75,2461.199951171875,2472.0,203422
2023-03-08,2211.33544921875,2478.050048828125,2481.0,2440.60009765625,2457.0,286894
2023-03-09,2180.77197265625,2443.800048828125,2491.050048828125,2440.0,2486.0,244591
2023-03-10,2177.648681640625,2440.300048828125,2443.800048828125,2405.300048828125,2417.0,224485
2023-03-13,2130.130126953125,2387.050048828125,2441.89990234375,2380.0,2441.89990234375,249618
2023-03-14,2117.993896484375,2373.449951171875,2411.5,2368.39990234375,2394.949951171875,302570
2023-03-15,2123.347900390625,2379.449951171875,2407.85009765625,2370.050048828125,2400.0,217071
2023-03-16,2115.762939453125,2370.949951171875,2394.0,2365.0,2369.39990234375,577586
2023-03-17,2101.663818359375,2355.14990234375,2375.550048828125,2328.800048828125,2375.0,628419
2023-03-20,2087.564208984375,2339.35009765625,2356.449951171875,2304.0,2355.14990234375,352432
2023-03-21,2096.22021484375,2349.050048828125,2356.35009765625,2331.0,2344.949951171875,291142
2023-03-22,2099.923583984375,2353.199951171875,2369.25,2346.0,2349.050048828125,166790
2023-03-23,2108.222412109375,2362.5,2383.85009765625,2357.0,2365.0,371585
2023-03-24,2064.363037109375,2313.35009765625,2378.699951171875,2304.10009765625,2363.0,272040
2023-03-27,2060.1240234375,2308.60009765625,2330.89990234375,2296.550048828125,2319.949951171875,238881
2023-03-28,2007.3843994140625,2249.5,2308.60009765625,2246.0,2301.0,456838
2023-03-29,2056.15283203125,2304.14990234375,2315.5,2250.0,2250.0,712847
2023-03-31,2094.703125,2347.35009765625,2356.89990234375,2314.75,2314.75,302919
2023-04-03,2169.439208984375,2431.10009765625,2434.5,2372.050048828125,2385.0,787785
2023-04-05,2170.420654296875,2432.199951171875,2441.550048828125,2419.10009765625,2440.800048828125,289012
2023-04-06,2165.289306640625,2426.449951171875,2438.199951171875,2410.300048828125,2432.199951171875,211340
2023-04-10,2195.80859375,2460.64990234375,2467.85009765625,2417.14990234375,2430.0,261131
2023-04-11,2204.0185546875,2469.85009765625,2478.85009765625,2448.050048828125,2474.0,575155
2023-04-12,2210.666748046875,2477.300048828125,2485.0,2449.199951171875,2475.0,464883
2023-04-13,2183.671875,2447.050048828125,2477.300048828125,2438.0,2477.300048828125,458472
2023-04-17,2200.537841796875,2465.949951171875,2469.0,2419.5,2430.0,656224
2023-04-18,2177.113525390625,2439.699951171875,2474.949951171875,2425.0,2470.949951171875,397381
2023-04-19,2182.690673828125,2445.949951171875,2452.10009765625,2421.10009765625,2435.0,247426
2023-04-20,2185.010986328125,2448.550048828125,2462.25,2431.85009765625,2450.0,315314
2023-04-21,2194.6484375,2459.35009765625,2476.39990234375,2448.550048828125,2450.949951171875,699932
2023-04-24,2231.8603515625,2501.050048828125,2524.0,2443.39990234375,2459.949951171875,686216
2023-04-25,2228.91552734375,2497.75,2534.0,2493.85009765625,2504.89990234375,538138
2023-04-26,2235.51904296875,2505.14990234375,2524.0,2492.050048828125,2510.0,560280
2023-04-27,2238.642333984375,2508.64990234375,2526.85009765625,2497.050048828125,2500.0,685268
2023-04-28,2283.21630859375,2558.60009765625,2567.0,2515.14990234375,2520.0,721370
2023-05-02,2227.264404296875,2495.89990234375,2539.949951171875,2466.0,2539.949951171875,997629
2023-05-03,2233.2880859375,2502.64990234375,2518.0,2478.89990234375,2490.0,863935
2023-05-04,2243.862548828125,2514.5,2532.75,2504.300048828125,2507.949951171875,684323
2023-05-05,2273.087646484375,2547.25,2562.0,2512.550048828125,2537.0,1527593
2023-05-08,2299.0556640625,2576.35009765625,2592.0,2566.0,2566.0,855245
2023-05-09,2312.61962890625,2591.550048828125,2604.0,2575.25,2587.449951171875,556418
2023-05-10,2307.711669921875,2586.050048828125,2604.14990234375,2572.10009765625,2600.0,549062
2023-05-11,2307.176025390625,2585.449951171875,2604.0,2575.050048828125,2600.0,506829
2023-05-12,2325.425048828125,2605.89990234375,2614.0,2586.199951171875,2595.0,718178
2023-05-15,2402.1689453125,2691.89990234375,2720.0,2606.0,2627.0,1383562
2023-05-16,2396.90380859375,2686.0,2717.550048828125,2680.550048828125,2699.949951171875,602177
2023-05-17,2429.876953125,2722.949951171875,2766.39990234375,2682.39990234375,2688.949951171875,1169727
2023-05-18,2440.763916015625,2735.14990234375,2759.14990234375,2724.25,2745.050048828125,610410
2023-05-19,2420.99755859375,2713.0,2744.050048828125,2667.199951171875,2740.64990234375,458137
2023-05-22,2402.391845703125,2692.14990234375,2722.0,2681.10009765625,2710.550048828125,241924
2023-05-23,2418.722412109375,2710.449951171875,2718.14990234375,2674.050048828125,2692.14990234375,224454
2023-05-24,2443.931884765625,2738.699951171875,2744.75,2706.0,2711.0,402069
2023-05-25,2438.666748046875,2732.800048828125,2759.0,2709.050048828125,2738.949951171875,208718
2023-05-26,2449.687744140625,2745.14990234375,2749.89990234375,2713.60009765625,2734.449951171875,167210
2023-05-29,2478.020263671875,2776.89990234375,2794.800048828125,2736.050048828125,2760.0,462628
2023-05-30,2480.02783203125,2779.14990234375,2795.0,2760.199951171875,2776.85009765625,399817
2023-05-31,2462.85009765625,2759.89990234375,2787.0,2739.050048828125,2779.050048828125,773286
2023-06-01,2498.99072265625,2800.39990234375,2812.64990234375,2746.85009765625,2758.85009765625,552629
2023-06-02,2581.31201171875,2892.64990234375,2912.64990234375,2836.0,2836.0,2090599
2023-06-05,2561.63525390625,2870.60009765625,2919.800048828125,2865.0,2910.050048828125,620625
2023-06-06,2592.154296875,2904.800048828125,2912.0,2860.949951171875,2870.0,729992
2023-06-07,2639.628662109375,2958.0,2979.0,2907.10009765625,2917.949951171875,996180
2023-06-08,2645.696533203125,2964.800048828125,3026.0,2948.199951171875,2977.550048828125,1150017
2023-06-09,2587.246337890625,2899.300048828125,3025.0,2887.300048828125,2987.89990234375,826404
2023-06-12,2614.998779296875,2930.39990234375,2938.25,2878.10009765625,2906.300048828125,617327
2023-06-13,2634.675537109375,2952.449951171875,2955.89990234375,2904.050048828125,2917.0,973087
2023-06-14,2616.070068359375,2931.60009765625,2967.550048828125,2923.64990234375,2952.449951171875,304861
2023-06-15,2537.050537109375,2843.050048828125,2961.39990234375,2810.0,2939.89990234375,951322
2023-06-16,2527.234130859375,2832.050048828125,2844.89990234375,2805.0,2843.0,1029235
2023-06-19,2483.10693359375,2782.60009765625,2827.699951171875,2777.050048828125,2820.0,671364
2023-06-20,2499.25830078125,2800.699951171875,2809.60009765625,2745.050048828125,2775.0,872568
2023-06-21,2519.649169921875,2823.550048828125,2830.0,2800.0,2801.0,407191
2023-06-22,2520.98828125,2825.050048828125,2862.0,2816.800048828125,2830.0,578572
2023-06-23,2477.57421875,2776.39990234375,2839.75,2765.0,2825.25,381689
2023-06-26,2544.36767578125,2851.25,2859.0,2775.0,2776.39990234375,583691
2023-06-27,2537.987548828125,2844.10009765625,2866.89990234375,2827.449951171875,2858.0,415101
2023-06-28,2524.28955078125,2828.75,2861.35009765625,2795.0,2850.0,781032
2023-06-30,2596.884033203125,2910.10009765625,2920.0,2835.0,2839.949951171875,962194
2023-07-03,2586.75537109375,2898.75,2911.85009765625,2862.39990234375,2875.0,818522
2023-07-04,2703.700439453125,3029.800048828125,3039.89990234375,2915.699951171875,2951.10009765625,2177103
2023-07-05,2818.280517578125,3158.199951171875,3172.0,3030.199951171875,3050.0,3069147
2023-07-06,2830.684814453125,3172.10009765625,3206.85009765625,3118.699951171875,3139.0,1676341
2023-07-07,2809.35693359375,3148.199951171875,3172.0,3126.0,3150.0,931135
2023-07-10,2787.493896484375,3123.699951171875,3186.35009765625,3085.89990234375,3156.449951171875,570281
2023-07-11,2768.6650390625,3102.60009765625,3128.0,3084.199951171875,3099.0,663715
2023-07-12,2747.471435546875,3078.85009765625,3113.300048828125,3057.449951171875,3099.89990234375,739038
2023-07-13,2742.34033203125,3073.10009765625,3130.949951171875,3055.5,3078.85009765625,665215
2023-07-14,2798.73779296875,3136.300048828125,3142.5,3073.10009765625,3078.89990234375,811153
2023-07-17,2758.84912109375,3091.60009765625,3157.39990234375,3067.0,3144.64990234375,909246
2023-07-18,2780.9794921875,3116.39990234375,3120.0,3085.89990234375,3099.0,578275
2023-07-19,2763.355224609375,3096.64990234375,3143.64990234375,3082.5,3125.0,486164
2023-07-20,2754.8779296875,3087.14990234375,3100.199951171875,3051.0,3095.949951171875,735511
2023-07-21,2768.17431640625,3102.050048828125,3124.60009765625,3049.5,3079.050048828125,749722
2023-07-24,2796.730224609375,3134.050048828125,3155.0,3090.050048828125,3129.89990234375,784541
2023-07-25,2802.3076171875,3140.300048828125,3179.0,3128.14990234375,3179.0,748386
2023-07-26,2807.126220703125,3145.699951171875,3189.89990234375,3126.10009765625,3164.949951171875,509747
2023-07-27,2830.81396484375,3136.949951171875,3158.949951171875,3097.800048828125,3107.550048828125,524436
2023-07-28,2862.894775390625,3172.5,3175.0,3131.449951171875,3146.949951171875,445865
2023-07-31,2891.0498046875,3203.699951171875,3230.0,3173.0,3189.75,933273
2023-08-01,2799.365234375,3102.10009765625,3244.0,3032.25,3224.949951171875,3043469
2023-08-02,2701.318359375,2993.449951171875,3073.0,2971.85009765625,3061.0,2692656
2023-08-03,2664.2744140625,2952.39990234375,3021.550048828125,2933.050048828125,2972.0,1250490
2023-08-04,2657.325927734375,2944.699951171875,2985.0,2921.449951171875,2977.0,642027
2023-08-07,2665.763427734375,2954.050048828125,2964.949951171875,2929.64990234375,2950.0,444210
2023-08-08,2767.600341796875,3066.89990234375,3088.75,2980.0,3005.0,2020469
2023-08-09,2761.10302734375,3059.699951171875,3081.35009765625,3004.10009765625,3079.85009765625,548711
2023-08-10,2739.62548828125,3035.89990234375,3062.89990234375,3013.0,3051.39990234375,476401
2023-08-11,2705.60498046875,2998.199951171875,3073.35009765625,2980.0,3044.89990234375,816082
2023-08-14,2716.83984375,3010.64990234375,3025.0,2952.199951171875,3009.89990234375,526850
2023-08-16,2690.76025390625,2981.75,3016.85009765625,2956.0,3005.0,753515
2023-08-17,2699.152587890625,2991.050048828125,2997.39990234375,2960.75,2997.39990234375,565973
2023-08-18,2641.398681640625,2927.050048828125,2989.699951171875,2920.0,2989.699951171875,560922
2023-08-21,2645.414306640625,2931.5,2944.35009765625,2912.39990234375,2929.0,328451
2023-08-22,2668.199951171875,2956.75,2965.60009765625,2920.0,2940.0,255764
2023-08-23,2663.6875,2951.75,2975.0,2934.800048828125,2969.0,325912
2023-08-24,2642.030029296875,2927.75,2971.449951171875,2920.0,2955.0,273751
2023-08-25,2626.824462890625,2910.89990234375,2945.0,2890.0,2931.800048828125,429528
2023-08-28,2645.639892578125,2931.75,2951.199951171875,2911.85009765625,2925.0,303029
2023-08-29,2696.535400390625,2988.14990234375,2993.0,2938.050048828125,2948.0,590653
2023-08-30,2663.7783203125,2951.85009765625,3008.0,2942.14990234375,3008.0,415898
2023-08-31,2631.381591796875,2915.949951171875,2965.0,2890.050048828125,2965.0,920121
2023-09-01,2641.714111328125,2927.39990234375,2947.14990234375,2908.0,2932.949951171875,331811
2023-09-04,2655.65673828125,2942.85009765625,2964.949951171875,2922.75,2950.0,643279
2023-09-05,2648.888427734375,2935.35009765625,2973.89990234375,2928.199951171875,2965.0,306742
2023-09-06,2651.279541015625,2938.0,2955.0,2916.85009765625,2955.0,275916
2023-09-07,2671.945068359375,2960.89990234375,2968.449951171875,2930.60009765625,2940.0,242002
2023-09-08,2715.12548828125,3008.75,3027.0,2960.14990234375,2969.800048828125,569352
2023-09-11,2756.275146484375,3054.35009765625,3059.0,3019.050048828125,3028.89990234375,486566
2023-09-12,2725.322509765625,3020.050048828125,3069.300048828125,3010.0,3069.300048828125,429664
2023-09-13,2702.175537109375,2994.39990234375,3034.89990234375,2985.10009765625,3020.050048828125,290774
2023-09-14,2705.785400390625,2998.39990234375,3028.949951171875,2976.0,3006.800048828125,311245
2023-09-15,2765.7509765625,3064.85009765625,3103.0,3004.949951171875,3014.60009765625,949607
2023-09-18,2810.690673828125,3114.64990234375,3128.0,3038.0,3066.75,897322
2023-09-20,2763.04345703125,3061.85009765625,3132.85009765625,3048.25,3114.60009765625,575906
2023-09-21,2708.08642578125,3000.949951171875,3062.949951171875,2990.0,3057.0,585566
2023-09-22,2727.7138671875,3022.699951171875,3040.0,2990.14990234375,3010.0,323540
2023-09-25,2684.398193359375,2974.699951171875,3022.699951171875,2968.39990234375,3015.199951171875,408884
2023-09-26,2738.22705078125,3034.35009765625,3039.0,2970.050048828125,2975.0,372568
2023-09-27,2712.959716796875,3006.35009765625,3034.0,3000.0,3034.0,222370
2023-09-28,2680.156982421875,2970.0,3018.199951171875,2960.050048828125,3006.5,331995
2023-09-29,2758.892333984375,3057.25,3070.0,2972.14990234375,2985.050048828125,375842
2023-10-03,2721.30712890625,3015.60009765625,3064.89990234375,2991.5,3058.0,387906
2023-10-04,2697.347900390625,2989.050048828125,3020.0,2976.050048828125,3015.949951171875,307263
2023-10-05,2722.254150390625,3016.64990234375,3048.85009765625,2993.39990234375,3020.0,537209
2023-10-06,2741.520751953125,3038.0,3045.0,3022.5,3040.0,180660
2023-10-09,2666.711181640625,2955.10009765625,3049.949951171875,2923.949951171875,3021.10009765625,976306
2023-10-10,2686.29345703125,2976.800048828125,3003.10009765625,2966.0,2975.0,467743
2023-10-11,2798.2373046875,3100.85009765625,3111.0,2987.550048828125,3000.0,1048795
2023-10-12,2786.866943359375,3088.25,3132.10009765625,3064.949951171875,3116.949951171875,927642
2023-10-13,2796.071533203125,3098.449951171875,3119.0,3080.050048828125,3084.0,374642
2023-10-16,2852.517333984375,3161.0,3174.300048828125,3099.85009765625,3104.0,966651
2023-10-17,2863.30126953125,3172.949951171875,3187.550048828125,3166.5,3182.10009765625,416816
2023-10-18,2845.433349609375,3153.14990234375,3184.0,3149.0,3170.0,344063
2023-10-19,2947.135009765625,3265.85009765625,3275.0,3138.050048828125,3149.5,1129769
2023-10-20,2897.863525390625,3211.25,3265.0,3203.550048828125,3260.0,458086
2023-10-23,2842.455322265625,3149.85009765625,3232.75,3139.449951171875,3205.550048828125,313646
2023-10-25,2834.333984375,3140.85009765625,3171.0,3090.0,3150.0,391029
2023-10-26,2808.25390625,3111.949951171875,3130.050048828125,3085.0,3129.0,461475
2023-10-27,2808.4794921875,3112.199951171875,3152.89990234375,3104.050048828125,3125.199951171875,314423
2023-10-30,2806.810302734375,3110.35009765625,3128.550048828125,3055.0,3112.25,265215
2023-10-31,2786.95703125,3088.35009765625,3139.60009765625,3080.14990234375,3115.050048828125,207132
2023-11-01,2790.656982421875,3092.449951171875,3144.64990234375,3075.550048828125,3095.949951171875,473455
2023-11-02,2754.244873046875,3052.10009765625,3149.949951171875,3041.5,3139.0,1268028
2023-11-03,2787.904541015625,3089.39990234375,3110.199951171875,3072.050048828125,3085.0,411691
2023-11-06,2857.841552734375,3166.89990234375,3175.25,3095.699951171875,3110.0,850503
2023-11-07,2824.76806640625,3130.25,3181.199951171875,3121.300048828125,3174.949951171875,355269
2023-11-08,2826.437744140625,3132.10009765625,3166.39990234375,3126.85009765625,3160.300048828125,459324
2023-11-09,2864.158447265625,3173.89990234375,3196.0,3135.0,3145.0,604807
2023-11-10,2802.16259765625,3105.199951171875,3179.050048828125,3095.14990234375,3173.85009765625,820659
2023-11-13,2814.435546875,3118.800048828125,3136.949951171875,3102.10009765625,3102.10009765625,386501
2023-11-15,2867.72265625,3177.85009765625,3181.60009765625,3130.10009765625,3144.949951171875,570652
2023-11-16,2959.948974609375,3280.050048828125,3299.0,3178.10009765625,3186.0,963718
2023-11-17,3009.31103515625,3334.75,3368.800048828125,3280.050048828125,3289.699951171875,947293
2023-11-20,3019.778564453125,3346.35009765625,3368.0,3315.60009765625,3357.0,677714
2023-11-21,3046.986572265625,3376.5,3395.0,3330.050048828125,3354.949951171875,742294
2023-11-22,3080.4658203125,3413.60009765625,3427.699951171875,3368.800048828125,3387.0,775145
2023-11-23,3219.7978515625,3568.0,3576.0,3419.949951171875,3419.949951171875,1726414
2023-11-24,3202.291259765625,3548.60009765625,3579.800048828125,3532.75,3568.0,514405
2023-11-28,3268.5283203125,3622.0,3628.0,3555.050048828125,3560.0,659645
2023-11-29,3381.23876953125,3746.89990234375,3788.14990234375,3625.699951171875,3635.0,1561256
2023-11-30,3446.347900390625,3819.050048828125,3884.5,3782.199951171875,3800.0,2909100
2023-12-01,3393.060546875,3760.0,3865.0,3740.35009765625,3860.0,1060628
2023-12-04,3426.5400390625,3797.10009765625,3880.0,3784.0,3880.0,1018705
2023-12-05,3435.248291015625,3806.75,3825.0,3779.10009765625,3798.0,713163
2023-12-06,3394.008056640625,3761.050048828125,3825.0,3729.550048828125,3785.199951171875,672675
2023-12-07,3404.475830078125,3772.64990234375,3811.949951171875,3761.300048828125,3780.0,500651
2023-12-08,3353.12890625,3715.75,3802.10009765625,3692.39990234375,3788.0,779332
2023-12-11,3343.1123046875,3704.64990234375,3728.64990234375,3683.0,3715.75,451738
2023-12-12,3381.46435546875,3747.14990234375,3793.949951171875,3715.25,3728.0,598126
2023-12-13,3486.279541015625,3863.300048828125,3870.0,3734.800048828125,3740.0,1355603
2023-12-14,3504.6435546875,3883.64990234375,3905.89990234375,3838.5,3878.0,1067427
2023-12-15,3516.28515625,3896.550048828125,3940.0,3886.14990234375,3939.0,924599
2023-12-18,3510.1484375,3889.75,3948.60009765625,3884.35009765625,3900.0,725829
2023-12-19,3448.874755859375,3821.85009765625,3914.800048828125,3799.949951171875,3912.800048828125,560186
2023-12-20,3443.144287109375,3815.5,3905.89990234375,3788.75,3854.449951171875,595832
2023-12-21,3474.412841796875,3850.14990234375,3867.89990234375,3752.050048828125,3775.050048828125,410786
2023-12-22,3551.614013671875,3935.699951171875,3944.0,3850.14990234375,3870.0,573168
2023-12-26,3670.506591796875,4067.449951171875,4079.0,3935.10009765625,3949.949951171875,1149831
2023-12-27,3667.663818359375,4064.300048828125,4096.9501953125,4022.0,4064.0,683058
2023-12-28,3765.981689453125,4173.25,4189.0,4054.14990234375,4064.300048828125,1714818
2023-12-29,3735.570068359375,4139.5498046875,4193.39990234375,4111.5498046875,4176.0,383687
2024-01-01,3716.619384765625,4118.5498046875,4181.39990234375,4085.0,4139.5498046875,392408
2024-01-02,3689.23193359375,4088.199951171875,4118.9501953125,4025.199951171875,4114.0498046875,507848
2024-01-03,3600.4794921875,3989.85009765625,4061.949951171875,3971.699951171875,4000.0,896596
2024-01-04,3561.76611328125,3946.949951171875,4006.14990234375,3929.85009765625,3997.5,630734
2024-01-05,3600.885498046875,3990.300048828125,4037.0,3953.75,3960.0,593042
2024-01-08,3618.2119140625,4009.5,4050.0,3993.550048828125,4014.89990234375,508360
2024-01-09,3711.16015625,4112.5,4148.75,4031.10009765625,4047.949951171875,1043602
2024-01-10,3734.216552734375,4138.0498046875,4177.0,4086.10009765625,4094.199951171875,511944
2024-01-11,3918.44384765625,4342.2001953125,4395.0,4162.0,4175.0,2133475
2024-01-12,3955.397216796875,4383.14990234375,4395.0,4242.64990234375,4242.64990234375,905401
2024-01-15,3945.696533203125,4372.39990234375,4413.5498046875,4337.14990234375,4383.14990234375,490217
2024-01-16,3956.7509765625,4384.64990234375,4450.0,4340.10009765625,4340.10009765625,972808
2024-01-17,3944.2978515625,4370.85009765625,4430.0,4341.0,4346.0,443836
2024-01-18,3965.188720703125,4394.0,4411.64990234375,4296.89990234375,4334.0,570816
2024-01-19,3970.37744140625,4399.75,4440.85009765625,4374.0,4395.0,383901
2024-01-23,4010.489013671875,4444.2001953125,4560.0,4401.64990234375,4401.64990234375,1399043
2024-01-24,4000.968994140625,4433.64990234375,4453.60009765625,4310.89990234375,4429.0,596736
2024-01-25,4008.639892578125,4442.14990234375,4480.0498046875,4378.5,4448.85009765625,664356
2024-01-29,4145.21923828125,4593.5,4625.0,4426.35009765625,4448.0,418127
2024-01-30,4140.572265625,4588.35009765625,4662.0,4580.0498046875,4627.0,709726
2024-01-31,4170.53125,4621.5498046875,4636.89990234375,4518.14990234375,4567.5,645505
2024-02-01,4139.08251953125,4586.7001953125,4717.85009765625,4575.0,4621.7001953125,660378
2024-02-02,4256.93701171875,4717.2998046875,4769.2998046875,4590.0498046875,4598.0,994506
2024-02-05,4283.4228515625,4746.64990234375,4774.35009765625,4700.0,4720.0,425966
2024-02-06,4316.6318359375,4783.4501953125,4792.0,4733.0,4746.5498046875,261001
2024-02-07,4325.56591796875,4793.35009765625,4817.25,4730.14990234375,4790.0,265821
2024-02-08,4338.69580078125,4807.89990234375,4824.7001953125,4764.39990234375,4795.9501953125,444060
2024-02-09,4429.7939453125,4908.85009765625,4924.0,4792.10009765625,4840.0,718094
2024-02-12,4230.04541015625,4687.5,4949.0498046875,4627.5498046875,4949.0498046875,1321957
2024-02-13,4281.75341796875,4744.7998046875,4829.85009765625,4706.2998046875,4728.0,938269
2024-02-14,4344.24609375,4814.0498046875,4825.0,4661.10009765625,4707.0,735284
2024-02-15,4346.86279296875,4816.9501953125,4854.7998046875,4787.0498046875,4830.2001953125,530347
2024-02-16,4416.66357421875,4894.2998046875,4920.0,4830.0,4830.0,848705
2024-02-19,4379.03271484375,4852.60009765625,4944.0,4843.85009765625,4928.9501953125,524294
2024-02-20,4208.2529296875,4663.35009765625,4882.0,4653.0,4852.60009765625,1153742
2024-02-21,4181.970703125,4534.85009765625,4619.9501953125,4508.0,4594.64990234375,1112050
2024-02-22,4145.359375,4495.14990234375,4578.7998046875,4440.64990234375,4559.9501953125,1441798
2024-02-23,4167.583984375,4519.25,4604.9501953125,4485.10009765625,4535.0,819122
2024-02-26,4146.2353515625,4496.10009765625,4530.0,4470.14990234375,4523.9501953125,605090
2024-02-27,4085.32470703125,4430.0498046875,4519.0,4408.0,4501.7998046875,830187
2024-02-28,4034.60498046875,4375.0498046875,4459.2001953125,4349.0498046875,4440.0,569688
2024-02-29,4082.05126953125,4426.5,4454.0,4350.0,4379.0,1548190
2024-03-01,4156.3798828125,4507.10009765625,4525.0,4450.0,4459.89990234375,510674
2024-03-04,4252.84033203125,4611.7001953125,4630.0,4563.0,4589.9501953125,570306
2024-03-05,4232.828125,4590.0,4644.75,4571.85009765625,4611.64990234375,442519
2024-03-06,4274.603515625,4635.2998046875,4649.0,4536.10009765625,4580.0,353334
2024-03-07,4290.83447265625,4652.89990234375,4704.0,4620.7998046875,4650.0,684934
2024-03-11,4308.1708984375,4671.7001953125,4725.0,4600.5498046875,4700.0,644170
2024-03-12,4296.3671875,4658.89990234375,4697.0,4633.0,4666.2998046875,312738
2024-03-13,4160.99072265625,4512.10009765625,4686.75,4476.5498046875,4646.0,700123
2024-03-14,4311.49072265625,4675.2998046875,4682.14990234375,4455.0,4455.0,708629
2024-03-15,4228.49462890625,4585.2998046875,4680.85009765625,4500.64990234375,4655.0,1278695
2024-03-18,4199.81494140625,4554.2001953125,4582.5,4527.5498046875,4560.5,232124
2024-03-19,4188.3330078125,4541.75,4597.60009765625,4509.60009765625,4554.0,388757
2024-03-20,4159.46875,4510.4501953125,4588.9501953125,4480.0,4542.0,418716
2024-03-21,4168.18310546875,4519.89990234375,4545.0,4445.2001953125,4527.7998046875,633619
2024-03-22,4319.513671875,4684.0,4736.35009765625,4517.60009765625,4538.7998046875,902115
2024-03-26,4307.66357421875,4671.14990234375,4724.5498046875,4633.5498046875,4684.0,551123
2024-03-27,4216.736328125,4572.5498046875,4698.0,4560.0,4692.0,693528
2024-03-28,4354.8330078125,4722.2998046875,4750.0,4583.2001953125,4604.0,1086607
2024-04-01,4316.51708984375,4680.75,4779.75,4662.10009765625,4740.0,664163
2024-04-02,4205.900390625,4560.7998046875,4685.4501953125,4522.0,4650.0,1342779
2024-04-03,4202.58154296875,4557.2001953125,4603.25,4526.5,4584.89990234375,681469
2024-04-04,4170.99658203125,4522.9501953125,4590.0,4462.75,4585.0,1378250
2024-04-05,4172.7939453125,4524.89990234375,4565.60009765625,4468.35009765625,4480.5,605460
2024-04-08,4237.5322265625,4595.10009765625,4608.85009765625,4525.10009765625,4540.0,711580
2024-04-09,4169.84375,4521.7001953125,4673.25,4505.0,4615.0,945922
2024-04-10,4145.12890625,4494.89990234375,4551.7001953125,4475.89990234375,4551.7001953125,515061
2024-04-12,4095.238525390625,4440.7998046875,4522.7998046875,4431.0,4509.0,438331
2024-04-15,4040.276611328125,4381.2001953125,4440.5498046875,4368.9501953125,4430.0,645166
2024-04-16,3986.51318359375,4322.89990234375,4446.4501953125,4288.0498046875,4344.0,719918
2024-04-18,3920.48486328125,4251.2998046875,4398.64990234375,4231.60009765625,4358.0,1103254
2024-04-19,3885.810791015625,4213.7001953125,4251.25,4168.14990234375,4251.25,674079
2024-04-22,3976.368896484375,4311.89990234375,4335.0,4206.89990234375,4239.85009765625,619635
2024-04-23,4006.939208984375,4345.0498046875,4368.89990234375,4286.89990234375,4338.0,547228
2024-04-24,4051.48095703125,4393.35009765625,4405.35009765625,4335.10009765625,4360.0,658601
2024-04-25,4148.2646484375,4498.2998046875,4515.0,4366.89990234375,4401.0,1103462
2024-04-26,4142.08544921875,4491.60009765625,4540.7998046875,4466.4501953125,4510.25,497777
2024-04-29,4110.82373046875,4457.7001953125,4530.0,4445.60009765625,4530.0,590104
2024-04-30,4189.53173828125,4543.0498046875,4588.2001953125,4465.0,4465.0,828084
2024-05-02,4206.546875,4561.5,4625.0,4551.2998046875,4625.0,808478
2024-05-03,4198.47705078125,4552.75,4579.9501953125,4516.85009765625,4577.5,347594
2024-05-06,4158.82373046875,4509.75,4582.7001953125,4465.5,4571.9501953125,241049
2024-05-07,4128.39111328125,4476.75,4534.4501953125,4432.2001953125,4528.9501953125,456294
2024-05-08,4254.86865234375,4613.89990234375,4662.0,4414.64990234375,4492.64990234375,1313834
2024-05-09,4394.1181640625,4764.89990234375,4922.0,4633.85009765625,4655.0,3589872
2024-05-10,4497.8642578125,4877.39990234375,4954.35009765625,4774.7998046875,4788.60009765625,1520297
2024-05-13,4505.38037109375,4885.5498046875,4909.9501953125,4730.60009765625,4908.0,624906
2024-05-14,4650.9931640625,5043.4501953125,5051.0,4905.0498046875,4914.89990234375,1335266
2024-05-15,4663.76513671875,5057.2998046875,5103.0,5020.75,5058.0,882851
2024-05-16,4741.275390625,5141.35009765625,5154.9501953125,5041.7001953125,5064.9501953125,1296732
2024-05-17,4693.18408203125,5089.2001953125,5168.60009765625,5072.85009765625,5135.0,609690
2024-05-21,4660.583984375,5053.85009765625,5122.7998046875,5029.25,5075.0,480490
2024-05-22,4607.189453125,4995.9501953125,5067.9501953125,4965.0,5050.0,422368
2024-05-23,4744.82568359375,5145.2001953125,5155.4501953125,4963.0498046875,5000.0,644911
2024-05-24,4720.01904296875,5118.2998046875,5198.14990234375,5080.0498046875,5105.10009765625,458258
2024-05-27,4688.2958984375,5083.89990234375,5128.7998046875,5050.0,5126.0,380940
2024-05-28,4780.56005859375,5183.9501953125,5225.0,5045.0,5084.9501953125,727224
2024-05-29,4743.48828125,5143.75,5202.14990234375,5106.0498046875,5171.0498046875,409279
2024-05-30,4736.34130859375,5136.0,5186.9501953125,5094.7001953125,5129.0,457454
2024-05-31,4721.21826171875,5119.60009765625,5189.9501953125,5003.5,5175.0,1905070
2024-06-03,4759.02734375,5160.60009765625,5314.0,5154.60009765625,5280.0,962485
2024-06-04,4897.447265625,5310.7001953125,5349.0,4920.25,5165.0,1945233
2024-06-05,5218.18359375,5658.5,5775.2001953125,5315.0,5315.0,2058534
2024-06-06,5103.6015625,5534.25,5735.4501953125,5472.35009765625,5655.10009765625,1498100
2024-06-07,5147.49755859375,5581.85009765625,5637.39990234375,5538.0,5583.89990234375,637134
2024-06-10,5276.9267578125,5722.2001953125,5785.0,5581.0498046875,5585.0,1018162
2024-06-11,5336.3154296875,5786.60009765625,5846.39990234375,5705.0,5730.0,1015127
2024-06-12,5339.634765625,5790.2001953125,5859.0,5776.60009765625,5800.0,668529
2024-06-13,5363.42724609375,5816.0,5840.0,5731.0,5820.2001953125,547596
2024-06-14,5352.54638671875,5804.2001953125,5864.75,5761.60009765625,5823.0,573273
2024-06-18,5307.03564453125,5754.85009765625,5894.5498046875,5736.7001953125,5824.0,527069
2024-06-19,5208.2236328125,5647.7001953125,5779.7998046875,5625.0,5774.7998046875,447054
2024-06-20,5076.2587890625,5504.60009765625,5669.0,5496.0,5669.0,840321
2024-06-21,5027.751953125,5452.0,5615.0,5432.0,5481.0,669719
2024-06-24,5094.564453125,5524.4501953125,5534.0,5390.0,5390.0,464982
2024-06-25,5081.23828125,5510.0,5579.85009765625,5473.4501953125,5565.89990234375,1118588
2024-06-26,5028.673828125,5453.0,5544.0,5428.0,5529.0,384494
2024-06-27,5058.3681640625,5485.2001953125,5510.0,5421.0,5459.89990234375,874237
2024-06-28,5145.4228515625,5579.60009765625,5605.25,5452.10009765625,5500.0,539635
2024-07-01,5167.09375,5603.10009765625,5728.2998046875,5585.0,5595.0,1018344
2024-07-02,5133.8955078125,5567.10009765625,5674.0,5500.0,5670.0,689851
2024-07-03,5145.56103515625,5579.75,5627.9501953125,5553.0498046875,5599.89990234375,329072
2024-07-04,5125.82666015625,5558.35009765625,5603.9501953125,5530.60009765625,5594.0,676316
2024-07-05,5125.54931640625,5558.0498046875,5597.0,5382.60009765625,5558.35009765625,613329
2024-07-08,5073.7685546875,5501.89990234375,5630.0,5487.5498046875,5565.64990234375,478557
2024-07-09,5154.2294921875,5589.14990234375,5599.4501953125,5505.0498046875,5525.0498046875,570084
2024-07-10,5080.08642578125,5508.75,5650.0,5470.60009765625,5595.0,354244
2024-07-11,5096.2236328125,5526.25,5560.5,5503.0,5530.0,491353
2024-07-12,5115.267578125,5546.89990234375,5600.0,5505.14990234375,5533.89990234375,265681
2024-07-15,5170.09130859375,5606.35009765625,5639.0,5528.60009765625,5547.0,249438
2024-07-16,5144.03955078125,5578.10009765625,5659.0,5562.0,5617.0,336316
2024-07-18,5074.04638671875,5502.2001953125,5578.0,5417.10009765625,5545.5,841644
2024-07-19,5005.3427734375,5427.7001953125,5527.75,5371.0,5519.9501953125,370397
2024-07-22,5038.03369140625,5463.14990234375,5490.0,5390.0,5422.0,415035
2024-07-23,5084.51220703125,5513.5498046875,5659.85009765625,5329.7001953125,5485.0,908996
2024-07-24,4996.16796875,5417.75,5513.0,5405.0,5513.0,723617
2024-07-25,4982.75,5403.2001953125,5450.2998046875,5353.0,5401.0,438831
2024-07-26,5052.55859375,5478.89990234375,5546.2001953125,5397.35009765625,5410.0,517306
2024-07-29,5002.25439453125,5424.35009765625,5532.64990234375,5397.2998046875,5505.25,418301
2024-07-30,5020.65087890625,5444.2998046875,5548.0,5410.60009765625,5455.0,412385
2024-07-31,5061.36572265625,5488.4501953125,5536.14990234375,5405.2001953125,5452.89990234375,870466
2024-08-01,4990.20751953125,5371.85009765625,5487.4501953125,5325.39990234375,5487.4501953125,868140
2024-08-02,4899.4951171875,5274.2001953125,5374.10009765625,5236.4501953125,5325.0,402666
2024-08-05,4815.61083984375,5183.89990234375,5247.0,5123.0,5180.0498046875,439371
2024-08-06,4806.22802734375,5173.7998046875,5255.10009765625,5158.0,5200.25,552856
2024-08-07,4868.79345703125,5241.14990234375,5314.75,5223.2001953125,5230.0,515480
2024-08-08,4792.38623046875,5158.89990234375,5252.0,5146.89990234375,5235.0,243559
2024-08-09,4837.2548828125,5207.2001953125,5246.64990234375,5190.75,5204.9501953125,333635
2024-08-12,4934.470703125,5311.85009765625,5325.0,5185.0,5214.7998046875,569618
2024-08-13,4872.833984375,5245.5,5407.2998046875,5216.0,5350.0,1042924
2024-08-14,4712.0791015625,5072.4501953125,5297.60009765625,4991.0,5280.0,2185163
2024-08-16,4763.77490234375,5128.10009765625,5138.9501953125,5020.0498046875,5120.0,679493
2024-08-19,4820.25537109375,5188.89990234375,5224.0,5107.5498046875,5149.0,714915
2024-08-20,4871.8125,5244.39990234375,5350.0,5190.0,5199.0,962948
2024-08-21,4909.24951171875,5284.7001953125,5305.2001953125,5215.0,5244.39990234375,612911
2024-08-22,4951.28466796875,5329.9501953125,5383.0,5263.4501953125,5285.0,761731
2024-08-23,5002.330078125,5384.89990234375,5443.7998046875,5315.0,5330.0,757678
2024-08-26,4964.10400390625,5343.75,5425.0,5327.0,5410.0,553070
2024-08-27,4975.99462890625,5356.5498046875,5396.9501953125,5326.0,5354.0,672259
2024-08-28,4934.0517578125,5311.39990234375,5383.2001953125,5266.0,5365.0,688591
2024-08-29,4992.66943359375,5374.5,5387.2998046875,5290.89990234375,5300.0,516725
2024-08-30,5067.82177734375,5455.39990234375,5518.0,5385.85009765625,5400.0,1569946
2024-09-02,5181.89794921875,5578.2001953125,5629.0498046875,5517.0,5535.0,1054947
2024-09-03,5245.34521484375,5646.5,5699.0,5549.89990234375,5602.0,805935
2024-09-04,5279.9482421875,5683.75,5689.2998046875,5605.0,5605.0,532554
2024-09-05,5326.814453125,5734.2001953125,5799.0,5650.0,5690.0,817503
2024-09-06,5335.68603515625,5743.75,5770.2998046875,5649.7001953125,5720.0,683920
2024-09-09,5337.1259765625,5745.2998046875,5770.35009765625,5686.14990234375,5743.7998046875,469914
2024-09-10,5266.89697265625,5669.7001953125,5864.14990234375,5658.25,5797.0,775935
2024-09-11,5252.73046875,5654.4501953125,5708.7001953125,5602.35009765625,5698.0,592210
2024-09-12,5390.8662109375,5803.14990234375,5818.0,5655.0,5700.0,855863
2024-09-13,5384.0380859375,5795.7998046875,5847.10009765625,5770.0,5826.89990234375,332581
2024-09-16,5368.85009765625,5779.4501953125,5822.5,5727.0,5780.0,333195
2024-09-17,5537.6875,5961.2001953125,5984.9501953125,5763.60009765625,5800.0,1250736
2024-09-18,5540.9853515625,5964.75,6145.9501953125,5928.10009765625,5985.2998046875,1446956
2024-09-19,5579.3505859375,6006.0498046875,6060.0,5980.10009765625,6000.0,532623
2024-09-20,5586.03955078125,6013.25,6092.0,5985.75,6048.75,993542
2024-09-23,5750.7431640625,6190.5498046875,6210.0,6004.2998046875,6050.0,887240
2024-09-24,5691.05810546875,6126.2998046875,6246.25,6110.2998046875,6191.0,631130
2024-09-25,5655.75732421875,6088.2998046875,6168.39990234375,6033.85009765625,6144.0,341785
2024-09-26,5621.52587890625,6051.4501953125,6065.0,5904.10009765625,6005.60009765625,1255943
2024-09-27,5534.111328125,5957.35009765625,6089.2998046875,5940.5,6068.10009765625,718197
2024-09-30,5306.56298828125,5712.39990234375,5890.0,5690.5,5890.0,1346723
2024-10-01,5341.5849609375,5750.10009765625,5794.0,5665.0,5712.39990234375,742940
2024-10-03,5260.44140625,5662.75,5733.35009765625,5622.0,5733.35009765625,1219791
2024-10-04,5128.6220703125,5520.85009765625,5649.9501953125,5484.0,5647.0498046875,943922
2024-10-07,5110.69287109375,5501.5498046875,5608.4501953125,5436.10009765625,5569.9501953125,682783
2024-10-08,5136.982421875,5529.85009765625,5545.0,5411.0,5462.0,473756
2024-10-09,5159.97412109375,5554.60009765625,5588.0,5530.0,5541.0498046875,439340
2024-10-10,5068.47216796875,5456.10009765625,5594.9501953125,5445.0,5588.0,579335
2024-10-11,5087.23681640625,5476.2998046875,5488.35009765625,5440.0,5460.5,303034
2024-10-14,5160.6708984375,5555.35009765625,5575.0,5499.85009765625,5504.0,407147
2024-10-15,5114.50146484375,5505.64990234375,5587.64990234375,5464.0,5565.0,302887
2024-10-16,5014.685546875,5398.2001953125,5519.0,5387.0,5505.64990234375,504211
2024-10-17,4846.77734375,5217.4501953125,5363.0498046875,5100.0,5363.0498046875,1947589
2024-10-18,4845.61572265625,5216.2001953125,5288.64990234375,5146.0498046875,5217.4501953125,427617
2024-10-21,4869.81494140625,5242.25,5253.85009765625,5085.0498046875,5216.2001953125,740720
2024-10-22,4808.0859375,5175.7998046875,5274.39990234375,5155.0,5263.0,531833
2024-10-23,4780.12451171875,5145.7001953125,5280.0,5120.5498046875,5175.7998046875,411524
2024-10-24,4750.3046875,5113.60009765625,5231.2001953125,5093.60009765625,5160.0498046875,349453
2024-10-25,4619.97265625,4973.2998046875,5144.7001953125,4875.0,5120.0,709797
2024-10-28,4577.705078125,4927.7998046875,5015.85009765625,4896.0498046875,4973.2998046875,419927
2024-10-29,4447.326171875,4787.4501953125,4959.9501953125,4745.0,4927.85009765625,953917
2024-10-30,4560.51953125,4909.2998046875,5037.5,4740.10009765625,4745.0,1039340
2024-10-31,4635.068359375,4989.5498046875,5027.5,4919.9501953125,4937.0,897452
2024-11-01,4663.8193359375,5020.5,5043.0,5010.14990234375,5039.7001953125,49631
2024-11-04,4464.6044921875,4806.0498046875,5127.5,4726.5,5127.5,1676556
2024-11-05,4478.21435546875,4820.7001953125,4878.2998046875,4760.89990234375,4818.0,673746
2024-11-06,4545.19140625,4892.7998046875,4920.0,4841.0,4858.0,602657
2024-11-07,4473.84765625,4816.0,4916.9501953125,4788.0498046875,4916.9501953125,373373
2024-11-08,4430.09423828125,4768.89990234375,4832.0,4735.9501953125,4830.0,333494
2024-11-11,4419.50439453125,4757.5,4786.14990234375,4717.5498046875,4763.0,424955
2024-11-12,4388.56982421875,4724.2001953125,4796.2001953125,4702.7998046875,4757.5,310558
2024-11-13,4198.505859375,4519.60009765625,4696.75,4492.0,4691.64990234375,1304908
2024-11-14,4276.9091796875,4604.0,4630.0,4467.0,4519.60009765625,889483
2024-11-18,4396.74462890625,4733.0,4839.9501953125,4714.10009765625,4834.14990234375,1783519
2024-11-19,4436.50341796875,4775.7998046875,4853.9501953125,4734.5,4759.9501953125,704072
2024-11-21,4429.119140625,4767.85009765625,4820.0,4741.2001953125,4799.9501953125,572418
2024-11-22,4453.50390625,4794.10009765625,4808.39990234375,4742.0,4778.39990234375,394712
2024-11-25,4513.142578125,4858.2998046875,4908.64990234375,4815.0,4850.0,1174601
2024-11-26,4494.935546875,4838.7001953125,4881.25,4801.0498046875,4860.0,384827
2024-11-27,4525.17333984375,4871.25,4893.39990234375,4810.60009765625,4842.0,296689
2024-11-28,4443.65673828125,4783.5,4909.9501953125,4760.10009765625,4894.0,778790
2024-11-29,4423.4052734375,4761.7001953125,4804.4501953125,4732.10009765625,4798.7998046875,462448
2024-12-02,4411.09765625,4748.4501953125,4779.0,4694.60009765625,4733.5,510429
2024-12-03,4363.30224609375,4697.0,4784.0,4690.0,4750.0,664696
2024-12-04,4306.4970703125,4635.85009765625,4725.0,4615.5,4705.0498046875,586762
2024-12-05,4314.392578125,4644.35009765625,4678.0498046875,4588.39990234375,4656.0,796988
2024-12-06,4300.69091796875,4629.60009765625,4720.0,4615.0,4656.9501953125,733835
2024-12-09,4269.431640625,4595.9501953125,4659.60009765625,4590.0,4638.9501953125,329145
2024-12-10,4262.32470703125,4588.2998046875,4614.9501953125,4561.7001953125,4600.0,384707
2024-12-11,4320.0595703125,4650.4501953125,4654.35009765625,4586.25,4586.25,571443
2024-12-12,4233.0166015625,4556.75,4660.14990234375,4542.0,4650.4501953125,821540
2024-12-13,4250.3876953125,4575.4501953125,4583.0,4500.0,4556.75,552194
2024-12-16,4216.52734375,4539.0,4590.0,4515.7001953125,4590.0,835965
2024-12-17,4101.4296875,4415.10009765625,4558.5498046875,4395.60009765625,4513.2998046875,778939
2024-12-18,4077.601806640625,4389.4501953125,4429.89990234375,4372.2001953125,4398.4501953125,738092
2024-12-19,4093.859130859375,4406.9501953125,4458.10009765625,4325.0,4329.5498046875,691740
2024-12-20,4031.619384765625,4339.9501953125,4461.5498046875,4325.0,4406.9501953125,800108
2024-12-23,3969.053955078125,4272.60009765625,4375.5,4258.35009765625,4365.0,931177
2024-12-24,3956.512939453125,4259.10009765625,4315.0,4250.0,4272.60009765625,561434
2024-12-26,3971.283203125,4275.0,4307.85009765625,4255.60009765625,4270.0,375676
2024-12-27,3936.86572265625,4237.9501953125,4348.64990234375,4228.5498046875,4280.5,744900
2024-12-30,3890.092529296875,4187.60009765625,4274.0,4168.25,4252.75,1819173
2024-12-31,3865.010986328125,4160.60009765625,4217.4501953125,4150.0,4162.39990234375,492605
2025-01-01,3887.073486328125,4184.35009765625,4197.0,4130.0,4174.7998046875,329310
2025-01-02,4005.189697265625,4311.5,4322.14990234375,4146.0,4185.0,1062633
2025-01-03,3941.6494140625,4243.10009765625,4299.7998046875,4162.4501953125,4265.4501953125,1269643
2025-01-06,3904.21240234375,4202.7998046875,4300.0,4187.75,4259.0,813031
2025-01-07,3866.357666015625,4162.0498046875,4224.85009765625,4155.2998046875,4200.10009765625,396158
2025-01-08,3844.109375,4138.10009765625,4197.0,4100.0,4197.0,438731
2025-01-09,3847.035400390625,4141.25,4164.39990234375,4112.35009765625,4149.35009765625,340998
2025-01-10,3829.339111328125,4122.2001953125,4164.0,4086.39990234375,4145.0,355269
2025-01-13,3756.369384765625,4043.64990234375,4121.9501953125,3997.5,4100.0,801718
2025-01-14,3811.177734375,4102.64990234375,4134.25,4057.75,4067.0,242769
2025-01-15,3819.770751953125,4111.89990234375,4157.2001953125,4083.14990234375,4123.2001953125,281045
2025-01-16,3784.65625,4074.10009765625,4175.0,4057.949951171875,4170.0,349664
2025-01-17,3806.858154296875,4098.0,4125.0,4050.0,4076.0,211342
2025-01-20,3801.37744140625,4092.10009765625,4117.5,4045.550048828125,4117.5,254936
2025-01-21,3738.8583984375,4024.800048828125,4119.0,4010.0,4092.89990234375,287082
2025-01-22,3767.563232421875,4055.699951171875,4072.0,4027.0,4027.0,272889
2025-01-23,3809.04150390625,4100.35009765625,4115.0,4025.0,4055.699951171875,282745
2025-01-24,3764.033203125,4051.89990234375,4125.0,4041.10009765625,4105.0498046875,216273
2025-01-27,3730.63720703125,4015.949951171875,4074.800048828125,4000.0,4045.0,328160
2025-01-28,3740.298828125,4026.35009765625,4062.300048828125,4000.0,4020.0,444089
2025-01-29,3783.123291015625,4072.449951171875,4114.7998046875,4033.050048828125,4036.0,479893
2025-01-30,3880.98876953125,4177.7998046875,4187.0,4060.050048828125,4079.199951171875,807120
2025-01-31,4030.87548828125,4339.14990234375,4372.7998046875,4176.0,4188.0,1056018
2025-02-01,4089.400146484375,4402.14990234375,4522.9501953125,4236.0498046875,4330.0,1141242
2025-02-03,3982.10546875,4286.64990234375,4430.0,4228.2001953125,4420.0,846135
2025-02-04,3936.075927734375,4237.10009765625,4350.0,4220.0,4324.0,554233
2025-02-05,3967.010009765625,4270.39990234375,4290.0,4212.60009765625,4238.0,408928
2025-02-06,3929.5263671875,4230.0498046875,4334.64990234375,4216.89990234375,4289.0,576470
2025-02-07,3970.958251953125,4274.64990234375,4319.9501953125,4215.60009765625,4319.9501953125,1344288
2025-02-10,3898.31396484375,4196.4501953125,4320.9501953125,4170.10009765625,4306.2998046875,779450
2025-02-11,3795.29296875,4085.550048828125,4239.0,4071.0,4200.0,593081
2025-02-12,3824.051025390625,4015.75,4066.60009765625,3955.050048828125,4007.0,619474
2025-02-13,3767.677001953125,3956.550048828125,4025.10009765625,3945.10009765625,4005.0,557075
2025-02-14,3678.021484375,3862.39990234375,3981.10009765625,3850.0,3960.050048828125,475952
2025-02-17,3691.400634765625,3876.449951171875,3886.14990234375,3757.64990234375,3845.050048828125,913565
2025-02-18,3657.1669921875,3840.5,3891.89990234375,3810.0,3880.0,482022
2025-02-19,3693.97216796875,3879.14990234375,3898.89990234375,3815.0,3840.89990234375,453662
2025-02-20,3722.492431640625,3909.10009765625,3938.0,3855.5,3864.5,438563
2025-02-21,3668.689453125,3852.60009765625,3916.85009765625,3828.64990234375,3900.0,426337
2025-02-24,3699.39990234375,3884.85009765625,3891.10009765625,3800.10009765625,3839.85009765625,272543
2025-02-25,3645.501708984375,3828.25,3883.300048828125,3817.10009765625,3877.0,661184
2025-02-27,3580.081298828125,3759.550048828125,3810.300048828125,3725.25,3808.14990234375,877741
2025-02-28,3505.37646484375,3681.10009765625,3746.949951171875,3662.14990234375,3745.60009765625,995134
2025-03-03,3457.4296875,3630.75,3715.0,3617.0,3644.050048828125,691809
2025-03-04,3347.0625,3514.85009765625,3639.89990234375,3495.0,3625.0,946922
2025-03-05,3417.4345703125,3588.75,3609.60009765625,3513.5,3515.0,611959
2025-03-06,3474.570556640625,3648.75,3658.0,3582.699951171875,3629.5,654829
2025-03-07,3478.1416015625,3652.5,3733.699951171875,3625.0,3664.0,621576
2025-03-10,3411.816650390625,3582.85009765625,3665.75,3575.699951171875,3653.0,675889
2025-03-11,3476.3798828125,3650.64990234375,3663.5,3552.75,3579.0,618870
2025-03-12,3437.908447265625,3610.25,3669.449951171875,3597.0,3650.64990234375,385877
2025-03-13,3360.679931640625,3529.14990234375,3625.550048828125,3524.35009765625,3625.0,359751
2025-03-17,3326.3505859375,3493.10009765625,3549.0,3461.60009765625,3486.0,673556
2025-03-18,3326.3505859375,3493.10009765625,3493.10009765625,3493.10009765625,3493.10009765625,0
2025-03-19,3368.155029296875,3537.0,3588.85009765625,3514.14990234375,3585.0,674188
2025-03-20,3425.43359375,3597.14990234375,3634.0,3561.25,3579.0,771668
2025-03-21,3455.76318359375,3629.0,3711.89990234375,3611.75,3629.0,1195882
2025-03-24,3453.23974609375,3626.35009765625,3687.35009765625,3582.85009765625,3658.0,663262
2025-03-25,3454.763427734375,3627.949951171875,3675.699951171875,3615.0,3652.5,544164
2025-03-26,3471.904296875,3645.949951171875,3669.300048828125,3605.39990234375,3650.0,755658
2025-03-27,3591.984619140625,3772.050048828125,3789.0,3610.35009765625,3634.0,1525094
2025-03-28,3545.228515625,3722.949951171875,3808.75,3707.35009765625,3779.0,509889
2025-04-01,3582.4619140625,3762.050048828125,3816.60009765625,3707.35009765625,3707.35009765625,506307
2025-04-02,3603.31640625,3783.949951171875,3789.800048828125,3732.89990234375,3770.0,321687
2025-04-03,3574.177490234375,3753.35009765625,3807.10009765625,3735.64990234375,3780.0,339509
2025-04-04,3484.521484375,3659.199951171875,3744.949951171875,3632.550048828125,3744.949951171875,330498
2025-04-07,3358.537109375,3526.89990234375,3545.0,3344.0,3478.949951171875,605866
2025-04-08,3403.53125,3574.14990234375,3622.89990234375,3510.25,3600.0,450859
2025-04-09,3438.52734375,3610.89990234375,3678.75,3538.0,3590.0,584571
2025-04-11,3490.9970703125,3666.0,3704.10009765625,3620.449951171875,3620.449951171875,436704
2025-04-15,3622.314208984375,3803.89990234375,3816.0,3686.5,3749.0,604277
2025-04-16,3601.3642578125,3781.89990234375,3816.60009765625,3742.0,3809.0,491227
2025-04-17,3591.74658203125,3771.800048828125,3797.60009765625,3664.300048828125,3781.89990234375,970749
2025-04-21,3730.01513671875,3917.0,3932.5,3756.0,3794.0,1031160
2025-04-22,3650.5966796875,3833.60009765625,3902.89990234375,3821.199951171875,3901.0,927543
2025-04-23,3752.39306640625,3940.5,3954.199951171875,3822.60009765625,3862.10009765625,800615
2025-04-24,3765.724853515625,3954.5,3988.0,3924.89990234375,3940.60009765625,1227984
2025-04-25,3709.54150390625,3895.5,3994.10009765625,3839.89990234375,3960.0,652719
2025-04-28,3724.96826171875,3911.699951171875,3935.0,3846.5,3895.0,521342
2025-04-29,3668.784423828125,3852.699951171875,3953.89990234375,3846.39990234375,3935.5,428581
2025-04-30,3644.6923828125,3827.39990234375,3867.5,3806.5,3852.699951171875,892342
2025-05-02,3558.988525390625,3737.39990234375,3914.0,3725.0,3803.60009765625,881303
2025-05-05,3587.746826171875,3767.60009765625,3794.5,3742.300048828125,3769.0,640182
2025-05-06,3687.73486328125,3872.60009765625,3908.0,3781.0,3785.0,1210118
2025-05-07,3683.354248046875,3868.0,3894.800048828125,3813.60009765625,3820.0,448141
2025-05-08,3619.076416015625,3800.5,3875.0,3775.699951171875,3869.0,739365
2025-05-09,3669.927001953125,3853.89990234375,3896.10009765625,3735.0,3735.0,859973
2025-05-12,3794.673583984375,3984.89990234375,3999.5,3910.0,3929.89990234375,547435
2025-05-13,3869.6171875,4063.60009765625,4098.39990234375,3957.5,3999.0,1197629
2025-05-14,3873.044921875,4067.199951171875,4107.7998046875,3933.0,4070.0,1199813
2025-05-15,4118.53857421875,4325.0,4347.0,4067.199951171875,4083.0,2629014
2025-05-16,4137.869140625,4345.2998046875,4363.0,4294.2998046875,4330.0,765257
2025-05-19,4178.24560546875,4387.7001953125,4454.60009765625,4323.10009765625,4323.10009765625,753807
2025-05-20,4039.119873046875,4241.60009765625,4437.2001953125,4231.39990234375,4409.0,842529
2025-05-21,4060.260009765625,4263.7998046875,4288.89990234375,4212.0,4241.0,396931
2025-05-22,4072.162841796875,4276.2998046875,4284.0,4202.89990234375,4250.0,394809
2025-05-23,4103.11181640625,4308.7998046875,4335.0,4276.39990234375,4288.89990234375,461297
2025-05-26,4151.29638671875,4359.39990234375,4418.2998046875,4300.0,4309.89990234375,765160
2025-05-27,4131.1083984375,4338.2001953125,4374.89990234375,4300.0,4370.5,411809
2025-05-28,4153.962890625,4362.2001953125,4383.39990234375,4310.5,4368.0,424160
2025-05-29,4148.63037109375,4356.60009765625,4384.0,4332.10009765625,4384.0,369150
2025-05-30,4103.587890625,4309.2998046875,4380.0,4289.2998046875,4341.60009765625,914311
2025-06-02,4030.263671875,4232.2998046875,4318.7001953125,4196.0,4310.10009765625,771163
2025-06-03,4007.695068359375,4208.60009765625,4280.5,4201.0,4250.0,417447
2025-06-04,4000.0771484375,4200.60009765625,4240.7001953125,4191.2998046875,4213.0,353642
2025-06-05,3979.4130859375,4178.89990234375,4227.7998046875,4172.7998046875,4227.7998046875,394746
2025-06-06,4064.25927734375,4268.0,4296.89990234375,4158.10009765625,4189.0,551467
2025-06-09,4141.7734375,4349.39990234375,4360.0,4275.0,4304.89990234375,495256
2025-06-10,4169.9609375,4379.0,4392.0,4329.7001953125,4370.10009765625,469185
2025-06-11,4199.76611328125,4410.2998046875,4486.7001953125,4365.89990234375,4375.0,1241569
2025-06-12,4154.53369140625,4362.7998046875,4425.0,4340.0,4410.2998046875,813687
2025-06-13,4126.91845703125,4333.7998046875,4347.0,4251.39990234375,4266.10009765625,521000
2025-06-16,4156.1533203125,4364.5,4414.10009765625,4312.5,4316.0,360242
2025-06-17,4162.3427734375,4371.0,4390.0,4333.7998046875,4369.0,331648
2025-06-18,4149.8681640625,4357.89990234375,4432.0,4350.0,4352.0,370443
2025-06-19,4175.0078125,4384.2998046875,4404.0,4350.2998046875,4374.89990234375,425692
2025-06-20,4131.39404296875,4338.5,4382.39990234375,4204.89990234375,4380.5,1159015
2025-06-23,4050.071044921875,4253.10009765625,4324.7001953125,4245.0,4320.0,580717
2025-06-24,4087.590087890625,4292.5,4330.0,4262.0,4283.10009765625,469217
2025-06-25,4095.49365234375,4300.7998046875,4357.89990234375,4290.0,4301.5,412213
2025-06-26,4073.7822265625,4278.0,4324.89990234375,4248.10009765625,4305.89990234375,795726
2025-06-27,4114.06298828125,4320.2998046875,4349.89990234375,4285.0,4299.0,543489
2025-06-30,4034.834716796875,4237.10009765625,4344.0,4211.0,4344.0,871009
2025-07-01,4024.264404296875,4226.0,4264.0,4190.10009765625,4258.2998046875,480538
2025-07-02,4041.119873046875,4243.7001953125,4324.60009765625,4230.10009765625,4284.39990234375,808159
2025-07-03,4104.826171875,4310.60009765625,4350.0,4238.0,4244.0,650625
2025-07-04,4137.58349609375,4345.0,4374.7001953125,4307.10009765625,4325.0,437195
2025-07-07,4101.3974609375,4307.0,4359.60009765625,4293.0,4340.0,353771
2025-07-08,4095.113037109375,4300.39990234375,4329.0,4240.0,4305.10009765625,467771
2025-07-09,4126.25146484375,4333.10009765625,4344.0,4290.2001953125,4300.0,276485
2025-07-10,4115.0146484375,4321.2998046875,4348.89990234375,4310.0,4330.10009765625,368728
2025-07-11,4017.31298828125,4218.7001953125,4340.0,4190.0,4300.10009765625,556464
2025-07-14,4048.738037109375,4251.7001953125,4259.0,4197.2001953125,4219.0,293675
2025-07-15,4241.38037109375,4454.0,4465.0,4260.10009765625,4275.7998046875,1756329
2025-07-16,4213.28857421875,4424.5,4470.0,4371.0,4454.0,791606
2025-07-17,4231.47705078125,4443.60009765625,4463.89990234375,4412.0,4437.0,414759
2025-07-18,4186.81591796875,4396.7001953125,4484.0,4387.2001953125,4450.0,370997
2025-07-21,4197.76708984375,4408.2001953125,4422.0,4346.2001953125,4410.0,269975
2025-07-22,4135.10791015625,4342.39990234375,4431.7001953125,4318.7998046875,4418.0,463290
2025-07-23,4155.39111328125,4363.7001953125,4377.0,4325.89990234375,4360.0,376802
2025-07-24,4158.484375,4301.89990234375,4320.0,4255.10009765625,4310.0,584473
2025-07-25,4089.658203125,4230.7001953125,4290.7998046875,4195.0,4278.0,630896
2025-07-28,4148.04443359375,4291.10009765625,4307.0,4215.5,4215.5,462891
2025-07-29,4181.00830078125,4325.2001953125,4334.39990234375,4265.60009765625,4290.0,422393
2025-07-30,4109.57080078125,4251.2998046875,4325.7998046875,4215.7001953125,4311.0,547169
2025-07-31,4118.65771484375,4260.7001953125,4303.0,4201.0,4210.0,446590
2025-08-01,4167.86083984375,4311.60009765625,4322.0,4240.0,4255.10009765625,473918
2025-08-04,4384.68310546875,4535.89990234375,4550.0,4310.10009765625,4315.89990234375,1454995
2025-08-05,4395.22021484375,4546.7998046875,4581.5,4515.89990234375,4536.0,803505
2025-08-06,4325.716796875,4474.89990234375,4549.89990234375,4462.10009765625,4549.60009765625,574216
2025-08-07,4505.32275390625,4660.7001953125,4674.89990234375,4422.2998046875,4430.0,2121194
2025-08-08,4446.45263671875,4599.7998046875,4712.0,4588.10009765625,4660.0,972461
2025-08-11,4410.1064453125,4562.2001953125,4624.7001953125,4539.0,4603.0,455558
2025-08-12,4490.33984375,4645.2001953125,4669.60009765625,4571.0,4589.0,723767
2025-08-13,4609.72265625,4768.7001953125,4793.5,4650.2001953125,4668.2998046875,1342794
2025-08-14,4551.142578125,4708.10009765625,4773.5,4690.5,4770.0,373862
2025-08-18,4817.8447265625,4984.0,5119.0,4900.0,4900.0,3698091
2025-08-19,4947.5712890625,5118.2001953125,5139.0,4984.0,4984.0,1509894
2025-08-20,4964.77734375,5136.0,5165.0,5111.10009765625,5120.0,916240
2025-08-21,4927.17431640625,5097.10009765625,5158.89990234375,5040.0,5136.0,819430
2025-08-22,4831.28125,4997.89990234375,5123.2998046875,4982.0,5097.10009765625,1357460
2025-08-25,4894.984375,5063.7998046875,5079.89990234375,4976.0,5010.0,693190
2025-08-26,4904.26416015625,5073.39990234375,5143.0,5041.0,5063.7998046875,1662083
2025-08-28,4921.95458984375,5091.7001953125,5246.0,5078.39990234375,5230.0,1584393
2025-08-29,4918.08740234375,5087.7001953125,5148.2998046875,5061.39990234375,5099.5,783364
2025-09-01,5069.1767578125,5244.0,5259.5,5109.5,5113.5,659443
2025-09-02,5134.90966796875,5312.0,5348.0,5208.0,5290.0,962257
2025-09-03,5170.6767578125,5349.0,5363.5,5256.5,5325.0,659989
2025-09-04,5172.60986328125,5351.0,5519.0,5341.0,5505.0,1187848
2025-09-05,5184.20947265625,5363.0,5419.5,5348.5,5360.0,517415
2025-09-08,5261.54248046875,5443.0,5524.5,5335.0,5370.0,726543
2025-09-09,5242.69287109375,5423.5,5488.0,5391.0,5465.5,608443
2025-09-10,5172.12646484375,5350.5,5458.0,5317.5,5450.0,536616
2025-09-11,5125.2431640625,5302.0,5363.0,5286.0,5350.5,765635
2025-09-12,5124.759765625,5301.5,5389.5,5286.0,5306.0,537933
2025-09-15,5112.193359375,5288.5,5356.0,5268.0,5324.0,588879
2025-09-16,5138.77685546875,5316.0,5349.0,5284.0,5307.0,925160
2025-09-17,5171.64306640625,5350.0,5388.0,5310.5,5344.0,616629
2025-09-18,5190.9765625,5370.0,5387.0,5340.0,5360.0,420977
2025-09-19,5227.70947265625,5408.0,5435.0,5372.0,5390.0,579031
2025-09-22,5248.49267578125,5429.5,5499.0,5400.0,5409.0,672445
2025-09-23,5191.4599609375,5370.5,5514.0,5351.0,5450.0,507377
2025-09-24,5101.07666015625,5277.0,5376.0,5265.0,5370.0,410267
2025-09-25,5175.9931640625,5354.5,5374.0,5231.0,5270.0,640474
2025-09-26,5150.37646484375,5328.0,5454.0,5308.5,5354.5,689941
2025-09-29,5123.79345703125,5300.5,5429.0,5269.0,5328.0,8318930
2025-09-30,5290.05908203125,5472.5,5483.5,5323.0,5323.0,1141788
2025-10-01,5251.392578125,5432.5,5519.0,5410.0,5472.5,701001
2025-10-03,5365.458984375,5550.5,5584.0,5370.5,5465.0,1634394
2025-10-06,5395.42529296875,5581.5,5595.0,5527.0,5527.0,844413
2025-10-07,5427.80859375,5615.0,5649.0,5572.5,5581.5,858678
2025-10-08,5328.7255859375,5512.5,5659.0,5492.5,5612.0,789561
2025-10-09,5328.24267578125,5512.0,5537.0,5466.0,5515.0,872880
2025-10-10,5316.642578125,5500.0,5567.5,5476.5,5512.0,835407
2025-10-13,5373.67529296875,5559.0,5581.0,5484.5,5500.0,417645
2025-10-14,5385.7587890625,5571.5,5591.0,5540.0,5582.5,375269
2025-10-15,5352.892578125,5537.5,5609.0,5447.0,5580.0,484777
2025-10-16,5393.4921875,5579.5,5612.0,5551.5,5577.0,294066
2025-10-17,5406.05859375,5592.5,5625.0,5550.5,5582.0,435204
2025-10-20,5452.94189453125,5641.0,5694.0,5606.5,5620.0,368799
2025-10-21,5458.2587890625,5646.5,5668.0,5631.0,5667.0,40575
2025-10-23,5402.1923828125,5588.5,5717.0,5561.5,5715.0,489097
2025-10-24,5355.79248046875,5540.5,5625.0,5484.5,5615.0,546761
2025-10-27,5458.2587890625,5646.5,5662.0,5550.0,5570.0,424721
2025-10-28,5422.49169921875,5609.5,5665.0,5575.0,5640.0,539756
2025-10-29,5366.42578125,5551.5,5638.5,5527.0,5637.5,432099
2025-10-30,5331.142578125,5515.0,5587.5,5493.0,5570.5,402078
2025-10-31,5359.17578125,5544.0,5625.0,5501.0,5514.5,424188
2025-11-03,5354.34228515625,5539.0,5579.5,5482.0,5579.5,223771
2025-11-04,5132.009765625,5309.0,5475.0,5252.5,5475.0,2003141
2025-11-06,5148.443359375,5326.0,5408.5,5305.0,5352.5,815323
2025-11-07,5119.443359375,5296.0,5324.0,5258.0,5305.0,436406
2025-11-10,5180.826171875,5359.5,5410.0,5300.5,5310.0,347961
2025-11-11,5236.892578125,5417.5,5430.0,5331.0,5375.5,348232
2025-11-12,5349.50927734375,5534.0,5557.0,5421.5,5440.0,534031
2025-11-13,5324.859375,5508.5,5594.5,5485.5,5554.0,585663
2025-11-14,5353.85888671875,5538.5,5629.5,5462.5,5521.5,938647
2025-11-17,5605.19091796875,5798.5,5810.0,5571.0,5589.0,1770568
2025-11-18,5606.158203125,5799.5,5882.0,5789.5,5820.0,1182455
2025-11-19,5680.59130859375,5876.5,5916.5,5835.0,5851.0,935374
2025-11-20,5799.490234375,5999.5,6042.0,5921.5,5950.0,1276202
2025-11-21,5802.39013671875,6002.5,6038.0,5957.5,5970.0,703572
2025-11-24,5782.57373046875,5982.0,6049.0,5972.0,6003.0,1349305
2025-11-25,5878.75634765625,6081.5,6087.5,5969.5,6000.0,707293
2025-11-26,5931.92333984375,6136.5,6146.0,6052.0,6083.5,452071
2025-11-27,5945.939453125,6151.0,6200.0,6097.0,6137.0,352120
2025-11-28,5968.65625,6174.5,6239.0,6128.0,6152.0,504441
2025-12-01,6085.6220703125,6295.5,6333.5,6210.5,6230.0,912454
2025-12-02,6061.45556640625,6270.5,6340.0,6231.0,6330.0,809216
2025-12-03,6004.4228515625,6211.5,6294.0,6191.0,6294.0,543787
2025-12-04,6128.638671875,6340.0,6351.0,6239.5,6248.0,883433
2025-12-05,6138.78857421875,6350.5,6388.5,6305.0,6335.0,651633
2025-12-08,5961.40625,6167.0,6351.0,6144.5,6310.0,707514
2025-12-09,5800.93994140625,6001.0,6164.0,5966.0,6164.0,1186776
2025-12-10,5747.29052734375,5945.5,6044.5,5915.5,6028.0,820197
2025-12-11,5780.1572265625,5979.5,6019.5,5905.5,5945.5,695094
2025-12-12,5761.30712890625,5960.0,6037.5,5950.5,6003.5,679186
2025-12-15,5760.82373046875,5959.5,5976.5,5876.5,5939.5,652031
2025-12-16,5748.2568359375,5946.5,5986.0,5932.5,5960.5,388048
2025-12-17,5623.07421875,5817.0,5971.0,5782.0,5970.0,538205
2025-12-18,5556.8583984375,5748.5,5785.0,5513.0,5785.0,1016539
2025-12-19,5588.27490234375,5781.0,5797.5,5725.0,5725.0,769295
2025-12-22,5509.49169921875,5699.5,5793.5,5681.0,5793.5,1213460
2025-12-23,5552.5078125,5744.0,5752.5,5695.0,5710.0,351302
2025-12-24,5508.52490234375,5698.5,5750.0,5690.0,5744.0,313655
2025-12-26,5449.0751953125,5637.0,5720.0,5611.0,5698.5,249826
2025-12-29,5380.4423828125,5566.0,5651.0,5550.5,5637.0,572147
2025-12-30,5520.6083984375,5711.0,5742.5,5566.5,5570.0,2980473
2025-12-31,5578.6083984375,5771.0,5785.5,5684.5,5709.5,473265
2026-01-01,5646.7578125,5841.5,5856.0,5730.0,5771.0,384697
2026-01-02,5735.20703125,5933.0,6029.5,5875.0,5900.0,1069537
2026-01-05,5785.95703125,5985.5,6045.0,5925.0,5960.0,653817
2026-01-06,5799.9736328125,6000.0,6037.0,5960.0,6010.0,453152
2026-01-07,5781.60693359375,5981.0,6049.0,5944.0,6033.5,609748
2026-01-08,5654.97412109375,5850.0,5985.0,5830.0,5981.0,562060
2026-01-09,5580.541015625,5773.0,5891.0,5751.0,5850.0,500234
2026-01-12,5535.591796875,5726.5,5792.0,5627.0,5773.0,314329
2026-01-13,5543.32470703125,5734.5,5780.0,5680.5,5780.0,336437
2026-01-14,5487.25830078125,5676.5,5741.0,5640.0,5720.0,368182
2026-01-15,5487.25830078125,5676.5,5676.5,5676.5,5676.5,0
2026-01-16,5463.091796875,5651.5,5732.0,5617.5,5622.0,588398
2026-01-19,5570.3916015625,5762.5,5787.5,5590.0,5625.0,581040
2026-01-20,5394.45849609375,5580.5,5845.0,5555.0,5779.0,394664
2026-01-21,5353.85888671875,5538.5,5642.0,5504.0,5580.5,406596
2026-01-22,5305.52587890625,5488.5,5665.0,5465.5,5593.0,401574
2026-01-23,5204.509765625,5384.0,5524.5,5368.0,5514.0,460330
2026-01-27,5200.64306640625,5380.0,5424.5,5298.5,5418.0,400942
2026-01-28,5328.7255859375,5512.5,5524.0,5328.5,5407.0,547414
2026-01-29,5393.9755859375,5580.0,5595.0,5472.0,5522.0,337842
2026-01-30,5349.50927734375,5534.0,5595.0,5465.0,5540.5,466102
2026-02-02,5435.5419921875,5623.0,5650.5,5418.0,5550.0,449861
2026-02-03,5570.87451171875,5763.0,5791.0,5676.5,5734.0,592655
2026-02-04,5656.42431640625,5851.5,5878.0,5716.5,5747.0,490202
2026-02-05,5573.7744140625,5766.0,5890.0,5745.0,5880.5,331312
2026-02-06,5561.69140625,5753.5,5841.0,5715.5,5772.0,770475
2026-02-09,5564.59130859375,5756.5,5816.0,5667.0,5800.0,543956
2026-02-10,5561.69140625,5753.5,5845.0,5718.0,5785.0,816528
2026-02-11,5600.1259765625,5682.5,5750.0,5546.0,5695.0,684908
2026-02-12,5649.89404296875,5733.0,5805.0,5683.5,5704.0,560676
2026-02-13,5503.0537109375,5584.0,5724.5,5560.0,5702.0,394003
2026-02-16,5412.3876953125,5492.0,5623.5,5459.0,5578.0,285719
2026-02-17,5496.1552734375,5577.0,5588.0,5446.5,5490.0,288723
2026-02-18,5510.93798828125,5592.0,5628.0,5546.5,5595.0,197770
2026-02-19,5336.0107421875,5414.5,5644.5,5387.5,5600.0,307768
2026-02-20,5385.77880859375,5465.0,5472.0,5375.0,5400.0,560735
2026-02-23,5408.93798828125,5488.5,5549.0,5437.0,5504.5,310190
2026-02-24,5431.11181640625,5511.0,5523.0,5436.5,5480.0,396015
2026-02-25,5654.32861328125,5737.5,5840.0,5500.5,5511.0,898486
2026-02-26,5703.111328125,5787.0,5829.0,5718.5,5760.0,489797
2026-02-27,5627.2275390625,5710.0,5800.0,5689.0,5775.0,584546
2026-03-02,5510.4453125,5591.5,5725.0,5503.0,5565.0,432301
2026-03-04,5420.271484375,5500.0,5529.0,5427.5,5520.0,455955
2026-03-05,5507.48876953125,5588.5,5622.5,5480.0,5513.5,545405
2026-03-06,5432.59033203125,5512.5,5571.5,5490.0,5571.0,431008
2026-03-09,5400.5615234375,5480.0,5510.0,5337.5,5447.0,306358
2026-03-10,5628.70556640625,5711.5,5733.5,5527.5,5546.5,493375
2026-03-11,5494.18408203125,5575.0,5766.0,5554.0,5729.5,511965
2026-03-12,5316.30078125,5394.5,5589.0,5376.0,5589.0,476478
2026-03-13,5130.533203125,5206.0,5377.5,5168.0,5338.0,496250
2026-03-16,5201.982421875,5278.5,5329.0,5124.5,5198.5,466610
2026-03-17,5277.37353515625,5355.0,5384.0,5232.0,5276.5,403766
2026-03-18,5347.34423828125,5426.0,5488.0,5365.0,5370.0,390261
2026-03-19,5097.51904296875,5172.5,5366.5,5151.0,5349.0,397483
2026-03-20,5199.02587890625,5275.5,5367.5,5216.0,5218.0,1043098
2026-03-23,4991.5771484375,5065.0,5200.0,5051.0,5191.0,340775
2026-03-24,5176.85205078125,5253.0,5317.0,5124.5,5185.0,435050
2026-03-25,5212.82275390625,5289.5,5364.0,5278.0,5305.0,531702
2026-03-27,5068.44677734375,5143.0,5244.0,5125.5,5212.0,535331
2026-03-30,4989.6064453125,5063.0,5140.0,5037.5,5068.0,704213
2026-04-01,5047.7509765625,5122.0,5244.0,5077.5,5152.0,546972
2026-04-02,4938.85302734375,5011.5,5077.0,4904.0,5076.0,753867
2026-04-06,5029.51904296875,5103.5,5122.5,4985.5,5019.5,348536
2026-04-07,4977.7802734375,5051.0,5084.0,4932.0,5075.0,429282
2026-04-08,5210.85205078125,5287.5,5349.5,5243.0,5250.0,790692
2026-04-09,5207.40283203125,5284.0,5380.0,5204.0,5287.5,760419
2026-04-10,5387.25732421875,5466.5,5484.5,5295.5,5297.0,855903
2026-04-13,5170.93896484375,5247.0,5375.0,5202.5,5325.0,743470
2026-04-15,5210.85205078125,5287.5,5361.5,5275.0,5361.5,651858
2026-04-16,5084.70751953125,5159.5,5349.0,5129.5,5315.0,920301
2026-04-17,5154.67822265625,5230.5,5250.0,5130.5,5136.5,545014
2026-04-20,5205.92431640625,5282.5,5318.0,5210.0,5230.5,654258
2026-04-21,5182.76513671875,5259.0,5310.0,5252.0,5260.0,321063
2026-04-22,5113.77978515625,5189.0,5291.0,5178.0,5255.5,293830
2026-04-23,4959.0556640625,5032.0,5160.0,4995.0,5150.0,628266
2026-04-24,4889.57763671875,4961.5,5060.5,4941.5,5035.5,520325
2026-04-27,4969.89599609375,5043.0,5098.0,5005.5,5012.5,448144
2026-04-28,4994.53369140625,5068.0,5105.5,5019.0,5042.5,667998
2026-04-29,5040.35986328125,5114.5,5208.5,5081.5,5094.0,474261
2026-04-30,5025.08447265625,5099.0,5114.5,5020.0,5080.0,478138
2026-05-01,5025.08447265625,5099.0,5099.0,5099.0,5099.0,0
2026-05-04,4993.0556640625,5066.5,5237.0,5006.0,5186.0,617748
2026-05-05,5034.939453125,5109.0,5135.0,5018.0,5060.0,573411
2026-05-06,5095.05517578125,5170.0,5281.0,4950.0,5240.0,2717300
2026-05-07,5265.54736328125,5343.0,5458.5,5189.5,5235.0,1775531
2026-05-08,5244.85205078125,5322.0,5398.5,5265.0,5341.0,558660
2026-05-11,5152.70703125,5228.5,5283.5,5146.0,5262.5,447686
2026-05-12,5008.82373046875,5082.5,5270.0,5070.0,5230.0,391060
2026-05-13,4922.591796875,4995.0,5128.0,4977.0,5117.5,494571
2026-05-14,5003.4033203125,5077.0,5091.0,4880.0,5020.0,594448
2026-05-15,4991.08447265625,5064.5,5139.5,5044.0,5082.0,425856
2026-05-18,4885.14306640625,4957.0,5034.5,4924.0,5034.5,434446
2026-05-19,4934.91064453125,5007.5,5040.0,4932.5,4944.5,560327
2026-05-20,4895.9833984375,4968.0,5015.0,4902.0,4967.0,416572
2026-05-21,4897.4619140625,4969.5,5039.5,4955.5,5020.0,335986
2026-05-22,4894.01220703125,4966.0,5014.5,4950.0,4970.0,284550
2026-05-25,4906.82421875,4979.0,5065.5,4948.0,5026.0,445788
2026-05-26,4910.76611328125,4983.0,5029.0,4953.0,4979.0,413024
2026-05-27,5001.43212890625,5075.0,5102.0,4980.0,4993.0,460843
2026-05-28,5001.43212890625,5075.0,5075.0,5075.0,5075.0,0
2026-05-29,4831.92578125,4903.0,5140.0,4875.5,5115.0,1648645
2026-06-01,4750.0302734375,4819.89990234375,4969.0,4761.0,4915.5,856536
2026-06-02,4804.33154296875,4875.0,4892.10009765625,4747.10009765625,4838.39990234375,703263
2026-06-03,4770.7255859375,4840.89990234375,4873.7998046875,4815.0,4856.0,571637
2026-06-04,4811.525390625,4882.2998046875,4980.0,4850.39990234375,4850.39990234375,783946
2026-06-05,4764.91162109375,4835.0,4904.5,4791.10009765625,4898.0,654540
2026-06-08,4706.27392578125,4775.5,4836.60009765625,4760.60009765625,4795.0,296366
2026-06-09,4785.015625,4855.39990234375,4872.2001953125,4768.60009765625,4791.60009765625,481952
2026-06-10,4786.296875,4856.7001953125,4985.0,4842.2998046875,4850.60009765625,632203
2026-06-11,4766.09423828125,4836.2001953125,4875.0,4810.2001953125,4840.60009765625,365084
2026-06-12,4890.66162109375,4962.60009765625,4969.0,4868.39990234375,4913.0,435472
2026-06-15,4951.171875,5024.0,5073.39990234375,5005.39990234375,5030.0,575605
2026-06-16,4958.0703125,5031.0,5052.0,4996.0,5050.0,456693
2026-06-17,4943.681640625,5016.39990234375,5048.0,4971.60009765625,5048.0,354200
2026-06-18,4948.806640625,5021.60009765625,5048.0,4980.0,5024.60009765625,357138
2026-06-19,4902.783203125,4974.89990234375,5018.39990234375,4932.2001953125,5009.7001953125,461353
2026-06-22,4911.4560546875,4983.7001953125,5028.0,4961.5,5007.0,569422
2026-06-23,4902.48779296875,4974.60009765625,5012.10009765625,4953.0,4979.0,332377
2026-06-24,4826.2099609375,4897.2001953125,5000.0,4883.0,4983.0,554117
2026-06-25,4825.1259765625,4896.10009765625,5044.0,4877.2001953125,4954.89990234375,1282928
2026-06-26,4825.1259765625,4896.10009765625,4896.10009765625,4896.10009765625,4896.10009765625,0
2026-06-29,4743.82177734375,4813.60009765625,4925.39990234375,4786.0,4859.0,3355142
2026-06-30,4724.80126953125,4794.2998046875,4840.0,4671.5,4815.5,1121686
2026-07-01,4764.81298828125,4834.89990234375,4893.89990234375,4774.0,4818.89990234375,820162
2026-07-02,4796.54638671875,4867.10009765625,4893.0,4792.0,4879.39990234375,775927
2026-07-03,4782.25634765625,4852.60009765625,4913.7998046875,4826.5,4900.0,507590
2026-07-06,4872.7255859375,4944.39990234375,4948.7998046875,4824.0,4862.89990234375,629194
2026-07-07,4922.986328125,4995.39990234375,5024.0,4944.39990234375,4965.0,676040
2026-07-08,4821.87353515625,4892.7998046875,4975.0,4876.0,4975.0,888966
2026-07-09,4827.49072265625,4898.5,4915.0,4828.0,4880.0,534195
2026-07-10,4877.357421875,4949.10009765625,4968.0,4888.10009765625,4923.39990234375,686707
