Date,Adj Close,Close,High,Low,Open,Volume
2005-01-03,401.0523986816406,470.3500061035156,472.45001220703125,463.1000061035156,465.0,1538102
2005-01-04,395.510009765625,463.8500061035156,474.0,462.0,472.8999938964844,2312917
2005-01-05,380.8440856933594,446.6499938964844,480.0,430.0,465.0,2394444
2005-01-06,372.232177734375,436.54998779296875,454.0,432.0,451.0,2399370
2005-01-07,375.7281494140625,440.6499938964844,443.79998779296875,436.0,440.0,1223939
2005-01-10,361.40325927734375,423.8500061035156,444.0,420.5,444.0,1549423
2005-01-11,364.3876037597656,427.3500061035156,434.70001220703125,422.04998779296875,424.0,2085983
2005-01-12,351.9813232421875,412.79998779296875,435.5,408.0,430.8999938964844,2284901
2005-01-13,372.8716125488281,437.29998779296875,443.79998779296875,417.5,417.5,3121027
2005-01-14,357.90728759765625,419.75,439.8999938964844,417.0,439.8999938964844,2958265
2005-01-17,358.6746826171875,420.6499938964844,428.0,414.70001220703125,428.0,1719245
2005-01-18,356.88409423828125,418.54998779296875,427.70001220703125,415.6499938964844,423.0,2553295
2005-01-19,348.01641845703125,408.1499938964844,422.1000061035156,405.1499938964844,419.29998779296875,1721974
2005-01-20,336.5906066894531,394.75,406.0,389.1499938964844,406.0,3320697
2005-01-24,349.8922424316406,410.3500061035156,412.0,395.0,396.0,4570076
2005-01-25,359.5700988769531,421.70001220703125,423.0,407.1000061035156,408.0,3039705
2005-01-27,373.4259033203125,437.95001220703125,439.8999938964844,423.1499938964844,424.0,5011692
2005-01-28,382.592041015625,448.70001220703125,450.3999938964844,430.0,438.6000061035156,3131902
2005-01-31,386.8980407714844,453.75,455.5,448.54998779296875,452.0,1944413
2005-02-01,383.31683349609375,449.54998779296875,457.0,442.1000061035156,457.0,2634893
2005-02-02,383.8284912109375,450.1499938964844,454.5,445.0,445.0,1877102
2005-02-03,392.44036865234375,460.25,462.0,450.1000061035156,450.1000061035156,1702495
2005-02-04,394.8279113769531,463.04998779296875,465.70001220703125,452.1499938964844,462.6499938964844,2084505
2005-02-07,391.5024108886719,459.1499938964844,467.5,455.0,464.0,1154572
2005-02-08,396.9595031738281,465.54998779296875,470.29998779296875,453.6000061035156,461.0,2738393
2005-02-09,416.01666259765625,487.8999938964844,489.75,463.0,466.5,5194546
2005-02-10,410.26123046875,481.1499938964844,492.0,478.1499938964844,490.0,2421244
2005-02-11,426.675048828125,500.3999938964844,502.5,480.0,481.20001220703125,3749050
2005-02-14,418.7025451660156,491.04998779296875,507.5,486.54998779296875,507.5,2866704
2005-02-15,417.8498840332031,490.04998779296875,494.95001220703125,487.3500061035156,492.0,2240671
2005-02-16,402.2887268066406,471.79998779296875,493.0,468.1000061035156,491.20001220703125,2371155
2005-02-17,403.8661193847656,473.6499938964844,475.5,467.04998779296875,474.3999938964844,2340274
2005-02-18,394.8705139160156,463.1000061035156,477.8999938964844,458.3500061035156,473.0,2558533
2005-02-21,397.2153015136719,465.8500061035156,472.6000061035156,462.5,467.70001220703125,2412215
2005-02-22,403.951416015625,473.75,475.0,463.0,465.70001220703125,1579808
2005-02-23,401.8623962402344,471.29998779296875,476.0,468.1000061035156,475.0,1755617
2005-02-24,403.269287109375,472.95001220703125,476.0,468.0,471.0,1364660
2005-02-25,404.4630432128906,474.3500061035156,479.3500061035156,471.29998779296875,476.0,1815111
2005-02-28,403.397216796875,473.1000061035156,483.0,458.6000061035156,477.70001220703125,3519639
2005-03-01,395.21160888671875,463.5,477.3999938964844,459.45001220703125,476.0,2011161
2005-03-02,394.0178527832031,462.1000061035156,468.79998779296875,454.1000061035156,468.0,2499042
2005-03-03,404.0367126464844,473.8500061035156,475.20001220703125,463.0,463.0,1896269
2005-03-04,412.3501892089844,483.6000061035156,485.5,473.54998779296875,475.20001220703125,1726626
2005-03-07,400.07171630859375,469.20001220703125,485.0,464.6000061035156,484.0,2311464
2005-03-08,396.6611022949219,465.20001220703125,473.0,463.1499938964844,467.0,1526766
2005-03-09,392.1846008300781,459.95001220703125,468.8999938964844,457.1499938964844,467.8999938964844,1614461
2005-03-10,393.591552734375,461.6000061035156,465.20001220703125,457.1499938964844,460.0,1575096
2005-03-11,390.2234802246094,457.6499938964844,468.8999938964844,454.8999938964844,463.1499938964844,1282578
2005-03-14,386.9407043457031,453.79998779296875,462.70001220703125,451.6000061035156,457.6499938964844,1650505
2005-03-15,383.23150634765625,449.45001220703125,456.3999938964844,447.1499938964844,454.04998779296875,1252332
2005-03-16,383.5726318359375,449.8500061035156,455.79998779296875,447.5,451.0,977386
2005-03-17,372.99951171875,437.45001220703125,449.0,433.04998779296875,449.0,1504543
2005-03-18,381.99517822265625,448.0,450.75,423.20001220703125,437.0,3328547
2005-03-21,365.751953125,428.95001220703125,451.0,426.29998779296875,451.0,2446949
2005-03-22,358.80267333984375,420.79998779296875,434.6000061035156,419.5,430.0,2295595
2005-03-23,351.08599853515625,411.75,425.79998779296875,408.04998779296875,421.0,3727125
2005-03-24,351.08599853515625,411.75,418.3500061035156,405.0,414.0,3175208
2005-03-28,359.14373779296875,421.20001220703125,430.8500061035156,412.0,412.0,2478791
2005-03-29,351.17132568359375,411.8500061035156,421.70001220703125,408.25,421.70001220703125,1621447
2005-03-30,357.2251892089844,418.95001220703125,420.8999938964844,408.0,418.0,1879508
2005-03-31,359.22894287109375,421.29998779296875,431.20001220703125,417.0,421.5,1556182
2005-04-01,367.073486328125,430.5,432.79998779296875,418.0,426.8999938964844,1554221
2005-04-04,358.1630859375,420.04998779296875,432.0,415.0,431.0,1596224
2005-04-05,343.7104797363281,403.1000061035156,423.0,401.1499938964844,420.75,2071324
2005-04-06,347.462158203125,407.5,411.8500061035156,398.20001220703125,406.0,3490605
2005-04-07,349.9775390625,410.45001220703125,416.8999938964844,405.04998779296875,405.04998779296875,1786414
2005-04-08,350.872802734375,411.5,415.0,407.1000061035156,414.0,1800928
2005-04-11,342.9430236816406,402.20001220703125,415.3999938964844,400.1499938964844,414.8999938964844,2038229
2005-04-12,347.59002685546875,407.6499938964844,409.79998779296875,399.0,403.95001220703125,1750227
2005-04-13,351.0007019042969,411.6499938964844,414.0,407.0,409.79998779296875,2097297
2005-04-15,345.07470703125,404.70001220703125,413.0,401.6499938964844,413.0,1241077
2005-04-18,351.42706298828125,412.1499938964844,415.0,396.29998779296875,403.0,2207205
2005-04-19,353.8571472167969,415.0,423.3999938964844,413.79998779296875,415.0,2267053
2005-04-20,364.0892028808594,427.0,429.3999938964844,414.5,416.1000061035156,1561475
2005-04-21,369.0772705078125,432.8500061035156,434.95001220703125,418.0,433.0,1965668
2005-04-22,374.61956787109375,439.3500061035156,441.79998779296875,427.6499938964844,435.0,2515969
2005-04-25,375.7707214355469,440.70001220703125,442.5,432.0,440.0,2114597
2005-04-26,367.32928466796875,430.79998779296875,443.8999938964844,429.1000061035156,439.0,2193667
2005-04-27,356.7988586425781,418.45001220703125,430.95001220703125,416.5,428.25,1586245
2005-04-28,353.6865539550781,414.79998779296875,426.45001220703125,412.6000061035156,420.0,2386442
2005-04-29,346.5242004394531,406.3999938964844,418.0,403.5,416.0,1596954
2005-05-02,343.8382873535156,403.25,414.8999938964844,393.0,409.0,2914276
2005-05-03,350.1480712890625,410.6499938964844,412.5,400.6000061035156,405.8999938964844,2125405
2005-05-04,352.74871826171875,413.70001220703125,415.0,406.6000061035156,411.20001220703125,1634636
2005-05-05,354.3687438964844,415.6000061035156,421.8500061035156,413.54998779296875,418.0,1332445
2005-05-06,368.90679931640625,432.6499938964844,436.8999938964844,412.0,418.3999938964844,6038159
2005-05-09,375.0032958984375,439.79998779296875,463.0,436.29998779296875,436.3999938964844,2510186
2005-05-10,372.914306640625,437.3500061035156,440.5,434.1499938964844,440.0,1778047
2005-05-11,369.3330383300781,433.1499938964844,438.29998779296875,430.25,430.25,1612077
2005-05-12,373.63909912109375,438.20001220703125,442.79998779296875,435.0,435.0,1472240
2005-05-13,370.65472412109375,434.70001220703125,440.0,432.95001220703125,440.0,1504615
2005-05-16,387.02593994140625,453.8999938964844,456.0,436.0,437.0,2595621
2005-05-17,380.2899169921875,446.0,456.75,440.1499938964844,455.0,1835818
2005-05-18,381.82470703125,447.79998779296875,451.8999938964844,438.29998779296875,438.5,2278115
2005-05-19,380.4177551269531,446.1499938964844,454.0,442.29998779296875,449.0,1312819
2005-05-20,379.6077880859375,445.20001220703125,449.54998779296875,438.04998779296875,445.0,1197498
2005-05-23,386.9833068847656,453.8500061035156,461.3500061035156,440.25,440.25,2178152
2005-05-24,390.56451416015625,458.04998779296875,459.8999938964844,452.25,459.0,1566173
2005-05-25,392.525634765625,460.3500061035156,465.0,458.25,464.3500061035156,2531745
2005-05-26,394.4014587402344,462.54998779296875,464.6499938964844,454.1499938964844,460.0,2016261
2005-05-27,397.6842956542969,466.3999938964844,468.5,461.5,464.0,1619750
2005-05-30,397.9827575683594,466.75,468.70001220703125,458.5,463.0,1822915
2005-05-31,396.8742370605469,465.45001220703125,467.5,462.20001220703125,462.20001220703125,1053371
2005-06-01,392.6109619140625,460.45001220703125,470.3999938964844,458.25,466.0,1561725
2005-06-02,384.5957946777344,451.04998779296875,462.0,450.0,459.0,1155943
2005-06-03,387.2391357421875,454.1499938964844,455.95001220703125,445.1000061035156,450.1000061035156,854250
2005-06-06,388.1770324707031,455.25,461.79998779296875,451.0,452.0,618404
2005-06-07,390.13812255859375,457.54998779296875,459.79998779296875,453.04998779296875,455.5,538597
2005-06-08,395.72320556640625,464.1000061035156,465.3999938964844,456.0,458.0,944760
2005-06-09,391.6303405761719,459.29998779296875,467.0,457.1499938964844,465.0,809269
2005-06-10,383.1463623046875,449.3500061035156,463.0,447.0,463.0,902417
2005-06-13,379.6077880859375,445.20001220703125,451.8999938964844,441.5,450.0,1130706
2005-06-14,371.3368225097656,435.5,447.75,431.54998779296875,445.20001220703125,1202146
2005-06-15,372.914306640625,437.3500061035156,441.75,431.6000061035156,438.0,1520159
2005-06-16,374.7901611328125,439.54998779296875,442.0,434.6499938964844,439.1000061035156,1392250
2005-06-17,377.98760986328125,443.29998779296875,444.5,435.0,440.0,782867
2005-06-20,377.0924377441406,442.25,447.0,436.70001220703125,443.3500061035156,1018393
2005-06-21,387.02593994140625,453.8999938964844,455.95001220703125,438.0,438.0,1433532
2005-06-22,397.13006591796875,465.75,468.0,453.1000061035156,455.0,1834831
2005-06-23,396.74639892578125,465.29998779296875,471.70001220703125,461.1000061035156,467.6499938964844,990946
2005-06-24,402.2887268066406,471.79998779296875,474.3999938964844,456.20001220703125,458.0,1807249
2005-06-27,407.10626220703125,477.45001220703125,484.3999938964844,466.5,471.0,2217913
2005-06-28,403.18402099609375,472.8500061035156,477.70001220703125,468.0,476.0,1340792
2005-06-29,393.1651916503906,461.1000061035156,473.8999938964844,457.1499938964844,471.0,965207
2005-06-30,396.1921081542969,464.6499938964844,471.70001220703125,459.25,463.1000061035156,1184860
2005-07-01,402.0755310058594,471.54998779296875,479.0,460.0,463.0,788436
2005-07-04,394.9131164550781,463.1499938964844,473.04998779296875,457.8500061035156,473.04998779296875,1062002
2005-07-05,394.572021484375,462.75,468.8999938964844,457.79998779296875,464.0,1218393
2005-07-06,392.3125,460.1000061035156,466.0,457.20001220703125,464.8999938964844,835002
2005-07-07,382.3363037109375,448.3999938964844,461.8999938964844,446.29998779296875,460.0,908870
2005-07-08,382.16583251953125,448.20001220703125,457.8999938964844,443.25,449.8999938964844,933953
2005-07-11,381.27044677734375,447.1499938964844,453.3999938964844,446.0,452.0,837628
2005-07-12,389.3281555175781,456.6000061035156,461.25,448.04998779296875,448.3500061035156,1406090
2005-07-13,384.126953125,450.5,462.8999938964844,449.1000061035156,457.8999938964844,880297
2005-07-14,383.4021301269531,449.6499938964844,455.0,448.0,450.6000061035156,643575
2005-07-15,387.19647216796875,454.1000061035156,455.0,448.20001220703125,450.20001220703125,505885
2005-07-18,386.0880432128906,452.79998779296875,458.95001220703125,451.0,455.0,506155
2005-07-19,390.64984130859375,458.1499938964844,459.8999938964844,452.25,453.3999938964844,543954
2005-07-20,392.3551025390625,460.1499938964844,464.5,456.0,459.8999938964844,549445
2005-07-21,396.10687255859375,464.54998779296875,467.0,454.5,461.0,616423
2005-07-22,394.9557189941406,463.20001220703125,469.0,457.6499938964844,463.8999938964844,986389
2005-07-25,396.7037353515625,465.25,476.0,462.0,464.8999938964844,2185314
2005-07-26,400.0292053222656,469.1499938964844,472.0,460.0,468.0,1246513
2005-07-27,411.0711975097656,482.1000061035156,486.3999938964844,467.0,467.0,1324542
2005-07-28,411.0711975097656,482.1000061035156,482.1000061035156,482.1000061035156,482.1000061035156,0
2005-07-29,411.58282470703125,482.70001220703125,489.0,436.95001220703125,471.0,1237420
2005-08-01,419.51263427734375,492.0,495.5,477.0,480.0,1773054
2005-08-02,424.7564697265625,498.1499938964844,504.0,491.0,495.0,1579176
2005-08-03,426.7176513671875,500.45001220703125,508.5,491.79998779296875,500.0,2023659
2005-08-04,426.88812255859375,500.6499938964844,504.95001220703125,496.0,500.29998779296875,1036724
2005-08-05,427.8686828613281,501.79998779296875,512.4000244140625,496.5,501.20001220703125,2246189
2005-08-08,422.96588134765625,496.04998779296875,504.75,490.6000061035156,500.0,1614326
2005-08-09,414.22607421875,485.79998779296875,498.0,483.1000061035156,498.0,1292430
2005-08-10,408.7263488769531,479.3500061035156,490.0,473.6499938964844,490.0,944785
2005-08-11,412.1796569824219,483.3999938964844,490.45001220703125,480.0,482.0,958229
2005-08-12,406.08306884765625,476.25,487.0,475.04998779296875,483.45001220703125,903833
2005-08-16,403.0987548828125,472.75,484.79998779296875,470.04998779296875,478.0,562634
2005-08-17,405.8272705078125,475.95001220703125,477.1000061035156,466.6000061035156,468.0,694732
2005-08-18,404.67620849609375,474.6000061035156,488.0,472.0,477.1000061035156,521621
2005-08-19,409.36590576171875,480.1000061035156,484.0,472.0,475.0,574512
2005-08-22,407.5326232910156,477.95001220703125,485.0,475.04998779296875,485.0,462088
2005-08-23,400.1996154785156,469.3500061035156,478.95001220703125,465.54998779296875,476.6000061035156,573088
2005-08-24,398.70751953125,467.6000061035156,471.0,462.20001220703125,471.0,565613
2005-08-25,394.98248291015625,461.25,489.0,455.8999938964844,489.0,876956
2005-08-26,406.5429382324219,474.75,478.0,463.0,463.0,962234
2005-08-29,398.8359680175781,465.75,475.0,460.0,474.8999938964844,479814
2005-08-30,404.7018127441406,472.6000061035156,474.8500061035156,466.20001220703125,471.0,273706
2005-08-31,402.603759765625,470.1499938964844,475.0,467.0,474.8500061035156,292373
2005-09-01,415.4059143066406,485.1000061035156,489.0,475.0,475.5,781983
2005-09-02,438.1414794921875,511.6499938964844,522.0,493.0,493.0,4474732
2005-09-05,432.4041442871094,504.95001220703125,518.0,502.3999938964844,511.0,906901
2005-09-06,430.6059265136719,502.8500061035156,508.0,495.1499938964844,508.0,884177
2005-09-08,430.09197998046875,502.25,508.79998779296875,500.0,503.0,549630
2005-09-09,437.7134094238281,511.1499938964844,515.0,497.1000061035156,500.0,1203321
2005-09-12,437.1139831542969,510.45001220703125,518.0,507.8999938964844,518.0,480190
2005-09-13,445.9769287109375,520.7999877929688,525.9000244140625,510.29998779296875,510.95001220703125,813138
2005-09-14,450.3870544433594,525.9500122070312,534.8499755859375,515.5,520.7999877929688,1619964
2005-09-15,463.9599609375,541.7999877929688,545.0,529.4000244140625,532.7999877929688,1725988
2005-09-16,481.2577819824219,562.0,584.0,541.0,544.7999877929688,1731170
2005-09-19,504.84954833984375,589.5499877929688,598.4500122070312,560.0,570.0,2941573
2005-09-20,488.3653259277344,570.2999877929688,591.0,568.0,591.0,1539446
2005-09-21,476.89044189453125,556.9000244140625,570.0,539.0,570.0,1896567
2005-09-22,465.5440673828125,543.6500244140625,565.7000122070312,537.0,555.0,1678916
2005-09-23,471.3243408203125,550.4000244140625,567.0,543.0,545.0,1603517
2005-09-26,488.9219055175781,570.9500122070312,575.0,554.0,560.0,1004965
2005-09-27,479.6308288574219,560.0999755859375,580.4500122070312,556.0999755859375,573.9000244140625,1246992
2005-09-28,483.18438720703125,564.25,571.7000122070312,561.1500244140625,565.0,1057802
2005-09-29,483.9980773925781,565.2000122070312,576.9000244140625,558.5999755859375,565.5,2048180
2005-09-30,479.373779296875,559.7999877929688,566.8499755859375,525.5499877929688,560.5,919597
2005-10-03,495.13037109375,578.2000122070312,586.9000244140625,560.1500244140625,566.0,1536773
2005-10-04,504.93536376953125,589.6500244140625,600.7000122070312,579.0,580.0,2222652
2005-10-05,502.4947509765625,586.7999877929688,594.5,581.0,590.0,1245306
2005-10-06,491.0198669433594,573.4000244140625,583.0,561.25,583.0,777754
2005-10-07,489.86395263671875,572.0499877929688,578.5999755859375,559.0999755859375,575.0,1336465
2005-10-10,479.3310241699219,559.75,577.0999755859375,556.5,577.0999755859375,1209472
2005-10-11,490.6775817871094,573.0,575.0,550.0,561.0,1066433
2005-10-13,477.6612243652344,557.7999877929688,575.0,555.0,574.0,954969
2005-10-14,457.1520080566406,533.8499755859375,557.7999877929688,530.5999755859375,557.7999877929688,1700017
2005-10-17,466.2292175292969,544.4500122070312,547.0499877929688,525.75,536.0,1593572
2005-10-18,472.4375915527344,551.7000122070312,557.25,539.0,540.0,1118020
2005-10-19,461.17694091796875,538.5499877929688,549.0,533.1500244140625,549.0,825000
2005-10-20,459.4214172363281,536.5,551.0,526.2000122070312,544.5,782324
2005-10-21,478.7744140625,559.0999755859375,563.0,531.4500122070312,539.0,824429
2005-10-24,489.82110595703125,572.0,581.0,556.25,556.25,1745374
2005-10-25,478.3462829589844,558.5999755859375,576.25,547.9000244140625,572.0,1980144
2005-10-26,471.0246887207031,550.0499877929688,565.0,547.1500244140625,562.0,794070
2005-10-27,456.0816955566406,532.5999755859375,553.7999877929688,528.0999755859375,553.7999877929688,1198634
2005-10-28,440.06829833984375,513.9000244140625,537.9500122070312,503.1000061035156,532.5,2396154
2005-10-31,470.29681396484375,549.2000122070312,556.4000244140625,515.4500122070312,519.0,982502
2005-11-02,464.302490234375,542.2000122070312,548.0,535.0999755859375,544.0,948006
2005-11-04,464.302490234375,542.2000122070312,542.2000122070312,542.2000122070312,542.2000122070312,0
2005-11-07,476.03411865234375,555.9000244140625,564.5,541.0499877929688,545.0,1521417
2005-11-08,490.2491760253906,572.5,577.2999877929688,556.5499877929688,561.0,1197534
2005-11-09,492.732666015625,575.4000244140625,583.4500122070312,567.8499755859375,576.0,1097804
2005-11-10,496.15802001953125,579.4000244140625,581.9500122070312,569.2999877929688,578.0,688974
2005-11-11,497.48529052734375,580.9500122070312,586.0,575.1500244140625,580.0,1187476
2005-11-14,491.7049865722656,574.2000122070312,591.2000122070312,567.25,585.0,1325387
2005-11-16,498.29876708984375,581.9000244140625,584.75,571.0,575.3499755859375,904737
2005-11-17,504.2074279785156,588.7999877929688,592.0,579.9000244140625,581.0,1021274
2005-11-18,521.4625244140625,608.9500122070312,612.9500122070312,589.0,589.0,2567962
2005-11-21,510.0304260253906,595.5999755859375,611.75,591.25,608.0,1913600
2005-11-22,495.90093994140625,579.0999755859375,594.5,576.2999877929688,591.25,2032981
2005-11-23,512.2141723632812,598.1500244140625,602.7999877929688,578.0,585.0,2290322
2005-11-24,513.3702392578125,599.5,609.8499755859375,597.0499877929688,598.0,2461572
2005-11-25,530.4967651367188,619.5,621.4500122070312,601.2999877929688,602.0,2223594
2005-11-28,541.5006103515625,632.3499755859375,634.2000122070312,619.0499877929688,621.9000244140625,1688909
2005-11-29,528.8696899414062,617.5999755859375,632.3499755859375,615.0499877929688,630.0,1059455
2005-11-30,525.273193359375,613.4000244140625,628.5,610.0499877929688,623.0,2082839
2005-12-01,533.3656005859375,622.8499755859375,625.9000244140625,605.4000244140625,615.0,1908770
2005-12-02,528.8696899414062,617.5999755859375,627.9000244140625,613.0,625.0,1189758
2005-12-05,530.3255615234375,619.2999877929688,628.4000244140625,613.5499877929688,619.4000244140625,1263973
2005-12-06,530.1542358398438,619.0999755859375,630.0,609.4000244140625,621.0,908407
2005-12-07,530.1114501953125,619.0499877929688,627.75,616.5999755859375,622.0,666922
2005-12-08,534.7783203125,624.5,632.0,617.1500244140625,619.8499755859375,1336869
2005-12-09,553.1895751953125,646.0,650.0,625.2999877929688,626.0,1426507
2005-12-12,554.7308959960938,647.7999877929688,654.7999877929688,642.0,646.0,1041627
2005-12-13,566.591064453125,661.6500244140625,666.9500122070312,641.0,641.0,1143285
2005-12-14,564.3218383789062,659.0,686.9500122070312,653.3499755859375,665.9000244140625,3014186
2005-12-15,553.9174194335938,646.8499755859375,666.4000244140625,642.25,655.0,1129336
2005-12-16,563.4654541015625,658.0,659.7999877929688,648.0,653.8499755859375,922677
2005-12-19,567.5331420898438,662.75,674.7000122070312,659.7999877929688,659.7999877929688,848689
2005-12-20,556.443603515625,649.7999877929688,667.0,648.0999755859375,662.5,867963
2005-12-21,554.516845703125,647.5499877929688,658.0,642.0,651.0,1323934
2005-12-22,548.5225219726562,640.5499877929688,654.8499755859375,637.1500244140625,654.8499755859375,935613
2005-12-23,536.4911499023438,626.5,648.8499755859375,624.0499877929688,644.9000244140625,857468
2005-12-26,526.0009765625,614.25,629.9000244140625,612.3499755859375,629.0,572751
2005-12-27,540.6015014648438,631.2999877929688,633.5,606.5999755859375,615.0,758419
2005-12-28,538.3323974609375,628.6500244140625,645.4500122070312,626.0,632.0,1087101
2005-12-29,536.7478637695312,626.7999877929688,632.5,622.0,629.0,1066579
2005-12-30,544.454833984375,635.7999877929688,639.0,628.4000244140625,628.4000244140625,714980
2006-01-02,552.4187622070312,645.0999755859375,649.5,633.2999877929688,635.0499877929688,811345
2006-01-03,569.6739501953125,665.25,667.9000244140625,645.5499877929688,649.5,1114721
2006-01-04,567.1905517578125,662.3499755859375,674.5,631.5499877929688,669.9000244140625,523046
2006-01-05,574.4266357421875,670.7999877929688,678.4500122070312,661.0,665.9500122070312,1588968
2006-01-06,574.2979736328125,670.6500244140625,676.7999877929688,657.25,670.0,1379031
2006-01-09,566.2913818359375,661.2999877929688,674.0,650.0,650.0,598357
2006-01-10,559.2266845703125,653.0499877929688,667.0,648.0,661.9000244140625,925446
2006-01-12,567.36181640625,662.5499877929688,672.0,642.25,653.0,2637277
2006-01-13,562.3095703125,656.6500244140625,669.0,655.0999755859375,669.0,949708
2006-01-16,564.06494140625,658.7000122070312,664.1500244140625,650.0499877929688,651.2000122070312,532848
2006-01-17,557.42822265625,650.9500122070312,665.0,649.0499877929688,661.0,563820
2006-01-18,552.8042602539062,645.5499877929688,658.4000244140625,637.0,650.25,734442
2006-01-19,565.8633422851562,660.7999877929688,663.0,650.0,652.0,534249
2006-01-20,604.8263549804688,706.2999877929688,712.0,645.0,669.75,3120634
2006-01-23,607.6950073242188,709.6500244140625,715.6500244140625,690.0,708.0,1714406
2006-01-24,635.9967651367188,742.7000122070312,746.9500122070312,716.0,716.0,2734905
2006-01-25,633.8987426757812,740.25,753.5,725.5499877929688,745.0,1350301
2006-01-27,651.667724609375,761.0,769.0,730.0,737.7999877929688,1725255
2006-01-30,640.1071166992188,747.5,770.0,744.2999877929688,770.0,940825
2006-01-31,649.5695190429688,758.5499877929688,769.0,747.5,748.0,908619
2006-02-01,636.03955078125,742.75,764.0499877929688,738.25,757.0,941851
2006-02-02,624.3077392578125,729.0499877929688,748.0,725.3499755859375,747.5,1009698
2006-02-03,625.3353271484375,730.25,742.0,724.0,730.0,942250
2006-02-06,632.271728515625,738.3499755859375,744.0,724.0499877929688,729.25,1179685
2006-02-07,646.9577026367188,755.5,757.7000122070312,738.7999877929688,741.0,1818407
2006-02-08,655.8206176757812,765.8499755859375,773.7999877929688,750.0,756.0,2103704
2006-02-10,656.8912353515625,767.0999755859375,775.0,761.0999755859375,765.0,645862
2006-02-13,667.852294921875,779.9000244140625,781.7000122070312,759.0499877929688,767.0,933704
2006-02-14,659.9310913085938,770.6500244140625,787.4000244140625,764.0,781.4000244140625,1264636
2006-02-15,644.8169555664062,753.0,779.7000122070312,748.0,765.0,1291864
2006-02-16,654.0653076171875,763.7999877929688,775.7999877929688,752.9500122070312,756.5,2587133
2006-02-17,651.5819702148438,760.9000244140625,779.9500122070312,754.4500122070312,765.0,3071009
2006-02-20,673.9749755859375,787.0499877929688,789.4500122070312,753.0499877929688,764.7999877929688,2048629
2006-02-21,675.1311645507812,788.4000244140625,800.0,781.2000122070312,789.0,1969611
2006-02-22,673.5896606445312,786.5999755859375,794.5,782.0999755859375,794.5,961099
2006-02-23,671.0633544921875,783.6500244140625,797.5,781.5999755859375,791.9000244140625,918783
2006-02-24,666.5247802734375,778.3499755859375,789.0,774.5499877929688,784.0499877929688,928197
2006-02-27,675.9445190429688,789.3499755859375,802.7999877929688,781.5,781.5,1579228
2006-02-28,704.4176025390625,822.5999755859375,834.25,792.0,815.0,5456007
2006-03-01,760.8924560546875,888.5499877929688,919.0,825.0,827.9000244140625,4859572
2006-03-02,775.6213989257812,905.75,936.8499755859375,889.0,914.9000244140625,6099005
2006-03-03,797.4152221679688,931.2000122070312,939.7000122070312,900.0,905.0,5521274
2006-03-06,787.438720703125,919.5499877929688,933.6500244140625,916.25,930.0,1781144
2006-03-07,786.7965087890625,918.7999877929688,926.9000244140625,907.0,922.0,1465845
2006-03-08,755.968505859375,882.7999877929688,942.7000122070312,736.0,921.0,3235509
2006-03-09,742.567138671875,867.1500244140625,892.7999877929688,848.2000122070312,891.0,3903980
2006-03-10,752.4576416015625,878.7000122070312,885.0,864.2000122070312,871.0,2818128
2006-03-13,751.1731567382812,877.2000122070312,891.5999755859375,870.0999755859375,886.9000244140625,1837301
2006-03-14,741.839111328125,866.2999877929688,886.5,863.0,877.5999755859375,2042293
2006-03-16,754.0418701171875,880.5499877929688,884.0,869.9500122070312,869.9500122070312,1504070
2006-03-17,750.7449951171875,876.7000122070312,895.9000244140625,873.0499877929688,884.9500122070312,3582572
2006-03-20,754.4271850585938,881.0,889.0,877.0999755859375,884.9500122070312,1070586
2006-03-21,746.0352172851562,871.2000122070312,887.5,868.0,884.0,1478341
2006-03-22,725.0549926757812,846.7000122070312,873.9000244140625,842.2999877929688,873.0,2513858
2006-03-23,717.1340942382812,837.4500122070312,858.0,832.0999755859375,848.0,2465414
2006-03-24,717.7333984375,838.1500244140625,849.0,833.0,835.0,1681942
2006-03-27,718.0758666992188,838.5499877929688,846.9500122070312,835.0,841.0,1416769
2006-03-28,728.6516723632812,850.9000244140625,863.0,838.0999755859375,840.0,3277956
2006-03-29,733.5327758789062,856.5999755859375,862.7999877929688,852.0,852.2000122070312,979606
2006-03-30,733.190185546875,856.2000122070312,865.9000244140625,838.2999877929688,859.0,3592188
2006-03-31,748.6897583007812,874.2999877929688,882.0,856.0,864.7999877929688,1742853
2006-04-03,779.5177001953125,910.2999877929688,913.9500122070312,878.0,880.0,2449344
2006-04-04,781.4445190429688,912.5499877929688,924.2999877929688,907.2999877929688,912.0,1886591
2006-04-05,784.91259765625,916.5999755859375,921.7999877929688,904.0,916.0,885154
2006-04-07,765.8163452148438,894.2999877929688,922.9000244140625,877.0,920.0,1944303
2006-04-10,757.510009765625,884.5999755859375,907.0,868.1500244140625,907.0,1061864
2006-04-12,720.9019165039062,841.8499755859375,888.0,830.4000244140625,888.0,1301170
2006-04-13,745.0930786132812,870.0999755859375,882.0999755859375,810.5,841.8499755859375,3885122
2006-04-17,755.1122436523438,881.7999877929688,886.7000122070312,870.1500244140625,882.0499877929688,749340
2006-04-18,754.7697143554688,881.4000244140625,903.2999877929688,876.0,876.0,1946493
2006-04-19,748.8182373046875,874.4500122070312,894.4000244140625,866.0999755859375,885.9000244140625,1236218
2006-04-20,755.7973022460938,882.5999755859375,890.0,867.0,878.9000244140625,914769
2006-04-21,774.1655883789062,904.0499877929688,915.75,882.9000244140625,883.0,2712753
2006-04-24,769.4130249023438,898.5,910.0,895.1500244140625,908.0,1070896
2006-04-25,743.5946044921875,868.3499755859375,902.0,860.25,902.0,728663
2006-04-26,790.8212890625,923.5,928.9000244140625,874.0,884.7999877929688,2714610
2006-04-27,769.8411865234375,899.0,942.0,892.0,928.9000244140625,2868782
2006-04-28,787.7813110351562,919.9500122070312,924.9000244140625,852.0,860.0,1680507
2006-05-02,806.834716796875,942.2000122070312,954.0,928.0,929.0,1123515
2006-05-03,825.0315551757812,963.4500122070312,967.8499755859375,935.0,942.5,1450104
2006-05-04,820.0650024414062,957.6500244140625,967.0499877929688,946.0,959.0,805189
2006-05-05,805.5503540039062,940.7000122070312,959.7999877929688,935.1500244140625,958.0,684786
2006-05-08,804.5653076171875,939.5499877929688,951.9000244140625,936.75,948.0,322648
2006-05-09,827.0439453125,965.7999877929688,974.9500122070312,927.25,941.0,1157505
2006-05-10,816.0403442382812,952.9500122070312,972.5,945.1500244140625,970.0,479457
2006-05-11,802.5530395507812,937.2000122070312,954.7000122070312,930.4000244140625,951.0,467409
2006-05-12,798.78515625,932.7999877929688,948.0,920.25,930.4000244140625,652088
2006-05-15,758.4946899414062,885.75,939.4500122070312,870.0,932.0,854223
2006-05-16,755.5404663085938,882.2999877929688,895.0,861.0,880.0,1458313
2006-05-17,781.4445190429688,912.5499877929688,915.9000244140625,881.0,894.7999877929688,1679574
2006-05-18,702.619384765625,820.5,912.9500122070312,790.0999755859375,912.5,1112635
2006-05-19,670.9778442382812,783.5499877929688,854.4000244140625,769.4500122070312,830.0,1480598
2006-05-22,641.0490112304688,748.5999755859375,805.0,655.0,802.9000244140625,876824
2006-05-23,689.9454345703125,805.7000122070312,820.0,660.0,716.5999755859375,881671
2006-05-24,653.123291015625,762.7000122070312,814.4500122070312,750.0999755859375,812.0,859547
2006-05-25,679.0272827148438,792.9500122070312,815.0,715.25,756.8499755859375,1258490
2006-05-26,677.9569091796875,791.7000122070312,811.0,780.0,798.0,1109850
2006-05-29,677.6143188476562,791.2999877929688,811.7000122070312,787.5999755859375,811.0,550832
2006-05-30,658.3896484375,768.8499755859375,803.9000244140625,755.25,795.0,601594
2006-05-31,629.40283203125,735.0,755.25,706.6500244140625,755.25,1168220
2006-06-01,585.3875122070312,683.5999755859375,756.0,671.1500244140625,739.4000244140625,3005035
2006-06-02,659.1175537109375,769.7000122070312,819.4000244140625,690.0,690.0,3803522
2006-06-05,630.3021240234375,736.0499877929688,790.0,731.3499755859375,790.0,1940278
2006-06-06,625.8919677734375,730.9000244140625,751.5,706.0,710.0,2297473
2006-06-07,612.7044677734375,715.5,749.8499755859375,700.0,730.0,1406858
2006-06-08,614.9310302734375,718.0999755859375,734.0,675.0,709.0,1674681
2006-06-09,659.4172973632812,770.0499877929688,778.0,708.0,708.0,1043767
2006-06-12,642.8047485351562,750.6500244140625,789.5,742.2000122070312,770.0,1587384
2006-06-13,601.4010009765625,702.2999877929688,742.2000122070312,693.0999755859375,742.2000122070312,1341620
2006-06-14,582.947021484375,680.75,780.0,668.0999755859375,720.0,2307842
2006-06-15,612.7473754882812,715.5499877929688,724.0,687.25,699.7000122070312,1518714
2006-06-16,622.9805297851562,727.5,770.0,685.25,724.0,1847341
2006-06-19,647.2574462890625,755.8499755859375,764.7999877929688,716.25,764.7999877929688,1169757
2006-06-20,644.774169921875,752.9500122070312,765.9000244140625,732.25,735.0,1198553
2006-06-21,648.456298828125,757.25,762.2999877929688,730.0,745.0,838123
2006-06-22,664.9406127929688,776.5,787.8499755859375,762.2999877929688,762.2999877929688,890186
2006-06-23,662.029052734375,773.0999755859375,777.0,757.0,769.8499755859375,1019407
2006-06-26,630.0452270507812,735.75,777.0,727.0,775.0,762543
2006-06-27,617.6712036132812,721.2999877929688,745.0,713.0999755859375,745.0,1382890
2006-06-28,619.341064453125,723.25,734.4000244140625,705.5499877929688,719.0,1055693
2006-06-29,628.2468872070312,733.6500244140625,748.75,725.4000244140625,734.4000244140625,947474
2006-06-30,682.2386474609375,796.7000122070312,802.0,746.25,748.75,1636581
2006-07-03,679.7550659179688,793.7999877929688,815.0,788.5,802.0,1094227
2006-07-04,673.4612426757812,786.4500122070312,807.0,714.9500122070312,714.9500122070312,940202
2006-07-05,693.3279418945312,809.6500244140625,815.0,770.0,787.0,1094257
2006-07-06,688.2327270507812,803.7000122070312,806.8499755859375,793.25,805.0,1131350
2006-07-07,668.8797607421875,781.0999755859375,817.9000244140625,775.0,806.8499755859375,1210676
2006-07-10,690.41650390625,806.25,810.0,766.0,779.0,1062258
2006-07-11,674.5315551757812,787.7000122070312,805.0,783.0,805.0,926551
2006-07-12,702.1055297851562,819.9000244140625,831.2000122070312,768.0999755859375,783.0,1597987
2006-07-13,691.8294067382812,807.9000244140625,819.0,796.3499755859375,819.0,1604466
2006-07-14,680.7827758789062,795.0,799.4000244140625,782.5,799.4000244140625,997337
2006-07-17,646.7435302734375,755.25,795.0,752.5499877929688,790.0,826808
2006-07-18,641.4344482421875,749.0499877929688,765.0,736.0,758.0,957927
2006-07-19,619.8120727539062,723.7999877929688,763.9500122070312,719.9500122070312,755.1500244140625,1284445
2006-07-20,630.9443969726562,736.7999877929688,754.5999755859375,730.0,730.0,1305863
2006-07-21,609.0650024414062,711.25,740.0,705.0,740.0,884555
2006-07-24,619.2554931640625,723.1500244140625,729.0,691.0,701.0999755859375,1133179
2006-07-25,636.29638671875,743.0499877929688,745.0,729.0,729.0,840108
2006-07-26,654.2793579101562,764.0499877929688,769.5,735.0,745.0,866875
2006-07-27,668.5800170898438,780.75,795.0,769.5,769.5,2385235
2006-07-28,658.3896484375,768.8499755859375,791.5999755859375,757.25,785.4500122070312,1211521
2006-07-31,674.6600341796875,787.8499755859375,793.5,770.5,784.4500122070312,726013
2006-08-01,670.9778442382812,783.5499877929688,787.7000122070312,770.0,785.0,847471
2006-08-02,668.4945068359375,780.6500244140625,790.0,773.25,783.5,1262720
2006-08-03,676.9720458984375,790.5499877929688,801.8499755859375,780.0,780.0,1199518
2006-08-04,671.0633544921875,783.6500244140625,797.5,779.0999755859375,786.0,519905
2006-08-07,657.833251953125,768.2000122070312,784.2000122070312,765.0999755859375,780.0,575417
2006-08-08,672.476318359375,785.2999877929688,787.0,764.0,768.0499877929688,487462
2006-08-09,682.5382080078125,797.0499877929688,806.0,775.0,785.0,1170671
2006-08-10,679.498291015625,793.5,804.9500122070312,759.9000244140625,790.0,794581
2006-08-11,681.7247924804688,796.0999755859375,812.0,793.5,793.5,988320
2006-08-14,686.9911499023438,802.25,809.0,797.4000244140625,800.0,772472
2006-08-16,697.8665771484375,814.9500122070312,820.0,807.0,807.0,792319
2006-08-17,701.976806640625,819.75,828.0,810.5499877929688,815.0,1247581
2006-08-18,719.8743286132812,840.6500244140625,845.0,815.0,815.0,1514621
2006-08-21,720.4308471679688,841.2999877929688,844.0,834.0,840.6500244140625,826652
2006-08-22,716.4488525390625,836.6500244140625,869.0,830.5999755859375,849.0,963155
2006-08-23,710.300537109375,826.0,838.7999877929688,822.0,836.4000244140625,737354
2006-08-24,714.2991943359375,830.6500244140625,834.0,817.1500244140625,822.0,763270
2006-08-25,716.6640625,833.4000244140625,839.4000244140625,825.0,834.4000244140625,573169
2006-08-28,714.9009399414062,831.3499755859375,842.75,828.5499877929688,837.9000244140625,570244
2006-08-29,735.4102172851562,855.2000122070312,857.9000244140625,835.0,835.0,1277777
2006-08-30,741.5156860351562,862.2999877929688,867.5,855.0,855.2000122070312,1223041
2006-08-31,740.6989135742188,861.3499755859375,867.0,852.0499877929688,865.0,923910
2006-09-01,752.3079223632812,874.8499755859375,878.0,853.5,860.0499877929688,1497536
2006-09-04,776.4288330078125,902.9000244140625,904.9000244140625,879.0499877929688,880.0,1165720
2006-09-05,769.076416015625,894.3499755859375,905.0,811.0,811.0,624743
2006-09-06,767.485595703125,892.5,904.9500122070312,886.0,896.4500122070312,839297
2006-09-07,785.0711669921875,912.9500122070312,915.0,885.0,890.0,1306584
2006-09-08,809.0201416015625,940.7999877929688,951.25,916.0999755859375,919.9000244140625,2030119
2006-09-11,788.85498046875,917.3499755859375,948.0,911.0999755859375,948.0,1906593
2006-09-12,793.2835693359375,922.5,931.7000122070312,902.5,921.0999755859375,1491409
2006-09-13,822.177001953125,956.0999755859375,966.7999877929688,927.0,927.0,2502607
2006-09-14,816.11474609375,949.0499877929688,963.0,946.7000122070312,956.0999755859375,986750
2006-09-15,816.7164916992188,949.75,955.8499755859375,941.5,948.0,908304
2006-09-18,810.3099975585938,942.2999877929688,955.7000122070312,938.0999755859375,954.4500122070312,467025
2006-09-19,787.822998046875,916.1500244140625,954.4500122070312,908.0999755859375,942.5,811395
2006-09-20,798.14208984375,928.1500244140625,932.0,910.0,924.4000244140625,1142500
2006-09-21,812.8469848632812,945.25,949.2000122070312,925.3499755859375,925.3499755859375,1061635
2006-09-22,805.6664428710938,936.9000244140625,945.0,928.0,945.0,756629
2006-09-25,796.3793334960938,926.0999755859375,942.9000244140625,920.0,935.0,685127
2006-09-26,813.7928466796875,946.3499755859375,947.7999877929688,920.5499877929688,934.0,1056678
2006-09-27,828.7555541992188,963.75,966.5,949.0,954.4000244140625,1260301
2006-09-28,811.126953125,943.25,964.0,936.0,964.0,803248
2006-09-29,843.8472900390625,981.2999877929688,987.7999877929688,944.0,945.0,1410011
2006-10-03,833.0982055664062,968.7999877929688,990.7000122070312,965.6500244140625,982.0999755859375,1011405
2006-10-04,814.3516845703125,947.0,985.0,944.0,974.7999877929688,1118291
2006-10-05,814.7816772460938,947.5,967.4500122070312,945.5499877929688,955.0,1015034
2006-10-06,810.9122314453125,943.0,958.9000244140625,940.0999755859375,952.9500122070312,515728
2006-10-09,808.5901489257812,940.2999877929688,950.0,911.25,940.0,488355
2006-10-10,819.3822021484375,952.8499755859375,960.0,945.0,945.9000244140625,705229
2006-10-11,803.9467163085938,934.9000244140625,962.0,930.0,960.0,455134
2006-10-12,823.7249755859375,957.9000244140625,960.5,933.0999755859375,940.0,552377
2006-10-13,823.9828491210938,958.2000122070312,968.0,954.0999755859375,965.0,488305
2006-10-16,826.3477783203125,960.9500122070312,965.7999877929688,953.5,960.25,404183
2006-10-17,825.831787109375,960.3499755859375,967.9000244140625,945.0,960.0999755859375,896685
2006-10-18,816.4586181640625,949.4500122070312,967.2000122070312,940.2999877929688,963.0,843258
2006-10-19,810.4389038085938,942.4500122070312,954.0,933.0,954.0,389092
2006-10-20,806.096435546875,937.4000244140625,954.0,933.0,951.0,436535
2006-10-23,814.1367797851562,946.75,960.0,936.5999755859375,945.0,989550
2006-10-26,817.017578125,950.0999755859375,955.7000122070312,943.0999755859375,950.0,784612
2006-10-27,831.2063598632812,966.5999755859375,968.7999877929688,955.0999755859375,955.7000122070312,539565
2006-10-30,826.0468139648438,960.5999755859375,977.0,952.9500122070312,963.0,834111
2006-10-31,832.4103393554688,968.0,973.5,952.7000122070312,961.0,709200
2006-11-01,826.8637084960938,961.5499877929688,978.5999755859375,956.2000122070312,968.0,819500
2006-11-02,844.793212890625,982.4000244140625,988.9000244140625,964.7000122070312,964.7000122070312,972611
2006-11-03,838.21484375,974.75,988.0,963.0999755859375,985.0,717513
2006-11-06,821.0592041015625,954.7999877929688,977.0,944.5,975.0,938098
2006-11-07,811.68603515625,943.9000244140625,963.7000122070312,940.0,955.0,838439
2006-11-08,805.8814697265625,937.1500244140625,948.0,931.0499877929688,945.0,821116
2006-11-09,783.996337890625,911.7000122070312,948.7999877929688,897.6500244140625,942.2999877929688,2350650
2006-11-10,780.255615234375,907.3499755859375,918.2000122070312,900.0,913.0,1100256
2006-11-13,788.94091796875,917.4500122070312,920.7999877929688,908.0,910.0,564776
2006-11-14,780.4705810546875,907.5999755859375,920.9000244140625,903.0,920.0,464172
2006-11-15,778.4928588867188,905.2999877929688,917.9000244140625,898.6500244140625,904.0,988790
2006-11-16,768.2595825195312,893.4000244140625,913.7999877929688,889.7999877929688,908.0,883141
2006-11-17,764.6049194335938,889.1500244140625,898.9500122070312,882.0999755859375,898.0,795670
2006-11-20,748.4813232421875,870.4000244140625,887.0,865.0999755859375,887.0,542274
2006-11-21,761.0792236328125,885.0499877929688,897.0,872.0,882.0999755859375,545872
2006-11-22,771.140380859375,896.75,899.0,885.5,890.0,366355
2006-11-23,779.0086059570312,905.9000244140625,910.0,895.5499877929688,900.0,576748
2006-11-24,784.2114868164062,911.9500122070312,916.9000244140625,900.0,906.0,473948
2006-11-27,782.5774536132812,910.0499877929688,919.9500122070312,906.0,912.2000122070312,387116
2006-11-28,784.7701416015625,912.5999755859375,922.0,876.0,905.0,553548
2006-11-29,792.6384887695312,921.75,932.75,917.2999877929688,917.2999877929688,674146
2006-11-30,796.4223022460938,926.1500244140625,937.0,920.0,925.0,589456
2006-12-01,818.6082153320312,951.9500122070312,956.5,928.5,930.4000244140625,1048272
2006-12-04,826.94970703125,961.6500244140625,973.75,954.0,954.0,504719
2006-12-05,816.8025512695312,949.8499755859375,971.0,947.0,965.0,337939
2006-12-06,809.4072265625,941.25,961.0,935.0499877929688,954.0,352806
2006-12-07,813.2767944335938,945.75,954.0,941.0,943.7999877929688,265603
2006-12-08,801.92578125,932.5499877929688,953.0,930.0999755859375,953.0,229473
2006-12-11,779.3526611328125,906.2999877929688,939.9000244140625,890.0,935.9500122070312,423967
2006-12-12,761.2943115234375,885.2999877929688,924.7999877929688,860.0,912.0,703897
2006-12-13,760.8212890625,884.75,904.0,860.0,885.2999877929688,887313
2006-12-14,777.2028198242188,903.7999877929688,910.7999877929688,890.0,900.0,502948
2006-12-15,779.0086059570312,905.9000244140625,917.0,901.5,917.0,324115
2006-12-18,793.1975708007812,922.4000244140625,924.5,880.0999755859375,913.0,592458
2006-12-19,782.3623046875,909.7999877929688,934.0,900.0,920.0,776508
2006-12-20,793.4124755859375,922.6500244140625,936.9000244140625,895.0,915.0,701150
2006-12-21,796.3362426757812,926.0499877929688,965.0,906.0,913.0,963565
2006-12-22,795.9063110351562,925.5499877929688,939.9000244140625,918.0999755859375,936.0,763074
2006-12-26,800.2489624023438,930.5999755859375,936.0,924.9000244140625,929.0,373040
2006-12-27,798.14208984375,928.1500244140625,939.75,923.2000122070312,932.0,464272
2006-12-28,794.0575561523438,923.4000244140625,933.9000244140625,920.0,929.0,424440
2006-12-29,799.0451049804688,929.2000122070312,934.7999877929688,925.0,926.0,322399
2007-01-02,832.92626953125,968.5999755859375,972.0,936.0999755859375,939.0,557118
2007-01-03,838.0427856445312,974.5499877929688,984.9000244140625,970.0,976.5,759731
2007-01-04,831.8512573242188,967.3499755859375,977.5,961.0,974.5499877929688,434685
2007-01-05,803.989501953125,934.9500122070312,970.0,930.0,969.6500244140625,1052426
2007-01-08,772.1721801757812,897.9500122070312,939.5499877929688,895.0,934.9000244140625,1095284
2007-01-09,762.2831420898438,886.4500122070312,906.0,880.0,905.0,821394
2007-01-10,757.1664428710938,880.5,898.7999877929688,872.2000122070312,890.0,550933
2007-01-11,778.9227905273438,905.7999877929688,909.8499755859375,882.0,888.0,401987
2007-01-12,793.1544799804688,922.3499755859375,925.0,914.0,914.7000122070312,538033
2007-01-15,779.6966552734375,906.7000122070312,930.0,903.5,922.0,911131
2007-01-16,783.0933837890625,910.6500244140625,913.0,902.7000122070312,913.0,544718
2007-01-17,781.4594116210938,908.75,930.0,906.0,930.0,363570
2007-01-18,789.9729614257812,918.6500244140625,925.0,902.0,908.0,587949
2007-01-19,784.51220703125,912.2999877929688,924.0,905.0,922.0,643196
2007-01-22,807.3003540039062,938.7999877929688,944.0,893.6500244140625,915.0,2386230
2007-01-23,790.2308349609375,918.9500122070312,941.8499755859375,910.0999755859375,940.0,957460
2007-01-24,803.3017578125,934.1500244140625,936.4000244140625,914.1500244140625,921.0999755859375,1033601
2007-01-25,815.254638671875,948.0499877929688,956.0,927.2999877929688,939.0,1186227
2007-01-29,805.6234741210938,936.8499755859375,949.7999877929688,927.25,949.7999877929688,444476
2007-01-31,795.3472900390625,924.9000244140625,941.5,920.0,939.0,609536
2007-02-01,808.547119140625,940.25,954.0,920.0,939.9000244140625,602355
2007-02-02,812.287841796875,944.5999755859375,950.0,940.0,943.7999877929688,445276
2007-02-05,828.32568359375,963.25,965.0,935.1500244140625,945.0,669844
2007-02-06,819.0813598632812,952.5,972.8499755859375,936.0,965.0999755859375,550278
2007-02-07,818.307373046875,951.5999755859375,959.9000244140625,943.5,953.2000122070312,213359
2007-02-08,827.7235107421875,962.5499877929688,966.0,942.0999755859375,951.9500122070312,602126
2007-02-09,809.7941284179688,941.7000122070312,963.0,938.0999755859375,963.0,400531
2007-02-12,784.25439453125,912.0,948.5999755859375,907.5499877929688,938.2000122070312,433138
2007-02-13,766.10986328125,890.9000244140625,924.0,880.5,912.0,620657
2007-02-14,737.0013427734375,857.0499877929688,945.0,841.0999755859375,945.0,984466
2007-02-15,767.2706298828125,892.25,896.0,866.0,872.0,621597
2007-02-19,786.0170288085938,914.0499877929688,923.0,880.0999755859375,900.0,591776
2007-02-20,767.7007446289062,892.75,919.0,889.0,919.0,599075
2007-02-21,772.34423828125,898.1500244140625,910.25,885.5,895.0,442431
2007-02-22,756.7366333007812,880.0,915.0,865.0999755859375,915.0,835805
2007-02-23,742.5477294921875,863.5,897.0,850.0,888.0,881152
2007-02-26,755.274658203125,878.2999877929688,900.0,846.25,870.0,875100
2007-02-27,762.7990112304688,887.0499877929688,894.0,866.0,877.0,450104
2007-02-28,723.8013305664062,841.7000122070312,875.0,825.5,850.0,1075465
2007-03-01,723.1134033203125,840.9000244140625,870.4000244140625,825.0,848.0,1235538
2007-03-02,716.4059448242188,833.0999755859375,853.0,827.5,844.0,640139
2007-03-05,664.6382446289062,772.9000244140625,825.0,762.0,825.0,988480
2007-03-06,680.8480834960938,791.75,817.0,785.0,790.0,1131567
2007-03-07,666.315185546875,774.8499755859375,802.0,755.0499877929688,797.0,765263
2007-03-08,681.3638916015625,792.3499755859375,798.0,757.1500244140625,787.0,1021395
2007-03-09,676.9352416992188,787.2000122070312,815.0,781.0,792.0,985053
2007-03-12,685.4486083984375,797.0999755859375,806.9000244140625,788.0,789.7999877929688,685011
2007-03-13,689.275146484375,801.5499877929688,808.25,791.3499755859375,800.0,746586
2007-03-14,680.8480834960938,791.75,809.9000244140625,768.0,791.0,1165193
2007-03-15,684.6317138671875,796.1500244140625,815.0,791.0,804.0999755859375,991159
2007-03-16,670.829833984375,780.0999755859375,804.0999755859375,770.0999755859375,798.0,596137
2007-03-19,678.3540649414062,788.8499755859375,794.9000244140625,762.2000122070312,786.0,953061
2007-03-20,679.0421752929688,789.6500244140625,801.25,782.0,792.0,2145321
2007-03-21,680.7620849609375,791.6500244140625,797.0,785.0,796.0,1459637
2007-03-22,714.8580932617188,831.2999877929688,838.5,790.5,790.5,1346218
2007-03-23,722.8984375,840.6500244140625,849.0,818.0,833.0,1248363
2007-03-26,706.6028442382812,821.7000122070312,843.9000244140625,815.1500244140625,837.1500244140625,991767
2007-03-28,685.0616455078125,796.6500244140625,829.7000122070312,775.25,775.25,609221
2007-03-29,698.6484375,812.4500122070312,828.5,794.0999755859375,828.5,1329498
2007-03-30,705.312744140625,820.2000122070312,830.0,790.0,812.0,893379
2007-04-02,644.3011474609375,749.25,795.0,741.3499755859375,795.0,1764472
2007-04-03,650.4925537109375,756.4500122070312,765.7999877929688,745.0,745.0,798112
2007-04-04,641.4633178710938,745.9500122070312,768.0,743.5499877929688,765.0,639319
2007-04-05,650.0195922851562,755.9000244140625,763.9000244140625,741.0,746.0,607163
2007-04-09,678.8701171875,789.4500122070312,795.9000244140625,754.0,754.0,637121
2007-04-10,676.032470703125,786.1500244140625,801.0,785.0,790.0,568648
2007-04-11,672.4207153320312,781.9500122070312,790.0,777.3499755859375,790.0,416519
2007-04-12,652.6422119140625,758.9500122070312,778.0,750.5499877929688,770.0,582216
2007-04-13,663.8213500976562,771.9500122070312,777.0,755.0,760.0,564293
2007-04-16,669.0239868164062,778.0,786.0,775.0999755859375,777.0999755859375,442878
2007-04-17,655.35107421875,762.0999755859375,784.5,760.1500244140625,781.1500244140625,452478
2007-04-18,657.1998291015625,764.25,774.3499755859375,761.25,765.0,438847
2007-04-19,663.7783203125,771.9000244140625,780.0,746.0,764.0,406231
2007-04-20,669.5397338867188,778.5999755859375,791.7999877929688,772.0,778.0999755859375,594583
2007-04-23,659.4788208007812,766.9000244140625,798.7000122070312,764.0,798.7000122070312,543379
2007-04-24,684.5026245117188,796.0,810.0,762.0,770.0,2359485
2007-04-25,680.2029418945312,791.0,815.0,783.0,800.0,1363916
2007-04-26,685.79248046875,797.5,840.0,785.5499877929688,840.0,1699840
2007-04-27,684.4165649414062,795.9000244140625,810.0,789.25,794.2000122070312,924946
2007-04-30,693.187744140625,806.0999755859375,808.75,783.0,798.5,422751
2007-05-03,700.2823486328125,814.3499755859375,824.5999755859375,811.0,817.5,369317
2007-05-04,694.3488159179688,807.4500122070312,822.0,803.0,821.0,221444
2007-05-07,692.1990356445312,804.9500122070312,824.0,801.0999755859375,820.0,391280
2007-05-08,688.5872802734375,800.75,814.9000244140625,782.5,811.0,490355
2007-05-09,689.9202270507812,802.2999877929688,814.4500122070312,791.0999755859375,801.0,904909
2007-05-10,683.5567016601562,794.9000244140625,848.7000122070312,790.0999755859375,848.7000122070312,597803
2007-05-11,684.07275390625,795.5,806.5,751.25,795.0,543745
2007-05-14,691.1239624023438,803.7000122070312,820.0,800.0999755859375,820.0,211565
2007-05-15,693.5748901367188,806.5499877929688,808.9000244140625,791.0,801.0999755859375,248635
2007-05-16,690.1351318359375,802.5499877929688,810.0,792.2000122070312,807.0,321379
2007-05-17,702.3892822265625,816.7999877929688,820.0,803.0,803.0,345832
2007-05-18,696.6275634765625,810.0999755859375,825.0,799.0,815.0,328877
2007-05-21,706.000732421875,821.0,825.0,800.25,810.0999755859375,406615
2007-05-22,714.256103515625,830.5999755859375,844.0,796.0,823.0,757248
2007-05-23,701.0133056640625,815.2000122070312,840.0,811.25,840.0,303632
2007-05-24,696.8855590820312,810.4000244140625,818.0,805.5499877929688,805.5499877929688,178315
2007-05-25,696.7996215820312,810.2999877929688,819.5,795.0,805.0,205959
2007-05-28,710.2576293945312,825.9500122070312,831.7000122070312,812.0,819.4000244140625,482536
2007-05-29,705.097900390625,819.9500122070312,833.0,815.0999755859375,826.5,342543
2007-05-30,691.89794921875,804.5999755859375,826.0,802.0,825.0,290268
2007-05-31,702.64697265625,817.0999755859375,820.0,805.0,808.0,585384
2007-06-01,697.6165161132812,811.25,829.9500122070312,808.1500244140625,820.0,483876
2007-06-04,693.5748901367188,806.5499877929688,876.0,804.0,876.0,303317
2007-06-05,687.7703857421875,799.7999877929688,839.7999877929688,796.0,839.7999877929688,624277
2007-06-06,667.8200073242188,776.5999755859375,823.75,772.6500244140625,823.75,349165
2007-06-07,654.3623046875,760.9500122070312,784.0,740.2999877929688,774.0,407125
2007-06-08,634.2398681640625,737.5499877929688,758.0,731.0,751.5499877929688,846437
2007-06-11,630.6281127929688,733.3499755859375,748.7999877929688,728.0999755859375,740.0999755859375,561196
2007-06-12,618.8471069335938,719.6500244140625,739.9000244140625,717.0,735.0,559380
2007-06-13,620.1800537109375,721.2000122070312,734.0,715.0499877929688,721.0,902649
2007-06-14,627.0164794921875,729.1500244140625,733.0,724.7000122070312,729.0,434677
2007-06-15,636.4326171875,740.0999755859375,747.0,729.25,734.9000244140625,691507
2007-06-18,638.7974853515625,742.8499755859375,749.9000244140625,738.1500244140625,741.0,250702
2007-06-19,646.1927490234375,751.4500122070312,753.9000244140625,735.5,742.0499877929688,250612
2007-06-20,660.3387451171875,767.9000244140625,772.4000244140625,751.4500122070312,751.4500122070312,339009
2007-06-21,652.7283325195312,759.0499877929688,772.0,756.0,771.0,378134
2007-06-22,654.7061157226562,761.3499755859375,763.75,750.0,753.0999755859375,229035
2007-06-25,647.78369140625,753.2999877929688,769.0,751.0,769.0,193269
2007-06-26,651.2235107421875,757.2999877929688,759.9000244140625,747.1500244140625,749.0,187249
2007-06-27,646.0639038085938,751.2999877929688,760.0,746.0999755859375,760.0,270304
2007-06-28,643.8282470703125,748.7000122070312,758.9000244140625,738.9500122070312,748.0,581068
2007-06-29,639.9151611328125,744.1500244140625,758.0,740.0999755859375,758.0,921224
2007-07-02,662.6605224609375,770.5999755859375,786.5999755859375,745.0,745.0,1033530
2007-07-03,673.7534790039062,783.5,785.0,772.0,777.0,658340
2007-07-04,680.5469970703125,791.4000244140625,799.0,776.25,790.0,387120
2007-07-05,692.284912109375,805.0499877929688,810.0999755859375,792.0,792.0499877929688,735535
2007-07-06,685.362548828125,797.0,808.9000244140625,760.2999877929688,760.2999877929688,255773
2007-07-09,684.2446899414062,795.7000122070312,805.0,790.0,802.0,205177
2007-07-10,699.766357421875,813.75,819.0,786.1500244140625,795.7000122070312,370646
2007-07-11,693.3599243164062,806.2999877929688,814.7999877929688,795.2000122070312,810.0,233135
2007-07-12,712.3213500976562,828.3499755859375,830.75,804.0,806.2999877929688,719373
2007-07-13,714.8580932617188,831.2999877929688,839.0,824.0,830.0,680882
2007-07-16,711.7194213867188,827.6500244140625,843.5,820.2999877929688,833.0,705306
2007-07-17,709.3115844726562,824.8499755859375,841.0999755859375,818.0,829.8499755859375,406536
2007-07-18,705.6998901367188,820.6500244140625,826.0,808.2000122070312,824.9000244140625,155871
2007-07-19,711.2034301757812,827.0499877929688,830.4000244140625,812.3499755859375,824.0,519599
2007-07-20,711.0746459960938,826.9000244140625,845.0,821.0,834.4000244140625,420611
2007-07-23,713.7832641601562,830.0499877929688,839.2999877929688,815.0999755859375,821.0,435111
2007-07-24,704.7539672851562,819.5499877929688,837.7999877929688,815.25,831.0,271106
2007-07-25,696.4556884765625,809.9000244140625,826.7999877929688,808.0,819.5499877929688,449106
2007-07-26,721.823486328125,839.4000244140625,857.3499755859375,810.0,812.0,3219244
2007-07-27,713.9553833007812,830.25,845.0,808.0,835.0,1257326
2007-07-30,727.3699951171875,845.8499755859375,860.0,806.5,860.0,774050
2007-07-31,726.2521362304688,844.5499877929688,854.9500122070312,820.0,848.0,675190
2007-08-01,706.1727905273438,821.2000122070312,833.9500122070312,806.0999755859375,806.0999755859375,699305
2007-08-02,715.7179565429688,832.2999877929688,851.0,821.0,825.2000122070312,478688
2007-08-03,731.4976806640625,850.6500244140625,856.0,828.7999877929688,836.0,850182
2007-08-06,709.3546142578125,824.9000244140625,847.0,819.5,845.0,801444
2007-08-07,709.3115844726562,824.8499755859375,847.0,821.0,847.0,563428
2007-08-08,719.4157104492188,836.5999755859375,841.0,825.0999755859375,832.0,589163
2007-08-09,711.0314331054688,826.8499755859375,869.0,817.0,844.0,817999
2007-08-10,696.1546630859375,809.5499877929688,816.0,795.5,810.0,579132
2007-08-13,716.0620727539062,832.7000122070312,836.9000244140625,813.0499877929688,815.0,299829
2007-08-14,708.1936645507812,823.5499877929688,843.0,817.1500244140625,843.0,379821
2007-08-16,682.3098754882812,793.4500122070312,829.9500122070312,780.0,829.9500122070312,475593
2007-08-17,669.5828247070312,778.6500244140625,793.7999877929688,715.0,793.7999877929688,1119851
2007-08-20,673.968505859375,783.75,815.9000244140625,780.2000122070312,800.0,597448
2007-08-21,659.99462890625,767.5,791.0,761.0,790.0,278620
2007-08-22,662.4166259765625,765.7999877929688,789.0,749.0,765.0,450403
2007-08-23,671.1964111328125,775.9500122070312,804.0499877929688,760.1500244140625,795.0,829540
2007-08-24,683.3929443359375,790.0499877929688,802.9000244140625,766.0999755859375,789.0,922178
2007-08-27,720.9340209960938,833.4500122070312,848.0,802.25,804.0,603244
2007-08-28,720.1121215820312,832.5,838.0,815.2999877929688,834.0,288653
2007-08-29,721.020263671875,833.5499877929688,838.0,810.2999877929688,820.0,586956
2007-08-30,723.7884521484375,836.75,849.75,831.0,845.0,1011839
2007-08-31,750.5602416992188,867.7000122070312,872.9000244140625,825.0,825.0,1241719
2007-09-03,762.6267700195312,881.6500244140625,901.0,875.2999877929688,876.7000122070312,992405
2007-09-04,772.7041015625,893.2999877929688,898.7999877929688,870.0,889.9500122070312,1012942
2007-09-05,755.7935180664062,873.75,900.0,868.0999755859375,893.5,667304
2007-09-06,761.7618408203125,880.6500244140625,883.0,839.7000122070312,839.7000122070312,496609
2007-09-07,755.4041748046875,873.2999877929688,887.9000244140625,870.0,884.9000244140625,502100
2007-09-10,756.5286254882812,874.5999755859375,880.9000244140625,837.0,837.0,355967
2007-09-11,744.8943481445312,861.1500244140625,881.7999877929688,856.0,879.0,408315
2007-09-12,743.5103759765625,859.5499877929688,869.7999877929688,854.5999755859375,869.7999877929688,214247
2007-09-13,771.3201293945312,891.7000122070312,894.0,803.5499877929688,803.5499877929688,861760
2007-09-14,749.7383422851562,866.75,904.7999877929688,863.5,895.0,744012
2007-09-17,756.8314819335938,874.9500122070312,880.9000244140625,863.2000122070312,865.0,645185
2007-09-18,757.2206420898438,875.4000244140625,884.0,868.0,876.0,563911
2007-09-19,799.1299438476562,923.8499755859375,934.0,889.0,889.0,1674682
2007-09-20,787.2794799804688,910.1500244140625,930.0,907.2000122070312,930.0,623469
2007-09-21,805.6605224609375,931.4000244140625,935.2999877929688,910.2000122070312,910.2000122070312,979596
2007-09-24,848.348388671875,980.75,1001.2000122070312,931.4000244140625,931.4000244140625,2204029
2007-09-25,857.3444213867188,991.1500244140625,1001.0,950.2999877929688,980.0,1440152
2007-09-26,832.08642578125,961.9500122070312,1000.0,955.0,992.0,1119400
2007-09-27,847.8292846679688,980.1500244140625,984.7999877929688,956.5999755859375,970.2000122070312,1830731
2007-09-28,863.9183349609375,998.75,1028.0,971.25,980.25,1945086
2007-10-01,856.4794311523438,990.1500244140625,1010.0,978.75,1008.7999877929688,1104268
2007-10-03,881.6508178710938,1019.25,1034.699951171875,960.25,985.0,1751448
2007-10-04,901.5458374023438,1042.25,1048.0,1011.0,1020.0,1633283
2007-10-05,895.144775390625,1034.8499755859375,1053.699951171875,1020.0,1045.0,1133901
2007-10-08,886.8408813476562,1025.25,1051.0,1001.0499877929688,1051.0,1127200
2007-10-09,955.8677978515625,1105.050048828125,1114.699951171875,1010.0,1023.7999877929688,1828168
2007-10-10,952.4080200195312,1101.050048828125,1135.0,1076.0,1105.0,1689843
2007-10-11,968.2373657226562,1119.3499755859375,1134.050048828125,1084.25,1107.0,1250799
2007-10-12,948.6883544921875,1096.75,1119.9000244140625,1084.0,1119.9000244140625,921226
2007-10-15,1004.0050659179688,1160.699951171875,1177.4000244140625,1095.0,1095.0,1226522
2007-10-16,1024.76513671875,1184.699951171875,1190.0,1123.0999755859375,1161.0,1098885
2007-10-17,1015.50927734375,1174.0,1224.0,1075.550048828125,1075.550048828125,1412586
2007-10-18,985.5372924804688,1139.3499755859375,1210.0,1125.0,1175.0,1083966
2007-10-19,931.2584838867188,1076.5999755859375,1180.0,1048.0,1160.0,826778
2007-10-22,917.0294189453125,1060.1500244140625,1094.9000244140625,1025.0,1059.9000244140625,1130497
2007-10-23,954.00830078125,1102.9000244140625,1116.8499755859375,1061.0,1061.0,741072
2007-10-24,967.4589233398438,1118.449951171875,1139.0,1088.0,1112.0,653913
2007-10-25,1007.0322875976562,1164.199951171875,1184.9000244140625,1090.0,1110.0,1281290
2007-10-26,1022.6024780273438,1182.199951171875,1199.0,1130.0,1140.0999755859375,469878
2007-10-29,1029.219970703125,1189.8499755859375,1248.0,1175.550048828125,1194.4000244140625,1028027
2007-10-30,940.6006469726562,1087.4000244140625,1203.0,1080.0,1189.8499755859375,2016331
2007-10-31,928.8797607421875,1073.8499755859375,1128.9000244140625,1045.0,1090.0,1649288
2007-11-01,870.665283203125,1006.5499877929688,1100.0,997.0499877929688,1100.0,1160090
2007-11-02,883.337646484375,1021.2000122070312,1033.0,969.0,1000.0,1188175
2007-11-05,860.3717651367188,994.6500244140625,1036.5,970.2999877929688,1026.1500244140625,756240
2007-11-06,840.7796630859375,972.0,1023.7999877929688,962.7999877929688,1010.0,703916
2007-11-07,864.4374389648438,999.3499755859375,1011.9000244140625,960.0,995.0,635218
2007-11-08,860.2420654296875,994.5,1010.0,961.25,990.0,413996
2007-11-12,861.1071166992188,995.5,1001.0,957.0499877929688,972.0,248565
2007-11-13,867.6378173828125,1003.0499877929688,1020.0,981.0,997.9500122070312,310098
2007-11-14,898.0857543945312,1038.25,1046.0,1010.0,1010.0,552730
2007-11-15,897.1343383789062,1037.1500244140625,1065.5,1025.0,1037.5,400610
2007-11-16,905.6113891601562,1046.949951171875,1059.9000244140625,1007.0,1020.0,439601
2007-11-19,911.5365600585938,1053.800048828125,1065.4000244140625,1051.0,1051.0,174857
2007-11-20,871.0545654296875,1007.0,1046.699951171875,995.7000122070312,1040.0,247351
2007-11-21,825.42578125,954.25,1016.0,946.0,1016.0,587625
2007-11-22,834.9408569335938,965.25,980.0,940.25,954.0,311782
2007-11-23,819.5438232421875,947.4500122070312,985.0,939.0,970.0,375340
2007-11-26,823.2200317382812,951.7000122070312,973.7999877929688,948.25,950.0999755859375,851961
2007-11-27,810.8938598632812,937.4500122070312,953.0,931.0,952.0,577041
2007-11-28,836.886962890625,967.5,972.25,946.0,954.0,320472
2007-11-29,856.4359741210938,990.0999755859375,1007.5,980.0,980.0,544149
2007-11-30,877.2393188476562,1014.1500244140625,1022.7999877929688,996.5,1000.0,397029
2007-12-03,893.4147338867188,1032.8499755859375,1049.0,1021.5,1030.0,275465
2007-12-04,889.1762084960938,1027.949951171875,1035.0,973.4500122070312,1020.0,249538
2007-12-05,894.755615234375,1034.4000244140625,1044.0,1012.0,1012.0,321097
2007-12-06,900.2916259765625,1040.800048828125,1064.800048828125,1035.0,1040.0,475761
2007-12-07,900.8538208007812,1041.449951171875,1056.0,1004.2999877929688,1050.0,416819
2007-12-10,904.4868774414062,1045.6500244140625,1059.9000244140625,1034.75,1059.9000244140625,434314
2007-12-11,932.1233520507812,1077.5999755859375,1085.0,1040.0,1050.0,716830
2007-12-12,928.4039306640625,1073.300048828125,1098.0,1058.050048828125,1080.0,908702
2007-12-13,897.0045776367188,1037.0,1089.800048828125,1030.0,1078.0,425272
2007-12-14,901.63232421875,1042.3499755859375,1048.949951171875,1021.0999755859375,1045.0,380200
2007-12-17,876.0715942382812,1012.7999877929688,1044.0,1006.75,1042.0,391237
2007-12-18,876.0715942382812,1012.7999877929688,1012.7999877929688,1012.7999877929688,1012.7999877929688,0
2007-12-19,863.26953125,998.0,1042.0,980.0,1037.800048828125,338361
2007-12-20,859.4635620117188,993.5999755859375,1028.0,981.0999755859375,1005.0,451958
2007-12-24,856.5657958984375,990.25,1012.5,982.2999877929688,1000.0,622849
2007-12-26,859.0308227539062,993.0999755859375,1007.0,988.7000122070312,994.7000122070312,915101
2007-12-27,860.84765625,995.2000122070312,1014.7999877929688,992.25,999.0,485165
2007-12-28,853.4085083007812,986.5999755859375,1010.0,978.5,992.0,622902
2007-12-31,860.2420654296875,994.5,1009.9000244140625,985.0999755859375,1000.0,471363
2008-01-01,857.6903076171875,991.5499877929688,1000.0,986.0,1000.0,183163
2008-01-02,862.44775390625,997.0499877929688,1009.9500122070312,978.5999755859375,1005.0,351365
2008-01-03,841.8175659179688,973.2000122070312,999.0,969.9500122070312,999.0,455664
2008-01-04,833.9894409179688,964.1500244140625,982.5,959.0,975.0,798963
2008-01-07,833.643310546875,963.75,970.0,952.0,952.0,683162
2008-01-08,812.926513671875,939.7999877929688,970.0,936.0,965.0,644368
2008-01-09,799.908447265625,924.75,1055.0,912.5,944.9000244140625,601337
2008-01-10,786.4575805664062,909.2000122070312,941.75,905.0499877929688,931.0,510754
2008-01-11,778.2401123046875,899.7000122070312,927.0,888.0,927.0,857643
2008-01-14,746.8839111328125,863.4500122070312,909.0,840.0,899.7000122070312,698561
2008-01-15,753.7172241210938,871.3499755859375,881.3499755859375,852.0,873.9500122070312,1000759
2008-01-16,733.260009765625,847.7000122070312,868.0,827.0,868.0,558884
2008-01-17,748.0516967773438,864.7999877929688,894.9000244140625,842.1500244140625,855.0,602636
2008-01-18,728.3296508789062,842.0,865.5499877929688,835.0999755859375,860.0,444882
2008-01-21,694.7677612304688,803.2000122070312,834.5,755.0499877929688,824.0,614102
2008-01-22,698.0979614257812,807.0499877929688,840.0,700.0,780.0,949563
2008-01-23,714.6194458007812,826.1500244140625,859.0,785.0,835.0,777635
2008-01-24,682.2684936523438,788.75,850.0,761.0,850.0,1045605
2008-01-25,721.1502075195312,833.7000122070312,845.0,794.0,823.0,563334
2008-01-28,747.9651489257812,864.7000122070312,874.0,775.0499877929688,775.0499877929688,358055
2008-01-29,746.4945678710938,863.0,881.0,816.2999877929688,870.0,739339
2008-01-30,746.4945678710938,863.0,863.0,863.0,863.0,0
2008-01-31,735.422607421875,850.2000122070312,864.7999877929688,825.0,843.0,702863
2008-02-01,783.473388671875,905.75,918.0,826.0,833.1500244140625,425624
2008-02-04,776.2072143554688,897.3499755859375,923.9000244140625,891.2000122070312,920.0,773011
2008-02-05,754.7986450195312,872.5999755859375,920.0,869.0,912.0,296903
2008-02-06,719.8959350585938,832.25,860.0,827.0,855.0999755859375,400676
2008-02-07,691.9998168945312,800.0,845.0,790.0,845.0,549229
2008-02-08,696.973388671875,805.75,814.0,780.0999755859375,802.0,588532
2008-02-11,703.5474853515625,813.3499755859375,850.0,775.0,805.75,467655
2008-02-12,698.66015625,807.7000122070312,827.0,796.25,815.4000244140625,313845
2008-02-13,706.9209594726562,817.25,824.9500122070312,802.1500244140625,812.0,394845
2008-02-14,717.2576904296875,829.2000122070312,845.0,820.0,821.0999755859375,245041
2008-02-15,702.7689819335938,812.4500122070312,829.0,805.0,825.0,658133
2008-02-18,697.3627319335938,806.2000122070312,830.0,801.0,830.0,212449
2008-02-19,700.1306762695312,809.4000244140625,819.0,805.1500244140625,813.0,394126
2008-02-20,665.7901000976562,769.7000122070312,808.0,763.0,808.0,750169
2008-02-21,660.1245727539062,763.1500244140625,790.0,754.4500122070312,777.0,631746
2008-02-22,662.892333984375,766.3499755859375,774.7999877929688,750.0999755859375,765.0,599096
2008-02-25,692.475341796875,800.5499877929688,805.5,768.25,775.0,623552
2008-02-26,703.5040893554688,813.2999877929688,816.0,791.0,811.2999877929688,349139
2008-02-27,720.4581298828125,832.9000244140625,840.0,815.0,815.0,678206
2008-02-28,724.1343994140625,837.1500244140625,843.0,816.7000122070312,830.0,517893
2008-02-29,750.99267578125,868.2000122070312,875.0,825.0,830.0,1698908
2008-03-03,754.8419799804688,872.6500244140625,909.0,847.5,859.7000122070312,1827854
2008-03-04,782.4352416992188,904.5499877929688,915.0,875.0,875.0,1388510
2008-03-05,813.2726440429688,940.2000122070312,944.5,902.0,907.0,1504357
2008-03-07,802.5899047851562,927.8499755859375,938.0999755859375,873.5499877929688,921.25,1553921
2008-03-10,774.2177734375,895.0499877929688,938.0,883.0,919.0,1362924
2008-03-11,749.65185546875,866.6500244140625,892.0,852.0,885.0,846194
2008-03-12,741.6507568359375,857.4000244140625,884.9000244140625,851.0999755859375,876.0,965824
2008-03-13,726.90234375,840.3499755859375,874.9000244140625,806.0,850.0,797094
2008-03-14,720.28515625,832.7000122070312,849.7999877929688,805.0,840.0,652894
2008-03-17,697.6653442382812,806.5499877929688,829.9000244140625,800.0,810.0,361660
2008-03-18,703.5474853515625,813.3499755859375,824.8499755859375,805.1500244140625,810.0,446490
2008-03-19,711.4188232421875,822.4500122070312,836.25,801.5999755859375,830.0,649083
2008-03-24,700.8228149414062,810.2000122070312,863.5499877929688,790.0,863.5499877929688,505100
2008-03-25,729.9298706054688,843.8499755859375,863.9500122070312,816.0,825.0,747210
2008-03-26,731.4436645507812,845.5999755859375,856.0,835.0499877929688,850.0,699173
2008-03-27,725.1290893554688,838.2999877929688,848.5,831.0,840.25,557454
2008-03-28,724.6967163085938,837.7999877929688,855.0,822.0,834.75,519840
2008-03-31,715.3546752929688,827.0,840.0,811.0,840.0,685949
2008-04-01,705.6234741210938,815.75,855.0,807.5499877929688,840.0,454500
2008-04-02,701.2119140625,810.6500244140625,849.0,805.5,829.0,243586
2008-04-03,680.668212890625,786.9000244140625,819.7000122070312,775.0,818.8499755859375,760056
2008-04-04,661.3786010742188,764.5999755859375,792.0,761.1500244140625,790.2000122070312,475666
2008-04-07,657.096923828125,759.6500244140625,769.9000244140625,738.0499877929688,768.0,917326
2008-04-08,644.1219482421875,744.6500244140625,765.0,740.0999755859375,765.0,550601
2008-04-09,634.6068725585938,733.6500244140625,745.0,725.0999755859375,745.0,786701
2008-04-10,638.2831420898438,737.9000244140625,748.8499755859375,730.0,736.0,685402
2008-04-11,639.3644409179688,739.1500244140625,747.9000244140625,730.5,745.0,300751
2008-04-15,654.1991577148438,756.2999877929688,759.9000244140625,727.5999755859375,739.1500244140625,241386
2008-04-16,654.0261840820312,756.0999755859375,765.0,751.2999877929688,765.0,393856
2008-04-17,657.8321533203125,760.5,766.5,753.0,761.0,282042
2008-04-21,664.5791625976562,768.2999877929688,783.5,725.0,750.0,354947
2008-04-22,655.5400390625,757.8499755859375,769.0,753.5999755859375,765.0,283323
2008-04-23,661.767822265625,765.0499877929688,769.9000244140625,754.25,757.8499755859375,446646
2008-04-24,646.1980590820312,747.0499877929688,777.0,726.5499877929688,775.7999877929688,2313324
2008-04-25,638.3264770507812,737.9500122070312,754.0,732.0,732.0,856302
2008-04-28,624.8323974609375,722.3499755859375,749.0,720.2000122070312,737.9500122070312,1017479
2008-04-29,632.4445190429688,731.1500244140625,736.7000122070312,720.0,720.0,782363
2008-04-30,641.9161987304688,742.0999755859375,749.0,730.0,734.9000244140625,927579
2008-05-02,681.533203125,787.9000244140625,791.9000244140625,751.0999755859375,751.0999755859375,1868089
2008-05-05,678.5057373046875,784.4000244140625,809.9000244140625,780.2999877929688,793.0,1035578
2008-05-06,663.1951293945312,766.7000122070312,788.0,757.5499877929688,788.0,814237
2008-05-07,670.93701171875,775.6500244140625,777.7999877929688,759.0499877929688,770.0,438190
2008-05-08,666.525390625,770.5499877929688,774.0,761.5,768.9000244140625,593476
2008-05-09,661.6382446289062,764.9000244140625,770.7999877929688,758.0,766.0,1618381
2008-05-12,666.3524780273438,770.3499755859375,774.9000244140625,763.0,764.9000244140625,545987
2008-05-13,666.6121215820312,770.6500244140625,786.0,769.0,778.0,420798
2008-05-14,689.4478759765625,797.0499877929688,799.5,767.0499877929688,775.0,966247
2008-05-15,710.8565673828125,821.7999877929688,826.9000244140625,800.0,802.1500244140625,1156629
2008-05-16,710.2511596679688,821.0999755859375,831.9500122070312,816.0,831.9500122070312,453991
2008-05-20,704.6719360351562,814.6500244140625,835.0,810.0,830.0,1200269
2008-05-21,703.4609985351562,813.25,816.0,790.0,805.0,582101
2008-05-22,696.9302368164062,805.7000122070312,813.0,790.0499877929688,805.0,528468
2008-05-23,683.0037231445312,789.5999755859375,812.7999877929688,784.2000122070312,805.0,585070
2008-05-26,658.91357421875,761.75,780.2000122070312,755.5,780.0,610536
2008-05-27,661.5084838867188,764.75,780.7999877929688,755.2999877929688,780.7999877929688,327631
2008-05-28,672.4073486328125,777.3499755859375,790.0,751.25,768.0,268473
2008-05-29,659.99462890625,763.0,794.9000244140625,757.1500244140625,794.9000244140625,569959
2008-05-30,660.037841796875,763.0499877929688,782.5,757.0,782.5,335525
2008-06-02,681.0140991210938,787.2999877929688,802.0,756.0,765.5,1431271
2008-06-03,676.6026611328125,782.2000122070312,789.7999877929688,761.5499877929688,770.0,281241
2008-06-04,645.7653198242188,746.5499877929688,789.0,731.0,782.5,638245
2008-06-05,658.5242309570312,761.2999877929688,769.25,733.1500244140625,743.0,721143
2008-06-06,648.7496948242188,750.0,773.0,742.1500244140625,765.0,413756
2008-06-09,638.8455200195312,738.5499877929688,751.0,725.0,751.0,420913
2008-06-10,641.3971557617188,741.5,748.2000122070312,718.0,739.5,476415
2008-06-11,634.693359375,733.75,763.0,729.0999755859375,748.0,367127
2008-06-12,637.3316040039062,736.7999877929688,747.0,702.0,720.0,391035
2008-06-13,624.659423828125,722.1500244140625,742.0,718.0999755859375,742.0,406174
2008-06-16,620.247802734375,717.0499877929688,736.7999877929688,712.5499877929688,733.0,627685
2008-06-17,653.2044067382812,755.1500244140625,764.7999877929688,715.0,715.0,672708
2008-06-18,647.3223876953125,748.3499755859375,760.0,737.0999755859375,755.0,329443
2008-06-19,646.1980590820312,747.0499877929688,762.0,734.2999877929688,741.0,293919
2008-06-20,630.0223999023438,728.3499755859375,750.0,711.0,747.0499877929688,493682
2008-06-23,595.0765380859375,687.9500122070312,727.0,681.3499755859375,727.0,459469
2008-06-24,585.345458984375,676.7000122070312,699.0,662.25,685.0,858990
2008-06-25,598.536376953125,691.9500122070312,699.9000244140625,638.0,663.0,358918
2008-06-26,584.6533203125,675.9000244140625,718.0,666.0999755859375,691.9500122070312,1031938
2008-06-27,555.9784545898438,642.75,675.9000244140625,636.0,675.9000244140625,828051
2008-06-30,533.3154907226562,616.5499877929688,654.7999877929688,610.0,654.7999877929688,420913
2008-07-01,494.34716796875,571.5,620.0,558.0999755859375,616.5499877929688,599023
2008-07-02,501.0076904296875,579.2000122070312,590.0,560.0,571.5,769380
2008-07-03,474.40911865234375,548.4500122070312,579.2000122070312,545.0,577.3499755859375,595922
2008-07-04,474.71185302734375,548.7999877929688,573.75,535.0,548.0,402254
2008-07-07,495.7745361328125,573.1500244140625,593.5,549.0,555.0,578901
2008-07-08,492.3577575683594,569.2000122070312,576.0,540.5,563.9000244140625,546872
2008-07-09,506.4140319824219,585.4500122070312,606.9000244140625,575.0,575.0499877929688,816806
2008-07-10,489.2005310058594,565.5499877929688,596.0,560.0,592.0,697500
2008-07-11,488.50860595703125,564.75,578.7999877929688,556.0999755859375,571.9000244140625,352958
2008-07-14,491.7521667480469,568.5,584.7000122070312,560.0999755859375,574.7000122070312,452879
2008-07-15,475.144287109375,549.2999877929688,561.0,520.5,520.5,201590
2008-07-16,474.2359924316406,548.25,554.8499755859375,540.0,549.0,443597
2008-07-17,518.3943481445312,599.2999877929688,602.7000122070312,556.0,560.0,984968
2008-07-18,535.6509399414062,619.25,623.0,588.3499755859375,605.0,772611
2008-07-21,559.7844848632812,647.1500244140625,660.0,615.0,625.1500244140625,477052
2008-07-22,508.44671630859375,587.7999877929688,625.25,585.0,625.25,2570662
2008-07-23,525.9196166992188,608.0,614.75,592.3499755859375,601.0,2110064
2008-07-24,535.564453125,619.1500244140625,634.7999877929688,610.0,610.0,981663
2008-07-25,531.455810546875,614.4000244140625,623.0,600.2999877929688,610.0,747765
2008-07-28,528.2120361328125,610.6500244140625,624.0,608.0999755859375,615.0,645262
2008-07-29,489.9358215332031,566.4000244140625,604.0,559.2000122070312,602.0,687526
2008-07-30,508.4898681640625,587.8499755859375,595.0,557.0,557.0,769762
2008-07-31,497.9371032714844,575.6500244140625,598.7999877929688,570.0,592.0,1262228
2008-08-01,486.25958251953125,562.1500244140625,569.9000244140625,553.0,564.9000244140625,1437459
2008-08-04,495.38531494140625,572.7000122070312,576.0,556.2999877929688,562.1500244140625,519499
2008-08-05,531.1096801757812,614.0,623.0,572.0999755859375,576.0,1055990
2008-08-06,563.7203369140625,651.7000122070312,674.9000244140625,627.0,644.0,2758125
2008-08-07,581.0200805664062,671.7000122070312,680.0,647.0,649.0,1381632
2008-08-08,587.4644165039062,679.1500244140625,684.0499877929688,626.6500244140625,626.6500244140625,714929
2008-08-11,622.151123046875,719.25,725.7000122070312,682.0,690.9000244140625,1498366
2008-08-12,587.3779907226562,679.0499877929688,713.7000122070312,661.2999877929688,709.0,1840440
2008-08-13,579.0738525390625,669.4500122070312,689.5,658.0,679.0499877929688,1199346
2008-08-14,566.91650390625,650.5,666.0,643.4000244140625,666.0,907149
2008-08-18,557.8526611328125,640.0999755859375,655.0,618.0,651.0,929834
2008-08-19,537.2850952148438,616.5,639.8499755859375,601.9500122070312,639.8499755859375,1380725
2008-08-20,544.7799682617188,625.0999755859375,629.9000244140625,615.0,616.5,1028097
2008-08-21,539.0717163085938,618.5499877929688,630.0,611.5,625.0,618137
2008-08-22,550.3577880859375,631.5,634.0,603.2000122070312,610.0,774964
2008-08-25,545.3029174804688,625.7000122070312,649.7999877929688,615.1500244140625,620.0,749154
2008-08-26,548.5712280273438,629.4500122070312,641.9000244140625,609.7000122070312,619.0,933639
2008-08-27,545.6951293945312,626.1500244140625,635.0,620.0,630.0,797421
2008-08-28,548.4840698242188,629.3499755859375,636.6500244140625,611.3499755859375,615.0,512974
2008-08-29,566.1320190429688,649.5999755859375,661.2999877929688,635.0,635.0,1078145
2008-09-01,552.1007080078125,633.5,649.5999755859375,618.5,649.5999755859375,1055043
2008-09-02,579.771240234375,665.25,670.0,630.2000122070312,630.2000122070312,747594
2008-09-04,599.3366088867188,687.7000122070312,693.5,645.0999755859375,658.0,1135093
2008-09-05,592.84375,680.25,685.0,653.3499755859375,666.0,787166
2008-09-08,605.4370727539062,694.7000122070312,719.9500122070312,682.2999877929688,685.5499877929688,1293682
2008-09-09,617.07177734375,708.0499877929688,713.4000244140625,676.4000244140625,690.0,634813
2008-09-10,606.30859375,695.7000122070312,707.9000244140625,688.2999877929688,698.0,621547
2008-09-11,592.0594482421875,679.3499755859375,702.0999755859375,675.0,687.0,694803
2008-09-12,612.9756469726562,703.3499755859375,711.9000244140625,682.0,682.0,1442723
2008-09-15,628.0963134765625,720.7000122070312,737.8499755859375,655.6500244140625,655.6500244140625,1213725
2008-09-16,606.4827880859375,695.9000244140625,720.0499877929688,684.0499877929688,700.0,978686
2008-09-17,610.2739868164062,700.25,715.0,681.0,715.0,1133346
2008-09-18,624.78466796875,716.9000244140625,734.7000122070312,670.0,680.0,1114821
2008-09-19,645.83154296875,741.0499877929688,749.9500122070312,724.0,732.5,902217
2008-09-22,628.619140625,721.2999877929688,766.0,710.5,766.0,1035073
2008-09-23,610.8405151367188,700.9000244140625,726.9000244140625,695.0499877929688,700.0,899105
2008-09-24,611.88623046875,702.0999755859375,716.0999755859375,692.4000244140625,698.0,563169
2008-09-25,614.7186889648438,705.3499755859375,712.0,682.6500244140625,682.6500244140625,817954
2008-09-26,596.1555786132812,684.0499877929688,703.0,671.25,700.0,273558
2008-09-29,577.6795043945312,662.8499755859375,690.0,645.0499877929688,645.0499877929688,517925
2008-09-30,601.5152587890625,690.2000122070312,701.0,636.2999877929688,647.5999755859375,739026
2008-10-01,610.709716796875,700.75,708.0,684.0,695.3499755859375,600343
2008-10-03,595.1097412109375,682.8499755859375,715.0,672.0499877929688,681.0,757319
2008-10-06,574.3244018554688,659.0,692.0,653.4000244140625,665.0,565467
2008-10-07,585.7409057617188,672.0999755859375,688.7000122070312,619.0999755859375,660.5499877929688,1383819
2008-10-08,599.46728515625,687.8499755859375,698.0,627.5,651.0,2054049
2008-10-10,592.364501953125,679.7000122070312,689.7000122070312,631.0,631.0,899350
2008-10-13,630.2750854492188,723.2000122070312,725.7999877929688,676.0,676.0,944838
2008-10-14,627.2683715820312,719.75,749.0,711.0,732.0,945505
2008-10-15,594.0639038085938,681.6500244140625,713.0,668.25,705.0,868013
2008-10-16,591.5801391601562,678.7999877929688,685.0,643.1500244140625,665.9000244140625,706468
2008-10-17,558.2012939453125,640.5,689.0,632.2999877929688,684.0999755859375,1058321
2008-10-20,572.0147094726562,656.3499755859375,674.7999877929688,625.0,637.0,587307
2008-10-21,590.403564453125,677.4500122070312,690.0,645.3499755859375,663.7999877929688,825521
2008-10-22,565.3477172851562,648.7000122070312,674.0,628.5499877929688,660.0,646436
2008-10-23,518.8964233398438,595.4000244140625,645.0,587.2999877929688,628.0,1010127
2008-10-24,469.0895690917969,538.25,581.5,512.0,580.0,1557016
2008-10-27,449.48065185546875,515.75,538.4000244140625,475.0,525.5,719165
2008-10-29,473.0985412597656,542.8499755859375,562.0,505.29998779296875,556.0,1216695
2008-10-31,490.83380126953125,563.2000122070312,584.0,546.7000122070312,561.0,887142
2008-11-03,524.7791137695312,602.1500244140625,619.0,565.5,565.5,720327
2008-11-04,536.631591796875,615.75,619.7000122070312,583.1500244140625,600.0,648039
2008-11-05,536.7185668945312,615.8499755859375,639.0,610.0999755859375,639.0,840170
2008-11-06,523.6460571289062,600.8499755859375,624.4000244140625,582.4500122070312,600.0,1095004
2008-11-07,522.4259033203125,599.4500122070312,609.75,570.0,595.0,995131
2008-11-10,518.7654418945312,595.25,608.0,584.5499877929688,600.0,560670
2008-11-11,499.7230224609375,573.4000244140625,590.0,560.1500244140625,590.0,1035231
2008-11-12,487.39129638671875,559.25,569.8499755859375,546.0999755859375,568.0,838328
2008-11-14,467.2593994140625,536.1500244140625,580.0,530.0499877929688,580.0,1225305
2008-11-17,477.4560546875,547.8499755859375,558.7999877929688,520.0999755859375,533.0,636365
2008-11-18,447.3018493652344,513.25,568.7999877929688,505.54998779296875,545.0,714020
2008-11-19,449.91644287109375,516.25,548.0,504.1000061035156,517.0,707693
2008-11-20,449.91644287109375,516.25,516.25,516.25,516.25,0
2008-11-21,444.4259033203125,509.95001220703125,524.7000122070312,480.1499938964844,486.29998779296875,763903
2008-11-24,462.2046813964844,530.3499755859375,535.0,495.1499938964844,515.0499877929688,468773
2008-11-25,466.3878479003906,535.1500244140625,574.0,522.7000122070312,574.0,890097
2008-11-26,463.33758544921875,531.6500244140625,542.8499755859375,508.0,539.0,1145287
2008-11-27,463.33758544921875,531.6500244140625,531.6500244140625,531.6500244140625,531.6500244140625,0
2008-11-28,464.99346923828125,533.5499877929688,548.9000244140625,521.0,537.0,872073
2008-12-01,424.51190185546875,487.1000061035156,544.9000244140625,482.1000061035156,540.5,1306878
2008-12-02,400.89404296875,460.0,476.0,433.0,433.0,1541283
2008-12-03,422.5945739746094,484.8999938964844,493.8999938964844,445.5,468.0,1609225
2008-12-04,425.16552734375,487.8500061035156,494.70001220703125,468.1499938964844,485.0,1548577
2008-12-05,427.60577392578125,490.6499938964844,496.29998779296875,477.1499938964844,490.0,1210630
2008-12-08,434.9700012207031,499.1000061035156,524.0,476.70001220703125,500.0,2471680
2008-12-10,449.5242004394531,515.7999877929688,524.7999877929688,487.3999938964844,505.0,1258399
2008-12-11,445.0794677734375,510.70001220703125,528.0,501.0,522.0,1335168
2008-12-12,441.8984680175781,507.04998779296875,513.0,475.70001220703125,480.0,956692
2008-12-15,443.3800354003906,508.75,524.0,505.6000061035156,515.0,1216799
2008-12-16,443.8157958984375,509.25,518.9000244140625,491.54998779296875,509.0,1443868
2008-12-17,444.2515563964844,509.75,520.0,504.54998779296875,520.0,1261891
2008-12-18,467.2593994140625,536.1500244140625,542.7999877929688,478.0,478.0,1192349
2008-12-19,478.8068542480469,549.4000244140625,568.9000244140625,528.0,528.0,1641704
2008-12-22,460.4180908203125,528.2999877929688,558.9500122070312,525.4000244140625,555.0,1211067
2008-12-23,447.1275329589844,513.0499877929688,527.0,508.20001220703125,527.0,1076243
2008-12-24,437.97662353515625,502.54998779296875,524.7000122070312,495.70001220703125,524.7000122070312,1403347
2008-12-26,444.64373779296875,510.20001220703125,518.4000244140625,501.3999938964844,502.0,1064831
2008-12-29,435.1007080078125,499.25,519.2000122070312,484.0,519.2000122070312,2104976
2008-12-30,451.8336486816406,518.4500122070312,523.9500122070312,497.04998779296875,504.8999938964844,1067188
2008-12-31,453.35888671875,520.2000122070312,527.0,506.3500061035156,520.0999755859375,1712863
2009-01-02,474.4494323730469,544.4000244140625,559.0,534.0,539.0,954847
2009-01-05,485.473876953125,557.0499877929688,578.9000244140625,543.5499877929688,578.9000244140625,906567
2009-01-06,489.2649841308594,561.4000244140625,571.8499755859375,546.3499755859375,552.0,900915
2009-01-07,492.5332336425781,565.1500244140625,579.7000122070312,551.2999877929688,570.0,1151237
2009-01-09,510.5732727050781,585.8499755859375,596.0,550.0999755859375,553.0,1868205
2009-01-12,504.9087219238281,579.3499755859375,596.75,561.5999755859375,580.0999755859375,1977203
2009-01-13,512.0113525390625,587.5,595.0,566.0,580.0,1241692
2009-01-14,519.2013549804688,595.75,604.0,578.0,583.0,1507556
2009-01-15,514.146484375,589.9500122070312,598.2000122070312,542.3499755859375,575.0,1128362
2009-01-16,513.8851318359375,589.6500244140625,597.9000244140625,581.7999877929688,590.0999755859375,1073629
2009-01-19,500.1587829589844,573.9000244140625,585.0999755859375,567.5999755859375,585.0999755859375,754466
2009-01-20,487.6962890625,559.5999755859375,567.9000244140625,556.0999755859375,567.9000244140625,451963
2009-01-21,470.396728515625,539.75,561.7000122070312,536.1500244140625,556.0,893228
2009-01-22,452.66162109375,519.4000244140625,550.0,513.0999755859375,540.4500122070312,1104098
2009-01-23,449.0013122558594,515.2000122070312,525.0,502.29998779296875,520.0,866109
2009-01-27,468.5666809082031,537.6500244140625,547.0,512.3499755859375,512.3499755859375,768922
2009-01-28,453.6638488769531,520.5499877929688,547.9500122070312,511.25,540.0,1180411
2009-01-29,474.492919921875,544.4500122070312,555.0,521.2000122070312,526.2000122070312,2407565
2009-01-30,495.2783203125,568.2999877929688,578.9000244140625,531.0,535.0,1711638
2009-02-02,494.1455383300781,567.0,588.7999877929688,555.0,561.0,1262111
2009-02-03,508.74310302734375,583.75,594.25,570.0,570.0,1028765
2009-02-04,524.6483764648438,602.0,606.7999877929688,585.5,587.5,1544901
2009-02-05,502.9042053222656,577.0499877929688,603.9000244140625,571.4000244140625,585.5999755859375,1405004
2009-02-06,503.4705505371094,577.7000122070312,586.7000122070312,572.0,579.0,688414
2009-02-09,518.72216796875,595.2000122070312,598.9000244140625,574.0999755859375,597.5,543324
2009-02-10,530.2259521484375,608.4000244140625,615.9000244140625,589.2999877929688,590.0,902011
2009-02-11,551.0548706054688,632.2999877929688,634.0,597.0,600.0,1444048
2009-02-12,534.9755249023438,613.8499755859375,628.0,607.4000244140625,625.0,990871
2009-02-13,548.0045776367188,628.7999877929688,637.4000244140625,616.2999877929688,616.2999877929688,748940
2009-02-16,542.1655883789062,622.0999755859375,641.0,609.0,625.0,1571925
2009-02-17,525.1712036132812,602.5999755859375,617.2999877929688,595.5999755859375,617.2999877929688,939119
2009-02-18,537.6337280273438,616.9000244140625,624.0,593.0,604.0,662741
2009-02-19,550.6192626953125,631.7999877929688,637.4000244140625,618.0,618.0,1081568
2009-02-20,548.61474609375,629.5,635.9000244140625,615.1500244140625,617.0,1142555
2009-02-24,558.8114624023438,641.2000122070312,647.8499755859375,614.0,617.0,1298015
2009-02-25,578.5946655273438,663.9000244140625,669.4000244140625,644.0,647.4000244140625,2076359
2009-02-26,601.9945068359375,690.75,709.4000244140625,632.4000244140625,632.4000244140625,2256838
2009-02-27,590.2728271484375,677.2999877929688,690.0,659.0499877929688,690.0,2104027
2009-03-02,587.9197998046875,674.5999755859375,698.7000122070312,657.0999755859375,698.7000122070312,1926425
2009-03-03,585.000244140625,671.25,687.5999755859375,659.0,659.0,1575564
2009-03-04,595.501953125,683.2999877929688,688.9000244140625,666.9000244140625,675.0,1174421
2009-03-05,582.3856811523438,668.25,699.7999877929688,663.5999755859375,699.7999877929688,957093
2009-03-06,566.1755981445312,649.6500244140625,679.0,643.2999877929688,679.0,1699918
2009-03-09,568.1366577148438,651.9000244140625,677.2999877929688,640.4000244140625,674.7999877929688,811568
2009-03-12,601.1231079101562,689.75,697.2999877929688,652.0499877929688,669.9500122070312,1840605
2009-03-13,621.5164794921875,713.1500244140625,719.5,688.3499755859375,697.0,1981774
2009-03-16,608.966796875,698.75,715.9500122070312,688.3499755859375,712.8499755859375,1590378
2009-03-17,618.5532836914062,709.75,715.0,692.0,708.7000122070312,1889619
2009-03-18,625.3947143554688,717.5999755859375,728.0,709.0,715.1500244140625,1994396
2009-03-19,636.9856567382812,730.9000244140625,744.0,716.0,721.0,1334739
2009-03-20,619.59912109375,710.9500122070312,735.0,708.25,735.0,608120
2009-03-23,638.9030151367188,733.0999755859375,737.7000122070312,717.0999755859375,719.0,523613
2009-03-24,639.73095703125,734.0499877929688,756.0,717.6500244140625,738.0,3057474
2009-03-25,639.6001586914062,733.9000244140625,753.7999877929688,723.25,733.0,1355965
2009-03-26,671.1924438476562,770.1500244140625,799.0,734.2000122070312,745.0,2063956
2009-03-27,669.7544555664062,768.5,774.6500244140625,751.2000122070312,770.0,997416
2009-03-30,660.7779541015625,758.2000122070312,769.3499755859375,732.3499755859375,760.0,1086494
2009-03-31,679.6460571289062,779.8499755859375,788.8499755859375,751.5,761.0,1993954
2009-04-01,690.6705322265625,792.5,799.0,765.0499877929688,780.0,1232689
2009-04-02,692.4572143554688,794.5499877929688,831.4000244140625,780.0,801.6500244140625,1537827
2009-04-06,696.4226684570312,799.0999755859375,804.0,785.0499877929688,797.6500244140625,1075353
2009-04-08,712.2839965820312,817.2999877929688,820.0,770.0499877929688,785.0,1223929
2009-04-09,705.1377563476562,809.0999755859375,829.5,798.2999877929688,820.0,995199
2009-04-13,717.0775146484375,822.7999877929688,839.0,811.0,815.25,922172
2009-04-15,737.8191528320312,846.5999755859375,854.7999877929688,807.0,815.0,1421209
2009-04-16,745.2708129882812,855.1500244140625,873.7999877929688,845.0,852.0,1121764
2009-04-17,728.7555541992188,836.2000122070312,866.0,825.3499755859375,851.0,777892
2009-04-20,728.8862915039062,836.3499755859375,854.0,828.25,837.8499755859375,398411
2009-04-21,687.4025268554688,788.75,838.2000122070312,777.25,827.0,1276098
2009-04-22,657.2483520507812,754.1500244140625,828.7999877929688,741.0,828.7999877929688,2283728
2009-04-23,695.98681640625,798.5999755859375,816.0,743.0,755.0,2416944
2009-04-24,699.821533203125,803.0,818.7000122070312,763.5,808.0,2607684
2009-04-27,705.35546875,809.3499755859375,821.7999877929688,773.5999755859375,779.5,2957389
2009-04-28,699.9522094726562,803.1500244140625,822.0,790.5,806.0,1269732
2009-04-29,709.4081420898438,814.0,819.9000244140625,784.2999877929688,809.0,1808304
2009-04-30,709.4081420898438,814.0,814.0,814.0,814.0,0
2009-05-04,731.5007934570312,839.3499755859375,849.7999877929688,820.25,821.3499755859375,962631
2009-05-05,724.7902221679688,831.6500244140625,859.0,815.0499877929688,845.0,1814271
2009-05-06,704.658447265625,808.5499877929688,837.9000244140625,797.0,827.5,2001503
2009-05-07,731.5443725585938,839.4000244140625,843.9000244140625,800.0,815.0,1231223
2009-05-08,721.8706665039062,828.2999877929688,845.9500122070312,816.5499877929688,838.0,582400
2009-05-11,726.9254150390625,834.0999755859375,845.9500122070312,819.25,836.0,730642
2009-05-12,752.8965454101562,863.9000244140625,875.5,820.0499877929688,830.0,1490336
2009-05-13,731.2393798828125,839.0499877929688,872.0,830.0,857.5999755859375,1105675
2009-05-14,725.7053833007812,832.7000122070312,841.8499755859375,795.0,815.6500244140625,773571
2009-05-15,739.213623046875,848.2000122070312,857.0,837.0,842.0,588323
2009-05-18,817.6494750976562,938.2000122070312,954.0,918.0,924.0,22796
2009-05-19,871.4215698242188,999.9000244140625,1064.0,940.0,960.0,2296571
2009-05-20,907.9813842773438,1041.8499755859375,1058.9000244140625,981.4000244140625,992.0,1492589
2009-05-21,844.7098388671875,969.25,1041.8499755859375,957.6500244140625,1026.0,1440592
2009-05-22,838.347900390625,961.9500122070312,974.9000244140625,954.0,962.0,1387314
2009-05-25,848.2830810546875,973.3499755859375,985.5,958.0,962.5,553098
2009-05-26,834.8181762695312,957.9000244140625,980.0,948.0,973.5,465220
2009-05-27,849.285400390625,974.5,983.0,946.2000122070312,970.2000122070312,584867
2009-05-28,874.8638916015625,1003.8499755859375,1028.800048828125,965.2999877929688,974.5,1886752
2009-05-29,895.1265869140625,1027.0999755859375,1037.449951171875,983.0,1009.0,1690981
2009-06-01,908.4607543945312,1042.4000244140625,1062.0,1025.0,1025.0,750208
2009-06-02,902.9266967773438,1036.050048828125,1049.0,1020.5,1035.0,1394295
2009-06-03,910.6394653320312,1044.9000244140625,1063.300048828125,1022.75,1030.0,812232
2009-06-04,940.2706909179688,1078.9000244140625,1084.699951171875,1030.0,1030.0,956533
2009-06-05,947.417236328125,1087.0999755859375,1112.800048828125,1070.0999755859375,1080.0,623638
2009-06-08,916.6964111328125,1051.8499755859375,1103.0,1026.1500244140625,1075.050048828125,751314
2009-06-09,949.90087890625,1089.949951171875,1111.800048828125,1005.1500244140625,1029.0,560514
2009-06-10,966.8081665039062,1109.3499755859375,1119.0,1090.0,1100.0,671173
2009-06-11,956.437255859375,1097.449951171875,1111.0,1073.3499755859375,1073.3499755859375,481712
2009-06-12,945.6742553710938,1085.0999755859375,1114.8499755859375,1053.6500244140625,1053.6500244140625,854058
2009-06-15,928.548828125,1065.449951171875,1083.800048828125,1046.3499755859375,1046.3499755859375,473583
2009-06-16,937.3512573242188,1075.550048828125,1093.9000244140625,1040.0,1046.3499755859375,613585
2009-06-17,924.7142944335938,1061.050048828125,1085.4000244140625,1050.0,1071.300048828125,560998
2009-06-18,899.1791381835938,1031.75,1059.9000244140625,1025.1500244140625,1055.0,474395
2009-06-19,914.9971923828125,1049.9000244140625,1064.0,1031.300048828125,1035.0,410019
2009-06-22,929.20263671875,1066.199951171875,1074.75,1038.050048828125,1060.0,354924
2009-06-23,918.0037841796875,1053.3499755859375,1066.9000244140625,1036.0,1052.0,806325
2009-06-24,923.7122802734375,1059.9000244140625,1064.9000244140625,1029.0,1055.0,661162
2009-06-25,893.9937744140625,1025.800048828125,1069.0,1009.9000244140625,1068.0,584588
2009-06-26,923.1456298828125,1059.25,1063.6500244140625,1018.0999755859375,1037.0,441041
2009-06-29,930.6842041015625,1067.9000244140625,1079.800048828125,1038.3499755859375,1059.0999755859375,279147
2009-06-30,931.5993041992188,1068.949951171875,1078.0999755859375,1050.0,1075.0,670630
2009-07-01,934.4750366210938,1072.25,1086.0,1053.0,1078.0,425206
2009-07-02,917.1756591796875,1052.4000244140625,1080.0,1029.0,1080.0,309181
2009-07-03,922.709716796875,1058.75,1066.9000244140625,1040.1500244140625,1049.699951171875,272949
2009-07-06,904.2774658203125,1037.5999755859375,1073.5999755859375,991.5,1058.75,801787
2009-07-07,941.3600463867188,1080.1500244140625,1110.0,1020.0,1028.699951171875,719619
2009-07-08,960.6206665039062,1102.25,1108.4000244140625,1056.5,1060.0,850417
2009-07-09,957.918701171875,1099.1500244140625,1124.0,1090.0999755859375,1108.0,485334
2009-07-10,961.7969970703125,1103.5999755859375,1115.0,1068.75,1095.0,659226
2009-07-13,929.8997802734375,1067.0,1094.9000244140625,1040.4000244140625,1090.0,319362
2009-07-14,946.2406005859375,1085.75,1095.0,1068.3499755859375,1074.300048828125,828890
2009-07-15,966.8953247070312,1109.449951171875,1117.75,1065.3499755859375,1085.0,488421
2009-07-16,995.26318359375,1142.0,1152.4000244140625,1086.300048828125,1115.0999755859375,657947
2009-07-17,1029.6439208984375,1181.449951171875,1193.6500244140625,1148.0,1159.0,1156812
2009-07-20,1054.307861328125,1209.75,1219.9000244140625,1184.0,1188.0,691039
2009-07-21,1080.714599609375,1240.050048828125,1248.5,1180.0,1180.0,591621
2009-07-22,1058.2730712890625,1214.300048828125,1249.949951171875,1201.0,1241.0,542016
2009-07-23,1129.3011474609375,1295.800048828125,1305.0,1220.0,1220.0,1811332
2009-07-24,1201.1568603515625,1378.25,1399.9000244140625,1297.0999755859375,1301.0,1721907
2009-07-27,1193.8797607421875,1369.9000244140625,1394.0,1349.699951171875,1388.0,673482
2009-07-28,1210.569091796875,1389.050048828125,1418.0,1345.0,1370.0,972544
2009-07-29,1218.412841796875,1398.050048828125,1418.949951171875,1362.0,1395.0,675425
2009-07-30,1217.54150390625,1397.050048828125,1416.949951171875,1371.0,1381.0,954939
2009-07-31,1232.7054443359375,1414.449951171875,1448.6500244140625,1402.0,1434.0,577930
2009-08-03,1282.773681640625,1471.9000244140625,1484.0,1411.0,1411.0,705685
2009-08-04,1300.7703857421875,1492.550048828125,1515.9000244140625,1450.0,1469.8499755859375,1168701
2009-08-05,1256.4542236328125,1441.699951171875,1515.0,1431.300048828125,1515.0,838345
2009-08-06,1189.347900390625,1364.699951171875,1443.800048828125,1342.199951171875,1443.0,1287527
2009-08-07,1127.20947265625,1293.4000244140625,1355.0,1282.0,1350.0,1983765
2009-08-10,1088.1224365234375,1248.550048828125,1332.800048828125,1225.0999755859375,1319.8499755859375,2630057
2009-08-11,1129.737060546875,1296.300048828125,1309.5,1220.0,1220.0,1467531
2009-08-12,1124.3331298828125,1290.0999755859375,1298.9000244140625,1255.800048828125,1272.0,917422
2009-08-13,1196.668701171875,1373.0999755859375,1385.9000244140625,1301.0,1330.0,1546332
2009-08-14,1175.8831787109375,1349.25,1385.0,1342.0,1370.0,731351
2009-08-17,1111.6966552734375,1275.5999755859375,1330.0,1265.550048828125,1325.0,784965
2009-08-18,1136.4281005859375,1300.4000244140625,1319.0,1266.25,1280.0,770068
2009-08-19,1137.6951904296875,1301.8499755859375,1330.0,1275.050048828125,1308.0,785510
2009-08-20,1197.68896484375,1370.5,1375.0,1316.300048828125,1320.0,1169291
2009-08-21,1213.156982421875,1388.199951171875,1390.0,1348.75,1366.0,883022
2009-08-24,1251.171875,1431.699951171875,1441.9000244140625,1395.0,1402.050048828125,860804
2009-08-25,1238.981201171875,1417.75,1448.0,1411.0,1428.0,777467
2009-08-26,1228.05712890625,1405.25,1435.0,1391.050048828125,1435.0,693776
2009-08-27,1237.3643798828125,1415.9000244140625,1425.0,1383.5999755859375,1398.0,1179483
2009-08-28,1242.1708984375,1421.4000244140625,1437.0,1390.0,1425.0,543476
2009-08-31,1256.4591064453125,1437.75,1459.0,1393.300048828125,1411.1500244140625,751627
2009-09-01,1346.2091064453125,1540.449951171875,1561.0,1445.6500244140625,1447.0,2722272
2009-09-02,1318.987060546875,1509.300048828125,1569.9000244140625,1502.0,1545.0,1374367
2009-09-03,1317.32666015625,1507.4000244140625,1538.300048828125,1494.0999755859375,1527.6500244140625,822449
2009-09-04,1351.5838623046875,1546.5999755859375,1555.4000244140625,1506.0,1510.0,729249
2009-09-07,1358.5750732421875,1554.5999755859375,1584.75,1542.800048828125,1560.0,634942
2009-09-08,1326.371826171875,1517.75,1572.0,1513.0999755859375,1570.0,518411
2009-09-09,1322.2645263671875,1513.050048828125,1542.0,1505.5999755859375,1519.0,598369
2009-09-10,1301.333984375,1489.0999755859375,1547.0,1482.0999755859375,1521.4000244140625,549495
2009-09-11,1283.419189453125,1468.5999755859375,1519.3499755859375,1446.3499755859375,1519.3499755859375,815499
2009-09-14,1288.48779296875,1474.4000244140625,1489.5999755859375,1454.5999755859375,1459.800048828125,563346
2009-09-15,1310.85986328125,1500.0,1509.0,1464.0,1479.5999755859375,600510
2009-09-16,1325.9783935546875,1517.300048828125,1530.0,1495.1500244140625,1500.0,671108
2009-09-17,1363.25048828125,1559.949951171875,1576.449951171875,1521.4000244140625,1523.5,1076504
2009-09-18,1432.594970703125,1639.300048828125,1650.0,1540.199951171875,1560.0,1661428
2009-09-22,1448.8060302734375,1657.8499755859375,1688.0,1639.9000244140625,1648.5999755859375,619688
2009-09-23,1445.6162109375,1654.199951171875,1674.5,1642.0,1659.800048828125,494508
2009-09-24,1429.0120849609375,1635.199951171875,1656.0,1612.0,1645.0,663238
2009-09-25,1431.37158203125,1637.9000244140625,1674.0,1618.699951171875,1625.0,548328
2009-09-29,1431.8084716796875,1638.4000244140625,1668.0,1621.0,1648.0,683689
2009-09-30,1486.86474609375,1701.4000244140625,1737.300048828125,1629.0,1642.0,798362
2009-10-01,1447.1453857421875,1655.949951171875,1715.0,1647.5999755859375,1715.0,704599
2009-10-05,1395.67236328125,1597.050048828125,1647.0,1587.5999755859375,1647.0,766877
2009-10-06,1397.5950927734375,1599.25,1628.949951171875,1577.199951171875,1619.0,895966
2009-10-07,1346.3404541015625,1540.5999755859375,1614.5,1533.0999755859375,1609.800048828125,1441965
2009-10-08,1320.2545166015625,1510.75,1560.0,1505.0,1550.0,2200461
2009-10-09,1293.64404296875,1480.300048828125,1524.8499755859375,1471.3499755859375,1518.0999755859375,1152078
2009-10-12,1324.536376953125,1515.6500244140625,1529.9000244140625,1481.0,1489.0,1137216
2009-10-13,1324.536376953125,1515.6500244140625,1515.6500244140625,1515.6500244140625,1515.6500244140625,0
2009-10-14,1327.9884033203125,1519.5999755859375,1549.0,1512.0,1527.199951171875,1068818
2009-10-15,1333.6251220703125,1526.050048828125,1548.0,1512.199951171875,1531.0999755859375,601444
2009-10-16,1324.099365234375,1515.1500244140625,1553.9000244140625,1509.5,1529.0,662633
2009-10-20,1353.462646484375,1548.75,1567.800048828125,1515.0,1527.5,832580
2009-10-21,1317.1519775390625,1507.199951171875,1558.9000244140625,1495.300048828125,1550.0,485369
2009-10-22,1303.0819091796875,1491.0999755859375,1514.4000244140625,1462.199951171875,1501.0,1079433
2009-10-23,1327.2894287109375,1518.800048828125,1535.9000244140625,1495.0,1500.0,821446
2009-10-26,1326.1968994140625,1517.550048828125,1550.0,1496.3499755859375,1522.0,880439
2009-10-27,1292.551513671875,1479.050048828125,1528.5,1465.3499755859375,1500.0,572325
2009-10-28,1236.9273681640625,1415.4000244140625,1479.9000244140625,1405.5999755859375,1475.0,804616
2009-10-29,1205.2481689453125,1379.1500244140625,1413.9000244140625,1368.0,1400.0,1393710
2009-10-30,1226.35302734375,1403.300048828125,1445.9000244140625,1376.5999755859375,1423.9000244140625,1057456
2009-11-03,1247.763916015625,1427.800048828125,1436.8499755859375,1396.0,1403.0,1116648
2009-11-04,1277.9136962890625,1462.300048828125,1470.0,1416.0999755859375,1434.800048828125,581771
2009-11-05,1298.3626708984375,1485.699951171875,1493.8499755859375,1416.0999755859375,1459.0,786363
2009-11-06,1285.735107421875,1471.25,1519.0,1461.0999755859375,1503.0,754054
2009-11-09,1297.095703125,1484.25,1493.800048828125,1447.0999755859375,1473.0,661927
2009-11-10,1263.2757568359375,1445.550048828125,1501.0,1438.5,1495.0999755859375,895514
2009-11-11,1268.4315185546875,1451.449951171875,1462.0,1418.0,1435.3499755859375,1103314
2009-11-12,1243.6563720703125,1423.0999755859375,1479.8499755859375,1416.0,1460.0,1257254
2009-11-13,1291.9398193359375,1478.3499755859375,1484.449951171875,1390.0,1423.0,1197470
2009-11-16,1361.8521728515625,1558.3499755859375,1568.0,1425.0,1425.0,1571350
2009-11-17,1360.1044921875,1556.3499755859375,1567.5,1537.0999755859375,1554.0,1081025
2009-11-18,1362.6385498046875,1559.25,1575.800048828125,1521.25,1550.0,747709
2009-11-19,1355.0357666015625,1550.550048828125,1574.5999755859375,1528.0999755859375,1550.0,906248
2009-11-20,1348.262939453125,1542.800048828125,1549.5,1520.0999755859375,1531.25,711990
2009-11-23,1363.5126953125,1560.25,1567.0999755859375,1544.050048828125,1557.699951171875,574180
2009-11-24,1397.944580078125,1599.6500244140625,1619.0,1558.5,1558.5,1145376
2009-11-25,1417.432373046875,1621.949951171875,1639.0,1600.0,1600.25,745040
2009-11-26,1380.247802734375,1579.4000244140625,1635.5999755859375,1560.3499755859375,1620.0,577689
2009-11-27,1369.5860595703125,1567.199951171875,1583.8499755859375,1458.800048828125,1516.0,613056
2009-11-30,1360.978271484375,1557.3499755859375,1692.300048828125,1548.0,1692.300048828125,338523
2009-12-01,1387.064208984375,1587.199951171875,1607.0,1565.0,1565.0,956327
2009-12-02,1409.567626953125,1612.949951171875,1637.6500244140625,1597.0,1597.0,844833
2009-12-03,1435.8284912109375,1643.0,1651.9000244140625,1612.4000244140625,1623.0,745292
2009-12-04,1391.215576171875,1591.949951171875,1635.0,1583.0,1631.0,685680
2009-12-07,1378.587646484375,1577.5,1613.5999755859375,1570.0,1590.0,326349
2009-12-08,1370.6787109375,1568.449951171875,1591.8499755859375,1563.0999755859375,1577.0,382303
2009-12-09,1407.9510498046875,1611.0999755859375,1635.5999755859375,1550.0,1573.0,1657099
2009-12-10,1389.467529296875,1589.949951171875,1628.25,1582.5,1615.0,541050
2009-12-11,1391.04052734375,1591.75,1615.0,1584.0999755859375,1592.0,529544
2009-12-14,1406.509033203125,1609.449951171875,1625.0,1586.5,1595.0,497722
2009-12-15,1379.7672119140625,1578.8499755859375,1619.0,1562.25,1619.0,639343
2009-12-16,1371.989501953125,1569.949951171875,1590.949951171875,1557.300048828125,1590.949951171875,444169
2009-12-17,1358.4439697265625,1554.449951171875,1574.0,1550.0,1574.0,311706
2009-12-18,1353.5068359375,1548.800048828125,1560.0,1534.0999755859375,1540.0,635325
2009-12-21,1329.4305419921875,1521.25,1562.0,1514.75,1553.0,480999
2009-12-22,1338.16943359375,1531.25,1540.0,1523.0,1528.0,230855
2009-12-23,1361.8521728515625,1558.3499755859375,1564.0,1534.0,1534.0,343060
2009-12-24,1368.493896484375,1565.949951171875,1574.0,1551.0999755859375,1564.9000244140625,477680
2009-12-29,1369.542724609375,1567.1500244140625,1577.0,1558.9000244140625,1574.9000244140625,366468
2009-12-30,1372.3828125,1570.4000244140625,1573.0,1555.1500244140625,1567.1500244140625,501393
2009-12-31,1363.381591796875,1560.0999755859375,1575.1500244140625,1541.5,1575.1500244140625,664244
2010-01-04,1355.822265625,1551.449951171875,1586.699951171875,1546.1500244140625,1565.0,534231
2010-01-05,1324.7113037109375,1515.8499755859375,1567.550048828125,1510.0,1563.5,1407407
2010-01-06,1277.3455810546875,1461.6500244140625,1522.800048828125,1460.0,1518.0,1571353
2010-01-07,1270.04833984375,1453.300048828125,1485.0,1450.0,1468.0,901165
2010-01-08,1252.439208984375,1433.1500244140625,1463.800048828125,1421.0999755859375,1459.0,1294429
2010-01-11,1271.3154296875,1454.75,1462.25,1438.0,1442.0,478942
2010-01-12,1259.2994384765625,1441.0,1462.0,1435.0,1454.75,767986
2010-01-13,1248.59423828125,1428.75,1449.5,1410.800048828125,1437.0,612474
2010-01-14,1236.44677734375,1414.8499755859375,1443.25,1411.0,1439.0,480493
2010-01-15,1235.2232666015625,1413.449951171875,1442.9000244140625,1408.1500244140625,1410.0,723389
2010-01-18,1249.118408203125,1429.3499755859375,1447.0,1407.0,1409.0,916180
2010-01-19,1240.33544921875,1419.300048828125,1450.0,1413.0999755859375,1435.0,1009858
2010-01-20,1274.461669921875,1458.3499755859375,1465.0,1421.0,1428.800048828125,1376326
2010-01-21,1269.5679931640625,1452.75,1480.0,1440.0,1445.0,1220211
2010-01-22,1262.314453125,1444.449951171875,1457.0,1405.0,1440.0,650256
2010-01-25,1263.8436279296875,1446.199951171875,1475.0,1412.0,1412.0,851324
2010-01-27,1197.0771484375,1369.800048828125,1447.0,1350.300048828125,1431.0,1180230
2010-01-28,1204.505126953125,1378.300048828125,1399.0,1362.050048828125,1377.0,835498
2010-01-29,1214.24951171875,1389.449951171875,1399.0,1332.0,1374.4000244140625,468949
2010-02-01,1222.551513671875,1398.949951171875,1419.699951171875,1375.25,1389.0,584347
2010-02-02,1200.354248046875,1373.550048828125,1418.25,1360.0,1418.25,573306
2010-02-03,1203.5877685546875,1377.25,1384.9000244140625,1360.199951171875,1365.0,594119
2010-02-04,1193.013671875,1365.1500244140625,1385.0,1355.0,1370.0,453970
2010-02-05,1187.5516357421875,1358.9000244140625,1378.050048828125,1320.25,1349.5,471270
2010-02-08,1190.3045654296875,1362.050048828125,1388.800048828125,1347.199951171875,1375.0999755859375,555655
2010-02-09,1182.1771240234375,1352.75,1374.0,1342.5,1355.0,491001
2010-02-10,1165.7041015625,1333.9000244140625,1368.5999755859375,1328.25,1355.0,433681
2010-02-11,1185.3233642578125,1356.3499755859375,1363.5,1330.0999755859375,1330.0999755859375,289022
2010-02-15,1167.538818359375,1336.0,1368.800048828125,1330.0999755859375,1364.0,288768
2010-02-16,1186.197021484375,1357.3499755859375,1370.449951171875,1334.0,1339.699951171875,322869
2010-02-17,1206.2095947265625,1380.25,1386.9000244140625,1365.300048828125,1369.949951171875,371999
2010-02-18,1188.20703125,1359.6500244140625,1390.0,1349.0,1390.0,323684
2010-02-19,1198.1258544921875,1371.0,1381.0,1335.0,1354.0,399798
2010-02-22,1211.452880859375,1386.25,1403.0,1378.300048828125,1380.0,385247
2010-02-23,1167.32080078125,1335.75,1389.0,1317.699951171875,1369.8499755859375,484780
2010-02-24,1193.2320556640625,1365.4000244140625,1388.8499755859375,1317.6500244140625,1325.0,827260
2010-02-25,1223.3818359375,1399.9000244140625,1407.9000244140625,1358.0,1374.199951171875,794244
2010-02-26,1275.859619140625,1459.949951171875,1490.0,1375.0,1398.800048828125,1711733
2010-03-02,1303.0819091796875,1491.0999755859375,1501.0,1462.550048828125,1472.0,1321957
2010-03-03,1290.32275390625,1476.5,1500.9000244140625,1460.6500244140625,1496.0,809671
2010-03-04,1273.4130859375,1457.1500244140625,1489.0,1452.0999755859375,1477.0,413804
2010-03-05,1273.32568359375,1457.050048828125,1474.4000244140625,1447.699951171875,1467.0,353414
2010-03-08,1291.7650146484375,1478.1500244140625,1492.300048828125,1463.0,1473.699951171875,515595
2010-03-09,1310.4227294921875,1499.5,1509.1500244140625,1471.0,1480.0,875543
2010-03-10,1293.2506103515625,1479.8499755859375,1519.800048828125,1470.0,1508.0,976355
2010-03-11,1279.5740966796875,1464.199951171875,1484.949951171875,1455.0,1470.050048828125,554034
2010-03-12,1279.0494384765625,1463.5999755859375,1487.5,1460.0,1470.0,334671
2010-03-15,1263.7564697265625,1446.0999755859375,1464.800048828125,1426.1500244140625,1464.0,445078
2010-03-16,1274.85498046875,1458.800048828125,1462.800048828125,1436.449951171875,1459.800048828125,256298
2010-03-17,1252.7449951171875,1433.5,1473.75,1428.6500244140625,1465.0,648678
2010-03-18,1242.4329833984375,1421.699951171875,1446.0,1409.0,1444.0,631915
2010-03-19,1249.074951171875,1429.300048828125,1434.300048828125,1421.0,1428.0,286967
2010-03-22,1221.24072265625,1397.449951171875,1423.800048828125,1391.0,1420.0,470482
2010-03-23,1217.701171875,1393.4000244140625,1412.199951171875,1388.0,1404.949951171875,313873
2010-03-25,1197.3829345703125,1370.1500244140625,1397.8499755859375,1360.0,1390.0,656336
2010-03-26,1220.7164306640625,1396.8499755859375,1413.0,1368.050048828125,1372.0,576501
2010-03-29,1247.4578857421875,1427.449951171875,1437.800048828125,1397.199951171875,1409.800048828125,628028
2010-03-30,1230.15478515625,1407.6500244140625,1446.0,1400.0,1400.0,354798
2010-03-31,1239.15576171875,1417.949951171875,1423.5,1349.0,1391.550048828125,320921
2010-04-01,1217.4832763671875,1393.1500244140625,1429.0,1386.25,1425.0,477130
2010-04-05,1221.1534423828125,1397.3499755859375,1409.0,1386.300048828125,1399.5,409185
2010-04-06,1203.0634765625,1376.6500244140625,1410.0,1373.25,1410.0,343707
2010-04-07,1226.003662109375,1402.9000244140625,1407.0,1368.0,1389.699951171875,634823
2010-04-08,1209.573974609375,1384.0999755859375,1412.0,1247.699951171875,1247.699951171875,410233
2010-04-09,1203.9373779296875,1377.6500244140625,1399.0,1370.25,1396.0,441989
2010-04-12,1198.6064453125,1371.550048828125,1408.800048828125,1363.5,1398.0,401803
2010-04-13,1191.3968505859375,1363.300048828125,1376.800048828125,1352.800048828125,1375.0,309664
2010-04-15,1184.01220703125,1354.8499755859375,1378.9000244140625,1350.0,1371.0,296630
2010-04-16,1180.7786865234375,1351.1500244140625,1361.699951171875,1345.0,1350.75,220122
2010-04-19,1164.305908203125,1332.300048828125,1352.5999755859375,1324.199951171875,1352.5999755859375,239032
2010-04-20,1181.8275146484375,1352.3499755859375,1366.050048828125,1332.0,1340.0,379984
2010-04-21,1203.762451171875,1377.449951171875,1380.0,1350.0,1350.0,314739
2010-04-22,1205.4227294921875,1379.3499755859375,1399.800048828125,1364.5,1375.0,483673
2010-04-23,1189.692626953125,1361.3499755859375,1388.699951171875,1355.050048828125,1380.0,268925
2010-04-26,1165.5291748046875,1333.699951171875,1385.4000244140625,1327.050048828125,1370.0,1940724
2010-04-27,1121.4842529296875,1283.300048828125,1335.1500244140625,1280.0,1329.0,2351290
2010-04-28,1110.1671142578125,1270.3499755859375,1287.800048828125,1255.0,1275.0,1214131
2010-04-29,1126.8153076171875,1289.4000244140625,1294.699951171875,1272.0,1273.0999755859375,815734
2010-04-30,1118.3382568359375,1279.699951171875,1300.0,1275.0999755859375,1300.0,441044
2010-05-03,1119.8675537109375,1281.449951171875,1294.25,1263.3499755859375,1275.0,599874
2010-05-04,1105.7974853515625,1265.3499755859375,1297.449951171875,1257.5,1288.0,457051
2010-05-05,1120.8287353515625,1282.550048828125,1290.0,1233.800048828125,1247.699951171875,550720
2010-05-06,1117.2894287109375,1278.5,1289.0,1265.25,1284.0,394583
2010-05-07,1117.7264404296875,1279.0,1288.0,1250.0,1261.0,488321
2010-05-10,1132.1024169921875,1295.449951171875,1299.9000244140625,1276.699951171875,1291.199951171875,563998
2010-05-11,1108.2008056640625,1268.0999755859375,1300.0,1265.0,1300.0,395084
2010-05-12,1105.7100830078125,1265.25,1286.800048828125,1262.0,1270.0,589711
2010-05-13,1114.929931640625,1275.800048828125,1285.5999755859375,1270.3499755859375,1275.0,662614
2010-05-14,1100.6851806640625,1259.5,1281.0,1246.9000244140625,1269.0,443386
2010-05-17,1084.9549560546875,1241.5,1254.800048828125,1237.050048828125,1250.0,322917
2010-05-18,1085.78515625,1242.449951171875,1252.449951171875,1236.0,1241.300048828125,462417
2010-05-19,1072.1085205078125,1226.800048828125,1254.0,1221.0,1234.699951171875,496232
2010-05-20,1055.9853515625,1208.3499755859375,1239.300048828125,1198.5999755859375,1238.800048828125,485640
2010-05-21,1082.376953125,1238.550048828125,1245.0,1170.0,1176.0,744951
2010-05-24,1062.364501953125,1215.6500244140625,1259.0,1205.0,1254.9000244140625,263273
2010-05-25,1047.595703125,1198.75,1211.0,1177.5999755859375,1201.199951171875,457431
2010-05-26,1049.299560546875,1200.699951171875,1224.0,1184.1500244140625,1195.0,584220
2010-05-27,1082.0274658203125,1238.1500244140625,1248.75,1191.0,1205.0,982229
2010-05-28,1070.7100830078125,1225.199951171875,1244.800048828125,1216.199951171875,1243.0,330714
2010-05-31,1080.891357421875,1236.8499755859375,1240.0,1224.6500244140625,1236.0,233634
2010-06-01,1098.50048828125,1257.0,1297.0,1231.050048828125,1235.0,1452405
2010-06-02,1117.0709228515625,1278.25,1286.0,1261.0,1261.0,785644
2010-06-03,1133.2821044921875,1296.800048828125,1310.0,1287.0,1288.0,686347
2010-06-04,1162.3394775390625,1330.050048828125,1335.0,1290.0,1304.0,883335
2010-06-07,1149.580322265625,1315.449951171875,1319.800048828125,1280.800048828125,1282.0999755859375,464373
2010-06-08,1131.140869140625,1294.3499755859375,1337.5,1286.5,1319.9000244140625,608641
2010-06-09,1138.7001953125,1303.0,1317.5,1290.050048828125,1295.6500244140625,403149
2010-06-10,1176.4093017578125,1346.1500244140625,1349.800048828125,1296.0,1316.0,910604
2010-06-11,1185.585205078125,1356.6500244140625,1364.0,1340.0,1347.0,733725
2010-06-14,1184.536376953125,1355.449951171875,1367.0,1344.0,1364.0,245161
2010-06-15,1173.569091796875,1342.9000244140625,1359.8499755859375,1332.0999755859375,1355.0,316340
2010-06-16,1192.4019775390625,1364.449951171875,1369.9000244140625,1332.5999755859375,1349.0,616333
2010-06-17,1205.7725830078125,1379.75,1387.0,1356.5,1369.0,428095
2010-06-18,1180.7786865234375,1351.1500244140625,1383.0,1347.0,1374.699951171875,557649
2010-06-21,1202.7138671875,1376.25,1383.0,1358.6500244140625,1362.0,312694
2010-06-22,1196.4217529296875,1369.050048828125,1380.0,1360.0,1367.5,235521
2010-06-23,1229.8922119140625,1407.3499755859375,1414.0,1360.0,1365.0,860773
2010-06-24,1212.064697265625,1386.949951171875,1416.9000244140625,1371.0,1410.0,1361910
2010-06-25,1220.6728515625,1396.800048828125,1421.9000244140625,1376.0,1382.0,1336002
2010-06-28,1218.88134765625,1394.75,1403.800048828125,1380.3499755859375,1398.0,292395
2010-06-29,1213.8126220703125,1388.949951171875,1409.9000244140625,1380.25,1390.0,362725
2010-06-30,1244.2244873046875,1423.75,1433.949951171875,1370.0,1370.0,735102
2010-07-01,1224.2557373046875,1400.9000244140625,1424.300048828125,1380.0,1424.300048828125,637323
2010-07-02,1237.3643798828125,1415.9000244140625,1425.800048828125,1381.0,1400.0,580326
2010-07-05,1220.060791015625,1396.0999755859375,1415.9000244140625,1392.199951171875,1415.9000244140625,196977
2010-07-06,1216.78369140625,1392.3499755859375,1396.0,1385.0,1396.0,261295
2010-07-07,1205.990966796875,1380.0,1409.800048828125,1372.25,1392.0,350245
2010-07-08,1226.4405517578125,1403.4000244140625,1408.9000244140625,1387.9000244140625,1392.199951171875,419025
2010-07-09,1244.661376953125,1424.25,1429.75,1395.0,1400.0,615302
2010-07-12,1231.64013671875,1409.3499755859375,1435.0,1405.800048828125,1435.0,271217
2010-07-13,1231.4217529296875,1409.0999755859375,1415.9000244140625,1391.050048828125,1415.050048828125,284452
2010-07-14,1217.876220703125,1393.5999755859375,1423.449951171875,1386.5999755859375,1417.0,182512
2010-07-15,1201.840087890625,1375.25,1415.0,1371.0,1415.0,308916
2010-07-16,1200.8350830078125,1374.0999755859375,1382.699951171875,1364.0,1372.9000244140625,184121
2010-07-19,1191.3968505859375,1363.300048828125,1387.9000244140625,1335.0,1335.0,220018
2010-07-20,1187.2021484375,1358.5,1395.0,1351.0999755859375,1395.0,141510
2010-07-21,1190.6102294921875,1362.4000244140625,1379.9000244140625,1359.0999755859375,1369.0,293180
2010-07-22,1183.4005126953125,1354.1500244140625,1380.0,1345.25,1379.9000244140625,514174
2010-07-23,1186.9398193359375,1358.199951171875,1372.699951171875,1346.300048828125,1365.0,736077
2010-07-26,1041.2159423828125,1191.449951171875,1317.5,1126.8499755859375,1302.300048828125,6485230
2010-07-27,1055.242431640625,1207.5,1239.9000244140625,1182.0,1190.0,4499525
2010-07-28,1050.9599609375,1202.5999755859375,1223.699951171875,1200.0,1210.0,848412
2010-07-29,1046.721435546875,1197.75,1214.449951171875,1190.0999755859375,1205.0,1600687
2010-07-30,1047.4644775390625,1198.5999755859375,1212.9000244140625,1192.550048828125,1199.0,553516
2010-08-02,1057.3394775390625,1209.9000244140625,1218.5,1202.199951171875,1211.0,660849
2010-08-03,1060.2232666015625,1213.199951171875,1224.0,1210.050048828125,1223.449951171875,461037
2010-08-04,1060.572998046875,1213.5999755859375,1221.0,1206.4000244140625,1214.0,581630
2010-08-05,1071.190673828125,1225.75,1240.949951171875,1217.5,1218.0,875377
2010-08-06,1067.38916015625,1221.4000244140625,1235.550048828125,1218.5,1230.0,358993
2010-08-09,1076.7403564453125,1232.0999755859375,1234.0,1215.75,1216.699951171875,365489
2010-08-10,1072.501953125,1227.25,1237.949951171875,1222.0,1230.0,291160
2010-08-11,1061.9713134765625,1215.199951171875,1234.9000244140625,1211.050048828125,1227.0,668240
2010-08-12,1071.409423828125,1226.0,1232.699951171875,1203.5,1209.0,334170
2010-08-13,1091.6405029296875,1249.1500244140625,1254.4000244140625,1222.5,1230.0,683945
2010-08-16,1098.107421875,1256.550048828125,1271.800048828125,1245.0,1249.0,537805
2010-08-17,1095.485595703125,1253.550048828125,1267.0,1245.449951171875,1260.0,311850
2010-08-18,1096.1846923828125,1254.3499755859375,1264.1500244140625,1251.0,1258.8499755859375,182885
2010-08-19,1093.8253173828125,1251.6500244140625,1267.8499755859375,1250.050048828125,1261.800048828125,202683
2010-08-20,1083.3818359375,1239.699951171875,1257.0,1238.0,1248.0,152662
2010-08-23,1088.100830078125,1245.0999755859375,1252.75,1236.0,1240.4000244140625,148100
2010-08-24,1082.7884521484375,1233.050048828125,1255.0,1225.0,1255.0,215635
2010-08-25,1071.37255859375,1220.050048828125,1242.0,1216.0999755859375,1236.4000244140625,198994
2010-08-26,1077.6512451171875,1227.199951171875,1234.75,1212.5999755859375,1223.6500244140625,962065
2010-08-27,1070.1871337890625,1218.699951171875,1245.0,1210.050048828125,1218.0,209560
2010-08-30,1084.807861328125,1235.3499755859375,1247.800048828125,1222.0,1222.0,322578
2010-08-31,1104.2587890625,1257.5,1264.449951171875,1228.0,1234.3499755859375,478908
2010-09-01,1117.6502685546875,1272.75,1281.1500244140625,1262.0,1262.0,688890
2010-09-02,1121.119140625,1276.699951171875,1291.949951171875,1273.5,1276.0,480517
2010-09-03,1117.079345703125,1272.0999755859375,1284.0,1213.6500244140625,1277.0,209238
2010-09-06,1143.8189697265625,1302.550048828125,1313.0,1277.3499755859375,1280.0,446653
2010-09-07,1155.1031494140625,1315.4000244140625,1328.75,1304.449951171875,1305.0,441540
2010-09-08,1148.16552734375,1307.5,1336.9000244140625,1303.0,1319.699951171875,372456
2010-09-09,1154.575927734375,1314.800048828125,1321.0,1307.5,1312.0,244342
2010-09-13,1166.2994384765625,1328.1500244140625,1333.0,1314.1500244140625,1325.0,235561
2010-09-14,1182.4130859375,1346.5,1367.9000244140625,1330.1500244140625,1330.1500244140625,1528650
2010-09-15,1201.864013671875,1368.6500244140625,1380.0,1348.699951171875,1349.0,1032922
2010-09-16,1227.0224609375,1397.300048828125,1405.4000244140625,1358.9000244140625,1360.0,1238076
2010-09-17,1219.1632080078125,1388.3499755859375,1414.199951171875,1382.0,1400.0,322006
2010-09-20,1228.427490234375,1398.9000244140625,1405.0,1380.0,1390.0,542217
2010-09-21,1240.8970947265625,1413.0999755859375,1417.9000244140625,1387.0999755859375,1400.050048828125,582679
2010-09-22,1285.4627685546875,1463.8499755859375,1470.0,1420.25,1420.25,1288474
2010-09-23,1280.852294921875,1458.5999755859375,1470.0,1444.449951171875,1465.0,494100
2010-09-24,1301.18115234375,1481.75,1485.0,1460.0999755859375,1465.0,609319
2010-09-27,1298.854248046875,1479.0999755859375,1495.0,1472.0,1494.0,371002
2010-09-28,1289.1947021484375,1468.0999755859375,1484.5999755859375,1452.0,1452.0,405994
2010-09-29,1255.781494140625,1430.050048828125,1481.949951171875,1425.199951171875,1452.0,413917
2010-09-30,1265.3095703125,1440.9000244140625,1497.25,1390.3499755859375,1440.0,457480
2010-10-01,1299.600830078125,1479.949951171875,1491.800048828125,1451.0,1456.0,736838
2010-10-04,1299.77587890625,1480.1500244140625,1498.0,1475.300048828125,1490.0,246301
2010-10-05,1320.1490478515625,1503.3499755859375,1524.0,1478.199951171875,1486.0,620564
2010-10-06,1331.872314453125,1516.699951171875,1529.0,1507.0,1510.0,361329
2010-10-07,1308.5135498046875,1490.0999755859375,1524.4000244140625,1485.0,1519.050048828125,288753
2010-10-08,1314.7486572265625,1497.199951171875,1507.0,1472.300048828125,1492.0,208208
2010-10-11,1332.355224609375,1517.25,1526.25,1495.0,1508.0999755859375,307964
2010-10-12,1334.8140869140625,1520.050048828125,1529.0,1503.25,1519.949951171875,355625
2010-10-13,1368.4908447265625,1558.4000244140625,1566.800048828125,1518.0,1525.0,1201084
2010-10-14,1367.612548828125,1557.4000244140625,1574.4000244140625,1541.3499755859375,1560.050048828125,647855
2010-10-15,1333.8043212890625,1518.9000244140625,1560.550048828125,1481.8499755859375,1555.0,597943
2010-10-18,1309.7869873046875,1491.550048828125,1520.0,1482.5999755859375,1515.0,388544
2010-10-19,1312.684814453125,1494.8499755859375,1515.0,1481.050048828125,1495.050048828125,243570
2010-10-20,1309.0406494140625,1490.699951171875,1508.0,1485.0,1490.0,151275
2010-10-21,1329.1939697265625,1513.6500244140625,1519.0,1481.300048828125,1500.0,208642
2010-10-22,1320.1053466796875,1503.300048828125,1525.0,1495.0,1515.0,133665
2010-10-25,1323.354248046875,1507.0,1525.9000244140625,1500.199951171875,1504.9000244140625,151666
2010-10-26,1375.866943359375,1566.800048828125,1585.0,1511.0,1517.949951171875,2316413
2010-10-27,1339.6878662109375,1525.5999755859375,1570.0,1507.199951171875,1567.1500244140625,794179
2010-10-28,1347.7666015625,1534.800048828125,1549.0,1515.0,1529.699951171875,665095
2010-10-29,1362.519287109375,1551.5999755859375,1559.0,1516.050048828125,1534.800048828125,236775
2010-11-01,1324.4959716796875,1508.300048828125,1560.0,1482.5,1560.0,875788
2010-11-02,1311.41162109375,1493.4000244140625,1524.0,1488.0,1509.8499755859375,345655
2010-11-03,1313.7825927734375,1496.0999755859375,1508.5999755859375,1487.0,1497.550048828125,235501
2010-11-04,1323.881103515625,1507.5999755859375,1514.0,1496.050048828125,1501.0,352793
2010-11-08,1307.196533203125,1488.5999755859375,1519.0,1486.0,1515.0,228488
2010-11-09,1292.575439453125,1471.949951171875,1506.0,1466.0,1490.0,382790
2010-11-10,1295.3414306640625,1475.0999755859375,1478.0,1460.050048828125,1475.0,209770
2010-11-11,1291.21435546875,1470.4000244140625,1487.5,1465.199951171875,1485.0,217656
2010-11-12,1277.251953125,1454.5,1469.0,1444.050048828125,1463.0,213197
2010-11-15,1261.7969970703125,1436.9000244140625,1459.1500244140625,1424.0,1452.0,133347
2010-11-16,1229.9644775390625,1400.6500244140625,1449.3499755859375,1385.550048828125,1444.949951171875,382476
2010-11-18,1256.045166015625,1430.3499755859375,1437.699951171875,1376.699951171875,1409.8499755859375,359749
2010-11-19,1234.1356201171875,1405.4000244140625,1433.9000244140625,1397.0999755859375,1433.9000244140625,235528
2010-11-22,1247.7904052734375,1420.949951171875,1428.0,1395.0,1410.0,145576
2010-11-23,1265.8360595703125,1441.5,1453.8499755859375,1396.9000244140625,1415.0,331033
2010-11-24,1243.48779296875,1416.050048828125,1467.0,1403.1500244140625,1440.0,202980
2010-11-25,1211.91845703125,1380.0999755859375,1427.9000244140625,1371.3499755859375,1416.1500244140625,407030
2010-11-26,1200.4149169921875,1367.0,1389.9000244140625,1336.0,1386.0,199109
2010-11-29,1234.706298828125,1406.050048828125,1417.4000244140625,1365.300048828125,1370.0,143095
2010-11-30,1248.712646484375,1422.0,1428.75,1376.449951171875,1406.050048828125,215559
2010-12-01,1241.77490234375,1414.0999755859375,1446.5,1402.1500244140625,1420.0,414015
2010-12-02,1237.1651611328125,1408.8499755859375,1437.300048828125,1403.4000244140625,1437.300048828125,234362
2010-12-03,1229.9202880859375,1400.5999755859375,1419.800048828125,1391.300048828125,1410.0,228411
2010-12-06,1236.5064697265625,1408.0999755859375,1417.0,1391.0,1417.0,129508
2010-12-07,1254.55224609375,1428.6500244140625,1446.699951171875,1408.699951171875,1410.0,376506
2010-12-08,1244.45361328125,1417.1500244140625,1444.699951171875,1392.1500244140625,1430.0,309194
2010-12-09,1221.6219482421875,1391.1500244140625,1415.0,1383.25,1406.0,228112
2010-12-10,1241.0286865234375,1413.25,1418.8499755859375,1365.699951171875,1390.0,156706
2010-12-13,1248.580810546875,1421.8499755859375,1434.050048828125,1402.0,1420.0,202845
2010-12-14,1241.5555419921875,1413.8499755859375,1435.0,1406.0,1420.050048828125,112041
2010-12-15,1225.0028076171875,1395.0,1414.949951171875,1387.5999755859375,1414.0,222327
2010-12-16,1210.074462890625,1378.0,1399.0,1365.25,1398.0,338077
2010-12-20,1242.433837890625,1414.8499755859375,1422.0,1346.0,1380.5,325141
2010-12-21,1249.8541259765625,1423.300048828125,1454.800048828125,1402.5,1416.5999755859375,610373
2010-12-22,1224.2125244140625,1394.0999755859375,1431.0,1384.199951171875,1425.050048828125,297205
2010-12-23,1222.67578125,1392.3499755859375,1399.949951171875,1385.0999755859375,1390.25,346689
2010-12-24,1221.929443359375,1391.5,1398.449951171875,1368.0,1391.0,208168
2010-12-27,1224.4320068359375,1394.3499755859375,1407.800048828125,1386.699951171875,1398.0,149330
2010-12-28,1225.1787109375,1395.199951171875,1406.0,1386.050048828125,1400.0,193304
2010-12-29,1245.1121826171875,1417.9000244140625,1424.0,1386.3499755859375,1394.0999755859375,228653
2010-12-30,1247.351318359375,1420.449951171875,1439.5,1413.0,1422.0,231775
2010-12-31,1248.361328125,1421.5999755859375,1430.5,1415.0,1420.800048828125,153415
2011-01-03,1252.2691650390625,1426.050048828125,1450.0,1418.5,1430.0,300162
2011-01-04,1254.640380859375,1428.75,1453.4000244140625,1404.050048828125,1427.0,540328
2011-01-05,1240.326416015625,1412.449951171875,1435.0,1406.3499755859375,1428.0,275096
2011-01-06,1206.47412109375,1373.9000244140625,1425.0,1366.300048828125,1415.050048828125,353272
2011-01-07,1177.188232421875,1340.550048828125,1367.699951171875,1337.550048828125,1365.0,493731
2011-01-10,1164.411376953125,1326.0,1350.0,1318.199951171875,1349.0,254474
2011-01-11,1157.7811279296875,1318.449951171875,1330.699951171875,1305.949951171875,1325.0,394195
2011-01-12,1157.0787353515625,1317.6500244140625,1328.9000244140625,1294.9000244140625,1324.0,316610
2011-01-13,1155.2347412109375,1315.550048828125,1325.0,1301.5999755859375,1320.0,263445
2011-01-14,1114.971923828125,1269.699951171875,1319.0,1263.300048828125,1316.0,468849
2011-01-17,1114.8843994140625,1269.5999755859375,1280.0,1255.0,1270.0,206244
2011-01-18,1121.9093017578125,1277.5999755859375,1285.050048828125,1268.050048828125,1276.0,210065
2011-01-19,1117.606689453125,1272.699951171875,1284.0,1266.5,1284.0,233334
2011-01-20,1105.7955322265625,1259.25,1268.0,1245.0999755859375,1267.550048828125,186731
2011-01-21,1096.4871826171875,1248.6500244140625,1267.699951171875,1238.199951171875,1264.0,361853
2011-01-24,1134.99365234375,1292.5,1299.949951171875,1255.0,1269.0,285343
2011-01-25,1131.1737060546875,1288.1500244140625,1305.0,1276.050048828125,1305.0,237024
2011-01-27,1114.971923828125,1269.699951171875,1299.800048828125,1263.0999755859375,1299.800048828125,188751
2011-01-28,1079.5391845703125,1229.3499755859375,1272.0,1220.0,1272.0,609439
2011-01-31,1100.1751708984375,1252.8499755859375,1264.449951171875,1150.300048828125,1199.0,1056178
2011-02-01,1090.998779296875,1242.4000244140625,1275.0,1233.5999755859375,1266.0,331423
2011-02-02,1068.738037109375,1217.050048828125,1248.449951171875,1211.0,1248.449951171875,446214
2011-02-03,1069.748046875,1218.199951171875,1229.9000244140625,1205.300048828125,1210.0,355406
2011-02-04,1038.7935791015625,1182.949951171875,1236.4000244140625,1176.0,1230.0,309323
2011-02-07,1044.76513671875,1189.75,1201.0,1180.0,1201.0,155137
2011-02-08,1033.39306640625,1176.800048828125,1194.0,1170.0999755859375,1194.0,214476
2011-02-09,1013.3716430664062,1154.0,1189.0,1145.0,1174.0,178835
2011-02-10,1018.6402587890625,1160.0,1174.8499755859375,1148.0999755859375,1157.5,268346
2011-02-11,1037.3885498046875,1181.3499755859375,1186.800048828125,1145.0,1145.0,306097
2011-02-14,1074.9288330078125,1224.0999755859375,1228.0,1193.0,1200.0,258845
2011-02-15,1085.9935302734375,1236.699951171875,1242.0,1212.0,1225.0,215206
2011-02-16,1078.3096923828125,1227.949951171875,1240.0,1221.0,1240.0,94606
2011-02-17,1078.3978271484375,1228.050048828125,1239.949951171875,1215.0,1218.9000244140625,128256
2011-02-18,1078.9683837890625,1228.699951171875,1256.0,1225.0,1227.0,355711
2011-02-21,1060.22021484375,1207.3499755859375,1230.0,1181.0,1229.0,203836
2011-02-22,1037.1689453125,1181.0999755859375,1205.0,1170.0999755859375,1205.0,189502
2011-02-23,1047.1798095703125,1192.5,1202.5999755859375,1178.0,1178.0,339470
2011-02-24,1031.4173583984375,1174.550048828125,1199.0,1154.699951171875,1178.0,656061
2011-02-25,1026.236083984375,1168.6500244140625,1183.0,1144.5999755859375,1183.0,347521
2011-02-28,1060.9664306640625,1208.199951171875,1228.0,1158.5,1171.0,376909
2011-03-01,1133.4569091796875,1290.75,1312.699951171875,1206.0,1209.0999755859375,759153
2011-03-03,1161.1182861328125,1322.25,1334.0,1271.050048828125,1281.1500244140625,461594
2011-03-04,1152.1612548828125,1312.050048828125,1341.5999755859375,1294.9000244140625,1325.0,455165
2011-03-07,1107.2003173828125,1260.8499755859375,1290.0,1249.1500244140625,1281.0,252355
2011-03-08,1103.073486328125,1256.1500244140625,1274.9000244140625,1245.5,1267.800048828125,406646
2011-03-09,1111.7230224609375,1266.0,1283.0,1260.0999755859375,1262.0,181247
2011-03-10,1116.46484375,1271.4000244140625,1285.0,1255.3499755859375,1264.75,220927
2011-03-11,1098.4193115234375,1250.8499755859375,1278.5,1240.0,1256.5,252688
2011-03-14,1103.81982421875,1257.0,1266.0,1218.050048828125,1242.25,555011
2011-03-15,1066.1915283203125,1214.1500244140625,1229.9000244140625,1200.0,1220.0,447418
2011-03-16,1070.6700439453125,1219.25,1228.9000244140625,1214.0999755859375,1219.800048828125,233465
2011-03-17,1023.1187744140625,1165.0999755859375,1213.9000244140625,1155.050048828125,1205.199951171875,1136194
2011-03-18,1015.3031005859375,1156.199951171875,1201.0,1147.0999755859375,1183.699951171875,1087299
2011-03-21,990.7155151367188,1128.199951171875,1166.0,1122.0,1161.199951171875,524674
2011-03-22,1029.1339111328125,1171.949951171875,1179.0,1133.050048828125,1136.050048828125,879108
2011-03-23,1032.646484375,1175.949951171875,1181.0,1157.0999755859375,1170.0,458496
2011-03-24,1024.9188232421875,1167.1500244140625,1184.0,1157.800048828125,1170.0,569659
2011-03-25,1038.22265625,1182.300048828125,1185.0,1161.5,1173.0,504995
2011-03-28,1055.2587890625,1201.699951171875,1210.3499755859375,1180.0,1189.800048828125,604130
2011-03-29,1087.091064453125,1237.949951171875,1249.9000244140625,1206.0,1210.0,593159
2011-03-30,1114.3575439453125,1269.0,1295.800048828125,1238.8499755859375,1246.0,934495
2011-03-31,1108.342041015625,1262.1500244140625,1286.0,1251.0,1269.0,851042
2011-04-01,1116.201416015625,1271.0999755859375,1292.4000244140625,1251.6500244140625,1251.6500244140625,373301
2011-04-04,1141.8870849609375,1300.3499755859375,1304.9000244140625,1258.5999755859375,1286.0,406624
2011-04-05,1151.1075439453125,1310.8499755859375,1322.0,1282.800048828125,1300.3499755859375,327406
2011-04-06,1139.38427734375,1297.5,1328.0999755859375,1288.050048828125,1327.0,477877
2011-04-07,1122.47998046875,1278.25,1285.0,1268.0,1279.550048828125,378375
2011-04-08,1101.0537109375,1253.8499755859375,1284.5,1250.0,1275.0,274026
2011-04-11,1086.7840576171875,1237.5999755859375,1254.0999755859375,1231.0,1250.0,161328
2011-04-13,1122.392578125,1278.1500244140625,1282.1500244140625,1214.0,1214.0,486624
2011-04-15,1103.9949951171875,1257.199951171875,1284.0,1255.0,1270.5,199832
2011-04-18,1108.5177001953125,1262.3499755859375,1282.0,1250.5,1256.0,472622
2011-04-19,1101.8001708984375,1254.699951171875,1267.25,1240.0,1250.0,342396
2011-04-20,1110.8448486328125,1265.0,1270.0999755859375,1250.0999755859375,1258.0,370509
2011-04-21,1147.7266845703125,1307.0,1314.0,1267.0,1274.9000244140625,687122
2011-04-25,1164.8062744140625,1326.449951171875,1335.0,1286.300048828125,1310.0,1325337
2011-04-26,1143.86279296875,1302.5999755859375,1324.9000244140625,1297.25,1324.9000244140625,543624
2011-04-27,1156.33251953125,1316.800048828125,1329.9000244140625,1305.199951171875,1308.9000244140625,307291
2011-04-28,1142.6773681640625,1301.25,1325.300048828125,1297.0,1321.199951171875,255730
2011-04-29,1157.0787353515625,1317.6500244140625,1328.6500244140625,1288.6500244140625,1295.25,336437
2011-05-02,1134.203125,1291.5999755859375,1334.0,1286.0999755859375,1320.0,541711
2011-05-03,1118.572509765625,1273.800048828125,1290.0,1241.25,1290.0,660811
2011-05-04,1092.9307861328125,1244.5999755859375,1269.0,1241.0,1268.5,421192
2011-05-05,1101.0537109375,1253.8499755859375,1274.300048828125,1235.300048828125,1244.0,370008
2011-05-06,1118.3092041015625,1273.5,1287.0,1242.4000244140625,1254.0,481365
2011-05-09,1093.7210693359375,1245.5,1279.9000244140625,1240.0,1276.5,154135
2011-05-10,1090.4720458984375,1241.800048828125,1254.5,1234.0,1245.0,186668
2011-05-11,1073.831298828125,1222.8499755859375,1245.800048828125,1214.1500244140625,1236.4000244140625,347243
2011-05-12,1070.6260986328125,1219.199951171875,1238.0,1215.0,1220.0,189669
2011-05-13,1073.480224609375,1222.449951171875,1237.0,1215.0,1219.199951171875,146615
2011-05-16,1080.5489501953125,1230.5,1238.3499755859375,1203.300048828125,1215.0,221705
2011-05-17,1062.54736328125,1210.0,1230.5,1205.0,1230.5,124996
2011-05-18,1068.3426513671875,1216.5999755859375,1232.9000244140625,1190.0,1209.0,343937
2011-05-19,1064.0838623046875,1211.75,1223.199951171875,1206.0,1210.0,106571
2011-05-20,1074.138671875,1223.199951171875,1240.800048828125,1210.0,1212.300048828125,82338
2011-05-23,1057.05859375,1203.75,1220.0,1200.0,1207.0,83639
2011-05-24,1057.717529296875,1204.5,1225.949951171875,1195.6500244140625,1206.0,139391
2011-05-25,1054.4244384765625,1200.75,1208.8499755859375,1192.25,1201.0,134930
2011-05-26,1067.2015380859375,1215.300048828125,1234.5999755859375,1195.3499755859375,1195.3499755859375,261038
2011-05-27,1072.8212890625,1221.699951171875,1227.0,1201.0,1210.0,215160
2011-05-30,1062.9423828125,1210.449951171875,1226.0,1207.0,1224.949951171875,122594
2011-05-31,1080.2418212890625,1230.1500244140625,1237.0,1213.0,1220.0,419395
2011-06-01,1097.7606201171875,1250.0999755859375,1255.0,1220.0,1220.0,444037
2011-06-02,1076.0704345703125,1225.4000244140625,1245.8499755859375,1220.0,1231.0,230627
2011-06-03,1083.53466796875,1233.9000244140625,1244.9000244140625,1218.550048828125,1230.0,219802
2011-06-06,1081.8660888671875,1232.0,1238.9000244140625,1210.0,1228.0,186588
2011-06-07,1088.89111328125,1240.0,1245.0,1210.949951171875,1210.949951171875,278512
2011-06-08,1074.7535400390625,1223.9000244140625,1236.050048828125,1218.0,1225.0,187917
2011-06-09,1066.9818115234375,1215.050048828125,1222.699951171875,1210.0,1215.0,168516
2011-06-10,1077.1683349609375,1226.6500244140625,1241.0,1191.050048828125,1205.1500244140625,577994
2011-06-13,1075.6754150390625,1224.949951171875,1236.4000244140625,1208.1500244140625,1220.0,408847
2011-06-14,1073.480224609375,1222.449951171875,1228.9000244140625,1208.199951171875,1215.0,290861
2011-06-15,1062.54736328125,1210.0,1223.9000244140625,1205.0999755859375,1214.199951171875,175755
2011-06-16,1047.750732421875,1193.1500244140625,1200.0,1183.9000244140625,1196.0,354302
2011-06-17,1023.0308837890625,1165.0,1232.0,1161.300048828125,1224.0,1075331
2011-06-20,1019.298828125,1160.75,1177.0,1130.050048828125,1177.0,523585
2011-06-21,1005.2926025390625,1144.800048828125,1170.0,1136.0,1164.949951171875,261594
2011-06-22,985.9298095703125,1122.75,1149.9000244140625,1117.0999755859375,1145.1500244140625,359730
2011-06-23,965.33740234375,1099.300048828125,1118.0,1092.0,1117.0,556227
2011-06-24,983.1635131835938,1119.5999755859375,1125.0,1085.800048828125,1104.0,836966
2011-06-27,1012.273681640625,1152.75,1159.199951171875,1106.0,1109.9000244140625,434614
2011-06-28,1016.7522583007812,1157.8499755859375,1174.699951171875,1142.25,1174.699951171875,267340
2011-06-29,1033.524658203125,1176.949951171875,1183.0,1155.25,1157.0,235700
2011-06-30,1018.5527954101562,1159.9000244140625,1186.75,1154.050048828125,1185.0,416028
2011-07-01,1003.8438110351562,1143.1500244140625,1155.0,1130.0,1154.0,447038
2011-07-04,1016.7083129882812,1157.800048828125,1163.949951171875,1131.3499755859375,1144.0,278505
2011-07-05,1024.216552734375,1166.3499755859375,1170.8499755859375,1153.5,1155.0999755859375,183263
2011-07-06,1026.455810546875,1168.9000244140625,1174.8499755859375,1155.199951171875,1155.199951171875,179419
2011-07-07,1038.5740966796875,1182.699951171875,1189.0,1158.800048828125,1163.0,229229
2011-07-08,1039.93505859375,1184.25,1202.0,1177.050048828125,1184.800048828125,341435
2011-07-11,1022.2847290039062,1164.1500244140625,1178.0,1155.0,1175.199951171875,162944
2011-07-12,1007.61962890625,1147.449951171875,1152.0,1140.25,1151.5,174207
2011-07-13,1022.8553466796875,1164.800048828125,1167.9000244140625,1154.0,1154.0,151856
2011-07-14,1031.10986328125,1174.199951171875,1188.4000244140625,1151.300048828125,1151.300048828125,368747
2011-07-15,1034.0513916015625,1177.550048828125,1184.699951171875,1161.5999755859375,1170.050048828125,171029
2011-07-18,1031.5928955078125,1174.75,1188.949951171875,1165.0,1170.0,151327
2011-07-19,1021.2747802734375,1163.0,1174.9000244140625,1158.449951171875,1169.5,245365
2011-07-20,1021.0115356445312,1162.699951171875,1176.9000244140625,1159.0999755859375,1168.699951171875,255318
2011-07-21,1015.2596435546875,1156.1500244140625,1170.0,1147.5999755859375,1155.050048828125,172146
2011-07-22,1020.0452270507812,1161.5999755859375,1168.0,1155.0,1159.0,376871
2011-07-25,1037.3006591796875,1181.25,1185.0,1153.5999755859375,1156.699951171875,203872
2011-07-26,1033.524658203125,1176.949951171875,1201.699951171875,1154.75,1176.0,1430916
2011-07-27,1061.8885498046875,1209.25,1216.4000244140625,1172.199951171875,1182.9000244140625,503547
2011-07-28,1041.384033203125,1185.9000244140625,1225.0,1178.550048828125,1197.0,653432
2011-07-29,1059.605712890625,1206.6500244140625,1219.800048828125,1189.0,1189.0,333021
2011-08-01,1062.1961669921875,1209.5999755859375,1228.9000244140625,1191.449951171875,1210.0999755859375,381542
2011-08-02,1064.479248046875,1212.199951171875,1215.800048828125,1193.050048828125,1193.050048828125,271852
2011-08-03,1064.5670166015625,1212.300048828125,1221.6500244140625,1195.5,1195.5,428422
2011-08-04,1054.029541015625,1200.300048828125,1216.0,1193.3499755859375,1198.050048828125,476072
2011-08-05,1046.7406005859375,1192.0,1200.0,1168.800048828125,1170.0,363463
2011-08-08,1046.5211181640625,1191.75,1207.550048828125,1163.0999755859375,1178.449951171875,356035
2011-08-09,1064.259521484375,1211.949951171875,1216.9000244140625,1170.0,1170.050048828125,386251
2011-08-10,1121.9093017578125,1277.5999755859375,1283.4000244140625,1215.5999755859375,1225.0,819358
2011-08-11,1095.609130859375,1247.6500244140625,1282.0,1239.25,1270.550048828125,399042
2011-08-12,1094.467529296875,1246.3499755859375,1269.0,1238.0,1249.4000244140625,442137
2011-08-16,1075.8070068359375,1225.0999755859375,1255.5999755859375,1220.0999755859375,1246.199951171875,340364
2011-08-17,1041.47216796875,1186.0,1230.800048828125,1179.0,1220.0,385046
2011-08-18,1018.1136474609375,1159.4000244140625,1203.0,1152.6500244140625,1197.0,286994
2011-08-19,1017.8060913085938,1159.050048828125,1166.449951171875,1134.0999755859375,1137.0,271953
2011-08-22,1026.894775390625,1169.4000244140625,1174.5999755859375,1149.0999755859375,1165.5,209465
2011-08-23,1017.0596923828125,1158.199951171875,1174.5,1152.4000244140625,1171.0999755859375,201777
2011-08-24,985.0638427734375,1114.5,1156.800048828125,1097.3499755859375,1145.0,650647
2011-08-25,981.793701171875,1110.800048828125,1130.199951171875,1103.4000244140625,1124.0,517715
2011-08-26,957.5757446289062,1083.4000244140625,1129.0,1047.75,1117.050048828125,341740
2011-08-29,954.0404052734375,1079.4000244140625,1107.0,1056.0,1080.0,688962
2011-08-30,964.779296875,1091.550048828125,1098.949951171875,1063.5999755859375,1070.0999755859375,836549
2011-09-02,953.642578125,1078.949951171875,1089.0,1067.050048828125,1072.050048828125,425137
2011-09-05,959.4319458007812,1085.5,1098.1500244140625,1064.25,1073.5,359484
2011-09-06,974.855224609375,1102.949951171875,1118.699951171875,1088.9000244140625,1088.9000244140625,643403
2011-09-07,995.581787109375,1126.4000244140625,1139.9000244140625,1093.300048828125,1103.449951171875,720712
2011-09-08,1000.4430541992188,1131.9000244140625,1142.0,1122.4000244140625,1137.9000244140625,469276
2011-09-09,975.2529907226562,1103.4000244140625,1149.0,1098.9000244140625,1136.0,355468
2011-09-12,944.1851196289062,1068.25,1098.0,1056.0,1098.0,261197
2011-09-13,950.0628662109375,1074.9000244140625,1096.0,1061.6500244140625,1070.550048828125,422726
2011-09-14,967.47509765625,1094.5999755859375,1104.0,1041.3499755859375,1078.0,353955
2011-09-15,956.559326171875,1082.25,1095.8499755859375,1060.0,1085.199951171875,781399
2011-09-16,980.6002197265625,1109.449951171875,1117.6500244140625,1065.0,1071.0999755859375,1247652
2011-09-19,1008.2654418945312,1140.75,1148.5999755859375,1096.050048828125,1105.0,1402251
2011-09-20,1020.8159790039062,1154.949951171875,1161.9000244140625,1116.5,1139.8499755859375,1153749
2011-09-21,992.3115844726562,1122.699951171875,1148.449951171875,1116.449951171875,1143.050048828125,448621
2011-09-22,960.8461303710938,1087.0999755859375,1114.800048828125,1080.0,1110.0,569850
2011-09-23,964.2048950195312,1090.9000244140625,1106.1500244140625,1048.5999755859375,1070.0,659223
2011-09-26,951.7422485351562,1076.800048828125,1108.800048828125,1065.0,1104.0,413800
2011-09-27,977.68359375,1106.1500244140625,1110.9000244140625,1082.9000244140625,1082.9000244140625,290896
2011-09-28,953.02392578125,1078.25,1110.6500244140625,1067.0,1110.0,282421
2011-09-29,976.7554931640625,1105.0999755859375,1116.9000244140625,1057.0,1067.3499755859375,662381
2011-09-30,957.2222290039062,1083.0,1107.9000244140625,1076.0999755859375,1100.0,216286
2011-10-03,952.5818481445312,1077.75,1100.0,1073.300048828125,1083.9000244140625,421513
2011-10-04,979.18603515625,1107.8499755859375,1116.0,1081.949951171875,1082.0,1755670
2011-10-05,959.47607421875,1085.550048828125,1129.0,1077.0,1117.0,710373
2011-10-07,983.914794921875,1113.199951171875,1125.0,1096.800048828125,1115.0,449114
2011-10-10,946.5715942382812,1070.949951171875,1091.8499755859375,1065.0,1080.0999755859375,709266
2011-10-11,948.5604248046875,1073.199951171875,1087.300048828125,1063.199951171875,1065.0,704061
2011-10-12,959.7411499023438,1085.8499755859375,1090.0,1065.6500244140625,1067.8499755859375,337688
2011-10-13,935.3465576171875,1058.25,1083.75,1050.0,1075.050048828125,816403
2011-10-14,907.947021484375,1027.25,1051.0,1021.5999755859375,1050.0,879193
2011-10-17,929.4688720703125,1051.5999755859375,1065.9000244140625,1010.0,1030.550048828125,1683826
2011-10-18,930.0878295898438,1052.300048828125,1064.9000244140625,1039.300048828125,1047.0,597663
2011-10-19,942.0198974609375,1065.800048828125,1074.0,1052.300048828125,1065.0,585164
2011-10-20,952.3168334960938,1077.449951171875,1079.9000244140625,1050.0,1063.800048828125,522623
2011-10-21,967.4309692382812,1094.550048828125,1117.5,1088.0,1110.0,1422468
2011-10-24,983.2079467773438,1112.4000244140625,1124.550048828125,1106.300048828125,1112.0,550386
2011-10-25,1017.5455932617188,1151.25,1160.0,1117.199951171875,1122.0,946337
2011-10-28,995.228271484375,1126.0,1185.0,1111.1500244140625,1167.0,1538204
2011-10-31,994.6094970703125,1125.300048828125,1133.0999755859375,1060.0,1072.0,2206582
2011-11-01,1001.8572387695312,1133.5,1140.0,1112.6500244140625,1122.0,860761
2011-11-02,993.4606323242188,1124.0,1136.0,1116.0,1116.0,359122
2011-11-03,998.3218994140625,1129.5,1134.0,1120.0,1120.0,360567
2011-11-04,991.9136962890625,1122.25,1152.800048828125,1117.4000244140625,1135.0,738188
2011-11-08,993.5931396484375,1124.1500244140625,1133.949951171875,1118.0,1130.0,228195
2011-11-09,951.4771118164062,1076.5,1129.0,1071.550048828125,1129.0,667891
2011-11-11,936.67236328125,1059.75,1091.800048828125,1037.0,1084.0,739345
2011-11-14,907.7260131835938,1027.0,1072.800048828125,1021.0999755859375,1068.3499755859375,464462
2011-11-15,886.9552001953125,1003.5,1041.9000244140625,991.0,1031.25,598891
2011-11-16,876.2604370117188,991.4000244140625,1009.0,981.5,1009.0,606285
2011-11-17,837.1495971679688,947.1500244140625,998.9500122070312,941.0,988.0,1312556
2011-11-18,831.3602294921875,940.5999755859375,949.0,907.0499877929688,945.0,1641351
2011-11-21,833.5257568359375,943.0499877929688,967.2999877929688,931.0,939.0,1261673
2011-11-22,848.1095581054688,959.5499877929688,965.0,943.6500244140625,953.0,844169
2011-11-23,842.8504638671875,953.5999755859375,971.5,944.0999755859375,954.6500244140625,574204
2011-11-24,874.0950927734375,988.9500122070312,999.0,951.7000122070312,953.7000122070312,656104
2011-11-25,839.6243896484375,949.9500122070312,992.0999755859375,945.9500122070312,992.0,916133
2011-11-28,853.2802124023438,965.4000244140625,987.0999755859375,958.0,966.9500122070312,927553
2011-11-29,847.5348510742188,958.9000244140625,980.7999877929688,952.5,965.9000244140625,423512
2011-11-30,859.24609375,972.1500244140625,976.1500244140625,952.0999755859375,956.9500122070312,473470
2011-12-01,850.4959106445312,962.25,1008.0,958.0,992.0,1036648
2011-12-02,877.10009765625,992.3499755859375,997.0,963.0,963.5,846065
2011-12-05,883.4639282226562,999.5499877929688,1005.0,980.0499877929688,982.0499877929688,520465
2011-12-07,882.7128295898438,998.7000122070312,1014.9000244140625,991.0,999.5499877929688,533511
2011-12-08,862.5606689453125,975.9000244140625,1004.8499755859375,965.8499755859375,1003.0,537059
2011-12-09,871.3108520507812,985.7999877929688,994.5,956.3499755859375,963.5,634649
2011-12-12,846.9163818359375,958.2000122070312,990.0499877929688,951.0,985.7999877929688,546170
2011-12-13,845.413818359375,956.5,969.4000244140625,950.0,952.0999755859375,519127
2011-12-14,837.591552734375,947.6500244140625,963.5499877929688,937.0,950.0,616851
2011-12-15,823.493896484375,931.7000122070312,940.0,911.4500122070312,940.0,539248
2011-12-16,823.3614501953125,931.5499877929688,949.9000244140625,908.7000122070312,931.7000122070312,848872
2011-12-19,810.19189453125,916.6500244140625,931.2000122070312,900.0,925.0,620878
2011-12-20,809.7499389648438,916.1500244140625,926.9000244140625,908.7000122070312,924.0,366360
2011-12-21,850.1867065429688,961.9000244140625,969.0,926.0999755859375,926.0999755859375,702708
2011-12-22,853.6777954101562,965.8499755859375,978.9500122070312,941.0,941.0,648188
2011-12-23,862.207275390625,975.5,988.5,968.25,975.0,372589
2011-12-26,856.9039306640625,969.5,991.0,965.0499877929688,984.0,351164
2011-12-27,851.29150390625,963.1500244140625,979.4000244140625,951.2999877929688,971.0,230303
2011-12-28,847.8884887695312,959.2999877929688,972.2000122070312,950.25,964.9000244140625,232279
2011-12-29,814.6995239257812,921.75,959.5,915.5,954.0,544045
2011-12-30,811.650146484375,918.2999877929688,939.9000244140625,911.0,935.0,390624
2012-01-02,829.8578491210938,938.9000244140625,944.3499755859375,917.0,923.0,531425
2012-01-03,842.143310546875,952.7999877929688,964.7000122070312,941.3499755859375,947.0,363198
2012-01-04,838.1218872070312,948.25,969.0,943.1500244140625,953.0,296634
2012-01-05,825.0407104492188,933.4500122070312,948.0,925.5999755859375,948.0,458779
2012-01-06,839.4475708007812,949.75,955.7999877929688,927.0,928.7000122070312,349108
2012-01-09,858.27392578125,971.0499877929688,975.0,948.0,949.9000244140625,430392
2012-01-10,871.7969360351562,986.3499755859375,993.0,977.25,981.0,356547
2012-01-11,873.1671752929688,987.9000244140625,995.0,972.2000122070312,988.5499877929688,433994
2012-01-12,879.0004272460938,994.5,1009.0,982.0499877929688,984.7999877929688,522575
2012-01-13,863.5769653320312,977.0499877929688,1009.2000122070312,974.0,997.0,516919
2012-01-16,890.9768676757812,1008.0499877929688,1019.8499755859375,970.0,970.0,781570
2012-01-17,979.6281127929688,1108.3499755859375,1120.0,1019.0999755859375,1020.0,3155235
2012-01-18,973.8389282226562,1101.800048828125,1144.8499755859375,1092.5,1112.0,2781735
2012-01-19,998.7196044921875,1129.949951171875,1135.0,1107.0,1116.5,857884
2012-01-20,975.34130859375,1103.5,1135.0,1085.0,1131.0,729324
2012-01-23,1025.85400390625,1160.6500244140625,1172.449951171875,1070.050048828125,1084.0,2590616
2012-01-24,1023.4675903320312,1157.949951171875,1172.1500244140625,1128.0,1167.4000244140625,2008468
2012-01-25,1043.6197509765625,1180.75,1198.0,1142.0,1157.0,1776429
2012-01-27,1070.047119140625,1210.6500244140625,1219.0,1159.699951171875,1167.800048828125,951880
2012-01-30,1054.7122802734375,1193.300048828125,1226.0,1185.0,1204.0,656597
2012-01-31,1048.878662109375,1186.699951171875,1209.9000244140625,1167.6500244140625,1198.0,1045424
2012-02-01,1073.71533203125,1214.800048828125,1227.0,1183.0,1190.0,1040215
2012-02-02,1076.234130859375,1217.6500244140625,1233.449951171875,1204.199951171875,1225.0,619866
2012-02-03,1096.73974609375,1240.8499755859375,1254.0,1205.0,1220.0,647744
2012-02-06,1107.2578125,1252.75,1265.0,1235.5,1250.0,560045
2012-02-07,1102.1312255859375,1246.949951171875,1262.0,1240.0,1251.0,443305
2012-02-08,1119.410888671875,1266.5,1280.0,1245.449951171875,1248.0,517183
2012-02-09,1122.50439453125,1270.0,1278.9000244140625,1255.1500244140625,1259.75,541872
2012-02-10,1100.0543212890625,1244.5999755859375,1273.949951171875,1233.25,1262.050048828125,631791
2012-02-13,1082.7747802734375,1225.050048828125,1258.4000244140625,1215.25,1242.199951171875,639454
2012-02-14,1120.471435546875,1267.699951171875,1274.5,1220.199951171875,1220.199951171875,899801
2012-02-15,1151.4952392578125,1302.800048828125,1324.9000244140625,1275.300048828125,1276.0,1011521
2012-02-16,1201.6983642578125,1359.5999755859375,1375.0,1279.199951171875,1300.0,1510728
2012-02-17,1168.0673828125,1321.550048828125,1366.0999755859375,1318.050048828125,1359.0,650578
2012-02-21,1157.6378173828125,1309.75,1337.050048828125,1295.199951171875,1317.050048828125,665602
2012-02-22,1154.632568359375,1306.3499755859375,1329.300048828125,1281.050048828125,1307.0,510787
2012-02-23,1130.8126220703125,1279.4000244140625,1307.3499755859375,1271.6500244140625,1291.0,845227
2012-02-24,1135.9832763671875,1285.25,1296.550048828125,1277.800048828125,1290.0,375094
2012-02-27,1111.01416015625,1257.0,1290.0,1235.25,1285.0999755859375,345310
2012-02-28,1122.1507568359375,1269.5999755859375,1279.0,1243.050048828125,1263.5,741718
2012-02-29,1109.0697021484375,1254.800048828125,1291.800048828125,1239.0,1275.199951171875,736509
2012-03-01,1162.3223876953125,1315.050048828125,1322.0,1247.75,1267.9000244140625,1543242
2012-03-02,1176.0223388671875,1330.550048828125,1336.699951171875,1306.6500244140625,1334.0,924123
2012-03-05,1162.4552001953125,1315.199951171875,1333.9000244140625,1309.0999755859375,1320.699951171875,547959
2012-03-06,1176.9500732421875,1331.5999755859375,1350.0,1300.3499755859375,1302.0,662053
2012-03-07,1156.5772705078125,1308.550048828125,1329.9000244140625,1281.0,1321.0999755859375,438170
2012-03-09,1185.568115234375,1341.3499755859375,1359.0,1320.0,1320.0,625544
2012-03-12,1181.9443359375,1337.25,1356.0,1328.699951171875,1351.0,434638
2012-03-13,1209.3438720703125,1368.25,1384.0,1345.0,1345.0,863892
2012-03-14,1212.56982421875,1371.9000244140625,1399.699951171875,1366.550048828125,1380.0,688965
2012-03-15,1207.7086181640625,1366.4000244140625,1379.6500244140625,1355.0999755859375,1365.0,575251
2012-03-16,1214.7353515625,1374.3499755859375,1428.949951171875,1339.0,1352.25,1604822
2012-03-19,1203.9080810546875,1362.0999755859375,1378.800048828125,1353.1500244140625,1377.5,323100
2012-03-20,1200.4610595703125,1358.199951171875,1363.0,1328.5,1362.0999755859375,471359
2012-03-21,1204.8802490234375,1363.199951171875,1372.9000244140625,1333.0,1365.0,841209
2012-03-22,1175.80126953125,1330.300048828125,1357.699951171875,1321.0999755859375,1355.550048828125,437399
2012-03-23,1154.8096923828125,1306.550048828125,1320.5,1286.199951171875,1320.050048828125,806817
2012-03-26,1146.7662353515625,1297.449951171875,1322.300048828125,1290.4000244140625,1315.0,696029
2012-03-27,1125.774658203125,1273.699951171875,1310.25,1258.300048828125,1310.0,1138231
2012-03-28,1138.6788330078125,1288.300048828125,1294.949951171875,1254.0,1274.8499755859375,584546
2012-03-29,1154.190673828125,1305.8499755859375,1319.949951171875,1264.199951171875,1279.800048828125,918118
2012-03-30,1193.6551513671875,1350.5,1356.5,1293.050048828125,1309.0,650438
2012-04-02,1183.09326171875,1338.550048828125,1364.199951171875,1332.0,1361.0,486296
2012-04-03,1157.4613037109375,1309.550048828125,1349.5999755859375,1303.9000244140625,1345.0,475271
2012-04-04,1162.8966064453125,1315.699951171875,1337.800048828125,1306.8499755859375,1309.550048828125,543772
2012-04-09,1134.3038330078125,1283.3499755859375,1321.4000244140625,1275.0,1305.0,420584
2012-04-10,1127.6307373046875,1275.800048828125,1295.199951171875,1260.6500244140625,1282.0,534399
2012-04-11,1124.6700439453125,1272.449951171875,1285.0999755859375,1262.050048828125,1263.1500244140625,401175
2012-04-12,1159.980224609375,1312.4000244140625,1315.699951171875,1276.300048828125,1279.699951171875,671623
2012-04-13,1169.128173828125,1322.75,1350.0,1312.4000244140625,1315.25,943900
2012-04-16,1186.4078369140625,1342.300048828125,1352.8499755859375,1309.9000244140625,1312.550048828125,526324
2012-04-17,1186.3189697265625,1342.199951171875,1394.800048828125,1326.4000244140625,1394.800048828125,583176
2012-04-18,1195.4228515625,1352.5,1366.699951171875,1345.050048828125,1350.0,642609
2012-04-19,1229.672607421875,1391.25,1401.4000244140625,1357.4000244140625,1364.4000244140625,922582
2012-04-20,1229.1864013671875,1390.699951171875,1417.050048828125,1380.0,1392.25,816656
2012-04-23,1217.56396484375,1377.550048828125,1408.0,1372.0999755859375,1391.0999755859375,518905
2012-04-24,1205.3663330078125,1363.75,1376.5999755859375,1349.75,1375.0,270412
2012-04-25,1221.585205078125,1382.0999755859375,1389.0,1362.0999755859375,1362.0999755859375,593484
2012-04-26,1221.4525146484375,1381.949951171875,1399.0,1366.0999755859375,1380.0,762098
2012-04-27,1221.9388427734375,1382.5,1388.4000244140625,1374.1500244140625,1381.050048828125,429216
2012-04-30,1212.525634765625,1371.8499755859375,1399.0,1358.25,1399.0,956055
2012-05-02,1178.0994873046875,1332.9000244140625,1384.5,1324.0,1384.5,666676
2012-05-03,1140.181640625,1290.0,1329.800048828125,1284.0999755859375,1329.800048828125,662791
2012-05-04,1132.491943359375,1281.300048828125,1291.5,1260.949951171875,1287.300048828125,644798
2012-05-07,1158.6102294921875,1310.8499755859375,1329.0,1254.0,1264.949951171875,680698
2012-05-08,1154.32373046875,1306.0,1331.699951171875,1299.050048828125,1324.0,632978
2012-05-09,1150.1251220703125,1301.25,1312.0,1285.550048828125,1292.25,330149
2012-05-10,1115.30078125,1261.8499755859375,1305.4000244140625,1250.1500244140625,1290.1500244140625,415223
2012-05-11,1091.7904052734375,1235.25,1251.1500244140625,1217.0999755859375,1247.949951171875,486137
2012-05-14,1103.9432373046875,1249.0,1258.0,1231.8499755859375,1235.0,491946
2012-05-15,1075.9249267578125,1217.300048828125,1239.9000244140625,1205.0999755859375,1238.0,567302
2012-05-16,1053.65185546875,1192.0999755859375,1202.25,1167.3499755859375,1202.25,673604
2012-05-17,1065.318603515625,1205.300048828125,1218.0,1188.0,1200.0,599674
2012-05-18,1031.1573486328125,1166.6500244140625,1193.0,1156.0,1175.25,612497
2012-05-21,1068.412109375,1208.800048828125,1215.949951171875,1170.550048828125,1173.25,413870
2012-05-22,1019.9322509765625,1153.949951171875,1224.5999755859375,1143.3499755859375,1218.8499755859375,950870
2012-05-23,1019.1807250976562,1153.0999755859375,1163.9000244140625,1116.0,1141.0,782054
2012-05-24,1011.5353393554688,1144.449951171875,1148.8499755859375,1115.449951171875,1128.9000244140625,955704
2012-05-25,989.0411376953125,1119.0,1150.0,1109.0,1133.0,921129
2012-05-28,975.3855590820312,1103.550048828125,1130.0,1098.199951171875,1124.0999755859375,874095
2012-05-29,997.3052978515625,1128.3499755859375,1136.199951171875,1105.0,1111.0,817104
2012-05-30,1017.3689575195312,1151.050048828125,1157.3499755859375,1110.0,1112.050048828125,1151146
2012-05-31,972.46875,1100.25,1134.3499755859375,1093.1500244140625,1129.0,3301123
2012-06-01,950.0187377929688,1074.8499755859375,1118.5999755859375,1071.0,1106.949951171875,879733
2012-06-04,943.5224609375,1067.5,1078.0,1051.0,1069.699951171875,548592
2012-06-05,953.686767578125,1079.0,1089.9000244140625,1058.300048828125,1077.5,605028
2012-06-06,979.2745361328125,1107.949951171875,1115.800048828125,1076.3499755859375,1079.9000244140625,925831
2012-06-07,1010.474853515625,1143.25,1146.4000244140625,1110.5999755859375,1120.0,984712
2012-06-08,993.5046997070312,1124.050048828125,1137.0,1111.1500244140625,1137.0,456053
2012-06-11,981.5285034179688,1110.5,1143.4000244140625,1102.0,1132.0,724281
2012-06-12,1011.6239013671875,1144.550048828125,1152.800048828125,1103.3499755859375,1104.0,534252
2012-06-13,979.0975952148438,1107.75,1144.0,1102.5,1138.0,1333440
2012-06-14,954.6591186523438,1080.0999755859375,1125.300048828125,1073.1500244140625,1110.1500244140625,882665
2012-06-15,978.2581787109375,1106.800048828125,1110.0,1077.300048828125,1094.0,685861
2012-06-18,965.0003051757812,1091.800048828125,1127.449951171875,1083.5,1115.0,610175
2012-06-19,964.2490234375,1090.949951171875,1103.699951171875,1076.4000244140625,1090.0,430252
2012-06-20,951.388671875,1076.4000244140625,1092.550048828125,1073.0,1089.0,616008
2012-06-21,962.392822265625,1088.8499755859375,1094.0,1062.0999755859375,1080.0,844982
2012-06-22,974.10400390625,1102.0999755859375,1113.300048828125,1074.5,1078.0,904652
2012-06-25,984.5336303710938,1113.9000244140625,1133.9000244140625,1106.5999755859375,1106.5999755859375,910242
2012-06-26,983.914794921875,1113.199951171875,1120.949951171875,1105.050048828125,1115.0,302263
2012-06-27,991.4275512695312,1121.699951171875,1124.0,1109.0,1121.0,532527
2012-06-28,990.676513671875,1120.8499755859375,1132.0,1110.3499755859375,1126.949951171875,516495
2012-06-29,1033.897216796875,1169.75,1176.0,1140.0,1140.0,1346720
2012-07-02,1041.6309814453125,1178.5,1204.800048828125,1155.0,1180.0,1141219
2012-07-03,1053.2537841796875,1191.6500244140625,1201.199951171875,1185.449951171875,1188.0,973813
2012-07-04,1079.327880859375,1221.1500244140625,1224.5,1197.25,1197.25,1044761
2012-07-05,1096.25390625,1240.300048828125,1250.0,1213.5,1215.550048828125,1278118
2012-07-06,1074.3341064453125,1215.5,1242.0,1211.5,1240.3499755859375,611047
2012-07-09,1049.806884765625,1187.75,1213.0,1183.75,1212.0,403988
2012-07-10,1078.7974853515625,1220.550048828125,1228.800048828125,1181.0,1193.0,794615
2012-07-11,1063.63916015625,1203.4000244140625,1218.0,1200.050048828125,1214.0,407383
2012-07-12,1056.744873046875,1195.5999755859375,1216.0,1189.1500244140625,1199.800048828125,559552
2012-07-13,1046.447998046875,1183.949951171875,1207.9000244140625,1175.6500244140625,1200.25,592804
2012-07-16,1063.5509033203125,1203.300048828125,1212.949951171875,1178.4000244140625,1190.0,599666
2012-07-17,1057.2755126953125,1196.199951171875,1215.75,1190.5999755859375,1210.5,273112
2012-07-18,1084.1446533203125,1226.5999755859375,1229.0,1186.800048828125,1197.3499755859375,508727
2012-07-19,987.5386962890625,1117.300048828125,1175.0,1110.0,1175.0,8345304
2012-07-20,1014.2313842773438,1147.5,1151.699951171875,1094.75,1095.25,4553438
2012-07-23,954.5262451171875,1079.949951171875,1107.0,1074.300048828125,1106.0,4040249
2012-07-24,978.3467407226562,1106.9000244140625,1119.0,1085.25,1086.0,2373402
2012-07-25,974.855224609375,1102.949951171875,1107.800048828125,1085.949951171875,1095.0,1202467
2012-07-26,979.804931640625,1108.550048828125,1125.5999755859375,1098.5999755859375,1110.0,2109342
2012-07-27,983.6939697265625,1112.949951171875,1124.949951171875,1106.050048828125,1124.75,884839
2012-07-30,989.8367919921875,1119.9000244140625,1124.5,1082.6500244140625,1085.0999755859375,1353345
2012-07-31,1003.05029296875,1134.8499755859375,1137.5999755859375,1112.75,1115.0,708501
2012-08-01,994.8748168945312,1125.5999755859375,1144.0,1118.5,1134.0,704104
2012-08-02,994.6539306640625,1125.3499755859375,1134.0,1116.0,1129.800048828125,429857
2012-08-03,990.676513671875,1120.8499755859375,1124.8499755859375,1108.949951171875,1119.800048828125,297511
2012-08-06,1005.5254516601562,1137.6500244140625,1141.0,1125.0,1134.0,425446
2012-08-07,1013.7451782226562,1146.949951171875,1148.949951171875,1130.0,1139.949951171875,556437
2012-08-08,1007.6907348632812,1140.0999755859375,1151.25,1136.0,1140.5999755859375,568514
2012-08-09,1011.8450927734375,1144.800048828125,1166.0,1137.0,1142.0,895054
2012-08-10,1030.4058837890625,1165.800048828125,1175.8499755859375,1140.6500244140625,1144.0,638608
2012-08-13,1047.33203125,1184.949951171875,1195.0,1177.199951171875,1179.300048828125,838204
2012-08-14,1053.95849609375,1184.9000244140625,1191.0,1160.0,1184.0,418219
2012-08-16,1043.01806640625,1172.5999755859375,1198.0,1170.0,1191.800048828125,396861
2012-08-17,1047.4208984375,1177.550048828125,1194.800048828125,1171.1500244140625,1190.0,1988327
2012-08-21,1056.627197265625,1187.9000244140625,1197.0,1176.0999755859375,1190.0,1186236
2012-08-22,1052.4019775390625,1183.1500244140625,1206.0,1180.050048828125,1185.0,700024
2012-08-23,1050.4893798828125,1181.0,1192.050048828125,1177.0,1186.25,304311
2012-08-24,1058.761962890625,1190.300048828125,1193.0,1161.0,1181.199951171875,470889
2012-08-27,1038.748291015625,1167.800048828125,1198.5,1164.050048828125,1194.949951171875,355903
2012-08-28,1035.7685546875,1164.449951171875,1183.300048828125,1156.0,1165.199951171875,432474
2012-08-29,1038.748291015625,1167.800048828125,1173.0,1154.25,1167.25,630103
2012-08-30,1017.22265625,1143.5999755859375,1164.0,1133.0999755859375,1160.050048828125,896906
2012-08-31,1016.9558715820312,1143.300048828125,1148.5,1130.0,1138.4000244140625,392594
2012-09-03,1034.0340576171875,1162.5,1170.050048828125,1130.199951171875,1130.199951171875,445403
2012-09-04,1044.8411865234375,1174.6500244140625,1179.0,1147.5,1162.5,417884
2012-09-05,1044.7078857421875,1174.5,1179.0,1162.050048828125,1170.0,421800
2012-09-06,1052.6688232421875,1183.449951171875,1196.0,1170.0,1170.0,767955
2012-09-07,1071.83740234375,1205.0,1208.0,1191.300048828125,1196.0,1285056
2012-09-10,1072.815673828125,1206.0999755859375,1220.75,1197.5999755859375,1212.0,474322
2012-09-11,1079.7093505859375,1213.8499755859375,1220.949951171875,1191.699951171875,1198.5,498747
2012-09-12,1085.357666015625,1220.199951171875,1225.25,1212.300048828125,1216.0,482824
2012-09-13,1076.8184814453125,1210.5999755859375,1229.8499755859375,1204.0,1222.300048828125,347562
2012-09-14,1121.7376708984375,1261.0999755859375,1267.800048828125,1226.0,1226.0,1197005
2012-09-17,1137.9266357421875,1279.300048828125,1324.5,1275.050048828125,1281.0,1338378
2012-09-18,1134.94677734375,1275.949951171875,1292.5999755859375,1268.1500244140625,1289.9000244140625,640871
2012-09-20,1141.1287841796875,1282.9000244140625,1301.800048828125,1251.0,1251.0,940325
2012-09-21,1166.7906494140625,1311.75,1317.300048828125,1287.1500244140625,1294.0,800094
2012-09-24,1204.9498291015625,1354.6500244140625,1369.800048828125,1310.1500244140625,1315.0,994282
2012-09-25,1175.641357421875,1321.699951171875,1368.4000244140625,1317.050048828125,1360.800048828125,693537
2012-09-26,1167.10205078125,1312.0999755859375,1329.5999755859375,1297.449951171875,1308.050048828125,909320
2012-09-27,1183.957763671875,1331.050048828125,1342.0,1317.449951171875,1317.9000244140625,1272235
2012-09-28,1201.3472900390625,1350.5999755859375,1370.0,1341.0,1345.0,1241053
2012-10-01,1207.9296875,1358.0,1382.800048828125,1347.5999755859375,1359.0,865209
2012-10-03,1212.7772216796875,1363.449951171875,1374.300048828125,1354.449951171875,1358.0,639206
2012-10-04,1236.838134765625,1390.5,1409.8499755859375,1362.5999755859375,1371.25,1104971
2012-10-05,1234.3472900390625,1387.699951171875,1409.0,1261.199951171875,1399.5,987181
2012-10-08,1232.34619140625,1385.449951171875,1409.9000244140625,1375.1500244140625,1382.0,1099782
2012-10-09,1238.7060546875,1392.5999755859375,1405.0,1387.5,1400.0,755966
2012-10-10,1226.564208984375,1378.949951171875,1394.5,1376.0,1385.0,450007
2012-10-11,1217.8917236328125,1369.199951171875,1391.0,1347.5,1385.0,1280918
2012-10-12,1220.427001953125,1372.050048828125,1387.5,1355.5,1355.5,792185
2012-10-15,1190.362548828125,1338.25,1384.300048828125,1334.0,1374.300048828125,710035
2012-10-16,1215.9793701171875,1367.050048828125,1372.699951171875,1337.5999755859375,1342.5,860593
2012-10-17,1216.957763671875,1368.1500244140625,1389.0,1362.949951171875,1378.8499755859375,896249
2012-10-18,1226.3865966796875,1378.75,1388.5,1371.0999755859375,1373.25,559121
2012-10-19,1217.936279296875,1369.25,1382.0,1362.699951171875,1373.449951171875,243014
2012-10-22,1218.4700927734375,1369.8499755859375,1377.9000244140625,1353.550048828125,1362.0,278367
2012-10-23,1215.84619140625,1366.9000244140625,1377.9000244140625,1361.0,1365.0,351522
2012-10-25,1217.5804443359375,1368.8499755859375,1376.949951171875,1348.0,1369.0,540856
2012-10-29,1211.66552734375,1362.199951171875,1373.0,1353.5999755859375,1370.0,665083
2012-10-30,1237.1048583984375,1390.800048828125,1419.0,1338.0,1351.0,1697578
2012-10-31,1278.999755859375,1437.9000244140625,1443.800048828125,1381.300048828125,1385.0,2341085
2012-11-01,1298.435546875,1459.75,1467.0,1438.0999755859375,1439.0,1719118
2012-11-02,1303.905517578125,1465.9000244140625,1477.3499755859375,1454.0999755859375,1466.0,1151250
2012-11-05,1314.89111328125,1478.25,1487.949951171875,1458.75,1462.0,741504
2012-11-06,1291.18603515625,1451.5999755859375,1474.949951171875,1443.0999755859375,1468.050048828125,915224
2012-11-07,1305.017578125,1467.1500244140625,1478.25,1448.050048828125,1448.6500244140625,486738
2012-11-08,1298.435546875,1459.75,1473.1500244140625,1451.0999755859375,1451.199951171875,459052
2012-11-09,1301.6820068359375,1463.4000244140625,1475.0,1457.5,1459.75,578089
2012-11-12,1293.4097900390625,1454.0999755859375,1474.0,1443.9000244140625,1474.0,290527
2012-11-15,1304.0394287109375,1466.050048828125,1477.0,1440.75,1446.300048828125,788772
2012-11-16,1279.177734375,1438.0999755859375,1477.0,1434.199951171875,1461.0,376344
2012-11-19,1329.1229248046875,1494.25,1506.699951171875,1445.9000244140625,1445.9000244140625,1688460
2012-11-20,1333.6148681640625,1499.300048828125,1509.0999755859375,1486.949951171875,1505.0,1032949
2012-11-21,1327.566162109375,1492.5,1503.949951171875,1480.0999755859375,1500.25,421427
2012-11-22,1328.4112548828125,1493.449951171875,1514.5,1489.25,1500.0,427099
2012-11-23,1328.2779541015625,1493.300048828125,1503.0,1485.0,1501.0,223808
2012-11-26,1326.9879150390625,1491.8499755859375,1501.25,1485.0,1501.0999755859375,381166
2012-11-27,1332.147216796875,1497.6500244140625,1509.4000244140625,1493.050048828125,1498.0,531466
2012-11-29,1324.541748046875,1489.0999755859375,1504.449951171875,1474.1500244140625,1500.0,639078
2012-11-30,1310.9771728515625,1473.8499755859375,1499.0,1470.199951171875,1492.25,432369
2012-12-03,1325.25341796875,1489.9000244140625,1504.25,1479.449951171875,1480.0,710972
2012-12-04,1316.9368896484375,1480.550048828125,1502.0,1475.6500244140625,1502.0,326134
2012-12-05,1314.090087890625,1477.3499755859375,1490.0,1472.0,1487.0,368330
2012-12-06,1318.7158203125,1482.550048828125,1486.949951171875,1459.449951171875,1480.800048828125,340106
2012-12-07,1343.0880126953125,1509.949951171875,1539.9000244140625,1490.0,1490.0,1272135
2012-12-10,1328.36669921875,1493.4000244140625,1523.5,1490.25,1505.0,314521
2012-12-11,1314.5797119140625,1477.9000244140625,1500.0,1466.5999755859375,1489.9000244140625,309880
2012-12-12,1312.8895263671875,1476.0,1491.949951171875,1463.050048828125,1485.0,652425
2012-12-13,1311.2440185546875,1474.1500244140625,1496.0,1470.0,1482.0,536596
2012-12-14,1314.001708984375,1477.25,1488.0,1451.0,1478.25,464608
2012-12-17,1333.9261474609375,1499.6500244140625,1510.800048828125,1480.550048828125,1490.0,879034
2012-12-18,1312.3111572265625,1475.3499755859375,1504.949951171875,1471.8499755859375,1500.0,579109
2012-12-19,1342.9100341796875,1509.75,1516.949951171875,1484.9000244140625,1487.3499755859375,960012
2012-12-20,1352.160888671875,1520.1500244140625,1530.1500244140625,1510.0,1513.699951171875,626581
2012-12-21,1338.5960693359375,1504.9000244140625,1521.9000244140625,1500.0999755859375,1513.0,505267
2012-12-24,1315.4691162109375,1478.9000244140625,1500.8499755859375,1475.3499755859375,1497.25,338405
2012-12-26,1316.5367431640625,1480.0999755859375,1493.9000244140625,1478.0,1478.5,260198
2012-12-27,1318.226806640625,1482.0,1501.0,1475.3499755859375,1490.0,588291
2012-12-28,1334.593505859375,1500.4000244140625,1517.0,1484.0999755859375,1490.0,453955
2012-12-31,1325.386962890625,1490.050048828125,1514.0,1486.75,1502.5,187038
2013-01-01,1347.046142578125,1514.4000244140625,1524.0,1484.949951171875,1497.0,446063
2013-01-02,1385.2943115234375,1557.4000244140625,1566.0,1518.800048828125,1518.800048828125,801361
2013-01-03,1372.75244140625,1543.300048828125,1567.0,1540.300048828125,1567.0,584243
2013-01-04,1374.664794921875,1545.449951171875,1558.9000244140625,1539.5,1542.0,361754
2013-01-07,1409.4884033203125,1584.5999755859375,1601.75,1553.5,1553.5,951298
2013-01-08,1400.8157958984375,1574.8499755859375,1594.0,1571.0,1593.9000244140625,640368
2013-01-09,1396.14599609375,1569.5999755859375,1595.4000244140625,1561.5999755859375,1570.0,671715
2013-01-10,1398.5478515625,1572.300048828125,1589.0,1564.1500244140625,1576.0999755859375,911264
2013-01-11,1392.2767333984375,1565.25,1592.949951171875,1557.699951171875,1572.0,812488
2013-01-14,1369.0166015625,1539.0999755859375,1578.0,1531.0,1570.0,1491642
2013-01-15,1375.1541748046875,1546.0,1564.9000244140625,1543.199951171875,1545.0,693345
2013-01-16,1328.1890869140625,1493.199951171875,1560.0,1482.300048828125,1540.0,1202364
2013-01-17,1328.9893798828125,1494.0999755859375,1521.699951171875,1486.0999755859375,1486.0999755859375,986779
2013-01-18,1376.4437255859375,1547.449951171875,1564.199951171875,1502.5,1507.800048828125,1741932
2013-01-21,1400.5936279296875,1574.5999755859375,1582.800048828125,1550.75,1555.0,1538191
2013-01-22,1396.5908203125,1570.0999755859375,1594.9000244140625,1567.050048828125,1581.0,930310
2013-01-23,1399.792724609375,1573.699951171875,1586.3499755859375,1565.199951171875,1584.0,841493
2013-01-24,1368.749755859375,1538.800048828125,1578.0,1528.699951171875,1576.0,575646
2013-01-25,1422.6973876953125,1599.449951171875,1606.0,1542.25,1549.0,2993882
2013-01-28,1430.43603515625,1608.1500244140625,1633.9000244140625,1600.5,1621.0,1157319
2013-01-29,1417.0045166015625,1593.050048828125,1628.0,1588.0,1608.0,703176
2013-01-30,1424.876708984375,1601.9000244140625,1622.75,1596.0,1603.949951171875,649445
2013-01-31,1406.8199462890625,1581.5999755859375,1616.0,1578.050048828125,1594.0,933230
2013-02-01,1431.8145751953125,1609.699951171875,1621.800048828125,1580.0,1585.199951171875,895967
2013-02-04,1422.65283203125,1599.4000244140625,1616.800048828125,1591.0,1612.0,416405
2013-02-05,1423.498046875,1600.3499755859375,1610.5,1590.0,1593.0,491977
2013-02-06,1447.9591064453125,1627.8499755859375,1639.0,1610.0,1610.0,1082611
2013-02-07,1443.0667724609375,1622.3499755859375,1628.9000244140625,1614.4000244140625,1626.949951171875,480018
2013-02-08,1412.2457275390625,1587.699951171875,1631.9000244140625,1577.1500244140625,1625.0,659412
2013-02-11,1386.5396728515625,1558.800048828125,1594.9000244140625,1555.8499755859375,1593.699951171875,361453
2013-02-12,1386.6729736328125,1558.949951171875,1584.0,1548.1500244140625,1561.550048828125,442763
2013-02-13,1363.1015625,1532.449951171875,1570.0,1530.0,1559.699951171875,598533
2013-02-14,1321.117431640625,1485.25,1518.449951171875,1476.3499755859375,1515.0999755859375,1655638
2013-02-15,1312.044677734375,1475.050048828125,1485.0,1463.5,1477.25,688998
2013-02-18,1316.2696533203125,1479.800048828125,1485.0,1466.5,1476.0,457163
2013-02-19,1344.244140625,1511.25,1524.800048828125,1463.300048828125,1471.25,814306
2013-02-20,1341.6202392578125,1508.300048828125,1511.25,1482.3499755859375,1503.25,639004
2013-02-21,1305.3291015625,1467.5,1507.9000244140625,1450.1500244140625,1494.0,957074
2013-02-22,1279.44482421875,1438.4000244140625,1467.0,1430.0999755859375,1463.4000244140625,648683
2013-02-25,1284.5147705078125,1444.0999755859375,1459.9000244140625,1438.25,1442.0,399084
2013-02-26,1249.1131591796875,1404.300048828125,1440.0,1391.0999755859375,1440.0,686212
2013-02-27,1252.8936767578125,1408.550048828125,1429.8499755859375,1377.199951171875,1400.0,504783
2013-02-28,1204.6829833984375,1354.3499755859375,1418.800048828125,1340.300048828125,1415.300048828125,2957853
2013-03-01,1266.9918212890625,1424.4000244140625,1436.4000244140625,1362.25,1364.0,935306
2013-03-04,1244.1763916015625,1398.75,1416.800048828125,1390.9000244140625,1408.0999755859375,277745
2013-03-05,1272.6402587890625,1430.75,1444.800048828125,1395.0,1395.0,620394
2013-03-06,1267.0362548828125,1424.449951171875,1442.199951171875,1411.300048828125,1434.449951171875,436690
2013-03-07,1289.1845703125,1449.3499755859375,1454.800048828125,1409.8499755859375,1419.5,425637
2013-03-08,1271.0389404296875,1428.949951171875,1473.949951171875,1415.9000244140625,1460.0,756489
2013-03-11,1261.2547607421875,1417.949951171875,1448.0,1414.0,1438.9000244140625,372123
2013-03-12,1260.40966796875,1417.0,1430.0,1401.699951171875,1410.6500244140625,423192
2013-03-13,1222.384033203125,1374.25,1413.699951171875,1371.0,1404.0,328461
2013-03-14,1262.0107421875,1418.800048828125,1424.9000244140625,1360.75,1372.0,627771
2013-03-15,1251.2479248046875,1406.699951171875,1427.800048828125,1387.5999755859375,1424.0,444509
2013-03-18,1210.642578125,1361.050048828125,1393.9000244140625,1355.6500244140625,1390.0,369621
2013-03-19,1213.8448486328125,1364.6500244140625,1382.800048828125,1335.050048828125,1366.0,677734
2013-03-20,1194.2315673828125,1342.5999755859375,1374.0,1332.0,1355.0,454199
2013-03-21,1162.52099609375,1306.949951171875,1357.699951171875,1288.0,1343.0,707612
2013-03-22,1161.2760009765625,1305.550048828125,1323.0,1295.5,1313.800048828125,719856
2013-03-25,1143.174560546875,1285.199951171875,1330.0,1276.4000244140625,1321.0,336083
2013-03-26,1150.3350830078125,1293.25,1297.9000244140625,1266.0999755859375,1275.199951171875,303740
2013-03-28,1139.61669921875,1281.199951171875,1315.800048828125,1271.699951171875,1287.0,840376
2013-04-01,1141.92919921875,1283.800048828125,1288.4000244140625,1262.0,1280.0,280418
2013-04-02,1163.2772216796875,1307.800048828125,1315.8499755859375,1260.0,1275.0,798827
2013-04-03,1159.4522705078125,1303.5,1328.4000244140625,1295.0,1295.0,361668
2013-04-04,1166.2125244140625,1311.0999755859375,1329.5,1282.0,1292.0,385661
2013-04-05,1250.89208984375,1406.300048828125,1424.0,1327.0,1327.0,1681662
2013-04-08,1263.2115478515625,1420.1500244140625,1424.0,1381.25,1402.199951171875,781175
2013-04-09,1251.8707275390625,1407.4000244140625,1442.0,1401.0,1426.0,682014
2013-04-10,1256.4959716796875,1412.5999755859375,1417.6500244140625,1384.25,1413.0999755859375,479132
2013-04-11,1270.23876953125,1428.050048828125,1432.0,1397.800048828125,1414.0,506487
2013-04-12,1252.8043212890625,1408.449951171875,1430.0,1402.1500244140625,1420.0,245123
2013-04-15,1265.657958984375,1422.9000244140625,1444.9000244140625,1396.3499755859375,1400.0,358385
2013-04-16,1318.27099609375,1482.050048828125,1487.9000244140625,1415.0,1415.0,620229
2013-04-17,1329.3450927734375,1494.5,1504.800048828125,1467.0999755859375,1486.0999755859375,422625
2013-04-18,1356.118896484375,1524.5999755859375,1533.449951171875,1485.300048828125,1485.300048828125,540860
2013-04-22,1370.21728515625,1540.449951171875,1553.8499755859375,1525.9000244140625,1528.0,352370
2013-04-23,1366.570556640625,1536.3499755859375,1544.199951171875,1515.1500244140625,1541.0,288841
2013-04-25,1415.13671875,1590.949951171875,1599.25,1541.9000244140625,1541.9000244140625,775649
2013-04-26,1488.2529296875,1673.1500244140625,1693.0,1567.5,1590.949951171875,3505606
2013-04-29,1497.459228515625,1683.5,1704.3499755859375,1675.8499755859375,1675.8499755859375,897487
2013-04-30,1485.09521484375,1669.5999755859375,1697.0,1655.8499755859375,1690.0,400577
2013-05-02,1494.1680908203125,1679.800048828125,1709.699951171875,1642.0,1642.0,877894
2013-05-03,1481.3594970703125,1665.4000244140625,1699.5,1661.5999755859375,1682.75,575722
2013-05-06,1505.3756103515625,1692.4000244140625,1699.0,1657.4000244140625,1669.0,414868
2013-05-07,1505.7314453125,1692.800048828125,1707.1500244140625,1683.800048828125,1700.0,462187
2013-05-08,1495.1016845703125,1680.8499755859375,1697.0,1674.0,1697.0,306652
2013-05-09,1476.6895751953125,1660.1500244140625,1684.0,1655.9000244140625,1682.25,344448
2013-05-10,1536.9970703125,1727.949951171875,1734.9000244140625,1673.0,1675.0,1228156
2013-05-13,1516.5831298828125,1705.0,1740.0,1698.8499755859375,1740.0,347596
2013-05-14,1515.604736328125,1703.9000244140625,1715.9000244140625,1691.5,1706.0,300610
2013-05-15,1546.87060546875,1739.050048828125,1758.0,1711.800048828125,1719.75,653485
2013-05-16,1537.2191162109375,1728.199951171875,1749.800048828125,1722.300048828125,1730.0999755859375,289810
2013-05-17,1519.87451171875,1708.699951171875,1741.25,1700.699951171875,1730.0,288440
2013-05-20,1549.7169189453125,1742.25,1774.4000244140625,1715.0,1715.0,549253
2013-05-21,1509.8231201171875,1697.4000244140625,1744.550048828125,1691.5999755859375,1742.3499755859375,559417
2013-05-22,1501.10595703125,1687.5999755859375,1714.6500244140625,1682.0,1705.0,419210
2013-05-23,1465.4376220703125,1647.5,1687.449951171875,1586.0999755859375,1680.0,1072941
2013-05-24,1489.8095703125,1674.9000244140625,1777.0,1614.0,1650.4000244140625,743669
2013-05-27,1466.54931640625,1648.75,1670.0,1633.699951171875,1670.0,584287
2013-05-28,1472.1976318359375,1655.0999755859375,1669.0,1650.050048828125,1650.050048828125,333797
2013-05-29,1453.5628662109375,1634.1500244140625,1661.800048828125,1620.6500244140625,1650.0,457835
2013-05-30,1456.5426025390625,1637.5,1646.0,1603.3499755859375,1623.0,593474
2013-05-31,1428.16796875,1605.5999755859375,1652.9000244140625,1598.1500244140625,1625.0999755859375,410598
2013-06-03,1395.2119140625,1568.550048828125,1599.949951171875,1548.3499755859375,1599.949951171875,432366
2013-06-04,1375.8658447265625,1546.800048828125,1588.75,1539.300048828125,1555.6500244140625,431388
2013-06-05,1394.9451904296875,1568.25,1576.300048828125,1533.25,1550.0999755859375,621196
2013-06-06,1411.712158203125,1587.0999755859375,1598.800048828125,1550.0,1558.800048828125,498248
2013-06-07,1383.070556640625,1554.9000244140625,1583.5,1545.0,1565.0,780953
2013-06-10,1353.6728515625,1521.8499755859375,1580.949951171875,1510.1500244140625,1575.0,503982
2013-06-11,1325.74267578125,1490.449951171875,1521.0,1481.0,1512.0,675122
2013-06-12,1316.13623046875,1479.6500244140625,1490.0,1461.9000244140625,1486.0,469660
2013-06-13,1295.633544921875,1456.5999755859375,1461.5,1430.0,1459.0,690959
2013-06-14,1346.8238525390625,1514.1500244140625,1520.0,1471.6500244140625,1482.0,383703
2013-06-17,1365.5921630859375,1535.25,1551.4000244140625,1505.0999755859375,1535.0999755859375,533292
2013-06-18,1368.52734375,1538.550048828125,1547.0,1521.0,1535.0,529919
2013-06-19,1373.1527099609375,1543.75,1549.5,1524.0,1529.199951171875,389004
2013-06-20,1356.6082763671875,1525.1500244140625,1540.9000244140625,1493.25,1520.0,505078
2013-06-21,1382.8482666015625,1554.6500244140625,1559.9000244140625,1511.75,1520.0,433570
2013-06-24,1373.775146484375,1544.449951171875,1572.0,1531.800048828125,1546.0,707604
2013-06-25,1374.4423828125,1545.199951171875,1557.199951171875,1502.25,1540.0,484805
2013-06-26,1374.0421142578125,1544.75,1557.9000244140625,1513.5999755859375,1546.199951171875,408512
2013-06-27,1353.0947265625,1521.199951171875,1565.0,1511.199951171875,1560.0,493875
2013-06-28,1367.815673828125,1537.75,1549.199951171875,1517.0999755859375,1540.0,444718
2013-07-01,1428.0345458984375,1605.449951171875,1622.4000244140625,1515.0,1540.0,856025
2013-07-02,1404.1959228515625,1578.6500244140625,1619.0,1572.5,1590.5,589430
2013-07-03,1388.4521484375,1560.949951171875,1581.0,1555.6500244140625,1561.0,173724
2013-07-04,1385.249755859375,1557.3499755859375,1577.0,1533.050048828125,1570.0,278194
2013-07-05,1382.75927734375,1554.550048828125,1575.0,1549.0,1571.0,273858
2013-07-08,1379.6461181640625,1551.050048828125,1563.0,1530.0,1545.0,311166
2013-07-09,1373.24169921875,1543.8499755859375,1549.0,1521.0,1544.0,467745
2013-07-10,1372.9302978515625,1543.5,1549.6500244140625,1530.0,1537.050048828125,344394
2013-07-11,1339.1741943359375,1505.550048828125,1579.0999755859375,1497.25,1560.0,543696
2013-07-12,1287.939208984375,1447.949951171875,1505.050048828125,1438.5,1495.0,945429
2013-07-15,1286.7386474609375,1446.5999755859375,1465.0,1433.1500244140625,1449.0,522612
2013-07-16,1255.2950439453125,1411.25,1429.9000244140625,1401.0,1429.0,817379
2013-07-17,1264.1011962890625,1421.1500244140625,1432.800048828125,1401.5,1412.25,1141103
2013-07-18,1285.8045654296875,1445.550048828125,1456.0,1407.199951171875,1415.0,714436
2013-07-19,1291.09716796875,1451.5,1462.0,1432.0999755859375,1450.25,403857
2013-07-22,1288.3841552734375,1448.449951171875,1466.5,1435.0,1437.0,324022
2013-07-23,1288.6063232421875,1448.699951171875,1464.0,1439.699951171875,1442.300048828125,451305
2013-07-24,1259.5648193359375,1416.050048828125,1443.800048828125,1402.0999755859375,1437.0,405613
2013-07-25,1257.7410888671875,1414.0,1452.1500244140625,1402.25,1420.4000244140625,1896090
2013-07-26,1223.4068603515625,1375.4000244140625,1448.0,1352.699951171875,1448.0,1226137
2013-07-29,1199.212646484375,1348.199951171875,1378.0999755859375,1335.800048828125,1375.0,710715
2013-07-30,1194.053466796875,1342.4000244140625,1362.800048828125,1340.5,1349.9000244140625,459744
2013-07-31,1179.7327880859375,1326.300048828125,1336.0,1292.0,1336.0,500776
2013-08-01,1192.1856689453125,1340.300048828125,1359.5999755859375,1322.25,1326.0,797570
2013-08-02,1189.872802734375,1337.699951171875,1363.8499755859375,1327.6500244140625,1358.0,360939
2013-08-05,1195.3876953125,1343.9000244140625,1361.800048828125,1332.050048828125,1345.25,178344
2013-08-06,1184.7584228515625,1331.949951171875,1358.75,1309.25,1330.0,301434
2013-08-07,1183.7796630859375,1330.8499755859375,1349.9000244140625,1302.0,1345.0,456603
2013-08-08,1231.990478515625,1385.050048828125,1392.4000244140625,1331.0999755859375,1331.0999755859375,1398921
2013-08-12,1227.6763916015625,1380.199951171875,1409.0,1372.199951171875,1392.25,700028
2013-08-13,1249.819580078125,1396.949951171875,1412.8499755859375,1355.0,1355.0,1031827
2013-08-14,1244.675048828125,1391.199951171875,1424.0,1385.0,1398.0,530381
2013-08-16,1185.536865234375,1325.0999755859375,1389.199951171875,1317.1500244140625,1389.1500244140625,1464791
2013-08-19,1170.6405029296875,1308.449951171875,1336.800048828125,1300.0,1320.0,429786
2013-08-20,1161.2017822265625,1297.9000244140625,1306.699951171875,1268.5999755859375,1300.0,916913
2013-08-21,1149.1680908203125,1284.449951171875,1324.8499755859375,1275.0,1313.0,926580
2013-08-22,1150.286865234375,1285.699951171875,1299.0,1232.5999755859375,1284.199951171875,1030562
2013-08-23,1156.817626953125,1293.0,1324.0,1266.050048828125,1299.9000244140625,621224
2013-08-26,1170.3721923828125,1308.1500244140625,1318.300048828125,1294.449951171875,1300.0,438706
2013-08-27,1127.5172119140625,1260.25,1306.949951171875,1240.0,1299.9000244140625,929746
2013-08-28,1106.1343994140625,1236.3499755859375,1249.0,1215.0,1238.0,1150637
2013-08-29,1118.883544921875,1250.5999755859375,1263.800048828125,1223.300048828125,1240.5,573972
2013-08-30,1112.576171875,1243.550048828125,1249.0,1225.0,1246.0,758972
2013-09-02,1163.08056640625,1300.0,1307.5999755859375,1233.0,1240.25,537411
2013-09-03,1141.6531982421875,1276.050048828125,1319.5999755859375,1254.5,1315.0,627614
2013-09-04,1142.0556640625,1276.5,1282.800048828125,1242.0,1269.0,656723
2013-09-05,1162.72265625,1299.5999755859375,1314.3499755859375,1290.0,1290.0,531076
2013-09-06,1152.70263671875,1288.4000244140625,1311.949951171875,1277.0,1311.0,473918
2013-09-10,1195.87060546875,1336.6500244140625,1349.949951171875,1300.0,1305.0,857196
2013-09-11,1217.4769287109375,1360.800048828125,1388.800048828125,1346.300048828125,1351.0,1255303
2013-09-12,1181.7794189453125,1320.9000244140625,1376.0,1315.550048828125,1367.949951171875,523296
2013-09-13,1177.3060302734375,1315.9000244140625,1335.0,1301.0,1315.0,534719
2013-09-16,1216.671875,1359.9000244140625,1379.300048828125,1334.449951171875,1343.3499755859375,707004
2013-09-17,1230.8973388671875,1375.800048828125,1388.800048828125,1360.0,1362.0,478211
2013-09-18,1254.2034912109375,1401.8499755859375,1405.0,1377.0,1385.0,413270
2013-09-19,1324.122314453125,1480.0,1503.4000244140625,1441.0,1441.0,1132596
2013-09-20,1312.71533203125,1467.25,1482.0,1401.0,1479.9000244140625,751243
2013-09-23,1253.6666259765625,1401.25,1454.4000244140625,1388.0,1450.0,500010
2013-09-24,1262.2109375,1410.800048828125,1442.0,1387.0,1390.0,517200
2013-09-25,1246.464599609375,1393.199951171875,1423.0,1376.1500244140625,1414.9000244140625,326342
2013-09-26,1241.4095458984375,1387.550048828125,1423.0,1380.0999755859375,1415.0,537625
2013-09-27,1222.9791259765625,1366.949951171875,1407.699951171875,1361.550048828125,1391.9000244140625,599199
2013-09-30,1215.4639892578125,1358.550048828125,1373.6500244140625,1340.0,1366.0,406918
2013-10-01,1234.833740234375,1380.199951171875,1410.0,1364.0,1364.050048828125,931358
2013-10-03,1263.5977783203125,1412.3499755859375,1420.0,1375.199951171875,1394.949951171875,650153
2013-10-04,1278.0467529296875,1428.5,1434.949951171875,1406.050048828125,1410.5,666373
2013-10-07,1261.674072265625,1410.199951171875,1432.699951171875,1402.050048828125,1425.0,329756
2013-10-08,1258.4532470703125,1406.5999755859375,1423.8499755859375,1400.0,1420.0,411447
2013-10-09,1251.206298828125,1398.5,1407.0,1386.199951171875,1407.0,481828
2013-10-10,1271.4259033203125,1421.0999755859375,1425.199951171875,1398.25,1399.0,617290
2013-10-11,1309.8074951171875,1464.0,1470.0,1413.0999755859375,1436.0999755859375,762748
2013-10-14,1294.5087890625,1446.9000244140625,1479.0,1442.4000244140625,1465.25,697237
2013-10-15,1288.24609375,1439.9000244140625,1473.199951171875,1431.0,1452.0,413066
2013-10-17,1276.74951171875,1427.050048828125,1451.800048828125,1418.0,1440.050048828125,316070
2013-10-18,1314.0572509765625,1468.75,1472.5,1428.0999755859375,1432.0,490221
2013-10-21,1359.864990234375,1519.949951171875,1542.75,1470.0999755859375,1470.3499755859375,877353
2013-10-22,1355.078369140625,1514.5999755859375,1536.0,1505.300048828125,1523.0,351924
2013-10-23,1367.8275146484375,1528.8499755859375,1545.0,1482.5,1516.800048828125,534863
2013-10-24,1354.4521484375,1513.9000244140625,1549.75,1499.949951171875,1528.0,580715
2013-10-25,1349.7996826171875,1508.699951171875,1533.0999755859375,1490.0,1501.0999755859375,432129
2013-10-28,1353.9600830078125,1513.3499755859375,1529.0,1503.0,1510.3499755859375,919522
2013-10-29,1463.0211181640625,1635.25,1646.5,1565.75,1590.9000244140625,4085346
2013-10-30,1464.27392578125,1636.6500244140625,1659.9000244140625,1625.0,1641.0,951167
2013-10-31,1463.87109375,1636.199951171875,1646.699951171875,1617.25,1626.0999755859375,760636
2013-11-01,1463.8265380859375,1636.1500244140625,1655.8499755859375,1626.25,1642.0,733492
2013-11-05,1452.2852783203125,1623.25,1645.0,1617.199951171875,1645.0,491093
2013-11-06,1444.501708984375,1614.550048828125,1644.0,1610.0,1622.0,526949
2013-11-07,1441.1466064453125,1610.800048828125,1644.9000244140625,1602.4000244140625,1610.300048828125,496581
2013-11-08,1414.082275390625,1580.550048828125,1610.0,1557.5,1605.0999755859375,740937
2013-11-11,1415.871826171875,1582.550048828125,1604.0,1561.300048828125,1580.0,509621
2013-11-12,1419.9425048828125,1587.0999755859375,1622.0,1582.0999755859375,1591.5,720325
2013-11-13,1413.1429443359375,1579.5,1594.0,1573.0,1580.0,446748
2013-11-14,1442.757080078125,1612.5999755859375,1625.0,1591.449951171875,1596.699951171875,633129
2013-11-18,1457.742431640625,1629.3499755859375,1635.1500244140625,1612.050048828125,1627.699951171875,642611
2013-11-19,1505.339599609375,1682.550048828125,1691.0999755859375,1625.449951171875,1630.0,1253144
2013-11-20,1476.0836181640625,1649.8499755859375,1700.0,1643.0999755859375,1690.0,612988
2013-11-21,1473.53369140625,1647.0,1667.699951171875,1638.8499755859375,1654.9000244140625,591465
2013-11-22,1467.4051513671875,1640.1500244140625,1676.75,1636.25,1662.0,822901
2013-11-25,1502.07373046875,1678.9000244140625,1689.800048828125,1646.300048828125,1653.0,730897
2013-11-26,1488.1170654296875,1663.300048828125,1688.0,1654.550048828125,1680.0,395917
2013-11-27,1485.11962890625,1659.949951171875,1670.0,1641.0,1668.050048828125,571218
2013-11-28,1491.1141357421875,1666.6500244140625,1675.0,1648.1500244140625,1669.0,888680
2013-11-29,1499.613525390625,1676.1500244140625,1692.6500244140625,1667.1500244140625,1670.0,502124
2013-12-02,1486.4171142578125,1661.4000244140625,1682.300048828125,1656.5999755859375,1670.0,495575
2013-12-03,1488.0721435546875,1663.25,1686.8499755859375,1652.25,1660.0,572128
2013-12-04,1467.04736328125,1639.75,1669.800048828125,1633.949951171875,1652.300048828125,428767
2013-12-05,1521.0858154296875,1700.1500244140625,1708.699951171875,1667.1500244140625,1667.1500244140625,1947489
2013-12-06,1522.293701171875,1701.5,1717.6500244140625,1694.0,1705.75,834899
2013-12-09,1577.9874267578125,1763.75,1770.0,1709.5,1738.9000244140625,1184977
2013-12-10,1567.2960205078125,1751.800048828125,1780.5999755859375,1746.0,1763.0,1048021
2013-12-11,1568.3692626953125,1753.0,1775.9000244140625,1735.0,1743.300048828125,668007
2013-12-12,1534.192626953125,1714.800048828125,1748.0,1710.4000244140625,1748.0,478485
2013-12-13,1511.6470947265625,1689.5999755859375,1719.949951171875,1682.5999755859375,1710.0,577334
2013-12-16,1522.3831787109375,1701.5999755859375,1714.9000244140625,1676.0,1687.0,428119
2013-12-17,1522.6512451171875,1701.9000244140625,1731.699951171875,1694.949951171875,1710.199951171875,552326
2013-12-18,1547.7470703125,1729.949951171875,1740.8499755859375,1695.4000244140625,1703.75,791839
2013-12-19,1593.0179443359375,1780.550048828125,1798.0,1725.25,1741.0,1469454
2013-12-20,1619.0531005859375,1809.6500244140625,1830.0,1774.949951171875,1795.0,1493300
2013-12-23,1612.5665283203125,1802.4000244140625,1819.9000244140625,1795.5999755859375,1809.0,681383
2013-12-24,1600.3990478515625,1788.800048828125,1802.550048828125,1775.25,1795.0,409326
2013-12-26,1604.693359375,1793.5999755859375,1803.75,1778.449951171875,1785.0,362435
2013-12-27,1588.09716796875,1775.050048828125,1800.699951171875,1763.0,1790.25,503568
2013-12-30,1590.0206298828125,1777.199951171875,1794.8499755859375,1768.0,1785.0,358010
2013-12-31,1578.12158203125,1763.9000244140625,1784.949951171875,1757.550048828125,1780.0999755859375,303542
2014-01-01,1578.211181640625,1764.0,1776.9000244140625,1756.550048828125,1770.0,214453
2014-01-02,1582.1475830078125,1768.4000244140625,1814.800048828125,1759.0,1759.0,1565710
2014-01-03,1609.166748046875,1798.5999755859375,1808.6500244140625,1752.25,1766.0,583504
2014-01-06,1617.3082275390625,1807.699951171875,1819.4000244140625,1792.550048828125,1805.0,549379
2014-01-07,1651.350830078125,1845.75,1854.25,1820.0999755859375,1838.0,1614578
2014-01-08,1643.9696044921875,1837.5,1860.0,1827.050048828125,1850.0,1398622
2014-01-09,1620.9764404296875,1811.800048828125,1859.0,1801.0999755859375,1858.800048828125,947521
2014-01-10,1605.140869140625,1794.0999755859375,1814.550048828125,1768.0,1811.0999755859375,670378
2014-01-13,1594.9862060546875,1782.75,1814.75,1765.0,1800.0,559984
2014-01-14,1586.575927734375,1773.3499755859375,1791.800048828125,1759.0999755859375,1783.0,530939
2014-01-15,1610.5086669921875,1800.0999755859375,1807.0,1767.0999755859375,1790.0,612338
2014-01-16,1601.33837890625,1789.8499755859375,1810.800048828125,1785.0,1803.0999755859375,429527
2014-01-17,1588.2310791015625,1775.199951171875,1808.800048828125,1766.300048828125,1778.199951171875,310359
2014-01-20,1590.915283203125,1778.199951171875,1797.3499755859375,1762.0,1774.0,340046
2014-01-21,1612.1192626953125,1801.9000244140625,1812.699951171875,1782.0,1782.0,541958
2014-01-22,1617.4425048828125,1807.8499755859375,1819.0,1795.0,1805.5,424767
2014-01-23,1604.872314453125,1793.800048828125,1819.9000244140625,1788.449951171875,1796.0999755859375,493794
2014-01-24,1587.38134765625,1774.25,1804.9000244140625,1769.25,1784.9000244140625,377713
2014-01-27,1523.00927734375,1702.300048828125,1755.0,1690.0,1755.0,923081
2014-01-28,1401.06494140625,1566.0,1751.5,1540.4000244140625,1715.0,6599087
2014-01-29,1497.55615234375,1673.8499755859375,1697.800048828125,1615.199951171875,1615.199951171875,6737926
2014-01-30,1463.6029052734375,1635.9000244140625,1674.0,1625.5999755859375,1668.0,1651215
2014-01-31,1463.9158935546875,1636.25,1655.0,1620.8499755859375,1655.0,729347
2014-02-03,1448.0352783203125,1618.5,1660.0,1613.050048828125,1620.0,957497
2014-02-04,1449.064208984375,1619.6500244140625,1630.0,1590.0,1601.0,703285
2014-02-05,1437.478271484375,1606.699951171875,1623.0999755859375,1602.0999755859375,1619.0,627278
2014-02-06,1467.0023193359375,1639.699951171875,1644.949951171875,1593.0,1610.199951171875,1237835
2014-02-07,1489.5931396484375,1664.949951171875,1670.4000244140625,1648.5,1654.949951171875,921283
2014-02-10,1510.97607421875,1688.8499755859375,1701.5999755859375,1665.0,1665.0,896683
2014-02-11,1501.4031982421875,1678.1500244140625,1698.0,1668.0999755859375,1690.25,294694
2014-02-12,1474.16015625,1647.699951171875,1689.800048828125,1643.0999755859375,1685.0,442825
2014-02-13,1468.389404296875,1641.25,1658.800048828125,1632.5,1646.0,439092
2014-02-14,1470.31298828125,1643.4000244140625,1653.550048828125,1615.6500244140625,1642.0,451950
2014-02-17,1490.2640380859375,1665.699951171875,1674.9000244140625,1635.0,1635.0,617227
2014-02-18,1528.5115966796875,1708.449951171875,1733.6500244140625,1666.0999755859375,1675.0,954637
2014-02-19,1519.2518310546875,1698.0999755859375,1721.0,1692.0,1714.0,341015
2014-02-20,1506.010498046875,1683.300048828125,1706.0,1674.199951171875,1697.0,344996
2014-02-21,1499.1214599609375,1675.5999755859375,1702.4000244140625,1671.550048828125,1686.0999755859375,340948
2014-02-24,1506.9947509765625,1684.4000244140625,1695.0,1645.800048828125,1675.0,326898
2014-02-25,1501.2686767578125,1678.0,1693.9000244140625,1672.4000244140625,1690.0999755859375,245384
2014-02-26,1488.7880859375,1664.050048828125,1684.0999755859375,1651.0,1668.0,584837
2014-02-28,1421.6424560546875,1589.0,1659.050048828125,1573.0,1640.0,1768632
2014-03-03,1415.5584716796875,1582.199951171875,1616.9000244140625,1575.0,1582.0,1060385
2014-03-04,1429.15771484375,1597.4000244140625,1603.0,1550.0,1577.0,797764
2014-03-05,1454.2086181640625,1625.4000244140625,1636.949951171875,1593.550048828125,1614.699951171875,728060
2014-03-06,1476.6204833984375,1650.449951171875,1657.0,1618.0,1629.699951171875,422906
2014-03-07,1552.3104248046875,1735.050048828125,1747.0,1640.199951171875,1655.0,944177
2014-03-10,1611.4034423828125,1801.0999755859375,1817.25,1716.6500244140625,1730.0,1324717
2014-03-11,1569.3985595703125,1754.1500244140625,1811.699951171875,1744.800048828125,1804.0,703249
2014-03-12,1578.2554931640625,1764.050048828125,1791.0,1680.0,1725.0,1443683
2014-03-13,1563.3145751953125,1747.3499755859375,1790.9000244140625,1733.0,1766.0,641720
2014-03-14,1555.3516845703125,1738.449951171875,1756.3499755859375,1710.0,1715.0,588996
2014-03-18,1671.436279296875,1868.199951171875,1909.0,1852.25,1900.0,1795672
2014-03-19,1672.8232421875,1869.75,1889.0,1850.75,1873.0,621508
2014-03-20,1661.01318359375,1856.550048828125,1874.800048828125,1848.050048828125,1869.0,310199
2014-03-21,1671.749267578125,1868.550048828125,1879.25,1856.550048828125,1856.550048828125,284182
2014-03-24,1687.6302490234375,1886.300048828125,1903.0,1873.25,1877.6500244140625,329812
2014-03-25,1701.408203125,1901.699951171875,1912.0,1875.8499755859375,1881.0,395158
2014-03-26,1733.079345703125,1937.0999755859375,1949.0,1911.0,1911.0,634815
2014-03-27,1731.693115234375,1935.550048828125,1968.4000244140625,1920.1500244140625,1941.0,825829
2014-03-28,1727.9798583984375,1931.4000244140625,1956.550048828125,1920.0999755859375,1935.9000244140625,326409
2014-03-31,1764.0804443359375,1971.75,1980.0,1925.0,1937.949951171875,437613
2014-04-01,1727.4879150390625,1930.8499755859375,1980.0,1922.0999755859375,1976.0,288560
2014-04-02,1729.5902099609375,1933.199951171875,1948.699951171875,1922.8499755859375,1935.0,268932
2014-04-03,1735.4056396484375,1939.699951171875,1964.4000244140625,1927.0,1940.0,307539
2014-04-04,1724.2222900390625,1927.199951171875,1950.0,1917.1500244140625,1940.0,195927
2014-04-07,1704.3154296875,1904.949951171875,1936.0,1872.0,1925.0,319401
2014-04-09,1728.96435546875,1932.5,1940.0,1876.0,1890.0,698363
2014-04-10,1753.5228271484375,1959.949951171875,1973.5,1916.0999755859375,1933.0,486855
2014-04-11,1731.826904296875,1935.699951171875,1948.699951171875,1923.1500244140625,1941.0,504763
2014-04-15,1724.2222900390625,1927.199951171875,1948.5999755859375,1904.0,1924.300048828125,228758
2014-04-16,1731.4244384765625,1935.25,1964.800048828125,1926.449951171875,1929.25,371554
2014-04-17,1745.828857421875,1951.3499755859375,1961.5,1915.9000244140625,1937.5,337629
2014-04-21,1778.8873291015625,1988.300048828125,2001.0,1953.449951171875,1953.449951171875,481905
2014-04-22,1767.5245361328125,1975.5999755859375,2006.8499755859375,1967.0,1998.949951171875,323792
2014-04-23,1773.29541015625,1982.050048828125,1994.0,1969.0,1984.9000244140625,398691
2014-04-24,1773.29541015625,1982.050048828125,1982.050048828125,1982.050048828125,1982.050048828125,0
2014-04-25,1750.1678466796875,1956.199951171875,1994.0,1917.0,1990.0,1064921
2014-04-28,1745.0234375,1950.449951171875,1966.800048828125,1936.949951171875,1950.0,258675
2014-04-29,1714.6492919921875,1916.5,1961.0,1910.300048828125,1955.0,335612
2014-04-30,1720.4647216796875,1923.0,1940.800048828125,1911.0,1921.0999755859375,243902
2014-05-02,1685.0355224609375,1883.4000244140625,1908.699951171875,1880.050048828125,1895.0,324650
2014-05-05,1697.963134765625,1897.8499755859375,1916.4000244140625,1866.0,1883.0,352889
2014-05-06,1709.0576171875,1910.25,1916.050048828125,1883.0,1899.0,239206
2014-05-07,1683.112060546875,1881.25,1907.199951171875,1878.0999755859375,1905.199951171875,246112
2014-05-08,1696.8450927734375,1896.5999755859375,1900.0,1876.199951171875,1888.0,180796
2014-05-09,1766.8536376953125,1974.8499755859375,1983.75,1880.0,1880.0,457287
2014-05-12,1833.9993896484375,2049.89990234375,2064.85009765625,1965.050048828125,1975.0,555623
2014-05-13,1870.18896484375,2090.35009765625,2120.0,2042.550048828125,2080.0,528807
2014-05-14,1865.5811767578125,2085.199951171875,2120.0,2059.5,2092.0,329237
2014-05-15,1894.792724609375,2117.85009765625,2127.0,2078.0,2082.0,441637
2014-05-16,1925.4798583984375,2152.14990234375,2318.5,2140.10009765625,2200.0,808438
2014-05-19,1981.3970947265625,2214.64990234375,2250.0,2190.0,2190.0,490566
2014-05-20,1962.9222412109375,2194.0,2236.800048828125,2182.550048828125,2222.0,225127
2014-05-21,1940.7342529296875,2169.199951171875,2209.949951171875,2166.0,2201.0,186665
2014-05-22,2026.2652587890625,2264.800048828125,2287.0,2204.949951171875,2204.949951171875,679922
2014-05-23,2134.566162109375,2385.85009765625,2403.0,2265.35009765625,2278.699951171875,397790
2014-05-26,2094.7080078125,2341.300048828125,2505.0,2314.050048828125,2407.5,778712
2014-05-27,2059.59228515625,2302.050048828125,2368.0,2289.0,2345.949951171875,241821
2014-05-28,2066.66015625,2309.949951171875,2360.300048828125,2285.25,2290.0,352579
2014-05-29,2062.992431640625,2305.85009765625,2337.699951171875,2255.050048828125,2303.10009765625,352983
2014-05-30,2032.528076171875,2271.800048828125,2339.949951171875,2254.0,2314.14990234375,189180
2014-06-02,2079.49853515625,2324.300048828125,2340.35009765625,2270.0,2270.0,246577
2014-06-03,2090.726806640625,2336.85009765625,2356.800048828125,2310.0,2344.699951171875,372134
2014-06-04,2122.219482421875,2372.050048828125,2393.050048828125,2338.0,2339.300048828125,296026
2014-06-05,2130.406005859375,2381.199951171875,2427.0,2367.14990234375,2410.0,553410
2014-06-06,2140.11279296875,2392.050048828125,2412.89990234375,2380.0,2402.0,252012
2014-06-09,2178.673828125,2435.14990234375,2449.0,2387.050048828125,2415.0,315081
2014-06-10,2204.753662109375,2464.300048828125,2484.0,2411.0,2475.0,559445
2014-06-11,2190.66259765625,2448.550048828125,2482.5,2433.0,2470.0,395488
2014-06-12,2219.560546875,2480.85009765625,2488.35009765625,2406.75,2420.0,446513
2014-06-13,2150.222900390625,2403.35009765625,2496.0,2393.550048828125,2485.0,328108
2014-06-16,2130.360595703125,2381.14990234375,2409.0,2360.5,2399.0,225806
2014-06-17,2160.15380859375,2414.449951171875,2422.5,2381.0,2388.0,190284
2014-06-18,2178.539306640625,2435.0,2449.0,2400.0,2415.0,501190
2014-06-19,2129.377197265625,2380.050048828125,2449.0,2371.0,2441.0,305893
2014-06-20,2117.164794921875,2366.39990234375,2397.35009765625,2362.0,2363.25,135952
2014-06-23,2129.6005859375,2380.300048828125,2394.949951171875,2351.050048828125,2392.0,158501
2014-06-24,2160.288330078125,2414.60009765625,2422.0,2389.199951171875,2390.0,217974
2014-06-25,2210.74755859375,2471.0,2528.0,2391.10009765625,2414.949951171875,430866
2014-06-26,2224.972900390625,2486.89990234375,2503.949951171875,2437.5,2485.0,539042
2014-06-27,2196.164794921875,2454.699951171875,2480.050048828125,2440.0,2480.050048828125,151990
2014-06-30,2182.431640625,2439.35009765625,2469.5,2428.199951171875,2454.949951171875,240672
2014-07-01,2311.667724609375,2583.800048828125,2605.39990234375,2446.60009765625,2453.800048828125,1505073
2014-07-02,2363.693115234375,2641.949951171875,2665.0,2568.25,2593.800048828125,775548
2014-07-03,2352.912353515625,2629.89990234375,2662.0,2615.0,2650.0,395691
2014-07-04,2364.185302734375,2642.5,2654.300048828125,2616.64990234375,2627.0,346996
2014-07-07,2360.919677734375,2638.85009765625,2660.0,2618.60009765625,2649.0,252391
2014-07-08,2316.901123046875,2589.64990234375,2661.14990234375,2578.0,2660.0,325370
2014-07-09,2251.41064453125,2516.449951171875,2607.0,2492.199951171875,2607.0,406355
2014-07-10,2265.054931640625,2531.699951171875,2630.0,2490.0,2517.0,349298
2014-07-11,2240.853759765625,2504.64990234375,2560.949951171875,2472.0,2525.0,273178
2014-07-14,2245.32666015625,2509.64990234375,2525.550048828125,2482.0,2482.0,142260
2014-07-15,2253.2001953125,2518.449951171875,2549.35009765625,2507.0,2526.0,171337
2014-07-16,2301.24462890625,2572.14990234375,2584.800048828125,2502.0,2524.949951171875,255637
2014-07-17,2290.68701171875,2560.35009765625,2579.75,2527.25,2575.0,214428
2014-07-18,2258.702392578125,2524.60009765625,2553.199951171875,2505.0,2550.0,260815
2014-07-21,2273.68896484375,2541.35009765625,2573.0,2524.60009765625,2524.60009765625,238243
2014-07-22,2248.681884765625,2513.39990234375,2561.0,2493.64990234375,2545.800048828125,236100
2014-07-23,2227.791015625,2490.050048828125,2529.449951171875,2479.0,2525.14990234375,253475
2014-07-24,2235.5302734375,2498.699951171875,2511.0,2485.0,2500.0,288868
2014-07-25,2245.013916015625,2509.300048828125,2537.0,2496.89990234375,2497.0,230984
2014-07-28,2241.6142578125,2505.5,2525.0,2492.60009765625,2510.0,182179
2014-07-30,2283.619140625,2552.449951171875,2560.0,2485.0,2509.949951171875,189655
2014-07-31,2258.21044921875,2524.050048828125,2590.0,2511.39990234375,2564.75,958095
2014-08-01,2313.63525390625,2586.0,2626.550048828125,2509.0,2510.0,943610
2014-08-04,2367.048095703125,2645.699951171875,2660.0,2571.39990234375,2590.0,480503
2014-08-05,2385.075439453125,2665.85009765625,2675.0,2628.60009765625,2653.699951171875,412319
2014-08-06,2359.26416015625,2637.0,2670.0,2630.35009765625,2654.0,238191
2014-08-07,2370.358642578125,2649.39990234375,2667.0,2629.5,2629.5,286075
2014-08-08,2346.381103515625,2622.60009765625,2635.0,2593.5,2629.0,266242
2014-08-11,2383.91357421875,2664.550048828125,2672.0,2635.050048828125,2639.0,226565
2014-08-12,2383.644287109375,2664.25,2684.949951171875,2647.199951171875,2672.0,223239
2014-08-13,2371.7451171875,2650.949951171875,2674.949951171875,2643.0,2653.300048828125,186796
2014-08-14,2385.70166015625,2666.550048828125,2693.0,2645.0,2645.0,311544
2014-08-18,2418.804931640625,2703.550048828125,2722.5,2651.14990234375,2651.14990234375,359547
2014-08-19,2459.73681640625,2749.300048828125,2760.0,2712.199951171875,2715.0,404906
2014-08-20,2449.49267578125,2737.85009765625,2755.0,2724.949951171875,2749.0,212477
2014-08-21,2460.854736328125,2750.550048828125,2771.0,2738.10009765625,2743.949951171875,206504
2014-08-22,2464.701904296875,2754.85009765625,2767.89990234375,2729.0,2756.0,192631
2014-08-25,2510.33056640625,2805.85009765625,2824.949951171875,2779.199951171875,2781.0,390940
2014-08-26,2480.4033203125,2772.39990234375,2799.89990234375,2755.0,2785.0,295099
2014-08-27,2488.35595703125,2769.25,2798.64990234375,2760.75,2785.0,308090
2014-08-28,2502.05908203125,2784.5,2803.699951171875,2761.699951171875,2775.0,444326
2014-09-01,2617.34521484375,2912.800048828125,2930.0,2792.0,2804.0,640846
2014-09-02,2619.366943359375,2915.050048828125,2966.0,2907.800048828125,2929.0,431825
2014-09-03,2613.526123046875,2908.550048828125,2942.0,2897.0,2940.0,423897
2014-09-04,2603.82177734375,2897.75,2923.550048828125,2883.10009765625,2910.0,254066
2014-09-05,2588.546142578125,2880.75,2901.949951171875,2859.89990234375,2872.0,262632
2014-09-08,2619.906005859375,2915.64990234375,2924.39990234375,2856.0,2875.0,393871
2014-09-09,2614.82958984375,2910.0,2932.0,2903.0,2930.0,194446
2014-09-10,2612.08837890625,2906.949951171875,2919.949951171875,2885.0,2891.050048828125,185112
2014-09-11,2621.209228515625,2917.10009765625,2924.0,2876.25,2905.0,280993
2014-09-12,2670.360595703125,2971.800048828125,2979.0,2921.0,2921.0,453657
2014-09-15,2662.093505859375,2962.60009765625,2974.39990234375,2930.0,2970.89990234375,287604
2014-09-16,2651.086181640625,2950.35009765625,2980.300048828125,2931.0,2955.0,360771
2014-09-17,2666.2275390625,2967.199951171875,2985.0,2916.25,2950.0,313982
2014-09-18,2734.069091796875,3042.699951171875,3060.0,2960.0,2978.0,369872
2014-09-19,2769.741943359375,3082.39990234375,3094.0,3030.0,3045.199951171875,276972
2014-09-22,2755.18505859375,3066.199951171875,3085.0,3041.5,3074.300048828125,228956
2014-09-23,2751.2314453125,3061.800048828125,3112.0,3054.10009765625,3079.0,331237
2014-09-24,2760.217529296875,3071.800048828125,3090.0,3031.0,3075.0,211358
2014-09-25,2747.143310546875,3057.25,3100.0,3043.0,3075.0,318285
2014-09-26,2729.845703125,3038.0,3087.0,2961.89990234375,3040.300048828125,290099
2014-09-29,2703.023193359375,3008.14990234375,3037.0,3001.85009765625,3036.0,217945
2014-09-30,2752.17529296875,3062.85009765625,3078.0,3013.800048828125,3018.0,293390
2014-10-01,2669.596923828125,2970.949951171875,3081.89990234375,2961.14990234375,3048.0,513843
2014-10-07,2640.5732421875,2938.64990234375,2994.0,2934.0,2971.0,295318
2014-10-08,2651.760498046875,2951.10009765625,2968.0,2924.050048828125,2939.0,283872
2014-10-09,2701.271240234375,3006.199951171875,3013.550048828125,2961.0,2961.0,292837
2014-10-10,2665.32861328125,2966.199951171875,2995.0,2942.0,2990.10009765625,249861
2014-10-13,2671.304443359375,2972.85009765625,2980.0,2925.050048828125,2941.0,158747
2014-10-14,2661.64453125,2962.10009765625,2992.699951171875,2957.10009765625,2980.10009765625,176342
2014-10-15,2661.64453125,2962.10009765625,2962.10009765625,2962.10009765625,2962.10009765625,0
2014-10-16,2638.9560546875,2936.85009765625,2980.0,2912.0,2956.10009765625,168761
2014-10-17,2642.774658203125,2941.10009765625,2960.699951171875,2902.0,2940.0,283917
2014-10-20,2699.02490234375,3003.699951171875,3014.800048828125,2978.0,2978.0,196994
2014-10-21,2763.721923828125,3075.699951171875,3084.75,3010.0,3015.0,220013
2014-10-22,2854.9267578125,3177.199951171875,3189.0,3085.39990234375,3092.0,398874
2014-10-27,2848.1865234375,3169.699951171875,3190.0,3105.5,3171.0,160160
2014-10-28,2831.6982421875,3151.35009765625,3169.699951171875,3130.050048828125,3169.699951171875,220379
2014-10-29,2880.265869140625,3205.39990234375,3219.0,3145.39990234375,3166.0,228343
2014-10-30,2911.580810546875,3240.25,3299.0,3171.0,3221.85009765625,1274329
2014-10-31,2998.741943359375,3337.25,3350.0,3246.25,3265.0,902391
2014-11-03,2953.454345703125,3286.85009765625,3334.0,3276.0,3330.0,452092
2014-11-05,2955.341064453125,3288.949951171875,3327.85009765625,3280.0,3295.0,267172
2014-11-07,2954.802001953125,3288.35009765625,3318.699951171875,3249.14990234375,3286.0,302843
2014-11-10,2972.279296875,3307.800048828125,3315.0,3268.050048828125,3285.0,207284
2014-11-11,2991.328857421875,3329.0,3334.89990234375,3291.14990234375,3298.0,213365
2014-11-12,3018.95947265625,3359.75,3371.300048828125,3310.0,3329.0,261098
2014-11-13,2990.92431640625,3328.550048828125,3396.0,3321.699951171875,3370.0,235947
2014-11-14,2991.822998046875,3329.550048828125,3344.0,3320.300048828125,3329.10009765625,115687
2014-11-17,3002.291015625,3341.199951171875,3370.0,3313.10009765625,3321.949951171875,186565
2014-11-18,3023.31787109375,3364.60009765625,3376.75,3324.550048828125,3341.0,276896
2014-11-19,3004.26806640625,3343.39990234375,3395.0,3323.60009765625,3378.0,213795
2014-11-20,2997.169189453125,3335.5,3364.800048828125,3312.0,3343.0,164288
2014-11-21,3014.736083984375,3355.050048828125,3364.0,3305.550048828125,3333.050048828125,261401
2014-11-24,3012.98388671875,3353.10009765625,3363.10009765625,3334.0,3350.35009765625,156584
2014-11-25,2955.251220703125,3288.85009765625,3388.0,3281.64990234375,3358.0,343894
2014-11-26,2950.89306640625,3284.0,3306.89990234375,3248.699951171875,3280.0,223306
2014-11-27,2932.427734375,3263.449951171875,3305.39990234375,3257.199951171875,3286.699951171875,244311
2014-11-28,3006.7841796875,3346.199951171875,3359.699951171875,3276.0,3279.0,275680
2014-12-01,3045.37744140625,3389.14990234375,3432.0,3335.0,3341.0,510490
2014-12-02,3016.35400390625,3356.85009765625,3395.0,3352.050048828125,3395.0,165773
2014-12-03,3047.489013671875,3391.5,3414.699951171875,3365.85009765625,3365.85009765625,286735
2014-12-04,3061.2822265625,3406.85009765625,3415.0,3384.199951171875,3392.0,199285
2014-12-05,3064.20263671875,3410.10009765625,3417.0,3390.0,3411.0,140056
2014-12-08,3037.02099609375,3379.85009765625,3440.0,3366.10009765625,3430.0,203336
2014-12-09,2998.112548828125,3336.550048828125,3390.0,3319.800048828125,3390.0,221590
2014-12-10,2986.29638671875,3323.39990234375,3345.0,3303.199951171875,3323.050048828125,236136
2014-12-11,3002.20166015625,3341.10009765625,3352.0,3286.75,3325.0,156314
2014-12-12,3036.526123046875,3379.300048828125,3394.39990234375,3342.300048828125,3352.0,241538
2014-12-15,3027.046875,3368.75,3379.89990234375,3346.300048828125,3374.0,135240
2014-12-16,2974.12109375,3309.85009765625,3383.699951171875,3301.5,3345.0,217196
2014-12-17,2931.080078125,3261.949951171875,3315.0,3250.75,3290.0,267012
2014-12-18,3041.918212890625,3385.300048828125,3399.25,3270.050048828125,3300.0,283235
2014-12-19,3018.64501953125,3359.39990234375,3462.0,3350.25,3401.0,473560
2014-12-22,3049.286376953125,3393.5,3412.5,3358.10009765625,3381.949951171875,194933
2014-12-23,3053.95849609375,3398.699951171875,3424.0,3385.10009765625,3395.0,202035
2014-12-24,3024.1259765625,3365.5,3420.0,3332.800048828125,3400.0,403056
2014-12-26,2995.0126953125,3333.10009765625,3388.699951171875,3326.0,3367.0,210882
2014-12-29,3007.6826171875,3347.199951171875,3380.0,3335.050048828125,3335.050048828125,211257
2014-12-30,3007.7275390625,3347.25,3368.64990234375,3339.449951171875,3350.0,109577
2014-12-31,2992.04736328125,3329.800048828125,3341.89990234375,3299.75,3305.0,281626
2015-01-01,3001.88671875,3340.75,3360.0,3320.25,3320.25,299232
2015-01-02,3018.824951171875,3359.60009765625,3383.0,3350.5,3360.0,233924
2015-01-05,3098.078125,3447.800048828125,3469.35009765625,3376.050048828125,3382.0,536747
2015-01-06,3050.858642578125,3395.25,3439.0,3382.5,3439.0,422743
2015-01-07,3089.048095703125,3437.75,3458.949951171875,3382.050048828125,3400.0,369241
2015-01-08,3122.968994140625,3475.5,3509.550048828125,3444.0,3465.0,422022
2015-01-09,3116.40869140625,3468.199951171875,3507.699951171875,3429.949951171875,3500.0,194054
2015-01-12,3111.646728515625,3462.89990234375,3483.64990234375,3445.14990234375,3470.0,152803
2015-01-13,3116.453857421875,3468.25,3515.0,3462.10009765625,3483.800048828125,237771
2015-01-14,3159.360595703125,3516.0,3531.0,3461.300048828125,3471.85009765625,429069
2015-01-15,3258.02294921875,3625.800048828125,3638.64990234375,3540.0,3550.35009765625,670686
2015-01-16,3249.756591796875,3616.60009765625,3625.0,3592.050048828125,3615.25,379075
2015-01-19,3258.427734375,3626.25,3642.5,3615.199951171875,3627.699951171875,192537
2015-01-20,3239.8271484375,3605.550048828125,3636.0,3584.5,3618.0,333315
2015-01-21,3266.020751953125,3634.699951171875,3690.0,3592.0,3623.0,402419
2015-01-22,3232.369384765625,3597.25,3648.0,3592.10009765625,3648.0,318883
2015-01-23,3240.86083984375,3606.699951171875,3639.75,3575.0,3634.0,337571
2015-01-27,3313.824462890625,3687.89990234375,3704.699951171875,3585.14990234375,3644.949951171875,1278436
2015-01-28,3347.880126953125,3725.800048828125,3758.5,3692.0,3692.0,672705
2015-01-29,3314.6328125,3688.800048828125,3745.0,3677.0,3745.0,603103
2015-01-30,3277.3876953125,3647.35009765625,3741.0,3626.550048828125,3700.0,284786
2015-02-02,3297.245361328125,3669.449951171875,3725.0,3620.0,3647.35009765625,319679
2015-02-03,3241.89404296875,3607.85009765625,3708.0,3600.0,3708.0,220676
2015-02-04,3196.6962890625,3557.550048828125,3634.0,3550.5,3620.0,203545
2015-02-05,3165.380859375,3522.699951171875,3597.0,3508.0,3579.0,379633
2015-02-06,3147.31982421875,3502.60009765625,3533.5,3490.0,3529.75,198214
2015-02-09,3065.28076171875,3411.300048828125,3497.199951171875,3400.0,3490.0,286868
2015-02-10,3049.600341796875,3393.85009765625,3478.0,3360.0,3393.0,547537
2015-02-11,3104.3232421875,3454.75,3470.800048828125,3406.0,3406.0,341769
2015-02-12,3191.618896484375,3551.89990234375,3559.75,3468.0,3468.0,436882
2015-02-13,3250.07080078125,3616.949951171875,3627.0,3531.300048828125,3565.0,321186
2015-02-16,3209.770263671875,3572.10009765625,3650.0,3561.5,3620.0,260901
2015-02-18,3203.345703125,3564.949951171875,3584.0,3547.050048828125,3575.0,161803
2015-02-19,3230.48193359375,3595.14990234375,3615.0,3562.14990234375,3575.0,214789
2015-02-20,3187.531005859375,3547.35009765625,3614.0,3542.0,3610.0,240749
2015-02-23,3186.227783203125,3545.89990234375,3575.0,3532.85009765625,3561.0,163132
2015-02-24,3224.32763671875,3588.300048828125,3600.0,3553.199951171875,3573.85009765625,143983
2015-02-25,3216.779541015625,3579.89990234375,3615.0,3564.10009765625,3595.0,173339
2015-02-26,3142.153076171875,3496.85009765625,3581.89990234375,3483.14990234375,3567.300048828125,429598
2015-02-27,3238.7939453125,3604.39990234375,3618.85009765625,3496.85009765625,3497.0,378654
2015-03-02,3334.9853515625,3711.449951171875,3730.0,3632.25,3648.10009765625,386182
2015-03-03,3332.46923828125,3708.64990234375,3734.35009765625,3689.550048828125,3718.0,206296
2015-03-04,3305.2880859375,3678.39990234375,3789.699951171875,3647.25,3750.0,340907
2015-03-05,3305.602294921875,3678.75,3711.25,3641.35009765625,3677.0,152837
2015-03-09,3298.907958984375,3671.300048828125,3690.89990234375,3623.0,3632.300048828125,218786
2015-03-10,3276.848388671875,3646.75,3689.0,3640.25,3689.0,182667
2015-03-11,3285.564453125,3656.449951171875,3672.0,3615.35009765625,3642.050048828125,198508
2015-03-12,3311.398193359375,3685.199951171875,3719.949951171875,3662.10009765625,3667.39990234375,308505
2015-03-13,3280.397216796875,3650.699951171875,3717.199951171875,3625.10009765625,3705.0,363024
2015-03-16,3277.11767578125,3647.050048828125,3677.0,3637.800048828125,3651.0,182829
2015-03-17,3290.147216796875,3661.550048828125,3688.949951171875,3623.550048828125,3665.0,185250
2015-03-18,3293.156982421875,3664.89990234375,3678.0,3642.300048828125,3663.0,177261
2015-03-19,3284.261474609375,3655.0,3695.0,3648.0,3671.0,252139
2015-03-20,3256.271240234375,3623.85009765625,3672.800048828125,3610.0,3640.0,206403
2015-03-23,3229.80810546875,3594.39990234375,3639.199951171875,3583.050048828125,3625.050048828125,192986
2015-03-24,3223.4287109375,3587.300048828125,3635.0,3567.050048828125,3625.0,227226
2015-03-25,3248.093994140625,3614.75,3628.89990234375,3573.300048828125,3590.0,201854
2015-03-26,3200.200439453125,3561.449951171875,3622.949951171875,3537.949951171875,3605.0,489101
2015-03-27,3243.870849609375,3610.050048828125,3619.75,3545.60009765625,3570.0,204071
2015-03-30,3289.607421875,3660.949951171875,3674.0,3600.449951171875,3629.0,152167
2015-03-31,3322.31591796875,3697.35009765625,3727.699951171875,3659.85009765625,3659.85009765625,294635
2015-04-01,3275.00634765625,3644.699951171875,3757.550048828125,3600.0,3699.949951171875,694487
2015-04-06,3260.853515625,3628.949951171875,3670.89990234375,3619.0,3646.0,262771
2015-04-07,3234.750244140625,3599.89990234375,3650.0,3578.0,3640.0,306684
2015-04-08,3260.62890625,3628.699951171875,3664.89990234375,3606.0,3615.0,256031
2015-04-09,3288.035400390625,3659.199951171875,3667.0,3625.0,3639.0,238584
2015-04-10,3294.684814453125,3666.60009765625,3688.35009765625,3633.39990234375,3660.0,201302
2015-04-13,3293.427001953125,3665.199951171875,3680.0,3642.75,3661.0,218690
2015-04-15,3306.949951171875,3680.25,3729.0,3650.39990234375,3655.0,232802
2015-04-16,3304.838623046875,3677.89990234375,3718.699951171875,3662.25,3676.25,206305
2015-04-17,3276.893310546875,3646.800048828125,3682.89990234375,3636.35009765625,3666.14990234375,99056
2015-04-20,3242.073974609375,3608.050048828125,3648.39990234375,3584.60009765625,3627.0,175033
2015-04-21,3136.132568359375,3490.14990234375,3607.25,3470.0,3605.0,482786
2015-04-22,3111.69140625,3462.949951171875,3508.10009765625,3386.10009765625,3491.050048828125,422446
2015-04-23,3139.99658203125,3494.449951171875,3535.550048828125,3480.0,3490.0,234616
2015-04-24,3182.18408203125,3541.39990234375,3565.0,3434.10009765625,3486.0,332449
2015-04-27,3278.330810546875,3648.39990234375,3684.0,3520.199951171875,3563.199951171875,1804129
2015-04-28,3434.861083984375,3822.60009765625,3838.800048828125,3660.0,3664.0,1129937
2015-04-29,3384.181640625,3766.199951171875,3873.0,3746.64990234375,3839.0,703698
2015-04-30,3347.924560546875,3725.85009765625,3793.0,3709.949951171875,3760.0,592304
2015-05-04,3376.589599609375,3757.75,3840.0,3726.75,3797.0,478823
2015-05-05,3408.308837890625,3793.050048828125,3805.0,3736.550048828125,3753.0,458196
2015-05-06,3265.8857421875,3634.550048828125,3788.0,3623.550048828125,3788.0,430929
2015-05-07,3184.161376953125,3543.60009765625,3626.0,3520.0,3626.0,469950
2015-05-08,3244.320068359375,3610.550048828125,3620.0,3561.449951171875,3561.449951171875,495595
2015-05-11,3281.296142578125,3651.699951171875,3674.39990234375,3616.14990234375,3633.89990234375,288810
2015-05-12,3214.577392578125,3577.449951171875,3652.949951171875,3555.0,3650.0,332314
2015-05-13,3238.5244140625,3604.10009765625,3632.0,3544.39990234375,3620.0,337505
2015-05-14,3276.62353515625,3646.5,3653.5,3552.0,3604.949951171875,287801
2015-05-15,3298.818603515625,3671.199951171875,3684.0,3626.0,3640.0,208258
2015-05-18,3322.54052734375,3697.60009765625,3706.39990234375,3652.0,3675.0,183483
2015-05-19,3330.76220703125,3706.75,3729.89990234375,3685.0,3695.0,175567
2015-05-20,3335.3896484375,3711.89990234375,3749.949951171875,3707.0,3707.10009765625,218115
2015-05-21,3322.989501953125,3698.10009765625,3729.89990234375,3691.449951171875,3711.89990234375,198709
2015-05-22,3326.988525390625,3702.550048828125,3728.800048828125,3694.60009765625,3703.0,135158
2015-05-25,3318.182373046875,3692.75,3717.0,3681.0,3696.199951171875,81113
2015-05-26,3348.464111328125,3726.449951171875,3730.0,3672.0,3696.0,252919
2015-05-27,3344.375244140625,3721.89990234375,3750.0,3699.0,3700.0,283565
2015-05-28,3332.69384765625,3708.89990234375,3738.949951171875,3696.050048828125,3726.0,317937
2015-05-29,3401.703857421875,3785.699951171875,3788.949951171875,3693.050048828125,3720.0,432656
2015-06-01,3488.99951171875,3882.85009765625,3898.949951171875,3774.39990234375,3785.89990234375,571376
2015-06-02,3442.768310546875,3831.39990234375,3887.300048828125,3815.050048828125,3880.0,329350
2015-06-03,3394.066162109375,3777.199951171875,3820.0,3752.0,3805.0,277700
2015-06-04,3389.438720703125,3772.050048828125,3813.0,3747.0,3799.0,193996
2015-06-05,3378.116455078125,3759.449951171875,3799.89990234375,3751.0,3769.0,253728
2015-06-08,3345.8134765625,3723.5,3804.550048828125,3716.0,3786.0,303682
2015-06-09,3317.7783203125,3692.300048828125,3726.949951171875,3675.800048828125,3710.0,209963
2015-06-10,3362.930419921875,3742.550048828125,3748.89990234375,3694.14990234375,3702.949951171875,239272
2015-06-11,3325.955078125,3701.39990234375,3778.949951171875,3691.35009765625,3752.050048828125,226654
2015-06-12,3357.764404296875,3736.800048828125,3755.0,3695.5,3701.10009765625,173412
2015-06-15,3385.260009765625,3767.39990234375,3789.89990234375,3731.0,3737.5,175936
2015-06-16,3405.208740234375,3789.60009765625,3810.550048828125,3744.699951171875,3767.39990234375,228783
2015-06-17,3422.415771484375,3808.75,3824.89990234375,3793.0,3805.0,291820
2015-06-18,3469.455810546875,3861.10009765625,3891.949951171875,3812.0,3813.0,232645
2015-06-19,3537.971923828125,3937.35009765625,3949.5,3862.0,3879.0,309290
2015-06-22,3576.87939453125,3980.64990234375,3994.89990234375,3955.050048828125,3955.050048828125,230791
2015-06-23,3609.677490234375,4017.14990234375,4028.5,3955.300048828125,3982.0,330957
2015-06-24,3602.623779296875,4009.300048828125,4035.64990234375,3987.050048828125,4024.0,306048
2015-06-25,3622.572021484375,4031.5,4043.699951171875,3983.60009765625,3984.0,240888
2015-06-26,3657.121826171875,4069.949951171875,4077.39990234375,4006.14990234375,4026.0,291925
2015-06-29,3588.24658203125,3993.300048828125,4025.75,3961.10009765625,4020.0,344044
2015-06-30,3615.248291015625,4023.35009765625,4060.0,3985.25,3985.25,340789
2015-07-01,3622.75146484375,4031.699951171875,4089.85009765625,4026.0,4034.89990234375,380963
2015-07-02,3588.33642578125,3993.39990234375,4049.0,3981.14990234375,4031.5,322025
2015-07-03,3593.278564453125,3998.89990234375,4020.0,3977.10009765625,3993.39990234375,279389
2015-07-06,3583.43896484375,3987.949951171875,4005.0,3975.050048828125,3984.89990234375,332811
2015-07-07,3569.241943359375,3972.14990234375,4003.800048828125,3955.699951171875,3989.0,287981
2015-07-08,3548.43994140625,3949.0,3969.0,3907.0,3950.0,252360
2015-07-09,3536.44384765625,3935.64990234375,3967.89990234375,3928.5,3950.0,128065
2015-07-10,3535.32080078125,3934.39990234375,3962.0,3918.89990234375,3949.699951171875,184572
2015-07-13,3625.94140625,4035.25,4040.0,3940.0,3958.699951171875,335198
2015-07-14,3639.779296875,4050.64990234375,4058.949951171875,4020.14990234375,4049.699951171875,251002
2015-07-15,3730.9833984375,4152.14990234375,4179.9501953125,4071.0,4071.0,551469
2015-07-16,3754.34619140625,4178.14990234375,4190.0,4156.0,4166.0,321651
2015-07-17,3767.6904296875,4193.0,4228.9501953125,4164.10009765625,4186.0,241023
2015-07-20,3752.459228515625,4176.0498046875,4219.0,4161.10009765625,4208.0,207897
2015-07-21,3731.61328125,4152.85009765625,4194.9501953125,4141.4501953125,4176.9501953125,146004
2015-07-22,3766.0283203125,4191.14990234375,4199.0,4134.0,4139.7998046875,305466
2015-07-23,3804.576416015625,4234.0498046875,4245.5,4193.0498046875,4198.89990234375,229845
2015-07-24,3804.7119140625,4234.2001953125,4261.89990234375,4205.39990234375,4237.9501953125,226189
2015-07-27,3754.301513671875,4178.10009765625,4241.5498046875,4166.60009765625,4241.5498046875,220316
2015-07-28,3771.239990234375,4196.9501953125,4242.0,4151.60009765625,4207.89990234375,940179
2015-07-29,3840.20458984375,4273.7001953125,4309.5,4171.2001953125,4224.89990234375,819323
2015-07-30,3860.64697265625,4296.4501953125,4318.0,4281.0498046875,4310.0,294361
2015-07-31,3892.097412109375,4331.4501953125,4359.0,4284.2001953125,4297.0,297226
2015-08-03,3978.0,4427.0498046875,4439.0,4380.0,4380.0,341893
2015-08-04,3988.557861328125,4438.7998046875,4453.9501953125,4411.4501953125,4449.0,313075
2015-08-05,4018.076904296875,4471.64990234375,4484.0,4422.25,4457.0,198485
2015-08-06,4000.509521484375,4452.10009765625,4478.35009765625,4430.0498046875,4461.0,184121
2015-08-07,4001.27294921875,4452.9501953125,4468.2001953125,4430.10009765625,4450.7001953125,144268
2015-08-10,4040.989501953125,4497.14990234375,4507.9501953125,4446.0,4470.0,241899
2015-08-11,4047.41357421875,4504.2998046875,4534.0,4465.0498046875,4510.0,216773
2015-08-12,4047.41357421875,4504.2998046875,4504.2998046875,4504.2998046875,4504.2998046875,0
2015-08-13,4037.12548828125,4492.85009765625,4522.7001953125,4430.14990234375,4477.0,261773
2015-08-14,4108.69677734375,4572.5,4589.0,4490.5,4509.5,181419
2015-08-17,4088.298828125,4549.7998046875,4587.0,4535.5,4584.9501953125,157066
2015-08-18,4163.95849609375,4634.0,4648.0,4536.0,4555.0,172443
2015-08-19,4197.9697265625,4671.85009765625,4687.0,4605.7001953125,4627.0,255128
2015-08-20,4164.0927734375,4634.14990234375,4692.39990234375,4601.25,4630.0,279387
2015-08-21,4104.06884765625,4567.35009765625,4613.85009765625,4529.0,4611.0,310480
2015-08-24,3811.5400390625,4241.7998046875,4452.5498046875,4207.5498046875,4350.0,930804
2015-08-25,3773.081787109375,4199.0,4369.0,4062.10009765625,4299.0,915511
2015-08-26,3802.95703125,4207.0498046875,4256.39990234375,4111.39990234375,4197.0,612412
2015-08-27,3799.9736328125,4203.75,4272.89990234375,4186.0,4255.0,795947
2015-08-28,3801.872314453125,4205.85009765625,4292.0,4175.0,4250.0,372560
2015-08-31,3766.93505859375,4167.2001953125,4233.0,4142.35009765625,4199.0,298281
2015-09-01,3671.34228515625,4061.449951171875,4199.4501953125,4046.199951171875,4170.0,605386
2015-09-02,3642.912841796875,4030.0,4089.949951171875,4010.0,4083.0,392078
2015-09-03,3745.284912109375,4143.25,4162.2998046875,4040.050048828125,4059.0,514445
2015-09-04,3673.0146484375,4063.300048828125,4139.7001953125,4051.199951171875,4137.0,316141
2015-09-07,3678.70947265625,4069.60009765625,4128.5,4045.0,4067.89990234375,300049
2015-09-08,3741.714599609375,4139.2998046875,4155.85009765625,4077.0,4106.0,292997
2015-09-09,3891.635009765625,4305.14990234375,4319.0,4187.64990234375,4210.0,589734
2015-09-10,3888.290771484375,4301.4501953125,4317.9501953125,4225.14990234375,4255.0,321362
2015-09-11,3903.024169921875,4317.75,4360.0,4308.60009765625,4329.0,281728
2015-09-14,3904.60595703125,4319.5,4347.0,4285.0,4330.0,207396
2015-09-15,3909.57763671875,4325.0,4419.10009765625,4320.0,4375.5,734807
2015-09-16,3937.239013671875,4355.60009765625,4377.0,4330.10009765625,4377.0,418079
2015-09-18,3978.142822265625,4400.85009765625,4478.2998046875,4355.60009765625,4379.2998046875,621252
2015-09-21,4058.954833984375,4490.25,4509.0,4387.10009765625,4397.9501953125,642858
2015-09-22,4043.407470703125,4473.0498046875,4519.89990234375,4440.5,4508.0,924289
2015-09-23,4065.64501953125,4497.64990234375,4523.0,4413.25,4459.0,880695
2015-09-24,4128.01708984375,4566.64990234375,4604.0,4484.75,4499.5,1098076
2015-09-28,4100.537109375,4536.25,4615.0,4516.75,4570.0,684352
2015-09-29,4232.55859375,4682.2998046875,4740.0,4467.0,4509.9501953125,1222175
2015-09-30,4235.54150390625,4685.60009765625,4763.4501953125,4657.5498046875,4710.0,835777
2015-10-01,4140.4013671875,4580.35009765625,4721.89990234375,4570.0,4720.0,1087189
2015-10-05,3990.07373046875,4414.0498046875,4570.0,4389.0,4570.0,1949365
2015-10-06,3935.792724609375,4354.0,4449.0,4338.0498046875,4449.0,1159174
2015-10-07,3945.283935546875,4364.5,4437.89990234375,4345.0498046875,4352.25,801302
2015-10-08,3935.56640625,4353.75,4407.0,4332.2001953125,4380.0,726218
2015-10-09,3865.600830078125,4276.35009765625,4397.2001953125,4262.75,4390.0,816648
2015-10-12,3825.375732421875,4231.85009765625,4322.64990234375,4216.5,4310.89990234375,837794
2015-10-13,3863.341064453125,4273.85009765625,4288.0,4229.14990234375,4231.0,605082
2015-10-14,3841.555908203125,4249.75,4295.60009765625,4242.0,4270.89990234375,656029
2015-10-15,3956.944580078125,4377.39990234375,4389.14990234375,4261.0,4269.89990234375,982419
2015-10-16,4019.85986328125,4447.0,4461.0,4381.0498046875,4410.0,929525
2015-10-19,4030.661865234375,4458.9501953125,4478.0,4408.10009765625,4465.0,594941
2015-10-20,4075.678466796875,4508.75,4516.7001953125,4441.64990234375,4467.89990234375,675597
2015-10-21,4044.89892578125,4474.7001953125,4524.7001953125,4450.0,4489.0,316565
2015-10-23,3960.108642578125,4380.89990234375,4508.0,4371.10009765625,4500.7998046875,621558
2015-10-26,3963.95068359375,4385.14990234375,4452.0,4375.7998046875,4400.0,535165
2015-10-27,4065.05712890625,4497.0,4518.0,4376.60009765625,4409.0,1290318
2015-10-28,4063.429443359375,4495.2001953125,4559.0,4472.0,4530.0,989227
2015-10-29,4013.124755859375,4439.5498046875,4512.5498046875,4419.25,4501.5,907407
2015-10-30,4021.667724609375,4449.0,4467.89990234375,4400.10009765625,4446.0,738321
2015-11-02,4063.927490234375,4495.75,4525.0498046875,4425.2001953125,4470.0,603730
2015-11-03,4051.994384765625,4482.5498046875,4521.2001953125,4465.0498046875,4519.89990234375,320901
2015-11-04,4086.345458984375,4520.5498046875,4536.5498046875,4455.10009765625,4487.75,660804
2015-11-05,4091.81396484375,4526.60009765625,4555.0,4496.39990234375,4518.9501953125,406256
2015-11-06,4088.379638671875,4522.7998046875,4535.35009765625,4481.0498046875,4532.9501953125,361975
2015-11-09,4183.6552734375,4628.2001953125,4639.0,4440.0,4440.0,729714
2015-11-10,4260.0390625,4712.7001953125,4729.9501953125,4629.75,4649.5,909977
2015-11-13,4176.0615234375,4619.7998046875,4737.25,4602.39990234375,4734.4501953125,983107
2015-11-16,4200.55908203125,4646.89990234375,4664.0,4572.89990234375,4600.0,644299
2015-11-17,4187.31640625,4632.25,4676.14990234375,4618.0,4645.39990234375,638262
2015-11-18,4097.82568359375,4533.25,4652.0,4525.0,4634.5,725994
2015-11-19,4203.6787109375,4650.35009765625,4661.5,4571.0498046875,4580.89990234375,1030684
2015-11-20,4282.818359375,4737.89990234375,4766.0,4631.0,4666.0,917455
2015-11-23,4281.32666015625,4736.25,4790.0,4702.35009765625,4730.0,1034126
2015-11-24,4194.2314453125,4639.89990234375,4724.0498046875,4621.0,4724.0498046875,1287988
2015-11-26,4164.08447265625,4606.5498046875,4659.9501953125,4577.9501953125,4659.9501953125,1436728
2015-11-27,4140.1298828125,4580.0498046875,4680.0,4556.39990234375,4680.0,1231876
2015-11-30,4117.486328125,4555.0,4700.0,4492.10009765625,4586.0,10567769
2015-12-01,4118.5712890625,4556.2001953125,4616.0,4531.35009765625,4609.0,1506622
2015-12-02,4175.158203125,4618.7998046875,4627.35009765625,4556.2001953125,4600.0,1123497
2015-12-03,4182.615234375,4627.0498046875,4644.7001953125,4600.5,4609.0,567288
2015-12-04,4158.47998046875,4600.35009765625,4634.0,4579.14990234375,4610.0,581041
2015-12-07,4125.8017578125,4564.2001953125,4640.0,4558.0,4622.0,493623
2015-12-08,4106.2314453125,4542.5498046875,4579.7998046875,4520.0,4540.0,577670
2015-12-09,4048.876220703125,4479.10009765625,4542.0,4470.0,4538.7998046875,607147
2015-12-10,4066.0517578125,4498.10009765625,4519.7998046875,4406.0498046875,4495.0,506406
2015-12-11,4050.3681640625,4480.75,4528.0,4412.0,4519.75,532721
2015-12-14,4137.1923828125,4576.7998046875,4590.0,4471.5,4478.89990234375,484617
2015-12-15,4176.2431640625,4620.0,4634.0,4563.10009765625,4605.0,581111
2015-12-16,4175.7001953125,4619.39990234375,4657.14990234375,4604.0,4655.0,357572
2015-12-17,4218.50244140625,4666.75,4679.0,4573.85009765625,4650.0,443534
2015-12-18,4176.64990234375,4620.4501953125,4702.0,4611.5,4684.7001953125,682206
2015-12-21,4193.50830078125,4639.10009765625,4660.0,4616.25,4626.89990234375,274072
2015-12-22,4173.71142578125,4617.2001953125,4644.9501953125,4602.0498046875,4630.0,207127
2015-12-23,4189.75732421875,4634.9501953125,4656.0,4620.0,4635.0,227939
2015-12-24,4156.71728515625,4598.39990234375,4634.35009765625,4586.14990234375,4633.25,162732
2015-12-28,4194.322265625,4640.0,4645.9501953125,4588.0,4598.39990234375,272134
2015-12-29,4191.51953125,4636.89990234375,4655.89990234375,4612.7998046875,4641.9501953125,253128
2015-12-30,4146.59326171875,4587.2001953125,4642.89990234375,4575.0,4637.0,265170
2015-12-31,4178.005859375,4621.9501953125,4637.0,4566.2998046875,4587.0,422019
2016-01-01,4192.96630859375,4638.5,4668.0,4602.35009765625,4621.0,243597
2016-01-04,4140.67236328125,4580.64990234375,4657.0,4571.75,4635.0,405501
2016-01-05,4128.2880859375,4566.9501953125,4600.75,4557.25,4599.9501953125,509285
2016-01-06,4050.4130859375,4480.7998046875,4593.0,4468.0,4592.0,593742
2016-01-07,3857.96240234375,4267.89990234375,4449.7001953125,4251.85009765625,4449.7001953125,1200069
2016-01-08,3809.91748046875,4214.75,4325.0,4195.7998046875,4286.2998046875,994652
2016-01-11,3862.030517578125,4272.39990234375,4300.0,4117.0,4190.0,865799
2016-01-12,3858.956298828125,4269.0,4324.7998046875,4260.0,4310.0,481142
2016-01-13,3879.069580078125,4291.25,4310.0,4221.35009765625,4298.0,431206
2016-01-14,3840.19970703125,4248.25,4289.0,4212.7001953125,4239.0,402026
2016-01-15,3862.888427734375,4273.35009765625,4340.0,4254.0,4265.0,592183
2016-01-18,3829.30712890625,4236.2001953125,4289.25,4172.85009765625,4279.0,396124
2016-01-19,3794.911865234375,4198.14990234375,4244.9501953125,4165.0,4241.0,499001
2016-01-20,3669.082275390625,4058.949951171875,4189.9501953125,4028.5,4169.85009765625,679992
2016-01-21,3517.897216796875,3891.699951171875,4084.949951171875,3870.0,4084.949951171875,1212801
2016-01-22,3710.66455078125,4104.9501953125,4119.89990234375,3930.14990234375,3942.949951171875,1063413
2016-01-25,3689.3310546875,4081.35009765625,4172.0,4073.89990234375,4125.9501953125,608634
2016-01-27,3716.99169921875,4111.9501953125,4179.0,4092.0,4131.0,886550
2016-01-28,3709.172119140625,4103.2998046875,4139.89990234375,4031.0,4080.0,1677354
2016-01-29,3702.438720703125,4095.85009765625,4124.0,3923.0,3925.0,2147231
2016-02-01,3569.01513671875,3948.25,4119.0,3933.64990234375,4100.89990234375,1904034
2016-02-02,3502.755859375,3874.949951171875,3985.0,3851.550048828125,3952.60009765625,902619
2016-02-03,3460.6318359375,3828.35009765625,3870.0,3784.64990234375,3870.0,1101308
2016-02-04,3430.16845703125,3794.64990234375,3881.89990234375,3774.0,3864.0,597800
2016-02-05,3365.762451171875,3723.39990234375,3790.0,3693.300048828125,3784.699951171875,1245857
2016-02-08,3374.033447265625,3732.550048828125,3789.0,3715.050048828125,3749.0,559505
2016-02-09,3305.830810546875,3657.10009765625,3689.0,3620.0,3685.0,657011
2016-02-10,3325.220458984375,3678.550048828125,3718.0,3600.0,3639.85009765625,795377
2016-02-11,3201.2890625,3541.449951171875,3664.300048828125,3518.5,3651.10009765625,1066224
2016-02-12,3208.701171875,3549.64990234375,3588.0,3461.0,3570.0,1211696
2016-02-15,3354.779052734375,3711.25,3724.89990234375,3604.39990234375,3605.949951171875,1182286
2016-02-16,3349.310791015625,3705.199951171875,3748.949951171875,3651.199951171875,3725.25,753873
2016-02-17,3389.039306640625,3749.14990234375,3755.0,3661.5,3679.89990234375,652019
2016-02-18,3302.35009765625,3653.25,3796.85009765625,3622.10009765625,3781.25,1243826
2016-02-19,3235.367431640625,3579.14990234375,3640.0,3559.0,3640.0,718677
2016-02-22,3182.622314453125,3520.800048828125,3545.0,3491.550048828125,3539.0,1291463
2016-02-23,3152.430419921875,3487.39990234375,3568.449951171875,3480.0,3530.0,796836
2016-02-24,3154.509765625,3489.699951171875,3530.0,3480.0,3499.949951171875,605914
2016-02-25,3086.21630859375,3414.14990234375,3510.0,3401.0,3509.64990234375,840542
2016-02-26,3081.741455078125,3409.199951171875,3459.10009765625,3375.10009765625,3452.0,831491
2016-02-29,2925.6298828125,3236.5,3434.949951171875,3193.25,3425.0,2218323
2016-03-01,3158.7578125,3494.39990234375,3510.0,3200.89990234375,3200.89990234375,1924803
2016-03-02,3265.650146484375,3612.64990234375,3627.699951171875,3540.050048828125,3542.949951171875,1236996
2016-03-03,3262.034423828125,3608.64990234375,3647.0,3578.0,3625.800048828125,742263
2016-03-04,3213.627685546875,3555.10009765625,3619.0,3526.0,3619.0,610234
2016-03-08,3130.0576171875,3462.64990234375,3598.949951171875,3450.60009765625,3552.949951171875,1100041
2016-03-09,3232.88232421875,3576.39990234375,3600.0,3441.10009765625,3454.85009765625,752948
2016-03-10,3278.802734375,3627.199951171875,3634.699951171875,3573.39990234375,3600.0,1016572
2016-03-11,3291.457763671875,3641.199951171875,3690.0,3616.050048828125,3633.699951171875,1002559
2016-03-14,3297.740478515625,3648.14990234375,3684.0,3627.050048828125,3660.0,483295
2016-03-15,3303.525634765625,3654.550048828125,3679.89990234375,3615.5,3670.0,688839
2016-03-16,3315.09619140625,3667.35009765625,3675.0,3637.5,3650.0,459188
2016-03-17,3286.259521484375,3635.449951171875,3750.0,3620.0,3686.35009765625,710449
2016-03-18,3273.559814453125,3621.39990234375,3649.699951171875,3557.050048828125,3640.0,1073782
2016-03-21,3317.0849609375,3669.550048828125,3678.800048828125,3605.0,3630.10009765625,474712
2016-03-22,3344.20361328125,3699.550048828125,3735.949951171875,3652.0,3669.0,713115
2016-03-23,3377.152099609375,3736.0,3744.0,3666.449951171875,3711.85009765625,586282
2016-03-28,3289.423828125,3638.949951171875,3777.800048828125,3629.949951171875,3759.0,743468
2016-03-29,3371.68310546875,3729.949951171875,3769.0,3645.0,3649.0,686482
2016-03-30,3369.423583984375,3727.449951171875,3749.89990234375,3684.0,3745.0,872340
2016-03-31,3359.344482421875,3716.300048828125,3748.75,3664.0,3739.5,1223191
2016-04-01,3365.58154296875,3723.199951171875,3764.949951171875,3682.0,3700.449951171875,769731
2016-04-04,3329.46875,3683.25,3751.5,3676.0,3735.0,299849
2016-04-05,3213.402099609375,3554.85009765625,3696.89990234375,3536.5,3676.0,826024
2016-04-06,3229.853759765625,3573.050048828125,3607.300048828125,3546.0,3568.0,664480
2016-04-07,3137.60546875,3471.0,3556.5,3450.0,3556.5,1221608
2016-04-08,3101.13134765625,3430.64990234375,3474.0,3418.5,3460.0,1631533
2016-04-11,3144.52099609375,3478.64990234375,3488.0,3423.0,3437.0,970375
2016-04-12,3230.441162109375,3573.699951171875,3609.85009765625,3465.050048828125,3470.199951171875,1404427
2016-04-13,3373.175048828125,3731.60009765625,3745.35009765625,3606.60009765625,3613.0,1107727
2016-04-18,3361.73974609375,3718.949951171875,3750.0,3680.0,3720.800048828125,999621
2016-04-20,3317.536865234375,3670.050048828125,3724.35009765625,3651.0,3724.35009765625,1830988
2016-04-21,3349.40087890625,3705.300048828125,3737.25,3674.0,3695.0,1928958
2016-04-22,3449.51318359375,3816.050048828125,3833.0,3680.10009765625,3703.0,1165761
2016-04-25,3369.87548828125,3727.949951171875,3842.0,3715.14990234375,3806.10009765625,838216
2016-04-26,3499.68212890625,3871.550048828125,3894.0,3691.89990234375,3704.050048828125,2782566
2016-04-27,3488.69921875,3859.39990234375,3932.75,3830.25,3841.10009765625,1388262
2016-04-28,3387.954345703125,3747.949951171875,3854.0,3735.10009765625,3819.0,1821236
2016-04-29,3430.16845703125,3794.64990234375,3820.0,3725.0,3742.0,962848
2016-05-02,3462.891845703125,3830.85009765625,3840.0,3751.60009765625,3799.89990234375,762337
2016-05-03,3453.038330078125,3819.949951171875,3879.0,3795.699951171875,3840.800048828125,795697
2016-05-04,3445.445068359375,3811.550048828125,3844.0,3796.050048828125,3800.0,557609
2016-05-05,3468.315185546875,3836.85009765625,3850.0,3802.0,3825.0,485772
2016-05-06,3452.134765625,3818.949951171875,3835.0,3802.0,3829.949951171875,411877
2016-05-09,3477.03857421875,3846.5,3878.0,3825.0,3830.0,771389
2016-05-10,3475.501953125,3844.800048828125,3897.050048828125,3835.10009765625,3850.5,1094666
2016-05-11,3516.40576171875,3890.050048828125,3898.0,3790.0,3800.0,679706
2016-05-12,3483.9990234375,3854.199951171875,3909.800048828125,3841.5,3884.85009765625,857976
2016-05-13,3476.812255859375,3846.25,3877.89990234375,3828.0,3856.0,435056
2016-05-16,3508.767333984375,3881.60009765625,3895.0,3840.0,3870.0,878812
2016-05-17,3571.230224609375,3950.699951171875,3969.0,3886.25,3891.050048828125,865028
2016-05-18,3538.86865234375,3914.89990234375,3939.0,3805.050048828125,3928.800048828125,1921044
2016-05-19,3549.444580078125,3926.60009765625,3940.0,3881.0,3900.0,679821
2016-05-20,3566.032470703125,3944.949951171875,3959.0,3881.10009765625,3883.800048828125,485214
2016-05-23,3537.91943359375,3913.85009765625,3968.300048828125,3900.0,3964.0,348354
2016-05-24,3547.275146484375,3924.199951171875,3937.949951171875,3893.14990234375,3913.800048828125,283533
2016-05-25,3670.89013671875,4060.949951171875,4072.0,3940.0,3948.0,842663
2016-05-26,3722.460205078125,4118.0,4125.0,4027.199951171875,4064.0,1074664
2016-05-27,3748.3134765625,4146.60009765625,4162.0,4091.050048828125,4114.7001953125,880888
2016-05-30,3680.652587890625,4071.75,4155.2001953125,4054.0,4132.0,555311
2016-05-31,3761.872314453125,4161.60009765625,4180.0,4055.050048828125,4060.0,775477
2016-06-01,3765.262939453125,4165.35009765625,4199.9501953125,4150.0,4170.7001953125,647041
2016-06-02,3784.5166015625,4186.64990234375,4194.9501953125,4124.0,4150.0,411143
2016-06-03,3812.810302734375,4217.9501953125,4235.0,4180.0,4192.14990234375,591630
2016-06-06,3744.155517578125,4142.0,4217.0,4118.0,4216.0,443085
2016-06-07,3738.4150390625,4135.64990234375,4188.9501953125,4118.0,4175.0,471388
2016-06-08,3760.517333984375,4160.10009765625,4169.7998046875,4124.7001953125,4131.0,417715
2016-06-09,3768.69775390625,4169.14990234375,4189.75,4140.0,4152.0498046875,305434
2016-06-10,3716.5849609375,4111.5,4197.0,4100.0,4165.10009765625,464892
2016-06-13,3737.60205078125,4134.75,4150.0,4062.0,4074.0,385639
2016-06-14,3710.25732421875,4104.5,4155.89990234375,4096.0,4145.0,403193
2016-06-15,3805.26220703125,4209.60009765625,4215.0,4112.10009765625,4125.0,510807
2016-06-16,3691.81640625,4084.10009765625,4164.0,4062.0,4160.0,1118517
2016-06-17,3719.296630859375,4114.5,4158.0,4093.449951171875,4115.0,951658
2016-06-20,3736.200927734375,4133.2001953125,4144.7998046875,4065.699951171875,4076.550048828125,667114
2016-06-21,3758.076171875,4157.39990234375,4168.10009765625,4109.0,4146.0,512383
2016-06-22,3752.607666015625,4151.35009765625,4180.5,4125.0498046875,4145.0,417540
2016-06-23,3768.20068359375,4168.60009765625,4175.0,4120.4501953125,4151.89990234375,341093
2016-06-24,3679.1162109375,4070.050048828125,4092.10009765625,3866.60009765625,4053.0,1559787
2016-06-27,3638.48388671875,4025.10009765625,4061.0,4004.10009765625,4061.0,836629
2016-06-28,3686.935546875,4078.699951171875,4081.949951171875,4040.0,4041.10009765625,626447
2016-06-29,3734.437744140625,4131.25,4141.0,4089.199951171875,4100.0,646945
2016-06-30,3785.013916015625,4187.2001953125,4200.0,4145.5498046875,4179.89990234375,770542
2016-07-01,3765.30810546875,4165.39990234375,4214.2001953125,4132.0,4188.60009765625,804652
2016-07-04,3772.900634765625,4173.7998046875,4190.5,4155.75,4171.0,343648
2016-07-05,3772.494384765625,4173.35009765625,4202.0,4150.0,4180.0,282439
2016-07-07,3743.342041015625,4141.10009765625,4189.89990234375,4125.0,4181.10009765625,325843
2016-07-08,3762.053466796875,4161.7998046875,4175.64990234375,4126.0,4142.0,261295
2016-07-11,3861.714111328125,4272.0498046875,4285.89990234375,4189.9501953125,4190.0,518428
2016-07-12,3950.61767578125,4370.39990234375,4382.0,4291.0,4300.0,688921
2016-07-13,3906.32373046875,4321.39990234375,4360.0,4301.0,4350.0,416940
2016-07-14,4002.955322265625,4428.2998046875,4439.0,4326.0,4326.0,637580
2016-07-15,4042.50390625,4472.0498046875,4493.5498046875,4404.5,4450.0,654076
2016-07-18,4026.86572265625,4454.75,4564.39990234375,4432.39990234375,4477.0,684924
2016-07-19,4054.84228515625,4485.7001953125,4499.0,4440.0,4455.2001953125,378788
2016-07-20,4039.88134765625,4469.14990234375,4510.0,4452.0498046875,4471.85009765625,357560
2016-07-21,3989.758056640625,4413.7001953125,4493.0498046875,4405.25,4489.0,252227
2016-07-22,3990.662353515625,4414.7001953125,4449.0,4405.0,4421.0,339886
2016-07-25,4113.46337890625,4550.5498046875,4565.0,4421.0,4427.0,499616
2016-07-26,4041.82568359375,4471.2998046875,4584.0,4451.14990234375,4575.14990234375,1828186
2016-07-27,4120.33447265625,4558.14990234375,4628.0,4510.0,4510.2998046875,1212744
2016-07-28,4305.95947265625,4763.5,4784.0,4570.5498046875,4579.0,1879461
2016-07-29,4300.6259765625,4757.60009765625,4824.0,4720.5498046875,4751.0,799265
2016-08-01,4398.84033203125,4866.25,4885.0,4772.25,4798.9501953125,1206974
2016-08-02,4507.1328125,4986.0498046875,5039.0,4880.0,4900.0,1611134
2016-08-03,4405.71044921875,4873.85009765625,5020.0,4853.14990234375,5014.89990234375,1019631
2016-08-04,4419.9931640625,4889.64990234375,4945.0,4869.35009765625,4945.0,727097
2016-08-05,4466.9970703125,4941.64990234375,4965.0,4900.0,4919.0,598288
2016-08-08,4512.28564453125,4991.75,5010.0,4960.0498046875,4980.0,474502
2016-08-09,4484.35400390625,4960.85009765625,5021.75,4915.39990234375,5009.89990234375,508711
2016-08-10,4394.63623046875,4861.60009765625,4980.0,4850.0,4975.0,512317
2016-08-11,4410.048828125,4878.64990234375,4923.5,4805.0,4862.10009765625,623156
2016-08-12,4428.08349609375,4898.60009765625,4940.0,4847.10009765625,4882.0,686072
2016-08-16,4396.98681640625,4864.2001953125,4948.0,4852.0,4948.0,793106
2016-08-17,4420.17333984375,4889.85009765625,4911.2998046875,4849.10009765625,4860.0,498247
2016-08-18,4443.67626953125,4915.85009765625,4950.0,4901.0,4920.85009765625,479572
2016-08-19,4429.43896484375,4900.10009765625,4933.2001953125,4889.0498046875,4916.0,426426
2016-08-22,4373.07763671875,4837.75,4897.0,4828.0,4896.0,292890
2016-08-23,4369.5078125,4833.7998046875,4855.2001953125,4800.0,4835.0498046875,270869
2016-08-24,4473.23486328125,4948.5498046875,4983.7998046875,4886.4501953125,4890.0,952400
2016-08-25,4459.810546875,4933.7001953125,4982.7998046875,4906.25,4973.7998046875,914319
2016-08-26,4448.2412109375,4920.89990234375,4964.89990234375,4910.10009765625,4934.7998046875,337715
2016-08-29,4454.1162109375,4927.39990234375,4955.0,4920.89990234375,4925.0,299611
2016-08-30,4580.89501953125,5067.64990234375,5103.89990234375,4951.0,4955.0,996156
2016-08-31,4600.01025390625,5053.64990234375,5103.85009765625,5036.2998046875,5063.89990234375,804288
2016-09-01,4606.4736328125,5060.75,5100.0,5019.2998046875,5074.0,870402
2016-09-02,4697.2236328125,5160.4501953125,5188.64990234375,5075.0,5078.0,956049
2016-09-06,4842.1787109375,5319.7001953125,5335.0,5201.0,5201.0,970024
2016-09-07,4857.06103515625,5336.0498046875,5362.0,5290.10009765625,5319.0,734051
2016-09-08,4996.64501953125,5489.39990234375,5499.0,5319.0,5321.0,942300
2016-09-09,4918.0009765625,5403.0,5489.9501953125,5377.0498046875,5489.7001953125,547599
2016-09-12,4850.64404296875,5329.0,5350.0,5251.0,5305.0,795632
2016-09-14,4882.4111328125,5363.89990234375,5384.75,5330.0498046875,5330.0498046875,539702
2016-09-15,4962.966796875,5452.39990234375,5461.0,5349.5498046875,5356.0,704384
2016-09-16,5073.013671875,5573.2998046875,5619.89990234375,5473.0,5473.0,1669960
2016-09-19,4998.9208984375,5491.89990234375,5569.0,5485.0,5569.0,632835
2016-09-20,5019.8115234375,5514.85009765625,5560.0,5498.35009765625,5525.0,423083
2016-09-21,5007.431640625,5501.25,5542.5,5462.10009765625,5526.0,549370
2016-09-22,5094.67822265625,5597.10009765625,5634.10009765625,5564.9501953125,5565.35009765625,526494
2016-09-23,5098.9560546875,5601.7998046875,5630.0,5565.60009765625,5630.0,559592
2016-09-26,5069.00927734375,5568.89990234375,5625.0,5555.5498046875,5586.0,418297
2016-09-27,5016.67041015625,5511.39990234375,5599.9501953125,5500.0,5598.9501953125,427991
2016-09-28,5026.13720703125,5521.7998046875,5555.0,5506.0,5510.60009765625,449876
2016-09-29,4950.40576171875,5438.60009765625,5577.0,5395.0,5575.0,693217
2016-09-30,4985.63134765625,5477.2998046875,5497.5,5382.60009765625,5420.0,646631
2016-10-03,5171.04638671875,5681.0,5720.0,5631.7998046875,5661.0,840940
2016-10-04,5170.13623046875,5680.0,5717.9501953125,5650.0,5715.14990234375,464913
2016-10-05,5178.51025390625,5689.2001953125,5767.0,5673.0,5707.0,644731
2016-10-06,5197.85302734375,5710.4501953125,5745.60009765625,5700.0,5700.0,416860
2016-10-07,5173.59521484375,5683.7998046875,5717.25,5667.2998046875,5709.4501953125,309473
2016-10-10,5199.58251953125,5712.35009765625,5734.39990234375,5695.9501953125,5724.89990234375,205840
2016-10-13,5205.22509765625,5718.5498046875,5752.7998046875,5652.60009765625,5690.0,441169
2016-10-14,5179.6494140625,5690.4501953125,5766.9501953125,5669.10009765625,5760.2001953125,352350
2016-10-17,5096.498046875,5599.10009765625,5699.0,5574.60009765625,5699.0,400595
2016-10-18,5121.62158203125,5626.7001953125,5645.35009765625,5580.10009765625,5621.0,487798
2016-10-19,5101.50439453125,5604.60009765625,5647.89990234375,5593.0498046875,5633.7001953125,384608
2016-10-20,5137.82373046875,5644.5,5683.5,5615.0,5615.0,311728
2016-10-21,5143.01123046875,5650.2001953125,5670.0,5616.0,5650.5,224567
2016-10-24,5200.9931640625,5713.89990234375,5748.0,5666.0,5666.0,412403
2016-10-25,5262.47998046875,5781.4501953125,5799.0,5725.64990234375,5734.0,339506
2016-10-26,5342.26220703125,5869.10009765625,5898.0,5785.0,5796.60009765625,590811
2016-10-27,5334.115234375,5860.14990234375,5948.0,5789.10009765625,5897.0,1864862
2016-10-28,5348.6787109375,5876.14990234375,5928.5498046875,5865.75,5922.0,935542
2016-11-01,5350.45361328125,5878.10009765625,5974.0,5855.2001953125,5919.0,1163831
2016-11-02,5274.44873046875,5794.60009765625,5864.89990234375,5785.0,5805.0,522312
2016-11-03,5284.41650390625,5805.5498046875,5859.89990234375,5780.0,5799.89990234375,585730
2016-11-04,5192.755859375,5704.85009765625,5789.0,5667.2998046875,5789.0,679821
2016-11-07,5202.85986328125,5715.9501953125,5784.85009765625,5708.0,5763.0,532212
2016-11-08,5160.1240234375,5669.0,5731.0,5581.5,5727.7998046875,684050
2016-11-09,4908.85400390625,5392.9501953125,5553.0,5305.0,5305.0,1299603
2016-11-10,4850.1884765625,5328.5,5517.25,5305.0,5505.5,942971
2016-11-11,4673.37548828125,5134.25,5292.9501953125,5103.0,5290.0,1058491
2016-11-15,4411.5458984375,4846.60009765625,5119.0498046875,4806.39990234375,5101.89990234375,2793900
2016-11-16,4542.80126953125,4990.7998046875,5009.39990234375,4901.5498046875,4924.0,1952224
2016-11-17,4483.4091796875,4925.5498046875,5048.0,4916.2998046875,5030.0,668715
2016-11-18,4506.4833984375,4950.89990234375,4989.89990234375,4887.89990234375,4935.0,699355
2016-11-21,4357.7060546875,4787.4501953125,4990.0,4765.2998046875,4990.0,864696
2016-11-22,4491.60107421875,4934.5498046875,4956.0,4825.5498046875,4830.0,845997
2016-11-23,4442.7216796875,4880.85009765625,4945.0,4860.0,4945.0,757744
2016-11-24,4396.57275390625,4830.14990234375,4883.89990234375,4804.0,4862.0,550368
2016-11-25,4436.12255859375,4873.60009765625,4905.0,4792.4501953125,4849.0,669501
2016-11-28,4454.4638671875,4893.75,4913.0,4833.0,4866.0,1387068
2016-11-29,4631.4130859375,5088.14990234375,5119.0,4896.0,4898.0,874897
2016-11-30,4793.298828125,5266.0,5282.0,5100.10009765625,5110.5498046875,1270618
2016-12-01,4780.64697265625,5252.10009765625,5307.5,5204.25,5266.0,1221883
2016-12-02,4613.16357421875,5068.10009765625,5236.2001953125,5046.0,5220.0,772281
2016-12-05,4735.90869140625,5202.9501953125,5219.89990234375,5055.0,5063.89990234375,578935
2016-12-06,4674.240234375,5135.2001953125,5261.0,5118.0498046875,5220.0,646660
2016-12-07,4657.35546875,5116.64990234375,5209.75,5035.0498046875,5150.9501953125,590462
2016-12-08,4764.7177734375,5234.60009765625,5269.89990234375,5170.0,5172.0,845955
2016-12-09,4765.08203125,5235.0,5312.5,5201.2001953125,5290.0,562518
2016-12-12,4682.6142578125,5144.39990234375,5228.0,5120.0498046875,5228.0,357439
2016-12-13,4699.6806640625,5163.14990234375,5207.0,5134.0498046875,5178.75,484291
2016-12-14,4679.56494140625,5141.0498046875,5214.75,5130.2001953125,5179.9501953125,371699
2016-12-15,4689.5771484375,5152.0498046875,5197.0,5080.0,5099.9501953125,457317
2016-12-16,4722.892578125,5188.64990234375,5207.0,5151.2001953125,5174.5,1170505
2016-12-19,4655.89794921875,5115.0498046875,5195.4501953125,5104.0498046875,5175.0,369118
2016-12-20,4649.48095703125,5108.0,5147.5,5072.0,5135.89990234375,377676
2016-12-21,4676.65185546875,5137.85009765625,5160.0,5073.5498046875,5119.39990234375,413072
2016-12-22,4628.0,5084.39990234375,5144.0,5053.0,5144.0,399573
2016-12-23,4730.62939453125,5197.14990234375,5214.0,5041.0,5050.0,589006
2016-12-26,4703.50390625,5167.35009765625,5257.7998046875,5151.10009765625,5179.0,510998
2016-12-27,4755.0693359375,5224.0,5237.39990234375,5117.2001953125,5185.0,486703
2016-12-28,4761.6689453125,5231.25,5278.0,5219.4501953125,5250.0,595514
2016-12-29,4837.71826171875,5314.7998046875,5349.0,5217.2001953125,5217.2001953125,655325
2016-12-30,4842.0419921875,5319.5498046875,5377.89990234375,5303.0,5347.0,559886
2017-01-02,4975.345703125,5466.0,5474.2001953125,5267.7998046875,5320.0498046875,651321
2017-01-03,5013.9404296875,5508.39990234375,5524.2001953125,5432.60009765625,5466.0,631753
2017-01-04,5008.25146484375,5502.14990234375,5554.7001953125,5494.0,5530.0,679443
2017-01-05,5129.130859375,5634.9501953125,5649.89990234375,5525.10009765625,5525.10009765625,744210
2017-01-06,5111.47119140625,5615.5498046875,5657.2998046875,5597.0,5650.0,544695
2017-01-09,5150.56640625,5658.5,5680.0,5610.60009765625,5644.7998046875,345094
2017-01-10,5165.44873046875,5674.85009765625,5693.7001953125,5641.0,5680.0,410444
2017-01-11,5245.09375,5762.35009765625,5772.89990234375,5691.0,5691.0,539326
2017-01-12,5258.7470703125,5777.35009765625,5795.0,5742.0,5770.0,421634
2017-01-13,5187.8857421875,5699.5,5794.0,5683.64990234375,5792.0,1086873
2017-01-16,5167.31396484375,5676.89990234375,5725.2001953125,5661.0,5697.9501953125,290142
2017-01-17,5160.48828125,5669.39990234375,5718.89990234375,5657.0498046875,5690.0,343048
2017-01-18,5174.1865234375,5684.4501953125,5719.0,5665.0,5685.0,308483
2017-01-19,5205.0439453125,5718.35009765625,5728.0,5675.0,5675.0,239027
2017-01-20,5160.0791015625,5668.9501953125,5749.0,5642.0,5717.0,444280
2017-01-23,5188.34130859375,5700.0,5712.75,5643.7998046875,5668.9501953125,297515
2017-01-24,5222.20166015625,5737.2001953125,5745.75,5688.9501953125,5704.0,301613
2017-01-25,5281.685546875,5802.5498046875,5834.0,5708.0498046875,5763.89990234375,1148793
2017-01-27,5384.8603515625,5915.89990234375,5927.7001953125,5825.0498046875,5842.0,576906
2017-01-30,5365.791015625,5894.9501953125,5939.0,5885.0,5916.0,323448
2017-01-31,5365.154296875,5894.25,5934.89990234375,5875.5,5889.0,374637
2017-02-01,5624.52587890625,6179.2001953125,6203.5,5886.0,5900.0,1212008
2017-02-02,5592.80419921875,6144.35009765625,6218.35009765625,6130.0,6170.0,745214
2017-02-03,5566.498046875,6115.4501953125,6156.64990234375,6096.5498046875,6147.89990234375,304078
2017-02-06,5597.67431640625,6149.7001953125,6187.0,6125.0,6157.0,322223
2017-02-07,5655.47412109375,6213.2001953125,6231.5,6144.0,6166.0,456427
2017-02-08,5638.5888671875,6194.64990234375,6233.89990234375,6165.14990234375,6219.7001953125,410369
2017-02-09,5604.40966796875,6157.10009765625,6204.0,6111.60009765625,6195.5,511610
2017-02-10,5563.5859375,6112.25,6173.75,6096.39990234375,6170.0,284471
2017-02-13,5481.43701171875,6022.0,6139.89990234375,6002.0,6092.0,404675
2017-02-14,5406.6611328125,5939.85009765625,6045.0,5928.10009765625,6045.0,439745
2017-02-15,5336.4365234375,5862.7001953125,5961.7998046875,5842.2001953125,5950.0,609791
2017-02-16,5483.75732421875,6024.5498046875,6037.9501953125,5860.0,5860.0,576390
2017-02-17,5452.0810546875,5989.75,6055.85009765625,5955.0498046875,6038.0,326378
2017-02-20,5546.19970703125,6093.14990234375,6120.75,5912.2998046875,5989.75,504439
2017-02-21,5518.89208984375,6063.14990234375,6090.64990234375,6043.0,6071.10009765625,287864
2017-02-22,5533.912109375,6079.64990234375,6116.14990234375,6040.0,6073.0,431264
2017-02-23,5489.6298828125,6031.0,6092.10009765625,6015.0498046875,6090.0,461009
2017-02-27,5417.2646484375,5951.5,6050.9501953125,5940.0,6005.0,394395
2017-02-28,5390.8681640625,5922.5,6000.0,5914.7998046875,5946.2998046875,558820
2017-03-01,5388.228515625,5919.60009765625,5998.7998046875,5885.14990234375,5960.0,559896
2017-03-02,5387.455078125,5918.75,5998.7998046875,5900.25,5951.0,473769
2017-03-03,5359.23779296875,5887.75,5928.9501953125,5875.0,5924.0,362057
2017-03-06,5402.10986328125,5934.85009765625,5974.7998046875,5912.0,5925.5,361209
2017-03-07,5359.919921875,5888.5,5954.0,5881.0,5931.0,373103
2017-03-08,5337.75537109375,5864.14990234375,5904.89990234375,5800.0,5895.0,639968
2017-03-09,5429.0068359375,5964.39990234375,5975.0,5864.14990234375,5884.0,598391
2017-03-10,5420.9970703125,5955.60009765625,6008.39990234375,5936.0498046875,5997.0,443986
2017-03-14,5581.9267578125,6132.39990234375,6144.39990234375,6010.0,6060.0,875005
2017-03-15,5586.4326171875,6137.35009765625,6168.7998046875,6092.5,6115.0,384040
2017-03-16,5602.90771484375,6155.4501953125,6186.2998046875,6131.7001953125,6159.60009765625,252721
2017-03-17,5636.72314453125,6192.60009765625,6226.7998046875,6150.0,6165.0,1048024
2017-03-20,5606.04833984375,6158.89990234375,6220.0,6151.10009765625,6220.0,207710
2017-03-21,5530.8623046875,6076.2998046875,6200.5498046875,6051.85009765625,6164.75,532134
2017-03-22,5466.6904296875,6005.7998046875,6053.39990234375,5977.39990234375,6046.39990234375,462793
2017-03-23,5493.08837890625,6034.7998046875,6069.0,6015.89990234375,6015.89990234375,447530
2017-03-24,5465.6435546875,6004.64990234375,6047.0,5992.10009765625,6047.0,573292
2017-03-27,5448.486328125,5985.7998046875,6020.0,5965.64990234375,5977.0,340512
2017-03-28,5437.97265625,5974.25,6049.0,5962.5498046875,5971.2001953125,505962
2017-03-29,5410.5751953125,5944.14990234375,6008.89990234375,5929.35009765625,6008.89990234375,494597
2017-03-30,5421.9072265625,5956.60009765625,6000.89990234375,5935.0498046875,5965.0,898999
2017-03-31,5475.70166015625,6015.7001953125,6041.0,5940.10009765625,5952.0,501939
2017-04-03,5526.94873046875,6072.0,6095.0,6030.0,6095.0,378716
2017-04-05,5773.0771484375,6342.39990234375,6359.0,6071.0498046875,6110.0,1076674
2017-04-06,5726.8818359375,6291.64990234375,6336.0,6260.0,6335.0,505863
2017-04-07,5697.48095703125,6259.35009765625,6336.0,6236.0498046875,6250.0,467235
2017-04-10,5706.1279296875,6268.85009765625,6307.7998046875,6245.0498046875,6282.0,318486
2017-04-11,5686.9677734375,6247.7998046875,6305.0,6230.0,6274.7998046875,373105
2017-04-12,5602.04296875,6154.5,6263.89990234375,6126.7001953125,6263.89990234375,415372
2017-04-13,5532.36474609375,6077.9501953125,6175.0,6066.89990234375,6155.0,386820
2017-04-17,5566.58935546875,6115.5498046875,6137.5,6021.0,6070.60009765625,342286
2017-04-18,5586.25048828125,6137.14990234375,6234.35009765625,6120.0,6120.0,453391
2017-04-19,5640.6826171875,6196.9501953125,6222.35009765625,6113.7998046875,6131.89990234375,366504
2017-04-20,5710.36083984375,6273.5,6303.14990234375,6188.0,6200.0,466934
2017-04-21,5630.533203125,6185.7998046875,6295.0498046875,6177.0,6283.89990234375,294827
2017-04-24,5751.1845703125,6318.35009765625,6335.0,6200.0,6223.2001953125,426893
2017-04-25,5768.34326171875,6337.2001953125,6350.0,6282.5,6327.7001953125,384281
2017-04-26,5831.240234375,6406.2998046875,6424.75,6311.0,6335.0,540500
2017-04-27,5801.8837890625,6374.0498046875,6450.0,6320.35009765625,6439.0,1087684
2017-04-28,5939.14794921875,6524.85009765625,6589.7998046875,6390.5498046875,6410.0,949573
2017-05-02,6103.58251953125,6705.5,6730.0,6618.0,6676.0,888539
2017-05-03,6047.60302734375,6644.0,6714.9501953125,6631.10009765625,6714.7998046875,370021
2017-05-04,6043.77978515625,6639.7998046875,6686.9501953125,6626.0,6662.0,372533
2017-05-05,6056.84228515625,6654.14990234375,6676.39990234375,6602.0,6625.5498046875,337498
2017-05-08,6035.3603515625,6630.5498046875,6703.64990234375,6612.5498046875,6688.0,208481
2017-05-09,6034.22265625,6629.2998046875,6666.0,6615.0,6666.0,215203
2017-05-10,6132.93798828125,6737.75,6754.0,6635.89990234375,6645.0,295859
2017-05-11,6155.46630859375,6762.5,6789.39990234375,6711.10009765625,6749.0,259056
2017-05-12,6126.0654296875,6730.2001953125,6798.0,6691.0,6798.0,256491
2017-05-15,6211.35400390625,6823.89990234375,6839.10009765625,6733.4501953125,6759.39990234375,336356
2017-05-16,6329.7314453125,6953.9501953125,6977.5498046875,6830.0,6850.0,707624
2017-05-17,6333.599609375,6958.2001953125,6979.0,6885.85009765625,6950.0,445461
2017-05-18,6217.86181640625,6831.0498046875,6948.0,6814.4501953125,6918.2998046875,406814
2017-05-19,6180.998046875,6790.5498046875,6893.89990234375,6691.5498046875,6854.7998046875,552223
2017-05-22,6100.12353515625,6701.7001953125,6843.9501953125,6689.25,6803.9501953125,327493
2017-05-23,6261.3720703125,6878.85009765625,6910.0,6743.64990234375,6765.0,956457
2017-05-24,6252.9970703125,6869.64990234375,6912.5498046875,6813.0,6903.0,433647
2017-05-25,6358.630859375,6985.7001953125,7018.0,6835.0,6879.9501953125,435721
2017-05-26,6430.6298828125,7064.7998046875,7085.0498046875,6936.2001953125,6971.14990234375,373937
2017-05-29,6494.0283203125,7134.4501953125,7197.7998046875,7025.5498046875,7050.0,427378
2017-05-30,6505.90576171875,7147.5,7206.60009765625,7084.14990234375,7134.4501953125,403698
2017-05-31,6563.7060546875,7211.0,7248.0,7134.9501953125,7138.0,650259
2017-06-01,6505.08740234375,7146.60009765625,7245.0,7110.10009765625,7242.0,649217
2017-06-02,6476.05126953125,7114.7001953125,7187.7001953125,7100.0,7182.0,310268
2017-06-05,6486.0634765625,7125.7001953125,7161.89990234375,7091.10009765625,7139.7998046875,296147
2017-06-06,6473.68408203125,7112.10009765625,7154.2998046875,7085.0498046875,7134.0,324579
2017-06-07,6558.88232421875,7205.7001953125,7225.0,7107.60009765625,7135.0,518152
2017-06-08,6598.75048828125,7249.5,7274.9501953125,7198.0,7199.0,426525
2017-06-09,6794.76953125,7464.85009765625,7480.89990234375,7230.0,7271.0,1122640
2017-06-12,6711.75634765625,7373.64990234375,7450.0,7355.5,7445.0,454342
2017-06-13,6689.2734375,7348.9501953125,7455.0,7335.0,7394.60009765625,607567
2017-06-14,6691.18408203125,7351.0498046875,7392.4501953125,7331.85009765625,7343.0,277472
2017-06-15,6655.91259765625,7312.2998046875,7393.0,7272.14990234375,7348.35009765625,388150
2017-06-16,6611.85693359375,7263.89990234375,7360.0498046875,7250.0,7332.0,547028
2017-06-19,6598.52294921875,7249.25,7322.14990234375,7235.0,7314.0,372747
2017-06-20,6560.29296875,7207.25,7283.64990234375,7190.2998046875,7265.0,757716
2017-06-21,6615.77197265625,7268.2001953125,7284.5,7153.2998046875,7220.0,460423
2017-06-22,6659.37255859375,7316.10009765625,7352.0,7288.0,7291.0,436033
2017-06-23,6571.125,7219.14990234375,7331.64990234375,7205.0,7321.25,355854
2017-06-27,6538.5390625,7183.35009765625,7267.2001953125,7155.10009765625,7239.5,365667
2017-06-28,6576.4951171875,7225.0498046875,7324.0,7205.0,7213.9501953125,637214
2017-06-29,6575.85791015625,7224.35009765625,7290.0,7205.0,7254.89990234375,543979
2017-06-30,6569.71435546875,7217.60009765625,7233.60009765625,7157.14990234375,7214.7998046875,367886
2017-07-03,6693.86962890625,7354.0,7365.0,7211.2001953125,7238.89990234375,556846
2017-07-04,6714.03125,7376.14990234375,7415.0498046875,7340.0,7386.0,428293
2017-07-05,6715.39697265625,7377.64990234375,7394.0,7332.0,7374.75,273869
2017-07-06,6803.1435546875,7474.0498046875,7498.0,7376.2001953125,7377.64990234375,416512
2017-07-07,6765.59716796875,7432.7998046875,7474.0498046875,7420.0,7470.0,339803
2017-07-10,6763.4580078125,7430.4501953125,7500.0,6700.0,7458.7998046875,47033
2017-07-11,6787.6240234375,7457.0,7495.0,7400.0,7473.89990234375,423681
2017-07-12,6805.51025390625,7476.64990234375,7485.0,7435.10009765625,7485.0,233096
2017-07-13,6888.24951171875,7567.5498046875,7574.5,7465.14990234375,7490.0,472029
2017-07-14,6878.87646484375,7557.25,7588.9501953125,7520.0,7574.9501953125,267450
2017-07-17,6847.06201171875,7522.2998046875,7578.0,7504.2998046875,7571.9501953125,289180
2017-07-18,6871.68505859375,7549.35009765625,7591.5,7515.0,7525.0,387214
2017-07-19,6882.744140625,7561.5,7584.0,7535.0,7564.25,223986
2017-07-20,6818.5263671875,7490.9501953125,7584.5,7480.0498046875,7580.0,290547
2017-07-21,6865.90478515625,7543.0,7549.89990234375,7445.0,7500.0,434483
2017-07-24,6876.4169921875,7554.5498046875,7569.0,7495.0,7554.0,357195
2017-07-25,6831.1796875,7504.85009765625,7573.0,7493.5498046875,7573.0,323585
2017-07-26,6886.1572265625,7565.25,7595.0,7504.0,7539.0,377790
2017-07-27,6917.423828125,7599.60009765625,7683.39990234375,7536.0,7615.0,1148259
2017-07-28,6945.5048828125,7630.4501953125,7673.60009765625,7584.0,7617.0,459181
2017-07-31,7054.3681640625,7750.0498046875,7765.0,7651.0,7664.0,505371
2017-08-01,7150.89892578125,7856.10009765625,7920.0,7725.0,7759.89990234375,1096934
2017-08-02,7095.73876953125,7795.5,7880.0,7775.0,7878.89990234375,414448
2017-08-03,7042.8544921875,7737.39990234375,7829.0,7711.0,7794.0,287116
2017-08-04,7072.80078125,7770.2998046875,7804.89990234375,7740.0,7750.0,325021
2017-08-07,7135.01513671875,7838.64990234375,7892.35009765625,7771.0,7779.5,327318
2017-08-08,7059.693359375,7755.89990234375,7885.0,7736.89990234375,7849.0,319951
2017-08-09,6973.85888671875,7661.60009765625,7795.0,7639.10009765625,7759.0,285089
2017-08-10,6898.4462890625,7578.75,7640.0,7538.89990234375,7637.35009765625,385730
2017-08-11,6787.98828125,7457.39990234375,7533.7998046875,7380.0,7501.89990234375,676390
2017-08-14,6925.47998046875,7608.4501953125,7647.0,7515.0,7516.0,328598
2017-08-16,7009.8583984375,7701.14990234375,7720.10009765625,7585.0498046875,7649.10009765625,488766
2017-08-17,6901.8134765625,7582.4501953125,7708.85009765625,7565.0,7701.0,321296
2017-08-18,6916.69482421875,7598.7998046875,7624.0,7531.35009765625,7551.0,332924
2017-08-21,6828.494140625,7501.89990234375,7658.0498046875,7490.0,7629.0,277519
2017-08-22,6823.21435546875,7496.10009765625,7567.5,7475.10009765625,7540.0,278131
2017-08-23,6893.25634765625,7573.0498046875,7590.0,7501.0,7548.0,258051
2017-08-24,6998.79736328125,7612.85009765625,7635.0,7483.60009765625,7536.0,436912
2017-08-28,6967.677734375,7579.0,7649.0,7568.0498046875,7649.0,391028
2017-08-29,6914.81640625,7521.5,7575.5498046875,7495.0498046875,7565.0,368309
2017-08-30,6947.86572265625,7557.4501953125,7639.35009765625,7532.5,7603.0,471048
2017-08-31,7079.193359375,7700.2998046875,7720.39990234375,7532.0,7564.89990234375,586954
2017-09-01,7182.15966796875,7812.2998046875,7834.89990234375,7730.0,7747.5,627407
2017-09-04,7190.61767578125,7821.5,7876.0,7756.75,7840.0,362724
2017-09-05,7186.66455078125,7817.2001953125,7855.9501953125,7801.0,7843.0,182518
2017-09-06,7213.73828125,7846.64990234375,7904.0,7770.0,7800.0,340420
2017-09-07,7280.4375,7919.2001953125,7949.0,7858.5,7888.0,389478
2017-09-08,7327.8291015625,7970.75,7979.75,7892.0,7940.4501953125,341309
2017-09-11,7485.63427734375,8142.39990234375,8168.0,8000.0,8000.0,547463
2017-09-12,7496.7587890625,8154.5,8192.0,8116.0,8192.0,387447
2017-09-13,7467.4306640625,8122.60009765625,8200.0,8100.14990234375,8161.89990234375,371832
2017-09-14,7419.30322265625,8070.25,8164.9501953125,8042.0498046875,8139.9501953125,293890
2017-09-15,7446.423828125,8099.75,8119.10009765625,8043.5,8076.9501953125,400099
2017-09-18,7499.837890625,8157.85009765625,8185.0,8130.7001953125,8130.7001953125,219992
2017-09-19,7475.79638671875,8131.7001953125,8184.9501953125,8124.4501953125,8178.0,245577
2017-09-20,7465.17822265625,8120.14990234375,8164.39990234375,8109.10009765625,8164.39990234375,185837
2017-09-21,7487.978515625,8144.9501953125,8170.89990234375,8075.10009765625,8101.0,258168
2017-09-22,7417.4189453125,8068.2001953125,8175.5,8050.0,8145.0,366359
2017-09-25,7322.49755859375,7964.9501953125,8089.0,7855.0498046875,8074.0,626129
2017-09-26,7253.5009765625,7889.89990234375,7980.0498046875,7869.10009765625,7980.0,440508
2017-09-27,7115.64599609375,7739.9501953125,7978.0,7715.0,7949.0,564788
2017-09-28,7260.349609375,7897.35009765625,7920.0,7651.0,7735.10009765625,768225
2017-09-29,7334.67822265625,7978.2001953125,8007.7998046875,7925.0,7960.0,486217
2017-10-03,7252.029296875,7888.2998046875,8069.0498046875,7855.0,8055.35009765625,516298
2017-10-04,7214.2451171875,7847.2001953125,7933.89990234375,7830.60009765625,7894.0,301347
2017-10-05,7199.396484375,7831.0498046875,7901.0,7807.2001953125,7836.0,272177
2017-10-06,7265.72802734375,7903.2001953125,7919.0,7845.0498046875,7864.9501953125,440453
2017-10-09,7259.75341796875,7896.7001953125,7957.0,7866.7001953125,7909.0,261839
2017-10-10,7256.994140625,7893.7001953125,7934.89990234375,7885.2998046875,7890.5,224485
2017-10-11,7193.97314453125,7825.14990234375,7898.85009765625,7801.0,7892.0,644166
2017-10-12,7266.69287109375,7904.25,7918.0,7830.0,7845.0,396436
2017-10-13,7239.02001953125,7874.14990234375,7940.0,7860.0498046875,7900.0,328108
2017-10-16,7209.4638671875,7842.0,7935.0,7814.0,7900.0,502632
2017-10-17,7206.61328125,7838.89990234375,7902.2998046875,7830.89990234375,7851.0,304861
2017-10-18,7156.18896484375,7784.0498046875,7873.0498046875,7748.2001953125,7859.0,489207
2017-10-19,7107.50927734375,7731.10009765625,7803.0,7690.0,7803.0,115449
2017-10-23,7187.85986328125,7818.5,7860.0,7714.0,7748.7998046875,471496
2017-10-24,7239.80224609375,7875.0,7932.2001953125,7841.60009765625,7865.2998046875,354257
2017-10-25,7235.3896484375,7870.2001953125,7945.0,7810.2998046875,7930.0,254379
2017-10-26,7417.2802734375,8068.0498046875,8086.0,7866.2001953125,7900.0,684763
2017-10-27,7459.9384765625,8114.4501953125,8240.0,8062.60009765625,8123.9501953125,1201080
2017-10-30,7534.22119140625,8195.25,8279.0,8163.2998046875,8200.0,726605
2017-10-31,7548.9296875,8211.25,8226.5,8167.2001953125,8195.0,318652
2017-11-01,7573.8916015625,8238.400390625,8256.4501953125,8160.0,8251.0,631375
2017-11-02,7562.30615234375,8225.7998046875,8273.9501953125,8201.0,8250.0,247753
2017-11-03,7556.42333984375,8219.400390625,8242.900390625,8175.0,8235.0,288916
2017-11-06,7639.8994140625,8310.2001953125,8370.5498046875,8199.349609375,8209.5,392588
2017-11-07,7557.25,8220.2998046875,8348.0,8210.0,8348.0,348296
2017-11-08,7568.0068359375,8232.0,8285.0498046875,8204.900390625,8218.0,199176
2017-11-09,7543.00048828125,8204.7998046875,8273.7001953125,8148.7001953125,8273.7001953125,442672
2017-11-10,7523.41845703125,8183.5,8234.900390625,8111.0498046875,8198.7998046875,351694
2017-11-13,7455.1123046875,8109.2001953125,8219.0498046875,8080.0,8185.0,181361
2017-11-14,7467.7529296875,8122.9501953125,8186.0,8109.0,8129.0,237427
2017-11-15,7471.70556640625,8127.25,8180.0,8087.0,8100.0,275441
2017-11-16,7505.216796875,8163.7001953125,8234.849609375,8129.25,8130.0,321844
2017-11-17,7674.9716796875,8348.349609375,8362.4501953125,8218.0,8218.0,419255
2017-11-20,7746.037109375,8425.650390625,8449.0,8350.0,8377.0,372037
2017-11-21,7745.2548828125,8424.7998046875,8449.4501953125,8401.0,8446.0,255180
2017-11-22,7826.47998046875,8513.150390625,8525.0,8444.0,8448.0,383442
2017-11-23,7780.74267578125,8463.400390625,8519.0,8443.5,8512.0,289808
2017-11-24,7803.3125,8487.9501953125,8540.0,8463.400390625,8463.400390625,343432
2017-11-27,7822.2958984375,8508.599609375,8524.2001953125,8445.0,8486.0,172254
2017-11-28,7928.52587890625,8624.150390625,8658.0,8476.0498046875,8490.599609375,456041
2017-11-29,7971.91796875,8671.349609375,8696.0,8576.0,8649.0,382984
2017-11-30,7905.49462890625,8599.099609375,8676.0,8575.0,8650.0,582023
2017-12-01,7914.59765625,8609.0,8695.0,8593.0,8660.0,436589
2017-12-04,7815.125,8500.7998046875,8659.9501953125,8480.5498046875,8659.75,242191
2017-12-05,7814.75927734375,8500.400390625,8554.9501953125,8476.5,8519.9501953125,213998
2017-12-06,7917.724609375,8612.400390625,8638.75,8450.0498046875,8494.0,420876
2017-12-07,8165.947265625,8882.400390625,8988.25,8614.5498046875,8615.900390625,834850
2017-12-08,8312.9033203125,9042.25,9119.0,8899.0,8929.7998046875,1006694
2017-12-11,8397.0673828125,9133.7998046875,9167.0,9089.75,9108.0,564023
2017-12-12,8394.814453125,9131.349609375,9218.5,9100.0,9150.0,491488
2017-12-13,8384.9775390625,9120.650390625,9176.0,9075.0,9091.0,446829
2017-12-14,8377.71484375,9112.75,9146.7998046875,9046.0,9127.0,655484
2017-12-15,8426.5791015625,9165.900390625,9236.2998046875,9147.2998046875,9170.0,620495
2017-12-18,8558.2275390625,9309.099609375,9344.0,8990.150390625,9110.0,658668
2017-12-19,9010.91015625,9801.5,9858.0,9326.0,9345.0,1275759
2017-12-20,8948.7646484375,9733.900390625,9996.400390625,9700.25,9966.0,1216280
2017-12-21,8854.208984375,9631.0498046875,9817.400390625,9610.0498046875,9788.0,849633
2017-12-22,8917.5966796875,9700.0,9824.7998046875,9605.0,9665.0,814330
2017-12-26,8898.291015625,9679.0,9765.0,9616.2001953125,9741.0,542587
2017-12-27,8866.2060546875,9644.099609375,9750.7001953125,9629.099609375,9694.0,402886
2017-12-28,8852.5087890625,9629.2001953125,9693.5,9615.7998046875,9693.5,659995
2017-12-29,8944.763671875,9729.5498046875,9769.0,9650.0,9659.0,471554
2018-01-01,8873.3779296875,9651.900390625,9789.0,9629.7998046875,9749.0,426354
2018-01-02,8783.4208984375,9554.0498046875,9718.599609375,9525.0,9699.0,451227
2018-01-03,8657.056640625,9416.599609375,9598.0,9402.0,9597.0,658281
2018-01-04,8629.1552734375,9386.25,9488.0,9367.2001953125,9450.0,562919
2018-01-05,8672.9169921875,9433.849609375,9532.0,9412.5498046875,9458.0,732512
2018-01-08,8686.796875,9448.9501953125,9495.0,9425.0,9488.0,294549
2018-01-09,8626.673828125,9383.5498046875,9491.4501953125,9361.0,9464.7998046875,427590
2018-01-10,8619.5947265625,9375.849609375,9454.849609375,9315.900390625,9387.7998046875,394826
2018-01-11,8586.451171875,9339.7998046875,9430.0,9326.0,9410.0,368996
2018-01-12,8696.1748046875,9459.150390625,9494.75,9355.099609375,9387.0,685141
2018-01-15,8603.59765625,9358.4501953125,9508.5498046875,9340.0,9499.9501953125,385462
2018-01-16,8570.1328125,9322.0498046875,9408.650390625,9300.0,9371.0,364816
2018-01-17,8562.640625,9313.900390625,9368.7998046875,9256.0,9316.0,390461
2018-01-18,8613.021484375,9368.7001953125,9518.900390625,9332.0,9350.0,686971
2018-01-19,8571.880859375,9323.9501953125,9396.0,9282.0,9325.0,542339
2018-01-22,8559.146484375,9310.099609375,9356.75,9271.599609375,9349.0,454188
2018-01-23,8635.728515625,9393.400390625,9429.2998046875,9290.0,9347.0,561948
2018-01-24,8673.927734375,9434.9501953125,9519.9501953125,9340.4501953125,9419.0,568489
2018-01-25,8529.8212890625,9278.2001953125,9485.0,9250.0,9485.0,705224
2018-01-29,8853.8876953125,9630.7001953125,9714.0,9461.0,9481.0,1546624
2018-01-30,8799.509765625,9571.5498046875,9675.5,9550.0,9620.0,573988
2018-01-31,8742.646484375,9509.7001953125,9585.0,9458.900390625,9558.0498046875,462650
2018-02-01,8643.4951171875,9401.849609375,9563.7001953125,9312.0,9545.0,550971
2018-02-02,8265.41796875,8990.599609375,9359.0,8940.0,9359.0,984189
2018-02-05,8348.158203125,9080.599609375,9120.0,8688.0,8850.150390625,651062
2018-02-06,8259.9033203125,8984.599609375,9113.5,8661.599609375,8700.0,840339
2018-02-07,8202.1669921875,8921.7998046875,9170.0,8873.0,9170.0,509440
2018-02-08,8302.283203125,9030.7001953125,9060.0,8915.0,8988.900390625,465683
2018-02-09,8215.314453125,8936.099609375,8986.5498046875,8870.0,8906.0,364892
2018-02-12,8382.404296875,9117.849609375,9150.0,8960.0,8960.0,408523
2018-02-14,8275.529296875,9001.599609375,9157.5,8986.0,9149.900390625,357737
2018-02-15,8292.67578125,9020.25,9090.0,9001.0,9049.0,250781
2018-02-16,8124.1611328125,8836.9501953125,9070.0,8806.849609375,9039.900390625,632659
2018-02-19,8021.103515625,8724.849609375,8865.849609375,8691.650390625,8856.0,436138
2018-02-20,8019.08203125,8722.650390625,8768.9501953125,8650.0,8745.0,517802
2018-02-21,8074.3330078125,8782.75,8795.0,8708.2001953125,8771.0,471756
2018-02-22,7937.6279296875,8634.0498046875,8769.0,8601.5,8769.0,638857
2018-02-23,7997.15576171875,8698.7998046875,8738.9501953125,8655.0498046875,8665.0,567960
2018-02-26,8278.978515625,9005.349609375,9055.0,8750.0498046875,8758.0,869374
2018-02-27,8174.03515625,8891.2001953125,9114.9501953125,8872.599609375,9093.0,684609
2018-02-28,8137.0322265625,8850.9501953125,8934.0,8772.0,8870.0,680125
2018-03-01,8157.71728515625,8873.4501953125,8936.0498046875,8811.349609375,8874.0,609369
2018-03-05,8085.68701171875,8795.099609375,8867.0,8775.0,8867.0,388180
2018-03-06,7921.49267578125,8616.5,8885.0,8600.0,8855.5498046875,543686
2018-03-07,7979.04296875,8679.099609375,8713.849609375,8552.0,8621.7998046875,598715
2018-03-08,8025.23974609375,8729.349609375,8775.0,8651.0,8700.2001953125,533856
2018-03-09,7962.03515625,8660.599609375,8774.0,8650.0,8760.0,323450
2018-03-12,8099.66064453125,8810.2998046875,8826.7998046875,8681.099609375,8719.0,438339
2018-03-13,8049.78564453125,8756.0498046875,8848.0,8691.0,8810.0,521943
2018-03-14,8132.7578125,8846.2998046875,8874.0,8725.0498046875,8735.0,411769
2018-03-15,8124.7138671875,8837.5498046875,8875.0,8800.9501953125,8839.900390625,313431
2018-03-16,7976.69921875,8676.5498046875,8869.0,8649.400390625,8869.0,622932
2018-03-19,8065.82958984375,8773.5,8800.0,8703.5498046875,8711.5,571830
2018-03-20,8092.39794921875,8802.400390625,8845.5,8735.0,8764.4501953125,408924
2018-03-21,8158.81982421875,8874.650390625,8945.0,8825.0498046875,8839.900390625,516020
2018-03-22,7995.08544921875,8696.5498046875,8910.5,8684.400390625,8870.0,471749
2018-03-23,7912.990234375,8607.25,8640.5,8542.099609375,8612.5498046875,644482
2018-03-26,8058.2919921875,8765.2998046875,8798.0,8605.0,8607.0,447858
2018-03-27,8138.27294921875,8852.2998046875,8887.0,8767.150390625,8815.0,423455
2018-03-28,8146.36328125,8861.099609375,9084.0,8801.0,8812.0,1194227
2018-04-02,8281.59765625,9008.2001953125,9088.0,8953.25,8990.0,552649
2018-04-03,8298.376953125,9026.4501953125,9060.0,8955.0,9008.9501953125,339709
2018-04-04,8286.470703125,9013.5,9149.400390625,8980.599609375,9078.0,488280
2018-04-05,8395.96484375,9132.599609375,9157.650390625,9050.0,9050.0,236956
2018-04-06,8463.62890625,9206.2001953125,9230.0,9042.5498046875,9165.0,429514
2018-04-09,8543.1044921875,9292.650390625,9308.150390625,9184.7001953125,9220.0,426170
2018-04-10,8525.4541015625,9273.4501953125,9315.4501953125,9239.0,9290.0,299119
2018-04-11,8552.16015625,9302.5,9350.0,9208.5498046875,9290.0,318010
2018-04-12,8462.0185546875,9204.4501953125,9290.0,9181.099609375,9290.0,300797
2018-04-13,8388.0107421875,9123.9501953125,9267.0,9106.25,9267.0,366224
2018-04-16,8487.3486328125,9232.0,9245.0,9065.0,9100.0,271057
2018-04-17,8421.4755859375,9160.349609375,9242.0,9137.5498046875,9241.0,342578
2018-04-18,8385.7587890625,9121.5,9227.4501953125,9095.900390625,9178.0,452854
2018-04-19,8345.447265625,9077.650390625,9183.75,9068.0,9144.0,256088
2018-04-20,8297.0439453125,9025.0,9108.150390625,9012.9501953125,9082.0,303913
2018-04-23,8333.6787109375,9064.849609375,9125.0,9005.9501953125,9039.900390625,302205
2018-04-24,8333.4951171875,9064.650390625,9142.5498046875,9031.0,9095.0,312103
2018-04-25,8213.9345703125,8934.599609375,9068.7998046875,8908.0,9059.0,488641
2018-04-26,8224.8291015625,8946.4501953125,8981.0,8890.0,8949.0,614321
2018-04-27,8074.884765625,8783.349609375,9137.0,8715.099609375,9015.0,1873816
2018-04-30,8103.93603515625,8814.9501953125,8904.2001953125,8760.2998046875,8790.0,497504
2018-05-02,8039.16796875,8744.5,8998.0,8725.0,8915.0,806846
2018-05-03,8049.69580078125,8755.9501953125,8799.0,8700.0,8765.0,406825
2018-05-04,7978.21630859375,8678.2001953125,8790.0,8665.0,8784.0,490244
2018-05-07,8038.4326171875,8743.7001953125,8770.0,8660.0,8693.0,342702
2018-05-08,8067.392578125,8775.2001953125,8806.2001953125,8690.0,8785.0,404969
2018-05-09,8015.12744140625,8718.349609375,8795.0,8705.0,8795.0,314057
2018-05-10,8002.80859375,8704.9501953125,8758.0,8690.0,8758.0,298598
2018-05-11,8044.5,8750.2998046875,8765.0,8702.0498046875,8738.0,264405
2018-05-14,8004.693359375,8707.0,8760.0,8688.099609375,8751.0,276620
2018-05-15,8022.71240234375,8726.599609375,8750.349609375,8639.0,8725.0,506107
2018-05-16,7994.212890625,8695.599609375,8733.4501953125,8675.0,8675.0,288597
2018-05-17,7995.9599609375,8697.5,8766.4501953125,8661.2001953125,8725.0,379606
2018-05-18,7824.45654296875,8510.9501953125,8725.0,8496.0,8700.7998046875,603507
2018-05-21,7748.6572265625,8428.5,8524.7998046875,8255.5,8518.0,872463
2018-05-22,7870.1474609375,8560.650390625,8586.400390625,8371.25,8416.0,410467
2018-05-23,7811.99951171875,8497.400390625,8564.7998046875,8458.2001953125,8560.0,399631
2018-05-24,7732.33837890625,8410.75,8518.2998046875,8400.0,8500.099609375,292331
2018-05-25,7858.6572265625,8548.150390625,8574.0,8395.150390625,8412.0,519151
2018-05-28,8006.80712890625,8709.2998046875,8785.0,8555.099609375,8560.0,446264
2018-05-29,8011.9580078125,8714.900390625,8840.0,8680.0,8718.0,665121
2018-05-30,7895.4755859375,8588.2001953125,8669.0,8572.849609375,8669.0,508262
2018-05-31,7848.5888671875,8537.2001953125,8639.099609375,8515.900390625,8639.0,679959
2018-06-01,8098.32763671875,8808.849609375,8848.400390625,8590.0498046875,8610.0,1002010
2018-06-04,8044.08544921875,8749.849609375,8840.0,8726.0498046875,8840.0,380690
2018-06-05,8099.75341796875,8810.400390625,8830.0,8680.0,8750.0,400886
2018-06-06,8129.125,8842.349609375,8870.0,8810.0,8829.0,328784
2018-06-07,8192.466796875,8911.25,8934.7998046875,8865.0,8874.0,267961
2018-06-08,8211.9580078125,8932.4501953125,8950.0,8871.0,8894.0,287823
2018-06-11,8294.8837890625,9022.650390625,9046.0,8921.5,8960.0,337828
2018-06-12,8289.458984375,9016.75,9065.0,8955.0,9039.0,343452
2018-06-13,8244.04296875,8967.349609375,9094.9501953125,8943.0,9030.0,369407
2018-06-14,8235.447265625,8958.0,9019.9501953125,8908.0,8932.0498046875,269078
2018-06-15,8229.564453125,8951.599609375,8995.0,8901.0,8995.0,496572
2018-06-18,8249.6513671875,8973.4501953125,9050.400390625,8937.9501953125,8947.5,305144
2018-06-19,8147.74169921875,8862.599609375,8984.7998046875,8820.0498046875,8970.0,350407
2018-06-20,8226.5283203125,8948.2998046875,8970.0,8863.0,8873.0,325981
2018-06-21,8148.15576171875,8863.0498046875,8986.0,8852.9501953125,8978.0,313349
2018-06-22,8159.05029296875,8874.900390625,8887.0,8810.0,8865.0,319027
2018-06-25,8083.7578125,8793.0,8869.0,8780.0,8869.0,254954
2018-06-26,8210.947265625,8931.349609375,8985.349609375,8750.0,8793.0,387769
2018-06-27,8180.5615234375,8898.2998046875,9012.0,8873.0,8935.9501953125,501622
2018-06-28,8063.806640625,8771.2998046875,8894.0498046875,8735.0498046875,8892.0,376404
2018-06-29,8113.72705078125,8825.599609375,8900.0,8750.2998046875,8750.2998046875,458807
2018-07-02,8109.54443359375,8821.0498046875,8935.0,8800.0498046875,8878.0,298529
2018-07-03,8251.2158203125,8975.150390625,8995.0,8750.0,8825.0,375718
2018-07-04,8477.048828125,9220.7998046875,9249.25,8952.5,9014.0,656141
2018-07-05,8593.1162109375,9347.0498046875,9395.0,9225.75,9228.0,887919
2018-07-06,8565.951171875,9317.5,9413.9501953125,9260.0,9315.0,508241
2018-07-09,8618.7197265625,9374.900390625,9419.849609375,9350.0,9395.0,331872
2018-07-10,8762.228515625,9531.0,9545.900390625,9380.0,9380.0,485745
2018-07-11,8627.7294921875,9384.7001953125,9529.349609375,9361.0,9529.0,328446
2018-07-12,8593.0703125,9347.0,9508.0,9325.25,9448.0,336960
2018-07-13,8670.3408203125,9431.0498046875,9495.0,9362.25,9408.0,511150
2018-07-16,8628.28125,9385.2998046875,9498.900390625,9355.0,9429.0,216426
2018-07-17,8683.533203125,9445.400390625,9479.7001953125,9347.0,9351.150390625,457123
2018-07-18,8611.2734375,9366.7998046875,9534.0,9296.900390625,9482.2998046875,430624
2018-07-19,8631.775390625,9389.099609375,9434.0,9350.0,9408.0,199983
2018-07-20,8640.830078125,9398.9501953125,9464.0,9335.0,9392.0,272916
2018-07-23,8918.517578125,9701.0,9750.0,9372.0,9448.0,607813
2018-07-24,9039.365234375,9832.4501953125,9929.0,9725.0,9778.0,749626
2018-07-25,8971.79296875,9758.9501953125,9875.849609375,9701.0,9853.0,384750
2018-07-26,8638.34765625,9396.25,9831.7001953125,9361.0,9819.7998046875,1261317
2018-07-27,8559.4248046875,9310.400390625,9442.2001953125,9290.0,9402.0,672141
2018-07-30,8625.15625,9381.900390625,9404.5,9233.0,9320.0,539464
2018-07-31,8752.623046875,9520.5498046875,9548.849609375,9355.0,9400.0,426388
2018-08-01,8588.10546875,9341.599609375,9587.75,9300.0,9535.0,700719
2018-08-02,8404.974609375,9142.400390625,9327.0,9120.0,9327.0,875157
2018-08-03,8445.9765625,9187.0,9230.0,9150.0,9150.0,470958
2018-08-06,8537.3603515625,9286.400390625,9300.0,9200.0,9247.5,237693
2018-08-07,8652.369140625,9411.5,9420.0,9271.0,9316.0,381947
2018-08-08,8464.7314453125,9207.400390625,9449.0,9183.0498046875,9449.0,638498
2018-08-09,8408.330078125,9146.0498046875,9239.0,9060.0,9239.0,651728
2018-08-10,8410.3515625,9148.25,9210.0,9105.0,9150.0,427827
2018-08-13,8348.3876953125,9080.849609375,9185.0,9012.2001953125,9119.4501953125,348201
2018-08-14,8470.5888671875,9132.599609375,9158.7998046875,9046.25,9079.0,344056
2018-08-16,8533.611328125,9200.5498046875,9235.9501953125,9085.0,9124.0,465479
2018-08-17,8488.6748046875,9152.099609375,9286.5,9130.0,9243.0,477538
2018-08-20,8416.560546875,9074.349609375,9217.7998046875,9062.0,9170.7001953125,449317
2018-08-21,8452.6875,9113.2998046875,9130.0,9050.400390625,9110.0,380824
2018-08-23,8554.7138671875,9223.2998046875,9256.0,9100.099609375,9145.0,751705
2018-08-24,8499.525390625,9163.7998046875,9279.900390625,9142.099609375,9240.0,401110
2018-08-27,8575.0732421875,9245.25,9274.0,9200.0,9209.0,326945
2018-08-28,8744.5283203125,9427.9501953125,9446.5,9215.0,9277.5498046875,684054
2018-08-29,8689.017578125,9368.099609375,9468.2998046875,9339.650390625,9421.0,433440
2018-08-30,8538.4814453125,9205.7998046875,9370.0,9182.650390625,9370.0,674292
2018-08-31,8437.0126953125,9096.400390625,9255.0,9080.2998046875,9208.0,634522
2018-09-03,8256.84375,8902.150390625,9118.9501953125,8875.0,9100.0,992161
2018-09-04,8225.6328125,8868.5,8999.0,8835.4501953125,8912.0,530967
2018-09-05,8251.2314453125,8896.099609375,8950.0,8790.599609375,8871.0,491163
2018-09-06,8124.85888671875,8759.849609375,8967.7001953125,8741.0,8967.7001953125,687535
2018-09-07,8087.154296875,8719.2001953125,8789.0,8634.25,8775.0,636918
2018-09-10,8013.1396484375,8639.400390625,8750.0,8625.0,8700.0,577299
2018-09-11,7899.658203125,8517.0498046875,8699.900390625,8479.599609375,8668.0,552622
2018-09-12,7878.234375,8493.9501953125,8539.0,8401.0,8539.0,634678
2018-09-14,8001.359375,8626.7001953125,8700.0,8580.349609375,8593.0,754169
2018-09-17,7918.904296875,8537.7998046875,8659.7001953125,8517.0,8587.0,422191
2018-09-18,7790.3056640625,8399.150390625,8596.5,8380.2001953125,8537.7001953125,507455
2018-09-19,7615.19140625,8210.349609375,8448.400390625,8191.0498046875,8425.5,959340
2018-09-21,7457.32861328125,8040.14990234375,8325.0,7599.64990234375,8260.0,1646047
2018-09-24,7228.14013671875,7793.0498046875,8070.0,7590.7001953125,8070.0,1801469
2018-09-25,7419.57861328125,7999.4501953125,8018.25,7680.0,7750.0,1159438
2018-09-26,7274.05224609375,7842.5498046875,8089.89990234375,7822.5498046875,8075.0,754963
2018-09-27,7005.53759765625,7553.0498046875,7878.0,7510.2001953125,7850.0,1594739
2018-09-28,6815.3056640625,7347.9501953125,7648.2001953125,7292.64990234375,7620.0,1413254
2018-10-01,6922.89697265625,7463.9501953125,7485.0,7206.0,7354.0,1034603
2018-10-03,6720.74560546875,7246.0,7410.7001953125,7211.0,7400.0,1148091
2018-10-04,6676.92041015625,7198.75,7288.0,7021.0,7150.0,1104174
2018-10-05,6403.86181640625,6904.35009765625,7220.0,6801.85009765625,7054.7998046875,1481376
2018-10-08,6390.3203125,6889.75,6989.0,6774.25,6915.0,1393849
2018-10-09,6213.81494140625,6699.4501953125,6940.0,6661.0,6819.75,1079041
2018-10-10,6479.453125,6985.85009765625,7050.0,6723.25,6748.0,1162309
2018-10-11,6377.103515625,6875.5,6950.0,6705.2001953125,6800.0,869569
2018-10-12,6758.958984375,7287.2001953125,7326.0,6950.0,6950.0,1053651
2018-10-15,6661.384765625,7182.0,7340.0,7126.0498046875,7320.0,682234
2018-10-16,6632.53857421875,7150.89990234375,7278.0,7123.7998046875,7214.0,637012
2018-10-17,6386.470703125,6885.60009765625,7245.0,6853.4501953125,7237.64990234375,1021019
2018-10-19,6266.68310546875,6756.4501953125,6965.0,6715.5,6830.0,903940
2018-10-22,6318.39111328125,6812.2001953125,6905.0,6722.0498046875,6818.0,774016
2018-10-23,6280.4560546875,6771.2998046875,6857.0,6666.0,6779.0,734440
2018-10-24,6277.6728515625,6768.2998046875,6885.0,6690.0,6850.0,681526
2018-10-25,6235.8427734375,6723.2001953125,6853.7001953125,6620.2001953125,6700.0,2101936
2018-10-26,6230.3701171875,6717.2998046875,6795.0,6500.0,6750.0,874526
2018-10-29,6305.87060546875,6798.7001953125,6810.0,6691.0498046875,6722.0,505428
2018-10-30,6211.5419921875,6697.0,6868.9501953125,6675.2001953125,6798.0,771389
2018-10-31,6136.78466796875,6616.39990234375,6760.0,6500.0,6760.0,1315746
2018-11-01,6225.22265625,6711.75,6739.9501953125,6600.0,6648.9501953125,842039
2018-11-02,6618.20947265625,7135.4501953125,7159.0,6750.0498046875,6769.7998046875,1834118
2018-11-05,6656.97900390625,7177.25,7254.7001953125,7060.0498046875,7138.0,1040315
2018-11-06,6562.1416015625,7075.0,7238.0,7050.0,7195.0,667413
2018-11-07,6611.20654296875,7127.89990234375,7143.0,7090.0,7140.0,127507
2018-11-09,6755.52734375,7283.5,7315.0,7040.85009765625,7130.0,986090
2018-11-12,6574.0126953125,7087.7998046875,7352.5,7052.0,7300.0,687443
2018-11-13,6632.1220703125,7150.4501953125,7168.75,7021.0,7049.9501953125,572295
2018-11-14,6834.87548828125,7369.0498046875,7409.0,7180.10009765625,7180.10009765625,1112945
2018-11-15,6936.2060546875,7478.2998046875,7515.10009765625,7333.5498046875,7378.89990234375,1048278
2018-11-16,6809.04443359375,7341.2001953125,7544.0498046875,7302.5498046875,7500.0,806420
2018-11-19,6874.3876953125,7411.64990234375,7449.0,7290.0,7360.0,577408
2018-11-20,6802.32080078125,7333.9501953125,7444.5,7311.64990234375,7411.64990234375,637243
2018-11-21,6886.306640625,7424.5,7466.0,7331.5,7340.0,701156
2018-11-22,6873.87744140625,7411.10009765625,7480.0,7361.2001953125,7393.9501953125,668352
2018-11-26,7007.068359375,7554.7001953125,7577.75,7387.2998046875,7425.0,899481
2018-11-27,7093.23486328125,7647.60009765625,7657.7998046875,7500.75,7570.0,783389
2018-11-28,7025.15478515625,7574.2001953125,7680.5,7549.60009765625,7658.0,686734
2018-11-29,6999.69482421875,7546.75,7642.0,7531.0,7613.0,725583
2018-11-30,7106.21923828125,7661.60009765625,7727.0,7570.0498046875,7574.0,869715
2018-12-03,7215.990234375,7779.9501953125,7800.0,7630.10009765625,7688.5,772869
2018-12-04,7161.916015625,7721.64990234375,7784.9501953125,7701.0,7780.0,551195
2018-12-05,7006.46484375,7554.0498046875,7739.89990234375,7520.0,7696.7001953125,704296
2018-12-06,6687.0771484375,7209.7001953125,7486.2998046875,7180.0,7450.0498046875,1339030
2018-12-07,6783.77001953125,7313.9501953125,7349.9501953125,7201.0,7244.0,688881
2018-12-10,6817.669921875,7350.5,7395.0,7170.0,7200.0,785024
2018-12-11,6775.79345703125,7305.35009765625,7346.0,7215.5498046875,7240.5,843166
2018-12-12,6930.22412109375,7471.85009765625,7507.2998046875,7295.0,7340.0,643037
2018-12-13,7114.47412109375,7670.5,7700.0,7477.5,7477.5,881204
2018-12-14,7106.72900390625,7662.14990234375,7690.0,7545.9501953125,7684.0,676653
2018-12-17,7173.4169921875,7734.0498046875,7800.0,7650.0,7691.89990234375,712296
2018-12-18,7208.94091796875,7772.35009765625,7785.0,7655.0,7710.0,658919
2018-12-19,7360.728515625,7936.0,7949.75,7781.0,7781.0,856358
2018-12-20,7241.1259765625,7807.0498046875,7919.0,7763.64990234375,7850.0,824303
2018-12-21,6990.001953125,7536.2998046875,7835.0,7515.0,7830.0,1257227
2018-12-24,6983.36962890625,7529.14990234375,7595.64990234375,7470.0,7560.0,611297
2018-12-26,7020.42431640625,7569.10009765625,7600.0,7402.0,7488.0,594156
2018-12-27,6956.287109375,7499.9501953125,7668.85009765625,7479.2998046875,7649.0,704523
2018-12-28,6961.48095703125,7505.5498046875,7580.0,7490.0,7548.0,616845
2018-12-31,6924.333984375,7465.5,7572.75,7443.10009765625,7550.0,547975
2019-01-01,6934.8154296875,7476.7998046875,7494.0,7395.0,7449.75,625360
2019-01-02,6741.01220703125,7267.85009765625,7460.0,7244.0,7445.0,891844
2019-01-03,6681.744140625,7203.9501953125,7350.0,7185.60009765625,7280.0,715168
2019-01-04,6710.0791015625,7234.5,7309.0,7161.2001953125,7239.0,774445
2019-01-07,6828.38330078125,7362.0498046875,7407.0,7300.0,7310.0,687845
2019-01-08,6900.21923828125,7439.5,7454.7998046875,7322.10009765625,7380.0,516841
2019-01-09,6949.748046875,7492.89990234375,7529.0,7414.0,7460.5,740580
2019-01-10,6855.79150390625,7391.60009765625,7511.0,7360.14990234375,7500.0,452699
2019-01-11,6789.8447265625,7320.5,7400.0,7282.0,7382.7001953125,488399
2019-01-14,6871.65234375,7408.7001953125,7433.35009765625,7257.0,7330.0,424152
2019-01-15,6821.9833984375,7355.14990234375,7470.0,7317.0,7430.0,491196
2019-01-16,6780.33837890625,7310.25,7384.0,7291.10009765625,7349.5,424769
2019-01-17,6804.45361328125,7336.25,7398.9501953125,7307.5,7339.0,462725
2019-01-18,6824.58056640625,7357.9501953125,7379.9501953125,7318.0,7345.0,334555
2019-01-21,6685.87109375,7208.39990234375,7380.0,7161.0,7358.0,654537
2019-01-22,6556.4375,7068.85009765625,7180.0,7054.5,7180.0,896521
2019-01-23,6534.68701171875,7045.39990234375,7132.25,7025.0,7050.0,702474
2019-01-24,6530.23486328125,7040.60009765625,7098.0,7014.39990234375,7059.89990234375,520703
2019-01-25,6041.25146484375,6513.39990234375,7133.0,6410.0,7054.0,3062762
2019-01-28,6039.07080078125,6511.0498046875,6610.0,6317.7001953125,6512.5,2398091
2019-01-29,6053.8193359375,6526.9501953125,6619.14990234375,6447.39990234375,6480.0,1101399
2019-01-30,6073.57470703125,6548.25,6588.0,6508.0,6559.0,583773
2019-01-31,6159.740234375,6641.14990234375,6660.0498046875,6460.0498046875,6575.0,926270
2019-02-01,6457.60986328125,6962.2998046875,7204.0,6652.5498046875,6679.0,2545419
2019-02-04,6481.6337890625,6988.2001953125,7039.0,6851.64990234375,6975.0,658776
2019-02-05,6579.3935546875,7093.60009765625,7125.0,6985.39990234375,6995.0,681498
2019-02-06,6662.68359375,7183.39990234375,7220.0,7067.0,7120.0,567827
2019-02-07,6773.19677734375,7302.5498046875,7320.0,7185.10009765625,7201.0,690174
2019-02-08,6617.0966796875,7134.25,7300.0,7100.0,7270.0,576159
2019-02-11,6657.58251953125,7177.89990234375,7209.9501953125,7051.10009765625,7150.0,502244
2019-02-12,6643.29833984375,7162.5,7230.0,7127.9501953125,7193.0,494592
2019-02-14,6508.80859375,7017.5,7111.2001953125,6990.0,7036.7001953125,622311
2019-02-15,6427.6982421875,6930.0498046875,7058.7001953125,6900.0,7027.39990234375,768798
2019-02-18,6346.68017578125,6842.7001953125,6997.7998046875,6817.0,6964.7001953125,509963
2019-02-19,6311.29541015625,6804.5498046875,6915.89990234375,6771.0,6855.0,493861
2019-02-20,6353.3583984375,6849.89990234375,6888.0,6804.39990234375,6842.0,534284
2019-02-21,6308.5126953125,6801.5498046875,6879.64990234375,6715.0,6868.9501953125,722938
2019-02-22,6411.32763671875,6912.39990234375,6939.0,6819.0498046875,6827.0,764535
2019-02-25,6422.921875,6924.89990234375,6984.89990234375,6870.0498046875,6948.0,495728
2019-02-26,6403.81494140625,6904.2998046875,6975.0,6812.60009765625,6885.0,673415
2019-02-27,6463.36083984375,6968.5,7048.0,6853.2001953125,6943.0,961829
2019-02-28,6334.62353515625,6829.7001953125,7040.0,6801.0,7010.0,1031563
2019-03-01,6432.4287109375,6935.14990234375,6950.0,6827.25,6876.7998046875,768822
2019-03-05,6601.7919921875,7117.75,7158.14990234375,6894.4501953125,6950.0,838538
2019-03-06,6545.353515625,7056.89990234375,7144.89990234375,7010.0,7137.85009765625,557197
2019-03-07,6519.52197265625,7029.0498046875,7092.5,7002.0,7078.0,396771
2019-03-08,6462.61962890625,6967.7001953125,7025.0,6951.0,6975.0,486432
2019-03-11,6568.541015625,7081.89990234375,7121.60009765625,6975.0,6980.0,720905
2019-03-12,6638.3828125,7157.2001953125,7232.0,7096.0,7097.0,828847
2019-03-13,6577.02783203125,7091.0498046875,7202.9501953125,7050.0,7177.0,534982
2019-03-14,6572.6220703125,7086.2998046875,7148.0,7047.25,7103.0,584482
2019-03-15,6570.4892578125,7084.0,7157.0,7060.0,7109.0,861945
2019-03-18,6394.26171875,6894.0,7077.4501953125,6776.60009765625,7077.4501953125,1336134
2019-03-19,6330.44921875,6825.2001953125,6901.9501953125,6809.25,6900.0,816763
2019-03-20,6189.79150390625,6673.5498046875,6860.0,6650.0,6860.0,1017560
2019-03-22,6077.70263671875,6552.7001953125,6716.2998046875,6532.35009765625,6567.0,1715983
2019-03-25,6049.7841796875,6522.60009765625,6621.0,6491.2001953125,6515.0,1093184
2019-03-26,6108.3095703125,6585.7001953125,6600.0,6480.0,6558.0,909087
2019-03-27,6045.517578125,6518.0,6640.0,6500.0,6628.0,887601
2019-03-28,6118.09521484375,6596.25,6625.0,6501.2001953125,6535.0,949713
2019-04-01,6344.8251953125,6840.7001953125,6870.0,6700.0,6730.7998046875,1142386
2019-04-02,6390.27294921875,6889.7001953125,6900.7001953125,6785.5,6859.4501953125,866805
2019-04-03,6560.19287109375,7072.89990234375,7098.0,6896.0,6896.0,1491021
2019-04-04,6597.4794921875,7113.10009765625,7170.0,7061.64990234375,7120.0,1388375
2019-04-05,6592.47021484375,7107.7001953125,7143.9501953125,7050.0,7095.0,729603
2019-04-08,6612.64404296875,7129.4501953125,7150.0,7044.7001953125,7107.0,498374
2019-04-09,6693.4296875,7216.5498046875,7235.0,7080.0,7134.0,741669
2019-04-10,6665.41943359375,7186.35009765625,7218.9501953125,7144.60009765625,7218.9501953125,590107
2019-04-11,6666.81103515625,7187.85009765625,7220.0,7150.0,7186.9501953125,609539
2019-04-12,6810.5751953125,7342.85009765625,7357.0,7161.0498046875,7188.89990234375,929935
2019-04-15,6819.52490234375,7352.5,7389.9501953125,7295.0,7351.0498046875,585205
2019-04-16,6917.88720703125,7458.5498046875,7475.0,7350.0,7369.89990234375,707823
2019-04-18,6907.59375,7447.4501953125,7539.35009765625,7434.0498046875,7533.10009765625,713163
2019-04-22,6790.5400390625,7321.25,7424.89990234375,7300.0,7422.0,479609
2019-04-23,6537.93359375,7048.89990234375,7388.89990234375,7006.0,7327.0,952628
2019-04-24,6508.0673828125,7016.7001953125,7101.9501953125,6910.0,7065.0,1063510
2019-04-25,6404.6962890625,6905.25,7144.9501953125,6865.0,7014.75,3075510
2019-04-26,6346.81884765625,6842.85009765625,6886.85009765625,6750.0,6805.0,1999920
2019-04-30,6183.16064453125,6666.39990234375,6750.0,6630.0,6700.0,1640025
2019-05-02,6198.78857421875,6683.25,6709.9501953125,6525.0,6550.0,1337101
2019-05-03,6223.599609375,6710.0,6780.0,6675.0,6675.0,795679
2019-05-06,6223.27490234375,6709.64990234375,6732.0,6639.2998046875,6659.0,480317
2019-05-07,6216.1796875,6702.0,6785.25,6680.0,6744.89990234375,586684
2019-05-08,6168.087890625,6650.14990234375,6693.0,6616.0,6679.0,552749
2019-05-09,6144.71533203125,6624.9501953125,6678.0,6600.0,6637.0,570000
2019-05-10,6150.88330078125,6631.60009765625,6664.89990234375,6575.0,6623.0,608669
2019-05-13,6069.4013671875,6543.75,6659.2998046875,6500.0,6626.0,555672
2019-05-14,6099.4990234375,6576.2001953125,6612.0,6450.0,6511.0,843313
2019-05-15,6023.02587890625,6493.75,6640.0,6463.2998046875,6590.0,612357
2019-05-16,6009.947265625,6479.64990234375,6527.2998046875,6441.39990234375,6506.0,555991
2019-05-17,6220.677734375,6706.85009765625,6790.0,6485.0,6497.0,782196
2019-05-20,6571.04541015625,7084.60009765625,7150.0,6860.0,6875.0,1286198
2019-05-21,6376.96435546875,6875.35009765625,7137.75,6818.0,7105.0,973836
2019-05-22,6399.640625,6899.7998046875,6930.5498046875,6841.0,6877.2001953125,645280
2019-05-23,6426.9560546875,6929.25,7049.10009765625,6830.0,6996.0,1364516
2019-05-24,6578.9755859375,7093.14990234375,7120.0,6886.75,6964.9501953125,1002742
2019-05-27,6556.06591796875,7068.4501953125,7193.89990234375,6900.0498046875,7095.0,1022289
2019-05-28,6543.26611328125,7054.64990234375,7130.0,7031.5,7067.0,915732
2019-05-29,6391.8974609375,6891.4501953125,7009.0,6870.0,7001.0,768022
2019-05-30,6369.869140625,6867.7001953125,6921.0,6825.0,6890.0,850456
2019-05-31,6371.8623046875,6869.85009765625,6961.2998046875,6825.0,6891.0,1084204
2019-06-03,6513.81787109375,7022.89990234375,7055.0,6760.0,6760.0,1157809
2019-06-04,6540.62255859375,7051.7998046875,7099.0,6971.75,7000.0,575281
2019-06-06,6482.09716796875,6988.7001953125,7099.0,6928.0,7060.2001953125,720856
2019-06-07,6444.5791015625,6948.25,6990.0,6862.64990234375,6990.0,470376
2019-06-10,6464.70654296875,6969.9501953125,7043.2998046875,6922.0,6980.0,395116
2019-06-11,6472.451171875,6978.2998046875,7018.2001953125,6930.0,6989.9501953125,387309
2019-06-12,6355.3056640625,6852.0,6967.9501953125,6825.0498046875,6963.7998046875,494886
2019-06-13,6292.88427734375,6784.7001953125,6863.7001953125,6766.2998046875,6843.0,561159
2019-06-14,6258.28857421875,6747.39990234375,6839.0,6727.35009765625,6775.0,449930
2019-06-17,6104.55322265625,6581.64990234375,6768.0498046875,6560.5,6749.39990234375,567397
2019-06-18,5972.24365234375,6439.0,6649.0,6390.0,6604.5,1048826
2019-06-19,5958.93408203125,6424.64990234375,6560.64990234375,6380.0,6485.0,715496
2019-06-20,6137.109375,6616.75,6649.0,6340.25,6390.0,992450
2019-06-21,5952.0703125,6417.25,6549.0,6370.2001953125,6549.0,1345890
2019-06-24,5991.62890625,6459.89990234375,6497.10009765625,6322.85009765625,6411.0,911826
2019-06-25,6049.69140625,6522.5,6540.0,6427.35009765625,6459.0,580392
2019-06-26,6010.55029296875,6480.2998046875,6557.7998046875,6460.10009765625,6519.0,572239
2019-06-27,6016.486328125,6486.7001953125,6575.0,6475.0,6496.2001953125,1022011
2019-06-28,6060.96044921875,6534.64990234375,6550.0,6475.0,6500.0,618701
2019-07-01,6036.103515625,6507.85009765625,6618.0,6490.0,6600.0,754667
2019-07-02,6084.47314453125,6560.0,6588.7998046875,6482.0,6510.0498046875,518084
2019-07-03,6060.17236328125,6533.7998046875,6590.0,6515.0498046875,6582.0,517709
2019-07-04,6070.05029296875,6544.4501953125,6588.0,6510.2001953125,6540.0,576449
2019-07-05,5898.970703125,6360.0,6579.0,6300.0,6547.2001953125,866460
2019-07-08,5600.9609375,6038.7001953125,6283.14990234375,5985.64990234375,6280.10009765625,1927495
2019-07-09,5514.47119140625,5945.4501953125,6070.0,5910.0,6060.0,1337999
2019-07-10,5498.193359375,5927.89990234375,5995.0,5900.0,5959.0,809385
2019-07-11,5594.00537109375,6031.2001953125,6050.0,5930.0,5974.0,779113
2019-07-12,5538.58642578125,5971.4501953125,6090.0,5951.9501953125,6017.7001953125,719883
2019-07-15,5638.9892578125,6079.7001953125,6096.0,5955.0,5980.0,675004
2019-07-16,5711.6591796875,6158.0498046875,6172.0,6056.0,6079.9501953125,627259
2019-07-17,5635.27880859375,6075.7001953125,6174.0,6050.0,6168.0,598778
2019-07-18,5455.94580078125,5882.35009765625,6055.7001953125,5857.5,6054.39990234375,1097857
2019-07-19,5350.904296875,5769.10009765625,5910.9501953125,5710.10009765625,5885.0,1228672
2019-07-22,5483.90966796875,5912.5,5940.0,5745.0498046875,5780.0,897510
2019-07-23,5447.96875,5873.75,5972.39990234375,5820.2001953125,5910.0,841517
2019-07-24,5349.8837890625,5768.0,5865.0,5725.2998046875,5865.0,800687
2019-07-25,5339.44921875,5756.75,5844.9501953125,5701.0498046875,5789.10009765625,990461
2019-07-26,5384.80517578125,5805.64990234375,5955.0,5683.89990234375,5728.0,2346714
2019-07-29,5158.12158203125,5561.25,5770.0,5540.0,5770.0,1548125
2019-07-30,5107.943359375,5507.14990234375,5644.85009765625,5492.0,5562.0,1189163
2019-07-31,5073.2080078125,5469.7001953125,5582.2998046875,5446.0498046875,5525.7998046875,1053202
2019-08-01,5168.64794921875,5572.60009765625,5615.0,5450.0,5469.7001953125,1134178
2019-08-02,5276.93505859375,5689.35009765625,5724.0,5485.0,5539.60009765625,1391678
2019-08-05,5259.31298828125,5670.35009765625,5695.0,5452.0,5600.0,1122496
2019-08-06,5410.4501953125,5833.2998046875,5849.0,5640.0,5640.0,1125521
2019-08-07,5356.37744140625,5775.0,5867.0,5735.7001953125,5833.9501953125,955090
2019-08-08,5474.40234375,5902.25,5947.0,5725.0,5725.0,831725
2019-08-09,5657.7255859375,6099.89990234375,6155.0,5927.2001953125,5937.64990234375,1445079
2019-08-13,5393.89453125,5815.4501953125,6123.0,5791.5498046875,6099.7001953125,909354
2019-08-14,5469.64794921875,5816.0,5933.39990234375,5710.0,5792.0,1030939
2019-08-16,5619.22509765625,5975.0498046875,5995.0,5590.0,5805.0,1207075
2019-08-19,5626.27880859375,5982.5498046875,6024.39990234375,5911.60009765625,5999.0,902389
2019-08-20,5822.26953125,6190.9501953125,6233.0,5959.0498046875,6003.0,2198337
2019-08-21,5857.95849609375,6228.89990234375,6276.0,6141.0,6223.0,2128640
2019-08-22,5838.8203125,6208.5498046875,6298.5,6168.0,6200.0,1551394
2019-08-23,5881.89306640625,6254.35009765625,6279.60009765625,6040.0,6160.0,1232405
2019-08-26,5883.0205078125,6255.5498046875,6466.7001953125,6116.14990234375,6460.0,1552155
2019-08-27,5903.89990234375,6277.75,6340.0,6256.0,6297.5,1078065
2019-08-28,5739.9326171875,6103.39990234375,6248.0,6070.0,6248.0,1242304
2019-08-29,5746.32763671875,6110.2001953125,6198.0,6065.0,6103.39990234375,1006756
2019-08-30,5759.0703125,6123.75,6159.25,6052.89990234375,6144.0,794518
2019-09-03,5689.4306640625,6049.7001953125,6130.0,6002.25,6035.0,1173373
2019-09-04,5483.51904296875,5830.75,6076.2001953125,5800.0,6062.0,1964992
2019-09-05,5613.20703125,5968.64990234375,5998.0,5791.25,5805.0,1149196
2019-09-06,5818.50634765625,6186.9501953125,6220.0,5962.10009765625,5997.7001953125,1524051
2019-09-09,5958.2099609375,6335.5,6366.9501953125,6040.0,6085.0,2061193
2019-09-11,6204.419921875,6597.2998046875,6630.0,6285.10009765625,6330.0,2492039
2019-09-12,6011.392578125,6392.0498046875,6640.0,6370.0,6565.0,1892862
2019-09-13,6066.17431640625,6450.2998046875,6512.7998046875,6340.0,6434.0,1929801
2019-09-16,6030.8603515625,6412.75,6489.0,6340.10009765625,6349.89990234375,1377371
2019-09-17,5765.32470703125,6130.39990234375,6445.85009765625,6110.0,6410.0,1706567
2019-09-18,5732.080078125,6095.0498046875,6211.7998046875,5986.60009765625,6165.0,1955137
2019-09-19,5616.123046875,5971.75,6175.0,5942.39990234375,6139.0,1721431
2019-09-20,6199.388671875,6591.9501953125,6949.7998046875,5982.4501953125,6015.0,4892962
2019-09-23,6487.072265625,6897.85009765625,7000.0,6676.10009765625,6676.10009765625,3140286
2019-09-24,6591.69677734375,7009.10009765625,7177.89990234375,6855.0,6935.0,2354230
2019-09-25,6243.16650390625,6638.5,7000.0,6602.0,7000.0,2296343
2019-09-26,6449.078125,6857.4501953125,6899.89990234375,6681.0498046875,6700.0,1893865
2019-09-27,6370.31591796875,6773.7001953125,6915.0,6735.0,6860.0,1457894
2019-09-30,6315.86279296875,6715.7998046875,6809.60009765625,6640.0,6773.0,1264165
2019-10-01,6378.12109375,6782.0,6850.0,6650.0,6720.0,1473158
2019-10-03,6351.83447265625,6754.0498046875,6794.9501953125,6680.0,6786.60009765625,850852
2019-10-04,6253.60595703125,6649.60009765625,6845.89990234375,6618.39990234375,6793.0,1065056
2019-10-07,6235.03173828125,6629.85009765625,6699.0,6558.14990234375,6674.7001953125,696713
2019-10-09,6319.3896484375,6719.5498046875,6743.7998046875,6590.0,6628.0,1017731
2019-10-10,6212.083984375,6605.4501953125,6742.10009765625,6558.25,6700.0,985523
2019-10-11,6299.96875,6698.89990234375,6720.0,6626.2998046875,6626.2998046875,835065
2019-10-14,6414.89208984375,6821.10009765625,6874.5498046875,6696.0498046875,6697.9501953125,963217
2019-10-15,6569.7373046875,6985.75,7019.0,6809.0,6811.0,1276061
2019-10-16,6559.62744140625,6975.0,7013.89990234375,6895.0,7003.4501953125,876844
2019-10-17,6699.65966796875,7123.89990234375,7155.5498046875,6940.0,6977.0,1248295
2019-10-18,6867.4365234375,7302.2998046875,7450.0,7061.64990234375,7081.2998046875,1463126
2019-10-22,6824.1279296875,7256.25,7392.0,7232.0,7333.0,959552
2019-10-23,6997.17138671875,7440.25,7472.0,7200.0,7201.0498046875,1278695
2019-10-24,6951.23046875,7391.39990234375,7475.0,7271.0,7460.0,1658859
2019-10-25,7026.23046875,7471.14990234375,7509.0,7353.85009765625,7396.5,1353615
2019-10-27,6980.10205078125,7422.10009765625,7500.0,7392.0498046875,7477.0,128351
2019-10-29,7261.48388671875,7721.2998046875,7758.7001953125,7381.85009765625,7416.0,1396732
2019-10-30,7106.92138671875,7556.9501953125,7753.64990234375,7539.7001953125,7744.0,1243366
2019-10-31,7109.22509765625,7559.39990234375,7645.0,7502.0,7612.89990234375,1067275
2019-11-01,7164.94677734375,7618.64990234375,7649.0,7545.10009765625,7599.9501953125,1151035
2019-11-04,6981.888671875,7424.0,7625.0,7407.4501953125,7550.0,824953
2019-11-05,6948.97314453125,7389.0,7541.9501953125,7325.0,7429.9501953125,1207089
2019-11-06,6875.75927734375,7311.14990234375,7415.0,7295.0,7395.0,923041
2019-11-07,6853.18798828125,7287.14990234375,7357.0,7241.0,7357.0,877885
2019-11-08,6771.7451171875,7200.5498046875,7370.0,7178.0498046875,7286.4501953125,983936
2019-11-11,6712.26171875,7137.2998046875,7237.4501953125,7074.0,7160.0,864507
2019-11-13,6728.5322265625,7154.60009765625,7169.85009765625,7095.0,7130.0,687017
2019-11-14,6815.5703125,7247.14990234375,7270.0,7160.0,7160.0,802462
2019-11-15,6721.5732421875,7147.2001953125,7359.0,7116.2001953125,7300.0,1049492
2019-11-18,6675.7255859375,7098.4501953125,7177.0,7075.0,7150.0,537228
2019-11-19,6625.88232421875,7045.4501953125,7155.0,7032.0,7146.0,755114
2019-11-20,6726.7919921875,7152.75,7218.0,7044.0,7120.0,1289948
2019-11-21,6601.05419921875,7019.0498046875,7200.0,7004.7998046875,7150.0,763454
2019-11-22,6639.98876953125,7060.4501953125,7077.4501953125,7000.0,7034.0,685503
2019-11-25,6805.1787109375,7236.10009765625,7263.5,7040.2998046875,7075.2001953125,952419
2019-11-26,6700.6943359375,7125.0,7274.0,7084.0,7238.0,1249810
2019-11-27,6860.005859375,7294.39990234375,7300.0,7166.60009765625,7166.60009765625,1070680
2019-11-28,6828.830078125,7261.25,7321.10009765625,7220.9501953125,7299.7998046875,602077
2019-11-29,6814.34814453125,7245.85009765625,7293.85009765625,7132.0,7254.0,792083
2019-12-02,6714.1904296875,7139.35009765625,7294.85009765625,7106.75,7291.0,703838
2019-12-03,6713.67236328125,7138.7998046875,7240.0,7060.0,7142.64990234375,668269
2019-12-04,6654.70703125,7076.10009765625,7170.0,7052.0,7129.7998046875,737723
2019-12-05,6595.22314453125,7012.85009765625,7125.14990234375,6990.5498046875,7090.0,602894
2019-12-06,6476.58642578125,6886.7001953125,7050.0,6864.10009765625,7012.85009765625,770911
2019-12-09,6578.201171875,6994.75,7108.0,6952.35009765625,7007.0,1479832
2019-12-10,6548.95361328125,6963.64990234375,7048.9501953125,6905.0,7019.0,790378
2019-12-11,6576.7431640625,6993.2001953125,7035.0,6955.2001953125,7000.0,603048
2019-12-12,6582.9501953125,6999.7998046875,7045.9501953125,6975.5,7030.39990234375,932863
2019-12-13,6785.28759765625,7214.9501953125,7249.0,7030.14990234375,7043.9501953125,1199360
2019-12-16,6714.8486328125,7140.0498046875,7257.7001953125,7125.0,7240.0,727854
2019-12-17,6766.66748046875,7195.14990234375,7276.5,7166.0,7209.89990234375,939918
2019-12-18,6809.4580078125,7240.64990234375,7254.9501953125,7164.0,7220.0,841740
2019-12-19,6809.4580078125,7240.64990234375,7310.0,7166.0,7248.9501953125,1001697
2019-12-20,6829.06591796875,7261.5,7304.35009765625,7227.5,7240.64990234375,679779
2019-12-23,6922.54638671875,7360.89990234375,7378.60009765625,7250.10009765625,7275.0,914067
2019-12-24,6891.41748046875,7327.7998046875,7423.7001953125,7302.0,7397.0,850537
2019-12-26,6809.69189453125,7240.89990234375,7343.4501953125,7222.0,7334.0,556360
2019-12-27,6907.4990234375,7344.89990234375,7368.5,7251.39990234375,7268.0,665383
2019-12-30,6974.599609375,7416.25,7431.9501953125,7341.60009765625,7378.0,739631
2019-12-31,6929.7880859375,7368.60009765625,7412.5,7355.25,7412.5,560622
2020-01-01,6876.2763671875,7311.7001953125,7409.9501953125,7282.0498046875,7377.0,634725
2020-01-02,6893.34521484375,7329.85009765625,7368.0,7312.0,7327.60009765625,616838
2020-01-03,6822.2470703125,7254.25,7332.0,7226.0,7328.9501953125,571967
2020-01-06,6623.013671875,7042.39990234375,7210.0,7026.5,7200.0,748516
2020-01-07,6652.35546875,7073.60009765625,7165.60009765625,7026.39990234375,7100.0,590500
2020-01-08,6616.2421875,7035.2001953125,7116.64990234375,6980.4501953125,7060.0,793313
2020-01-09,6797.46630859375,7227.89990234375,7240.0,7102.0,7140.0,798184
2020-01-10,6893.95703125,7330.5,7349.89990234375,7234.39990234375,7261.39990234375,747847
2020-01-13,6914.8349609375,7352.7001953125,7370.0,7279.7998046875,7332.0,537399
2020-01-14,6946.904296875,7386.7998046875,7412.39990234375,7325.60009765625,7355.0,548522
2020-01-15,7037.328125,7482.9501953125,7505.0,7353.0,7388.9501953125,692726
2020-01-16,7018.23681640625,7462.64990234375,7521.0,7421.2001953125,7456.5,640207
2020-01-17,7072.3125,7520.14990234375,7569.89990234375,7432.5498046875,7469.0,750738
2020-01-20,7005.96484375,7449.60009765625,7529.5,7421.0498046875,7521.25,407828
2020-01-21,6867.76513671875,7302.64990234375,7434.64990234375,7287.7998046875,7411.5,442561
2020-01-22,6710.66357421875,7135.60009765625,7374.9501953125,7107.9501953125,7340.0,1048435
2020-01-23,6721.478515625,7147.10009765625,7220.0,7123.14990234375,7145.39990234375,589326
2020-01-24,6703.93994140625,7128.4501953125,7210.0,7111.25,7148.7998046875,645723
2020-01-27,6723.0771484375,7148.7998046875,7225.0,7061.0,7101.5,573149
2020-01-28,6580.36376953125,6997.0498046875,7219.9501953125,6963.0,7179.9501953125,1614448
2020-01-29,6592.8251953125,7010.2998046875,7116.25,6975.0,7010.0,1001252
2020-01-30,6602.37109375,7020.4501953125,7049.0,6981.0,7020.0,579174
2020-01-31,6501.79052734375,6913.5,7064.0,6895.5498046875,7035.0,868935
2020-02-03,6593.765625,7011.2998046875,7044.85009765625,6780.0,6780.0,1010531
2020-02-04,6770.8525390625,7199.60009765625,7215.0,7001.0,7020.0,973311
2020-02-05,6621.60302734375,7040.89990234375,7231.60009765625,7025.60009765625,7215.0,718489
2020-02-06,6603.45166015625,7021.60009765625,7120.35009765625,6976.7998046875,7075.0,875714
2020-02-07,6556.57080078125,6971.75,7050.0,6935.0,7039.0,645814
2020-02-10,6482.4169921875,6892.89990234375,6989.10009765625,6851.10009765625,6975.0,593773
2020-02-11,6614.87841796875,7033.75,7089.0,6912.2998046875,6950.0,743160
2020-02-12,6623.859375,7043.2998046875,7110.0,7007.9501953125,7056.10009765625,599364
2020-02-13,6587.8876953125,7005.0498046875,7056.0,6925.0,7050.0,723169
2020-02-14,6502.07177734375,6913.7998046875,7088.9501953125,6901.0,7000.0498046875,614859
2020-02-17,6495.44140625,6906.75,6980.0,6880.0,6920.0,463548
2020-02-18,6377.27392578125,6781.10009765625,6930.0,6735.7998046875,6925.0,830678
2020-02-19,6354.2333984375,6756.60009765625,6854.9501953125,6624.60009765625,6850.0,1033939
2020-02-20,6355.173828125,6757.60009765625,6807.5498046875,6720.0,6761.0,682513
2020-02-24,6085.0771484375,6470.39990234375,6710.0,6439.7998046875,6710.0,1091346
2020-02-25,6032.55322265625,6414.5498046875,6510.0,6376.5498046875,6505.39990234375,964897
2020-02-26,5863.55419921875,6234.85009765625,6368.85009765625,6186.0498046875,6350.0,1580738
2020-02-27,5915.23193359375,6289.7998046875,6338.0498046875,6166.7998046875,6230.0,1492657
2020-02-28,5908.931640625,6283.10009765625,6367.35009765625,6103.2001953125,6163.0498046875,1468843
2020-03-02,5910.85888671875,6285.14990234375,6439.5498046875,6250.0,6400.9501953125,1219764
2020-03-03,6005.75048828125,6386.0498046875,6422.14990234375,6280.5,6318.0,849199
2020-03-04,6004.1513671875,6384.35009765625,6424.0,6209.0,6390.0,904360
2020-03-05,5986.84716796875,6365.9501953125,6464.0,6330.2001953125,6411.89990234375,645853
2020-03-06,6062.08349609375,6445.9501953125,6480.0,6100.14990234375,6196.39990234375,1140899
2020-03-09,5831.814453125,6201.10009765625,6374.0,6079.39990234375,6301.0,1082030
2020-03-11,5780.27783203125,6146.2998046875,6310.9501953125,6105.0,6160.0,937029
2020-03-12,5307.09033203125,5643.14990234375,5939.2998046875,5555.5498046875,5939.2998046875,1345964
2020-03-13,5490.90234375,5838.60009765625,6063.5,4803.0498046875,5325.2001953125,1480205
2020-03-16,5153.8916015625,5480.25,5688.0,5400.0,5638.60009765625,933412
2020-03-17,5270.2255859375,5603.9501953125,5746.9501953125,5502.0,5502.0,1238640
2020-03-18,5033.890625,5352.64990234375,5688.7998046875,5312.5498046875,5671.0,973395
2020-03-19,4532.53759765625,4819.5498046875,5096.60009765625,4652.5498046875,4870.0,2554559
2020-03-20,4776.72607421875,5079.2001953125,5225.0,4812.60009765625,4869.0,1614552
2020-03-23,3969.021484375,4220.35009765625,4790.0,4141.0,4575.0,1531965
2020-03-24,4219.2744140625,4486.4501953125,4570.0,4030.0,4341.0,1746431
2020-03-25,4707.83740234375,5005.9501953125,5159.39990234375,4310.10009765625,4439.0,1728819
2020-03-26,4587.5068359375,4878.0,5120.0,4750.0,5024.4501953125,1338787
2020-03-27,4369.4169921875,4646.10009765625,5136.5,4555.0,5100.0,1339426
2020-03-30,4070.68359375,4328.4501953125,4639.9501953125,4270.0,4587.4501953125,1528082
2020-03-31,4032.924072265625,4288.2998046875,4468.0498046875,4210.0,4450.0,2140261
2020-04-01,3993.472900390625,4246.35009765625,4424.85009765625,4190.10009765625,4290.0,1323842
2020-04-03,3772.60888671875,4011.5,4267.0,4001.10009765625,4250.0,1724808
2020-04-07,4282.47314453125,4553.64990234375,4612.89990234375,4120.0,4150.0,2688172
2020-04-08,4418.3203125,4698.10009765625,4925.0,4406.5,4406.5,2798833
2020-04-09,5009.43896484375,5326.64990234375,5399.0,4736.2001953125,4794.4501953125,3786650
2020-04-13,4968.529296875,5283.14990234375,5343.39990234375,5001.0,5285.0,2192268
2020-04-15,4790.92578125,5094.2998046875,5350.0,5041.0,5307.5,2094519
2020-04-16,4825.251953125,5130.7998046875,5228.0,4970.0,5017.0,1752169
2020-04-17,5177.16845703125,5505.0,5602.9501953125,5211.7001953125,5325.0,2192902
2020-04-20,5013.859375,5331.35009765625,5573.9501953125,5280.0,5512.0,1555307
2020-04-21,4703.27734375,5001.10009765625,5131.2998046875,4884.5,5131.2998046875,1843169
2020-04-22,4872.322265625,5180.85009765625,5248.25,4991.0,5009.0,1991584
2020-04-23,4849.28125,5156.35009765625,5244.60009765625,5045.0,5169.0,1454061
2020-04-24,4745.17333984375,5045.64990234375,5140.0,5030.0,5100.0,1070808
2020-04-27,4755.23583984375,5056.35009765625,5225.0,4991.5498046875,5150.10009765625,1432313
2020-04-28,4751.8037109375,5052.7001953125,5120.0,4990.25,5090.0,1172062
2020-04-29,4766.61572265625,5068.4501953125,5100.0,5011.0498046875,5100.0,1038094
2020-04-30,5039.6748046875,5358.7998046875,5425.0,5122.0,5122.0,2341081
2020-05-04,4595.3125,4886.2998046875,5130.25,4840.0,5096.0,1742771
2020-05-05,4542.224609375,4829.85009765625,5029.5498046875,4800.0,4995.0,1570620
2020-05-06,4554.82666015625,4843.25,5000.0,4710.0,4841.2001953125,2214528
2020-05-07,4466.4716796875,4749.2998046875,4935.35009765625,4735.0,4899.5,1530808
2020-05-08,4376.9873046875,4654.14990234375,4879.0,4637.5,4874.0,1828141
2020-05-11,4643.7451171875,4937.7998046875,5014.60009765625,4730.14990234375,4750.0,3176473
2020-05-12,4656.44140625,4951.2998046875,4985.0,4690.0498046875,4914.0,3124672
2020-05-13,4736.1923828125,5036.10009765625,5317.4501953125,4986.25,5250.0,3304845
2020-05-14,4809.49951171875,5114.0498046875,5145.0,4852.14990234375,4905.0,2590674
2020-05-15,4796.66259765625,5100.39990234375,5123.2001953125,4961.14990234375,5110.0,2182462
2020-05-18,4439.8095703125,4720.9501953125,5095.0,4680.5498046875,5080.39990234375,3164086
2020-05-19,4519.13671875,4805.2998046875,4900.0,4755.75,4842.0,2108177
2020-05-20,4600.626953125,4891.9501953125,4920.0,4745.5,4754.0,1518296
2020-05-21,4749.35888671875,5050.10009765625,5073.7998046875,4851.0498046875,4890.0,1868166
2020-05-22,4828.5439453125,5134.2998046875,5150.0,4930.75,5010.0,1935875
2020-05-26,4933.732421875,5246.14990234375,5285.7998046875,5160.64990234375,5200.0,1508751
2020-05-27,4932.08642578125,5244.39990234375,5291.0,5135.39990234375,5270.0,1534655
2020-05-28,5142.701171875,5468.35009765625,5495.0,5220.0,5267.0,2325084
2020-05-29,5276.66796875,5610.7998046875,5666.75,5375.0,5375.0,3386733
2020-06-01,5448.58203125,5793.60009765625,5864.64990234375,5666.89990234375,5690.0,2340994
2020-06-02,5351.24462890625,5690.10009765625,5849.0,5625.10009765625,5797.75,2110719
2020-06-03,5289.0810546875,5624.0,5832.0,5606.0,5730.0,1652859
2020-06-04,5351.33935546875,5690.2001953125,5719.9501953125,5572.0,5658.0,1642049
2020-06-05,5404.00439453125,5746.2001953125,5785.0,5671.10009765625,5728.2998046875,1236658
2020-06-08,5393.28271484375,5734.7998046875,5850.0,5701.5,5850.0,1176769
2020-06-09,5325.10009765625,5662.2998046875,5787.0,5620.0,5754.0,1336806
2020-06-10,5337.60888671875,5675.60009765625,5740.0,5615.0,5655.0,1432292
2020-06-11,5103.01416015625,5426.14990234375,5689.0,5400.2998046875,5637.0,1766481
2020-06-12,5230.53857421875,5561.75,5608.2998046875,5201.0,5201.0,2064628
2020-06-15,5149.6591796875,5475.75,5585.0,5391.0498046875,5520.0,1530562
2020-06-16,5174.53564453125,5502.2001953125,5612.5498046875,5400.0,5590.0,1184933
2020-06-17,5385.1953125,5726.2001953125,5813.4501953125,5445.0,5445.0,3454833
2020-06-18,5374.09814453125,5714.39990234375,5758.0,5641.0,5695.0,1580214
2020-06-19,5546.15283203125,5897.35009765625,5935.0,5707.0,5751.0,1854589
2020-06-22,5544.88427734375,5896.0,5975.0,5806.35009765625,5900.0,1497563
2020-06-23,5535.94970703125,5886.5,6007.2001953125,5862.5498046875,5900.0,1398070
2020-06-24,5412.609375,5755.35009765625,5938.0,5730.0,5938.0,1268449
2020-06-25,5419.1455078125,5762.2998046875,5846.7998046875,5651.0,5677.0,1266203
2020-06-26,5412.1865234375,5754.89990234375,5810.0,5695.0,5800.0,1063057
2020-06-29,5340.52392578125,5678.7001953125,5800.0,5650.0,5730.0,1102655
2020-06-30,5490.619140625,5838.2998046875,5874.5,5681.4501953125,5750.0,2015814
2020-07-01,5457.515625,5803.10009765625,5885.0,5775.0,5838.2998046875,1284965
2020-07-02,5594.21044921875,5948.4501953125,5960.0,5762.7998046875,5850.0,1470941
2020-07-03,5578.83349609375,5932.10009765625,5988.60009765625,5883.0498046875,5948.4501953125,1059779
2020-07-06,5758.92919921875,6123.60009765625,6147.7001953125,5925.0,5963.4501953125,1385081
2020-07-07,5855.93603515625,6226.75,6250.0,6092.64990234375,6140.0,1799721
2020-07-08,5684.4462890625,6044.39990234375,6235.0,6022.60009765625,6226.75,1204072
2020-07-09,5644.90087890625,6002.35009765625,6096.0,5931.35009765625,6080.0,1043427
2020-07-10,5600.9814453125,5955.64990234375,6085.10009765625,5921.0,5980.0,1168821
2020-07-13,5632.2041015625,5988.85009765625,6059.25,5927.7998046875,6000.0,1035069
2020-07-14,5428.033203125,5771.75,5958.75,5750.0,5951.0,1602929
2020-07-15,5455.82275390625,5801.2998046875,5879.7998046875,5755.0,5810.0,1246705
2020-07-16,5525.462890625,5875.35009765625,5920.0,5752.0,5809.0,1018658
2020-07-17,5566.984375,5919.5,5956.0,5851.0,5898.0,810152
2020-07-20,5518.080078125,5867.5,5936.0,5812.0,5935.0,912610
2020-07-21,5765.74755859375,6130.85009765625,6150.0,5900.0,5919.5,1854694
2020-07-22,5645.8876953125,6003.39990234375,6129.0,5939.7001953125,6117.0,1140092
2020-07-23,5704.712890625,6065.9501953125,6090.0,5967.9501953125,6013.0,701651
2020-07-24,5643.34912109375,6000.7001953125,6047.35009765625,5932.10009765625,6010.0,793324
2020-07-27,5683.4111328125,6043.2998046875,6062.85009765625,5928.0498046875,6008.0,902597
2020-07-28,5908.6484375,6282.7998046875,6320.35009765625,6031.14990234375,6050.0,1774828
2020-07-29,5816.814453125,6185.14990234375,6295.0,6118.9501953125,6269.9501953125,2057197
2020-07-30,5892.28564453125,6265.39990234375,6393.64990234375,6170.0498046875,6184.0498046875,2217867
2020-07-31,5889.79296875,6262.75,6379.85009765625,6209.0,6265.0,1613555
2020-08-03,5798.052734375,6165.2001953125,6437.4501953125,6125.0498046875,6380.0,1836582
2020-08-04,5980.2646484375,6358.9501953125,6376.85009765625,6185.0,6199.0,1223516
2020-08-05,6137.6015625,6526.25,6597.7001953125,6380.0,6388.89990234375,2278663
2020-08-06,6165.34423828125,6555.75,6585.85009765625,6434.39990234375,6534.9501953125,1233252
2020-08-07,6281.25390625,6679.0,6749.5,6481.85009765625,6498.0,1567980
2020-08-10,6215.3291015625,6608.89990234375,6728.7001953125,6576.0,6690.0,1601750
2020-08-11,6253.2294921875,6649.2001953125,6713.5,6611.0,6665.0,880808
2020-08-12,6329.4990234375,6730.2998046875,6778.0498046875,6592.10009765625,6609.9501953125,1114981
2020-08-13,6387.7158203125,6731.64990234375,6772.0,6655.0,6729.9501953125,1087096
2020-08-14,6251.59423828125,6588.2001953125,6745.14990234375,6552.0498046875,6740.0,905793
2020-08-17,6422.5869140625,6768.39990234375,6789.9501953125,6588.2001953125,6660.0,1028536
2020-08-18,6540.91650390625,6893.10009765625,6924.89990234375,6760.89990234375,6768.39990234375,1322527
2020-08-19,6633.1494140625,6990.2998046875,7014.7001953125,6885.0498046875,6924.0,1326450
2020-08-20,6618.34716796875,6974.7001953125,6999.0,6880.0498046875,6891.10009765625,958157
2020-08-21,6616.73388671875,6973.0,7065.0,6951.0,7048.0,971836
2020-08-24,6720.638671875,7082.5,7100.0,6955.0,6985.0,961177
2020-08-25,6746.6875,7109.9501953125,7175.7001953125,7075.64990234375,7100.0,1047620
2020-08-26,6650.56298828125,7008.64990234375,7158.0,6972.0,7110.0,992395
2020-08-27,6735.34765625,7098.0,7127.7001953125,6960.7998046875,7043.0,1158891
2020-08-28,6741.13525390625,7104.10009765625,7156.0,7028.4501953125,7125.0,1019984
2020-08-31,6490.48193359375,6839.9501953125,7160.0,6790.4501953125,7138.0,1580774
2020-09-01,6552.82421875,6905.64990234375,7018.7001953125,6802.0,6860.4501953125,1117127
2020-09-02,6567.1533203125,6920.75,6980.0,6852.39990234375,6905.5,776392
2020-09-03,6711.24560546875,7072.60009765625,7116.89990234375,6920.75,6925.0,947751
2020-09-04,6822.7421875,7190.10009765625,7324.0,6965.0498046875,6985.0,2185292
2020-09-07,6840.81787109375,7209.14990234375,7300.0,7129.25,7225.0,1348919
2020-09-08,6854.90966796875,7224.0,7278.0,7137.64990234375,7220.0,1145062
2020-09-09,6846.6064453125,7215.25,7256.35009765625,7121.2001953125,7200.0,1273303
2020-09-10,6862.1689453125,7231.64990234375,7299.39990234375,7168.0,7264.0,978701
2020-09-11,6826.06298828125,7193.60009765625,7349.89990234375,7175.0,7279.9501953125,1383019
2020-09-14,6764.62060546875,7128.85009765625,7239.60009765625,7085.0,7219.0,1003491
2020-09-15,6692.4560546875,7052.7998046875,7175.0,7005.0,7164.0,894418
2020-09-16,6697.34375,7057.9501953125,7169.0,7041.0,7074.0,920570
2020-09-17,6723.81787109375,7085.85009765625,7112.89990234375,6941.0,7049.5,1133411
2020-09-18,6608.90576171875,6964.75,7149.0,6931.60009765625,7148.0,1143550
2020-09-21,6288.3642578125,6626.9501953125,6986.89990234375,6590.0,6964.75,1290480
2020-09-22,6111.48779296875,6440.5498046875,6685.9501953125,6312.35009765625,6675.0,2665724
2020-09-23,6169.1337890625,6501.2998046875,6549.9501953125,6380.0,6462.0,1456226
2020-09-24,5975.9365234375,6297.7001953125,6486.7998046875,6270.14990234375,6435.0,1237674
2020-09-25,6165.7177734375,6497.7001953125,6518.5498046875,6331.0,6395.0,1316468
2020-09-28,6360.52880859375,6703.0,6720.0,6542.2998046875,6579.0,1099583
2020-09-29,6398.248046875,6742.75,6813.2998046875,6671.0,6749.0,1199391
2020-09-30,6398.91259765625,6743.4501953125,6779.9501953125,6671.0,6710.0,812841
2020-10-01,6449.0615234375,6796.2998046875,6909.0,6775.39990234375,6838.2001953125,1255993
2020-10-05,6470.4599609375,6818.85009765625,6877.60009765625,6745.0,6865.0,833476
2020-10-06,6540.251953125,6892.39990234375,6939.7998046875,6830.0,6858.0,756192
2020-10-07,6686.85791015625,7046.89990234375,7070.0,6865.5498046875,6920.0,1101957
2020-10-08,6718.125,7079.85009765625,7140.0,7021.0,7090.0,851205
2020-10-09,6701.56640625,7062.39990234375,7159.0,7001.0,7060.0,839682
2020-10-12,6772.02197265625,7136.64990234375,7155.0,7005.0,7110.0,799712
2020-10-13,6673.57275390625,7032.89990234375,7185.0,7022.0,7135.0,819414
2020-10-14,6644.58447265625,7002.35009765625,7075.0,6927.4501953125,7040.0,779630
2020-10-15,6540.44189453125,6892.60009765625,7049.89990234375,6857.7001953125,7029.0,681316
2020-10-16,6542.6240234375,6894.89990234375,6980.0,6863.0,6895.0,657914
2020-10-19,6501.8681640625,6851.9501953125,6980.0,6825.0,6975.0,548457
2020-10-20,6494.8935546875,6844.60009765625,6949.0,6810.0,6817.0,659864
2020-10-21,6511.2626953125,6861.85009765625,6947.60009765625,6764.64990234375,6904.0,911967
2020-10-22,6463.5322265625,6811.5498046875,6860.0,6775.2001953125,6828.0,584523
2020-10-23,6740.32958984375,7103.25,7124.7001953125,6832.0,6858.0,1758998
2020-10-26,6694.3544921875,7054.7998046875,7161.2998046875,6935.0498046875,7100.0,1559351
2020-10-27,6792.6611328125,7158.39990234375,7209.75,7053.0,7067.0,1461819
2020-10-28,6818.8984375,7186.0498046875,7332.0,7110.0,7194.9501953125,1645177
2020-10-29,6754.041015625,7117.7001953125,7199.0,6986.7001953125,7114.0,1434852
2020-10-30,6609.28466796875,6965.14990234375,7110.0,6881.0,7079.0498046875,1360249
2020-11-02,6517.4306640625,6868.35009765625,7053.39990234375,6850.0,7044.89990234375,1059351
2020-11-03,6560.1318359375,6913.35009765625,6963.25,6852.4501953125,6940.0,926491
2020-11-04,6598.75146484375,6954.0498046875,7054.0,6909.5,6913.35009765625,901404
2020-11-05,6730.4130859375,7092.7998046875,7104.89990234375,6979.64990234375,7020.0,843221
2020-11-06,6554.67578125,6907.60009765625,7135.0,6890.0,7092.0,1378439
2020-11-09,6521.03662109375,6872.14990234375,7032.60009765625,6815.0,6989.9501953125,1479540
2020-11-10,6446.357421875,6793.4501953125,6974.0,6761.4501953125,6973.10009765625,1695413
2020-11-11,6506.9931640625,6857.35009765625,6904.0,6753.10009765625,6859.0,1481918
2020-11-12,6487.5400390625,6836.85009765625,6930.0,6792.0,6857.0,1418041
2020-11-13,6461.35009765625,6809.25,6880.0,6786.0,6880.0,970632
2020-11-14,6502.15283203125,6852.25,6859.89990234375,6835.0,6850.0,128193
2020-11-17,6624.75244140625,6981.4501953125,6996.89990234375,6863.0,6865.0,1243068
2020-11-18,6693.88037109375,7054.2998046875,7070.0,6948.0,6979.9501953125,1400300
2020-11-19,6607.52880859375,6963.2998046875,7130.0,6915.2001953125,7031.0,1305695
2020-11-20,6609.94873046875,6965.85009765625,7020.0,6904.0,6959.5498046875,923474
2020-11-23,6630.72998046875,6987.75,7044.0,6932.60009765625,7040.0,735755
2020-11-24,6792.6611328125,7158.39990234375,7209.0,7050.0,7050.0,1910670
2020-11-25,6695.2080078125,7055.7001953125,7252.35009765625,7017.0,7250.0,947742
2020-11-26,6636.8984375,6994.25,7098.0,6903.0,7080.0,1068945
2020-11-27,6676.3251953125,7035.7998046875,7111.0,6930.0,7040.2998046875,2123905
2020-12-01,6738.85888671875,7101.7001953125,7141.7998046875,6975.2001953125,7141.7998046875,1076695
2020-12-02,6838.30419921875,7206.5,7220.0,7105.0,7110.0,1106734
2020-12-03,7343.69189453125,7739.10009765625,7782.85009765625,7249.60009765625,7250.0,3846792
2020-12-04,7404.46923828125,7803.14990234375,7882.64990234375,7641.25,7798.0,2393536
2020-12-07,7347.7724609375,7743.39990234375,7835.0,7690.0,7828.7998046875,1037296
2020-12-08,7366.0869140625,7762.7001953125,8013.14990234375,7700.0,7748.0,1885285
2020-12-09,7315.3671875,7709.25,7799.9501953125,7692.0,7775.0,822760
2020-12-10,7340.75048828125,7736.0,7850.0,7710.0,7760.0,1186739
2020-12-11,7338.42529296875,7733.5498046875,7795.7001953125,7700.0,7779.9501953125,706875
2020-12-14,7303.55322265625,7696.7998046875,7825.0,7655.0,7810.0,1038032
2020-12-15,7368.505859375,7765.25,7790.0,7640.5498046875,7696.7998046875,891801
2020-12-16,7398.017578125,7796.35009765625,7899.0,7770.0,7820.0,963504
2020-12-17,7300.896484375,7694.0,7831.89990234375,7625.0,7799.89990234375,734075
2020-12-18,7173.50537109375,7559.75,7727.0,7541.75,7714.0,1078328
2020-12-21,6999.23828125,7376.10009765625,7599.0,7278.10009765625,7560.0,970306
2020-12-22,7017.55224609375,7395.39990234375,7438.0,7205.10009765625,7380.0,1138240
2020-12-23,7069.3154296875,7449.9501953125,7555.60009765625,7394.0,7400.39990234375,951805
2020-12-24,7065.615234375,7446.0498046875,7532.75,7414.2001953125,7507.25,589281
2020-12-28,7100.6767578125,7483.0,7543.0,7454.0,7465.0,521320
2020-12-29,7071.5927734375,7452.35009765625,7545.0,7418.2998046875,7520.0,538719
2020-12-30,7223.93994140625,7612.89990234375,7635.0,7430.0,7497.0,1029800
2020-12-31,7258.76513671875,7649.60009765625,7697.0,7580.0,7614.64990234375,908515
2021-01-01,7298.333984375,7691.2998046875,7748.5,7650.0,7654.0,767574
2021-01-04,7308.7724609375,7702.2998046875,7755.2001953125,7642.60009765625,7739.0,598645
2021-01-05,7264.31640625,7655.4501953125,7673.0,7586.0,7660.0,562668
2021-01-06,7238.837890625,7628.60009765625,7749.0,7555.5,7654.0,840678
2021-01-07,7179.48388671875,7566.0498046875,7704.39990234375,7552.10009765625,7676.0,642968
2021-01-08,7605.400390625,8014.89990234375,8060.0,7600.0,7600.0,2557157
2021-01-11,7812.1201171875,8232.75,8288.0,7882.39990234375,8099.0,2182019
2021-01-12,7769.7041015625,8188.0498046875,8329.0,8140.0,8161.0,1514072
2021-01-13,7723.966796875,8139.85009765625,8250.0,8111.0,8188.0,877225
2021-01-14,7733.07666015625,8149.4501953125,8180.0,8023.4501953125,8164.7998046875,718274
2021-01-15,7614.74755859375,8024.75,8219.5,8000.0498046875,8157.14990234375,751177
2021-01-18,7430.56494140625,7830.64990234375,8023.9501953125,7745.0,8011.0,771183
2021-01-19,7517.81640625,7922.60009765625,7990.2998046875,7835.0,7900.0,779892
2021-01-20,7728.806640625,8144.9501953125,8170.0,7860.25,7882.0,999226
2021-01-21,7664.09033203125,8076.75,8267.0,8021.4501953125,8205.0,769494
2021-01-22,7637.61572265625,8048.85009765625,8308.0,8000.0,8085.0,1172914
2021-01-25,7573.70703125,7981.5,8164.7001953125,7950.10009765625,8117.0,753043
2021-01-27,7468.7578125,7870.89990234375,8090.0,7820.5,7992.9501953125,1080785
2021-01-28,7200.78564453125,7588.5,7984.5498046875,7562.0,7840.0,2085637
2021-01-29,6838.4462890625,7206.64990234375,7685.0,7170.0,7685.0,3069968
2021-02-01,7021.7275390625,7399.7998046875,7475.0,7152.0,7265.2001953125,1611478
2021-02-02,7263.6044921875,7654.7001953125,7769.75,7490.14990234375,7534.89990234375,1700845
2021-02-03,7201.45068359375,7589.2001953125,7716.4501953125,7475.85009765625,7680.0,1491567
2021-02-04,7249.6552734375,7640.0,7765.0,7529.0498046875,7600.0,1198036
2021-02-05,7111.25732421875,7494.14990234375,7736.0,7461.0,7680.0,1128089
2021-02-08,7187.59716796875,7574.60009765625,7638.0,7474.5,7515.0,912372
2021-02-09,7237.3662109375,7627.0498046875,7680.0,7574.0,7581.0,925127
2021-02-10,7232.29052734375,7621.7001953125,7674.89990234375,7506.0498046875,7605.2001953125,1015600
2021-02-11,7275.607421875,7667.35009765625,7744.0,7567.64990234375,7600.0,818869
2021-02-12,7181.80859375,7568.5,7675.0,7525.89990234375,7620.10009765625,756833
2021-02-15,7208.52001953125,7596.64990234375,7649.10009765625,7580.0,7600.0,470093
2021-02-16,7303.7900390625,7697.0498046875,7799.0,7625.25,7639.0,1321126
2021-02-17,7119.84423828125,7503.2001953125,7691.5,7471.2998046875,7679.9501953125,1023548
2021-02-18,7114.4833984375,7497.5498046875,7579.0498046875,7460.0,7574.85009765625,821462
2021-02-19,6948.8515625,7323.0,7486.39990234375,7285.0,7448.0,1013887
2021-02-22,6724.3876953125,7086.4501953125,7325.0,7056.0,7323.0,1502068
2021-02-23,6614.361328125,6970.5,7122.35009765625,6938.0,7118.7998046875,1589884
2021-02-24,6597.708984375,6952.9501953125,7036.0,6877.5,6905.0,1225254
2021-02-25,6576.263671875,6930.35009765625,7069.0,6915.0,7065.0,1740066
2021-02-26,6515.34326171875,6866.14990234375,7075.0,6822.2001953125,6900.0,2687534
2021-03-01,6656.5888671875,7015.0,7032.85009765625,6917.0498046875,6977.0,1417600
2021-03-02,6845.5146484375,7214.10009765625,7235.0,7030.0,7060.0,1395296
2021-03-03,6760.6826171875,7124.7001953125,7262.2998046875,7101.2001953125,7245.60009765625,796258
2021-03-04,6767.23095703125,7131.60009765625,7175.2001953125,7011.0,7080.0,906310
2021-03-05,6878.6318359375,7249.0,7315.0,7070.0,7130.0,1821165
2021-03-08,6888.595703125,7259.5,7338.7998046875,7216.0,7264.89990234375,977572
2021-03-09,6928.498046875,7301.5498046875,7329.39990234375,7256.0,7329.39990234375,678485
2021-03-10,6900.552734375,7272.10009765625,7387.0,7251.0,7320.0,659270
2021-03-12,6733.64013671875,7096.2001953125,7313.0,7061.39990234375,7300.0,946720
2021-03-15,6727.09228515625,7089.2998046875,7162.9501953125,7011.0,7145.0,700250
2021-03-16,6784.974609375,7150.2998046875,7200.0,7100.0,7100.0,796357
2021-03-17,6703.70068359375,7064.64990234375,7169.9501953125,7043.5,7160.0,688581
2021-03-18,6750.29248046875,7113.75,7242.0,7060.0,7125.0,984545
2021-03-19,6750.1025390625,7113.5498046875,7149.9501953125,6905.5,7059.9501953125,838756
2021-03-22,6738.43115234375,7101.25,7142.5,7050.2001953125,7104.0,533767
2021-03-23,6819.0888671875,7186.25,7225.0,7130.0,7138.0,757590
2021-03-24,6705.171875,7066.2001953125,7158.39990234375,7049.9501953125,7136.0,457147
2021-03-25,6440.09521484375,6786.85009765625,7059.0,6755.25,7050.0,1338767
2021-03-26,6437.8173828125,6784.4501953125,6898.9501953125,6771.0,6889.0,911299
2021-03-30,6501.72607421875,6851.7998046875,6875.0,6740.0,6811.0,1088817
2021-03-31,6508.74853515625,6859.2001953125,6939.89990234375,6795.2001953125,6852.2998046875,735382
2021-04-01,6570.142578125,6923.89990234375,6991.5,6855.0,6950.0,660759
2021-04-05,6422.7294921875,6768.5498046875,6908.5,6724.60009765625,6908.5,668129
2021-04-06,6406.3603515625,6751.2998046875,6846.9501953125,6720.0,6818.25,628262
2021-04-07,6514.251953125,6865.0,6885.0,6775.0498046875,6790.0,598115
2021-04-08,6478.05126953125,6826.85009765625,6939.2998046875,6806.85009765625,6881.0,604553
2021-04-09,6478.28857421875,6827.10009765625,6875.25,6778.0,6850.0,641327
2021-04-12,6187.447265625,6520.60009765625,6739.85009765625,6502.14990234375,6739.85009765625,1020746
2021-04-13,6467.5654296875,6815.7998046875,6845.39990234375,6468.7998046875,6520.0,995718
2021-04-15,6304.7802734375,6644.25,6846.85009765625,6551.0,6846.60009765625,1267365
2021-04-16,6308.43359375,6648.10009765625,6784.85009765625,6606.0498046875,6675.0,1000325
2021-04-19,6179.0498046875,6511.75,6530.0,6415.0,6500.35009765625,772219
2021-04-20,6307.0576171875,6646.64990234375,6678.7001953125,6558.5498046875,6615.0,914142
2021-04-22,6310.33154296875,6650.10009765625,6674.89990234375,6545.0,6625.9501953125,667911
2021-04-23,6335.00341796875,6676.10009765625,6714.7001953125,6560.0,6560.0,709306
2021-04-26,6299.70361328125,6638.89990234375,6789.0,6600.0,6690.2001953125,937344
2021-04-27,6233.138671875,6568.75,6709.0,6542.0,6669.9501953125,1610651
2021-04-28,6237.9296875,6573.7998046875,6650.0,6545.0,6568.75,1406270
2021-04-29,6230.19580078125,6565.64990234375,6647.4501953125,6552.0,6635.0,757075
2021-04-30,6125.81591796875,6455.64990234375,6559.60009765625,6421.0,6537.10009765625,849997
2021-05-03,6260.7509765625,6597.85009765625,6622.0,6400.0,6430.0,834923
2021-05-04,6175.72900390625,6508.25,6648.5,6482.0,6639.9501953125,507170
2021-05-05,6253.3974609375,6590.10009765625,6599.0,6483.0,6557.7001953125,499160
2021-05-06,6326.03564453125,6666.64990234375,6709.0,6575.7001953125,6590.0,520125
2021-05-07,6360.576171875,6703.0498046875,6754.5498046875,6640.0,6679.0,605050
2021-05-10,6418.412109375,6764.0,6773.14990234375,6660.10009765625,6675.2001953125,541534
2021-05-11,6392.458984375,6736.64990234375,6749.0,6660.25,6680.14990234375,406046
2021-05-12,6469.2255859375,6817.5498046875,6840.0,6685.0,6730.0,770204
2021-05-14,6392.22216796875,6736.39990234375,6842.14990234375,6700.2001953125,6840.0,647029
2021-05-17,6374.62060546875,6717.85009765625,6838.39990234375,6697.5498046875,6716.5,995827
2021-05-18,6463.1064453125,6811.10009765625,6864.0,6715.4501953125,6788.0,805827
2021-05-19,6429.70361328125,6775.89990234375,6854.9501953125,6760.0,6799.0,432774
2021-05-20,6393.5986328125,6737.85009765625,6814.7001953125,6729.5,6780.7998046875,470476
2021-05-21,6466.47412109375,6814.64990234375,6835.5,6744.25,6780.0,434363
2021-05-24,6520.5146484375,6871.60009765625,6965.0,6802.0,6802.0,1027484
2021-05-25,6558.66064453125,6911.7998046875,6948.0,6888.0,6939.9501953125,438736
2021-05-26,6674.90234375,7034.2998046875,7051.0,6912.0,6926.0,691574
2021-05-27,6612.84326171875,6968.89990234375,7069.0,6951.14990234375,7022.0,922091
2021-05-28,6613.88720703125,6970.0,7047.0,6940.5,6988.60009765625,393809
2021-05-31,6724.2451171875,7086.2998046875,7100.0,6924.0498046875,6955.0,718277
2021-06-01,6728.84716796875,7091.14990234375,7143.0,7047.0498046875,7107.5498046875,642841
2021-06-02,6817.6181640625,7184.7001953125,7197.7001953125,7063.4501953125,7063.4501953125,598862
2021-06-03,6841.150390625,7209.5,7230.0,7165.0498046875,7200.0,401590
2021-06-04,6846.08544921875,7214.7001953125,7272.0,7151.10009765625,7200.0,575591
2021-06-07,6903.9208984375,7275.64990234375,7328.85009765625,7211.10009765625,7221.0,520482
2021-06-08,6961.89892578125,7336.75,7366.4501953125,7295.2001953125,7317.5,538816
2021-06-09,6869.14306640625,7239.0,7339.2001953125,7200.0,7310.2001953125,443778
2021-06-10,6832.041015625,7199.89990234375,7279.4501953125,7174.0498046875,7258.0,278027
2021-06-11,6854.71923828125,7223.7998046875,7244.0,7186.39990234375,7244.0,253689
2021-06-14,6811.1181640625,7177.85009765625,7212.9501953125,7095.0498046875,7195.0,322353
2021-06-15,6800.1103515625,7166.25,7228.85009765625,7156.2998046875,7181.14990234375,207625
2021-06-16,6750.767578125,7114.25,7193.75,7070.0,7166.0,283007
2021-06-17,6613.2705078125,6969.35009765625,7099.10009765625,6931.10009765625,7060.0,595255
2021-06-18,6603.78125,6959.35009765625,6989.85009765625,6821.0,6989.85009765625,797389
2021-06-21,6547.36865234375,6899.89990234375,6925.0,6842.0,6870.0,443795
2021-06-22,6894.1943359375,7265.39990234375,7299.9501953125,6930.0,6940.0,1757310
2021-06-23,7052.94677734375,7432.7001953125,7479.0,7240.0498046875,7266.10009765625,2227399
2021-06-24,7142.85595703125,7527.4501953125,7550.0,7410.10009765625,7448.7998046875,1041762
2021-06-25,7258.1953125,7649.0,7665.0,7540.0,7540.0,1216123
2021-06-28,7208.14111328125,7596.25,7698.0,7571.39990234375,7698.0,433364
2021-06-29,7104.947265625,7487.5,7601.0,7452.5498046875,7596.0,480219
2021-06-30,7131.89599609375,7515.89990234375,7646.60009765625,7492.60009765625,7505.5,729267
2021-07-01,7196.8955078125,7584.39990234375,7605.0,7495.0498046875,7500.0,584331
2021-07-02,7186.884765625,7573.85009765625,7634.5,7546.5498046875,7625.0,434905
2021-07-05,7211.177734375,7599.4501953125,7690.0,7583.0,7596.2998046875,484183
2021-07-06,7130.99560546875,7514.9501953125,7657.9501953125,7487.4501953125,7600.0,425103
2021-07-07,7068.79248046875,7449.39990234375,7581.0,7433.64990234375,7528.0,395336
2021-07-08,7023.056640625,7401.2001953125,7498.0,7385.0,7455.0,391940
2021-07-09,7046.30517578125,7425.7001953125,7447.89990234375,7343.39990234375,7381.0,400686
2021-07-12,7088.43603515625,7470.10009765625,7589.7998046875,7451.0498046875,7500.0,496478
2021-07-13,7050.716796875,7430.35009765625,7529.2001953125,7404.0,7520.0,350032
2021-07-14,6952.41064453125,7326.75,7449.0,7310.0,7436.0,460178
2021-07-15,6933.669921875,7307.0,7358.0,7268.0,7357.0,430055
2021-07-16,6930.3955078125,7303.5498046875,7333.0,7272.7998046875,7333.0,281552
2021-07-19,6799.44580078125,7165.5498046875,7297.0,7151.10009765625,7251.7001953125,386598
2021-07-20,6863.16552734375,7232.7001953125,7265.0,7144.4501953125,7180.0,413816
2021-07-22,6926.599609375,7299.5498046875,7325.0,7246.2998046875,7302.0,439934
2021-07-23,6921.19091796875,7293.85009765625,7375.0,7277.0,7300.0,436330
2021-07-26,6866.10693359375,7235.7998046875,7360.0,7180.0,7307.0,431758
2021-07-27,6870.3291015625,7240.25,7320.0,7160.85009765625,7241.2998046875,417171
2021-07-28,6798.97216796875,7165.0498046875,7312.0,7063.0,7280.0,739427
2021-07-29,6636.1865234375,6993.5,7130.0,6936.0,7130.0,1519226
2021-07-30,6621.1943359375,6977.7001953125,7095.0,6964.89990234375,7000.0,715546
2021-08-02,6715.373046875,7076.9501953125,7107.4501953125,7031.0,7100.0,433760
2021-08-03,6831.56591796875,7199.39990234375,7221.0,7086.10009765625,7124.9501953125,470570
2021-08-04,6739.99658203125,7102.89990234375,7248.60009765625,7003.5,7220.0,484122
2021-08-05,6711.01416015625,7027.5498046875,7079.9501953125,7006.0,7072.0,495133
2021-08-06,6780.96484375,7100.7998046875,7168.5,7042.5498046875,7054.7998046875,517575
2021-08-09,6762.77294921875,7081.75,7165.0,7038.0,7135.0,264983
2021-08-10,6686.5673828125,7001.9501953125,7104.89990234375,6995.0,7045.2001953125,356726
2021-08-11,6705.236328125,7021.5,7095.0,6925.14990234375,7002.0,414311
2021-08-12,6696.16455078125,7012.0,7084.7998046875,6985.0,7022.0,330283
2021-08-13,6686.8056640625,7002.2001953125,7049.89990234375,6973.85009765625,7030.0,431784
2021-08-16,6519.35400390625,6826.85009765625,7018.0,6810.0,6982.5,750966
2021-08-17,6575.26611328125,6885.39990234375,6943.0,6746.39990234375,6800.0,752517
2021-08-18,6532.0078125,6840.10009765625,6943.75,6820.0,6943.75,434144
2021-08-20,6542.32080078125,6850.89990234375,6914.64990234375,6780.0,6815.0,657982
2021-08-23,6518.4462890625,6825.89990234375,6918.0,6801.0,6905.0,537302
2021-08-24,6496.76904296875,6803.2001953125,6852.0,6740.60009765625,6789.5,646993
2021-08-25,6409.15185546875,6711.4501953125,6838.0,6700.0,6838.0,722194
2021-08-26,6310.93408203125,6608.60009765625,6701.35009765625,6591.0,6700.0,1199429
2021-08-27,6326.45263671875,6624.85009765625,6694.60009765625,6600.0,6629.75,1428388
2021-08-30,6490.7529296875,6796.89990234375,6810.0,6653.85009765625,6690.0,819447
2021-08-31,6537.73681640625,6846.10009765625,6872.0,6763.5498046875,6820.0,938326
2021-09-01,6479.29345703125,6784.89990234375,6820.0,6702.35009765625,6799.9501953125,1108476
2021-09-02,6486.93310546875,6792.89990234375,6858.9501953125,6708.2001953125,6852.7001953125,741052
2021-09-03,6553.97119140625,6863.10009765625,6958.0,6751.60009765625,6770.0,1196077
2021-09-06,6538.50048828125,6846.89990234375,6954.0,6838.0,6925.0,897444
2021-09-07,6567.38818359375,6877.14990234375,6929.89990234375,6853.7001953125,6879.89990234375,743783
2021-09-08,6475.8076171875,6781.25,6858.35009765625,6756.0,6852.10009765625,847767
2021-09-09,6495.86181640625,6802.25,6818.4501953125,6740.0,6750.0,515702
2021-09-13,6564.09326171875,6873.7001953125,6895.4501953125,6813.2998046875,6835.5,508397
2021-09-14,6583.90966796875,6894.4501953125,6955.0,6851.10009765625,6910.0,817280
2021-09-15,6597.80419921875,6909.0,6938.0,6880.0,6938.0,310138
2021-09-16,6618.765625,6930.9501953125,6949.0,6870.0,6913.2998046875,556648
2021-09-17,6698.50439453125,7014.4501953125,7064.75,6950.0,6955.0,980793
2021-09-20,6637.3388671875,6950.39990234375,7015.4501953125,6906.2001953125,6979.89990234375,550405
2021-09-21,6471.74951171875,6777.0,6939.7001953125,6741.0,6912.5,1085249
2021-09-22,6523.31689453125,6831.0,6846.0,6785.0,6820.0,548623
2021-09-23,6538.31005859375,6846.7001953125,6879.89990234375,6821.0,6868.0,432740
2021-09-24,6639.10595703125,6952.25,7037.7998046875,6848.0,6850.0,1649962
2021-09-27,7069.98291015625,7403.4501953125,7448.0,6974.0,6974.0,2646138
2021-09-28,7089.4638671875,7423.85009765625,7521.5498046875,7333.5,7448.0,1346961
2021-09-29,7051.4560546875,7384.0498046875,7465.0,7291.0,7390.5,643556
2021-09-30,7007.5283203125,7338.0498046875,7408.0498046875,7301.0498046875,7384.75,625717
2021-10-01,6839.6943359375,7162.2998046875,7220.0,7090.0,7220.0,901588
2021-10-04,6847.333984375,7170.2998046875,7214.9501953125,7131.7998046875,7180.0,466994
2021-10-05,6931.3232421875,7258.25,7300.0,7155.64990234375,7164.7998046875,546004
2021-10-06,6874.98046875,7199.25,7281.5,7164.25,7270.89990234375,726695
2021-10-07,7155.02099609375,7492.5,7555.0,7225.25,7234.9501953125,1646727
2021-10-08,7095.3369140625,7430.0,7571.9501953125,7401.14990234375,7548.7001953125,630622
2021-10-11,7353.93896484375,7700.7998046875,7814.7998046875,7419.7998046875,7420.2001953125,1069536
2021-10-12,7347.25439453125,7693.7998046875,7750.0,7630.0498046875,7687.89990234375,406814
2021-10-13,7145.1376953125,7482.14990234375,7749.9501953125,7436.5498046875,7740.0,1084436
2021-10-14,7159.22314453125,7496.89990234375,7560.0,7445.0,7540.0,831546
2021-10-18,7312.1123046875,7657.0,7705.2998046875,7405.0,7405.0,913963
2021-10-19,7310.8232421875,7655.64990234375,7768.60009765625,7585.0,7670.2001953125,658869
2021-10-20,7248.84619140625,7590.75,7667.35009765625,7515.0,7615.0,488082
2021-10-21,7234.0439453125,7575.25,7650.0,7485.0,7650.0,563128
2021-10-22,7075.1865234375,7408.89990234375,7625.0,7386.5498046875,7600.0,224520
2021-10-25,6933.56689453125,7260.60009765625,7396.0498046875,7219.64990234375,7355.0,248058
2021-10-26,6968.66162109375,7297.35009765625,7337.9501953125,7210.2001953125,7265.0,292203
2021-10-27,7024.908203125,7356.25,7461.25,7244.0,7285.0,1218064
2021-10-28,7037.75341796875,7369.7001953125,7529.7001953125,7235.0498046875,7250.0,961511
2021-10-29,7145.37646484375,7482.39990234375,7550.0,7294.85009765625,7350.0,819875
2021-11-01,7272.529296875,7615.5498046875,7666.0,7401.0,7401.0,1005690
2021-11-02,7440.79296875,7791.75,7910.0,7630.7998046875,7647.9501953125,1302733
2021-11-03,7385.8828125,7734.25,7842.25,7711.60009765625,7791.75,656492
2021-11-04,7398.4404296875,7747.39990234375,7819.9501953125,7735.5,7774.7001953125,53365
2021-11-08,7338.4697265625,7684.60009765625,7882.60009765625,7672.0,7759.9501953125,428433
2021-11-09,7236.24072265625,7577.5498046875,7764.5,7538.7001953125,7709.0,632879
2021-11-10,7173.30908203125,7511.64990234375,7580.0,7460.0,7570.0,562432
2021-11-11,7117.73095703125,7453.4501953125,7567.5,7442.0,7512.0,486991
2021-11-12,7142.94091796875,7479.85009765625,7544.0,7442.0,7530.0,349666
2021-11-15,7165.14453125,7503.10009765625,7579.85009765625,7452.0,7452.0,314414
2021-11-16,7687.74462890625,8050.35009765625,8128.75,7535.0498046875,7545.0,2619355
2021-11-17,7902.03759765625,8274.75,8350.0,8015.0498046875,8035.0,2377268
2021-11-18,7751.53564453125,8117.14990234375,8368.0,8001.10009765625,8234.0,1337493
2021-11-22,7510.17041015625,7864.39990234375,8187.85009765625,7806.5498046875,8158.0,672298
2021-11-23,7500.2392578125,7854.0,7953.9501953125,7805.0,7849.10009765625,567198
2021-11-24,7324.00146484375,7669.4501953125,7897.9501953125,7636.60009765625,7865.5,571078
2021-11-25,7231.41796875,7572.5,7719.39990234375,7435.0,7640.0,1007618
2021-11-26,6847.52490234375,7170.5,7520.0,7130.0,7520.0,1154876
2021-11-29,6827.47119140625,7149.5,7210.0,6990.7001953125,7166.0,733010
2021-11-30,6749.451171875,7067.7998046875,7250.0,7015.5498046875,7149.5,1287938
2021-12-01,6945.6474609375,7273.25,7380.0,7130.0498046875,7191.0,1669583
2021-12-02,6995.01806640625,7324.9501953125,7355.4501953125,7245.64990234375,7285.0,618573
2021-12-03,6884.00537109375,7208.7001953125,7329.0,7148.75,7305.0,603798
2021-12-06,6725.625,7042.85009765625,7200.0,7021.0,7193.0,609507
2021-12-07,6862.89990234375,7186.60009765625,7261.7998046875,7091.2001953125,7129.0,637151
2021-12-08,7100.01611328125,7434.89990234375,7497.85009765625,7151.10009765625,7225.0,930339
2021-12-09,7087.458984375,7421.75,7469.0,7325.0,7469.0,615037
2021-12-10,7091.18310546875,7425.64990234375,7475.0,7357.9501953125,7380.0,431682
2021-12-13,7177.84521484375,7516.39990234375,7575.89990234375,7425.0,7485.0,883009
2021-12-14,7155.642578125,7493.14990234375,7556.2998046875,7457.7998046875,7516.7998046875,749704
2021-12-15,7227.07373046875,7567.9501953125,7640.0,7453.0498046875,7476.0,529018
2021-12-16,7115.19970703125,7450.7998046875,7621.0,7406.0,7591.5,595582
2021-12-17,6967.94580078125,7296.60009765625,7480.0,7241.0,7480.0,1081907
2021-12-20,6958.39599609375,7286.60009765625,7321.5498046875,7035.85009765625,7200.0,867425
2021-12-21,6985.66015625,7315.14990234375,7404.9501953125,7284.0,7306.5,415744
2021-12-22,7089.3681640625,7423.75,7454.0,7305.5,7305.5,368978
2021-12-23,7054.41650390625,7387.14990234375,7500.0,7355.0,7481.0,249919
2021-12-24,6987.5224609375,7317.10009765625,7449.85009765625,7252.14990234375,7441.0,357447
2021-12-27,6961.16552734375,7289.5,7330.0,7186.2001953125,7277.10009765625,190180
2021-12-28,6968.75732421875,7297.4501953125,7359.0,7255.10009765625,7320.0,214533
2021-12-29,7018.98779296875,7350.0498046875,7365.0,7240.4501953125,7297.7001953125,287776
2021-12-30,6954.24169921875,7282.25,7395.14990234375,7255.39990234375,7350.0,296041
2021-12-31,7091.9462890625,7426.4501953125,7449.5,7290.0498046875,7290.0498046875,313398
2022-01-03,7185.00732421875,7523.89990234375,7605.9501953125,7420.0,7420.0,456599
2022-01-04,7286.423828125,7630.10009765625,7649.0,7520.0,7600.0,495182
2022-01-05,7425.1318359375,7775.35009765625,7808.0,7605.60009765625,7624.85009765625,710043
2022-01-06,7527.07373046875,7882.10009765625,7899.4501953125,7683.9501953125,7782.0,739981
2022-01-07,7549.896484375,7906.0,7944.7998046875,7835.5,7882.10009765625,523116
2022-01-10,7759.60595703125,8125.60009765625,8232.0,7924.14990234375,7950.0,827930
2022-01-11,7777.03369140625,8143.85009765625,8162.4501953125,8069.2998046875,8100.0,688923
2022-01-12,7802.72216796875,8170.75,8200.0,8115.0,8200.0,288174
2022-01-13,7713.2421875,8077.0498046875,8260.0,7952.0,8175.0,684931
2022-01-14,7720.06982421875,8084.2001953125,8145.0,7951.0,7951.0,299536
2022-01-17,7893.20361328125,8265.5,8368.900390625,8100.10009765625,8124.7998046875,862249
2022-01-18,7558.63427734375,7915.14990234375,8248.9501953125,7891.5,8248.9501953125,785199
2022-01-19,7654.65576171875,8015.7001953125,8060.0,7860.0,7929.0,681632
2022-01-20,7674.3759765625,8036.35009765625,8140.0,7997.5498046875,8000.0,522850
2022-01-21,7820.72265625,8189.60009765625,8244.0,7856.0498046875,7970.0,1041476
2022-01-24,7689.60693359375,8052.2998046875,8332.7998046875,7952.7998046875,8189.0,1153538
2022-01-25,8215.1201171875,8602.599609375,8664.0,7887.89990234375,7990.0,2162832
2022-01-27,8422.9189453125,8820.2001953125,8971.650390625,8400.0498046875,8656.0,2899559
2022-01-28,8165.79736328125,8550.9501953125,8930.0,8522.349609375,8795.0,1045088
2022-01-31,8210.05859375,8597.2998046875,8720.0,8552.7998046875,8625.0,561419
2022-02-01,8173.8662109375,8559.400390625,8790.7998046875,8351.0,8693.0,819689
2022-02-02,8131.7041015625,8515.25,8683.0,8440.25,8579.7001953125,580433
2022-02-03,8206.5732421875,8593.650390625,8798.0,8522.7001953125,8550.0,810019
2022-02-04,8165.4140625,8550.5498046875,8680.0,8492.099609375,8639.900390625,404421
2022-02-07,8128.2666015625,8511.650390625,8615.0,8400.0,8545.0,446099
2022-02-08,8212.111328125,8599.4501953125,8789.099609375,8436.0498046875,8616.7001953125,998182
2022-02-09,8546.3466796875,8949.4501953125,8989.7998046875,8622.0,8622.0,1403525
2022-02-10,8408.833984375,8805.4501953125,9050.0,8789.900390625,9050.0,811887
2022-02-11,8343.6103515625,8737.150390625,8865.0,8673.2998046875,8738.0,671572
2022-02-14,7989.5595703125,8366.400390625,8615.0498046875,8325.0,8500.0,995540
2022-02-15,8234.3154296875,8622.7001953125,8664.25,8356.5,8410.0,682766
2022-02-16,8196.3564453125,8582.9501953125,8736.400390625,8544.0,8720.0,422704
2022-02-17,8167.2294921875,8552.4501953125,8658.2998046875,8525.0,8575.0,305313
2022-02-18,8183.12939453125,8569.099609375,8645.9501953125,8520.0498046875,8550.0,385273
2022-02-21,8224.765625,8612.7001953125,8724.25,8443.599609375,8544.0498046875,626049
2022-02-22,8234.41015625,8622.7998046875,8659.7998046875,8384.849609375,8495.0,620828
2022-02-23,8307.0341796875,8698.849609375,8789.9501953125,8655.2001953125,8690.0,557954
2022-02-24,7840.34716796875,8210.150390625,8587.25,8155.0,8402.0,947351
2022-02-25,7979.7236328125,8356.099609375,8466.0,8209.5498046875,8260.0,1344343
2022-02-28,7939.6630859375,8314.150390625,8339.9501953125,8114.10009765625,8300.0,961303
2022-03-02,7462.2314453125,7814.2001953125,8199.0,7764.0,8197.7001953125,1783011
2022-03-03,7253.4296875,7595.5498046875,7939.9501953125,7558.5,7924.0,1050154
2022-03-04,6920.86572265625,7247.2998046875,7519.2001953125,7130.0,7482.0,2511658
2022-03-07,6464.15673828125,6769.0498046875,7029.85009765625,6730.0,6992.0,2469925
2022-03-08,6499.7294921875,6806.2998046875,6855.0,6536.5498046875,6705.0,2840376
2022-03-09,6710.34619140625,7026.85009765625,7078.10009765625,6777.0,6874.0,1827539
2022-03-10,6886.96484375,7211.7998046875,7399.85009765625,7177.2998046875,7255.0,1535070
2022-03-11,6782.63525390625,7102.5498046875,7200.0,7080.0,7200.0,1024452
2022-03-14,6987.1875,7316.75,7335.0,7012.0,7050.0,1023874
2022-03-15,7085.8828125,7420.10009765625,7620.0,7318.0,7321.0,1586111
2022-03-16,7148.623046875,7485.7998046875,7595.75,7440.0,7570.0,584457
2022-03-17,7346.490234375,7693.0,7741.9501953125,7530.0,7574.0,1133271
2022-03-21,7358.47509765625,7705.5498046875,7940.0,7650.0,7844.0,1354525
2022-03-22,7416.8232421875,7766.64990234375,7809.0,7536.64990234375,7714.9501953125,1093502
2022-03-23,7300.509765625,7644.85009765625,7862.7998046875,7611.0,7800.0,808597
2022-03-24,7216.568359375,7556.9501953125,7655.0,7526.35009765625,7599.2998046875,565485
2022-03-25,7081.44189453125,7415.4501953125,7542.2998046875,7385.0,7515.0,686637
2022-03-28,7140.55419921875,7477.35009765625,7539.0,7413.0,7425.0,599515
2022-03-29,7104.07421875,7439.14990234375,7563.10009765625,7401.0,7535.0,446257
2022-03-30,7256.3427734375,7598.60009765625,7629.9501953125,7490.0,7521.0,589206
2022-03-31,7220.72216796875,7561.2998046875,7652.75,7528.0,7598.5498046875,434317
2022-04-01,7353.22265625,7700.0498046875,7729.0,7517.35009765625,7574.0,449386
2022-04-04,7424.60595703125,7774.7998046875,7794.0,7631.64990234375,7650.0,491029
2022-04-05,7412.2392578125,7761.85009765625,7900.0,7730.0,7781.0,488132
2022-04-06,7395.384765625,7744.2001953125,7849.0,7675.0,7739.0,393628
2022-04-07,7296.35595703125,7640.5,7748.0,7621.0498046875,7659.75,458566
2022-04-08,7217.52392578125,7557.9501953125,7730.5,7515.39990234375,7708.7998046875,849846
2022-04-11,7224.6376953125,7565.39990234375,7616.5498046875,7485.0,7614.85009765625,496254
2022-04-12,7275.20361328125,7618.35009765625,7711.5,7500.0,7540.0,598047
2022-04-13,7133.05810546875,7469.5,7704.9501953125,7440.0,7618.35009765625,527991
2022-04-18,7232.373046875,7573.5,7599.0,7355.0,7374.5,551783
2022-04-19,7100.20703125,7435.10009765625,7678.0,7350.0,7580.0,425990
2022-04-20,7321.375,7666.7001953125,7699.0,7472.60009765625,7499.0,542622
2022-04-21,7524.3037109375,7879.2001953125,7899.7998046875,7686.0498046875,7709.7998046875,772708
2022-04-22,7548.46484375,7904.5,8016.64990234375,7731.0,7789.0,960818
2022-04-25,7555.9609375,7912.35009765625,7998.0,7810.0,7810.0,701521
2022-04-26,7550.61279296875,7906.75,8067.5,7830.0,8000.0,801963
2022-04-27,7437.59375,7788.39990234375,7865.0,7720.0,7851.0,570519
2022-04-28,7532.8505859375,7888.14990234375,7940.0,7766.7001953125,7844.0,561932
2022-04-29,7370.17333984375,7717.7998046875,7946.5,7626.0,7918.0,1162749
2022-05-02,7290.8642578125,7634.75,7750.0,7544.2998046875,7665.0,544053
2022-05-04,7064.6826171875,7397.89990234375,7747.0,7356.5,7650.0,599211
2022-05-05,7073.9931640625,7407.64990234375,7538.0,7380.14990234375,7450.0,524174
2022-05-06,6951.376953125,7279.25,7359.89990234375,7156.64990234375,7314.0,650559
2022-05-09,7028.77587890625,7360.2998046875,7424.5,7130.0,7201.5,570578
2022-05-10,7177.36767578125,7515.89990234375,7575.0,7350.14990234375,7350.14990234375,663616
2022-05-11,7063.2978515625,7396.4501953125,7559.5498046875,7346.60009765625,7519.0,605312
2022-05-12,6926.9296875,7253.64990234375,7323.9501953125,7210.7998046875,7221.5,571754
2022-05-13,6782.0625,7101.9501953125,7340.0,7062.35009765625,7340.0,703097
2022-05-16,6921.15283203125,7247.60009765625,7305.35009765625,7150.0,7157.0,369545
2022-05-17,7193.5068359375,7532.7998046875,7584.64990234375,7255.0498046875,7280.0,811448
2022-05-18,7225.73583984375,7566.5498046875,7640.14990234375,7509.60009765625,7566.0,576970
2022-05-19,7071.03271484375,7404.5498046875,7525.0,7385.0498046875,7450.0,363255
2022-05-20,7244.88330078125,7586.60009765625,7648.89990234375,7450.0,7520.5498046875,742204
2022-05-23,7541.732421875,7897.4501953125,7954.85009765625,7776.10009765625,7800.10009765625,1161175
2022-05-24,7451.20166015625,7802.64990234375,7941.9501953125,7791.2998046875,7919.0,581609
2022-05-25,7436.49560546875,7787.25,7859.5,7696.0498046875,7840.0,454335
2022-05-26,7453.44580078125,7805.0,7839.9501953125,7620.0,7800.0,476799
2022-05-27,7585.1826171875,7942.9501953125,7965.89990234375,7833.0,7925.0,431411
2022-05-30,7652.9365234375,8013.89990234375,8060.0,7951.0,7980.2001953125,389517
2022-05-31,7607.52783203125,7966.35009765625,8100.0,7900.0,8013.89990234375,2494005
2022-06-01,7581.7919921875,7939.39990234375,8068.89990234375,7880.10009765625,7975.0498046875,522004
2022-06-02,7568.42236328125,7925.39990234375,7972.0,7855.60009765625,7925.0,352848
2022-06-03,7357.99853515625,7705.0498046875,7995.0,7681.0,7950.0,591905
2022-06-06,7363.24951171875,7710.5498046875,7776.89990234375,7591.4501953125,7690.0,606990
2022-06-07,7457.64794921875,7809.39990234375,7820.0,7555.0,7615.0498046875,991192
2022-06-08,7536.95703125,7892.4501953125,7921.0,7720.7001953125,7824.0,813596
2022-06-09,7572.67236328125,7929.85009765625,8010.0,7830.10009765625,7848.0,687937
2022-06-10,7577.68603515625,7935.10009765625,7988.2001953125,7826.0,7826.0,442921
2022-06-13,7545.6953125,7901.60009765625,7967.35009765625,7793.75,7849.9501953125,565826
2022-06-14,7459.79638671875,7811.64990234375,7901.39990234375,7750.0,7805.0,553462
2022-06-15,7499.7138671875,7853.4501953125,7929.0,7816.0,7816.0,604566
2022-06-16,7480.75830078125,7833.60009765625,8025.0,7805.0,7938.0,1319566
2022-06-17,7341.859375,7688.14990234375,7849.7001953125,7646.14990234375,7805.0,1317656
2022-06-20,7315.88427734375,7660.9501953125,7784.10009765625,7626.0,7699.7998046875,1043423
2022-06-21,7430.14501953125,7780.60009765625,7840.0,7625.14990234375,7714.9501953125,954884
2022-06-22,7432.1982421875,7782.75,7869.0,7716.60009765625,7750.0,796824
2022-06-23,7898.4560546875,8271.0,8317.7998046875,7803.0,7810.0,1676430
2022-06-24,7986.5029296875,8363.2001953125,8390.0,8238.2998046875,8310.0,1156788
2022-06-27,8068.19970703125,8448.75,8546.7001953125,8391.25,8444.0,921090
2022-06-28,8107.3046875,8489.7001953125,8539.900390625,8381.0498046875,8415.25,691242
2022-06-29,8125.64111328125,8508.900390625,8530.0,8370.0,8389.9501953125,655413
2022-06-30,8089.208984375,8470.75,8634.599609375,8435.599609375,8500.0,1130302
2022-07-01,8024.12841796875,8402.599609375,8450.0,8305.599609375,8440.0,530569
2022-07-04,8063.04248046875,8443.349609375,8467.599609375,8320.0,8402.599609375,625431
2022-07-05,7972.65673828125,8348.7001953125,8508.5498046875,8335.0,8498.5,610290
2022-07-06,8241.333984375,8630.0498046875,8652.4501953125,8370.0,8377.0,976098
2022-07-07,8218.7490234375,8606.400390625,8700.0,8576.2001953125,8695.0,547662
2022-07-08,8094.17529296875,8475.9501953125,8656.9501953125,8445.0,8620.0,686327
2022-07-11,8124.447265625,8507.650390625,8525.0,8416.099609375,8451.7001953125,536114
2022-07-12,8040.45849609375,8419.7001953125,8497.4501953125,8376.25,8495.0,424358
2022-07-13,8060.03466796875,8440.2001953125,8488.150390625,8381.0,8454.0,413855
2022-07-14,8181.83984375,8567.75,8587.349609375,8450.0,8464.9501953125,606496
2022-07-15,8382.6669921875,8778.0498046875,8799.0,8576.2001953125,8596.0,631246
2022-07-18,8312.716796875,8704.7998046875,8843.0,8684.0,8802.0,478682
2022-07-19,8323.26953125,8715.849609375,8798.900390625,8667.4501953125,8699.9501953125,478458
2022-07-20,8354.9736328125,8749.0498046875,8865.4501953125,8720.2001953125,8775.5,398132
2022-07-21,8400.7626953125,8797.0,8831.900390625,8722.0498046875,8793.0,421090
2022-07-22,8433.1845703125,8830.9501953125,8889.0,8791.0,8850.0,415294
2022-07-25,8233.263671875,8621.599609375,8858.599609375,8490.0,8828.5,623462
2022-07-26,8141.82666015625,8525.849609375,8625.400390625,8471.349609375,8622.0,429454
2022-07-27,8268.12109375,8658.099609375,8707.4501953125,8460.0,8555.5498046875,1298855
2022-07-28,8328.234375,8721.0498046875,8770.150390625,8628.7998046875,8700.0,725196
2022-07-29,8378.3701171875,8773.5498046875,8943.0,8730.0,8764.7001953125,821432
2022-08-01,8597.8681640625,9003.400390625,9085.0,8822.599609375,8850.0,1009408
2022-08-02,8759.8759765625,9173.0498046875,9196.849609375,8954.0,8985.0,848311
2022-08-03,8612.228515625,8959.4501953125,9144.75,8855.599609375,9144.75,753729
2022-08-04,8619.197265625,8966.7001953125,9048.0,8830.0,9024.0,643264
2022-08-05,8498.5615234375,8841.2001953125,8985.2001953125,8810.0,8966.7998046875,558385
2022-08-08,8576.181640625,8921.9501953125,8998.0,8841.0,8841.2001953125,520993
2022-08-10,8535.5693359375,8879.7001953125,8999.5,8826.0,8938.599609375,445375
2022-08-11,8472.2705078125,8813.849609375,8998.0,8724.0,8955.7001953125,508318
2022-08-12,8362.064453125,8699.2001953125,8815.0,8675.0,8815.0,712782
2022-08-16,8654.763671875,9003.7001953125,9040.0,8705.0498046875,8737.150390625,963726
2022-08-17,8597.712890625,8944.349609375,9070.0,8920.0,9010.0,623749
2022-08-18,8600.93359375,8947.7001953125,9012.400390625,8877.0,8925.0,442229
2022-08-19,8438.7236328125,8778.9501953125,8968.0,8715.0,8955.4501953125,572597
2022-08-22,8293.6240234375,8628.0,8767.4501953125,8602.2001953125,8751.0,488485
2022-08-23,8382.5390625,8720.5,8757.0,8564.0,8607.0,558231
2022-08-24,8366.677734375,8704.0,8772.0,8594.0,8660.0,442582
2022-08-25,8397.3427734375,8735.900390625,8835.0,8680.0,8721.0,525721
2022-08-26,8382.634765625,8720.599609375,8832.75,8706.2001953125,8800.0,398063
2022-08-29,8491.8330078125,8834.2001953125,8859.900390625,8590.0,8602.599609375,459057
2022-08-30,8730.26953125,9082.25,9164.0,8870.0,8884.7998046875,1016312
2022-09-01,8674.7578125,9024.5,9233.650390625,8941.0,8949.9501953125,888864
2022-09-02,8573.9228515625,8919.599609375,9149.900390625,8902.099609375,9026.5,632909
2022-09-05,8603.1923828125,8950.0498046875,9016.7998046875,8875.0,8900.0,386455
2022-09-06,8544.267578125,8888.75,9022.75,8870.0,8984.2998046875,397902
2022-09-07,8444.443359375,8784.900390625,8873.5498046875,8760.0,8864.0,496785
2022-09-08,8449.970703125,8790.650390625,8885.099609375,8780.0,8829.0,428924
2022-09-09,8599.2998046875,8946.0,8989.0,8730.0,8834.650390625,632296
2022-09-12,8581.6611328125,8927.650390625,9012.2998046875,8904.0,8969.900390625,383641
2022-09-13,8580.5556640625,8926.5,8989.0498046875,8910.900390625,8972.2998046875,405093
2022-09-14,8619.6796875,8967.2001953125,9000.0,8825.7001953125,8859.849609375,509547
2022-09-15,8852.828125,9209.75,9325.0,9030.0,9030.0498046875,1392132
2022-09-16,8833.5078125,9189.650390625,9315.900390625,9020.0498046875,9209.5,1056382
2022-09-19,8921.171875,9280.849609375,9343.4501953125,9070.0,9175.2998046875,727024
2022-09-20,8940.3974609375,9300.849609375,9430.0,9250.0,9339.0,747257
2022-09-21,8889.5009765625,9247.900390625,9398.0,9211.4501953125,9300.0,440725
2022-09-22,9037.4833984375,9401.849609375,9435.0,9186.0,9199.0,511112
2022-09-23,8981.34765625,9343.4501953125,9451.0,9277.349609375,9397.9501953125,574213
2022-09-26,8492.5537109375,8834.9501953125,9270.2998046875,8800.0,9270.2998046875,865432
2022-09-27,8434.013671875,8774.0498046875,8908.9501953125,8670.5,8890.0,686285
2022-09-28,8388.5478515625,8726.75,8850.0,8660.0498046875,8720.0,663740
2022-09-29,8290.5947265625,8624.849609375,8800.0,8604.099609375,8770.400390625,817007
2022-09-30,8486.017578125,8828.150390625,8872.0,8558.2001953125,8668.0,658982
2022-10-03,8215.763671875,8547.0,8970.0,8510.0,8970.0,1123076
2022-10-04,8353.7021484375,8690.5,8758.5498046875,8630.0,8699.0,503140
2022-10-06,8365.7177734375,8703.0,8825.0,8690.5,8734.0,474445
2022-10-07,8438.8681640625,8779.099609375,8845.599609375,8711.0,8750.0,428616
2022-10-10,8518.94140625,8862.400390625,8876.4501953125,8658.0,8675.0,411218
2022-10-11,8347.599609375,8684.150390625,8850.0,8665.0,8811.0,422610
2022-10-12,8349.953125,8686.599609375,8720.0,8590.599609375,8698.0,380365
2022-10-13,8314.3388671875,8649.5498046875,8785.4501953125,8592.0,8665.0,355605
2022-10-14,8283.3388671875,8617.2998046875,8766.599609375,8606.2998046875,8760.0,274160
2022-10-17,8385.7109375,8723.7998046875,8749.7001953125,8567.0498046875,8610.0,304671
2022-10-18,8466.0224609375,8807.349609375,8888.25,8752.0498046875,8765.0498046875,369973
2022-10-19,8381.43359375,8719.349609375,8855.0,8695.0,8851.400390625,385416
2022-10-20,8369.947265625,8707.400390625,8739.2001953125,8611.0,8700.0,328270
2022-10-21,8366.005859375,8703.2998046875,8794.0,8641.0,8730.0,356203
2022-10-24,8425.748046875,8765.4501953125,8788.7998046875,8745.849609375,8788.7998046875,30052
2022-10-25,8656.013671875,9005.0,9017.0,8797.400390625,8820.0,727441
2022-10-27,8691.53125,9041.9501953125,9076.9501953125,8902.0,9050.0,849108
2022-10-28,9124.6689453125,9492.5498046875,9549.9501953125,9051.0,9095.0,1873029
2022-10-31,9158.3603515625,9527.599609375,9769.0,9451.099609375,9650.0,1932020
2022-11-01,9088.1884765625,9454.599609375,9636.900390625,9375.0,9635.0,805517
2022-11-02,8871.716796875,9229.400390625,9454.599609375,9210.0,9445.0,788679
2022-11-03,8881.0400390625,9239.099609375,9310.0,9164.400390625,9210.0,616860
2022-11-04,8871.8125,9229.5,9324.0,9191.0498046875,9257.900390625,465775
2022-11-07,8971.5908203125,9333.2998046875,9352.7998046875,9254.2998046875,9277.0,469017
2022-11-09,8894.8828125,9253.5,9480.849609375,9220.0,9480.349609375,617256
2022-11-10,8744.6875,9097.25,9250.75,9071.0,9201.0,445700
2022-11-11,8735.3642578125,9087.5498046875,9240.0,9050.0,9200.0,461074
2022-11-14,8797.65234375,9152.349609375,9163.0498046875,8992.5498046875,9100.0,282822
2022-11-15,8807.1220703125,9162.2001953125,9203.5498046875,9130.0,9190.0,359888
2022-11-16,8780.927734375,9134.9501953125,9252.5,9099.849609375,9160.0,350737
2022-11-17,8638.1826171875,8986.4501953125,9169.599609375,8970.0,9101.0,409572
2022-11-18,8505.1455078125,8848.0498046875,9023.9501953125,8836.0,9010.0,515615
2022-11-21,8521.6318359375,8865.2001953125,8929.2001953125,8786.0,8825.0,520644
2022-11-22,8529.849609375,8873.75,8934.9501953125,8859.0498046875,8875.0,455948
2022-11-23,8588.2451171875,8934.5,8989.0,8902.0,8940.0,621006
2022-11-24,8619.5830078125,8967.099609375,8994.900390625,8921.0,8968.900390625,455343
2022-11-25,8669.951171875,9019.5,9080.0,8947.5,9000.0,545439
2022-11-28,8637.1728515625,8985.400390625,9104.099609375,8950.0,9028.0,439956
2022-11-29,8564.8876953125,8910.2001953125,9024.75,8888.0,8985.0,606692
2022-11-30,8626.359375,8974.150390625,9020.0,8870.0,8924.0,1087650
2022-12-01,8610.98046875,8958.150390625,9025.0,8930.0,9019.0498046875,694489
2022-12-02,8474.193359375,8815.849609375,8928.900390625,8754.75,8820.0,971612
2022-12-05,8451.3154296875,8792.0498046875,8853.2001953125,8765.0,8844.0,519621
2022-12-06,8379.5107421875,8717.349609375,8800.0,8694.9501953125,8777.2001953125,551379
2022-12-07,8323.5673828125,8659.150390625,8747.849609375,8641.0,8720.0,546450
2022-12-08,8346.2041015625,8682.7001953125,8711.0,8606.0498046875,8665.0,476001
2022-12-09,8279.5400390625,8613.349609375,8763.75,8545.4501953125,8707.0,790406
2022-12-12,8324.1435546875,8659.75,8693.2998046875,8515.2998046875,8609.0,445039
2022-12-13,8286.607421875,8620.7001953125,8697.349609375,8610.0,8662.0,330236
2022-12-14,8306.6962890625,8641.599609375,8677.7001953125,8596.0498046875,8650.0,343670
2022-12-15,8251.4736328125,8584.150390625,8673.599609375,8575.0,8641.0,472176
2022-12-16,8156.9345703125,8485.7998046875,8588.0,8446.0,8559.5,624222
2022-12-19,8270.4091796875,8603.849609375,8621.4501953125,8451.0,8498.7998046875,464106
2022-12-20,8193.9912109375,8524.349609375,8584.400390625,8432.0498046875,8584.400390625,694906
2022-12-21,8026.783203125,8350.400390625,8566.9501953125,8288.2998046875,8524.349609375,800720
2022-12-22,8011.35400390625,8334.349609375,8384.0,8288.0,8356.650390625,580858
2022-12-23,7826.07373046875,8141.60009765625,8329.9501953125,8122.85009765625,8299.7001953125,503012
2022-12-26,7936.8095703125,8256.7998046875,8346.0,8076.0498046875,8147.0,315102
2022-12-27,7983.57373046875,8305.4501953125,8315.0,8230.7998046875,8298.9501953125,423308
2022-12-28,8094.69384765625,8421.0498046875,8453.5,8287.599609375,8315.0,538632
2022-12-29,8108.87255859375,8435.7998046875,8449.0,8333.0,8370.0,452134
2022-12-30,8069.26953125,8394.599609375,8490.0,8362.25,8470.0,433976
2023-01-02,8077.6318359375,8403.2998046875,8454.0,8337.599609375,8365.0,398159
2023-01-03,8057.87841796875,8382.75,8402.0,8304.150390625,8380.0,493207
2023-01-04,8096.37646484375,8422.7998046875,8537.0498046875,8311.0498046875,8376.0,566744
2023-01-05,8133.19189453125,8461.099609375,8475.0,8390.0498046875,8444.9501953125,417716
2023-01-06,8058.166015625,8383.0498046875,8483.9501953125,8350.0,8460.0,368978
2023-01-09,8052.35107421875,8377.0,8446.9501953125,8325.099609375,8424.849609375,613406
2023-01-10,7971.751953125,8293.150390625,8410.0,8262.900390625,8380.0,493677
2023-01-11,7963.38818359375,8284.4501953125,8334.650390625,8249.150390625,8334.650390625,327536
2023-01-12,8044.85302734375,8369.2001953125,8377.0,8260.0,8315.0,283772
2023-01-13,8125.791015625,8453.400390625,8500.0498046875,8351.0,8397.0,705220
2023-01-16,8055.33056640625,8380.099609375,8514.2998046875,8343.599609375,8480.0,500575
2023-01-17,8150.73486328125,8479.349609375,8493.2998046875,8342.150390625,8409.849609375,409248
2023-01-18,8164.86474609375,8494.0498046875,8537.400390625,8464.2998046875,8473.0,402883
2023-01-19,8172.1708984375,8501.650390625,8519.0,8456.5,8479.0,184776
2023-01-20,8112.71728515625,8439.7998046875,8500.0,8412.0,8462.0498046875,346337
2023-01-23,8090.8974609375,8417.099609375,8482.0,8377.900390625,8480.0,410827
2023-01-24,8361.6796875,8698.7998046875,8718.0,8417.0,8450.0,1039571
2023-01-25,8443.6748046875,8784.099609375,8833.0,8680.2998046875,8747.900390625,1131883
2023-01-27,8398.8798828125,8737.5,8889.0,8620.099609375,8828.4501953125,743546
2023-01-30,8475.2998046875,8817.0,8865.0,8718.0,8779.0,1036998
2023-01-31,8550.5654296875,8895.2998046875,8943.849609375,8830.2001953125,8856.900390625,643670
2023-02-01,8429.0146484375,8768.849609375,9030.4501953125,8673.900390625,8937.0,707460
2023-02-02,8526.3896484375,8870.150390625,8940.0,8751.099609375,8765.0,456995
2023-02-03,8595.7431640625,8942.2998046875,8963.0,8845.150390625,8940.0,351157
2023-02-06,8562.771484375,8908.0,8936.0,8820.0,8926.9501953125,205161
2023-02-07,8422.86328125,8762.4501953125,8920.0,8752.5498046875,8908.0,318669
2023-02-08,8492.314453125,8834.7001953125,8854.5,8673.0498046875,8773.0,391645
2023-02-09,8460.111328125,8801.2001953125,8833.0,8700.0,8802.2998046875,392186
2023-02-10,8469.8671875,8811.349609375,8875.0,8772.9501953125,8797.7998046875,276298
2023-02-13,8468.0419921875,8809.4501953125,8864.400390625,8755.7001953125,8787.0,253037
2023-02-14,8434.3984375,8774.4501953125,8847.0,8765.0,8815.0,227030
2023-02-15,8502.5498046875,8845.349609375,8895.7001953125,8742.0,8774.4501953125,452568
2023-02-16,8463.859375,8805.099609375,8880.0,8790.0,8880.0,247514
2023-02-17,8466.408203125,8807.75,8874.0,8749.75,8787.0,214587
2023-02-20,8356.7314453125,8693.650390625,8849.0,8675.25,8807.75,298434
2023-02-21,8333.8505859375,8669.849609375,8720.0,8638.4501953125,8694.0,323478
2023-02-22,8323.375,8658.9501953125,8719.0,8585.0,8675.5,363931
2023-02-23,8359.2294921875,8696.25,8747.4501953125,8616.0,8693.4501953125,317544
2023-02-24,8324.8642578125,8660.5,8740.0,8609.2998046875,8711.0,242982
2023-02-27,8297.6611328125,8632.2001953125,8643.0498046875,8530.0,8630.0,220225
2023-02-28,8290.115234375,8624.349609375,8709.0,8605.2998046875,8650.0,370998
2023-03-01,8424.498046875,8764.150390625,8776.25,8620.0,8620.0,333441
2023-03-02,8217.4453125,8548.75,8771.0,8509.099609375,8771.0,603893
2023-03-03,8267.9111328125,8601.25,8629.0,8550.0,8592.0498046875,437977
2023-03-06,8296.9404296875,8631.4501953125,8663.0,8590.9501953125,8640.0,275417
2023-03-08,8356.9697265625,8693.900390625,8712.0498046875,8610.0498046875,8625.0,348171
2023-03-09,8210.9091796875,8541.9501953125,8737.0,8534.0498046875,8725.0,431466
2023-03-10,8268.19921875,8601.5498046875,8628.0,8480.099609375,8530.0,516128
2023-03-13,8188.271484375,8518.400390625,8637.2998046875,8481.099609375,8601.5498046875,479314
2023-03-14,8182.263671875,8512.150390625,8544.9501953125,8445.0,8544.9501953125,349510
2023-03-15,8146.50537109375,8474.9501953125,8704.9501953125,8440.0,8650.0,509229
2023-03-16,8110.45849609375,8437.4501953125,8533.400390625,8411.0,8460.099609375,340261
2023-03-17,7994.53173828125,8316.849609375,8510.9501953125,8293.5498046875,8503.0,471602
2023-03-20,7901.05078125,8219.599609375,8316.849609375,8130.0,8316.849609375,488199
2023-03-21,7909.5107421875,8228.400390625,8275.0,8215.0,8245.0,287497
2023-03-22,7932.58056640625,8252.400390625,8289.599609375,8217.0,8236.0,218120
2023-03-23,8029.47314453125,8353.2001953125,8375.0,8232.599609375,8264.0,540553
2023-03-24,7923.44873046875,8242.900390625,8386.5,8211.0,8353.2001953125,391840
2023-03-27,7957.52392578125,8278.349609375,8316.7998046875,8229.5498046875,8250.0,364326
2023-03-28,7890.669921875,8208.7998046875,8355.599609375,8140.0,8305.900390625,360349
2023-03-29,7973.81787109375,8295.2998046875,8319.099609375,8187.5,8249.849609375,339851
2023-03-31,7970.7900390625,8292.150390625,8370.0,8257.0498046875,8325.9501953125,478757
2023-04-03,8173.515625,8503.0498046875,8579.0,8390.349609375,8412.849609375,627265
2023-04-05,8119.6865234375,8447.0498046875,8548.0,8430.0,8521.9501953125,272888
2023-04-06,8186.58984375,8516.650390625,8535.0,8377.099609375,8464.0,309551
2023-04-10,8204.373046875,8535.150390625,8555.7998046875,8403.0498046875,8456.599609375,308275
2023-04-11,8323.951171875,8659.5498046875,8670.9501953125,8545.0,8580.0,409240
2023-04-12,8286.9423828125,8621.0498046875,8709.9501953125,8591.0,8672.0,408458
2023-04-13,8334.763671875,8670.7998046875,8704.0,8620.0,8628.0498046875,480202
2023-04-17,8338.466796875,8674.650390625,8850.0,8650.0,8850.0,489356
2023-04-18,8394.21875,8732.650390625,8748.7998046875,8690.0,8692.9501953125,276111
2023-04-19,8343.5615234375,8679.9501953125,8741.7998046875,8662.4501953125,8690.0498046875,280819
2023-04-20,8376.916015625,8714.650390625,8739.900390625,8665.150390625,8670.0,369060
2023-04-21,8226.7685546875,8558.4501953125,8704.0,8550.0,8679.400390625,424157
2023-04-24,8138.046875,8466.150390625,8577.0,8444.75,8577.0,543745
2023-04-25,8140.68994140625,8468.900390625,8525.0,8420.0,8510.0,906406
2023-04-26,8177.21728515625,8506.900390625,8550.0,8434.900390625,8527.0,959058
2023-04-27,8211.8701171875,8542.9501953125,8570.0,8471.25,8570.0,536521
2023-04-28,8256.6640625,8589.5498046875,8612.4501953125,8535.099609375,8593.0,387567
2023-05-02,8436.705078125,8776.849609375,8827.0,8606.0,8622.7001953125,865562
2023-05-03,8456.3623046875,8797.2998046875,8828.0,8715.0498046875,8770.0,537008
2023-05-04,8459.5341796875,8800.599609375,8822.9501953125,8743.0,8796.650390625,271926
2023-05-05,8601.84765625,8948.650390625,8988.0,8790.0,8800.599609375,951591
2023-05-08,8724.501953125,9076.25,9120.9501953125,8960.0,9046.0,678780
2023-05-09,8758.43359375,9111.5498046875,9140.0,9051.849609375,9083.0,415394
2023-05-10,8812.8408203125,9168.150390625,9180.0,9060.0,9128.7998046875,366827
2023-05-11,8901.99609375,9260.900390625,9315.0,9142.0498046875,9242.9501953125,644550
2023-05-12,8935.1591796875,9295.400390625,9329.7998046875,9232.650390625,9260.9501953125,403028
2023-05-15,8850.4736328125,9207.2998046875,9307.5,9185.400390625,9242.0,259316
2023-05-16,8719.7919921875,9071.349609375,9229.2998046875,9057.099609375,9219.099609375,448981
2023-05-17,8765.98046875,9119.400390625,9132.0,9032.0498046875,9080.349609375,290482
2023-05-18,8702.44140625,9053.2998046875,9150.0,9044.099609375,9144.9501953125,272497
2023-05-19,8753.0517578125,9105.9501953125,9118.2001953125,8960.5498046875,9060.0,543472
2023-05-22,8801.787109375,9156.650390625,9169.7001953125,9073.849609375,9090.0,182115
2023-05-23,8844.1298828125,9200.7001953125,9235.0,9156.75,9169.0,269008
2023-05-24,8911.4638671875,9270.75,9318.2001953125,9159.0,9168.0,470365
2023-05-25,8922.1337890625,9281.849609375,9293.400390625,9216.0498046875,9220.75,218979
2023-05-26,9035.6572265625,9399.9501953125,9415.0,9311.25,9333.0,346760
2023-05-29,8971.783203125,9333.5,9488.7998046875,9312.0498046875,9435.0,236834
2023-05-30,9019.7001953125,9383.349609375,9402.900390625,9300.0,9380.0,372004
2023-05-31,9004.6572265625,9367.7001953125,9449.9501953125,9267.599609375,9449.9501953125,1614766
2023-06-01,8966.7841796875,9328.2998046875,9377.5498046875,9222.0,9337.5,378706
2023-06-02,9117.7470703125,9485.349609375,9525.150390625,9312.7001953125,9389.0,445105
2023-06-05,9210.748046875,9582.099609375,9640.0,9488.5498046875,9552.5,434649
2023-06-06,9358.876953125,9736.2001953125,9770.0,9611.0,9629.0,542318
2023-06-07,9331.2880859375,9707.5,9800.0,9650.5,9788.0,453747
2023-06-08,9284.283203125,9658.599609375,9765.0,9625.5,9733.0,273746
2023-06-09,9254.6767578125,9627.7998046875,9713.900390625,9611.099609375,9675.5,161389
2023-06-12,9180.3251953125,9550.4501953125,9700.0,9537.650390625,9625.0,316879
2023-06-13,9148.650390625,9517.5,9618.0498046875,9505.650390625,9588.0,561014
2023-06-14,9163.0703125,9532.5,9599.0,9490.5,9520.0,328167
2023-06-15,9223.00390625,9594.849609375,9697.7998046875,9543.0,9555.0,459978
2023-06-16,9231.51171875,9603.7001953125,9643.400390625,9552.0,9595.0498046875,682099
2023-06-19,9162.58984375,9532.0,9642.150390625,9510.0,9638.0,395006
2023-06-20,9124.2353515625,9492.099609375,9538.900390625,9420.0,9530.0,612713
2023-06-21,9074.9716796875,9440.849609375,9537.0,9396.0498046875,9502.0,356331
2023-06-22,9038.6376953125,9403.0498046875,9494.349609375,9373.7998046875,9439.0498046875,288487
2023-06-23,8965.822265625,9327.2998046875,9427.0,9305.0,9420.0,309138
2023-06-26,9103.185546875,9470.2001953125,9520.0,9300.0,9327.2998046875,405168
2023-06-27,9094.341796875,9461.0,9500.0,9395.0498046875,9490.0,339375
2023-06-28,9170.9052734375,9540.650390625,9575.0,9432.5498046875,9475.4501953125,482586
2023-06-30,9409.677734375,9789.0498046875,9853.5,9541.0,9569.0,845006
2023-07-03,9298.125,9673.0,9785.849609375,9656.5498046875,9742.0498046875,398066
2023-07-04,9273.517578125,9647.400390625,9716.5,9620.0498046875,9700.0,247673
2023-07-05,9605.0498046875,9992.2998046875,10036.9501953125,9675.0,9697.0,815044
2023-07-06,9477.30078125,9859.400390625,10016.2998046875,9815.2001953125,9999.9501953125,652120
2023-07-07,9468.505859375,9850.25,9945.0,9815.0,9854.0,457050
2023-07-10,9358.97265625,9736.2998046875,9933.349609375,9719.75,9854.0,272008
2023-07-11,9516.4716796875,9900.150390625,9956.849609375,9736.2998046875,9796.0,568772
2023-07-12,9454.6162109375,9835.7998046875,9950.0,9805.0,9895.0,552967
2023-07-13,9273.6611328125,9647.5498046875,9898.9501953125,9612.0,9852.9501953125,519564
2023-07-14,9231.4619140625,9603.650390625,9727.2998046875,9591.0,9701.9501953125,498441
2023-07-17,9314.0341796875,9689.5498046875,9699.0,9555.0,9647.0,444583
2023-07-18,9291.060546875,9665.650390625,9766.2998046875,9601.7001953125,9710.2001953125,320985
2023-07-19,9235.2119140625,9607.5498046875,9666.0,9525.650390625,9651.0,450254
2023-07-20,9393.7685546875,9772.5,9785.0,9575.4501953125,9620.0,466813
2023-07-21,9391.4140625,9770.0498046875,9845.0,9703.0,9720.0,328483
2023-07-24,9319.0791015625,9694.7998046875,9815.0,9680.0,9770.0498046875,358506
2023-07-25,9380.4072265625,9758.599609375,9774.9501953125,9616.7998046875,9624.0,240998
2023-07-26,9378.2451171875,9756.349609375,9810.0,9725.25,9761.5,209861
2023-07-27,9375.6015625,9753.599609375,9827.150390625,9691.650390625,9770.0,256672
2023-07-28,9295.5302734375,9670.2998046875,9750.0,9546.400390625,9739.0,381151
2023-07-31,9440.1494140625,9820.75,9837.7001953125,9606.0,9670.2998046875,600060
2023-08-01,9340.1796875,9716.75,9892.0,9650.0498046875,9760.0,1394528
2023-08-02,9279.6689453125,9653.7998046875,9793.4501953125,9520.349609375,9715.0,672815
2023-08-03,9260.1669921875,9543.7001953125,9659.9501953125,9515.599609375,9598.849609375,614897
2023-08-04,9189.0439453125,9470.400390625,9616.0,9427.0,9560.0,540470
2023-08-07,9240.857421875,9523.7998046875,9539.7998046875,9422.0,9490.0,366329
2023-08-08,9259.05078125,9542.5498046875,9623.0,9505.0,9539.9501953125,430636
2023-08-09,9181.9599609375,9463.099609375,9540.0498046875,9417.5,9540.0,404602
2023-08-10,9118.40625,9397.599609375,9500.0,9342.0498046875,9463.099609375,523490
2023-08-11,9078.8671875,9356.849609375,9469.0,9344.0,9397.599609375,498504
2023-08-14,9044.7138671875,9321.650390625,9364.0,9257.900390625,9360.0,336864
2023-08-16,9139.705078125,9419.5498046875,9437.75,9254.150390625,9334.0,336363
2023-08-17,9096.7685546875,9375.2998046875,9474.75,9350.0,9414.900390625,402798
2023-08-18,9175.1201171875,9456.0498046875,9470.0,9336.650390625,9350.0,400745
2023-08-21,9158.3828125,9438.7998046875,9469.0,9413.25,9455.5498046875,375347
2023-08-22,9209.9052734375,9491.900390625,9508.0498046875,9409.7001953125,9420.2001953125,435930
2023-08-23,9315.716796875,9600.9501953125,9640.0,9446.0,9519.0,546842
2023-08-24,9289.275390625,9573.7001953125,9661.650390625,9555.0,9661.650390625,385559
2023-08-25,9223.2958984375,9505.7001953125,9624.75,9485.0,9554.0,346449
2023-08-28,9312.5625,9597.7001953125,9670.0,9510.0,9514.9501953125,325938
2023-08-29,9335.412109375,9621.25,9684.75,9506.0,9600.0,317224
2023-08-30,9505.3603515625,9796.400390625,9817.9501953125,9610.0,9660.0,543634
2023-08-31,9706.5966796875,10003.7998046875,10065.0,9770.099609375,9770.099609375,1581818
2023-09-01,10024.3193359375,10331.25,10397.9501953125,9951.349609375,9999.0,1193178
2023-09-04,10054.591796875,10362.4501953125,10467.9501953125,10286.2998046875,10401.0,819552
2023-09-05,9957.2236328125,10262.099609375,10412.7001953125,10245.7998046875,10350.0,507107
2023-09-06,9876.447265625,10178.849609375,10260.0,10130.150390625,10260.0,663758
2023-09-07,9975.3193359375,10280.75,10300.900390625,10150.0,10150.0,445805
2023-09-08,10025.046875,10332.0,10400.0,10300.0,10399.0,439721
2023-09-11,10220.8994140625,10533.849609375,10550.0,10344.0,10345.0,598050
2023-09-12,10191.548828125,10503.599609375,10568.400390625,10405.0,10544.0,568773
2023-09-13,10162.24609375,10473.400390625,10536.400390625,10440.0,10500.0,301707
2023-09-14,10176.5595703125,10488.150390625,10580.0,10431.0498046875,10465.0498046875,501196
2023-09-15,10212.556640625,10525.25,10550.0,10477.400390625,10489.2998046875,544616
2023-09-18,10209.5,10522.099609375,10623.650390625,10494.0498046875,10500.0498046875,430213
2023-09-20,10039.3583984375,10346.75,10494.0498046875,10337.5498046875,10494.0498046875,545106
2023-09-21,9978.763671875,10284.2998046875,10345.0,10206.5,10343.0498046875,577252
2023-09-22,10222.162109375,10535.150390625,10566.75,10308.4501953125,10378.0,986206
2023-09-25,10273.6357421875,10588.2001953125,10720.0,10530.0,10535.150390625,756801
2023-09-26,10243.0234375,10556.650390625,10633.9501953125,10526.5498046875,10631.900390625,452503
2023-09-27,10363.435546875,10680.75,10706.0,10525.0,10550.0,458359
2023-09-28,10251.462890625,10565.349609375,10705.0,10532.0498046875,10650.5,598144
2023-09-29,10295.3701171875,10610.599609375,10705.5,10510.5498046875,10541.0,481725
2023-10-03,10039.5048828125,10346.900390625,10709.7998046875,10303.2998046875,10709.7998046875,623006
2023-10-04,9828.90234375,10129.849609375,10283.900390625,10090.0,10283.900390625,407793
2023-10-05,9906.8173828125,10210.150390625,10270.9501953125,10109.0,10181.9501953125,377196
2023-10-06,9995.986328125,10302.0498046875,10332.9501953125,10260.0,10283.0,335700
2023-10-09,9940.4375,10244.7998046875,10334.400390625,10183.9501953125,10250.0,230083
2023-10-10,10066.76953125,10375.0,10417.0,10270.099609375,10290.0,348342
2023-10-11,10102.767578125,10412.099609375,10440.0,10340.0498046875,10349.9501953125,193526
2023-10-12,10266.552734375,10580.900390625,10624.5498046875,10420.2001953125,10460.0,569237
2023-10-13,10408.845703125,10727.5498046875,10745.0498046875,10529.7998046875,10534.0498046875,625954
2023-10-16,10386.48046875,10704.5,10810.849609375,10665.0,10729.9501953125,304196
2023-10-17,10431.404296875,10750.7998046875,10797.849609375,10565.2998046875,10730.0,474718
2023-10-18,10467.9365234375,10788.4501953125,10809.849609375,10711.0498046875,10755.0,267435
2023-10-19,10451.68359375,10771.7001953125,10798.7001953125,10700.0,10700.0,286284
2023-10-20,10407.0029296875,10725.650390625,10799.0,10695.7001953125,10763.099609375,232512
2023-10-23,10240.1123046875,10553.650390625,10724.650390625,10530.4501953125,10681.0,227925
2023-10-25,10274.265625,10588.849609375,10647.4501953125,10501.599609375,10520.0,401105
2023-10-26,10114.4599609375,10424.150390625,10594.0,10392.5,10539.0,506129
2023-10-27,10246.9521484375,10560.7001953125,10845.0,10440.0,10440.0498046875,1116713
2023-10-30,10088.794921875,10397.7001953125,10700.0,10245.0,10700.0,991168
2023-10-31,10083.5546875,10392.2998046875,10490.0,10321.0,10490.0,439996
2023-11-01,9923.89453125,10227.75,10422.2001953125,10188.650390625,10390.099609375,699116
2023-11-02,9997.490234375,10303.599609375,10345.0,10201.0,10290.2998046875,569194
2023-11-03,9971.001953125,10276.2998046875,10370.0,10241.0,10318.0,517582
2023-11-06,9979.296875,10284.849609375,10338.9501953125,10252.0,10338.9501953125,490459
2023-11-07,9948.6845703125,10253.2998046875,10326.0,10235.849609375,10300.0,264935
2023-11-08,10015.634765625,10322.2998046875,10340.4501953125,10260.599609375,10320.0,287006
2023-11-09,10091.365234375,10400.349609375,10449.599609375,10316.75,10349.9501953125,310536
2023-11-10,10080.1591796875,10388.7998046875,10416.400390625,10320.0,10375.0,206395
2023-11-13,10089.474609375,10398.400390625,10429.0,10363.650390625,10429.0,261891
2023-11-15,10145.4111328125,10456.0498046875,10497.0,10375.0498046875,10497.0,436538
2023-11-16,10173.0166015625,10484.5,10543.7001953125,10409.2001953125,10480.0,488715
2023-11-17,10210.8583984375,10523.5,10606.7998046875,10499.150390625,10500.0,403772
2023-11-20,10252.337890625,10566.25,10593.349609375,10500.0,10500.0,234246
2023-11-21,10222.162109375,10535.150390625,10619.0,10500.0,10619.0,312242
2023-11-22,10182.767578125,10494.5498046875,10551.25,10420.0,10550.0,378891
2023-11-23,10176.8974609375,10488.5,10525.0,10394.0498046875,10487.7998046875,453820
2023-11-24,10203.2421875,10515.650390625,10566.5,10462.0,10505.9501953125,380306
2023-11-28,10224.490234375,10537.5498046875,10556.400390625,10506.0,10539.9501953125,268026
2023-11-29,10284.357421875,10599.25,10634.5498046875,10525.7001953125,10570.0,343341
2023-11-30,10293.5263671875,10608.7001953125,10649.0,10546.099609375,10581.0,665660
2023-12-01,10271.2099609375,10585.7001953125,10759.0,10533.0498046875,10608.0,591519
2023-12-04,10284.5517578125,10599.4501953125,10695.099609375,10425.0,10695.0,625235
2023-12-05,10403.3642578125,10721.900390625,10770.0,10563.400390625,10650.900390625,580996
2023-12-06,10310.0693359375,10625.75,10748.9501953125,10590.0,10721.900390625,464163
2023-12-07,10378.8642578125,10696.650390625,10932.849609375,10635.0,10790.0,704413
2023-12-08,10303.083984375,10618.5498046875,10748.0,10551.0,10730.0,548373
2023-12-11,10228.5654296875,10541.75,10638.0,10500.0498046875,10630.0,579749
2023-12-12,10031.2568359375,10338.400390625,10624.0,10301.099609375,10620.0,1088687
2023-12-13,10071.6689453125,10380.0498046875,10412.900390625,10260.0,10360.0,603469
2023-12-14,10045.6181640625,10353.2001953125,10495.0,10312.2998046875,10440.0,635475
2023-12-15,9980.8017578125,10286.400390625,10476.75,9832.599609375,10459.0,1244681
2023-12-18,10013.0146484375,10319.599609375,10350.900390625,10226.2001953125,10295.0,652498
2023-12-19,9929.5693359375,10233.599609375,10377.0,10206.2001953125,10319.599609375,585734
2023-12-20,9781.74609375,10081.25,10309.0498046875,9990.0,10240.0,964051
2023-12-21,9715.3779296875,10012.849609375,10099.25,9900.0,10000.0,739806
2023-12-22,9913.609375,10217.150390625,10318.2998046875,10030.0,10050.0,652545
2023-12-26,9965.5205078125,10270.650390625,10281.2001953125,10114.7001953125,10270.0,395273
2023-12-27,9982.8388671875,10288.5,10305.349609375,10230.0,10286.0,397675
2023-12-28,9966.4404296875,10271.599609375,10310.9501953125,10187.0,10310.9501953125,584234
2023-12-29,9996.27734375,10302.349609375,10396.650390625,10273.0,10280.4501953125,705227
2024-01-01,9977.7939453125,10283.2998046875,10345.0,10214.650390625,10345.0,411724
2024-01-02,9894.78515625,10197.75,10294.7001953125,10151.0498046875,10283.2998046875,776837
2024-01-03,9778.25390625,10077.650390625,10210.0,10065.0,10200.0,521046
2024-01-04,9717.755859375,10015.2998046875,10120.0,9985.5498046875,10100.0,711733
2024-01-05,9719.4052734375,10017.0,10075.0,9970.0,10010.650390625,673131
2024-01-08,9651.193359375,9946.7001953125,10128.9501953125,9911.900390625,10005.0,600153
2024-01-09,9726.2939453125,10024.099609375,10042.650390625,9890.0,9975.0,666469
2024-01-10,9712.8076171875,10010.2001953125,10050.75,9950.0,10049.9501953125,481699
2024-01-11,9713.6806640625,10011.099609375,10124.099609375,10000.0,10025.099609375,1024815
2024-01-12,9669.58203125,9965.650390625,10044.9501953125,9935.9501953125,10025.0,850190
2024-01-15,9787.2294921875,10086.900390625,10098.7998046875,9948.0,9985.099609375,463380
2024-01-16,9881.0068359375,10183.5498046875,10240.0,10060.0,10086.849609375,536823
2024-01-17,9753.07421875,10051.7001953125,10161.7998046875,9996.4501953125,10124.0,610250
2024-01-18,9629.65234375,9924.5,10050.0,9737.650390625,9946.0498046875,614860
2024-01-19,9739.4912109375,10037.7001953125,10051.650390625,9949.0498046875,9960.0,377018
2024-01-23,9567.5068359375,9860.4501953125,9973.0,9832.099609375,9862.0,956269
2024-01-24,9691.4609375,9988.2001953125,10000.0,9755.0,9860.0,459092
2024-01-25,9587.4453125,9881.0,9999.7998046875,9816.5498046875,9988.2001953125,718817
2024-01-29,9694.56640625,9991.400390625,10035.0,9875.0498046875,9931.150390625,446516
2024-01-30,9655.9970703125,9951.650390625,10033.5,9931.5,10010.849609375,399869
2024-01-31,9884.2578125,10186.900390625,10235.599609375,9913.0,9959.2998046875,997024
2024-02-01,10321.908203125,10637.9501953125,10699.7998046875,10204.0,10210.0,1869594
2024-02-02,10338.888671875,10655.4501953125,10711.599609375,10540.400390625,10598.0,814940
2024-02-05,10118.728515625,10428.5498046875,10759.9501953125,10400.0,10602.0,365105
2024-02-06,10522.6611328125,10844.849609375,10856.75,10458.0,10499.9501953125,829040
2024-02-07,10610.8125,10935.7001953125,10973.5,10786.7998046875,10860.0,560808
2024-02-08,10424.7099609375,10743.900390625,10951.0,10689.9501953125,10951.0,557082
2024-02-09,10413.9873046875,10732.849609375,10770.0,10611.099609375,10711.25,645489
2024-02-12,10391.5263671875,10709.7001953125,10748.9501953125,10650.0498046875,10700.0,190655
2024-02-13,10473.8056640625,10794.5,10830.0,10640.150390625,10730.0,397979
2024-02-14,10700.3212890625,11027.9501953125,11050.0,10703.400390625,10705.0,354676
2024-02-15,10760.7705078125,11090.25,11133.0,10980.0,11040.0,447248
2024-02-16,11042.30078125,11380.400390625,11480.0,11098.0,11120.0,716486
2024-02-19,11142.19140625,11483.349609375,11613.0498046875,11333.0498046875,11380.400390625,581383
2024-02-20,11106.3876953125,11446.4501953125,11479.9501953125,11315.849609375,11440.0,355044
2024-02-21,11125.2119140625,11465.849609375,11521.0,11370.0,11456.0,348461
2024-02-22,11311.4580078125,11657.7998046875,11695.0,11391.25,11500.0,584406
2024-02-23,11192.8896484375,11535.599609375,11720.0,11475.2001953125,11704.9501953125,472884
2024-02-26,11126.3271484375,11467.0,11533.9501953125,11416.4501953125,11505.0,277700
2024-02-27,11158.9775390625,11500.650390625,11562.900390625,11384.25,11415.0,307585
2024-02-28,10821.4619140625,11152.7998046875,11498.9501953125,11130.0,11471.0,358812
2024-02-29,10952.984375,11288.349609375,11349.0,11129.5,11155.0,943841
2024-03-01,11275.705078125,11620.9501953125,11675.0,11295.0,11295.0,487355
2024-03-04,11249.7001953125,11594.150390625,11677.2998046875,11544.150390625,11600.0,369936
2024-03-05,11323.87890625,11670.599609375,11730.0,11561.7998046875,11596.0498046875,320702
2024-03-06,11223.404296875,11567.0498046875,11679.0,11518.400390625,11670.599609375,639542
2024-03-07,11168.0986328125,11510.0498046875,11633.5,11421.150390625,11571.0498046875,255325
2024-03-11,11057.0009765625,11395.5498046875,11555.900390625,11350.0498046875,11515.150390625,525344
2024-03-12,11167.953125,11509.900390625,11575.900390625,11381.0,11400.0,283816
2024-03-13,11051.7607421875,11390.150390625,11554.849609375,11267.599609375,11510.0,385204
2024-03-14,11065.7802734375,11404.599609375,11460.0,11302.0498046875,11401.75,523058
2024-03-15,11135.6904296875,11476.650390625,11521.0498046875,11314.0498046875,11380.0,972333
2024-03-18,11290.59765625,11636.2998046875,11665.400390625,11366.2998046875,11436.650390625,311049
2024-03-19,11252.513671875,11597.0498046875,11679.9501953125,11456.150390625,11542.099609375,409259
2024-03-20,11586.390625,11941.150390625,12025.0,11651.150390625,11651.150390625,1031037
2024-03-21,11554.37109375,11908.150390625,12000.0,11825.349609375,11999.0,544311
2024-03-22,11971.16015625,12337.7001953125,12427.2998046875,11890.0498046875,11890.0498046875,1062263
2024-03-26,11886.5986328125,12250.5498046875,12321.900390625,12141.2001953125,12285.5498046875,507568
2024-03-27,12138.6796875,12510.349609375,12722.7001953125,12285.7001953125,12290.0,878986
2024-03-28,12226.005859375,12600.349609375,12726.7998046875,12385.5,12569.9501953125,860324
2024-04-01,12196.169921875,12569.599609375,12689.0,12506.150390625,12613.349609375,314676
2024-04-02,12179.529296875,12552.4501953125,12648.0,12462.25,12624.9501953125,333508
2024-04-03,12058.630859375,12427.849609375,12525.5,12412.5498046875,12450.0,271935
2024-04-04,12193.8896484375,12567.25,12649.0,12318.0498046875,12490.0,491166
2024-04-05,12052.56640625,12421.599609375,12557.900390625,12384.5,12492.0,231600
2024-04-08,12482.890625,12865.099609375,12927.650390625,12450.0,12450.0,570422
2024-04-09,12505.111328125,12888.0,12985.7001953125,12780.0,12865.099609375,314466
2024-04-10,12305.9580078125,12682.75,12958.0,12600.900390625,12933.0,464239
2024-04-12,11902.123046875,12266.5498046875,12660.0,12225.0,12660.0,973366
2024-04-15,12053.779296875,12422.849609375,12510.0,12032.9501953125,12199.5,831257
2024-04-16,12131.2578125,12502.7001953125,12549.900390625,12275.349609375,12308.0,579183
2024-04-18,12036.4599609375,12405.0,12602.0,12320.0498046875,12570.0,679117
2024-04-19,12333.3203125,12710.9501953125,12759.400390625,12225.0,12399.900390625,635535
2024-04-22,12405.6552734375,12785.5,12879.150390625,12659.0,12783.150390625,342212
2024-04-23,12610.14453125,12996.25,13024.5,12776.2998046875,12845.0,397281
2024-04-24,12559.4951171875,12944.0498046875,13073.9501953125,12900.0,13000.0,296364
2024-04-25,12538.5859375,12922.5,12980.7001953125,12740.349609375,12964.0,640725
2024-04-26,12325.947265625,12703.349609375,13045.0,12660.0,12922.0,704626
2024-04-29,12312.84765625,12689.849609375,12994.7998046875,12603.0,12800.0498046875,613937
2024-04-30,12436.705078125,12817.5,12996.0,12740.2001953125,12786.0,528776
2024-05-02,12424.916015625,12805.349609375,12844.150390625,12514.7998046875,12750.0,814923
2024-05-03,12121.021484375,12492.150390625,12830.0,12411.400390625,12817.9501953125,834990
2024-05-06,12069.740234375,12439.2998046875,12646.400390625,12372.5,12550.0,342231
2024-05-07,11996.7255859375,12364.0498046875,12508.5,12239.0,12472.400390625,604375
2024-05-08,12170.8935546875,12543.5498046875,12559.9501953125,12325.0,12392.0,399669
2024-05-09,12133.1494140625,12504.650390625,12739.7998046875,12436.75,12540.0,504590
2024-05-10,12298.923828125,12675.5,12696.9501953125,12501.0,12505.0,328670
2024-05-13,12297.322265625,12673.849609375,12708.400390625,12477.5498046875,12660.0,281421
2024-05-14,12433.50390625,12814.2001953125,12840.0,12651.400390625,12673.849609375,331037
2024-05-15,12387.9970703125,12767.2998046875,12872.400390625,12700.0,12820.0,232030
2024-05-16,12126.3583984375,12497.650390625,12848.0,12300.0,12848.0,914201
2024-05-17,12265.93359375,12641.5,12665.900390625,12322.2998046875,12515.150390625,809226
2024-05-21,12102.7314453125,12473.2998046875,12678.900390625,12441.7998046875,12600.150390625,443136
2024-05-22,12159.0556640625,12531.349609375,12563.0,12363.099609375,12427.7998046875,280015
2024-05-23,12550.6181640625,12934.900390625,12975.099609375,12473.0498046875,12566.0498046875,768732
2024-05-24,12614.220703125,13000.4501953125,13034.0,12811.0,12865.0,624801
2024-05-27,12522.671875,12906.099609375,13058.5,12777.0,13023.4501953125,464953
2024-05-28,12437.771484375,12818.599609375,12985.9501953125,12800.25,12890.0,333806
2024-05-29,12408.7119140625,12788.650390625,12850.0498046875,12750.0,12818.0,353706
2024-05-30,12223.7265625,12598.0,12810.0,12550.0,12721.0,524559
2024-05-31,12030.9296875,12399.2998046875,12633.349609375,12330.0,12598.0,908304
2024-06-03,12105.4970703125,12476.150390625,12825.0,12402.5498046875,12825.0,485936
2024-06-04,11814.3125,12176.0498046875,12597.2001953125,11561.4501953125,12596.599609375,825928
2024-06-05,12131.1611328125,12502.599609375,12614.099609375,12125.099609375,12180.0,447581
2024-06-06,12296.984375,12673.5,12690.0,12468.0,12511.5498046875,447536
2024-06-07,12430.3017578125,12810.900390625,12828.0,12582.349609375,12582.349609375,532480
2024-06-10,12339.724609375,12717.5498046875,12920.0,12627.900390625,12765.150390625,293471
2024-06-11,12481.4853515625,12863.650390625,12939.5498046875,12655.2001953125,12743.5,358807
2024-06-12,12467.609375,12849.349609375,12951.599609375,12802.0,12863.650390625,302719
2024-06-13,12465.18359375,12846.849609375,12940.0,12739.599609375,12940.0,297240
2024-06-14,12463.58203125,12845.2001953125,12895.0,12778.7998046875,12831.5,216967
2024-06-18,12187.77734375,12560.9501953125,12880.0,12542.0498046875,12878.400390625,823306
2024-06-19,11878.3994140625,12242.099609375,12625.0,12200.0,12610.0,694871
2024-06-20,11788.5517578125,12149.5,12305.5,12135.0,12246.0,907751
2024-06-21,11839.005859375,12201.5,12366.25,12083.5,12220.0,947800
2024-06-24,11821.4443359375,12183.400390625,12289.0,12041.0,12181.0,550862
2024-06-25,11756.62890625,12116.599609375,12237.7998046875,12072.0498046875,12201.400390625,594272
2024-06-26,11835.8525390625,12198.25,12323.849609375,12067.7001953125,12117.0,447931
2024-06-27,11816.931640625,12178.75,12227.2998046875,12010.0,12200.0,1230852
2024-06-28,11676.3359375,12033.849609375,12201.5,12004.150390625,12184.9501953125,1160395
2024-07-01,11748.9150390625,12108.650390625,12260.0,12005.5498046875,12045.0,1134926
2024-07-02,11684.826171875,12042.599609375,12149.9501953125,11995.0,12149.9501953125,687181
2024-07-03,11763.4697265625,12123.650390625,12150.0,11960.0,12115.0,467532
2024-07-04,11730.4306640625,12089.599609375,12210.0,12071.7998046875,12135.0,299684
2024-07-05,11744.451171875,12104.0498046875,12137.4501953125,12021.900390625,12069.150390625,406926
2024-07-08,11666.3916015625,12023.599609375,12112.0,11966.0,12104.0,496933
2024-07-09,12446.6025390625,12827.7001953125,12959.9501953125,12264.0498046875,12325.0,2114130
2024-07-10,12393.333984375,12772.7998046875,13300.0,12732.650390625,12950.0498046875,2070520
2024-07-11,12337.4443359375,12715.2001953125,12923.7998046875,12695.0498046875,12800.0,608983
2024-07-12,12189.28125,12562.5,12669.900390625,12475.0,12620.0,674746
2024-07-15,12268.3115234375,12643.9501953125,12768.5,12590.0,12600.0,697186
2024-07-16,12264.0419921875,12639.5498046875,12798.0,12581.75,12643.0,347810
2024-07-18,12268.408203125,12644.0498046875,12680.0,12463.0,12633.0,391216
2024-07-19,12152.2158203125,12524.2998046875,12710.0,12496.4501953125,12650.0,351955
2024-07-22,12265.69140625,12641.25,12658.9501953125,12400.0498046875,12500.0,249631
2024-07-23,12253.853515625,12629.0498046875,12734.9501953125,12360.0,12720.0,332258
2024-07-24,12116.267578125,12487.25,12663.2001953125,12458.2001953125,12634.0,285860
2024-07-25,12137.5654296875,12509.2001953125,12525.0,12388.0498046875,12388.0498046875,396789
2024-07-26,12287.474609375,12663.7001953125,12743.099609375,12389.2001953125,12470.0,537693
2024-07-29,12372.7138671875,12751.5498046875,12773.7001953125,12603.0,12709.0,388263
2024-07-30,12491.1875,12873.650390625,12968.7998046875,12709.900390625,12760.0,526539
2024-07-31,12726.142578125,13115.7998046875,13375.0,12895.150390625,12980.0,836405
2024-08-01,12962.166015625,13359.0498046875,13680.0,13112.0,13393.0,2040384
2024-08-02,12464.9462890625,12726.400390625,13174.900390625,12673.0498046875,13126.0,1333355
2024-08-05,11950.1923828125,12200.849609375,12490.0,12027.650390625,12490.0,1131415
2024-08-06,11881.875,12131.099609375,12554.900390625,12110.0,12390.0,623565
2024-08-07,12117.337890625,12371.5,12450.0,12265.900390625,12399.0,433514
2024-08-08,11967.8232421875,12218.849609375,12392.7001953125,12152.150390625,12371.0,358577
2024-08-09,11973.0634765625,12224.2001953125,12390.0,12195.099609375,12390.0,320211
2024-08-12,12021.10546875,12273.25,12370.0,12100.0,12200.0,291212
2024-08-13,11926.0986328125,12176.25,12340.0498046875,12122.0,12337.0,464483
2024-08-14,11954.89453125,12205.650390625,12239.0,12130.0,12239.0,449827
2024-08-16,11962.38671875,12213.2998046875,12343.9501953125,12111.0,12314.9501953125,552732
2024-08-19,11900.19140625,12149.7998046875,12244.0498046875,12126.7998046875,12195.0,277319
2024-08-20,11964.00390625,12214.9501953125,12310.0,12150.099609375,12160.5,471927
2024-08-21,11969.8798828125,12220.9501953125,12248.9501953125,12177.0498046875,12214.9501953125,295984
2024-08-22,12024.1416015625,12276.349609375,12325.0,12181.0,12280.0,501316
2024-08-23,12049.55859375,12302.2998046875,12375.0498046875,12254.400390625,12300.0,440809
2024-08-26,11992.2607421875,12243.7998046875,12334.5,12222.0,12325.0,232805
2024-08-27,12240.1611328125,12496.900390625,12530.0,12225.099609375,12245.0,477609
2024-08-28,12103.625,12357.5,12519.9501953125,12330.0,12500.0,313227
2024-08-29,12197.9462890625,12453.7998046875,12480.0,12250.0,12343.0,608598
2024-08-30,12148.1904296875,12403.0,12570.0,12316.2001953125,12460.0,2271179
2024-09-02,12172.0888671875,12427.400390625,12525.0,12350.400390625,12373.0,331514
2024-09-03,12142.4111328125,12397.099609375,12474.2998046875,12359.900390625,12474.0,445514
2024-09-04,12082.810546875,12336.25,12398.0,12234.099609375,12325.0498046875,735076
2024-09-05,12045.9345703125,12298.599609375,12370.0,12230.0,12337.0,595865
2024-09-06,11935.7958984375,12186.150390625,12304.849609375,12094.7001953125,12250.0,733354
2024-09-09,11896.224609375,12145.75,12219.849609375,12102.0,12197.5,415790
2024-09-10,12011.4580078125,12263.400390625,12288.0498046875,12098.0,12150.099609375,285122
2024-09-11,11991.0849609375,12242.599609375,12334.0,12165.0,12260.0,349799
2024-09-12,12146.083984375,12400.849609375,12427.0,12151.349609375,12262.099609375,547830
2024-09-13,12063.0263671875,12316.0498046875,12395.0,12291.0498046875,12365.0,361093
2024-09-16,12036.5322265625,12289.0,12364.0,12256.0,12321.9501953125,170114
2024-09-17,11994.1708984375,12245.75,12285.0,12151.650390625,12285.0,568161
2024-09-18,11953.3759765625,12204.099609375,12337.9501953125,12170.0,12240.0498046875,182282
2024-09-19,12097.748046875,12351.5,12410.0,12206.400390625,12259.9501953125,465608
2024-09-20,12355.3447265625,12614.5,12705.150390625,12360.0498046875,12360.400390625,875654
2024-09-23,12422.53515625,12683.099609375,12749.0,12625.0,12625.0,235586
2024-09-24,12476.8955078125,12738.599609375,12778.9501953125,12583.099609375,12583.099609375,425916
2024-09-25,12522.6357421875,12785.2998046875,12816.2001953125,12611.0,12727.25,341172
2024-09-26,13108.8408203125,13383.7998046875,13411.0,12830.0,12835.0,1471069
2024-09-27,13218.3427734375,13495.599609375,13541.650390625,13274.4501953125,13383.0,865698
2024-09-30,12966.03515625,13238.0,13500.0,13208.7001953125,13343.5498046875,415743
2024-10-01,12895.5146484375,13166.0,13300.4501953125,13000.0498046875,13238.0,388888
2024-10-03,12387.51953125,12647.349609375,13148.0,12592.2998046875,12941.0498046875,863520
2024-10-04,12346.7744140625,12605.75,12877.849609375,12512.5,12689.900390625,679362
2024-10-07,12270.1318359375,12527.5,12648.0,12378.0,12626.0498046875,465500
2024-10-08,12274.4912109375,12531.9501953125,12630.099609375,12462.0498046875,12502.25,387060
2024-10-09,12498.5419921875,12760.7001953125,12850.0,12540.5,12554.9501953125,465231
2024-10-10,12678.1728515625,12944.099609375,12965.0,12711.5,12798.900390625,492698
2024-10-11,12514.1640625,12776.650390625,12980.0,12725.0,12944.099609375,274243
2024-10-14,12280.26953125,12537.849609375,12799.0,12462.2998046875,12775.0,488067
2024-10-15,12191.041015625,12446.75,12709.0,12355.0,12709.0,532135
2024-10-16,12129.482421875,12383.900390625,12454.9501953125,12231.0,12414.0498046875,418138
2024-10-17,11894.265625,12143.75,12420.099609375,12070.0,12400.0,875937
2024-10-18,11856.41015625,12105.099609375,12141.25,11844.4501953125,12070.0,506871
2024-10-21,11925.755859375,12175.900390625,12250.0,11944.5498046875,12145.5498046875,375275
2024-10-22,11678.3447265625,11923.2998046875,12289.7998046875,11840.0,12215.9501953125,904901
2024-10-23,11710.5693359375,11956.2001953125,12119.900390625,11753.4501953125,11923.2998046875,412638
2024-10-24,11522.0244140625,11763.7001953125,11998.9501953125,11636.900390625,11998.9501953125,552495
2024-10-25,11266.5322265625,11502.849609375,11794.2998046875,11440.0,11763.599609375,624582
2024-10-28,11247.3359375,11483.25,11632.650390625,11440.0,11504.7998046875,613830
2024-10-29,10819.0693359375,11046.0,11483.0,10742.4501953125,11450.0,2268683
2024-10-30,11025.1953125,11256.4501953125,11520.0,10945.0,10979.0,1672966
2024-10-31,10848.8935546875,11076.4501953125,11247.5498046875,11050.0,11225.0,838211
2024-11-01,10881.75390625,11110.0,11209.5498046875,11080.0,11150.0,65670
2024-11-04,10825.38671875,11052.4501953125,11295.0,10860.0,11295.0,444462
2024-11-05,10940.6181640625,11170.099609375,11275.0,11011.900390625,11042.0,321159
2024-11-06,11120.9853515625,11354.25,11430.0,11172.599609375,11219.0,416027
2024-11-07,11067.998046875,11300.150390625,11385.0,11186.599609375,11305.150390625,530194
2024-11-08,11070.7890625,11303.0,11344.0,11125.599609375,11260.5,269993
2024-11-11,11165.501953125,11399.7001953125,11518.150390625,11310.0,11331.5,450681
2024-11-12,10914.173828125,11143.099609375,11516.900390625,11107.25,11392.0498046875,549747
2024-11-13,10822.5947265625,11049.599609375,11142.849609375,10864.2998046875,11140.0,507710
2024-11-14,10779.9384765625,11006.0498046875,11117.7001953125,10892.099609375,11055.0,431348
2024-11-18,10866.033203125,11093.9501953125,11182.9501953125,10915.0,10950.0,333440
2024-11-19,10734.1494140625,10959.2998046875,11195.25,10896.400390625,11090.0,864067
2024-11-21,10638.310546875,10861.4501953125,10958.2001953125,10770.0,10921.150390625,540201
2024-11-22,10836.306640625,11063.599609375,11106.650390625,10827.25,10905.0,493678
2024-11-25,10798.6474609375,11025.150390625,11247.9501953125,10990.0498046875,11202.0,635726
2024-11-26,10719.115234375,10943.9501953125,11077.9501953125,10891.4501953125,11025.150390625,406586
2024-11-27,10831.1650390625,11058.349609375,11116.900390625,10870.0,10936.0,343332
2024-11-28,10724.8935546875,10949.849609375,11080.599609375,10888.0,11060.400390625,607669
2024-11-29,10846.689453125,11074.2001953125,11130.099609375,10920.0,10949.9501953125,338207
2024-12-02,11008.396484375,11239.2998046875,11330.0,11151.0,11151.0,446880
2024-12-03,11047.52734375,11279.25,11309.0,11203.0,11250.0,258644
2024-12-04,10901.1953125,11129.849609375,11300.0,11106.0,11281.0,554674
2024-12-05,10952.51953125,11182.25,11270.0,11031.0,11134.9501953125,545501
2024-12-06,11085.431640625,11317.9501953125,11375.9501953125,11121.0,11200.0,417214
2024-12-09,11048.0654296875,11279.7998046875,11368.900390625,11252.5498046875,11322.0,254485
2024-12-10,10968.1416015625,11198.2001953125,11314.349609375,11170.0,11275.0,410569
2024-12-11,11046.0576171875,11277.75,11320.849609375,11220.599609375,11229.900390625,226584
2024-12-12,10937.974609375,11167.400390625,11299.349609375,11078.25,11299.349609375,396561
2024-12-13,11040.9638671875,11272.5498046875,11290.0,11033.599609375,11137.400390625,263579
2024-12-16,11045.3232421875,11277.0,11329.4501953125,11205.0,11255.5498046875,223389
2024-12-17,10880.333984375,11108.5498046875,11272.4501953125,11059.7001953125,11263.0,295445
2024-12-18,10776.4130859375,11002.4501953125,11098.0498046875,10970.099609375,11085.0,497103
2024-12-19,10730.28125,10955.349609375,11035.400390625,10852.4501953125,10888.0,435360
2024-12-20,10677.095703125,10901.0498046875,11077.0,10865.9501953125,10940.0,404608
2024-12-23,10599.669921875,10822.0,10989.7998046875,10755.400390625,10928.0,237165
2024-12-24,10516.0244140625,10736.599609375,10887.4501953125,10725.0,10822.0,151149
2024-12-26,10672.150390625,10896.0,10974.7998046875,10770.0,10770.5,349811
2024-12-27,10716.2744140625,10941.0498046875,11133.0,10912.599609375,10929.5,257973
2024-12-30,10577.09375,10798.9501953125,10950.0,10750.099609375,10941.0498046875,335481
2024-12-31,10635.3232421875,10858.400390625,10893.7001953125,10750.599609375,10765.0,198997
2025-01-01,10978.0341796875,11208.2998046875,11273.9501953125,10800.2001953125,10858.0,383202
2025-01-02,11598.029296875,11841.2998046875,11859.150390625,11226.0,11285.0,1417042
2025-01-03,11689.0703125,11934.25,12049.7998046875,11787.9501953125,11849.9501953125,701315
2025-01-06,11514.1396484375,11755.650390625,11979.900390625,11690.7001953125,11929.0,383268
2025-01-07,11480.4951171875,11721.2998046875,11825.9501953125,11673.7001953125,11755.650390625,308104
2025-01-08,11579.1259765625,11822.0,11859.9501953125,11725.2998046875,11726.0,303100
2025-01-09,11499.349609375,11740.5498046875,11850.0,11659.650390625,11822.0,266413
2025-01-10,11392.1474609375,11631.099609375,11760.0,11570.0,11690.0,218246
2025-01-13,11261.48828125,11497.7001953125,11654.4501953125,11468.0,11468.5,253524
2025-01-14,11499.9375,11741.150390625,11785.5498046875,11531.0,11533.9501953125,627463
2025-01-15,11701.951171875,11947.400390625,12192.400390625,11861.0,11890.5498046875,692822
2025-01-16,11843.873046875,12092.2998046875,12134.0,11956.2001953125,11981.4501953125,551211
2025-01-17,11887.017578125,12136.349609375,12189.900390625,12004.2998046875,12101.900390625,285370
2025-01-20,11773.107421875,12020.0498046875,12147.0498046875,11984.0498046875,12147.0498046875,251731
2025-01-21,11639.55859375,11883.7001953125,12139.7998046875,11862.0498046875,12017.0498046875,300038
2025-01-22,11773.4013671875,12020.349609375,12078.849609375,11900.0498046875,11900.0498046875,396590
2025-01-23,11798.279296875,12045.75,12106.2998046875,11961.2998046875,12005.0,480876
2025-01-24,11722.029296875,11967.900390625,12093.0,11914.099609375,11930.0,310343
2025-01-27,11747.4453125,11993.849609375,12046.900390625,11811.0498046875,11901.900390625,251783
2025-01-28,11874.6767578125,12123.75,12164.7001953125,11884.9501953125,12018.349609375,533451
2025-01-29,11731.8232421875,11977.900390625,12320.7001953125,11885.0498046875,12120.0,817549
2025-01-30,11753.4697265625,12000.0,12110.849609375,11923.099609375,12021.0,418442
2025-01-31,12057.7373046875,12310.650390625,12390.0,12000.0,12000.0,709009
2025-02-01,12651.140625,12916.5,13150.0,12228.650390625,12320.0,1101170
2025-02-03,12870.0,13139.9501953125,13461.2001953125,12921.650390625,12990.0,926127
2025-02-04,12840.6171875,13109.9501953125,13259.9501953125,12971.5,13250.0,530749
2025-02-05,12817.9423828125,13086.7998046875,13150.0,13003.5,13110.0,271633
2025-02-06,12805.4052734375,13074.0,13130.0,13006.7998046875,13060.0,414134
2025-02-07,12781.408203125,13049.5,13108.5,13012.0,13060.0,355223
2025-02-10,12635.7138671875,12900.75,13060.0,12886.650390625,13050.0,294142
2025-02-11,12462.9375,12724.349609375,13017.25,12699.4501953125,12899.9501953125,354195
2025-02-12,12395.55078125,12655.5498046875,12765.349609375,12608.0498046875,12700.0,425735
2025-02-13,12410.9775390625,12671.2998046875,12744.9501953125,12614.75,12675.0,186742
2025-02-14,12419.744140625,12680.25,12780.0,12584.099609375,12700.0,233454
2025-02-17,12500.6962890625,12762.900390625,12774.0,12578.099609375,12601.599609375,192210
2025-02-18,12523.517578125,12786.2001953125,12884.9501953125,12735.150390625,12764.9501953125,267936
2025-02-19,12425.5234375,12686.150390625,12769.150390625,12651.0,12727.0,288694
2025-02-20,12185.06640625,12440.650390625,12650.0,12380.0,12650.0,423739
2025-02-21,12070.2744140625,12323.4501953125,12438.599609375,12245.0,12420.0,477013
2025-02-24,12091.5771484375,12345.2001953125,12432.5,12220.099609375,12248.349609375,399571
2025-02-25,12220.033203125,12476.349609375,12507.400390625,12350.0,12388.75,363355
2025-02-27,12126.25,12380.599609375,12550.0,12312.0,12531.7001953125,236805
2025-02-28,11700.4306640625,11945.849609375,12338.5,11811.7001953125,12338.5,605149
2025-03-03,11533.6787109375,11775.599609375,12059.4501953125,11757.75,11886.0,186884
2025-03-04,11377.6025390625,11616.25,11724.25,11591.0,11690.0,255726
2025-03-05,11378.6796875,11617.349609375,11830.0,11568.349609375,11605.0,349730
2025-03-06,11426.7236328125,11666.400390625,11729.5,11480.0,11701.0,315309
2025-03-07,11424.51953125,11664.150390625,11742.2998046875,11601.0,11650.0,259055
2025-03-10,11348.0234375,11586.0498046875,11697.900390625,11533.650390625,11600.0,153894
2025-03-11,11407.6728515625,11646.9501953125,11692.0,11510.0,11579.5,245822
2025-03-12,11400.962890625,11640.099609375,11723.9501953125,11522.0,11620.7998046875,249361
2025-03-13,11277.2578125,11513.7998046875,11685.0,11489.75,11634.7998046875,260736
2025-03-17,11316.337890625,11553.7001953125,11752.9501953125,11456.349609375,11513.7998046875,275569
2025-03-18,11316.337890625,11553.7001953125,11553.7001953125,11553.7001953125,11553.7001953125,0
2025-03-19,11376.91796875,11615.5498046875,11714.4501953125,11547.0,11700.0,476555
2025-03-20,11489.2119140625,11730.2001953125,11765.0,11588.0,11699.900390625,379421
2025-03-21,11491.7587890625,11732.7998046875,11921.7001953125,11705.7998046875,11780.0,560565
2025-03-24,11677.3173828125,11922.25,11990.0,11742.0498046875,11779.9501953125,359033
2025-03-25,11625.0634765625,11868.900390625,12075.25,11800.0,11951.400390625,514283
2025-03-26,11493.2275390625,11734.2998046875,11868.900390625,11710.0,11807.0,478517
2025-03-27,11481.1318359375,11721.9501953125,11898.0,11638.0,11773.150390625,645787
2025-03-28,11285.4365234375,11522.150390625,11745.9501953125,11400.099609375,11699.0498046875,541795
2025-04-01,11245.228515625,11481.099609375,11545.7998046875,11290.0,11480.0,498244
2025-04-02,11475.4013671875,11716.099609375,11732.0,11410.0498046875,11481.099609375,452994
2025-04-03,11447.9765625,11688.099609375,11802.9501953125,11611.0498046875,11630.5,326624
2025-04-04,11246.111328125,11482.0,11630.0,11330.0,11600.0,355785
2025-04-07,11096.98828125,11329.75,11358.5,11059.4501953125,11105.599609375,602353
2025-04-08,11223.4853515625,11458.900390625,11550.349609375,11290.0498046875,11530.0,629968
2025-04-09,11222.017578125,11457.400390625,11538.7001953125,11425.0,11460.099609375,255114
2025-04-11,11360.7568359375,11599.0498046875,11678.75,11480.0,11480.349609375,231420
2025-04-15,11611.4482421875,11855.0,11940.0,11680.0,11790.0,458593
2025-04-16,11424.3720703125,11664.0,11768.0,11615.0,11768.0,470494
2025-04-17,11454.7353515625,11695.0,11728.0,11525.0,11664.0,302146
2025-04-21,11503.7080078125,11745.0,11769.0,11588.0,11695.0,318493
2025-04-22,11492.93359375,11734.0,11788.0,11615.0,11770.0,516753
2025-04-23,11662.3798828125,11907.0,11971.0,11729.0,11799.0,493839
2025-04-24,11649.646484375,11894.0,12040.0,11858.0,11940.0,387863
2025-04-25,11457.673828125,11698.0,12046.0,11598.0,11902.0,906266
2025-04-28,11602.6328125,11846.0,11896.0,11289.0,11428.0,457303
2025-04-29,11597.736328125,11841.0,11940.0,11741.0,11812.0,455596
2025-04-30,12005.189453125,12257.0,12325.0,11800.0,11825.0,967250
2025-05-02,12150.1484375,12405.0,12727.0,12250.0,12257.0,707908
2025-05-05,12202.060546875,12458.0,12490.0,12362.0,12490.0,270014
2025-05-06,12322.533203125,12581.0,12599.0,12371.0,12438.0,414921
2025-05-07,12373.46484375,12633.0,12669.0,12355.0,12355.0,303619
2025-05-08,12137.416015625,12392.0,12597.0,12330.0,12560.0,485326
2025-05-09,11998.333984375,12250.0,12360.0,12115.0,12135.0,278112
2025-05-12,12356.814453125,12616.0,12630.0,12426.0,12426.0,185165
2025-05-13,12225.56640625,12482.0,12700.0,12430.0,12600.0,378269
2025-05-14,12409.7041015625,12670.0,12718.0,12411.0,12485.0,306050
2025-05-15,12685.9111328125,12952.0,13023.0,12548.0,12600.0,561496
2025-05-16,12728.02734375,12995.0,13086.0,12912.0,12950.0,425275
2025-05-19,12722.150390625,12989.0,13046.0,12930.0,12990.0,244277
2025-05-20,12378.3623046875,12638.0,13010.0,12610.0,13005.0,361111
2025-05-21,12355.833984375,12615.0,12808.0,12594.0,12675.0,209104
2025-05-22,12189.3271484375,12445.0,12611.0,12395.0,12611.0,434848
2025-05-23,12197.1630859375,12453.0,12495.0,12423.0,12450.0,169465
2025-05-26,12165.8203125,12421.0,12539.0,12391.0,12455.0,214703
2025-05-27,12158.9638671875,12414.0,12479.0,12290.0,12421.0,344679
2025-05-28,12077.6689453125,12331.0,12415.0,12305.0,12414.0,178181
2025-05-29,12137.416015625,12392.0,12428.0,12266.0,12340.0,191097
2025-05-30,12065.916015625,12319.0,12490.0,12251.0,12392.0,351353
2025-06-02,12037.5107421875,12290.0,12319.0,12132.0,12161.0,264972
2025-06-03,11878.83984375,12128.0,12350.0,12060.0,12273.0,369114
2025-06-04,11913.1201171875,12163.0,12245.0,12128.0,12128.0,205846
2025-06-05,11876.880859375,12126.0,12257.0,12016.0,12200.0,319783
2025-06-06,12205.9775390625,12462.0,12535.0,12100.0,12139.0,456129
2025-06-09,12377.3828125,12637.0,12660.0,12466.0,12505.0,323443
2025-06-10,12262.787109375,12520.0,12744.0,12461.0,12660.0,325292
2025-06-11,12196.18359375,12452.0,12560.0,12427.0,12470.0,306061
2025-06-12,12135.45703125,12390.0,12490.0,12307.0,12459.0,347339
2025-06-13,12153.087890625,12408.0,12425.0,12176.0,12200.0,385493
2025-06-16,12272.5810546875,12530.0,12567.0,12336.0,12404.0,184242
2025-06-17,12336.24609375,12595.0,12615.0,12470.0,12529.0,226597
2025-06-18,12486.1025390625,12748.0,12880.0,12550.0,12620.0,467738
2025-06-19,12542.9111328125,12806.0,12825.0,12714.0,12750.0,339117
2025-06-20,12528.21875,12791.0,12890.0,12728.0,12809.0,652128
2025-06-23,12438.109375,12699.0,12786.0,12666.0,12771.0,192037
2025-06-24,12351.9169921875,12611.0,12855.0,12553.0,12830.0,332717
2025-06-25,12504.7119140625,12767.0,12807.0,12617.0,12684.0,316536
2025-06-26,12453.7802734375,12715.0,12848.0,12689.0,12780.0,354735
2025-06-27,12382.279296875,12642.0,12799.0,12621.0,12750.0,346403
2025-06-30,12145.2509765625,12400.0,12675.0,12332.0,12667.0,448956
2025-07-01,12186.388671875,12442.0,12459.0,12320.0,12450.0,283481
2025-07-02,12362.6904296875,12622.0,12643.0,12359.0,12380.0,609735
2025-07-03,12490.01953125,12752.0,12820.0,12590.0,12630.0,606221
2025-07-04,12386.1982421875,12646.0,12748.0,12608.0,12715.0,225607
2025-07-07,12262.787109375,12520.0,12670.0,12471.0,12647.0,220116
2025-07-08,12158.9638671875,12414.0,12555.0,12359.0,12525.0,241050
2025-07-09,12213.8134765625,12470.0,12540.0,12430.0,12435.0,174203
2025-07-10,12390.115234375,12650.0,12670.0,12401.0,12500.0,277325
2025-07-11,12315.6767578125,12574.0,12685.0,12521.0,12640.0,194420
2025-07-14,12256.91015625,12514.0,12616.0,12431.0,12590.0,246737
2025-07-15,12278.4580078125,12536.0,12598.0,12481.0,12481.0,147377
2025-07-16,12305.8828125,12564.0,12571.0,12439.0,12536.0,204480
2025-07-17,12219.6904296875,12476.0,12627.0,12463.0,12569.0,189207
2025-07-18,12163.861328125,12419.0,12527.0,12370.0,12525.0,124068
2025-07-21,12150.1484375,12405.0,12478.0,12342.0,12431.0,232066
2025-07-22,12235.3623046875,12492.0,12530.0,12319.0,12449.0,169006
2025-07-23,12367.587890625,12627.0,12719.0,12540.0,12540.0,342005
2025-07-24,12299.0263671875,12557.0,12661.0,12519.0,12648.0,157163
2025-07-25,12149.169921875,12404.0,12557.0,12357.0,12545.0,260700
2025-07-28,12086.484375,12340.0,12535.0,12302.0,12371.0,292879
2025-07-29,12212.833984375,12469.0,12507.0,12268.0,12340.0,285115
2025-07-30,12358.7734375,12618.0,12643.0,12420.0,12431.0,203847
2025-07-31,12348.978515625,12608.0,12760.0,12464.0,12506.0,709783
2025-08-01,12179.6787109375,12302.0,12779.0,12273.0,12521.0,346024
2025-08-04,12242.052734375,12365.0,12425.0,12225.0,12326.0,255693
2025-08-05,12412.341796875,12537.0,12577.0,12370.0,12400.0,233560
2025-08-06,12399.4716796875,12524.0,12619.0,12483.0,12570.0,151608
2025-08-07,12506.3974609375,12632.0,12654.0,12429.0,12525.0,173393
2025-08-08,12464.8154296875,12590.0,12725.0,12564.0,12630.0,247048
2025-08-11,12471.74609375,12597.0,12734.0,12482.0,12585.0,187230
2025-08-12,12712.3291015625,12840.0,12959.0,12606.0,12620.0,504476
2025-08-13,12706.388671875,12834.0,12925.0,12752.0,12840.0,252065
2025-08-14,12807.375,12936.0,12956.0,12825.0,12864.0,318580
2025-08-18,13928.119140625,14068.0,14125.0,13664.0,13703.0,2154781
2025-08-19,14108.3095703125,14250.0,14270.0,13979.0,14070.0,906623
2025-08-20,14079.59765625,14221.0,14362.0,14200.0,14362.0,391425
2025-08-21,14138.01171875,14280.0,14401.0,14156.0,14219.0,513460
2025-08-22,14206.3251953125,14349.0,14370.0,14230.0,14349.0,458935
2025-08-25,14308.30078125,14452.0,14478.0,14280.0,14401.0,357110
2025-08-26,14567.6962890625,14714.0,14825.0,14391.0,14452.0,962974
2025-08-28,14605.318359375,14752.0,14895.0,14625.0,14895.0,666635
2025-08-29,14643.9306640625,14791.0,14850.0,14692.0,14750.0,621560
2025-09-01,14738.9755859375,14887.0,14938.0,14654.0,14790.0,572927
2025-09-02,14694.4228515625,14842.0,14934.0,14783.0,14859.0,379167
2025-09-03,14778.578125,14927.0,14991.0,14750.0,14875.0,561656
2025-09-04,14516.212890625,14662.0,15240.0,14630.0,15240.0,784369
2025-09-05,14746.896484375,14895.0,14957.0,14701.0,14740.0,473806
2025-09-08,15106.287109375,15258.0,15319.0,14850.0,14921.0,691077
2025-09-09,15212.22265625,15365.0,15384.0,15201.0,15249.0,605860
2025-09-10,14957.7783203125,15108.0,15384.0,15072.0,15366.0,489062
2025-09-11,14944.9072265625,15095.0,15191.0,15038.0,15111.0,657161
2025-09-12,15172.62109375,15325.0,15373.0,15153.0,15160.0,420101
2025-09-15,15113.216796875,15265.0,15378.0,15249.0,15350.0,170587
2025-09-16,15418.154296875,15573.0,15594.0,15284.0,15300.0,381944
2025-09-17,15643.8876953125,15801.0,15818.0,15570.0,15592.0,624986
2025-09-18,15659.728515625,15817.0,15939.0,15703.0,15916.0,642175
2025-09-19,15706.26171875,15864.0,16060.0,15811.0,16000.0,652443
2025-09-22,15658.73828125,15816.0,16000.0,15779.0,15879.0,302234
2025-09-23,15936.9443359375,16097.0,16325.0,16031.0,16120.0,873114
2025-09-24,16087.43359375,16249.0,16375.0,16063.0,16188.0,663647
2025-09-25,16107.234375,16269.0,16370.0,16067.0,16249.0,490262
2025-09-26,16124.0654296875,16286.0,16435.0,16202.0,16235.0,490957
2025-09-29,15825.068359375,15984.0,16340.0,15950.0,16300.0,627326
2025-09-30,15869.62109375,16029.0,16054.0,15921.0,15985.0,390006
2025-10-01,15806.2568359375,15965.0,16109.0,15850.0,16026.0,426075
2025-10-03,15648.837890625,15806.0,16025.0,15736.0,15949.0,470216
2025-10-06,15838.9287109375,15998.0,16057.0,15708.0,15840.0,268497
2025-10-07,15947.8349609375,16108.0,16159.0,15977.0,16014.0,330326
2025-10-08,15852.7900390625,16012.0,16236.0,15979.0,16108.0,306518
2025-10-09,15826.05859375,15985.0,16075.0,15853.0,16070.0,300499
2025-10-10,16103.2744140625,16265.0,16315.0,15911.0,15980.0,423031
2025-10-13,16160.697265625,16323.0,16432.0,16218.0,16264.0,337617
2025-10-14,16099.3134765625,16261.0,16350.0,16121.0,16350.0,307925
2025-10-15,16050.80078125,16212.0,16380.0,16200.0,16300.0,266435
2025-10-16,16135.9462890625,16298.0,16332.0,16200.0,16246.0,265727
2025-10-17,16237.921875,16401.0,16549.0,16298.0,16298.0,411608
2025-10-20,16260.693359375,16424.0,16518.0,16380.0,16500.0,374246
2025-10-21,16232.9716796875,16396.0,16476.0,16330.0,16453.0,28990
2025-10-23,16230.0009765625,16393.0,16660.0,16340.0,16660.0,481753
2025-10-24,16112.1845703125,16274.0,16423.0,16200.0,16392.0,208520
2025-10-27,16225.05078125,16388.0,16410.0,16275.0,16350.0,209829
2025-10-28,16148.81640625,16311.0,16495.0,16261.0,16399.0,383383
2025-10-29,15977.537109375,16138.0,16428.0,16046.0,16360.0,232815
2025-10-30,16044.8603515625,16206.0,16275.0,16077.0,16190.0,230383
2025-10-31,16025.0595703125,16186.0,16516.0,15949.0,16204.0,719402
2025-11-03,15495.37890625,15651.0,16100.0,15530.0,16016.0,942850
2025-11-04,15221.1337890625,15374.0,15633.0,15355.0,15607.0,748848
2025-11-06,15298.357421875,15452.0,15534.0,15309.0,15534.0,429800
2025-11-07,15325.08984375,15479.0,15499.0,15260.0,15459.0,227247
2025-11-10,15428.0556640625,15583.0,15647.0,15380.0,15380.0,274191
2025-11-11,15489.4384765625,15645.0,15680.0,15512.0,15640.0,181524
2025-11-12,15539.931640625,15696.0,15731.0,15555.0,15674.0,244015
2025-11-13,15592.404296875,15749.0,15800.0,15660.0,15661.0,250711
2025-11-14,15528.05078125,15684.0,15735.0,15572.0,15725.0,253698
2025-11-17,15720.1220703125,15878.0,15892.0,15655.0,15689.0,301069
2025-11-18,15771.60546875,15930.0,15999.0,15750.0,15878.0,392903
2025-11-19,15611.2158203125,15768.0,15950.0,15715.0,15950.0,286434
2025-11-20,15643.8876953125,15801.0,15823.0,15618.0,15810.0,249492
2025-11-21,15818.1376953125,15977.0,16150.0,15737.0,15790.0,586351
2025-11-24,15799.326171875,15958.0,16085.0,15911.0,16005.0,525788
2025-11-25,15731.0126953125,15889.0,16050.0,15842.0,15958.0,214525
2025-11-26,15995.357421875,16156.0,16210.0,15950.0,15950.0,314946
2025-11-27,15744.873046875,15903.0,16171.0,15875.0,16166.0,339986
2025-11-28,15741.9033203125,15900.0,16049.0,15850.0,15906.0,352340
2025-12-01,15936.9443359375,16097.0,16177.0,15851.0,15975.0,434052
2025-12-02,16077.5322265625,16239.0,16261.0,16095.0,16127.0,383165
2025-12-03,15922.09375,16082.0,16248.0,16010.0,16219.0,264397
2025-12-04,15834.96875,15994.0,16135.0,15887.0,16058.0,248812
2025-12-05,16120.10546875,16282.0,16338.0,15979.0,16000.0,332032
2025-12-08,16026.0498046875,16187.0,16256.0,16094.0,16200.0,220513
2025-12-09,15860.7099609375,16020.0,16226.0,15985.0,16051.0,276388
2025-12-10,15859.7197265625,16019.0,16125.0,15925.0,16090.0,293374
2025-12-11,16086.443359375,16248.0,16296.0,15983.0,16049.0,268701
2025-12-12,16357.71875,16522.0,16536.0,16247.0,16248.0,404711
2025-12-15,16251.7822265625,16415.0,16500.0,16360.0,16500.0,225221
2025-12-16,16191.388671875,16354.0,16451.0,16320.0,16400.0,156134
2025-12-17,16234.951171875,16398.0,16490.0,16357.0,16389.0,257406
2025-12-18,16166.6376953125,16329.0,16486.0,16221.0,16440.0,213981
2025-12-19,16250.79296875,16414.0,16475.0,16329.0,16329.0,360190
2025-12-22,16483.455078125,16649.0,16693.0,16414.0,16464.0,271590
2025-12-23,16420.091796875,16585.0,16720.0,16558.0,16709.0,215650
2025-12-24,16536.91796875,16703.0,16720.0,16542.0,16640.0,258486
2025-12-26,16430.982421875,16596.0,16703.0,16516.0,16703.0,212925
2025-12-29,16377.51953125,16542.0,16682.0,16499.0,16600.0,251796
2025-12-30,16481.4765625,16647.0,16818.0,16482.0,16575.0,1055843
2025-12-31,16530.978515625,16697.0,16776.0,16581.0,16581.0,314427
2026-01-01,16541.869140625,16708.0,16798.0,16602.0,16700.0,171293
2026-01-02,16791.36328125,16960.0,16999.0,16723.0,16750.0,388562
2026-01-05,16984.423828125,17155.0,17370.0,16980.0,17025.0,305668
2026-01-06,17120.0625,17292.0,17306.0,17142.0,17170.0,192182
2026-01-07,16641.865234375,16809.0,17249.0,16524.0,17230.0,427979
2026-01-08,16498.306640625,16664.0,16808.0,16541.0,16808.0,238421
2026-01-09,16336.927734375,16501.0,16704.0,16417.0,16663.0,286302
2026-01-12,16417.12109375,16582.0,16615.0,16271.0,16456.0,288686
2026-01-13,16262.6728515625,16426.0,16726.0,16293.0,16662.0,312205
2026-01-14,15991.3974609375,16152.0,16412.0,16090.0,16390.0,240043
2026-01-15,15991.3974609375,16152.0,16152.0,16152.0,16152.0,0
2026-01-16,15701.310546875,15859.0,16197.0,15770.0,16000.0,703056
2026-01-19,16015.1591796875,16176.0,16242.0,15813.0,15859.0,385141
2026-01-20,15721.1123046875,15879.0,16233.0,15850.0,16200.0,289609
2026-01-21,15613.1962890625,15770.0,15973.0,15675.0,15675.0,345738
2026-01-22,15608.24609375,15765.0,15971.0,15714.0,15950.0,352320
2026-01-23,15315.1884765625,15469.0,15846.0,15439.0,15819.0,338669
2026-01-27,15093.416015625,15245.0,15387.0,15013.0,15300.0,565768
2026-01-28,14729.0751953125,14877.0,15294.0,14431.0,15161.0,1584483
2026-01-29,14357.8037109375,14502.0,14870.0,14353.0,14870.0,716545
2026-01-30,14453.83984375,14599.0,14679.0,14300.0,14502.0,946509
2026-02-02,14240.9775390625,14384.0,14446.0,14058.0,14251.0,621514
2026-02-03,14635.01953125,14782.0,15281.0,14482.0,15200.0,638870
2026-02-04,14921.146484375,15071.0,15170.0,14723.0,14800.0,451065
2026-02-05,14909.265625,15059.0,15150.0,14900.0,15090.0,374759
2026-02-06,14847.8818359375,14997.0,15118.0,14871.0,15084.0,276529
2026-02-09,14829.0712890625,14978.0,15126.0,14905.0,15125.0,200034
2026-02-10,14995.400390625,15146.0,15349.0,14983.0,14999.0,360240
2026-02-11,15258.755859375,15412.0,15432.0,15174.0,15180.0,360742
2026-02-12,15173.6103515625,15326.0,15459.0,15265.0,15459.0,201895
2026-02-13,15085.49609375,15237.0,15434.0,15190.0,15309.0,208645
2026-02-16,14901.3447265625,15051.0,15299.0,14960.0,15237.0,210175
2026-02-17,15028.072265625,15179.0,15211.0,14960.0,15031.0,166765
2026-02-18,15013.2216796875,15164.0,15239.0,15074.0,15208.0,280772
2026-02-19,14754.81640625,14903.0,15279.0,14853.0,15163.0,152788
2026-02-20,14828.0810546875,14977.0,15077.0,14848.0,14903.0,515847
2026-02-23,14922.13671875,15072.0,15118.0,14984.0,15050.0,242968
2026-02-24,14777.587890625,14926.0,15062.0,14904.0,15001.0,300991
2026-02-25,14920.15625,15070.0,15133.0,14837.0,14860.0,356495
2026-02-26,15061.734375,15213.0,15224.0,15046.0,15145.0,308213
2026-02-27,14709.2744140625,14857.0,15192.0,14804.0,15110.0,478164
2026-03-02,14244.9375,14388.0,14684.0,14204.0,14407.0,603744
2026-03-04,14017.224609375,14158.0,14184.0,13794.0,14150.0,710366
2026-03-05,14271.6689453125,14415.0,14570.0,14081.0,14300.0,448650
2026-03-06,14018.21484375,14159.0,14466.0,14115.0,14339.0,390629
2026-03-09,13373.6875,13508.0,13800.0,13365.0,13800.0,676224
2026-03-10,13729.1181640625,13867.0,13909.0,13505.0,13721.0,353715
2026-03-11,13362.796875,13497.0,13948.0,13441.0,13850.0,392182
2026-03-12,12881.62890625,13011.0,13430.0,12966.0,13430.0,544683
2026-03-13,12465.8056640625,12591.0,12962.0,12483.0,12899.0,939594
2026-03-16,12630.154296875,12757.0,12874.0,12400.0,12532.0,1416170
2026-03-17,12843.0166015625,12972.0,13100.0,12686.0,12790.0,1178941
2026-03-18,12918.26171875,13048.0,13176.0,13015.0,13100.0,458827
2026-03-19,12473.7255859375,12599.0,12838.0,12505.0,12768.0,569346
2026-03-20,12475.7060546875,12601.0,12756.0,12556.0,12605.0,725481
2026-03-23,12232.15234375,12355.0,12501.0,12278.0,12501.0,517985
2026-03-24,12340.068359375,12464.0,12650.0,12332.0,12600.0,583568
2026-03-25,12584.6123046875,12711.0,12780.0,12506.0,12549.0,540649
2026-03-27,12265.8134765625,12389.0,12646.0,12342.0,12626.0,775339
2026-03-30,12183.638671875,12306.0,12424.0,12201.0,12300.0,635675
2026-04-01,12384.62109375,12509.0,12900.0,12333.0,12900.0,501882
2026-04-02,12505.4072265625,12631.0,12673.0,12239.0,12389.0,438227
2026-04-06,12561.8408203125,12688.0,12720.0,12420.0,12631.0,382650
2026-04-07,12670.7470703125,12798.0,12835.0,12496.0,12640.0,359542
2026-04-08,13466.7529296875,13602.0,13745.0,13210.0,13350.0,1026292
2026-04-09,13453.8818359375,13589.0,13773.0,13330.0,13570.0,549914
2026-04-10,13572.6884765625,13709.0,13797.0,13590.0,13650.0,471921
2026-04-13,12945.982421875,13076.0,13420.0,12966.0,13402.0,1347910
2026-04-15,13156.865234375,13289.0,13473.0,13200.0,13250.0,699458
2026-04-16,13202.4072265625,13335.0,13435.0,13237.0,13380.0,527309
2026-04-17,13319.234375,13453.0,13647.0,13256.0,13300.0,549308
2026-04-20,13316.263671875,13450.0,13533.0,13329.0,13474.0,348629
2026-04-21,13327.154296875,13461.0,13543.0,13421.0,13456.0,292879
2026-04-22,13204.3876953125,13337.0,13530.0,13300.0,13452.0,434640
2026-04-23,13029.1474609375,13160.0,13358.0,13125.0,13250.0,541086
2026-04-24,12918.26171875,13048.0,13253.0,12978.0,13200.0,464098
2026-04-27,13090.53125,13222.0,13270.0,13043.0,13153.0,312786
2026-04-28,12763.8125,12892.0,13307.0,12828.0,13222.0,836679
2026-04-29,13125.18359375,13257.0,13548.0,13090.0,13090.0,754798
2026-04-30,13181.6162109375,13314.0,13360.0,12970.0,13134.0,612975
2026-05-01,13181.6162109375,13314.0,13314.0,13314.0,13314.0,0
2026-05-04,13444.9716796875,13580.0,13976.0,13435.0,13559.0,722127
2026-05-05,13292.5029296875,13426.0,13568.0,13360.0,13560.0,419490
2026-05-06,13585.5595703125,13722.0,13762.0,13379.0,13555.0,435208
2026-05-07,13633.08203125,13770.0,13870.0,13672.0,13722.0,726199
2026-05-08,13589.51953125,13726.0,13789.0,13626.0,13672.0,270505
2026-05-11,13348.935546875,13483.0,13657.0,13231.0,13547.0,634354
2026-05-12,13041.0283203125,13172.0,13455.0,13150.0,13442.0,302512
2026-05-13,12972.71484375,13103.0,13285.0,12986.0,13187.0,307027
2026-05-14,12944.9931640625,13075.0,13234.0,12926.0,13234.0,286648
2026-05-15,13089.541015625,13221.0,13325.0,13079.0,13079.0,268206
2026-05-18,12886.5791015625,13016.0,13139.0,12850.0,13127.0,373184
2026-05-19,12827.17578125,12956.0,13104.0,12900.0,13034.0,342737
2026-05-20,12873.708984375,13003.0,13072.0,12753.0,12850.0,300695
2026-05-21,12880.638671875,13010.0,13150.0,12933.0,13103.0,213095
2026-05-22,12857.8681640625,12987.0,13152.0,12974.0,13100.0,387975
2026-05-25,13039.0478515625,13170.0,13236.0,13101.0,13145.0,276553
2026-05-26,13076.669921875,13208.0,13329.0,13134.0,13188.0,256901
2026-05-27,13231.119140625,13364.0,13417.0,13102.0,13208.0,322020
2026-05-28,13231.119140625,13364.0,13364.0,13364.0,13364.0,0
2026-05-29,12996.4755859375,13127.0,13508.0,13050.0,13456.0,963291
2026-06-01,12817.275390625,12946.0,13267.0,12913.0,13200.0,295359
2026-06-02,12892.51953125,13022.0,13051.0,12700.0,12700.0,586599
2026-06-03,12914.30078125,13044.0,13206.0,12911.0,13014.0,607808
2026-06-04,12934.1025390625,13064.0,13264.0,12949.0,12990.0,465070
2026-06-05,12920.2412109375,13050.0,13175.0,12915.0,13151.0,295703
2026-06-08,12783.61328125,12912.0,13029.0,12841.0,12900.0,372902
2026-06-09,12989.544921875,13120.0,13157.0,12851.0,13079.0,428323
2026-06-10,12943.0126953125,13073.0,13205.0,13050.0,13118.0,203885
2026-06-11,12967.763671875,13098.0,13217.0,12968.0,13070.0,308710
2026-06-12,13233.099609375,13366.0,13418.0,13130.0,13232.0,559038
2026-06-15,13667.734375,13805.0,13961.0,13520.0,13550.0,613280
2026-06-16,13554.8681640625,13691.0,13874.0,13661.0,13861.0,280511
2026-06-17,13494.474609375,13630.0,13740.0,13560.0,13700.0,241534
2026-06-18,13349.92578125,13484.0,13714.0,13433.0,13646.0,373512
2026-06-19,13261.810546875,13395.0,13507.0,13353.0,13484.0,719756
2026-06-22,13287.552734375,13421.0,13495.0,13380.0,13450.0,254533
2026-06-23,13317.25390625,13451.0,13549.0,13236.0,13420.0,398558
2026-06-24,13116.2724609375,13248.0,13440.0,13201.0,13440.0,327495
2026-06-25,13608.3310546875,13745.0,13917.0,13326.0,13358.0,981556
2026-06-26,13608.3310546875,13745.0,13745.0,13745.0,13745.0,0
2026-06-29,13278.6416015625,13412.0,13840.0,13371.0,13740.0,1358592
2026-06-30,13974.65234375,14115.0,14201.0,13510.0,13744.0,1511415
2026-07-01,14251.8681640625,14395.0,14549.0,14070.0,14151.0,1397790
2026-07-02,14205.3349609375,14348.0,14490.0,14275.0,14431.0,327088
2026-07-03,14223.15625,14366.0,14520.0,14333.0,14450.0,384188
2026-07-06,14312.26171875,14456.0,14526.0,14291.0,14348.0,214686
2026-07-07,14393.4462890625,14538.0,14598.0,14414.0,14463.0,524759
2026-07-08,13812.2822265625,13951.0,14500.0,13880.0,14475.0,481076
2026-07-09,13591.5,13728.0,14037.0,13700.0,14000.0,576451
2026-07-10,13716.2470703125,13854.0,13987.0,13776.0,13800.0,430154
