Date,Adj Close,Close,High,Low,Open,Volume
2005-01-03,38.36768341064453,73.75,74.0,72.54166412353516,73.33333587646484,12163233
2005-01-04,38.49774169921875,74.0,74.70833587646484,73.04166412353516,73.875,13687440
2005-01-05,36.78528594970703,70.70833587646484,74.25,68.54166412353516,73.70833587646484,17104466
2005-01-06,35.85318374633789,68.91666412353516,70.625,68.0,70.625,22095028
2005-01-07,36.13497543334961,69.45833587646484,69.95833587646484,69.0,69.91666412353516,9361992
2005-01-10,36.17833709716797,69.54166412353516,73.33333587646484,69.25,73.33333587646484,8200237
2005-01-11,35.4630126953125,68.16666412353516,69.83333587646484,67.95833587646484,69.58333587646484,9977935
2005-01-12,34.270790100097656,65.875,68.75,65.0,67.5,17880980
2005-01-13,35.4630126953125,68.16666412353516,68.75,66.33333587646484,66.91666412353516,13217640
2005-01-14,35.18121337890625,67.625,68.83333587646484,67.16666412353516,68.625,12506623
2005-01-17,35.224552154541016,67.70833587646484,68.41666412353516,65.91666412353516,68.33333587646484,11141163
2005-01-18,35.267921447753906,67.79166412353516,68.41666412353516,67.5,67.91666412353516,7756406
2005-01-19,34.59593963623047,66.5,68.375,66.25,67.5,10792112
2005-01-20,33.92396545410156,65.20833587646484,66.66666412353516,64.58333587646484,66.66666412353516,10544514
2005-01-24,33.837249755859375,65.04166412353516,70.58333587646484,64.79166412353516,70.58333587646484,4581762
2005-01-25,35.02946472167969,67.33333587646484,67.58333587646484,64.5,65.41666412353516,22563696
2005-01-27,34.63929748535156,66.58333587646484,68.16666412353516,66.16666412353516,67.91666412353516,13667186
2005-01-28,35.65808868408203,68.54166412353516,68.79166412353516,67.08333587646484,67.29166412353516,15215167
2005-01-31,37.50060272216797,72.08333587646484,72.5,68.75,68.75,34446121
2005-02-01,38.64947509765625,74.29166412353516,75.5,71.08333587646484,72.5,51985410
2005-02-02,38.90959548950195,74.79166412353516,76.04166412353516,74.125,74.58333587646484,34264606
2005-02-03,39.820011138916016,76.54166412353516,77.0,75.16666412353516,75.16666412353516,21975579
2005-02-04,39.77667236328125,76.45833587646484,77.41666412353516,75.20833587646484,77.04166412353516,26055172
2005-02-07,40.14516067504883,77.16666412353516,78.08333587646484,76.58333587646484,77.83333587646484,21897768
2005-02-08,39.603248596191406,76.125,77.66666412353516,75.83333587646484,77.5,14936902
2005-02-09,39.863372802734375,76.625,77.04166412353516,76.0,76.58333587646484,10829342
2005-02-10,39.906715393066406,76.70833587646484,78.16666412353516,76.04166412353516,78.16666412353516,11229171
2005-02-11,39.9500732421875,76.79166412353516,77.45833587646484,76.54166412353516,77.04166412353516,7557026
2005-02-14,39.906715393066406,76.70833587646484,77.5,76.45833587646484,77.25,7011639
2005-02-15,40.166847229003906,77.20833587646484,77.875,76.08333587646484,76.91666412353516,19604012
2005-02-16,39.92840576171875,76.75,77.83333587646484,76.54166412353516,77.5,14322358
2005-02-17,40.058467864990234,77.0,77.375,76.0,76.66666412353516,12975904
2005-02-18,40.44862365722656,77.75,78.58333587646484,77.125,77.25,16123810
2005-02-21,40.058467864990234,77.0,78.41666412353516,76.66666412353516,77.95833587646484,9124350
2005-02-22,40.166847229003906,77.20833587646484,77.29166412353516,76.58333587646484,77.125,7732782
2005-02-23,41.14228820800781,79.08333587646484,79.33333587646484,76.66666412353516,77.5,17505744
2005-02-24,40.68708038330078,78.20833587646484,79.58333587646484,77.79166412353516,79.58333587646484,18325854
2005-02-25,40.6212158203125,77.08333587646484,78.29166412353516,76.75,78.29166412353516,9350716
2005-02-28,40.840782165527344,77.5,78.16666412353516,76.91666412353516,77.29166412353516,11375136
2005-03-01,40.840782165527344,77.5,77.91666412353516,77.0,77.91666412353516,6108627
2005-03-02,41.016441345214844,77.83333587646484,78.33333587646484,77.375,77.375,5037324
2005-03-03,41.257972717285156,78.29166412353516,78.45833587646484,77.79166412353516,77.875,4743553
2005-03-04,41.257972717285156,78.29166412353516,79.04166412353516,78.04166412353516,78.45833587646484,7437644
2005-03-07,40.489471435546875,76.83333587646484,78.83333587646484,76.58333587646484,78.375,13698188
2005-03-08,41.23600769042969,78.25,78.54166412353516,76.5,77.91666412353516,10172664
2005-03-09,40.6212158203125,77.08333587646484,78.66666412353516,76.58333587646484,78.54166412353516,8272939
2005-03-10,40.862754821777344,77.54166412353516,77.66666412353516,76.75,77.25,5171821
2005-03-11,41.06034851074219,77.91666412353516,78.33333587646484,77.5,77.83333587646484,6961393
2005-03-14,40.840782165527344,77.5,78.08333587646484,77.125,77.83333587646484,3428025
2005-03-15,40.2918586730957,76.45833587646484,78.16666412353516,76.33333587646484,77.66666412353516,5229544
2005-03-16,40.116188049316406,76.125,77.04166412353516,75.91666412353516,76.625,2940363
2005-03-17,39.5452995300293,75.04166412353516,76.25,74.625,76.25,3161128
2005-03-18,39.391597747802734,74.75,75.33333587646484,72.79166412353516,75.0,5950956
2005-03-21,38.710914611816406,73.45833587646484,74.95833587646484,73.33333587646484,74.91666412353516,2526499
2005-03-22,37.6349983215332,71.41666412353516,74.08333587646484,71.08333587646484,73.58333587646484,6265648
2005-03-23,36.86650085449219,69.95833587646484,79.58333587646484,69.375,79.58333587646484,7610011
2005-03-24,36.932369232177734,70.08333587646484,70.75,69.16666412353516,69.58333587646484,6350264
2005-03-28,37.8106575012207,71.75,72.20833587646484,70.16666412353516,71.16666412353516,6776629
2005-03-29,37.21781539916992,70.625,72.45833587646484,70.16666412353516,72.45833587646484,6381501
2005-03-30,37.481300354003906,71.125,71.66666412353516,70.29166412353516,71.16666412353516,4986117
2005-03-31,37.45933532714844,71.08333587646484,72.04166412353516,70.75,71.45833587646484,7579984
2005-04-01,38.46937561035156,73.0,82.5,71.0,82.5,5282652
2005-04-04,37.76675033569336,71.66666412353516,74.91666412353516,71.41666412353516,72.95833587646484,7192185
2005-04-05,37.744781494140625,71.625,72.33333587646484,69.91666412353516,72.33333587646484,7638286
2005-04-06,37.32759475708008,70.83333587646484,71.66666412353516,70.41666412353516,71.66666412353516,5135911
2005-04-07,37.34955596923828,70.875,71.54166412353516,70.5,70.83333587646484,3493468
2005-04-08,37.70088577270508,71.54166412353516,71.79166412353516,70.83333587646484,71.25,10626394
2005-04-11,37.32759475708008,70.83333587646484,71.66666412353516,70.16666412353516,71.66666412353516,3743150
2005-04-12,37.54716491699219,71.25,71.375,70.45833587646484,71.04166412353516,2742658
2005-04-13,37.8106575012207,71.75,71.95833587646484,70.83333587646484,71.45833587646484,9294199
2005-04-15,36.88844680786133,70.0,71.25,69.66666412353516,71.25,7040632
2005-04-18,36.47125244140625,69.20833587646484,69.79166412353516,66.66666412353516,69.16666412353516,5813714
2005-04-19,36.624961853027344,69.5,70.41666412353516,69.16666412353516,69.54166412353516,4192336
2005-04-20,37.129981994628906,70.45833587646484,70.79166412353516,69.20833587646484,69.66666412353516,3868274
2005-04-21,37.4373893737793,71.04166412353516,71.25,69.58333587646484,70.75,2150659
2005-04-22,37.37151336669922,70.91666412353516,71.45833587646484,70.625,71.125,2223810
2005-04-25,37.744781494140625,71.625,71.66666412353516,70.70833587646484,70.91666412353516,2630864
2005-04-26,37.65695571899414,71.45833587646484,71.875,71.125,71.58333587646484,4058134
2005-04-27,37.10802459716797,70.41666412353516,71.54166412353516,70.04166412353516,70.83333587646484,2715512
2005-04-28,35.83449172973633,68.0,70.41666412353516,67.29166412353516,70.41666412353516,15146318
2005-04-29,36.076026916503906,68.45833587646484,69.16666412353516,67.83333587646484,67.95833587646484,6940116
2005-05-02,36.05406951904297,68.41666412353516,68.91666412353516,67.625,68.66666412353516,2775561
2005-05-03,36.0321044921875,68.375,68.70833587646484,68.04166412353516,68.70833587646484,1882176
2005-05-04,36.0321044921875,68.375,68.83333587646484,68.25,68.54166412353516,2772879
2005-05-05,36.27364730834961,68.83333587646484,69.45833587646484,68.58333587646484,68.66666412353516,2929875
2005-05-06,36.44929504394531,69.16666412353516,69.33333587646484,68.58333587646484,68.83333587646484,2120811
2005-05-09,37.02018737792969,70.25,70.45833587646484,69.16666412353516,69.16666412353516,4601506
2005-05-10,37.23976135253906,70.66666412353516,71.29166412353516,70.33333587646484,70.75,4950649
2005-05-11,37.30562973022461,70.79166412353516,71.66666412353516,70.0,71.16666412353516,4892307
2005-05-12,37.195858001708984,70.58333587646484,71.25,70.41666412353516,70.83333587646484,2208519
2005-05-13,37.15193557739258,70.5,70.79166412353516,69.75,70.41666412353516,2057976
2005-05-16,37.37151336669922,70.91666412353516,71.25,70.45833587646484,70.83333587646484,3278509
2005-05-17,36.80060958862305,69.83333587646484,71.25,69.58333587646484,70.5,1394779
2005-05-18,37.042137145996094,70.29166412353516,70.58333587646484,69.375,69.91666412353516,2263226
2005-05-19,36.88844680786133,70.0,70.79166412353516,70.0,70.58333587646484,931623
2005-05-20,36.80060958862305,69.83333587646484,70.20833587646484,69.45833587646484,70.0,1914892
2005-05-23,36.932369232177734,70.08333587646484,70.375,69.66666412353516,70.0,1451638
2005-05-24,36.822574615478516,69.875,70.41666412353516,69.75,70.41666412353516,1410805
2005-05-25,36.88844680786133,70.0,70.33333587646484,67.70833587646484,69.875,1504423
2005-05-26,36.2077751159668,68.70833587646484,70.125,68.375,70.125,11096572
2005-05-27,36.49321746826172,69.25,70.08333587646484,69.0,69.16666412353516,4510701
2005-05-30,36.36147689819336,69.0,69.91666412353516,68.70833587646484,69.91666412353516,1597528
2005-05-31,36.66887664794922,69.58333587646484,69.83333587646484,68.95833587646484,69.83333587646484,2384834
2005-06-01,36.69084167480469,69.625,69.91666412353516,69.41666412353516,69.41666412353516,1894700
2005-06-02,36.163848876953125,68.625,70.16666412353516,68.5,69.91666412353516,2128778
2005-06-03,36.53712844848633,69.33333587646484,69.45833587646484,68.58333587646484,68.625,2940793
2005-06-06,37.613037109375,71.375,73.08333587646484,69.25,69.5,14845281
2005-06-07,37.76675033569336,71.66666412353516,72.58333587646484,71.45833587646484,72.58333587646484,3672279
2005-06-08,38.00827407836914,72.125,72.58333587646484,71.58333587646484,72.08333587646484,3469869
2005-06-09,37.722835540771484,71.58333587646484,72.5,71.45833587646484,72.29166412353516,2383323
2005-06-10,37.59107971191406,71.33333587646484,72.20833587646484,71.0,72.08333587646484,2814424
2005-06-13,37.32759475708008,70.83333587646484,72.0,70.58333587646484,72.0,2927826
2005-06-14,36.44929504394531,69.16666412353516,71.58333587646484,69.0,71.58333587646484,5781656
2005-06-15,36.77867126464844,69.79166412353516,70.16666412353516,69.20833587646484,69.20833587646484,2040284
2005-06-16,36.405391693115234,69.08333587646484,70.125,69.0,69.875,1268052
2005-06-17,36.42734146118164,69.125,69.375,68.75,69.375,2357138
2005-06-20,36.42734146118164,69.125,69.91666412353516,68.79166412353516,69.91666412353516,1709616
2005-06-21,36.42734146118164,69.125,69.375,68.33333587646484,69.16666412353516,2324115
2005-06-22,36.97626495361328,70.16666412353516,70.79166412353516,69.16666412353516,69.58333587646484,5326227
2005-06-23,37.042137145996094,70.29166412353516,71.41666412353516,70.08333587646484,70.41666412353516,4694352
2005-06-24,37.56913375854492,71.29166412353516,71.66666412353516,69.58333587646484,70.08333587646484,4311288
2005-06-27,37.195858001708984,70.58333587646484,72.04166412353516,69.375,69.375,4361748
2005-06-28,36.3834228515625,69.04166412353516,70.70833587646484,68.79166412353516,70.70833587646484,3276250
2005-06-29,36.86650085449219,69.95833587646484,70.125,69.04166412353516,69.25,2680621
2005-06-30,36.44929504394531,69.16666412353516,70.5,68.83333587646484,70.08333587646484,6026152
2005-07-01,37.32759475708008,70.83333587646484,71.41666412353516,69.375,69.58333587646484,4060176
2005-07-04,38.31568145751953,72.70833587646484,73.25,71.04166412353516,71.5,7433239
2005-07-05,37.8106575012207,71.75,73.54166412353516,71.29166412353516,73.33333587646484,6334868
2005-07-06,39.2159309387207,74.41666412353516,74.83333587646484,72.0,72.16666412353516,13292671
2005-07-07,38.2937126159668,72.66666412353516,75.20833587646484,72.08333587646484,74.79166412353516,7875871
2005-07-08,38.974403381347656,73.95833587646484,74.29166412353516,72.83333587646484,73.29166412353516,4128958
2005-07-11,39.52333068847656,75.0,76.04166412353516,74.33333587646484,74.79166412353516,7688170
2005-07-12,39.63313674926758,75.20833587646484,75.58333587646484,74.25,75.54166412353516,4935207
2005-07-13,39.52333068847656,75.0,75.83333587646484,74.58333587646484,75.625,4272448
2005-07-14,40.204002380371094,76.29166412353516,76.58333587646484,74.16666412353516,75.33333587646484,7632706
2005-07-15,40.37968444824219,76.625,76.875,75.04166412353516,75.04166412353516,6760866
2005-07-18,40.37968444824219,76.625,76.95833587646484,76.25,76.875,3642909
2005-07-19,40.40163803100586,76.66666412353516,77.08333587646484,75.91666412353516,75.91666412353516,3925934
2005-07-20,40.489471435546875,76.83333587646484,77.91666412353516,76.625,77.08333587646484,3236241
2005-07-21,40.445556640625,76.75,77.5,75.75,77.29166412353516,7763937
2005-07-22,40.709022521972656,77.25,77.5,69.125,69.125,2693007
2005-07-25,42.7071533203125,81.04166412353516,81.58333587646484,77.16666412353516,77.45833587646484,17576307
2005-07-26,41.697120666503906,79.125,81.16666412353516,78.75,81.04166412353516,6376786
2005-07-27,41.41167068481445,78.58333587646484,79.58333587646484,78.08333587646484,79.45833587646484,3460971
2005-07-28,41.41167068481445,78.58333587646484,78.58333587646484,78.58333587646484,78.58333587646484,0
2005-07-29,41.192100524902344,78.16666412353516,79.875,76.70833587646484,79.29166412353516,15467214
2005-08-01,43.212188720703125,82.0,82.25,77.66666412353516,78.58333587646484,12007342
2005-08-02,43.45370864868164,82.45833587646484,83.54166412353516,81.75,82.5,7836043
2005-08-03,42.553462982177734,80.75,83.25,80.41666412353516,83.25,5438194
2005-08-04,42.2021369934082,80.08333587646484,81.66666412353516,79.83333587646484,80.75,5839686
2005-08-05,42.37778854370117,80.41666412353516,81.16666412353516,79.66666412353516,80.20833587646484,4478028
2005-08-08,42.487586975097656,80.625,81.04166412353516,79.375,80.45833587646484,6134382
2005-08-09,42.9267463684082,81.45833587646484,81.83333587646484,80.41666412353516,81.04166412353516,10624269
2005-08-10,42.46564483642578,80.58333587646484,81.66666412353516,79.16666412353516,80.83333587646484,4850857
2005-08-11,42.61933517456055,80.875,81.58333587646484,80.58333587646484,81.58333587646484,4261576
2005-08-12,42.22410202026367,80.125,81.25,79.75,80.875,3501807
2005-08-16,42.57542037963867,80.79166412353516,83.33333587646484,80.04166412353516,83.33333587646484,5892031
2005-08-17,42.57542037963867,80.79166412353516,81.04166412353516,79.79166412353516,80.25,4096611
2005-08-18,42.77304458618164,81.16666412353516,81.70833587646484,80.70833587646484,81.04166412353516,6926876
2005-08-19,42.53151321411133,80.70833587646484,81.66666412353516,80.20833587646484,81.41666412353516,4346886
2005-08-22,42.50954818725586,80.66666412353516,81.58333587646484,79.91666412353516,80.83333587646484,3250418
2005-08-23,42.50954818725586,80.66666412353516,80.91666412353516,79.75,80.83333587646484,3695304
2005-08-24,42.289981842041016,80.25,80.66666412353516,78.16666412353516,79.75,3732639
2005-08-25,42.57542037963867,80.79166412353516,82.04166412353516,80.0,80.0,7767835
2005-08-26,43.51957702636719,82.58333587646484,82.875,81.70833587646484,81.75,7039450
2005-08-29,43.51957702636719,82.58333587646484,83.20833587646484,81.70833587646484,82.58333587646484,3817153
2005-08-30,44.70529556274414,84.83333587646484,85.125,82.375,83.20833587646484,8507703
2005-08-31,44.815067291259766,85.04166412353516,85.54166412353516,84.04166412353516,84.83333587646484,5372242
2005-09-01,45.62749481201172,86.58333587646484,86.875,84.66666412353516,85.41666412353516,6211816
2005-09-02,45.51770782470703,86.375,86.91666412353516,85.41666412353516,86.5,4662752
2005-09-05,45.45183563232422,86.25,87.33333587646484,86.0,86.79166412353516,3683371
2005-09-06,45.298133850097656,85.95833587646484,86.66666412353516,85.45833587646484,86.33333587646484,1581228
2005-09-08,45.94239807128906,86.16666412353516,86.45833587646484,84.625,85.0,4046960
2005-09-09,45.609161376953125,85.54166412353516,86.08333587646484,85.08333587646484,86.08333587646484,1720358
2005-09-12,45.964603424072266,86.20833587646484,86.54166412353516,85.125,85.41666412353516,2604115
2005-09-13,45.764652252197266,85.83333587646484,86.5,84.875,85.83333587646484,1530318
2005-09-14,45.52029800415039,85.375,87.70833587646484,84.79166412353516,85.5,5520868
2005-09-15,45.45364761352539,85.25,86.41666412353516,84.79166412353516,85.79166412353516,2383270
2005-09-16,46.25341033935547,86.75,87.5,85.08333587646484,85.5,7059681
2005-09-19,45.56472396850586,85.45833587646484,87.45833587646484,85.29166412353516,86.66666412353516,4741778
2005-09-20,46.03125762939453,86.33333587646484,86.625,85.08333587646484,85.5,4057971
2005-09-21,47.98625564575195,90.0,90.95833587646484,82.5,86.66666412353516,10175421
2005-09-22,45.74245071411133,85.79166412353516,90.375,85.08333587646484,89.58333587646484,4970695
2005-09-23,45.45364761352539,85.25,87.5,84.41666412353516,85.83333587646484,3364087
2005-09-26,47.475284576416016,89.04166412353516,89.45833587646484,85.83333587646484,85.83333587646484,3132052
2005-09-27,47.075408935546875,88.29166412353516,89.79166412353516,87.125,89.16666412353516,2480824
2005-09-28,48.51942825317383,91.0,91.45833587646484,87.91666412353516,87.95833587646484,6013798
2005-09-29,47.83074188232422,89.70833587646484,91.25,88.54166412353516,90.83333587646484,2768629
2005-09-30,47.075408935546875,88.29166412353516,90.33333587646484,87.29166412353516,88.33333587646484,3225936
2005-10-03,47.075408935546875,88.29166412353516,89.16666412353516,87.75,89.125,3570984
2005-10-04,47.36420440673828,88.83333587646484,89.16666412353516,87.75,88.33333587646484,7038571
2005-10-05,47.964027404785156,89.95833587646484,90.95833587646484,88.75,90.83333587646484,6620883
2005-10-06,47.964027404785156,89.95833587646484,91.66666412353516,88.375,89.16666412353516,9196647
2005-10-07,47.71966552734375,89.5,91.45833587646484,89.25,90.75,3251436
2005-10-10,46.919883728027344,88.0,90.0,87.66666412353516,89.91666412353516,3053714
2005-10-11,46.742156982421875,87.66666412353516,88.875,87.08333587646484,88.58333587646484,3357207
2005-10-13,45.80909729003906,85.91666412353516,87.875,85.5,87.75,2054914
2005-10-14,45.609161376953125,85.54166412353516,88.0,85.20833587646484,88.0,3225828
2005-10-17,44.89825439453125,84.20833587646484,87.08333587646484,83.58333587646484,87.08333587646484,2336038
2005-10-18,43.87631607055664,82.29166412353516,87.5,81.25,87.08333587646484,3121414
2005-10-19,43.40978240966797,81.41666412353516,83.95833587646484,79.16666412353516,82.5,4909842
2005-10-20,43.809669494628906,82.16666412353516,84.83333587646484,80.95833587646484,81.66666412353516,5171348
2005-10-21,43.45421600341797,81.5,82.5,78.83333587646484,82.5,6006582
2005-10-24,43.27650451660156,81.16666412353516,82.375,80.0,81.66666412353516,4344340
2005-10-25,43.92074966430664,82.375,82.91666412353516,80.25,81.375,4495058
2005-10-26,42.610008239746094,79.91666412353516,82.625,79.29166412353516,81.5,4181930
2005-10-27,41.676944732666016,78.16666412353516,81.83333587646484,77.29166412353516,80.41666412353516,11978725
2005-10-28,41.85467529296875,78.5,79.08333587646484,76.5,77.58333587646484,5708278
2005-10-31,43.165409088134766,80.95833587646484,81.25,78.375,78.625,2851002
2005-11-02,43.320926666259766,81.25,81.66666412353516,79.95833587646484,80.83333587646484,2447100
2005-11-04,43.320926666259766,81.25,81.25,81.25,81.25,0
2005-11-07,43.56528854370117,81.70833587646484,83.54166412353516,81.20833587646484,81.25,2498920
2005-11-08,45.431427001953125,85.20833587646484,86.875,81.70833587646484,82.33333587646484,12596865
2005-11-09,44.365081787109375,83.20833587646484,86.29166412353516,82.54166412353516,85.25,5372779
2005-11-10,44.45392990112305,83.375,84.79166412353516,83.0,83.75,3034269
2005-11-11,46.23120880126953,86.70833587646484,87.08333587646484,83.83333587646484,84.16666412353516,6832394
2005-11-14,46.186767578125,86.625,87.5,85.75,87.08333587646484,1579156
2005-11-16,46.009037017822266,86.29166412353516,87.375,86.04166412353516,86.04166412353516,1612423
2005-11-17,46.23120880126953,86.70833587646484,87.41666412353516,86.04166412353516,86.66666412353516,1163446
2005-11-18,45.54250717163086,85.41666412353516,87.91666412353516,84.83333587646484,86.75,5514091
2005-11-21,46.25341033935547,86.75,87.58333587646484,84.33333587646484,86.0,5641333
2005-11-22,45.9868278503418,86.25,87.0,85.41666412353516,86.75,2098209
2005-11-23,45.67580032348633,85.66666412353516,87.08333587646484,85.0,85.83333587646484,2449347
2005-11-24,45.56472396850586,85.45833587646484,86.625,85.0,85.0,1564448
2005-11-25,45.80909729003906,85.91666412353516,86.5,85.5,85.58333587646484,1779430
2005-11-28,47.56414794921875,89.20833587646484,89.79166412353516,88.125,88.54166412353516,4709002
2005-11-29,46.675514221191406,87.54166412353516,89.79166412353516,86.79166412353516,89.58333587646484,2138724
2005-11-30,46.320072174072266,86.875,88.70833587646484,86.54166412353516,87.875,2423460
2005-12-01,46.586647033691406,87.375,88.25,86.41666412353516,87.45833587646484,2287906
2005-12-02,46.1423454284668,86.54166412353516,88.33333587646484,86.25,87.5,1542573
2005-12-05,45.653594970703125,85.625,87.41666412353516,84.16666412353516,84.5,1322164
2005-12-06,45.80909729003906,85.91666412353516,86.79166412353516,85.20833587646484,85.83333587646484,2460332
2005-12-07,46.364498138427734,86.95833587646484,87.75,85.75,85.91666412353516,4865184
2005-12-08,46.03125762939453,86.33333587646484,87.45833587646484,85.66666412353516,87.375,2744271
2005-12-09,46.897682189941406,87.95833587646484,88.125,86.375,87.04166412353516,2566724
2005-12-12,47.475284576416016,89.04166412353516,89.33333587646484,87.33333587646484,88.125,3636440
2005-12-13,47.49751281738281,89.08333587646484,89.75,88.04166412353516,89.08333587646484,2970343
2005-12-14,48.11955261230469,90.25,90.83333587646484,88.33333587646484,89.0,4745539
2005-12-15,47.030975341796875,88.20833587646484,90.79166412353516,87.91666412353516,90.70833587646484,1090989
2005-12-16,47.40863037109375,88.91666412353516,89.41666412353516,87.54166412353516,88.33333587646484,2680216
2005-12-19,47.075408935546875,88.29166412353516,89.25,87.66666412353516,89.20833587646484,2418192
2005-12-20,49.2081298828125,92.29166412353516,93.125,87.91666412353516,87.91666412353516,11503945
2005-12-21,49.3414192199707,92.54166412353516,93.25,90.91666412353516,93.25,5667063
2005-12-22,50.20784378051758,94.16666412353516,94.58333587646484,91.91666412353516,92.91666412353516,6296605
2005-12-23,48.03068923950195,90.08333587646484,94.91666412353516,89.375,94.58333587646484,5053946
2005-12-26,47.05318069458008,88.25,90.20833587646484,87.95833587646484,90.0,3863569
2005-12-27,48.09735107421875,90.20833587646484,90.41666412353516,87.58333587646484,88.25,1324669
2005-12-28,48.96376419067383,91.83333587646484,92.70833587646484,89.54166412353516,90.41666412353516,4203852
2005-12-29,48.941524505615234,91.79166412353516,93.0,91.125,91.83333587646484,4763624
2005-12-30,49.76354217529297,93.33333587646484,93.79166412353516,90.91666412353516,91.75,3884166
2006-01-02,49.3192024230957,92.5,93.70833587646484,92.08333587646484,93.66666412353516,522862
2006-01-03,49.80793380737305,93.41666412353516,93.66666412353516,92.08333587646484,92.5,665920
2006-01-04,51.14090347290039,95.91666412353516,96.5,93.54166412353516,93.66666412353516,4677666
2006-01-05,50.67438507080078,95.04166412353516,97.58333587646484,94.25,95.83333587646484,3172017
2006-01-06,50.763248443603516,95.20833587646484,96.04166412353516,94.66666412353516,95.41666412353516,1085485
2006-01-09,50.763248443603516,95.20833587646484,98.33333587646484,94.83333587646484,98.33333587646484,6709496
2006-01-10,51.496376037597656,96.58333587646484,97.70833587646484,95.0,95.41666412353516,3637624
2006-01-12,51.74074935913086,97.04166412353516,98.16666412353516,95.25,97.58333587646484,4185153
2006-01-13,51.36305236816406,96.33333587646484,97.91666412353516,95.91666412353516,97.41666412353516,3293721
2006-01-16,50.51884841918945,94.75,96.79166412353516,94.375,96.66666412353516,1356850
2006-01-17,49.40805435180664,92.66666412353516,95.54166412353516,92.08333587646484,95.20833587646484,3988780
2006-01-18,48.96376419067383,91.83333587646484,93.33333587646484,91.04166412353516,92.5,2886445
2006-01-19,50.20784378051758,94.16666412353516,94.58333587646484,91.83333587646484,91.83333587646484,1563042
2006-01-20,49.96345901489258,93.70833587646484,95.16666412353516,93.5,94.33333587646484,1540024
2006-01-23,49.76354217529297,93.33333587646484,94.33333587646484,93.16666412353516,93.54166412353516,1015195
2006-01-24,50.25226974487305,94.25,94.70833587646484,93.33333587646484,94.33333587646484,2481194
2006-01-25,49.741302490234375,93.29166412353516,94.91666412353516,92.45833587646484,94.33333587646484,1897899
2006-01-27,50.65214538574219,95.0,96.45833587646484,94.04166412353516,94.16666412353516,5665734
2006-01-30,50.185611724853516,94.125,96.66666412353516,93.79166412353516,96.66666412353516,2396570
2006-01-31,50.874305725097656,95.41666412353516,97.41666412353516,94.58333587646484,95.08333587646484,13209134
2006-02-01,51.496376037597656,96.58333587646484,97.91666412353516,95.54166412353516,96.08333587646484,4431958
2006-02-02,51.14090347290039,95.91666412353516,97.20833587646484,95.5,96.0,1040521
2006-02-03,52.36277389526367,98.20833587646484,98.91666412353516,95.75,95.75,4787193
2006-02-06,52.60714340209961,98.66666412353516,100.125,98.33333587646484,98.33333587646484,3867030
2006-02-07,53.27363586425781,99.91666412353516,100.16666412353516,99.08333587646484,99.16666412353516,2730688
2006-02-08,54.31777572631836,101.875,102.29166412353516,99.16666412353516,99.91666412353516,5610171
2006-02-10,53.85124588012695,101.0,102.41666412353516,100.54166412353516,101.875,3879676
2006-02-13,54.19008255004883,99.95833587646484,100.875,95.95833587646484,100.875,2563257
2006-02-14,53.53499984741211,98.75,100.08333587646484,98.33333587646484,99.79166412353516,3149287
2006-02-15,56.06492614746094,103.41666412353516,104.0,98.75,98.75,12139212
2006-02-16,56.245635986328125,103.75,104.95833587646484,98.75,98.75,4806898
2006-02-17,55.093624114990234,101.625,104.70833587646484,100.91666412353516,103.95833587646484,4818618
2006-02-20,55.47761917114258,102.33333587646484,102.66666412353516,100.83333587646484,101.66666412353516,3287932
2006-02-21,55.522804260253906,102.41666412353516,103.875,102.125,102.5,2677657
2006-02-22,58.57225799560547,108.04166412353516,109.08333587646484,102.29166412353516,102.5,6971108
2006-02-23,59.27251434326172,109.33333587646484,112.33333587646484,107.0,108.08333587646484,13658602
2006-02-24,59.95016860961914,110.58333587646484,111.91666412353516,109.16666412353516,109.16666412353516,4217091
2006-02-27,60.37936782836914,111.375,111.70833587646484,110.16666412353516,111.25,4846699
2006-02-28,59.24991989135742,109.29166412353516,112.5,108.33333587646484,111.70833587646484,6984183
2006-03-01,60.08570098876953,110.83333587646484,111.25,108.79166412353516,110.41666412353516,4073925
2006-03-02,59.79203796386719,110.29166412353516,113.125,109.375,111.25,6956978
2006-03-03,59.227325439453125,109.25,111.375,108.875,110.0,3389964
2006-03-06,61.48619079589844,113.41666412353516,114.29166412353516,110.0,110.0,8753725
2006-03-07,62.34455108642578,115.0,116.5,113.75,113.75,8789065
2006-03-08,60.582645416259766,111.75,115.45833587646484,110.875,114.5,7486602
2006-03-09,61.35066223144531,113.16666412353516,113.75,110.83333587646484,112.08333587646484,2590677
2006-03-10,61.87019348144531,114.125,115.29166412353516,113.41666412353516,114.0,2657442
2006-03-13,62.97703170776367,116.16666412353516,118.33333587646484,114.20833587646484,114.91666412353516,5114572
2006-03-14,62.29937744140625,114.91666412353516,117.70833587646484,114.16666412353516,116.75,3052716
2006-03-16,61.418426513671875,113.29166412353516,116.66666412353516,112.625,116.66666412353516,5191208
2006-03-17,62.005741119384766,114.375,115.75,112.58333587646484,112.58333587646484,2741082
2006-03-20,62.20903396606445,114.75,115.75,114.29166412353516,115.0,3491366
2006-03-21,62.4123420715332,115.125,117.33333587646484,114.79166412353516,115.20833587646484,4907133
2006-03-22,61.89277648925781,114.16666412353516,115.25,113.625,115.0,5786082
2006-03-23,61.32805633544922,113.125,115.0,112.41666412353516,115.0,6070077
2006-03-24,61.23772430419922,112.95833587646484,114.375,112.54166412353516,113.75,4524266
2006-03-27,61.82501983642578,114.04166412353516,114.91666412353516,113.33333587646484,114.45833587646484,3314450
2006-03-28,61.35066223144531,113.16666412353516,114.83333587646484,112.75,114.83333587646484,3482277
2006-03-29,61.1021842956543,112.70833587646484,113.75,112.25,113.33333587646484,1860073
2006-03-30,60.10829162597656,110.875,113.70833587646484,110.41666412353516,112.91666412353516,4624676
2006-03-31,60.582645416259766,111.75,113.20833587646484,111.25,111.33333587646484,5407134
2006-04-03,61.16994857788086,112.83333587646484,114.375,112.5,113.20833587646484,4955148
2006-04-04,61.80244445800781,114.0,115.45833587646484,113.33333587646484,113.33333587646484,8450972
2006-04-05,62.77372360229492,115.79166412353516,116.41666412353516,114.29166412353516,115.0,4434003
2006-04-07,62.27680206298828,114.875,118.83333587646484,114.16666412353516,116.66666412353516,11692426
2006-04-10,61.87019348144531,114.125,118.83333587646484,113.54166412353516,118.83333587646484,4097570
2006-04-12,61.5765495300293,113.58333587646484,116.75,113.0,115.0,7083028
2006-04-13,62.32195281982422,114.95833587646484,116.33333587646484,106.25,114.16666412353516,8980795
2006-04-17,62.34455108642578,115.0,116.66666412353516,114.66666412353516,115.08333587646484,12696256
2006-04-18,63.06739044189453,116.33333587646484,117.04166412353516,115.0,115.41666412353516,3951499
2006-04-19,64.4678955078125,118.91666412353516,120.20833587646484,116.66666412353516,116.66666412353516,7346060
2006-04-20,62.88670349121094,116.0,120.75,115.16666412353516,117.125,8554742
2006-04-21,61.418426513671875,113.29166412353516,116.66666412353516,112.375,115.95833587646484,3915998
2006-04-24,60.56005859375,111.70833587646484,114.45833587646484,111.25,113.33333587646484,6282261
2006-04-25,58.05271530151367,107.08333587646484,111.66666412353516,106.5,110.83333587646484,8504127
2006-04-26,59.227325439453125,109.25,109.75,107.25,109.08333587646484,3236005
2006-04-27,58.45933151245117,107.83333587646484,110.58333587646484,107.5,109.75,5564089
2006-04-28,61.35066223144531,113.16666412353516,113.75,100.91666412353516,106.95833587646484,6778545
2006-05-02,61.01180648803711,112.54166412353516,115.83333587646484,112.16666412353516,112.5,2403027
2006-05-03,60.98923873901367,112.5,114.0,112.04166412353516,113.5,2845204
2006-05-04,59.88238525390625,110.45833587646484,114.08333587646484,109.91666412353516,113.33333587646484,3110049
2006-05-05,59.85982131958008,110.41666412353516,112.33333587646484,110.16666412353516,110.83333587646484,1879905
2006-05-08,58.97885513305664,108.79166412353516,111.625,108.33333587646484,110.83333587646484,9435357
2006-05-09,58.45933151245117,107.83333587646484,110.41666412353516,106.70833587646484,110.41666412353516,13389532
2006-05-10,58.54969787597656,108.0,109.95833587646484,107.66666412353516,109.16666412353516,8397000
2006-05-11,58.32377624511719,107.58333587646484,109.54166412353516,107.08333587646484,109.20833587646484,2878369
2006-05-12,59.182159423828125,109.16666412353516,110.20833587646484,106.25,107.5,5862961
2006-05-15,58.1430778503418,107.25,110.41666412353516,105.54166412353516,109.16666412353516,4608276
2006-05-16,59.182159423828125,109.16666412353516,110.5,100.91666412353516,108.125,9388134
2006-05-17,58.97885513305664,108.79166412353516,111.58333587646484,108.16666412353516,109.91666412353516,5656334
2006-05-18,55.90681076049805,103.125,108.16666412353516,101.66666412353516,108.16666412353516,6087843
2006-05-19,53.39946365356445,98.5,107.5,95.45833587646484,105.83333587646484,6120337
2006-05-22,50.39518737792969,92.95833587646484,102.375,70.91666412353516,101.66666412353516,13721882
2006-05-23,52.925113677978516,97.625,99.16666412353516,85.08333587646484,94.16666412353516,6588608
2006-05-24,53.69312286376953,99.04166412353516,102.83333587646484,95.41666412353516,97.5,13065013
2006-05-25,53.218753814697266,98.16666412353516,103.75,95.0,99.16666412353516,4539127
2006-05-26,52.97030258178711,97.70833587646484,100.91666412353516,96.75,97.91666412353516,6721026
2006-05-29,51.59237289428711,95.16666412353516,99.08333587646484,94.41666412353516,95.04166412353516,4453638
2006-05-30,51.863441467285156,95.66666412353516,96.5,94.625,95.83333587646484,2266550
2006-05-31,50.7791862487793,93.66666412353516,94.95833587646484,91.66666412353516,91.66666412353516,4859928
2006-06-01,49.67234802246094,91.625,95.41666412353516,90.41666412353516,94.58333587646484,4482243
2006-06-02,49.67234802246094,91.625,93.54166412353516,86.66666412353516,86.66666412353516,5779987
2006-06-05,49.98858642578125,92.20833587646484,94.58333587646484,91.66666412353516,93.33333587646484,3770353
2006-06-06,47.70713806152344,88.0,91.58333587646484,87.125,90.83333587646484,6363505
2006-06-07,45.267574310302734,83.5,88.70833587646484,83.33333587646484,87.125,6615776
2006-06-08,45.24497604370117,83.45833587646484,89.08333587646484,80.0,83.33333587646484,13707193
2006-06-09,49.06245422363281,90.5,92.5,82.5,82.5,7792884
2006-06-12,48.452571868896484,89.375,92.08333587646484,87.5,92.08333587646484,2335544
2006-06-13,46.871376037597656,86.45833587646484,87.70833587646484,85.41666412353516,87.5,3895657
2006-06-14,45.538639068603516,84.0,90.41666412353516,83.125,87.0,3993133
2006-06-15,47.70713806152344,88.0,88.54166412353516,85.04166412353516,87.25,2913580
2006-06-16,49.49163818359375,91.29166412353516,93.33333587646484,88.54166412353516,93.33333587646484,3742632
2006-06-19,50.86953353881836,93.83333587646484,94.91666412353516,89.20833587646484,93.33333587646484,3347431
2006-06-20,50.485530853271484,93.125,94.08333587646484,90.20833587646484,90.20833587646484,2111404
2006-06-21,51.41166687011719,94.83333587646484,95.5,92.08333587646484,92.25,3336972
2006-06-22,52.78957748413086,97.375,97.83333587646484,95.20833587646484,95.20833587646484,2261394
2006-06-23,51.99897766113281,95.91666412353516,97.04166412353516,95.20833587646484,96.66666412353516,1719936
2006-06-26,49.58200454711914,91.45833587646484,96.58333587646484,90.16666412353516,95.83333587646484,1050855
2006-06-27,48.88174819946289,90.16666412353516,92.5,88.58333587646484,91.66666412353516,1774034
2006-06-28,49.13022232055664,90.625,92.08333587646484,87.58333587646484,90.0,1094737
2006-06-29,48.36220169067383,89.20833587646484,92.41666412353516,88.0,90.16666412353516,3537933
2006-06-30,50.10154342651367,92.41666412353516,93.625,90.83333587646484,91.41666412353516,2711944
2006-07-03,50.372596740722656,92.91666412353516,94.45833587646484,91.875,93.33333587646484,3931270
2006-07-04,52.13450622558594,96.16666412353516,96.91666412353516,93.33333587646484,93.33333587646484,4622553
2006-07-05,52.247440338134766,96.375,96.66666412353516,94.58333587646484,96.25,2371746
2006-07-06,51.863441467285156,95.66666412353516,96.375,94.20833587646484,96.375,1175280
2006-07-07,52.17967987060547,96.25,97.875,95.0,95.0,3926973
2006-07-10,53.01545715332031,97.79166412353516,98.25,95.375,95.83333587646484,2017519
2006-07-11,52.81216049194336,97.41666412353516,98.33333587646484,96.91666412353516,97.91666412353516,852025
2006-07-12,53.39946365356445,98.5,99.0,94.70833587646484,96.91666412353516,2459215
2006-07-13,53.28651809692383,98.29166412353516,99.125,96.875,99.0,824454
2006-07-14,53.46723175048828,98.625,98.95833587646484,96.04166412353516,97.25,1992686
2006-07-17,51.27613830566406,94.58333587646484,98.25,93.08333587646484,97.5,2146498
2006-07-18,51.09542465209961,94.25,96.66666412353516,93.75,95.0,2117318
2006-07-19,50.16929244995117,92.54166412353516,95.70833587646484,91.08333587646484,95.0,2243239
2006-07-20,51.34391784667969,94.70833587646484,95.5,93.0,94.83333587646484,1221241
2006-07-21,48.67844772338867,89.79166412353516,94.58333587646484,89.25,94.16666412353516,2370795
2006-07-24,48.42998123168945,89.33333587646484,90.41666412353516,87.0,89.66666412353516,1962242
2006-07-25,49.94342041015625,92.125,93.04166412353516,90.16666412353516,90.16666412353516,2414578
2006-07-26,50.462955474853516,93.08333587646484,93.33333587646484,90.0,90.0,782430
2006-07-27,51.70531463623047,95.375,96.20833587646484,93.41666412353516,94.16666412353516,4033213
2006-07-28,51.90861511230469,95.75,96.20833587646484,94.33333587646484,95.75,1515192
2006-07-31,52.06674575805664,96.04166412353516,97.45833587646484,95.45833587646484,96.20833587646484,788168
2006-08-01,52.40556716918945,96.66666412353516,97.29166412353516,95.54166412353516,96.04166412353516,1017633
2006-08-02,54.393367767333984,100.33333587646484,100.75,96.66666412353516,97.29166412353516,6430790
2006-08-03,54.50632858276367,100.54166412353516,103.125,99.625,101.25,3129458
2006-08-04,54.122291564941406,99.83333587646484,102.20833587646484,98.41666412353516,100.83333587646484,1844979
2006-08-07,54.50632858276367,100.54166412353516,101.25,98.95833587646484,100.0,1186850
2006-08-08,54.777366638183594,101.04166412353516,101.79166412353516,100.41666412353516,100.41666412353516,794322
2006-08-09,54.7096061706543,100.91666412353516,101.875,100.41666412353516,100.83333587646484,1332547
2006-08-10,54.86771774291992,101.20833587646484,102.25,100.83333587646484,100.91666412353516,1738552
2006-08-11,56.155277252197266,103.58333587646484,104.16666412353516,100.0,100.83333587646484,2278143
2006-08-14,56.53927230834961,104.29166412353516,105.375,103.75,105.0,1241454
2006-08-16,56.83293914794922,104.83333587646484,105.79166412353516,104.20833587646484,105.33333587646484,1729690
2006-08-17,56.38117599487305,104.0,105.83333587646484,103.58333587646484,105.33333587646484,1251219
2006-08-18,56.47153091430664,104.16666412353516,105.125,103.41666412353516,105.0,1668228
2006-08-21,56.11009216308594,103.5,104.91666412353516,103.0,103.75,794491
2006-08-22,55.47761917114258,102.33333587646484,104.16666412353516,101.875,103.54166412353516,1544102
2006-08-23,56.019744873046875,103.33333587646484,103.91666412353516,102.08333587646484,102.5,2297907
2006-08-24,56.945858001708984,105.04166412353516,106.25,102.54166412353516,103.29166412353516,2821874
2006-08-25,56.516693115234375,104.25,106.41666412353516,103.83333587646484,105.91666412353516,1800327
2006-08-28,56.35856628417969,103.95833587646484,104.79166412353516,103.54166412353516,104.33333587646484,1260921
2006-08-29,57.53317642211914,106.125,106.875,103.54166412353516,104.16666412353516,5747562
2006-08-30,56.919456481933594,104.33333587646484,106.20833587646484,103.79166412353516,106.20833587646484,1751530
2006-08-31,56.487552642822266,103.54166412353516,105.75,103.20833587646484,105.0,1935409
2006-09-01,57.237674713134766,104.91666412353516,105.58333587646484,103.375,103.75,1362846
2006-09-04,57.6695671081543,105.70833587646484,107.16666412353516,105.0,105.41666412353516,2406307
2006-09-05,57.26040267944336,104.95833587646484,106.66666412353516,104.54166412353516,105.83333587646484,753802
2006-09-06,57.44225311279297,105.29166412353516,106.33333587646484,104.54166412353516,104.95833587646484,801259
2006-09-07,57.12403106689453,104.70833587646484,105.66666412353516,104.41666412353516,105.66666412353516,646882
2006-09-08,56.873985290527344,104.25,105.41666412353516,103.66666412353516,104.95833587646484,914872
2006-09-11,54.9190788269043,100.66666412353516,104.95833587646484,100.04166412353516,104.375,1065033
2006-09-12,56.35116195678711,103.29166412353516,103.75,96.66666412353516,100.41666412353516,1923673
2006-09-13,58.783409118652344,107.75,108.95833587646484,103.75,103.75,4220953
2006-09-14,58.46517562866211,107.16666412353516,109.04166412353516,105.75,108.33333587646484,4242552
2006-09-15,57.919620513916016,106.16666412353516,107.91666412353516,105.125,107.41666412353516,1722342
2006-09-18,58.62430191040039,107.45833587646484,107.875,105.625,106.66666412353516,2241086
2006-09-19,58.01051330566406,106.33333587646484,109.29166412353516,105.45833587646484,107.5,4801804
2006-09-20,59.07891845703125,108.29166412353516,108.41666412353516,100.0,100.0,3008708
2006-09-21,58.96526336669922,108.08333587646484,109.58333587646484,107.54166412353516,108.54166412353516,2352752
2006-09-22,58.669742584228516,107.54166412353516,108.75,106.79166412353516,108.08333587646484,1404356
2006-09-25,57.715030670166016,105.79166412353516,108.125,105.25,107.54166412353516,1928763
2006-09-26,57.942344665527344,106.20833587646484,106.75,105.25,105.83333587646484,1189738
2006-09-27,58.01051330566406,106.33333587646484,107.91666412353516,105.91666412353516,106.66666412353516,2404515
2006-09-28,57.896881103515625,106.125,107.41666412353516,105.66666412353516,106.66666412353516,2436400
2006-09-29,59.1471061706543,108.41666412353516,108.95833587646484,106.375,107.91666412353516,3669409
2006-10-03,60.57917785644531,111.04166412353516,111.58333587646484,107.70833587646484,108.95833587646484,2131020
2006-10-04,59.124393463134766,108.375,112.08333587646484,107.91666412353516,110.0,3700234
2006-10-05,59.53355026245117,109.125,110.83333587646484,108.75,110.83333587646484,778800
2006-10-06,59.442626953125,108.95833587646484,110.375,108.75,109.25,793576
2006-10-09,58.89706802368164,107.95833587646484,109.58333587646484,107.125,108.75,845697
2006-10-10,60.01091384887695,110.0,111.625,108.33333587646484,108.41666412353516,3750430
2006-10-11,59.16986083984375,108.45833587646484,111.125,108.04166412353516,110.83333587646484,2971603
2006-10-12,59.30625915527344,108.70833587646484,109.375,107.58333587646484,109.25,3336014
2006-10-13,59.1471061706543,108.41666412353516,110.75,108.16666412353516,110.75,1518544
2006-10-16,59.62446594238281,109.29166412353516,110.29166412353516,108.54166412353516,108.54166412353516,3632496
2006-10-17,58.41971206665039,107.08333587646484,109.41666412353516,106.25,109.41666412353516,2046862
2006-10-18,57.737770080566406,105.83333587646484,107.5,105.54166412353516,107.41666412353516,1520656
2006-10-19,57.19221496582031,104.83333587646484,106.66666412353516,104.33333587646484,106.25,2786236
2006-10-20,57.351322174072266,105.125,106.125,104.875,105.08333587646484,1217892
2006-10-23,57.12403106689453,104.70833587646484,105.83333587646484,104.25,105.83333587646484,3043964
2006-10-26,57.55592346191406,105.5,106.20833587646484,104.75,105.0,2678713
2006-10-27,58.783409118652344,107.75,107.91666412353516,105.83333587646484,105.83333587646484,2179862
2006-10-30,59.0334587097168,108.20833587646484,108.58333587646484,106.70833587646484,107.54166412353516,1254043
2006-10-31,58.9198112487793,108.0,109.125,107.625,108.58333587646484,1440838
2006-11-01,59.26076889038086,108.625,109.125,107.875,108.33333587646484,1425714
2006-11-02,58.89706802368164,107.95833587646484,110.0,107.66666412353516,108.33333587646484,904171
2006-11-03,59.85178756713867,109.70833587646484,110.08333587646484,107.95833587646484,108.75,1373470
2006-11-06,60.64737319946289,111.16666412353516,111.45833587646484,108.95833587646484,110.08333587646484,3044740
2006-11-07,59.57901382446289,109.20833587646484,112.04166412353516,108.75,111.70833587646484,1105332
2006-11-08,58.374237060546875,107.0,110.0,106.16666412353516,109.20833587646484,1185566
2006-11-09,58.53336715698242,107.29166412353516,108.33333587646484,105.875,107.5,2417749
2006-11-10,59.374420166015625,108.83333587646484,109.125,106.91666412353516,108.25,1203237
2006-11-13,62.7159538269043,114.95833587646484,115.58333587646484,108.54166412353516,108.75,8726870
2006-11-14,61.442996978759766,112.625,116.16666412353516,111.45833587646484,115.83333587646484,4474582
2006-11-15,61.01108169555664,111.83333587646484,114.5,111.04166412353516,112.625,2618001
2006-11-16,61.51116943359375,112.75,114.04166412353516,110.54166412353516,111.66666412353516,3431583
2006-11-17,63.216026306152344,115.875,123.33333587646484,113.58333587646484,114.16666412353516,12078684
2006-11-20,61.60213088989258,112.91666412353516,116.75,111.16666412353516,115.83333587646484,6787129
2006-11-21,62.988731384277344,115.45833587646484,115.95833587646484,113.33333587646484,115.0,3205471
2006-11-22,63.76157760620117,116.875,117.29166412353516,115.0,116.04166412353516,3018224
2006-11-23,64.71630096435547,118.625,119.91666412353516,116.25,117.5,4463433
2006-11-24,68.26241302490234,125.125,125.83333587646484,110.83333587646484,110.83333587646484,10121325
2006-11-27,69.96725463867188,128.25,131.5833282470703,125.0,125.0,10085607
2006-11-28,68.14874267578125,124.91666412353516,130.0833282470703,123.875,127.91666412353516,14612824
2006-11-29,67.6714096069336,124.04166412353516,127.83333587646484,123.58333587646484,125.83333587646484,5642754
2006-11-30,66.80758666992188,122.45833587646484,126.66666412353516,121.25,124.16666412353516,6459727
2006-12-01,67.33043670654297,123.41666412353516,124.91666412353516,123.125,124.16666412353516,2928896
2006-12-04,68.6261215209961,125.79166412353516,126.66666412353516,122.95833587646484,124.16666412353516,4346781
2006-12-05,68.0123519897461,124.66666412353516,127.33333587646484,124.16666412353516,126.66666412353516,2613294
2006-12-06,67.30770111083984,123.375,126.20833587646484,122.5,125.33333587646484,2466795
2006-12-07,68.9443359375,126.375,127.29166412353516,123.0,124.66666412353516,3386560
2006-12-08,69.10346221923828,126.66666412353516,128.75,125.91666412353516,126.91666412353516,6881316
2006-12-11,64.8981704711914,118.95833587646484,127.66666412353516,116.75,127.66666412353516,7730827
2006-12-12,61.920352935791016,113.5,119.875,109.70833587646484,118.91666412353516,7984363
2006-12-13,63.738853454589844,116.83333587646484,117.70833587646484,110.0,114.16666412353516,6551013
2006-12-14,66.08019256591797,121.125,122.66666412353516,117.5,118.66666412353516,5863959
2006-12-15,65.05728149414062,119.25,123.08333587646484,118.5,121.66666412353516,5548656
2006-12-18,63.98889923095703,117.29166412353516,120.79166412353516,116.04166412353516,120.16666412353516,9779215
2006-12-19,60.92018127441406,111.66666412353516,118.125,110.625,117.5,12627855
2006-12-20,60.8292350769043,111.5,114.08333587646484,110.20833587646484,112.5,5367121
2006-12-21,60.624664306640625,111.125,112.33333587646484,109.625,112.0,3881798
2006-12-22,60.89741516113281,111.625,112.45833587646484,110.58333587646484,111.66666412353516,3054805
2006-12-26,62.30677795410156,114.20833587646484,114.5,111.66666412353516,112.16666412353516,4266988
2006-12-27,62.28404998779297,114.16666412353516,115.83333587646484,113.375,115.20833587646484,3494397
2006-12-28,61.738502502441406,113.16666412353516,114.95833587646484,112.58333587646484,114.16666412353516,6746402
2006-12-29,62.05673599243164,113.75,114.75,112.66666412353516,114.0,3033627
2007-01-02,62.73868179321289,115.0,115.33333587646484,113.33333587646484,114.83333587646484,1838380
2007-01-03,63.17059326171875,115.79166412353516,117.33333587646484,115.25,115.83333587646484,2988818
2007-01-04,62.261322021484375,114.125,116.58333587646484,113.66666412353516,116.25,2566714
2007-01-05,62.73868179321289,115.0,115.625,112.91666412353516,113.33333587646484,2376704
2007-01-08,62.238582611083984,114.08333587646484,114.75,112.125,114.08333587646484,3840715
2007-01-09,61.442996978759766,112.625,115.20833587646484,112.33333587646484,114.0,2351222
2007-01-10,60.351898193359375,110.625,113.0,109.625,113.0,7558984
2007-01-11,62.420440673828125,114.41666412353516,115.33333587646484,110.20833587646484,110.83333587646484,4361550
2007-01-12,63.03418731689453,115.54166412353516,116.625,115.0,115.0,3077984
2007-01-15,62.965980529785156,115.41666412353516,116.58333587646484,115.0,116.5,1594345
2007-01-16,62.670475006103516,114.875,116.20833587646484,114.5,115.25,933949
2007-01-17,63.42060089111328,116.25,117.08333587646484,114.41666412353516,115.0,1686514
2007-01-18,63.466087341308594,116.33333587646484,118.75,115.41666412353516,116.66666412353516,3376575
2007-01-19,62.85232162475586,115.20833587646484,117.08333587646484,114.16666412353516,116.91666412353516,2896689
2007-01-22,62.965980529785156,115.41666412353516,116.16666412353516,115.04166412353516,115.83333587646484,1347774
2007-01-23,61.39752197265625,112.54166412353516,116.04166412353516,111.75,115.0,2769939
2007-01-24,61.920352935791016,113.5,114.58333587646484,113.0,113.33333587646484,1200184
2007-01-25,62.465919494628906,114.5,115.875,113.5,113.5,3810324
2007-01-29,64.8299789428711,118.83333587646484,120.20833587646484,114.58333587646484,114.58333587646484,6425100
2007-01-31,64.57991790771484,118.375,121.45833587646484,117.29166412353516,120.33333587646484,6737354
2007-02-01,66.23931884765625,121.41666412353516,121.875,117.70833587646484,119.16666412353516,3229677
2007-02-02,65.82328033447266,118.66666412353516,122.33333587646484,118.33333587646484,122.33333587646484,4054911
2007-02-05,65.29170989990234,117.70833587646484,119.875,117.33333587646484,119.16666412353516,2520321
2007-02-06,65.29170989990234,117.70833587646484,119.66666412353516,117.29166412353516,118.66666412353516,2503892
2007-02-07,66.07752990722656,119.125,119.91666412353516,116.75,117.91666412353516,3665612
2007-02-08,65.98507690429688,118.95833587646484,121.0,118.20833587646484,118.91666412353516,4827750
2007-02-09,67.07135009765625,120.91666412353516,122.08333587646484,116.875,116.875,6127588
2007-02-12,66.56288146972656,120.0,121.5,116.375,121.25,7068037
2007-02-13,66.95578002929688,120.70833587646484,122.75,118.79166412353516,120.0,4249249
2007-02-14,66.63220977783203,120.125,121.0,117.5,120.08333587646484,2681266
2007-02-15,65.80018615722656,118.625,122.04166412353516,117.29166412353516,120.83333587646484,5761849
2007-02-19,65.61528778076172,118.29166412353516,119.95833587646484,117.91666412353516,119.16666412353516,1739238
2007-02-20,65.66151428222656,118.375,119.29166412353516,117.08333587646484,118.41666412353516,2263321
2007-02-21,65.89263916015625,118.79166412353516,119.79166412353516,117.41666412353516,118.66666412353516,3009903
2007-02-22,65.89263916015625,118.79166412353516,120.04166412353516,117.875,117.91666412353516,5826511
2007-02-23,65.70774841308594,118.45833587646484,119.91666412353516,117.25,119.0,4489256
2007-02-26,65.80018615722656,118.625,119.58333587646484,117.5,117.58333587646484,2432424
2007-02-27,65.86952209472656,118.75,120.0,118.125,119.0,1693423
2007-02-28,64.66769409179688,116.58333587646484,119.33333587646484,113.08333587646484,113.58333587646484,8717343
2007-03-01,65.66151428222656,118.375,118.66666412353516,114.58333587646484,116.58333587646484,2840900
2007-03-02,65.3841552734375,117.875,118.66666412353516,116.66666412353516,116.66666412353516,5038977
2007-03-05,63.23472595214844,114.0,116.625,107.5,110.0,12283047
2007-03-06,61.45511245727539,110.79166412353516,115.83333587646484,109.29166412353516,114.16666412353516,9109291
2007-03-07,61.20088577270508,110.33333587646484,112.91666412353516,109.79166412353516,110.83333587646484,4205208
2007-03-08,62.88805389404297,113.375,114.08333587646484,109.25,109.25,1407399
2007-03-09,64.73704528808594,116.70833587646484,117.5,111.875,114.16666412353516,4781274
2007-03-12,64.4134521484375,116.125,119.375,115.5,117.25,3003142
2007-03-13,65.84639739990234,118.70833587646484,119.125,116.20833587646484,116.66666412353516,1360179
2007-03-14,64.22857666015625,115.79166412353516,116.58333587646484,110.04166412353516,110.04166412353516,3164718
2007-03-15,64.94502258300781,117.08333587646484,117.91666412353516,116.25,116.625,1246398
2007-03-16,64.89881896972656,117.0,117.5,115.33333587646484,116.58333587646484,1251063
2007-03-19,66.44731903076172,119.79166412353516,120.83333587646484,116.45833587646484,118.04166412353516,1733470
2007-03-20,66.07752990722656,119.125,121.08333587646484,118.54166412353516,119.25,1690312
2007-03-21,66.42422485351562,119.75,120.75,118.75,120.5,1299568
2007-03-22,66.65534210205078,120.16666412353516,120.70833587646484,119.41666412353516,120.58333587646484,2317094
2007-03-23,67.02511596679688,120.83333587646484,122.08333587646484,119.33333587646484,119.45833587646484,1661925
2007-03-26,66.26243591308594,119.45833587646484,121.54166412353516,118.54166412353516,120.83333587646484,863608
2007-03-28,66.2162094116211,119.375,119.875,117.0,119.16666412353516,1684297
2007-03-29,67.25623321533203,121.25,122.08333587646484,117.91666412353516,119.08333587646484,4104795
2007-03-30,69.45189666748047,125.20833587646484,126.25,120.83333587646484,121.66666412353516,4391740
2007-04-02,67.94962310791016,122.5,124.08333587646484,121.29166412353516,123.70833587646484,1575160
2007-04-03,71.16218566894531,128.2916717529297,129.9166717529297,122.5,122.58333587646484,6196394
2007-04-04,74.49034118652344,134.2916717529297,135.2083282470703,128.2916717529297,128.3333282470703,14369323
2007-04-05,73.35783386230469,132.25,135.625,130.9166717529297,134.1666717529297,10347732
2007-04-09,73.58895874023438,132.6666717529297,134.75,131.9583282470703,132.5,3062931
2007-04-10,72.91871643066406,131.4583282470703,134.0416717529297,130.4166717529297,133.3333282470703,4381837
2007-04-11,73.265380859375,132.0833282470703,134.4166717529297,130.5,131.6666717529297,5264838
2007-04-12,73.91253662109375,133.25,134.3333282470703,130.5416717529297,132.4166717529297,5155605
2007-04-13,72.75694274902344,131.1666717529297,134.75,130.25,131.0,4295913
2007-04-16,73.38094329833984,132.2916717529297,133.8333282470703,131.5,133.1666717529297,3142606
2007-04-17,72.61824798583984,130.9166717529297,133.5833282470703,118.41666412353516,132.7083282470703,2919670
2007-04-18,74.90636444091797,135.0416717529297,136.25,130.8333282470703,130.8333282470703,6557216
2007-04-19,73.9356460571289,133.2916717529297,136.4583282470703,132.5,134.1666717529297,5295249
2007-04-20,73.98187255859375,133.375,134.8333282470703,132.5,133.375,2497863
2007-04-23,73.65828704833984,132.7916717529297,135.7916717529297,131.9583282470703,133.3333282470703,2789042
2007-04-24,73.14983367919922,131.875,134.5416717529297,131.2916717529297,131.6666717529297,4434847
2007-04-25,72.52581787109375,130.75,132.6666717529297,130.125,132.4583282470703,2966272
2007-04-26,73.08049011230469,131.75,133.6666717529297,128.75,131.6666717529297,5282442
2007-04-27,73.68141174316406,132.8333282470703,134.0833282470703,131.4166717529297,133.3333282470703,2470101
2007-04-30,73.86631774902344,133.1666717529297,133.9166717529297,130.9583282470703,132.5,1357917
2007-05-03,73.58895874023438,132.6666717529297,135.4166717529297,132.2916717529297,134.0,2308107
2007-05-04,73.03427124023438,131.6666717529297,133.75,130.6666717529297,131.6666717529297,1784232
2007-05-07,72.06356048583984,129.9166717529297,132.6666717529297,129.4583282470703,132.5,1008602
2007-05-08,71.46267700195312,128.8333282470703,131.0833282470703,128.375,129.1666717529297,1335759
2007-05-09,71.27776336669922,128.5,130.2083282470703,125.04166412353516,125.04166412353516,951338
2007-05-10,69.84478759765625,125.91666412353516,130.1666717529297,125.41666412353516,128.8333282470703,2623165
2007-05-11,71.60131072998047,129.0833282470703,129.5833282470703,123.625,126.66666412353516,1348192
2007-05-14,72.54894256591797,130.7916717529297,132.2916717529297,129.7916717529297,129.7916717529297,2019810
2007-05-15,72.13291931152344,130.0416717529297,131.25,129.25,130.8333282470703,901096
2007-05-16,72.45649719238281,130.625,132.8333282470703,130.0,130.2083282470703,3046288
2007-05-17,73.42718505859375,132.375,132.7916717529297,130.8333282470703,132.0,6024157
2007-05-18,71.99422454833984,129.7916717529297,132.7083282470703,129.25,132.375,3523021
2007-05-21,72.22533416748047,130.2083282470703,130.8333282470703,128.1666717529297,130.0,7662106
2007-05-22,71.57820129394531,129.0416717529297,131.0,127.83333587646484,130.0,6055074
2007-05-23,71.92488861083984,129.6666717529297,130.7083282470703,128.3333282470703,129.8333282470703,1366405
2007-05-24,75.02191162109375,135.25,135.8333282470703,130.0,130.2083282470703,6001615
2007-05-25,75.66905212402344,136.4166717529297,137.3333282470703,133.3333282470703,133.3333282470703,4794817
2007-05-28,75.1143798828125,135.4166717529297,138.7083282470703,134.625,137.5,3082046
2007-05-29,74.3054428100586,133.9583282470703,136.5833282470703,133.5416717529297,135.8333282470703,1468760
2007-05-30,74.09741973876953,133.5833282470703,137.25,132.9583282470703,134.1666717529297,2929723
2007-05-31,73.265380859375,132.0833282470703,135.7083282470703,130.625,133.75,2727085
2007-06-01,73.21917724609375,132.0,134.5,131.5416717529297,134.5,3051752
2007-06-04,74.25922393798828,133.875,135.375,132.3333282470703,133.3333282470703,2212294
2007-06-05,73.77386474609375,133.0,133.9583282470703,132.0833282470703,133.8333282470703,770402
2007-06-06,71.99422454833984,129.7916717529297,137.5,128.5,137.5,4128588
2007-06-07,71.8555679321289,129.5416717529297,131.1666717529297,127.91666412353516,129.25,2848302
2007-06-08,71.18529510498047,128.3333282470703,129.0833282470703,126.66666412353516,128.6666717529297,1142275
2007-06-11,71.4857406616211,128.875,129.9166717529297,128.25,129.1666717529297,3076122
2007-06-12,70.79241180419922,127.625,129.7916717529297,126.75,128.875,1347486
2007-06-13,70.8155288696289,127.66666412353516,128.8333282470703,126.66666412353516,128.25,3993435
2007-06-14,71.00042724609375,128.0,128.9583282470703,126.66666412353516,127.66666412353516,2388930
2007-06-15,69.68301391601562,125.625,129.1666717529297,125.0,128.3333282470703,6461571
2007-06-18,69.05896759033203,124.5,127.41666412353516,124.16666412353516,126.66666412353516,3090136
2007-06-19,69.89100646972656,126.0,126.5,124.375,124.91666412353516,2418520
2007-06-20,69.63679504394531,125.54166412353516,132.0833282470703,125.04166412353516,127.0,2534685
2007-06-21,69.243896484375,124.83333587646484,127.08333587646484,124.58333587646484,126.16666412353516,3357784
2007-06-22,70.60751342773438,127.29166412353516,127.875,125.83333587646484,125.83333587646484,2372262
2007-06-25,70.90795135498047,127.83333587646484,128.2916717529297,126.91666412353516,127.5,1284926
2007-06-26,71.02351379394531,128.0416717529297,128.625,127.29166412353516,127.5,1176177
2007-06-27,69.49813079833984,125.29166412353516,128.3333282470703,124.875,127.625,1584038
2007-06-28,69.798583984375,125.83333587646484,127.41666412353516,125.25,126.16666412353516,3033045
2007-06-29,70.63062286376953,127.33333587646484,128.3333282470703,125.91666412353516,125.91666412353516,1543093
2007-07-02,70.283935546875,126.70833587646484,128.1666717529297,126.58333587646484,127.33333587646484,1518481
2007-07-03,70.21459197998047,126.58333587646484,129.0416717529297,126.20833587646484,128.7916717529297,1516815
2007-07-04,71.83244323730469,129.5,130.25,126.625,127.83333587646484,2596632
2007-07-05,70.67681884765625,127.41666412353516,131.2083282470703,126.33333587646484,130.5,3002859
2007-07-06,71.71690368652344,129.2916717529297,130.2083282470703,127.5,127.5,4031812
2007-07-09,72.64136505126953,130.9583282470703,131.8333282470703,128.875,129.2916717529297,3622514
2007-07-10,72.06356048583984,129.9166717529297,131.8333282470703,129.25,131.6666717529297,1865316
2007-07-11,71.57820129394531,129.0416717529297,130.0,127.75,130.0,2698780
2007-07-12,72.52581787109375,130.75,131.1666717529297,129.2083282470703,129.3333282470703,2301134
2007-07-13,72.61824798583984,130.9166717529297,132.8333282470703,129.2916717529297,129.2916717529297,3118759
2007-07-16,71.62444305419922,129.125,131.8333282470703,128.4166717529297,131.6666717529297,3808207
2007-07-17,71.69377136230469,129.25,133.0,128.9166717529297,129.7083282470703,4412774
2007-07-18,71.99422454833984,129.7916717529297,130.1666717529297,127.91666412353516,129.1666717529297,1388650
2007-07-19,72.22533416748047,130.2083282470703,130.8333282470703,128.6666717529297,129.7916717529297,1776079
2007-07-20,71.53197479248047,128.9583282470703,133.4166717529297,128.2916717529297,130.8333282470703,5458112
2007-07-23,72.96493530273438,131.5416717529297,131.8333282470703,127.33333587646484,129.1666717529297,4380616
2007-07-24,75.64594268798828,136.375,138.625,131.6666717529297,132.1666717529297,11033082
2007-07-25,77.49492645263672,139.7083282470703,141.25,134.3333282470703,136.375,9071229
2007-07-26,77.7260513305664,140.125,142.0833282470703,138.5833282470703,141.6666717529297,4281500
2007-07-27,74.53656768798828,134.375,139.1666717529297,133.3333282470703,139.1666717529297,3338296
2007-07-30,75.43795013427734,136.0,136.5833282470703,133.9583282470703,134.25,3961112
2007-07-31,76.63976287841797,138.1666717529297,140.6666717529297,134.6666717529297,137.5,6275851
2007-08-01,74.12052917480469,133.625,136.8333282470703,132.9583282470703,136.8333282470703,3412482
2007-08-02,75.04503631591797,135.2916717529297,137.9583282470703,132.5416717529297,134.25,2676100
2007-08-03,76.68600463867188,138.25,140.25,136.0833282470703,137.0416717529297,3372440
2007-08-06,75.59972381591797,136.2916717529297,137.875,133.6666717529297,134.1666717529297,4780303
2007-08-07,77.07887268066406,138.9583282470703,139.9166717529297,137.3333282470703,137.3333282470703,3021049
2007-08-08,79.02030944824219,142.4583282470703,144.625,139.1666717529297,140.4166717529297,10585540
2007-08-09,78.4425277709961,141.4166717529297,146.5833282470703,140.25,144.5833282470703,8353609
2007-08-10,76.20065307617188,137.375,138.75,135.0,137.5833282470703,2923141
2007-08-13,77.63360595703125,139.9583282470703,140.8333282470703,138.375,139.5416717529297,1420962
2007-08-14,79.82925415039062,143.9166717529297,147.1666717529297,140.0,140.0,8265988
2007-08-16,77.70293426513672,140.0833282470703,141.875,137.5416717529297,137.5416717529297,5393703
2007-08-17,75.18370819091797,135.5416717529297,141.25,131.7916717529297,139.1666717529297,9826575
2007-08-20,75.73839569091797,136.5416717529297,141.625,135.9166717529297,137.5,3803720
2007-08-21,73.7969741821289,133.0416717529297,139.0833282470703,132.5,136.6666717529297,4851733
2007-08-22,74.3747787475586,134.0833282470703,135.2083282470703,130.0833282470703,133.3333282470703,5505249
2007-08-23,74.05118560791016,133.5,137.1666717529297,131.8333282470703,137.1666717529297,2188977
2007-08-24,75.71525573730469,136.5,136.75,133.0,134.1666717529297,1669035
2007-08-27,77.65670776367188,140.0,141.5,137.5,137.5,4274962
2007-08-28,77.37934875488281,139.5,141.3333282470703,138.6666717529297,141.3333282470703,1955072
2007-08-29,76.38552856445312,137.7083282470703,138.75,136.3333282470703,136.3333282470703,1654087
2007-08-30,77.29129791259766,138.6666717529297,140.0833282470703,136.125,138.3333282470703,6663381
2007-08-31,80.51951599121094,144.4583282470703,145.75,138.0833282470703,139.9166717529297,5570238
2007-09-03,86.09337615966797,154.4583282470703,156.5833282470703,143.75,145.0,9272115
2007-09-04,84.18897247314453,151.0416717529297,156.1666717529297,150.625,156.1666717529297,5214166
2007-09-05,86.20952606201172,154.6666717529297,157.2083282470703,151.25,153.1666717529297,10822910
2007-09-06,86.48818969726562,155.1666717529297,155.8333282470703,152.75,153.25,2793570
2007-09-07,86.88301849365234,155.875,159.3333282470703,153.875,155.75,4351930
2007-09-10,88.76419067382812,159.25,160.0,154.0833282470703,154.1666717529297,3469222
2007-09-11,91.04021453857422,163.3333282470703,164.5833282470703,157.5416717529297,160.6666717529297,7075359
2007-09-12,88.46229553222656,158.7083282470703,164.5,157.9583282470703,163.3333282470703,6122496
2007-09-13,89.1590576171875,159.9583282470703,160.75,157.5,159.5416717529297,4346203
2007-09-14,86.27918243408203,154.7916717529297,162.5,153.7916717529297,161.25,4563913
2007-09-17,85.25729370117188,152.9583282470703,157.5,151.0833282470703,157.5,4484260
2007-09-18,85.74500274658203,153.8333282470703,155.0,151.6666717529297,152.5416717529297,16222999
2007-09-19,87.97459411621094,157.8333282470703,159.125,155.375,157.9166717529297,7555269
2007-09-20,88.02102661132812,157.9166717529297,162.1666717529297,156.1666717529297,159.5833282470703,5799085
2007-09-21,87.02236938476562,156.125,157.7916717529297,152.0416717529297,157.25,38025878
2007-09-24,91.24925231933594,163.7083282470703,164.9166717529297,156.6666717529297,158.3333282470703,18967414
2007-09-25,90.32027435302734,162.0416717529297,166.6666717529297,159.8333282470703,163.3333282470703,12071517
2007-09-26,88.95001983642578,159.5833282470703,164.1666717529297,158.5,162.4583282470703,10055839
2007-09-27,90.08802032470703,161.625,162.4583282470703,157.7083282470703,160.6666717529297,12298208
2007-09-28,90.08802032470703,161.625,163.9583282470703,160.5833282470703,161.6666717529297,7410682
2007-10-01,95.91737365722656,172.0833282470703,173.9583282470703,162.2083282470703,162.7083282470703,13284964
2007-10-03,100.70161437988281,180.6666717529297,186.4166717529297,168.7916717529297,173.8333282470703,28540039
2007-10-04,105.13751220703125,188.625,190.2083282470703,177.625,183.3333282470703,21510650
2007-10-05,99.61009979248047,178.7083282470703,192.5,177.125,191.6666717529297,11993722
2007-10-08,95.17417907714844,170.75,182.375,167.5833282470703,179.1666717529297,8924370
2007-10-09,101.32872772216797,181.7916717529297,183.3333282470703,163.5,168.3333282470703,11967493
2007-10-10,101.86284637451172,182.75,186.5833282470703,175.5,183.3333282470703,11638753
2007-10-11,103.3724365234375,185.4583282470703,186.25,181.75,183.3333282470703,8649327
2007-10-12,101.096435546875,181.375,187.9583282470703,179.6666717529297,186.1666717529297,11569080
2007-10-15,105.625244140625,189.5,190.4583282470703,180.6666717529297,182.5,15228834
2007-10-16,107.52964782714844,192.9166717529297,195.8333282470703,186.2916717529297,189.9166717529297,24691960
2007-10-17,102.39703369140625,183.7083282470703,186.6666717529297,168.0416717529297,186.6666717529297,23043907
2007-10-18,96.77666473388672,173.625,192.4166717529297,169.1666717529297,184.9583282470703,21229676
2007-10-19,93.6181411743164,167.9583282470703,177.5,165.9166717529297,177.5,10875836
2007-10-22,92.71238708496094,166.3333282470703,169.5,160.125,162.5,7775066
2007-10-23,101.63060760498047,182.3333282470703,183.75,167.5,172.4166717529297,12086691
2007-10-24,103.1866683959961,185.125,187.5,179.7083282470703,185.8333282470703,12334426
2007-10-25,103.3724365234375,185.4583282470703,187.5,183.0,186.7916717529297,13504792
2007-10-26,106.32197570800781,190.75,192.5,183.3333282470703,186.25,10841070
2007-10-29,108.34253692626953,194.375,200.0,192.8333282470703,194.1666717529297,11055172
2007-10-30,108.8070068359375,195.2083282470703,199.1666717529297,190.8333282470703,195.8333282470703,10161270
2007-10-31,110.96688842773438,199.0833282470703,202.5,195.0,196.6666717529297,11045894
2007-11-01,106.90258026123047,191.7916717529297,203.9166717529297,190.1666717529297,202.4583282470703,8132521
2007-11-02,109.08570861816406,195.7083282470703,197.4166717529297,184.2083282470703,190.8333282470703,10157756
2007-11-05,110.10755920410156,197.5416717529297,202.4166717529297,195.125,196.5833282470703,10253793
2007-11-06,111.59396362304688,200.2083282470703,207.5,196.6666717529297,199.25,22676624
2007-11-07,111.8261947631836,200.625,205.0833282470703,195.25,200.8333282470703,9062308
2007-11-08,111.5242691040039,200.0833282470703,204.0833282470703,195.8333282470703,195.8333282470703,6757275
2007-11-12,117.7252197265625,211.2083282470703,214.5833282470703,195.625,197.5,14373770
2007-11-13,126.41117858886719,226.7916717529297,232.25,210.8333282470703,210.8333282470703,27756036
2007-11-14,128.9194793701172,231.2916717529297,235.0,225.9583282470703,231.6666717529297,16498068
2007-11-15,125.13383483886719,224.5,236.0833282470703,223.0,232.5,18841544
2007-11-16,122.81139373779297,220.3333282470703,228.0416717529297,219.375,222.875,10185378
2007-11-19,123.04367065429688,220.75,226.6666717529297,219.6666717529297,222.0833282470703,8964436
2007-11-20,120.6979751586914,216.5416717529297,224.4583282470703,215.5416717529297,219.25,8400468
2007-11-21,111.19914245605469,199.5,217.3333282470703,197.0416717529297,217.3333282470703,11072137
2007-11-22,105.57878112792969,189.4166717529297,201.7083282470703,183.3333282470703,200.0,22493817
2007-11-23,109.96823120117188,197.2916717529297,198.9166717529297,191.0416717529297,195.75,12245805
2007-11-26,110.87399291992188,198.9166717529297,203.5833282470703,198.1666717529297,201.6666717529297,10440276
2007-11-27,109.1553726196289,195.8333282470703,199.1666717529297,194.2083282470703,198.25,8447631
2007-11-28,107.22769927978516,192.375,201.25,190.9583282470703,196.6666717529297,9252708
2007-11-29,107.41351318359375,192.7083282470703,198.0833282470703,187.6666717529297,194.625,17521270
2007-11-30,109.92178344726562,197.2083282470703,199.5,191.75,195.0,20404197
2007-12-03,111.57071685791016,200.1666717529297,202.875,198.3333282470703,198.3333282470703,9268240
2007-12-04,111.0829849243164,199.2916717529297,203.25,198.3333282470703,200.8333282470703,8575376
2007-12-05,113.84674072265625,204.25,205.1666717529297,200.0,200.4166717529297,19432550
2007-12-06,113.89318084716797,204.3333282470703,211.5416717529297,202.125,207.5,16581411
2007-12-07,114.17186737060547,204.8333282470703,209.5,198.3333282470703,206.25,12155058
2007-12-10,112.05845642089844,201.0416717529297,206.4166717529297,200.0,206.4166717529297,5582889
2007-12-11,113.1268081665039,202.9583282470703,206.6666717529297,201.4583282470703,202.5,8044372
2007-12-12,116.6568832397461,209.2916717529297,210.0,198.3333282470703,202.9583282470703,12000657
2007-12-13,114.14862823486328,204.7916717529297,210.8333282470703,204.1666717529297,210.0,6641110
2007-12-14,114.65956115722656,205.7083282470703,208.3333282470703,202.7916717529297,204.7916717529297,6467380
2007-12-17,105.95036315917969,190.0833282470703,205.75,187.5,204.5833282470703,9022399
2007-12-18,107.66897583007812,193.1666717529297,195.8333282470703,188.75,190.8333282470703,7588410
2007-12-19,106.32197570800781,190.75,197.4583282470703,187.5,195.8333282470703,7413676
2007-12-20,106.29875946044922,190.7083282470703,193.25,189.0,192.5,6824322
2007-12-24,109.92178344726562,197.2083282470703,198.3333282470703,193.3333282470703,193.3333282470703,5206386
2007-12-26,111.31521606445312,199.7083282470703,204.125,197.5833282470703,199.1666717529297,5482927
2007-12-27,111.57071685791016,200.1666717529297,201.6666717529297,197.1666717529297,200.9583282470703,8385218
2007-12-28,112.12808990478516,201.1666717529297,204.1666717529297,198.5833282470703,200.8333282470703,5686069
2007-12-31,116.54078674316406,209.0833282470703,210.6666717529297,201.5833282470703,203.3333282470703,7992710
2008-01-01,119.58316040039062,214.5416717529297,216.5833282470703,207.75,210.8333282470703,11017431
2008-01-02,119.42063903808594,214.25,217.1666717529297,208.75,215.8333282470703,11894132
2008-01-03,128.24591064453125,230.0833282470703,231.875,211.875,214.1666717529297,30301977
2008-01-04,126.0860595703125,226.2083282470703,233.0833282470703,225.0416717529297,229.1666717529297,18829022
2008-01-07,124.8552017211914,224.0,229.0833282470703,220.0833282470703,225.0,8538733
2008-01-08,123.04367065429688,220.75,227.375,216.125,225.0,14658841
2008-01-09,128.73365783691406,230.9583282470703,232.8333282470703,218.4166717529297,221.875,19488080
2008-01-10,123.48490142822266,221.5416717529297,236.2083282470703,219.5416717529297,230.8333282470703,19575836
2008-01-11,126.45764923095703,226.875,228.7083282470703,218.4166717529297,222.5833282470703,13108237
2008-01-14,132.2173614501953,237.2083282470703,239.9166717529297,225.0,229.1666717529297,15253758
2008-01-15,127.27049255371094,228.3333282470703,242.2916717529297,225.8333282470703,240.8333282470703,22639093
2008-01-16,120.04766845703125,215.375,225.4166717529297,210.375,225.125,34937013
2008-01-17,118.67742156982422,212.9166717529297,219.375,211.0416717529297,216.625,22187050
2008-01-18,111.106201171875,199.3333282470703,215.9166717529297,196.1666717529297,210.8333282470703,27737089
2008-01-21,95.59223175048828,171.5,199.1666717529297,162.5,199.1666717529297,30945897
2008-01-22,91.22603607177734,163.6666717529297,179.1666717529297,138.375,167.0833282470703,19643920
2008-01-23,102.93118286132812,184.6666717529297,189.9166717529297,166.75,174.7916717529297,28008231
2008-01-24,94.5471420288086,169.625,195.5833282470703,166.6666717529297,189.4166717529297,19248066
2008-01-25,103.48857116699219,185.6666717529297,187.0833282470703,173.875,183.2916717529297,11772945
2008-01-28,98.75079345703125,177.1666717529297,181.6666717529297,172.5,176.6666717529297,14836635
2008-01-29,98.26304626464844,176.2916717529297,183.3333282470703,175.0833282470703,181.4166717529297,11405062
2008-01-30,93.64139556884766,168.0,181.25,166.6666717529297,177.9166717529297,11259794
2008-01-31,91.06342315673828,163.375,172.8333282470703,161.6666717529297,169.1666717529297,18125470
2008-02-01,95.52254486083984,171.375,172.2916717529297,164.1666717529297,165.8333282470703,11509770
2008-02-04,101.00584411621094,178.8333282470703,181.5833282470703,173.6666717529297,179.0,11097750
2008-02-05,104.9124526977539,185.75,189.5,176.25,178.9166717529297,18558397
2008-02-06,102.04132843017578,180.6666717529297,184.6666717529297,166.6666717529297,166.6666717529297,15553116
2008-02-07,97.1228256225586,171.9583282470703,183.3333282470703,170.8333282470703,180.75,12834674
2008-02-08,95.68730926513672,169.4166717529297,174.0833282470703,165.4583282470703,173.3333282470703,16485894
2008-02-11,89.21558380126953,157.9583282470703,171.6666717529297,154.1666717529297,171.6666717529297,22999987
2008-02-12,87.07400512695312,154.1666717529297,162.5,151.75,160.8333282470703,13002158
2008-02-13,88.39188385009766,156.5,160.125,153.0,157.4166717529297,9224650
2008-02-14,94.58123016357422,167.4583282470703,168.4166717529297,160.8333282470703,162.4166717529297,9218126
2008-02-15,96.08735656738281,170.125,171.375,160.9583282470703,165.0,9333181
2008-02-18,96.34622192382812,170.5833282470703,174.7083282470703,168.0,171.6666717529297,7330503
2008-02-19,96.3932876586914,170.6666717529297,174.4166717529297,169.8333282470703,172.125,5829445
2008-02-20,93.09860229492188,164.8333282470703,170.6666717529297,162.5416717529297,170.6666717529297,8234760
2008-02-21,94.32234191894531,167.0,170.8333282470703,164.25,170.8333282470703,5418661
2008-02-22,93.02798461914062,164.7083282470703,165.8333282470703,162.9166717529297,163.5416717529297,4792876
2008-02-25,95.71082305908203,169.4583282470703,170.25,163.7916717529297,165.5833282470703,4897856
2008-02-26,95.94617462158203,169.875,171.6666717529297,168.7916717529297,169.625,5954391
2008-02-27,95.40489196777344,168.9166717529297,174.625,167.9166717529297,173.0416717529297,6208738
2008-02-28,95.80497741699219,169.625,171.6666717529297,165.5833282470703,169.0833282470703,7138138
2008-02-29,95.07538604736328,168.3333282470703,172.7916717529297,163.5833282470703,170.0,9248461
2008-03-03,88.95674133300781,157.5,166.3333282470703,156.5416717529297,166.3333282470703,11995886
2008-03-04,89.75685119628906,158.9166717529297,162.25,155.0,157.5833282470703,9001894
2008-03-05,91.80428314208984,162.5416717529297,163.6666717529297,158.4583282470703,160.0,7854030
2008-03-07,87.05047607421875,154.125,161.4166717529297,151.3333282470703,158.3333282470703,7961467
2008-03-10,87.33289337158203,154.625,157.0,134.4166717529297,154.1666717529297,9807738
2008-03-11,90.88646697998047,160.9166717529297,162.0833282470703,152.5,154.25,11042942
2008-03-12,91.61600494384766,162.2083282470703,166.5833282470703,161.3333282470703,165.8333282470703,6043930
2008-03-13,87.73294067382812,155.3333282470703,160.0,152.0833282470703,160.0,9465762
2008-03-14,91.78074645996094,162.5,163.25,154.2916717529297,155.3333282470703,9200824
2008-03-17,88.39188385009766,156.5,160.0,154.4583282470703,158.4583282470703,10232985
2008-03-18,89.47444915771484,158.4166717529297,162.4166717529297,154.5833282470703,154.5833282470703,11671808
2008-03-19,90.27459716796875,159.8333282470703,165.8333282470703,158.4583282470703,162.7916717529297,10656615
2008-03-24,90.06278228759766,159.4583282470703,163.0833282470703,157.3333282470703,160.1666717529297,10645468
2008-03-25,94.06348419189453,166.5416717529297,167.125,160.4166717529297,160.9166717529297,12632835
2008-03-26,92.55734252929688,163.875,169.5,162.5833282470703,165.8333282470703,12859108
2008-03-27,92.81621551513672,164.3333282470703,165.5833282470703,161.4166717529297,162.4166717529297,11358805
2008-03-28,96.18151092529297,170.2916717529297,171.6666717529297,165.0,166.625,6505755
2008-03-31,92.5338134765625,163.8333282470703,171.75,161.875,171.75,9644592
2008-04-01,91.85132598876953,162.625,166.5833282470703,158.4583282470703,165.8333282470703,5636733
2008-04-02,91.21591186523438,161.5,169.0833282470703,160.25,164.375,11174055
2008-04-03,91.28652954101562,161.625,164.2916717529297,160.0416717529297,162.5,6894261
2008-04-04,89.09790802001953,157.75,162.5,156.7916717529297,161.75,7296184
2008-04-07,89.52149200439453,158.5,163.3333282470703,157.875,159.5833282470703,7705594
2008-04-08,87.85063934326172,155.5416717529297,159.0,154.7083282470703,158.3333282470703,6036271
2008-04-09,88.27423858642578,156.2916717529297,159.4166717529297,153.5833282470703,155.8333282470703,4366718
2008-04-10,87.54468536376953,155.0,158.2083282470703,153.0,156.5,10765580
2008-04-11,87.94475555419922,155.7083282470703,157.9166717529297,153.5833282470703,155.8333282470703,6427916
2008-04-15,90.0863265991211,159.5,160.2083282470703,151.6666717529297,155.4166717529297,4847318
2008-04-16,88.18009948730469,156.125,162.3333282470703,154.9166717529297,161.6666717529297,7958251
2008-04-17,89.14498901367188,157.8333282470703,165.0,157.25,165.0,8449357
2008-04-21,91.40422821044922,161.8333282470703,162.7083282470703,157.5,159.0,8829625
2008-04-22,92.20433044433594,163.25,166.2916717529297,160.9583282470703,162.4166717529297,14174112
2008-04-23,92.20433044433594,163.25,165.75,162.625,164.1666717529297,9709225
2008-04-24,89.5685806274414,158.5833282470703,164.5833282470703,157.7083282470703,164.5833282470703,9912441
2008-04-25,90.67466735839844,160.5416717529297,161.5,158.25,160.0,5503946
2008-04-28,90.8393783569336,160.8333282470703,162.5833282470703,159.625,162.25,6364317
2008-04-29,91.66304779052734,162.2916717529297,163.3333282470703,160.9166717529297,162.5,11146447
2008-04-30,92.6043930053711,163.9583282470703,166.0416717529297,162.7083282470703,162.7083282470703,8770044
2008-05-02,94.4870834350586,167.2916717529297,168.75,165.4166717529297,166.625,14017087
2008-05-05,93.33395385742188,165.25,169.0833282470703,164.2916717529297,168.3333282470703,6621408
2008-05-06,92.2984619140625,163.4166717529297,166.0833282470703,161.75,164.3333282470703,4850394
2008-05-07,91.73365020751953,162.4166717529297,164.0,160.625,163.3333282470703,4889919
2008-05-08,90.72171783447266,160.625,162.4166717529297,159.5,162.4166717529297,6632829
2008-05-09,90.34520721435547,159.9583282470703,160.75,159.1666717529297,160.0,3953913
2008-05-12,90.41578674316406,160.0833282470703,161.5416717529297,157.0833282470703,159.9583282470703,4451619
2008-05-13,90.15690612792969,159.625,161.625,157.9166717529297,160.8333282470703,7288142
2008-05-14,89.45088958740234,158.375,159.8333282470703,155.3333282470703,159.1666717529297,7501707
2008-05-15,90.06278228759766,159.4583282470703,161.2083282470703,157.8333282470703,160.0,6634112
2008-05-16,89.8980484008789,159.1666717529297,160.3333282470703,158.375,159.8333282470703,4669668
2008-05-20,87.54468536376953,155.0,160.0,154.1666717529297,160.0,9920728
2008-05-21,85.66204071044922,151.6666717529297,154.9166717529297,150.9583282470703,154.1666717529297,23395544
2008-05-22,84.13231658935547,148.9583282470703,151.4583282470703,147.5833282470703,150.2083282470703,7761514
2008-05-23,83.21451568603516,147.3333282470703,150.0,145.8333282470703,148.9583282470703,11009834
2008-05-26,82.62620544433594,146.2916717529297,148.9166717529297,143.75,147.3333282470703,8322111
2008-05-27,83.52046203613281,147.875,149.7916717529297,146.5,146.6666717529297,9334611
2008-05-28,83.21451568603516,147.3333282470703,148.9166717529297,145.0,148.75,12757836
2008-05-29,80.60231018066406,142.7083282470703,148.9166717529297,140.0833282470703,148.3333282470703,25852929
2008-05-30,81.12008666992188,143.625,145.75,141.9166717529297,144.1666717529297,16280834
2008-06-02,75.96620178222656,134.5,144.625,133.5,143.625,7785405
2008-06-03,75.26020050048828,133.25,134.5,130.9583282470703,134.0,8298727
2008-06-04,74.29532623291016,131.5416717529297,136.4166717529297,130.5416717529297,133.3333282470703,9507703
2008-06-05,78.55487823486328,139.0833282470703,140.0,130.875,131.6666717529297,9682760
2008-06-06,77.9430160522461,138.0,142.0,136.3333282470703,139.3333282470703,9605272
2008-06-09,76.86048126220703,136.0833282470703,138.25,130.8333282470703,135.0,12141744
2008-06-10,76.03681182861328,134.625,136.6666717529297,130.9583282470703,136.6666717529297,8874943
2008-06-11,77.99010467529297,138.0833282470703,139.7916717529297,134.9166717529297,135.4166717529297,4441404
2008-06-12,76.78988647460938,135.9583282470703,137.5,132.9166717529297,137.5,3398738
2008-06-13,75.8956069946289,134.375,139.9166717529297,132.5833282470703,139.9166717529297,5011672
2008-06-16,78.15481567382812,138.375,138.9583282470703,135.5,135.8333282470703,3554906
2008-06-17,79.16676330566406,140.1666717529297,141.0833282470703,138.7916717529297,139.0833282470703,3363842
2008-06-18,78.74314880371094,139.4166717529297,143.5416717529297,138.7916717529297,141.0416717529297,4851763
2008-06-19,78.03715515136719,138.1666717529297,139.1666717529297,136.6666717529297,138.0416717529297,2685886
2008-06-20,76.67220306396484,135.75,142.0,134.5833282470703,140.5833282470703,12324124
2008-06-23,76.3191909790039,135.125,137.8333282470703,132.5833282470703,134.25,4881391
2008-06-24,73.23631286621094,129.6666717529297,137.5,127.75,135.4166717529297,5643439
2008-06-25,73.7776107788086,130.625,132.5,126.04166412353516,129.0833282470703,7904595
2008-06-26,73.04804992675781,129.3333282470703,132.875,125.41666412353516,132.875,11889406
2008-06-27,70.97708892822266,125.66666412353516,127.45833587646484,123.33333587646484,125.0,6970021
2008-06-30,71.49483489990234,126.58333587646484,128.875,124.66666412353516,126.66666412353516,9191200
2008-07-01,72.08318328857422,127.625,129.7916717529297,125.54166412353516,126.75,8759268
2008-07-02,74.78952026367188,132.4166717529297,133.3333282470703,125.0,125.0,5461606
2008-07-03,71.8007583618164,127.125,133.3333282470703,125.0,133.25,7995309
2008-07-04,72.43617248535156,128.25,129.9166717529297,125.83333587646484,127.125,3606116
2008-07-07,73.23631286621094,129.6666717529297,132.0,127.91666412353516,130.8333282470703,4350310
2008-07-08,75.91913604736328,134.4166717529297,136.5833282470703,126.25,130.75,8330992
2008-07-09,79.284423828125,140.375,142.0833282470703,135.8333282470703,137.4166717529297,7148982
2008-07-10,78.57842254638672,139.125,141.4166717529297,137.3333282470703,138.4166717529297,3934856
2008-07-11,76.24861145019531,135.0,139.9166717529297,132.0416717529297,138.25,4354827
2008-07-14,78.60195922851562,139.1666717529297,141.25,133.6666717529297,135.0,4315902
2008-07-15,76.43687438964844,135.3333282470703,137.5,134.3333282470703,137.5,7518020
2008-07-16,76.41334533691406,135.2916717529297,137.7083282470703,132.5,135.8333282470703,9917320
2008-07-17,77.80181884765625,137.75,140.8333282470703,135.8333282470703,136.6666717529297,3860416
2008-07-18,81.80252838134766,144.8333282470703,145.8333282470703,135.8333282470703,138.3333282470703,6864897
2008-07-21,85.42666625976562,151.25,152.625,143.5416717529297,145.0,9901021
2008-07-22,87.05047607421875,154.125,155.7083282470703,149.1666717529297,150.8333282470703,10414573
2008-07-23,89.63917541503906,158.7083282470703,164.0833282470703,156.6666717529297,158.1666717529297,18677298
2008-07-24,87.33289337158203,154.625,161.0416717529297,151.7916717529297,159.1666717529297,9925200
2008-07-25,88.34484100341797,156.4166717529297,158.1666717529297,151.2916717529297,154.1666717529297,10070253
2008-07-28,86.95636749267578,153.9583282470703,157.9166717529297,153.0,155.8333282470703,4899938
2008-07-29,84.01467895507812,148.75,153.75,145.9583282470703,150.5416717529297,9460620
2008-07-30,80.43759155273438,142.4166717529297,150.6666717529297,140.875,150.0,17618475
2008-07-31,80.1787109375,141.9583282470703,146.5833282470703,140.4166717529297,141.7083282470703,15844440
2008-08-01,83.21451568603516,147.3333282470703,148.1666717529297,140.0833282470703,143.4166717529297,7506193
2008-08-04,82.2496566772461,145.625,150.2916717529297,144.4583282470703,148.3333282470703,5652402
2008-08-05,86.03852844238281,152.3333282470703,152.9166717529297,145.4583282470703,146.6666717529297,14679562
2008-08-06,85.00308227539062,150.5,156.1666717529297,149.5,153.0416717529297,7129573
2008-08-07,86.41509246826172,153.0,155.7083282470703,150.0,151.6666717529297,4492694
2008-08-08,87.05047607421875,154.125,154.5833282470703,150.5,154.1666717529297,5422262
2008-08-11,87.45057678222656,154.8333282470703,157.5,151.9583282470703,156.6666717529297,10273796
2008-08-12,87.14461517333984,154.2916717529297,158.125,152.5416717529297,155.0,9213459
2008-08-13,87.73294067382812,155.3333282470703,156.3333282470703,151.0833282470703,151.0833282470703,6567994
2008-08-14,85.42666625976562,151.25,155.75,150.25,155.75,5426040
2008-08-18,84.88543701171875,150.2916717529297,153.0,147.5833282470703,151.25,3240027
2008-08-19,85.54434204101562,151.4583282470703,152.4583282470703,148.5833282470703,148.75,3608172
2008-08-20,86.5562973022461,153.25,155.0,152.1666717529297,152.4166717529297,4094432
2008-08-21,81.66130065917969,144.5833282470703,152.9583282470703,143.7916717529297,152.9583282470703,10303928
2008-08-22,80.27284240722656,142.125,144.1666717529297,138.625,143.3333282470703,9506016
2008-08-25,80.48465728759766,142.5,144.75,141.2083282470703,141.2083282470703,3389487
2008-08-26,81.00238800048828,143.4166717529297,144.0833282470703,140.5,141.6666717529297,3920755
2008-08-27,80.6258544921875,142.75,144.75,141.5,143.8333282470703,4218562
2008-08-28,80.24754333496094,141.4166717529297,143.25,140.8333282470703,143.0,7626616
2008-08-29,82.70649719238281,145.75,146.5416717529297,142.5,142.5,5336536
2008-09-01,81.90258026123047,144.3333282470703,145.25,141.0833282470703,144.9583282470703,3686578
2008-09-02,83.77050018310547,147.625,150.0,143.5416717529297,145.0833282470703,4333750
2008-09-04,82.32819366455078,145.0833282470703,147.0,141.6666717529297,141.6666717529297,4207023
2008-09-05,82.04447174072266,144.5833282470703,145.75,141.9166717529297,143.25,6718246
2008-09-08,85.85116577148438,151.2916717529297,160.0,148.3333282470703,157.5,14849079
2008-09-09,84.88177490234375,149.5833282470703,151.1666717529297,148.1666717529297,151.1666717529297,8350698
2008-09-10,84.2197265625,148.4166717529297,151.0416717529297,147.7916717529297,149.1666717529297,7299807
2008-09-11,81.92625427246094,144.375,149.125,143.4166717529297,147.5,5754968
2008-09-12,82.25725555419922,144.9583282470703,149.0,142.9166717529297,146.6666717529297,10468698
2008-09-15,80.57855987548828,142.0,142.9166717529297,135.4166717529297,141.7083282470703,9112993
2008-09-16,80.57855987548828,142.0,143.125,136.0,137.5,8417373
2008-09-17,79.96380615234375,140.9166717529297,143.25,137.8333282470703,143.25,5807678
2008-09-18,82.30455780029297,145.0416717529297,146.625,132.5,137.5,9332106
2008-09-19,86.5131607055664,152.4583282470703,152.5,146.6666717529297,147.5,8125596
2008-09-22,85.94571685791016,151.4583282470703,155.0,149.4166717529297,154.1666717529297,5001697
2008-09-23,84.90540313720703,149.625,152.5,148.0,150.0,6047958
2008-09-24,84.14878845214844,148.2916717529297,152.4166717529297,147.125,150.8333282470703,11099620
2008-09-25,84.66893768310547,149.2083282470703,150.4166717529297,143.6666717529297,148.8333282470703,15398266
2008-09-26,82.44645690917969,145.2916717529297,148.8333282470703,144.1666717529297,148.8333282470703,5329870
2008-09-29,78.6161117553711,138.5416717529297,147.5,135.9166717529297,145.75,9044996
2008-09-30,81.28784942626953,143.25,146.2083282470703,133.4166717529297,134.1666717529297,8181439
2008-10-01,82.25725555419922,144.9583282470703,146.25,141.125,144.1666717529297,4162320
2008-10-03,81.26422119140625,143.2083282470703,147.5416717529297,141.9583282470703,145.8333282470703,9611784
2008-10-06,79.65644073486328,140.375,142.4166717529297,137.75,141.5,4917684
2008-10-07,83.43948364257812,147.0416717529297,148.2083282470703,141.6666717529297,144.1666717529297,10297222
2008-10-08,83.10842895507812,146.4583282470703,147.875,137.125,142.0833282470703,14029830
2008-10-10,78.14320373535156,137.7083282470703,144.8333282470703,132.0833282470703,136.6666717529297,15722942
2008-10-13,84.14878845214844,148.2916717529297,149.5833282470703,133.3333282470703,133.3333282470703,8763402
2008-10-14,82.6119155883789,145.5833282470703,153.25,143.8333282470703,150.8333282470703,7754463
2008-10-15,79.11261749267578,139.4166717529297,146.1666717529297,138.5416717529297,142.7083282470703,9577100
2008-10-16,78.4505844116211,138.25,141.625,128.7916717529297,137.5,12077535
2008-10-17,71.05003356933594,125.20833587646484,141.4166717529297,123.33333587646484,140.75,14673544
2008-10-20,71.6411361694336,126.25,129.1666717529297,120.5,125.0,12454938
2008-10-21,72.09039306640625,127.04166412353516,132.0416717529297,125.25,129.1666717529297,11688696
2008-10-22,68.23641967773438,120.25,126.0,119.16666412353516,125.83333587646484,8910550
2008-10-23,67.71624755859375,119.33333587646484,123.875,115.0,118.33333587646484,10882587
2008-10-24,61.68703842163086,108.70833587646484,118.75,105.16666412353516,116.66666412353516,12592083
2008-10-27,59.464515686035156,104.79166412353516,108.375,94.16666412353516,108.375,11732202
2008-10-29,63.36574172973633,111.66666412353516,113.25,106.75,113.16666412353516,10429297
2008-10-31,66.72320556640625,117.58333587646484,119.66666412353516,112.70833587646484,113.33333587646484,12353466
2008-11-03,71.38104248046875,125.79166412353516,128.3333282470703,119.04166412353516,120.83333587646484,8969246
2008-11-04,71.8302993774414,126.58333587646484,129.1666717529297,122.95833587646484,125.0,8417391
2008-11-05,69.74961853027344,122.91666412353516,129.5,122.20833587646484,127.08333587646484,8120623
2008-11-06,68.28369903564453,120.33333587646484,125.33333587646484,117.91666412353516,121.5,6299424
2008-11-07,71.59385681152344,126.16666412353516,129.0416717529297,117.625,117.625,7459720
2008-11-10,77.00830841064453,135.7083282470703,138.125,127.91666412353516,129.1666717529297,8155636
2008-11-11,71.42835235595703,125.875,136.3333282470703,125.0,135.5416717529297,8291608
2008-11-12,71.02639770507812,125.16666412353516,132.5,123.875,124.25,15387924
2008-11-14,70.62443542480469,124.45833587646484,128.9166717529297,121.375,126.875,10152248
2008-11-17,71.23918914794922,125.54166412353516,127.41666412353516,120.875,125.0,10045382
2008-11-18,65.87201690673828,116.08333587646484,125.83333587646484,114.33333587646484,123.33333587646484,12403219
2008-11-19,64.3115234375,113.33333587646484,118.75,112.66666412353516,115.83333587646484,9510594
2008-11-20,65.51737213134766,115.45833587646484,116.54166412353516,108.66666412353516,112.16666412353516,9300538
2008-11-21,71.19189453125,125.45833587646484,127.41666412353516,113.33333587646484,114.375,15159828
2008-11-24,72.5868911743164,127.91666412353516,129.4583282470703,123.625,125.75,10717951
2008-11-25,72.77604675292969,128.25,133.3333282470703,127.20833587646484,132.5,9195372
2008-11-26,77.78855895996094,137.0833282470703,138.3333282470703,126.04166412353516,128.4166717529297,11439601
2008-11-27,77.78855895996094,137.0833282470703,137.0833282470703,137.0833282470703,137.0833282470703,0
2008-11-28,75.4005355834961,132.875,138.6666717529297,130.9583282470703,136.5833282470703,13574222
2008-12-01,73.98188018798828,130.375,137.25,129.1666717529297,131.6666717529297,9906013
2008-12-02,75.73153686523438,133.4583282470703,134.1666717529297,126.0,126.83333587646484,15004446
2008-12-03,75.16410827636719,132.4583282470703,135.6666717529297,129.8333282470703,134.0,9921058
2008-12-04,78.04865264892578,137.5416717529297,138.3333282470703,130.8333282470703,130.8333282470703,6659928
2008-12-05,75.89704895019531,133.75,139.0416717529297,131.5,136.6666717529297,8283019
2008-12-08,78.6161117553711,138.5416717529297,141.6666717529297,135.125,136.0,11401014
2008-12-10,79.86923217773438,140.75,142.9583282470703,138.75,139.1666717529297,11001541
2008-12-11,79.0180435180664,139.25,141.5833282470703,136.125,141.5833282470703,9276854
2008-12-12,77.97771453857422,137.4166717529297,138.3333282470703,134.1666717529297,138.3333282470703,6424658
2008-12-15,79.7037353515625,140.4583282470703,142.375,137.5,137.9166717529297,5727669
2008-12-16,82.58828735351562,145.5416717529297,146.6666717529297,138.875,140.4166717529297,8832410
2008-12-17,82.18634796142578,144.8333282470703,147.5,143.3333282470703,145.9166717529297,7108549
2008-12-18,86.53685760498047,152.5,153.3333282470703,143.3333282470703,144.1666717529297,11683485
2008-12-19,86.15851593017578,151.8333282470703,154.5,149.4166717529297,153.4166717529297,9263350
2008-12-22,85.92206573486328,151.4166717529297,160.0,149.1666717529297,160.0,7101656
2008-12-23,84.97631072998047,149.75,151.9583282470703,147.875,150.0,5898415
2008-12-24,84.1251449584961,148.25,149.625,146.25,148.4166717529297,7677302
2008-12-26,83.60497283935547,147.3333282470703,151.0,146.375,149.1666717529297,4116814
2008-12-29,83.72320556640625,147.5416717529297,148.2916717529297,142.6666717529297,147.3333282470703,4113538
2008-12-30,85.85116577148438,151.2916717529297,152.25,146.3333282470703,150.0,4778926
2008-12-31,85.40190887451172,150.5,154.125,149.4583282470703,154.125,4692416
2009-01-02,87.08063507080078,153.4583282470703,154.6666717529297,150.4166717529297,152.5,4525802
2009-01-05,85.49649047851562,150.6666717529297,154.75,148.9166717529297,154.5833282470703,4554015
2009-01-06,83.72320556640625,147.5416717529297,153.3333282470703,145.0833282470703,153.3333282470703,5699126
2009-01-07,81.07508087158203,142.875,148.75,140.4166717529297,148.3333282470703,8681683
2009-01-09,84.2906494140625,148.5416717529297,149.875,139.25,142.4583282470703,11116864
2009-01-12,80.81499481201172,142.4166717529297,148.2083282470703,140.8333282470703,142.5,6457490
2009-01-13,79.44364166259766,140.0,142.875,137.7083282470703,140.0,9589416
2009-01-14,81.14599609375,143.0,148.25,138.125,140.0833282470703,5884516
2009-01-15,78.82891082763672,138.9166717529297,141.75,137.7916717529297,141.75,4964277
2009-01-16,85.04724884033203,149.875,150.8333282470703,139.5833282470703,139.7916717529297,10358769
2009-01-19,84.361572265625,148.6666717529297,151.5833282470703,147.2916717529297,150.0,3768196
2009-01-20,87.93179321289062,154.9583282470703,156.25,145.4166717529297,146.75,15939774
2009-01-21,85.09454345703125,149.9583282470703,155.625,148.375,152.25,11414718
2009-01-22,84.43251037597656,148.7916717529297,151.9166717529297,147.1666717529297,151.6666717529297,5676924
2009-01-23,85.04724884033203,149.875,151.1666717529297,144.6666717529297,148.3333282470703,5995032
2009-01-27,89.89424133300781,158.4166717529297,159.5,149.1666717529297,150.4583282470703,9058879
2009-01-28,90.43807983398438,159.375,160.9166717529297,155.9583282470703,158.4166717529297,7610884
2009-01-29,91.30187225341797,158.5416717529297,160.5833282470703,153.0,158.25,14609894
2009-01-30,91.01396942138672,158.0416717529297,158.8333282470703,153.4583282470703,156.1666717529297,5825612
2009-02-02,86.95874786376953,151.0,157.9166717529297,150.1666717529297,157.0833282470703,4691119
2009-02-03,84.8951644897461,147.4166717529297,153.3333282470703,146.1666717529297,151.6666717529297,10168527
2009-02-04,84.8711929321289,147.375,150.5,145.3333282470703,147.5,5931254
2009-02-05,84.8711929321289,147.375,148.0833282470703,145.4166717529297,147.5,3082327
2009-02-06,86.55087280273438,150.2916717529297,151.7916717529297,148.3333282470703,150.0,5638906
2009-02-09,87.79859924316406,152.4583282470703,153.125,148.4583282470703,151.6666717529297,4505341
2009-02-10,86.52684783935547,150.25,153.25,148.75,153.25,9563232
2009-02-11,86.5988540649414,150.375,152.4583282470703,147.625,148.4166717529297,5611525
2009-02-12,86.31088256835938,149.875,151.625,149.125,149.1666717529297,4716957
2009-02-13,87.79859924316406,152.4583282470703,153.7083282470703,150.4166717529297,150.5833282470703,5152975
2009-02-16,85.4470443725586,148.375,154.1666717529297,147.5833282470703,153.75,5577258
2009-02-17,83.575439453125,145.125,149.125,144.25,147.5416717529297,3362952
2009-02-18,84.65522766113281,147.0,147.75,142.5833282470703,143.3333282470703,7012488
2009-02-19,85.95096588134766,149.25,149.5416717529297,146.25,146.6666717529297,4224270
2009-02-20,85.30308532714844,148.125,149.1666717529297,145.8333282470703,149.1666717529297,6671071
2009-02-24,85.51902770996094,148.5,149.75,145.9166717529297,145.9166717529297,4792807
2009-02-25,86.47886657714844,150.1666717529297,150.75,148.625,150.4166717529297,4509861
2009-02-26,88.66241455078125,153.9583282470703,154.8333282470703,148.875,150.25,8448103
2009-02-27,88.78240203857422,154.1666717529297,155.0,149.2916717529297,152.9166717529297,7289859
2009-03-02,85.83100128173828,149.0416717529297,151.6666717529297,147.0833282470703,151.6666717529297,4283796
2009-03-03,85.80699920654297,149.0,151.75,146.3333282470703,147.5,4056702
2009-03-04,86.31088256835938,149.875,150.5833282470703,146.875,149.5833282470703,5208051
2009-03-05,82.92755126953125,144.0,151.0,142.5,150.0,9522031
2009-03-06,85.2551040649414,148.0416717529297,149.0833282470703,140.8333282470703,143.3333282470703,7082936
2009-03-09,84.77519989013672,147.2083282470703,148.25,145.0833282470703,145.8333282470703,3507086
2009-03-12,83.5274429321289,145.0416717529297,150.3333282470703,142.625,149.9583282470703,7178695
2009-03-13,81.70378875732422,141.875,147.4166717529297,140.875,146.625,15509977
2009-03-16,82.13571166992188,142.625,143.75,139.375,142.5,9385168
2009-03-17,83.43145751953125,144.875,146.25,142.5,143.6666717529297,8962263
2009-03-18,84.0313491821289,145.9166717529297,147.4583282470703,145.0,145.0,5949270
2009-03-19,85.71101379394531,148.8333282470703,149.5833282470703,145.0,146.0416717529297,4064943
2009-03-20,85.20711517333984,147.9583282470703,149.1666717529297,146.375,149.1666717529297,4128002
2009-03-23,88.15850830078125,153.0833282470703,153.75,148.4583282470703,148.4583282470703,4129233
2009-03-24,86.95874786376953,151.0,155.75,148.9166717529297,153.3333282470703,6809151
2009-03-25,84.94315338134766,147.5,150.9166717529297,146.1666717529297,150.9166717529297,9112290
2009-03-26,87.0067367553711,151.0833282470703,154.0833282470703,147.25,149.5,11525290
2009-03-27,87.39066314697266,151.75,153.25,148.875,151.5416717529297,5793436
2009-03-30,88.0625228881836,152.9166717529297,154.5833282470703,139.5833282470703,139.5833282470703,6263758
2009-03-31,86.31088256835938,149.875,155.0,147.9583282470703,152.9166717529297,7610965
2009-04-01,85.66301727294922,148.75,150.4166717529297,146.7083282470703,150.4166717529297,5980836
2009-04-02,88.1825180053711,153.125,154.7916717529297,150.0833282470703,150.0833282470703,9032008
2009-04-06,88.59044647216797,153.8333282470703,157.4166717529297,152.5833282470703,155.0,8621446
2009-04-08,94.49327087402344,164.0833282470703,166.9583282470703,150.4166717529297,152.625,18207907
2009-04-09,93.197509765625,161.8333282470703,169.1666717529297,160.0833282470703,166.75,10944490
2009-04-13,92.23772430419922,160.1666717529297,164.1666717529297,157.5,164.1666717529297,7091571
2009-04-15,94.87720489501953,164.75,166.2083282470703,151.7916717529297,161.0833282470703,9423838
2009-04-16,93.9173812866211,163.0833282470703,169.0833282470703,160.875,167.5833282470703,11053453
2009-04-17,92.86158752441406,161.25,171.5,158.8333282470703,163.5,19394778
2009-04-20,89.59822845458984,155.5833282470703,162.5,154.3333282470703,161.75,11897360
2009-04-21,89.81421661376953,155.9583282470703,159.0833282470703,152.75,156.4166717529297,6283303
2009-04-22,89.88616943359375,156.0833282470703,157.5,153.375,155.0833282470703,7231062
2009-04-23,92.0937271118164,159.9166717529297,160.625,155.4166717529297,156.5833282470703,3670026
2009-04-24,91.70978546142578,159.25,161.0,156.9166717529297,159.2083282470703,3344032
2009-04-27,90.34210968017578,156.875,159.1666717529297,155.9583282470703,158.3333282470703,5826445
2009-04-28,88.97438049316406,154.5,157.8333282470703,152.5,156.875,7582641
2009-04-29,91.1819076538086,158.3333282470703,159.9166717529297,154.2083282470703,155.0,8131816
2009-04-30,91.1819076538086,158.3333282470703,158.3333282470703,158.3333282470703,158.3333282470703,0
2009-05-04,92.86158752441406,161.25,165.0,160.0,160.0,5524665
2009-05-05,91.6618423461914,159.1666717529297,162.5,158.3333282470703,162.5,5191862
2009-05-06,93.17351531982422,161.7916717529297,163.6666717529297,157.625,159.9583282470703,7203136
2009-05-07,92.1417465209961,160.0,163.6666717529297,158.6666717529297,163.3333282470703,4674459
2009-05-08,91.13392639160156,158.25,162.1666717529297,157.5833282470703,160.0833282470703,5844128
2009-05-11,90.24607849121094,156.7083282470703,159.9583282470703,154.7083282470703,159.9583282470703,7533442
2009-05-12,91.78180694580078,159.375,159.9583282470703,155.9583282470703,157.5,4087863
2009-05-13,90.654052734375,157.4166717529297,161.5,156.25,160.8333282470703,4723279
2009-05-14,90.63004302978516,157.375,159.5,155.8333282470703,156.5833282470703,3897104
2009-05-15,90.00617218017578,156.2916717529297,159.5833282470703,155.0416717529297,158.2916717529297,11464730
2009-05-18,99.14835357666016,172.1666717529297,187.5,163.3333282470703,163.3333282470703,145042
2009-05-19,98.81243133544922,171.5833282470703,177.3333282470703,167.5,175.8333282470703,20912840
2009-05-20,100.08419799804688,173.7916717529297,175.0,169.25,170.8333282470703,12590577
2009-05-21,101.81182098388672,176.7916717529297,185.8333282470703,171.8333282470703,173.8333282470703,14206224
2009-05-22,103.94739532470703,180.5,184.75,176.0833282470703,177.5,11134016
2009-05-25,101.93177795410156,177.0,182.4166717529297,175.8333282470703,180.0,5643518
2009-05-26,96.74882507324219,168.0,177.7083282470703,165.8333282470703,177.5,6970219
2009-05-27,96.96478271484375,168.375,172.4166717529297,164.4166717529297,170.6666717529297,11333730
2009-05-28,99.72421264648438,173.1666717529297,176.4166717529297,168.3333282470703,170.6666717529297,16407470
2009-05-29,103.37154388427734,179.5,180.7083282470703,172.7083282470703,175.0833282470703,16723726
2009-06-01,110.066162109375,191.125,192.9166717529297,180.9166717529297,182.3333282470703,15697688
2009-06-02,107.37866973876953,186.4583282470703,194.1666717529297,183.5,191.75,6443054
2009-06-03,106.65885162353516,185.2083282470703,190.8333282470703,184.1666717529297,188.0833282470703,6158199
2009-06-04,106.75480651855469,185.375,190.75,183.75,184.5,9808494
2009-06-05,105.38711547851562,183.0,187.5,182.0833282470703,187.5,10339766
2009-06-08,102.86760711669922,178.625,185.75,176.75,183.75,6775702
2009-06-09,102.2197265625,177.5,178.9166717529297,173.6666717529297,177.25,10903051
2009-06-10,105.26715087890625,182.7916717529297,186.2083282470703,178.375,179.1666717529297,31565504
2009-06-11,108.31453704833984,188.0833282470703,190.5833282470703,182.5,184.1666717529297,16145173
2009-06-12,106.29891967773438,184.5833282470703,192.5416717529297,181.9166717529297,188.0,9953972
2009-06-15,106.15497589111328,184.3333282470703,193.25,180.625,186.9166717529297,14565337
2009-06-16,108.05057525634766,187.625,188.75,181.9583282470703,184.0416717529297,6013501
2009-06-17,102.55565643310547,178.0833282470703,187.9166717529297,176.0833282470703,187.5833282470703,9787346
2009-06-18,96.86878204345703,168.2083282470703,179.9166717529297,167.5,179.1666717529297,21584282
2009-06-19,95.02119445800781,165.0,170.75,160.8333282470703,170.75,17799949
2009-06-22,91.68583679199219,159.2083282470703,170.7916717529297,158.5,166.0833282470703,15755310
2009-06-23,94.10936737060547,163.4166717529297,164.7083282470703,151.6666717529297,151.6666717529297,16396708
2009-06-24,95.23712158203125,165.375,167.875,160.0,164.3333282470703,11846624
2009-06-25,93.12553405761719,161.7083282470703,167.0,159.1666717529297,165.4166717529297,24594200
2009-06-26,93.55744934082031,162.4583282470703,165.75,160.5833282470703,163.75,9230606
2009-06-29,94.68524169921875,164.4166717529297,166.25,162.5833282470703,163.3333282470703,7417686
2009-06-30,93.60546875,162.5416717529297,167.75,161.4166717529297,165.8333282470703,8221161
2009-07-01,93.9893798828125,163.2083282470703,165.5833282470703,160.125,165.5833282470703,4835124
2009-07-02,96.05297088623047,166.7916717529297,168.2916717529297,163.2083282470703,164.1666717529297,8563190
2009-07-03,98.09253692626953,170.3333282470703,172.0,165.25,167.5,9101245
2009-07-06,92.7176284790039,161.0,175.4166717529297,159.1666717529297,172.5,14183012
2009-07-07,92.7656021118164,161.0833282470703,163.6666717529297,158.5833282470703,163.2916717529297,5430660
2009-07-08,93.43745422363281,162.25,164.4166717529297,157.0833282470703,160.8333282470703,7562797
2009-07-09,93.17351531982422,161.7916717529297,162.9166717529297,160.5,162.5833282470703,3314713
2009-07-10,92.66964721679688,160.9166717529297,187.5,159.375,165.0,4530081
2009-07-13,92.06974792480469,159.875,160.8333282470703,158.375,158.375,3612949
2009-07-14,93.7973861694336,162.875,164.2916717529297,159.8333282470703,160.0,4998325
2009-07-15,95.50106048583984,165.8333282470703,166.9166717529297,163.375,164.1666717529297,7620327
2009-07-16,98.5484848022461,171.125,174.0,166.5,167.9166717529297,9578538
2009-07-17,98.50048065185547,171.0416717529297,173.1666717529297,169.7083282470703,171.6666717529297,6833266
2009-07-20,99.74822235107422,173.2083282470703,173.625,170.25,172.75,6109843
2009-07-21,97.32474517822266,169.0,173.875,168.0416717529297,173.875,5202404
2009-07-22,97.66065216064453,169.5833282470703,171.4583282470703,167.0833282470703,169.1666717529297,6954334
2009-07-23,99.82019805908203,173.3333282470703,173.8333282470703,170.0,170.625,6327270
2009-07-24,101.09195709228516,175.5416717529297,177.0,171.875,174.9166717529297,5800706
2009-07-27,102.93958282470703,178.75,179.125,175.875,175.875,4954694
2009-07-28,104.59527587890625,181.625,183.625,178.375,179.1666717529297,7893879
2009-07-29,102.795654296875,178.5,181.875,175.0,180.8333282470703,4309837
2009-07-30,104.21134948730469,180.9583282470703,181.6666717529297,176.3333282470703,178.75,6351548
2009-07-31,103.46749877929688,179.6666717529297,183.3333282470703,178.5416717529297,183.0,4783576
2009-08-03,103.80343627929688,180.25,181.625,178.3333282470703,179.25,2733158
2009-08-04,103.70742797851562,180.0833282470703,183.7083282470703,178.625,180.8333282470703,5258421
2009-08-05,103.3475341796875,179.4583282470703,180.8333282470703,178.375,180.0833282470703,3274065
2009-08-06,101.06800079345703,175.5,182.0833282470703,174.4166717529297,179.9583282470703,7561737
2009-08-07,101.93177795410156,177.0,178.1666717529297,171.6666717529297,175.0,4256136
2009-08-10,101.01998901367188,175.4166717529297,181.4583282470703,173.4166717529297,179.2083282470703,4092962
2009-08-11,100.13217163085938,173.875,175.375,171.2916717529297,174.9166717529297,5107196
2009-08-12,100.25212860107422,174.0833282470703,174.9166717529297,170.1666717529297,171.7083282470703,5474038
2009-08-13,101.33192443847656,175.9583282470703,177.5,174.6666717529297,176.7083282470703,5540046
2009-08-14,98.88440704345703,171.7083282470703,176.7916717529297,169.625,176.625,6014536
2009-08-17,97.68464660644531,169.625,173.7083282470703,167.5416717529297,170.9166717529297,7879941
2009-08-18,98.52445220947266,171.0833282470703,171.875,168.75,169.3333282470703,4243152
2009-08-19,96.77283477783203,168.0416717529297,172.25,167.5833282470703,171.9166717529297,3940116
2009-08-20,97.97257995605469,170.125,171.5,169.25,170.0416717529297,2888712
2009-08-21,98.30852508544922,170.7083282470703,171.1666717529297,168.3333282470703,170.125,4277163
2009-08-24,99.22032928466797,172.2916717529297,173.75,170.2916717529297,171.7083282470703,7975614
2009-08-25,101.11595916748047,175.5833282470703,177.0,169.5833282470703,171.25,4381483
2009-08-26,101.01998901367188,175.4166717529297,177.8333282470703,174.2916717529297,176.6666717529297,3435249
2009-08-27,101.49989318847656,176.25,177.5,174.1666717529297,175.3333282470703,4363964
2009-08-28,100.68405151367188,174.8333282470703,176.5833282470703,172.7916717529297,175.7916717529297,5054014
2009-08-31,101.90778350830078,176.9583282470703,177.7083282470703,173.3333282470703,174.0,3429871
2009-09-01,100.61205291748047,174.7083282470703,178.7083282470703,172.5833282470703,177.0833282470703,5442045
2009-09-02,99.36431121826172,172.5416717529297,175.7083282470703,172.4583282470703,174.1666717529297,6823825
2009-09-03,99.0511703491211,171.3333282470703,173.9166717529297,169.375,173.375,3568099
2009-09-04,99.38838195800781,171.9166717529297,172.9583282470703,170.0,171.5416717529297,2908429
2009-09-07,99.79789733886719,172.625,173.5416717529297,171.9166717529297,173.3333282470703,2591378
2009-09-08,99.34017181396484,171.8333282470703,175.1666717529297,170.8333282470703,172.5,6601705
2009-09-09,98.85843658447266,171.0,172.7083282470703,170.0,171.0,2207673
2009-09-10,98.85843658447266,171.0,172.9166717529297,170.6666717529297,171.8333282470703,2489107
2009-09-11,98.85843658447266,171.0,173.0,170.6666717529297,173.0,4825554
2009-09-14,98.8102798461914,170.9166717529297,171.5416717529297,169.6666717529297,171.0,3699786
2009-09-15,100.93004608154297,174.5833282470703,175.0,171.5,172.0,5700049
2009-09-16,101.12273406982422,174.9166717529297,176.25,173.4583282470703,175.0,4524241
2009-09-17,100.42417907714844,173.7083282470703,175.8333282470703,172.8333282470703,175.0416717529297,3091080
2009-09-18,100.03878021240234,173.0416717529297,174.375,171.375,174.0833282470703,3806792
2009-09-22,100.68915557861328,174.1666717529297,175.5416717529297,172.5,172.5833282470703,4045926
2009-09-23,100.5927963256836,174.0,175.8333282470703,172.5833282470703,175.8333282470703,2703781
2009-09-24,102.32717895507812,177.0,178.3333282470703,172.8333282470703,173.3333282470703,6409795
2009-09-25,102.68849182128906,177.625,179.0416717529297,175.9166717529297,177.0,3127351
2009-09-29,102.37531280517578,177.0833282470703,179.4166717529297,175.5416717529297,178.0833282470703,2643400
2009-09-30,102.97754669189453,178.125,178.75,175.2083282470703,177.0833282470703,3754072
2009-10-01,101.41182708740234,175.4166717529297,178.75,174.1666717529297,177.9166717529297,4915468
2009-10-05,100.71324157714844,174.2083282470703,174.9166717529297,172.5,172.8333282470703,2370517
2009-10-06,100.56874084472656,173.9583282470703,175.625,170.9166717529297,175.0416717529297,3628472
2009-10-07,100.68915557861328,174.1666717529297,175.5833282470703,173.6666717529297,174.5833282470703,2864238
2009-10-08,102.0862808227539,176.5833282470703,177.25,174.7083282470703,175.2083282470703,5891517
2009-10-09,101.14683532714844,174.9583282470703,178.2916717529297,174.4166717529297,177.8333282470703,1949370
2009-10-12,101.3636474609375,175.3333282470703,178.0833282470703,173.9166717529297,174.5833282470703,3844219
2009-10-13,101.3636474609375,175.3333282470703,175.3333282470703,175.3333282470703,175.3333282470703,0
2009-10-14,103.29067993164062,178.6666717529297,179.8333282470703,175.1666717529297,175.9166717529297,4692027
2009-10-15,104.5191879272461,180.7916717529297,183.2083282470703,179.0,179.9166717529297,4411040
2009-10-16,103.55565643310547,179.125,185.0,177.875,183.25,3730332
2009-10-20,104.06151580810547,180.0,184.75,179.3333282470703,184.75,7874440
2009-10-21,104.15784454345703,180.1666717529297,181.6666717529297,178.875,180.5833282470703,4226131
2009-10-22,102.54393768310547,177.375,180.5,175.0833282470703,180.0,2064411
2009-10-23,103.50753021240234,179.0416717529297,180.7083282470703,177.5833282470703,179.0,4281591
2009-10-26,104.5191879272461,180.7916717529297,183.8333282470703,177.625,179.5833282470703,5597553
2009-10-27,104.78414916992188,181.25,182.8333282470703,179.0416717529297,179.2916717529297,4290314
2009-10-28,102.88121795654297,177.9583282470703,182.2916717529297,177.2916717529297,181.5416717529297,3431767
2009-10-29,100.27964782714844,173.4583282470703,177.5,171.5416717529297,177.5,8458646
2009-10-30,102.32717895507812,177.0,177.7083282470703,173.8333282470703,174.5416717529297,4257156
2009-11-03,98.97891235351562,171.2083282470703,177.6666717529297,169.625,176.5416717529297,4723476
2009-11-04,101.7249755859375,175.9583282470703,178.75,168.0833282470703,171.6666717529297,4394593
2009-11-05,101.3154525756836,175.25,176.625,172.3333282470703,175.9166717529297,3509853
2009-11-06,101.4358901977539,175.4583282470703,178.3333282470703,173.5833282470703,175.8333282470703,3094777
2009-11-09,101.70087432861328,175.9166717529297,176.8333282470703,174.75,175.0,1580766
2009-11-10,102.01399993896484,176.4583282470703,178.0833282470703,175.2916717529297,176.6666717529297,3753304
2009-11-11,103.65201568603516,179.2916717529297,179.9166717529297,175.25,175.6666717529297,2497629
2009-11-12,103.4593276977539,178.9583282470703,180.2083282470703,177.8333282470703,180.0,1927113
2009-11-13,103.55565643310547,179.125,181.4166717529297,178.0,179.125,4087335
2009-11-16,103.43521118164062,178.9166717529297,183.4166717529297,178.0833282470703,183.4166717529297,1830950
2009-11-17,103.65201568603516,179.2916717529297,179.875,177.6666717529297,179.875,1769948
2009-11-18,103.57974243164062,179.1666717529297,179.5,177.9583282470703,179.2916717529297,1262192
2009-11-19,102.88121795654297,177.9583282470703,180.875,176.8333282470703,179.8333282470703,2930652
2009-11-20,103.62794494628906,179.25,180.0,175.4166717529297,175.4166717529297,3410181
2009-11-23,103.98924255371094,179.875,182.0416717529297,178.5833282470703,180.25,2045061
2009-11-24,103.91697692871094,179.75,181.0833282470703,177.8333282470703,179.3333282470703,3790764
2009-11-25,103.67611694335938,179.3333282470703,181.0833282470703,178.9583282470703,180.4166717529297,1816354
2009-11-26,101.58042907714844,175.7083282470703,180.0833282470703,174.1666717529297,176.8333282470703,7724702
2009-11-27,100.25560760498047,173.4166717529297,176.6666717529297,171.7916717529297,175.0,6880566
2009-11-30,101.0745849609375,174.8333282470703,175.4166717529297,173.5,174.5,4317116
2009-12-01,101.38770294189453,175.375,176.4583282470703,174.25,175.8333282470703,2563747
2009-12-02,100.71324157714844,174.2083282470703,175.9583282470703,173.875,175.5,2313007
2009-12-03,100.78550720214844,174.3333282470703,175.0,173.5833282470703,174.25,2486355
2009-12-04,101.09866333007812,174.875,176.375,173.2916717529297,174.1666717529297,1889344
2009-12-07,99.67744445800781,172.4166717529297,175.0,171.0416717529297,173.5833282470703,3912454
2009-12-08,101.0745849609375,174.8333282470703,176.5833282470703,171.25,172.4166717529297,3285562
2009-12-09,99.89424896240234,172.7916717529297,174.9166717529297,172.5416717529297,173.4583282470703,2992323
2009-12-10,100.20740509033203,173.3333282470703,174.5833282470703,172.0833282470703,173.0833282470703,2437953
2009-12-11,100.73737335205078,174.25,174.6666717529297,173.125,174.1666717529297,2451176
2009-12-14,100.20740509033203,173.3333282470703,175.25,173.0,174.75,2452441
2009-12-15,100.3759994506836,173.625,175.0,172.75,175.0,2192774
2009-12-16,100.18328857421875,173.2916717529297,174.0,172.9583282470703,173.8333282470703,1921234
2009-12-17,100.06285095214844,173.0833282470703,174.1666717529297,172.5,173.0,2735572
2009-12-18,99.87015533447266,172.75,173.75,171.3333282470703,173.3333282470703,2019936
2009-12-21,100.44827270507812,173.75,174.5,171.7916717529297,173.3333282470703,3296214
2009-12-22,103.48338317871094,179.0,180.3333282470703,173.8333282470703,174.7916717529297,4743726
2009-12-23,110.70989227294922,191.5,192.3333282470703,180.25,180.75,18189046
2009-12-24,110.78217315673828,191.625,193.75,187.7083282470703,192.75,7210744
2009-12-29,112.17929077148438,194.0416717529297,197.4166717529297,192.5,195.4166717529297,5377854
2009-12-30,112.22749328613281,194.125,195.375,191.25,195.3333282470703,3223506
2009-12-31,113.52821350097656,196.375,201.125,194.0,196.0416717529297,16574406
2010-01-04,111.69754028320312,193.2083282470703,199.0833282470703,192.25,197.8333282470703,6309685
2010-01-05,110.4690170288086,191.0833282470703,195.7083282470703,190.125,195.1666717529297,8199537
2010-01-06,109.93907165527344,190.1666717529297,195.75,189.7083282470703,191.9166717529297,8325996
2010-01-07,109.96315002441406,190.2083282470703,191.5,187.7083282470703,191.5,6505911
2010-01-08,111.33617401123047,192.5833282470703,194.6666717529297,191.0,191.5,7441676
2010-01-11,112.22749328613281,194.125,196.125,193.3333282470703,194.25,3774640
2010-01-12,110.51721954345703,191.1666717529297,195.5,190.6666717529297,195.0,3794679
2010-01-13,110.51721954345703,191.1666717529297,192.875,189.25,190.0833282470703,5045623
2010-01-14,111.28802490234375,192.5,193.9166717529297,191.6666717529297,191.6666717529297,3604338
2010-01-15,111.89024353027344,193.5416717529297,195.4166717529297,192.5,195.4166717529297,3700988
2010-01-18,111.40847778320312,192.7083282470703,194.5,192.25,193.5416717529297,2488917
2010-01-19,109.69821166992188,189.75,194.0,189.25,193.5416717529297,3848296
2010-01-20,110.51721954345703,191.1666717529297,193.75,190.5,191.75,6302983
2010-01-21,107.67479705810547,186.25,192.4583282470703,185.5416717529297,191.6666717529297,5615904
2010-01-22,107.0966567993164,185.25,187.8333282470703,183.0,183.5833282470703,6955587
2010-01-25,107.81929779052734,186.5,187.0833282470703,183.8333282470703,185.8333282470703,2694200
2010-01-27,104.30237579345703,180.4166717529297,187.5,179.1666717529297,185.8333282470703,7334034
2010-01-28,103.12210083007812,178.375,184.5833282470703,176.7083282470703,182.0,10990456
2010-01-29,103.24250793457031,178.5833282470703,179.9166717529297,175.2916717529297,178.7083282470703,7045766
2010-02-01,101.79722595214844,176.0833282470703,180.8333282470703,175.5,180.8333282470703,5982205
2010-02-02,99.2438735961914,171.6666717529297,177.5,171.4166717529297,176.875,5804071
2010-02-03,101.09866333007812,174.875,176.5833282470703,171.6666717529297,173.3333282470703,6115466
2010-02-04,100.06285095214844,173.0833282470703,175.6666717529297,172.125,175.6666717529297,3554996
2010-02-05,98.42487335205078,170.25,175.5833282470703,169.625,171.6666717529297,3797498
2010-02-08,97.50951385498047,168.6666717529297,173.3333282470703,167.7083282470703,173.3333282470703,2837287
2010-02-09,98.28030395507812,170.0,171.1666717529297,168.3333282470703,168.6666717529297,2134167
2010-02-10,96.5941390991211,167.0833282470703,171.6666717529297,166.75,171.125,2144283
2010-02-11,97.91899871826172,169.375,170.0,167.0833282470703,167.5,2019036
2010-02-15,97.10002899169922,167.9583282470703,170.375,167.5833282470703,170.0,1199950
2010-02-16,97.72628784179688,169.0416717529297,169.3333282470703,167.2916717529297,168.25,1219861
2010-02-17,97.22044372558594,168.1666717529297,170.5833282470703,167.625,170.4166717529297,2331838
2010-02-18,98.8102798461914,170.9166717529297,171.5833282470703,167.5,168.1666717529297,2694157
2010-02-19,97.22044372558594,168.1666717529297,170.7083282470703,165.7083282470703,168.3333282470703,5307267
2010-02-22,97.437255859375,168.5416717529297,170.75,167.625,170.75,5054958
2010-02-23,97.14820098876953,168.0416717529297,168.8333282470703,167.7083282470703,168.3333282470703,4251614
2010-02-24,98.4730224609375,170.3333282470703,170.7916717529297,164.1666717529297,164.1666717529297,6411043
2010-02-25,96.40142822265625,166.75,170.75,166.1666717529297,170.75,8163273
2010-02-26,97.82264709472656,169.2083282470703,170.4166717529297,167.0,167.25,13010078
2010-03-02,97.6781005859375,168.9583282470703,170.8333282470703,168.5416717529297,169.5,2642516
2010-03-03,99.87015533447266,172.75,173.4583282470703,168.9583282470703,169.0,8025309
2010-03-04,99.65335845947266,172.375,173.625,171.8333282470703,173.3333282470703,5607044
2010-03-05,99.21978759765625,171.625,173.5,171.1666717529297,173.25,4150608
2010-03-08,98.83435821533203,170.9583282470703,173.25,169.75,170.875,3869247
2010-03-09,97.7985610961914,169.1666717529297,171.5416717529297,168.6666717529297,171.1666717529297,3819248
2010-03-10,96.54598236083984,167.0,170.125,166.2916717529297,169.8333282470703,7782768
2010-03-11,97.6781005859375,168.9583282470703,169.6666717529297,166.2916717529297,167.25,3207786
2010-03-12,96.40142822265625,166.75,169.75,166.5833282470703,169.5833282470703,3699648
2010-03-15,97.14820098876953,168.0416717529297,168.5416717529297,166.1666717529297,166.1666717529297,2860820
2010-03-16,97.82264709472656,169.2083282470703,169.875,168.0416717529297,168.2083282470703,2052349
2010-03-17,98.3284912109375,170.0833282470703,171.0416717529297,169.0,169.5833282470703,3515582
2010-03-18,98.4996337890625,167.875,169.5833282470703,167.5833282470703,169.5833282470703,2088818
2010-03-19,99.15972900390625,169.0,169.5833282470703,167.625,169.125,2356192
2010-03-22,98.67080688476562,168.1666717529297,169.1666717529297,167.1666717529297,169.1666717529297,2433463
2010-03-23,99.52644348144531,169.625,170.0416717529297,167.9583282470703,169.5833282470703,3197042
2010-03-25,98.10847473144531,167.2083282470703,169.625,165.0416717529297,169.625,9410468
2010-03-26,99.03751373291016,168.7916717529297,169.3333282470703,167.5416717529297,167.6666717529297,2260155
2010-03-29,99.35530090332031,169.3333282470703,169.9166717529297,167.875,168.7916717529297,2700465
2010-03-30,99.25752258300781,169.1666717529297,169.7916717529297,168.8333282470703,169.2083282470703,2511181
2010-03-31,101.3355712890625,172.7083282470703,173.5,168.9166717529297,169.1666717529297,6598852
2010-04-01,101.55555725097656,173.0833282470703,173.9166717529297,171.5416717529297,172.7083282470703,3647560
2010-04-05,102.19123077392578,174.1666717529297,174.4583282470703,172.0833282470703,173.3333282470703,3352753
2010-04-06,102.60685729980469,174.875,176.0416717529297,172.7083282470703,175.0833282470703,5329093
2010-04-07,103.3891830444336,176.2083282470703,176.625,174.25,175.0,4207862
2010-04-08,102.87577056884766,175.3333282470703,177.0,174.375,176.625,2665147
2010-04-09,103.51140594482422,176.4166717529297,176.875,174.7916717529297,175.3333282470703,2590351
2010-04-12,101.65341186523438,173.25,177.125,172.9166717529297,174.75,2240896
2010-04-13,102.33794403076172,174.4166717529297,175.2083282470703,172.75,174.5833282470703,2202954
2010-04-15,102.38682556152344,174.5,176.6666717529297,173.25,176.6666717529297,3038510
2010-04-16,101.43335723876953,172.875,174.625,172.4166717529297,173.6666717529297,1670092
2010-04-19,100.89551544189453,171.9583282470703,174.0833282470703,169.3333282470703,171.5,2899968
2010-04-20,100.4798812866211,171.25,173.75,170.4583282470703,172.0833282470703,2047052
2010-04-21,101.11556243896484,172.3333282470703,172.9166717529297,171.3333282470703,171.8333282470703,1693617
2010-04-22,101.04218292236328,172.2083282470703,173.3333282470703,170.9166717529297,171.6666717529297,1746073
2010-04-23,100.13764190673828,170.6666717529297,173.3333282470703,170.2083282470703,173.3333282470703,2619820
2010-04-26,100.13764190673828,170.6666717529297,172.3333282470703,170.2083282470703,172.3333282470703,1042611
2010-04-27,100.94442749023438,172.0416717529297,172.3333282470703,170.0833282470703,170.6666717529297,1405560
2010-04-28,100.79774475097656,171.7916717529297,172.4166717529297,170.2916717529297,170.875,2816089
2010-04-29,99.35530090332031,169.3333282470703,173.0833282470703,169.0833282470703,171.1666717529297,3384128
2010-04-30,101.48224639892578,172.9583282470703,174.25,169.6666717529297,170.0,4619622
2010-05-03,100.2109603881836,170.7916717529297,173.3333282470703,170.4583282470703,172.0,827810
2010-05-04,99.79537200927734,170.0833282470703,171.9583282470703,169.5833282470703,170.7916717529297,2149497
2010-05-05,100.30876159667969,170.9583282470703,171.625,167.5,167.5,3286635
2010-05-06,99.77093505859375,170.0416717529297,171.5833282470703,169.1666717529297,171.5833282470703,2085410
2010-05-07,99.06192016601562,168.8333282470703,171.6666717529297,167.6666717529297,170.0416717529297,8640880
2010-05-10,100.35767364501953,171.0416717529297,171.625,169.1666717529297,170.0,2136246
2010-05-11,100.18649291992188,170.75,171.6666717529297,169.2916717529297,171.6666717529297,2982516
2010-05-12,100.84661865234375,171.875,172.0833282470703,170.0416717529297,170.4166717529297,2362406
2010-05-13,101.5800552368164,173.125,173.7083282470703,171.25,171.25,4052253
2010-05-14,100.6510238647461,171.5416717529297,173.5,170.9583282470703,173.125,3066765
2010-05-17,99.74647521972656,170.0,171.5416717529297,168.3333282470703,170.0416717529297,2378592
2010-05-18,100.30876159667969,170.9583282470703,171.5416717529297,168.3333282470703,169.1666717529297,2819979
2010-05-19,98.67080688476562,168.1666717529297,173.3333282470703,166.9166717529297,173.3333282470703,2175070
2010-05-20,100.01538848876953,170.4583282470703,171.5416717529297,166.0,168.1666717529297,3287722
2010-05-21,95.93262481689453,163.5,170.0,162.9583282470703,169.1666717529297,7112720
2010-05-24,96.9105453491211,165.1666717529297,166.25,163.5416717529297,165.8333282470703,2011362
2010-05-25,94.22128295898438,160.5833282470703,165.7083282470703,158.4166717529297,165.1666717529297,4722848
2010-05-26,95.44369506835938,162.6666717529297,165.0,159.4166717529297,161.6666717529297,3489866
2010-05-27,96.49494171142578,164.4583282470703,165.7083282470703,160.0,163.7083282470703,5581928
2010-05-28,98.3284912109375,167.5833282470703,168.0,163.3333282470703,165.4166717529297,2360372
2010-05-31,98.91524505615234,168.5833282470703,169.875,166.1666717529297,167.5,2564688
2010-06-01,96.66608428955078,164.75,169.8333282470703,164.1666717529297,169.1666717529297,2620576
2010-06-02,96.56827545166016,164.5833282470703,166.2083282470703,163.3333282470703,165.0,2471930
2010-06-03,98.91524505615234,168.5833282470703,169.1666717529297,166.25,166.6666717529297,2389141
2010-06-04,98.8663558959961,168.5,170.25,168.0,168.4166717529297,1924441
2010-06-07,97.71732330322266,166.5416717529297,168.3333282470703,164.1666717529297,168.3333282470703,1329100
2010-06-08,97.864013671875,166.7916717529297,168.0,165.5416717529297,166.6666717529297,1545310
2010-06-09,97.10611724853516,165.5,167.3333282470703,165.0833282470703,167.3333282470703,2117816
2010-06-10,97.79064178466797,166.6666717529297,167.0,165.5833282470703,165.9166717529297,1295258
2010-06-11,97.74177551269531,166.5833282470703,168.3333282470703,166.0416717529297,166.6666717529297,1596361
2010-06-14,97.76622009277344,166.625,168.2083282470703,165.2083282470703,168.2083282470703,2223057
2010-06-15,98.84191131591797,168.4583282470703,169.1666717529297,165.4166717529297,165.875,2219012
2010-06-16,98.01068878173828,167.0416717529297,169.1666717529297,165.9583282470703,167.5,1372851
2010-06-17,97.66840362548828,166.4583282470703,167.7083282470703,165.1666717529297,167.5,1790392
2010-06-18,98.18183898925781,167.3333282470703,168.3333282470703,165.4166717529297,167.5,2648188
2010-06-21,98.37741088867188,167.6666717529297,170.75,167.3333282470703,170.75,2178442
2010-06-22,97.61951446533203,166.375,167.9166717529297,166.0833282470703,167.0833282470703,1322143
2010-06-23,96.20154571533203,163.9583282470703,166.5416717529297,163.3333282470703,166.375,3543240
2010-06-24,95.15029907226562,162.1666717529297,164.875,161.75,164.1666717529297,3772088
2010-06-25,95.83485412597656,163.3333282470703,164.7083282470703,162.125,162.6666717529297,1818379
2010-06-28,97.27726745605469,165.7916717529297,166.0416717529297,162.9166717529297,162.9166717529297,2545873
2010-06-29,96.59272766113281,164.625,166.6666717529297,164.2916717529297,165.8333282470703,1796288
2010-06-30,97.59508514404297,166.3333282470703,167.0,162.5833282470703,162.5833282470703,2564043
2010-07-01,97.76622009277344,166.625,168.25,164.4166717529297,165.8333282470703,2209051
2010-07-02,98.98857116699219,168.7083282470703,169.1666717529297,166.7916717529297,167.0833282470703,2618432
2010-07-05,97.76622009277344,166.625,169.8333282470703,165.7083282470703,169.1666717529297,2026903
2010-07-06,98.13290405273438,167.25,168.0,166.25,166.6666717529297,1294700
2010-07-07,98.03514862060547,167.0833282470703,168.0833282470703,166.2916717529297,166.6666717529297,1568584
2010-07-08,97.49727630615234,166.1666717529297,167.8333282470703,166.0,167.5,2222050
2010-07-09,96.9105453491211,165.1666717529297,167.7083282470703,164.8333282470703,166.6666717529297,3413132
2010-07-12,97.49727630615234,166.1666717529297,167.75,165.6666717529297,165.7083282470703,3877160
2010-07-13,97.57062530517578,166.2916717529297,167.3333282470703,165.9583282470703,166.25,2598468
2010-07-14,97.37507629394531,165.9583282470703,167.75,165.4583282470703,166.8333282470703,1475091
2010-07-15,97.22837829589844,165.7083282470703,166.5,164.7916717529297,166.0416717529297,1046527
2010-07-16,97.05723571777344,165.4166717529297,167.4583282470703,164.5416717529297,167.4583282470703,1320354
2010-07-19,99.08638000488281,168.875,170.4166717529297,164.9166717529297,165.8333282470703,2819647
2010-07-20,99.35530090332031,169.3333282470703,170.6666717529297,168.5416717529297,169.5833282470703,2514470
2010-07-21,99.15972900390625,169.0,170.0,168.375,169.8333282470703,736338
2010-07-22,99.94205474853516,170.3333282470703,171.2083282470703,167.75,168.75,1106432
2010-07-23,98.76856994628906,168.3333282470703,171.6666717529297,167.7083282470703,171.5833282470703,1721606
2010-07-26,98.64633178710938,168.125,169.0833282470703,166.75,168.6666717529297,1454859
2010-07-27,98.45076751708984,167.7916717529297,170.4166717529297,165.4583282470703,167.9166717529297,2624084
2010-07-28,97.42396545410156,166.0416717529297,168.2916717529297,165.5833282470703,167.7916717529297,1501959
2010-07-29,97.54615783691406,166.25,167.2916717529297,165.4166717529297,166.6666717529297,2408622
2010-07-30,97.1794662475586,165.625,166.6666717529297,165.0,166.6666717529297,1110567
2010-08-02,96.86161804199219,165.0833282470703,167.0,164.7916717529297,166.6666717529297,1143511
2010-08-03,96.78829193115234,164.9583282470703,166.1666717529297,164.6666717529297,165.8333282470703,1079311
2010-08-04,97.66840362548828,166.4583282470703,167.5,164.25,165.4166717529297,1395531
2010-08-05,96.93498992919922,165.2083282470703,167.0833282470703,164.875,166.0,997657
2010-08-06,96.42157745361328,164.3333282470703,166.0,164.1666717529297,165.2083282470703,947401
2010-08-09,97.54615783691406,166.25,166.5833282470703,164.5833282470703,165.0,1716368
2010-08-10,96.00596618652344,163.625,166.6666717529297,163.25,166.6666717529297,1595868
2010-08-11,95.85929870605469,163.375,164.6666717529297,163.0833282470703,163.75,1290968
2010-08-12,94.90583038330078,161.75,163.5416717529297,160.1666717529297,163.4166717529297,2179110
2010-08-13,95.71260070800781,163.125,163.9583282470703,161.25,162.5,1606116
2010-08-16,96.03044891357422,163.6666717529297,164.7916717529297,162.7083282470703,163.3333282470703,887950
2010-08-17,95.29700469970703,162.4166717529297,164.375,161.5416717529297,164.375,1787750
2010-08-18,95.24807739257812,162.3333282470703,163.3333282470703,161.6666717529297,162.9166717529297,1699315
2010-08-19,94.88135528564453,161.7083282470703,163.0,161.3333282470703,162.5,1150381
2010-08-20,94.49022674560547,161.0416717529297,162.4583282470703,160.7083282470703,161.8333282470703,1265514
2010-08-23,94.9547348022461,161.8333282470703,162.5833282470703,160.6666717529297,161.3333282470703,1111324
2010-08-24,94.63693237304688,161.2916717529297,163.75,161.0416717529297,163.0,1090456
2010-08-25,94.75914764404297,161.5,162.9583282470703,161.0833282470703,161.2916717529297,1082428
2010-08-26,97.0816650390625,165.4583282470703,167.3333282470703,161.6666717529297,162.0,5067781
2010-08-27,96.05486297607422,163.7083282470703,166.4166717529297,162.5,165.0,1073128
2010-08-30,95.54146575927734,162.8333282470703,165.0,162.2916717529297,165.0,1515855
2010-08-31,95.81038665771484,163.2916717529297,164.0833282470703,161.75,162.8333282470703,2563848
2010-09-01,96.59272766113281,164.625,164.9166717529297,162.8333282470703,163.4166717529297,724122
2010-09-02,95.63925170898438,163.0,165.4166717529297,162.5833282470703,165.4166717529297,1095507
2010-09-03,95.85929870605469,163.375,163.8333282470703,162.5,163.3333282470703,814602
2010-09-06,96.12822723388672,163.8333282470703,164.8333282470703,158.4166717529297,164.8333282470703,1322847
2010-09-07,97.61951446533203,166.375,167.25,163.4583282470703,164.0833282470703,2671492
2010-09-08,97.91407012939453,166.2083282470703,166.5833282470703,164.5833282470703,165.3333282470703,2224230
2010-09-09,99.48503112792969,168.875,169.5833282470703,163.4583282470703,164.0833282470703,2728461
2010-09-13,101.9150619506836,173.0,173.75,168.4583282470703,170.7083282470703,4756633
2010-09-14,101.08052062988281,171.5833282470703,174.1666717529297,170.0,172.5,3681516
2010-09-15,101.57144927978516,172.4166717529297,173.2083282470703,170.6666717529297,171.5833282470703,3980922
2010-09-16,101.35051727294922,172.0416717529297,174.5833282470703,171.0416717529297,171.6666717529297,5955370
2010-09-17,101.30143737792969,171.9583282470703,173.3333282470703,170.6666717529297,172.5,6248700
2010-09-20,100.78594970703125,171.0833282470703,173.0,170.0,173.0,3600381
2010-09-21,102.11143493652344,173.3333282470703,174.5416717529297,170.5,172.0416717529297,7343925
2010-09-22,102.28324890136719,173.625,174.375,172.2083282470703,173.3333282470703,8017502
2010-09-23,101.81692504882812,172.8333282470703,175.5833282470703,171.5416717529297,173.7916717529297,4543156
2010-09-24,102.74964141845703,174.4166717529297,175.0,171.0416717529297,171.6666717529297,7266513
2010-09-27,105.35152435302734,178.8333282470703,179.75,174.3333282470703,174.5833282470703,10490757
2010-09-28,107.75704956054688,182.9166717529297,183.3333282470703,178.3333282470703,178.8333282470703,10173174
2010-09-29,106.52970886230469,180.8333282470703,184.3333282470703,179.9166717529297,183.3333282470703,5638495
2010-09-30,106.50517272949219,180.7916717529297,182.3333282470703,179.25,180.8333282470703,5063836
2010-10-01,107.73249053955078,182.875,183.3333282470703,180.5833282470703,181.5416717529297,3982591
2010-10-04,106.99613189697266,181.625,185.25,181.0416717529297,184.2916717529297,2368074
2010-10-05,106.08787536621094,180.0833282470703,182.8333282470703,179.5833282470703,181.8333282470703,2993239
2010-10-06,106.3333740234375,180.5,182.2083282470703,180.2083282470703,180.8333282470703,3476830
2010-10-07,105.57241821289062,179.2083282470703,181.0833282470703,178.5416717529297,180.5833282470703,4333806
2010-10-08,105.37604522705078,178.875,180.5416717529297,177.2083282470703,179.4166717529297,2509489
2010-10-11,104.63969421386719,177.625,180.4166717529297,176.1666717529297,179.3333282470703,1371399
2010-10-12,103.2405776977539,175.25,177.9166717529297,174.75,177.9166717529297,2842122
2010-10-13,102.135986328125,173.375,175.9166717529297,172.1666717529297,175.25,8118037
2010-10-14,99.43595123291016,168.7916717529297,175.4166717529297,167.5,174.0833282470703,6285516
2010-10-15,100.29508209228516,170.25,171.5,169.0,169.9166717529297,4786064
2010-10-18,101.81692504882812,172.8333282470703,173.2083282470703,168.375,170.8333282470703,3748152
2010-10-19,100.2705078125,170.2083282470703,173.3333282470703,169.5833282470703,172.8333282470703,2264584
2010-10-20,100.8350830078125,171.1666717529297,173.1666717529297,169.375,169.375,2297487
2010-10-21,100.98233795166016,171.4166717529297,173.3333282470703,170.8333282470703,172.5833282470703,3100713
2010-10-22,100.14776611328125,170.0,172.3333282470703,169.6666717529297,172.2083282470703,3412359
2010-10-25,101.8905258178711,172.9583282470703,174.1666717529297,170.0833282470703,170.0833282470703,4421438
2010-10-26,100.76142120361328,171.0416717529297,173.875,170.2916717529297,173.2916717529297,2505402
2010-10-27,97.32496643066406,165.2083282470703,171.3333282470703,164.6666717529297,170.8333282470703,8378794
2010-10-28,95.2630844116211,161.7083282470703,166.25,160.25,165.0416717529297,13440540
2010-10-29,95.87677001953125,162.75,165.3333282470703,161.8333282470703,163.1666717529297,5231710
2010-11-01,94.8458023071289,161.0,165.0833282470703,160.625,165.0833282470703,4497510
2010-11-02,95.1158447265625,161.4583282470703,162.7083282470703,161.0,161.6666717529297,1851561
2010-11-03,94.8458023071289,161.0,162.9166717529297,160.625,162.5,2959070
2010-11-04,95.58219909667969,162.25,162.75,161.6666717529297,161.75,2129278
2010-11-08,94.74762725830078,160.8333282470703,164.0833282470703,160.5416717529297,164.0833282470703,4264338
2010-11-09,95.18949127197266,161.5833282470703,161.9583282470703,160.5833282470703,161.5,2229834
2010-11-10,95.28766632080078,161.75,162.4583282470703,161.125,161.4583282470703,1660956
2010-11-11,94.47764587402344,160.375,162.5,159.8333282470703,161.75,1651270
2010-11-12,94.35493469238281,160.1666717529297,161.625,159.7916717529297,160.4166717529297,1932042
2010-11-15,93.02942657470703,157.9166717529297,160.75,157.25,160.4166717529297,3110593
2010-11-16,91.85123443603516,155.9166717529297,159.0416717529297,155.0833282470703,159.0416717529297,4113303
2010-11-18,92.21939849853516,156.5416717529297,159.0833282470703,155.2083282470703,159.0,4636971
2010-11-19,90.40299987792969,153.4583282470703,157.3333282470703,152.5833282470703,155.9583282470703,4005283
2010-11-22,89.9612045288086,152.7083282470703,155.25,151.6666717529297,155.25,3834051
2010-11-23,88.36567687988281,150.0,153.25,147.7083282470703,152.4166717529297,4411399
2010-11-24,87.45746612548828,148.4583282470703,151.7083282470703,147.5,151.3333282470703,2631566
2010-11-25,86.86837768554688,147.4583282470703,151.4166717529297,146.7083282470703,149.2083282470703,5895100
2010-11-26,86.89291381835938,147.5,149.9166717529297,146.125,148.3333282470703,7725027
2010-11-29,88.07112884521484,149.5,150.7916717529297,148.5416717529297,149.75,5292031
2010-11-30,90.32936096191406,153.3333282470703,154.4166717529297,148.375,149.8333282470703,5271912
2010-12-01,91.48301696777344,155.2916717529297,155.8333282470703,151.75,153.3333282470703,3745135
2010-12-02,89.78934478759766,152.4166717529297,156.6666717529297,151.6666717529297,156.5833282470703,4355982
2010-12-03,90.8939437866211,154.2916717529297,154.9583282470703,152.75,153.2916717529297,3502736
2010-12-06,91.82666778564453,155.875,157.3333282470703,154.6666717529297,155.3333282470703,4237836
2010-12-07,94.06034851074219,159.6666717529297,160.7083282470703,155.7916717529297,156.2916717529297,4018008
2010-12-08,93.74127960205078,159.125,159.7916717529297,157.625,159.7916717529297,2635566
2010-12-09,92.24398040771484,156.5833282470703,159.75,155.4166717529297,159.75,1953438
2010-12-10,94.45308685302734,160.3333282470703,162.2916717529297,155.2083282470703,156.5,4042436
2010-12-13,96.44131469726562,163.7083282470703,165.0,159.3333282470703,159.9166717529297,4756578
2010-12-14,97.9386215209961,166.25,166.5833282470703,164.0833282470703,164.5,4161991
2010-12-15,96.68678283691406,164.125,166.8333282470703,162.2083282470703,166.5833282470703,3962752
2010-12-16,97.17771911621094,164.9583282470703,166.5416717529297,163.375,164.375,3527979
2010-12-20,94.69853210449219,160.75,165.3333282470703,160.0416717529297,165.0,1459412
2010-12-21,94.18307495117188,159.875,161.8333282470703,158.0833282470703,160.8333282470703,1762180
2010-12-22,94.64945983886719,160.6666717529297,161.5,159.9166717529297,160.3333282470703,1480603
2010-12-23,96.09767150878906,163.125,163.3333282470703,160.25,161.25,1443032
2010-12-24,97.32496643066406,165.2083282470703,165.8333282470703,162.5,163.3333282470703,1585530
2010-12-27,96.71133422851562,164.1666717529297,166.4166717529297,163.7916717529297,165.8333282470703,1833369
2010-12-28,96.46585083007812,163.75,164.9583282470703,163.1666717529297,164.1666717529297,1262710
2010-12-29,97.1531753540039,164.9166717529297,165.3333282470703,163.875,164.1666717529297,2099943
2010-12-30,99.2886734008789,168.5416717529297,169.8333282470703,164.4583282470703,165.0,6130018
2010-12-31,98.50320434570312,167.2083282470703,168.5416717529297,166.3333282470703,168.0416717529297,1451338
2011-01-03,97.42314910888672,165.375,168.75,164.625,167.8333282470703,1342116
2011-01-04,98.25772857666016,166.7916717529297,168.0833282470703,165.2916717529297,165.2916717529297,3174169
2011-01-05,97.9386215209961,166.25,167.4583282470703,165.0,166.5,835621
2011-01-06,99.16594696044922,168.3333282470703,168.5416717529297,164.625,166.2916717529297,3078096
2011-01-07,96.73584747314453,164.2083282470703,169.3333282470703,163.0,168.25,2117685
2011-01-10,93.9130859375,159.4166717529297,164.875,158.3333282470703,164.875,1854774
2011-01-11,93.15216064453125,158.125,162.5,156.7083282470703,159.1666717529297,2439870
2011-01-12,94.01126861572266,159.5833282470703,162.25,154.6666717529297,158.5833282470703,2521036
2011-01-13,92.78397369384766,157.5,159.875,156.25,159.5833282470703,4044352
2011-01-14,91.53209686279297,155.375,160.375,154.4166717529297,156.6666717529297,2445078
2011-01-17,91.82666778564453,155.875,157.1666717529297,154.1666717529297,155.5,1515738
2011-01-18,92.58758544921875,157.1666717529297,158.2083282470703,155.4166717529297,155.4166717529297,1561732
2011-01-19,91.87579345703125,155.9583282470703,159.375,155.4166717529297,157.75,3131692
2011-01-20,92.58758544921875,157.1666717529297,158.0833282470703,154.1666717529297,154.1666717529297,2222286
2011-01-21,93.2503433227539,158.2916717529297,158.8333282470703,157.375,157.5,2889026
2011-01-24,94.57583618164062,160.5416717529297,161.5,157.875,157.875,1887610
2011-01-25,96.24496459960938,163.375,164.7916717529297,160.5416717529297,160.5416717529297,4650921
2011-01-27,95.63130950927734,162.3333282470703,164.8333282470703,161.6666717529297,162.75,4662642
2011-01-28,94.23214721679688,159.9583282470703,163.2916717529297,159.4583282470703,161.6666717529297,4354972
2011-01-31,92.80850219726562,157.5416717529297,159.5416717529297,156.25,158.0,2286866
2011-02-01,90.94303894042969,154.375,158.9583282470703,153.9166717529297,157.7083282470703,2117569
2011-02-02,88.48841857910156,150.2083282470703,158.25,149.75,155.8333282470703,2940711
2011-02-03,89.49478912353516,151.9166717529297,152.1666717529297,148.75,150.4166717529297,2977808
2011-02-04,88.32182312011719,147.4583282470703,151.4166717529297,146.0416717529297,150.5833282470703,3748426
2011-02-07,89.64453887939453,149.6666717529297,150.125,147.3333282470703,148.3333282470703,2325357
2011-02-08,86.92425537109375,145.125,151.625,144.2916717529297,151.5416717529297,2052031
2011-02-09,85.52667999267578,142.7916717529297,146.0416717529297,141.7083282470703,145.6666717529297,2794068
2011-02-10,85.05250549316406,142.0,144.9166717529297,141.6666717529297,143.2916717529297,1883808
2011-02-11,88.27192687988281,147.375,148.9583282470703,142.125,142.375,3307017
2011-02-14,88.89581298828125,148.4166717529297,150.5416717529297,147.6666717529297,149.6666717529297,1503505
2011-02-15,90.29341125488281,150.75,151.6666717529297,147.9583282470703,149.1666717529297,2400494
2011-02-16,90.64278411865234,151.3333282470703,151.875,150.0833282470703,151.0,2474599
2011-02-17,90.2684326171875,150.7083282470703,151.5833282470703,149.2916717529297,151.5416717529297,602318
2011-02-18,89.36998748779297,149.2083282470703,151.375,147.7916717529297,150.5,3297218
2011-02-21,88.17208862304688,147.2083282470703,148.625,145.2916717529297,147.5833282470703,1744862
2011-02-22,87.77278900146484,146.5416717529297,147.8333282470703,145.4166717529297,146.3333282470703,2172444
2011-02-23,86.30032348632812,144.0833282470703,147.3333282470703,143.4583282470703,145.8333282470703,1383036
2011-02-24,85.3270263671875,142.4583282470703,144.7916717529297,141.6666717529297,141.875,3014625
2011-02-25,84.77798461914062,141.5416717529297,144.5,140.25,142.7083282470703,1628618
2011-02-28,84.77798461914062,141.5416717529297,146.5,140.9583282470703,141.6666717529297,2669386
2011-03-01,90.51801300048828,151.125,151.6666717529297,142.25,143.375,4547804
2011-03-03,88.87085723876953,148.375,153.0833282470703,145.9166717529297,150.0,2329243
2011-03-04,89.41992950439453,149.2916717529297,151.0833282470703,148.5,148.8333282470703,2192590
2011-03-07,90.11871337890625,150.4583282470703,151.0833282470703,145.9166717529297,148.2916717529297,1518444
2011-03-08,89.91905975341797,150.125,151.3333282470703,148.6666717529297,149.1666717529297,686125
2011-03-09,88.72112274169922,148.125,150.9166717529297,147.6666717529297,150.5,930722
2011-03-10,87.74779510498047,146.5,148.4583282470703,145.7083282470703,148.3333282470703,1105700
2011-03-11,87.17382049560547,145.5416717529297,147.3333282470703,144.25,146.2083282470703,1693838
2011-03-14,88.82095336914062,148.2916717529297,148.9166717529297,145.8333282470703,146.0416717529297,1550019
2011-03-15,87.29861450195312,145.75,147.375,144.1666717529297,146.2083282470703,1741938
2011-03-16,88.62128448486328,147.9583282470703,148.75,145.9583282470703,146.625,978834
2011-03-17,87.62303924560547,146.2916717529297,147.8333282470703,145.5,146.9166717529297,809139
2011-03-18,86.97415924072266,145.2083282470703,147.5,144.7083282470703,147.4166717529297,984092
2011-03-21,86.32528686523438,144.125,146.1666717529297,143.75,145.8333282470703,1122426
2011-03-22,87.02410888671875,145.2916717529297,146.25,144.7083282470703,145.7083282470703,914296
2011-03-23,87.3984375,145.9166717529297,146.625,144.2916717529297,145.75,1294640
2011-03-24,87.79773712158203,146.5833282470703,147.1666717529297,145.75,146.6666717529297,1341760
2011-03-25,91.29166412353516,152.4166717529297,153.1666717529297,146.0,146.0,2568351
2011-03-28,92.4396743774414,154.3333282470703,155.8333282470703,150.6666717529297,151.5833282470703,4321368
2011-03-29,94.06185913085938,157.0416717529297,158.2916717529297,153.0,154.1666717529297,2887262
2011-03-30,94.26153564453125,157.375,159.0,155.875,156.6666717529297,1293895
2011-03-31,96.38285064697266,160.9166717529297,162.5,157.4166717529297,158.0416717529297,6662690
2011-04-01,94.26153564453125,157.375,160.9166717529297,156.7916717529297,160.8333282470703,1010179
2011-04-04,94.58596801757812,157.9166717529297,159.5,156.4166717529297,156.8333282470703,1836823
2011-04-05,93.8622055053711,156.7083282470703,159.1666717529297,156.1666717529297,158.0833282470703,1428296
2011-04-06,95.73397827148438,159.8333282470703,160.625,154.7083282470703,157.2083282470703,2937254
2011-04-07,92.91385650634766,155.125,160.5416717529297,154.8333282470703,160.2916717529297,4377166
2011-04-08,91.71593475341797,153.125,156.4583282470703,152.125,155.8333282470703,3092548
2011-04-11,91.74089813232422,153.1666717529297,155.2916717529297,152.2916717529297,153.4166717529297,1953333
2011-04-13,93.73744201660156,156.5,157.0416717529297,151.75,152.625,2536735
2011-04-15,92.53953552246094,154.5,156.0416717529297,153.75,155.125,1573560
2011-04-18,92.48960876464844,154.4166717529297,156.4166717529297,152.9166717529297,154.5833282470703,2775322
2011-04-19,91.74089813232422,153.1666717529297,154.125,152.0833282470703,154.0,1120609
2011-04-20,93.31316375732422,155.7916717529297,156.2083282470703,153.3333282470703,154.0,1026747
2011-04-21,93.38806915283203,155.9166717529297,157.0833282470703,154.5,155.1666717529297,1621608
2011-04-25,93.1135025024414,155.4583282470703,156.8333282470703,155.0,155.0,1143561
2011-04-26,92.91385650634766,155.125,155.75,153.5833282470703,155.6666717529297,826138
2011-04-27,92.5644760131836,154.5416717529297,156.0,154.0,155.125,1159488
2011-04-28,91.69097900390625,153.0833282470703,155.0833282470703,152.5,154.5416717529297,1827498
2011-04-29,90.9921875,151.9166717529297,154.0,151.0833282470703,153.2916717529297,1722074
2011-05-02,90.36829376220703,150.875,152.7916717529297,150.4166717529297,151.2916717529297,1096219
2011-05-03,89.0206069946289,148.625,152.0833282470703,148.0416717529297,150.25,2462716
2011-05-04,89.12044525146484,148.7916717529297,149.7916717529297,148.0833282470703,148.9166717529297,2339367
2011-05-05,86.82440948486328,144.9583282470703,149.2083282470703,144.1666717529297,148.9166717529297,4171152
2011-05-06,87.24868774414062,145.6666717529297,146.7083282470703,142.5833282470703,144.1666717529297,2149135
2011-05-09,86.25041961669922,144.0,146.3333282470703,143.5833282470703,146.25,1500910
2011-05-10,90.11871337890625,150.4583282470703,152.4166717529297,144.25,144.9166717529297,5628651
2011-05-11,88.22200012207031,147.2916717529297,150.625,146.625,150.0,1443291
2011-05-12,87.09895324707031,145.4166717529297,148.2916717529297,145.0833282470703,147.0,1393770
2011-05-13,87.37347412109375,145.875,147.375,144.375,145.75,1484322
2011-05-16,86.92425537109375,145.125,146.9166717529297,144.2083282470703,145.8333282470703,2978124
2011-05-17,85.42683410644531,142.625,145.375,140.9583282470703,145.375,2852772
2011-05-18,85.30206298828125,142.4166717529297,143.5833282470703,140.6666717529297,143.2083282470703,1804472
2011-05-19,84.85285186767578,141.6666717529297,143.3333282470703,141.1666717529297,143.3333282470703,1112718
2011-05-20,86.25041961669922,144.0,145.625,141.6666717529297,142.5,1645852
2011-05-23,83.75473022460938,139.8333282470703,143.5833282470703,139.6666717529297,143.5833282470703,2296383
2011-05-24,83.28058624267578,139.0416717529297,142.125,138.0416717529297,140.3333282470703,3451340
2011-05-25,83.45527648925781,139.3333282470703,139.5833282470703,137.625,139.25,3159603
2011-05-26,85.30206298828125,142.4166717529297,143.25,139.4583282470703,139.9166717529297,7075099
2011-05-27,83.929443359375,140.125,144.125,139.625,141.75,4068427
2011-05-30,83.72978210449219,139.7916717529297,141.625,139.1666717529297,141.0416717529297,4140687
2011-05-31,83.9793701171875,140.2083282470703,141.3333282470703,139.0,139.2916717529297,22371508
2011-06-01,87.37347412109375,145.875,146.2083282470703,141.2916717529297,141.2916717529297,4805697
2011-06-02,87.47331237792969,146.0416717529297,148.3333282470703,143.7916717529297,144.9166717529297,4536013
2011-06-03,86.87435150146484,145.0416717529297,147.4583282470703,144.5833282470703,146.5,1980505
2011-06-06,86.82440948486328,144.9583282470703,146.0,144.1666717529297,145.0833282470703,803578
2011-06-07,86.37519836425781,144.2083282470703,144.9166717529297,143.5,144.1666717529297,2685571
2011-06-08,87.49824523925781,146.0833282470703,146.875,144.1666717529297,144.1666717529297,2080336
2011-06-09,88.84591674804688,148.3333282470703,149.0416717529297,145.8333282470703,146.5833282470703,2864422
2011-06-10,87.94747924804688,146.8333282470703,148.375,146.0,147.5416717529297,2381526
2011-06-13,89.84419250488281,150.0,151.0833282470703,146.2916717529297,146.2916717529297,3158617
2011-06-14,90.24349975585938,150.6666717529297,151.5,149.9583282470703,150.4166717529297,1672045
2011-06-15,88.4715576171875,147.7083282470703,150.0833282470703,146.9583282470703,150.0,851595
2011-06-16,88.34678649902344,147.5,149.5,146.5,146.5,1190031
2011-06-17,89.2951431274414,149.0833282470703,149.5,145.6666717529297,146.125,1443712
2011-06-20,87.17382049560547,145.5416717529297,150.4583282470703,143.9166717529297,149.1666717529297,2329111
2011-06-21,88.07225036621094,147.0416717529297,147.5,144.5,146.0833282470703,1105177
2011-06-22,87.42338562011719,145.9583282470703,147.875,145.3333282470703,147.4166717529297,1349418
2011-06-23,87.74779510498047,146.5,149.1666717529297,145.8333282470703,145.8333282470703,2211873
2011-06-24,90.91732788085938,151.7916717529297,155.375,146.6666717529297,147.0,6495902
2011-06-27,91.06706237792969,152.0416717529297,153.4583282470703,149.5,150.0,3580068
2011-06-28,91.64109802246094,153.0,153.3333282470703,150.625,152.375,1512681
2011-06-29,92.38976287841797,154.25,155.2083282470703,153.3333282470703,153.375,2470478
2011-06-30,93.28822326660156,155.75,157.1666717529297,153.0416717529297,154.3333282470703,4758492
2011-07-01,93.2383041381836,155.6666717529297,157.5,153.9583282470703,155.8333282470703,1770510
2011-07-04,92.06533813476562,153.7083282470703,156.6666717529297,153.2083282470703,155.8333282470703,2086365
2011-07-05,92.19010925292969,153.9166717529297,154.9166717529297,152.2083282470703,153.625,2608054
2011-07-06,92.51455688476562,154.4583282470703,155.8333282470703,153.125,153.75,2039581
2011-07-07,94.96029663085938,158.5416717529297,159.0,154.2083282470703,154.3333282470703,3378967
2011-07-08,95.25979614257812,159.0416717529297,160.375,157.7916717529297,158.5416717529297,3419328
2011-07-11,94.4112548828125,157.625,160.0,156.2916717529297,158.3333282470703,1983331
2011-07-12,93.338134765625,155.8333282470703,158.3333282470703,152.5833282470703,156.6666717529297,3924948
2011-07-13,94.98526000976562,158.5833282470703,159.1666717529297,155.2083282470703,155.4583282470703,4368988
2011-07-14,94.5110855102539,157.7916717529297,160.0,156.875,157.2916717529297,3746907
2011-07-15,94.76068115234375,158.2083282470703,159.9166717529297,156.9166717529297,156.9166717529297,3132978
2011-07-18,92.8888931274414,155.0833282470703,158.0833282470703,153.75,156.875,3092478
2011-07-19,94.31143951416016,157.4583282470703,158.6666717529297,155.4166717529297,155.5833282470703,2232801
2011-07-20,92.46465301513672,154.375,158.1666717529297,153.8333282470703,157.5,1738600
2011-07-21,91.26673126220703,152.375,155.5,151.75,154.4166717529297,1575428
2011-07-22,91.4414291381836,152.6666717529297,155.7916717529297,152.2083282470703,152.9166717529297,3658702
2011-07-25,91.66602325439453,153.0416717529297,154.1666717529297,151.25,152.6666717529297,7181780
2011-07-26,90.01889038085938,150.2916717529297,154.625,149.75,153.7083282470703,2944093
2011-07-27,90.06880950927734,150.375,151.25,148.3333282470703,150.75,2418058
2011-07-28,88.0223388671875,146.9583282470703,149.5833282470703,146.5416717529297,148.5416717529297,5296336
2011-07-29,87.89757537841797,146.75,148.4166717529297,146.25,147.5,3249858
2011-08-01,88.27192687988281,147.375,149.0,146.7916717529297,147.6666717529297,1179526
2011-08-02,90.34330749511719,150.8333282470703,151.4166717529297,146.75,147.0833282470703,3289740
2011-08-03,90.46810150146484,151.0416717529297,151.5833282470703,148.3333282470703,149.8333282470703,3805206
2011-08-04,88.37174987792969,147.5416717529297,150.8333282470703,146.4583282470703,150.5833282470703,3271522
2011-08-05,85.57657623291016,142.875,146.1666717529297,142.2916717529297,145.4583282470703,4148565
2011-08-08,85.42683410644531,142.625,144.0833282470703,137.5,141.0833282470703,3918158
2011-08-09,84.42855072021484,140.9583282470703,142.9166717529297,138.3333282470703,138.9166717529297,3509944
2011-08-10,87.59807586669922,146.25,148.0,140.9166717529297,144.3333282470703,4474538
2011-08-11,88.74608612060547,148.1666717529297,149.5,144.625,145.2916717529297,1848537
2011-08-12,87.69790649414062,146.4166717529297,149.1666717529297,145.2916717529297,149.1666717529297,1856520
2011-08-16,87.57311248779297,146.2083282470703,147.6666717529297,145.4166717529297,147.5,1001205
2011-08-17,87.52322387695312,146.125,148.75,145.0,145.125,2473766
2011-08-18,86.9991226196289,145.25,148.3333282470703,143.9583282470703,148.3333282470703,1322197
2011-08-19,86.89928436279297,145.0833282470703,146.3333282470703,142.9583282470703,142.9583282470703,2246275
2011-08-22,87.17382049560547,145.5416717529297,147.4166717529297,143.2083282470703,144.625,1214882
2011-08-23,85.55162811279297,142.8333282470703,146.5833282470703,142.3333282470703,146.5833282470703,3145651
2011-08-24,84.90277099609375,141.75,142.9166717529297,141.25,141.9166717529297,3411334
2011-08-25,84.8778076171875,141.7083282470703,142.5,140.0416717529297,142.0,5370679
2011-08-26,83.08091735839844,138.7083282470703,141.5,135.4583282470703,141.5,3569570
2011-08-29,84.40364074707031,140.9166717529297,141.2916717529297,139.375,140.0,1295444
2011-08-30,84.5034408569336,141.0833282470703,142.25,139.6666717529297,140.8333282470703,2753792
2011-09-02,83.05595397949219,138.6666717529297,145.6666717529297,137.5833282470703,145.6666717529297,4693891
2011-09-05,81.70829772949219,136.4166717529297,139.0833282470703,136.0,138.4166717529297,5148044
2011-09-06,80.95958709716797,135.1666717529297,137.25,134.5833282470703,136.4583282470703,5362542
2011-09-07,83.80467224121094,139.9166717529297,140.2916717529297,135.4166717529297,135.75,5322658
2011-09-08,83.30313873291016,138.4166717529297,140.25,138.0833282470703,140.25,2700772
2011-09-09,81.92395782470703,136.125,140.0,135.6666717529297,139.1666717529297,2820220
2011-09-12,81.27197265625,135.0416717529297,135.625,133.3333282470703,135.4166717529297,2213281
2011-09-13,82.02425384521484,136.2916717529297,138.0416717529297,135.0,136.2083282470703,2368801
2011-09-14,82.32514953613281,136.7916717529297,137.5833282470703,135.0416717529297,137.0416717529297,2005693
2011-09-15,82.5257568359375,137.125,138.1666717529297,135.0833282470703,138.1666717529297,1620182
2011-09-16,86.48782348632812,143.7083282470703,144.625,137.5,137.6666717529297,6954804
2011-09-19,84.55694580078125,140.5,144.0416717529297,140.0,142.2916717529297,1559473
2011-09-20,86.26213073730469,143.3333282470703,143.875,140.8333282470703,141.0833282470703,2326687
2011-09-21,86.91412353515625,144.4166717529297,145.2916717529297,143.3333282470703,143.3333282470703,2406962
2011-09-22,83.1275863647461,138.125,143.0,137.5416717529297,142.8333282470703,1866160
2011-09-23,83.75450134277344,139.1666717529297,140.7916717529297,136.5416717529297,137.3333282470703,2554398
2011-09-26,82.07441711425781,136.375,140.3333282470703,135.8333282470703,140.2083282470703,1901102
2011-09-27,83.07744598388672,138.0416717529297,138.625,136.5,137.1666717529297,2594641
2011-09-28,84.55694580078125,140.5,141.2916717529297,137.1666717529297,138.7083282470703,2824125
2011-09-29,84.33126068115234,140.125,141.9166717529297,137.1666717529297,140.375,3176624
2011-09-30,84.08047485351562,139.7083282470703,140.8333282470703,137.2083282470703,139.5833282470703,2784331
2011-10-03,82.42546081542969,136.9583282470703,138.7083282470703,136.3333282470703,137.9166717529297,1900468
2011-10-04,82.22486114501953,136.625,138.0,134.875,136.6666717529297,1554122
2011-10-05,82.19979095458984,136.5833282470703,138.2083282470703,135.375,137.25,1932661
2011-10-07,83.70435333251953,139.0833282470703,141.0,137.7083282470703,140.4166717529297,4020384
2011-10-10,85.55998229980469,142.1666717529297,142.875,137.8333282470703,139.5416717529297,4045412
2011-10-11,88.46884155273438,147.0,147.5,142.4166717529297,142.5,7521440
2011-10-12,88.97035217285156,147.8333282470703,148.8333282470703,145.5416717529297,146.2916717529297,3949242
2011-10-13,87.01441192626953,144.5833282470703,148.5416717529297,144.125,148.0,1891143
2011-10-14,86.71349334716797,144.0833282470703,147.4166717529297,143.25,144.0833282470703,2922464
2011-10-17,84.38142395019531,140.2083282470703,144.3333282470703,139.5,144.1666717529297,1922998
2011-10-18,84.43156433105469,140.2916717529297,142.2916717529297,139.2083282470703,139.9166717529297,1777351
2011-10-19,86.23705291748047,143.2916717529297,143.7083282470703,140.2083282470703,140.4166717529297,1696239
2011-10-20,85.91107940673828,142.75,143.125,140.0,141.7916717529297,1138090
2011-10-21,84.98324584960938,141.2083282470703,143.0833282470703,140.6666717529297,143.0833282470703,1252420
2011-10-24,85.81073760986328,142.5833282470703,144.1666717529297,142.0833282470703,142.6666717529297,2418790
2011-10-25,87.06458282470703,144.6666717529297,147.7916717529297,141.2916717529297,143.2083282470703,7100366
2011-10-28,89.54711151123047,148.7916717529297,152.5,146.3333282470703,150.0,4579776
2011-10-31,89.89818572998047,149.375,152.8333282470703,148.3333282470703,149.0,5984281
2011-11-01,88.94528198242188,147.7916717529297,150.75,147.3333282470703,149.2083282470703,1417352
2011-11-02,88.24312591552734,146.625,149.7083282470703,146.0416717529297,146.75,872137
2011-11-03,89.32141876220703,148.4166717529297,149.125,145.5416717529297,146.1666717529297,1458592
2011-11-04,89.94832611083984,149.4583282470703,151.375,148.5,149.1666717529297,1778904
2011-11-08,89.34651184082031,148.4583282470703,150.3333282470703,147.2083282470703,149.0,1247601
2011-11-09,87.29025268554688,145.0416717529297,149.2916717529297,144.5833282470703,149.1666717529297,925772
2011-11-11,87.08964538574219,144.7083282470703,145.5,142.7083282470703,144.2083282470703,1579004
2011-11-14,86.76366424560547,144.1666717529297,147.0416717529297,143.4166717529297,145.0416717529297,1165297
2011-11-15,85.25909423828125,141.6666717529297,144.0416717529297,140.4166717529297,144.0,2677666
2011-11-16,84.73248291015625,140.7916717529297,143.2083282470703,139.9166717529297,142.3333282470703,3668610
2011-11-17,82.75145721435547,137.5,142.1666717529297,136.7916717529297,141.5416717529297,2430165
2011-11-18,81.3973388671875,135.25,137.5,133.75,137.4166717529297,3590655
2011-11-21,78.3882064819336,130.25,135.6666717529297,129.625,135.375,4280265
2011-11-22,77.9619140625,129.5416717529297,132.2083282470703,128.875,131.0416717529297,3104350
2011-11-23,78.5637435913086,130.5416717529297,131.2083282470703,126.70833587646484,129.6666717529297,2966732
2011-11-24,79.64200592041016,132.3333282470703,133.2916717529297,127.875,132.4583282470703,5260209
2011-11-25,78.68912506103516,130.75,134.0833282470703,129.5416717529297,132.5,3437004
2011-11-28,80.06830596923828,133.0416717529297,133.9166717529297,131.0,132.4583282470703,4262164
2011-11-29,79.5417251586914,132.1666717529297,134.0416717529297,131.5,133.25,2780838
2011-11-30,81.42241668701172,135.2916717529297,136.625,130.9166717529297,132.0,3427675
2011-12-01,83.52881622314453,138.7916717529297,139.5833282470703,137.2083282470703,138.1666717529297,2193126
2011-12-02,86.68842315673828,144.0416717529297,145.375,137.8333282470703,138.5833282470703,2224594
2011-12-05,88.21807098388672,146.5833282470703,147.0833282470703,142.5,142.5416717529297,3236240
2011-12-07,85.33432006835938,141.7916717529297,147.875,140.3333282470703,145.9583282470703,2888481
2011-12-08,83.40343475341797,138.5833282470703,141.9166717529297,136.3333282470703,140.4583282470703,2456607
2011-12-09,83.30313873291016,138.4166717529297,139.8333282470703,135.5416717529297,136.0416717529297,2344226
2011-12-12,82.02425384521484,136.2916717529297,139.75,133.3333282470703,139.5416717529297,3548748
2011-12-13,83.6792984008789,139.0416717529297,140.5833282470703,133.5833282470703,135.125,2473705
2011-12-14,82.30008697509766,136.75,139.125,136.0,138.75,3366631
2011-12-15,83.45359802246094,138.6666717529297,139.5833282470703,132.5833282470703,135.75,3585348
2011-12-16,80.72027587890625,134.125,141.875,132.8333282470703,138.4166717529297,4420815
2011-12-19,80.39429473876953,133.5833282470703,134.375,130.4583282470703,134.1666717529297,2975494
2011-12-20,77.68605041503906,129.0833282470703,134.8333282470703,128.4166717529297,133.5833282470703,4742794
2011-12-21,80.6199951171875,133.9583282470703,135.1666717529297,129.2916717529297,130.8333282470703,3816535
2011-12-22,81.94902801513672,136.1666717529297,137.0,132.625,134.0,2596674
2011-12-23,79.39125061035156,131.9166717529297,137.9166717529297,131.3333282470703,137.0833282470703,2771540
2011-12-26,80.5196762084961,133.7916717529297,134.25,132.25,132.3333282470703,1791708
2011-12-27,78.68912506103516,130.75,134.4583282470703,129.625,134.1666717529297,2104622
2011-12-28,80.92089080810547,134.4583282470703,135.3333282470703,130.9583282470703,131.6666717529297,2542332
2011-12-29,80.56983947753906,133.875,134.6666717529297,132.25,134.5833282470703,2512920
2011-12-30,80.67012786865234,134.0416717529297,135.375,132.6666717529297,134.1666717529297,1921291
2012-01-02,79.3160171508789,131.7916717529297,134.0416717529297,130.8333282470703,134.0416717529297,1404067
2012-01-03,80.41936492919922,133.625,134.5833282470703,132.25,132.9166717529297,2140398
2012-01-04,80.31905364990234,133.4583282470703,134.1666717529297,132.2916717529297,134.1666717529297,1876118
2012-01-05,78.63896179199219,130.6666717529297,134.0833282470703,129.2083282470703,133.7083282470703,3196855
2012-01-06,78.71419525146484,130.7916717529297,131.25,129.375,130.4166717529297,2624210
2012-01-09,78.71419525146484,130.7916717529297,131.25,129.625,130.3333282470703,2584994
2012-01-10,79.24079895019531,131.6666717529297,133.4583282470703,130.625,132.4583282470703,7592079
2012-01-11,80.0933837890625,133.0833282470703,133.7083282470703,131.25,132.3333282470703,7652688
2012-01-12,80.67012786865234,134.0416717529297,135.3333282470703,133.125,134.0833282470703,2979742
2012-01-13,83.3532943725586,138.5,139.0416717529297,134.125,134.9166717529297,4058114
2012-01-16,81.1716537475586,134.875,138.25,134.625,137.2916717529297,2294924
2012-01-17,83.85482025146484,139.3333282470703,139.8333282470703,135.6666717529297,135.7916717529297,4024894
2012-01-18,82.50067901611328,137.0833282470703,141.0,136.1666717529297,139.3333282470703,3001603
2012-01-19,85.98628997802734,142.875,143.75,137.5,137.6666717529297,5671336
2012-01-20,87.51592254638672,145.4166717529297,146.5,142.5416717529297,143.2916717529297,4067755
2012-01-23,88.04254150390625,146.2916717529297,147.9166717529297,144.2083282470703,144.2083282470703,3179276
2012-01-24,87.9422378540039,146.125,147.625,144.125,146.3333282470703,2662366
2012-01-25,87.64131927490234,145.625,147.5833282470703,145.2083282470703,146.125,4540281
2012-01-27,87.29025268554688,145.0416717529297,149.0833282470703,143.9166717529297,148.4583282470703,2761042
2012-01-30,86.13673400878906,143.125,145.75,142.2916717529297,142.9583282470703,3483304
2012-01-31,88.15897369384766,143.5,143.7916717529297,141.0416717529297,142.0,2779754
2012-02-01,87.46783447265625,142.375,144.7083282470703,141.7083282470703,143.3333282470703,2967338
2012-02-02,88.00538635253906,143.25,144.2916717529297,142.1666717529297,143.3333282470703,4670977
2012-02-03,90.51398468017578,147.3333282470703,147.8333282470703,142.5833282470703,142.5833282470703,2058243
2012-02-06,90.94915008544922,148.0416717529297,148.5833282470703,145.4166717529297,148.3333282470703,3381099
2012-02-07,89.9764175415039,146.4583282470703,148.7083282470703,145.4583282470703,147.9583282470703,1213438
2012-02-08,90.74435424804688,147.7083282470703,149.0833282470703,146.2083282470703,146.25,1397892
2012-02-09,92.15225982666016,150.0,150.8333282470703,147.125,147.5,2875066
2012-02-10,92.3314437866211,150.2916717529297,151.2083282470703,148.875,149.9166717529297,1741236
2012-02-13,92.66419219970703,150.8333282470703,151.9583282470703,149.4166717529297,150.0,1652396
2012-02-14,92.99696350097656,151.375,152.8333282470703,150.0833282470703,150.125,1704975
2012-02-15,93.22735595703125,151.75,153.7083282470703,149.8333282470703,151.4583282470703,4870018
2012-02-16,94.1744613647461,153.2916717529297,154.6666717529297,152.1666717529297,153.25,6475116
2012-02-17,96.19671630859375,156.5833282470703,158.9583282470703,154.0416717529297,155.0,5197779
2012-02-21,95.3007583618164,155.125,158.25,154.0416717529297,155.9583282470703,3069835
2012-02-22,93.5857162475586,152.3333282470703,156.3333282470703,151.0,154.5833282470703,2046350
2012-02-23,94.73760223388672,154.2083282470703,155.0,150.1666717529297,151.7916717529297,2431582
2012-02-24,94.04645538330078,153.0833282470703,156.1666717529297,151.9166717529297,154.2083282470703,3188020
2012-02-27,92.58738708496094,150.7083282470703,154.1666717529297,146.25,154.1666717529297,5148733
2012-02-28,92.17784118652344,150.0416717529297,153.1666717529297,149.6666717529297,150.8333282470703,1719670
2012-02-29,92.68980407714844,150.875,152.875,149.6666717529297,150.75,1726953
2012-03-01,90.33479309082031,147.0416717529297,152.25,145.5833282470703,151.25,2036619
2012-03-02,91.64028930664062,149.1666717529297,150.6666717529297,146.9583282470703,148.2916717529297,2100890
2012-03-05,89.92521667480469,146.375,148.625,145.2916717529297,148.1666717529297,1164562
2012-03-06,89.36206817626953,145.4583282470703,149.7916717529297,144.1666717529297,145.4166717529297,1240345
2012-03-07,87.13507080078125,141.8333282470703,145.3333282470703,141.3333282470703,144.1666717529297,1594531
2012-03-09,88.90132141113281,144.7083282470703,145.5416717529297,141.7083282470703,143.7083282470703,3090069
2012-03-12,88.10778045654297,143.4166717529297,146.6666717529297,141.9583282470703,145.8333282470703,2557352
2012-03-13,88.69654083251953,144.375,145.5,143.8333282470703,143.875,1294404
2012-03-14,90.92357635498047,148.0,148.3333282470703,145.25,145.8333282470703,1986541
2012-03-15,91.94746398925781,149.6666717529297,150.0,147.5,148.0,3122120
2012-03-16,88.23575592041016,143.625,151.0833282470703,142.6666717529297,149.3333282470703,1998697
2012-03-19,88.03099060058594,143.2916717529297,145.6666717529297,142.625,144.5416717529297,1449897
2012-03-20,88.64533996582031,144.2916717529297,145.25,141.0416717529297,142.2083282470703,1902884
2012-03-21,90.00199890136719,146.5,146.875,143.0416717529297,143.3333282470703,2545670
2012-03-22,87.6726303100586,142.7083282470703,147.3333282470703,141.7083282470703,146.6666717529297,2566596
2012-03-23,87.95420837402344,143.1666717529297,144.375,142.0416717529297,142.7083282470703,762777
2012-03-26,84.7032699584961,137.875,143.5416717529297,137.5,143.5416717529297,1741135
2012-03-27,83.96092987060547,136.6666717529297,139.875,135.5,139.7916717529297,1925884
2012-03-28,82.73224639892578,134.6666717529297,137.125,133.8333282470703,136.6666717529297,3546476
2012-03-29,83.19300079345703,135.4166717529297,136.4166717529297,133.375,134.1666717529297,6598052
2012-03-30,83.32099914550781,135.625,137.4583282470703,134.875,135.8333282470703,5082229
2012-04-02,85.75277709960938,139.5833282470703,140.0833282470703,135.8333282470703,136.5,1633851
2012-04-03,85.75277709960938,139.5833282470703,140.7083282470703,138.75,140.4166717529297,1577121
2012-04-04,85.90636444091797,139.8333282470703,141.0416717529297,138.75,139.9166717529297,976076
2012-04-09,83.47457122802734,135.875,138.9583282470703,135.4583282470703,138.5,997341
2012-04-10,83.14180755615234,135.3333282470703,136.2083282470703,134.3333282470703,135.4583282470703,2181913
2012-04-11,84.65209197998047,137.7916717529297,138.4166717529297,134.1666717529297,134.1666717529297,2074615
2012-04-12,84.7032699584961,137.875,139.1666717529297,136.875,138.4166717529297,2519258
2012-04-13,85.36882019042969,138.9583282470703,140.8333282470703,138.125,138.75,1876453
2012-04-16,84.7288818359375,137.9166717529297,138.625,136.6666717529297,137.5833282470703,1527472
2012-04-17,85.75277709960938,139.5833282470703,140.75,137.25,137.5416717529297,3725292
2012-04-18,85.95756530761719,139.9166717529297,141.4583282470703,139.4166717529297,139.625,2782255
2012-04-19,86.08555603027344,140.125,141.25,139.1666717529297,140.75,1112271
2012-04-20,84.60086059570312,137.7083282470703,140.75,136.3333282470703,140.0,1153986
2012-04-23,84.95925903320312,138.2916717529297,138.7083282470703,135.875,137.3333282470703,2223518
2012-04-24,85.650390625,139.4166717529297,140.2083282470703,137.0833282470703,138.2916717529297,1450778
2012-04-25,84.42168426513672,137.4166717529297,139.9166717529297,136.125,139.9166717529297,1056271
2012-04-26,82.50184631347656,134.2916717529297,138.2916717529297,133.6666717529297,136.75,3097052
2012-04-27,82.88583374023438,134.9166717529297,136.125,134.1666717529297,134.6666717529297,979243
2012-04-30,83.19300079345703,135.4166717529297,136.9583282470703,134.5,134.5,1607512
2012-05-02,81.83631134033203,133.2083282470703,136.0416717529297,132.7083282470703,135.0,2213557
2012-05-03,80.37723541259766,130.8333282470703,133.1666717529297,129.7916717529297,133.1666717529297,3596024
2012-05-04,79.32770538330078,129.125,131.9166717529297,128.375,130.0,1792617
2012-05-07,79.94207000732422,130.125,130.875,127.08333587646484,128.3333282470703,1848526
2012-05-08,79.8140869140625,129.9166717529297,131.375,128.7916717529297,130.75,2709948
2012-05-09,77.53587341308594,126.20833587646484,129.4166717529297,125.16666412353516,128.875,2126929
2012-05-10,76.48635864257812,124.5,128.125,123.54166412353516,125.83333587646484,3231840
2012-05-11,75.84642028808594,123.45833587646484,125.75,121.75,124.5,2377020
2012-05-14,75.51364135742188,122.91666412353516,125.08333587646484,122.08333587646484,123.45833587646484,4292473
2012-05-15,73.41462707519531,119.5,123.0,118.66666412353516,122.08333587646484,3087506
2012-05-16,72.2115249633789,117.54166412353516,119.08333587646484,115.70833587646484,118.66666412353516,3723393
2012-05-17,72.74907684326172,118.41666412353516,119.04166412353516,117.5,117.54166412353516,2849098
2012-05-18,74.20816802978516,120.79166412353516,122.91666412353516,116.70833587646484,117.5,3615472
2012-05-21,73.51702117919922,119.66666412353516,121.66666412353516,118.125,120.5,2252403
2012-05-22,72.36510467529297,117.79166412353516,121.04166412353516,117.29166412353516,119.625,3123459
2012-05-23,72.2115249633789,117.54166412353516,118.08333587646484,115.83333587646484,117.5,2071046
2012-05-24,72.74907684326172,118.41666412353516,119.375,116.625,117.58333587646484,1496450
2012-05-25,72.80027770996094,118.5,119.16666412353516,117.54166412353516,118.41666412353516,1659200
2012-05-28,73.977783203125,120.41666412353516,120.75,118.08333587646484,118.08333587646484,1184391
2012-05-29,74.48973083496094,121.25,121.79166412353516,119.91666412353516,120.91666412353516,2030589
2012-05-30,74.36173248291016,121.04166412353516,122.04166412353516,119.91666412353516,119.91666412353516,3206365
2012-05-31,75.15526580810547,122.33333587646484,123.33333587646484,120.125,120.16666412353516,4196283
2012-06-01,74.28494262695312,120.91666412353516,122.20833587646484,120.08333587646484,121.91666412353516,2183742
2012-06-04,73.74738311767578,120.04166412353516,120.66666412353516,117.83333587646484,120.0,2960720
2012-06-05,75.23206329345703,122.45833587646484,122.91666412353516,120.04166412353516,120.04166412353516,2169592
2012-06-06,78.201416015625,127.29166412353516,127.83333587646484,122.91666412353516,122.91666412353516,3583874
2012-06-07,79.37891387939453,129.2083282470703,130.9166717529297,126.45833587646484,127.58333587646484,3421950
2012-06-08,79.8652572631836,130.0,131.0833282470703,127.08333587646484,128.75,2060884
2012-06-11,79.40450286865234,129.25,132.3333282470703,128.8333282470703,130.25,1621137
2012-06-12,80.71000671386719,131.375,132.0833282470703,127.95833587646484,128.9166717529297,1974784
2012-06-13,78.99494171142578,128.5833282470703,131.5,127.91666412353516,131.25,1654306
2012-06-14,75.89761352539062,123.54166412353516,128.6666717529297,123.0,127.5,4732070
2012-06-15,76.89592742919922,125.16666412353516,126.08333587646484,122.5,123.33333587646484,3417586
2012-06-18,76.38397216796875,124.33333587646484,127.0,122.875,125.875,1941970
2012-06-19,76.61434936523438,124.70833587646484,125.95833587646484,122.79166412353516,123.75,3410185
2012-06-20,76.56315612792969,124.625,126.83333587646484,124.08333587646484,125.0,2631464
2012-06-21,77.45907592773438,126.08333587646484,126.66666412353516,124.16666412353516,124.83333587646484,1689506
2012-06-22,77.89424133300781,126.79166412353516,127.79166412353516,124.625,125.33333587646484,2769422
2012-06-25,78.07343292236328,127.08333587646484,128.4166717529297,126.20833587646484,126.29166412353516,3171616
2012-06-26,78.68778991699219,128.0833282470703,128.7083282470703,126.375,127.16666412353516,2233992
2012-06-27,79.40450286865234,129.25,130.4583282470703,128.5416717529297,129.1666717529297,1903099
2012-06-28,80.68440246582031,131.3333282470703,131.9583282470703,129.0416717529297,130.0,4530069
2012-06-29,81.63151550292969,132.875,133.6666717529297,131.7083282470703,132.375,3074715
2012-07-02,82.57864379882812,134.4166717529297,135.0,132.7083282470703,133.3333282470703,1479196
2012-07-03,82.45064544677734,134.2083282470703,135.5,132.5,134.5833282470703,2126170
2012-07-04,82.37386322021484,134.0833282470703,135.0,132.0833282470703,134.4166717529297,1878697
2012-07-05,82.73224639892578,134.6666717529297,135.2916717529297,132.5,133.75,1726928
2012-07-06,82.3482666015625,134.0416717529297,134.875,133.0833282470703,134.1666717529297,732764
2012-07-09,81.93871307373047,133.375,133.7916717529297,131.25,132.7083282470703,1666530
2012-07-10,81.83631134033203,133.2083282470703,133.9166717529297,131.25,132.9166717529297,1582414
2012-07-11,81.98988342285156,133.4583282470703,134.75,132.1666717529297,132.1666717529297,2470233
2012-07-12,81.37555694580078,132.4583282470703,133.625,130.8333282470703,132.4166717529297,2101722
2012-07-13,81.78511810302734,133.125,134.25,132.25,132.7083282470703,996847
2012-07-16,81.29875183105469,132.3333282470703,134.0,131.9583282470703,132.3333282470703,1446993
2012-07-17,81.04277801513672,131.9166717529297,133.4583282470703,131.0833282470703,132.875,1894132
2012-07-18,80.40283966064453,130.875,132.25,130.0833282470703,131.875,1656078
2012-07-19,80.42842102050781,130.9166717529297,132.5416717529297,130.4166717529297,131.6666717529297,6217933
2012-07-20,79.8140869140625,129.9166717529297,131.2083282470703,129.625,130.5833282470703,1009934
2012-07-23,78.71337890625,128.125,129.9166717529297,127.0,129.625,6156342
2012-07-24,78.27820587158203,127.41666412353516,128.4583282470703,126.91666412353516,128.3333282470703,2062909
2012-07-25,76.81914520263672,125.04166412353516,127.45833587646484,124.25,126.79166412353516,4835923
2012-07-26,77.38227844238281,125.95833587646484,127.0,124.5,125.83333587646484,3489912
2012-07-27,78.45738983154297,127.70833587646484,129.5416717529297,126.79166412353516,127.08333587646484,1630782
2012-07-30,80.83800506591797,131.5833282470703,132.0416717529297,128.0,128.0,1524061
2012-07-31,80.37723541259766,130.8333282470703,132.5,130.3333282470703,131.75,2175207
2012-08-01,80.6332015991211,131.25,132.5,130.1666717529297,130.875,2556146
2012-08-02,83.7049331665039,136.25,137.0833282470703,131.2916717529297,131.3333282470703,9671479
2012-08-03,85.11284637451172,138.5416717529297,140.3333282470703,135.1666717529297,135.8333282470703,7677819
2012-08-06,84.8056640625,138.0416717529297,140.4166717529297,137.3333282470703,138.9166717529297,2442314
2012-08-07,85.67597961425781,139.4583282470703,139.9583282470703,136.9166717529297,137.75,2661046
2012-08-08,86.13674926757812,140.2083282470703,142.4583282470703,139.0,139.75,3725376
2012-08-09,87.007080078125,141.625,142.0833282470703,140.2083282470703,140.2916717529297,2002569
2012-08-10,88.03099060058594,143.2916717529297,143.75,140.5833282470703,140.625,3726680
2012-08-13,88.15897369384766,143.5,144.0,142.5416717529297,143.2916717529297,1285842
2012-08-14,87.95420837402344,143.1666717529297,144.125,141.4166717529297,142.5833282470703,2061458
2012-08-16,87.0326919555664,141.6666717529297,143.3333282470703,141.375,143.125,2729293
2012-08-17,86.03434753417969,140.0416717529297,142.6666717529297,139.25,142.125,2073260
2012-08-21,88.9525146484375,144.7916717529297,145.6666717529297,139.5833282470703,139.5833282470703,1429356
2012-08-22,87.74940490722656,142.8333282470703,144.9166717529297,142.5,144.5833282470703,1054640
2012-08-23,87.28865814208984,142.0833282470703,143.6666717529297,141.4166717529297,142.9166717529297,1564212
2012-08-24,86.3159408569336,140.5,142.625,139.9166717529297,141.4166717529297,2305279
2012-08-27,86.49512481689453,140.7916717529297,141.4583282470703,139.25,140.375,1386114
2012-08-28,87.97979736328125,143.2083282470703,143.625,140.5833282470703,141.5416717529297,1425577
2012-08-29,88.21015930175781,143.5833282470703,144.1666717529297,141.5833282470703,144.1666717529297,1544942
2012-08-30,87.77501678466797,142.875,144.375,141.0833282470703,142.625,4716608
2012-08-31,86.03434753417969,140.0416717529297,142.0,139.5,141.6666717529297,2548046
2012-09-03,86.4183578491211,140.6666717529297,142.6666717529297,139.6666717529297,140.2083282470703,1466667
2012-09-04,87.21184539794922,141.9583282470703,142.3333282470703,138.125,139.5833282470703,3008527
2012-09-05,86.29032135009766,140.4583282470703,141.3333282470703,139.0833282470703,140.8333282470703,1990410
2012-09-06,88.06185150146484,142.9166717529297,143.9166717529297,138.3333282470703,139.6666717529297,2656502
2012-09-07,88.44695281982422,143.5416717529297,145.1666717529297,143.1666717529297,143.4583282470703,2222132
2012-09-10,88.31856536865234,143.3333282470703,144.0,142.4166717529297,142.625,999045
2012-09-11,89.52528381347656,145.2916717529297,145.5833282470703,142.2083282470703,142.2083282470703,1182187
2012-09-12,87.6253890991211,142.2083282470703,146.25,141.3333282470703,145.8333282470703,1961301
2012-09-13,87.88212585449219,142.625,143.6666717529297,141.6666717529297,142.5,885174
2012-09-14,86.4186782836914,140.25,144.875,139.2083282470703,144.5833282470703,3955598
2012-09-17,86.77813720703125,140.8333282470703,141.9583282470703,140.1666717529297,141.25,4568103
2012-09-18,85.41741943359375,138.625,142.25,137.5,140.8333282470703,6454300
2012-09-20,84.2620849609375,136.75,140.0416717529297,136.125,138.8333282470703,4992526
2012-09-21,86.64976501464844,140.625,141.2083282470703,136.6666717529297,136.8333282470703,5585490
2012-09-24,85.46876525878906,138.7083282470703,142.4166717529297,138.1666717529297,140.8333282470703,6174492
2012-09-25,84.69853210449219,137.4583282470703,141.0,136.75,140.5416717529297,5490320
2012-09-26,84.7242202758789,137.5,138.25,136.9166717529297,138.0833282470703,2600833
2012-09-27,84.39045715332031,136.9583282470703,138.25,135.625,137.4166717529297,4061846
2012-09-28,86.31600189208984,140.0833282470703,140.5416717529297,137.1666717529297,137.5,4339984
2012-10-01,87.36863708496094,141.7916717529297,142.4166717529297,139.5,140.0,2144904
2012-10-03,87.3172836303711,141.7083282470703,142.9166717529297,140.8333282470703,141.6666717529297,3038714
2012-10-04,87.72808074951172,142.375,144.0833282470703,141.7083282470703,142.4583282470703,1628727
2012-10-05,87.83079528808594,142.5416717529297,143.125,142.5,142.6666717529297,5077770
2012-10-08,88.08751678466797,142.9583282470703,145.0833282470703,141.7083282470703,141.9583282470703,3971575
2012-10-09,87.18891143798828,141.5,144.4583282470703,140.5416717529297,143.3333282470703,4318512
2012-10-10,85.49444580078125,138.75,140.9166717529297,137.9166717529297,140.75,3494575
2012-10-11,86.18763732910156,139.875,140.3333282470703,138.4166717529297,139.7916717529297,3171740
2012-10-12,86.72679901123047,140.75,141.875,133.5,139.7916717529297,3493448
2012-10-15,86.3416976928711,140.125,140.5833282470703,138.875,140.0833282470703,1736847
2012-10-16,86.11062622070312,139.75,141.625,139.0,141.4583282470703,2685001
2012-10-17,86.80378723144531,140.875,141.2083282470703,139.0,140.375,2057521
2012-10-18,86.62409210205078,140.5833282470703,141.3333282470703,139.2916717529297,141.0416717529297,2597175
2012-10-19,85.39171600341797,138.5833282470703,140.4166717529297,138.375,140.0,2697148
2012-10-22,86.85514068603516,140.9583282470703,141.5,137.7083282470703,138.75,7669023
2012-10-23,86.77813720703125,140.8333282470703,141.7083282470703,140.5416717529297,140.8333282470703,3873270
2012-10-25,86.93218994140625,141.0833282470703,142.875,140.0,140.0,6127437
2012-10-29,86.13629150390625,139.7916717529297,141.625,139.0416717529297,141.125,6255356
2012-10-30,85.31472778320312,138.4583282470703,140.7083282470703,138.1666717529297,139.1666717529297,1727032
2012-10-31,84.90393829345703,137.7916717529297,139.25,137.5,138.4583282470703,1363566
2012-11-01,84.95527648925781,137.875,138.625,137.1666717529297,137.5,2032327
2012-11-02,86.3416976928711,140.125,140.625,138.4166717529297,138.4166717529297,2905269
2012-11-05,85.98226165771484,139.5416717529297,140.4583282470703,138.4583282470703,139.9166717529297,766225
2012-11-06,86.5984115600586,140.5416717529297,141.0416717529297,138.9583282470703,139.3333282470703,4041392
2012-11-07,86.93218994140625,141.0833282470703,142.0,139.625,140.5416717529297,1919007
2012-11-08,87.29163360595703,141.6666717529297,142.375,139.7083282470703,140.4166717529297,1124715
2012-11-09,85.59713745117188,138.9166717529297,142.0,138.4166717529297,141.8333282470703,996217
2012-11-12,86.0079116821289,139.5833282470703,140.2083282470703,139.0833282470703,139.1666717529297,492702
2012-11-15,85.6998291015625,139.0833282470703,140.1666717529297,137.7916717529297,140.0,3604822
2012-11-16,85.44308471679688,138.6666717529297,140.25,138.1666717529297,138.4166717529297,1615603
2012-11-19,86.44438934326172,140.2916717529297,140.6666717529297,138.6666717529297,138.75,1715472
2012-11-20,86.44438934326172,140.2916717529297,141.1666717529297,139.5833282470703,140.5,1722382
2012-11-21,83.18378448486328,135.0,140.375,134.5,140.1666717529297,1422200
2012-11-22,84.15939331054688,136.5833282470703,137.5416717529297,134.6666717529297,135.2083282470703,2491532
2012-11-23,81.8487319946289,132.8333282470703,139.0833282470703,131.9166717529297,137.875,5589343
2012-11-26,81.8744125366211,132.875,134.0,130.875,133.5833282470703,1546052
2012-11-27,81.41226959228516,132.125,133.9166717529297,131.7083282470703,133.7083282470703,2755759
2012-11-29,82.46491241455078,133.8333282470703,134.5833282470703,131.0416717529297,132.7083282470703,5650854
2012-11-30,83.38917541503906,135.3333282470703,135.8333282470703,133.1666717529297,134.5,2863034
2012-12-03,82.38787841796875,133.7083282470703,135.3333282470703,132.6666717529297,135.3333282470703,1932320
2012-12-04,81.4379653930664,132.1666717529297,134.25,131.7083282470703,132.9583282470703,4846658
2012-12-05,81.48930358886719,132.25,133.5833282470703,131.875,132.5,2524453
2012-12-06,82.7216567993164,134.25,135.1666717529297,130.5,132.8333282470703,3501546
2012-12-07,82.07979583740234,133.2083282470703,135.4166717529297,132.5416717529297,134.5,2357289
2012-12-10,80.56502532958984,130.75,133.3333282470703,130.0,133.3333282470703,2455482
2012-12-11,79.17862701416016,128.5,131.9166717529297,124.75,131.5,6035736
2012-12-12,78.66515350341797,127.66666412353516,129.1666717529297,126.58333587646484,128.3333282470703,4750851
2012-12-13,77.33010864257812,125.5,128.0833282470703,124.875,127.75,4176156
2012-12-14,78.45977020263672,127.33333587646484,127.66666412353516,124.45833587646484,125.75,6661347
2012-12-17,79.33267211914062,128.75,129.375,127.0,127.875,3585450
2012-12-18,79.82048797607422,129.5416717529297,130.4166717529297,128.4166717529297,129.125,3748833
2012-12-19,79.46104431152344,128.9583282470703,129.9583282470703,127.79166412353516,129.9166717529297,3176259
2012-12-20,79.10160827636719,128.375,129.4166717529297,127.79166412353516,129.0833282470703,2750454
2012-12-21,78.63949584960938,127.625,128.375,127.125,127.875,2311826
2012-12-24,79.22998046875,128.5833282470703,129.0416717529297,127.16666412353516,127.16666412353516,960300
2012-12-26,79.74346923828125,129.4166717529297,129.7083282470703,128.375,129.1666717529297,1804845
2012-12-27,79.84615325927734,129.5833282470703,130.4166717529297,129.0,129.7916717529297,3842102
2012-12-28,80.43666076660156,130.5416717529297,131.625,129.5833282470703,129.5833282470703,2341050
2012-12-31,80.33393859863281,130.375,131.0416717529297,130.0,130.4583282470703,1004433
2013-01-01,79.84615325927734,129.5833282470703,131.4583282470703,129.0,130.75,3199340
2013-01-02,80.87310791015625,131.25,131.6666717529297,130.2083282470703,130.25,1543059
2013-01-03,80.89878845214844,131.2916717529297,132.8333282470703,130.6666717529297,131.4583282470703,2398482
2013-01-04,81.59198760986328,132.4166717529297,132.8333282470703,131.3333282470703,131.625,1718414
2013-01-07,80.92445373535156,131.3333282470703,132.7083282470703,130.625,132.5,1578249
2013-01-08,80.8474349975586,131.2083282470703,131.6666717529297,130.4166717529297,131.25,3392466
2013-01-09,79.9488525390625,129.75,132.7083282470703,129.3333282470703,131.3333282470703,2654666
2013-01-10,78.9732437133789,128.1666717529297,130.7083282470703,127.79166412353516,130.2916717529297,2174938
2013-01-11,78.40841674804688,127.25,129.2916717529297,126.91666412353516,128.3333282470703,2170936
2013-01-14,79.10160827636719,128.375,128.7083282470703,127.33333587646484,127.5,3964070
2013-01-15,79.92317199707031,129.7083282470703,130.4166717529297,127.58333587646484,128.4583282470703,3461724
2013-01-16,80.20559692382812,130.1666717529297,130.625,129.4583282470703,129.9583282470703,4860046
2013-01-17,80.66773223876953,130.9166717529297,131.0833282470703,129.4583282470703,130.125,3404166
2013-01-18,84.46746826171875,137.0833282470703,137.5,130.875,131.0416717529297,6943551
2013-01-21,82.97838592529297,134.6666717529297,139.5833282470703,133.9166717529297,137.1666717529297,5915312
2013-01-22,84.39045715332031,136.9583282470703,137.9166717529297,135.9166717529297,136.2916717529297,7570783
2013-01-23,83.49188232421875,135.5,137.9583282470703,134.2916717529297,137.5,3527212
2013-01-24,82.3365249633789,133.625,135.5416717529297,133.125,134.7916717529297,6844473
2013-01-25,81.82307434082031,132.7916717529297,135.0,132.5,133.75,3140762
2013-01-28,80.95014953613281,131.375,133.7083282470703,130.1666717529297,132.5416717529297,2397241
2013-01-29,80.77042388916016,131.0833282470703,132.0833282470703,130.7083282470703,131.5,2255316
2013-01-30,80.00017547607422,129.8333282470703,131.625,129.1666717529297,131.5833282470703,2663178
2013-01-31,80.66773223876953,130.9166717529297,131.8333282470703,129.0,129.3333282470703,4363621
2013-02-01,80.59070587158203,130.7916717529297,132.1666717529297,130.0,131.25,4770735
2013-02-04,79.87181854248047,129.625,131.625,129.1666717529297,130.4583282470703,2970045
2013-02-05,79.82048797607422,129.5416717529297,131.4166717529297,128.3333282470703,128.4583282470703,4846429
2013-02-06,77.94628143310547,126.5,129.125,125.29166412353516,129.125,8673577
2013-02-07,76.0207290649414,123.375,125.70833587646484,122.95833587646484,124.25,38729497
2013-02-08,76.0207290649414,123.375,125.625,122.08333587646484,122.5,63758158
2013-02-11,75.81534576416016,123.04166412353516,124.29166412353516,122.58333587646484,124.125,11176224
2013-02-12,75.68696594238281,122.83333587646484,123.70833587646484,122.41666412353516,123.25,10261694
2013-02-13,76.12342071533203,123.54166412353516,124.29166412353516,122.83333587646484,123.16666412353516,7550848
2013-02-14,76.6625747680664,124.41666412353516,125.375,123.5,124.16666412353516,8997776
2013-02-15,76.99634552001953,124.95833587646484,126.16666412353516,124.125,124.16666412353516,8293090
2013-02-18,77.58684539794922,125.91666412353516,126.16666412353516,125.0,125.0,5849097
2013-02-19,78.81918334960938,127.91666412353516,128.0833282470703,125.95833587646484,126.04166412353516,7641879
2013-02-20,78.2543716430664,127.0,128.5416717529297,126.45833587646484,128.5416717529297,7359352
2013-02-21,78.0489730834961,126.66666412353516,127.29166412353516,126.33333587646484,126.875,9864001
2013-02-22,77.8178939819336,126.29166412353516,127.0,124.66666412353516,126.58333587646484,6687661
2013-02-25,76.94499206542969,124.875,127.45833587646484,124.33333587646484,126.66666412353516,6820570
2013-02-26,77.53549194335938,125.83333587646484,126.75,123.75,124.16666412353516,15489027
2013-02-27,78.99891662597656,128.2083282470703,128.75,125.58333587646484,126.66666412353516,17892289
2013-02-28,77.48414611816406,125.75,130.1666717529297,124.91666412353516,128.5833282470703,52061134
2013-03-01,79.0112075805664,125.04166412353516,125.58333587646484,122.5,124.125,13675105
2013-03-04,78.64261627197266,124.45833587646484,125.375,123.125,124.91666412353516,7401386
2013-03-05,78.74790954589844,124.625,125.16666412353516,123.08333587646484,125.0,9228073
2013-03-06,78.16868591308594,123.70833587646484,125.75,123.41666412353516,124.95833587646484,4036280
2013-03-07,78.01072692871094,123.45833587646484,124.375,123.125,123.41666412353516,2665459
2013-03-08,78.48461151123047,124.20833587646484,125.41666412353516,120.875,124.16666412353516,10352704
2013-03-11,78.77422332763672,124.66666412353516,125.04166412353516,123.75,124.375,4646602
2013-03-12,77.82640838623047,123.16666412353516,125.625,122.75,124.66666412353516,8030983
2013-03-13,77.29986572265625,122.33333587646484,123.16666412353516,121.5,122.91666412353516,5181219
2013-03-14,77.326171875,122.375,123.0,121.91666412353516,122.45833587646484,5177648
2013-03-15,76.85227966308594,121.625,123.54166412353516,121.25,122.66666412353516,7339272
2013-03-18,76.79961395263672,121.54166412353516,121.75,120.04166412353516,120.83333587646484,4130010
2013-03-19,75.98343658447266,120.25,122.58333587646484,119.79166412353516,121.66666412353516,6481281
2013-03-20,73.37693786621094,116.125,120.45833587646484,115.875,120.45833587646484,7130020
2013-03-21,72.63975524902344,114.95833587646484,117.5,113.45833587646484,116.125,11669824
2013-03-22,73.3506088256836,116.08333587646484,118.625,114.66666412353516,114.79166412353516,8164497
2013-03-25,75.00927734375,118.70833587646484,120.66666412353516,117.0,117.41666412353516,17176969
2013-03-26,75.14093780517578,118.91666412353516,119.5,117.5,117.5,9908035
2013-03-28,74.74600219726562,118.29166412353516,118.79166412353516,117.08333587646484,118.375,12897687
2013-04-01,75.56217193603516,119.58333587646484,120.75,118.375,118.375,6271503
2013-04-02,75.87814331054688,120.08333587646484,120.70833587646484,119.16666412353516,119.33333587646484,6370066
2013-04-03,76.56266784667969,121.16666412353516,122.45833587646484,119.625,120.375,9689164
2013-04-04,76.2467269897461,120.66666412353516,122.08333587646484,120.16666412353516,120.83333587646484,4413603
2013-04-05,74.24577331542969,117.5,120.41666412353516,116.08333587646484,120.41666412353516,8237944
2013-04-08,74.16678619384766,117.375,118.625,116.66666412353516,116.70833587646484,4069069
2013-04-09,74.53538513183594,117.95833587646484,119.375,117.29166412353516,118.0,10948111
2013-04-10,75.19359588623047,119.0,119.33333587646484,116.79166412353516,117.16666412353516,5051772
2013-04-11,73.8508529663086,116.875,118.75,116.25,118.33333587646484,5210389
2013-04-12,74.03514862060547,117.16666412353516,117.91666412353516,116.16666412353516,116.66666412353516,3156195
2013-04-15,74.21944427490234,117.45833587646484,117.79166412353516,116.0,116.66666412353516,1725936
2013-04-16,75.79914855957031,119.95833587646484,120.75,116.79166412353516,116.79166412353516,7185793
2013-04-17,75.90444946289062,120.125,121.70833587646484,119.75,120.0,5234630
2013-04-18,76.79961395263672,121.54166412353516,122.04166412353516,120.20833587646484,120.66666412353516,3661954
2013-04-22,78.43195343017578,124.125,124.58333587646484,120.875,120.875,5182513
2013-04-23,78.48461151123047,124.20833587646484,124.75,123.375,124.16666412353516,6070285
2013-04-25,81.74935150146484,129.375,129.9166717529297,123.79166412353516,123.79166412353516,22359763
2013-04-26,81.56502532958984,129.0833282470703,131.4166717529297,127.79166412353516,129.1666717529297,9053696
2013-04-29,82.1442642211914,130.0,130.8333282470703,129.1666717529297,129.1666717529297,5796454
2013-04-30,82.8551025390625,131.125,131.6666717529297,129.7083282470703,130.7916717529297,6730076
2013-05-02,84.38217163085938,133.5416717529297,134.1666717529297,130.4166717529297,130.4166717529297,11285049
2013-05-03,83.8819351196289,132.75,135.75,132.4166717529297,133.0,12211286
2013-05-06,82.77613067626953,131.0,134.1666717529297,130.25,132.2916717529297,7553244
2013-05-07,83.11841583251953,131.5416717529297,133.75,130.1666717529297,132.4166717529297,8094973
2013-05-08,82.30223846435547,130.25,132.0833282470703,129.5416717529297,131.5416717529297,3415879
2013-05-09,82.30223846435547,130.25,131.5833282470703,129.1666717529297,130.0,2189985
2013-05-10,81.61769104003906,129.1666717529297,133.3333282470703,127.75,130.4166717529297,9048691
2013-05-13,81.01213836669922,128.2083282470703,129.9583282470703,127.33333587646484,128.3333282470703,4008868
2013-05-14,81.06478881835938,128.2916717529297,129.1666717529297,127.375,128.4166717529297,6171589
2013-05-15,82.82879638671875,131.0833282470703,131.6666717529297,128.4583282470703,128.5,8046690
2013-05-16,82.38121032714844,130.375,132.5,129.875,131.0833282470703,6904082
2013-05-17,84.19786834716797,133.25,134.1666717529297,130.0833282470703,130.0833282470703,8793200
2013-05-20,84.01354217529297,132.9583282470703,134.125,132.125,133.4583282470703,7932806
2013-05-21,80.19596862792969,126.91666412353516,132.9583282470703,126.16666412353516,132.5416717529297,5568141
2013-05-22,81.48604583740234,128.9583282470703,129.9166717529297,126.75,127.5,3607292
2013-05-23,78.19500732421875,123.75,129.1666717529297,123.29166412353516,127.79166412353516,6475280
2013-05-24,78.98484802246094,125.0,126.125,124.25,125.83333587646484,4042612
2013-05-27,80.19596862792969,126.91666412353516,127.41666412353516,125.41666412353516,125.79166412353516,5049696
2013-05-28,81.67035675048828,129.25,130.1666717529297,126.70833587646484,126.70833587646484,6506010
2013-05-29,81.09113311767578,128.3333282470703,129.2083282470703,127.33333587646484,128.5416717529297,6831055
2013-05-30,82.46018981933594,130.5,131.2083282470703,127.08333587646484,127.08333587646484,7456255
2013-05-31,81.1964340209961,128.5,130.9166717529297,127.20833587646484,130.4166717529297,6589592
2013-06-03,80.14330291748047,126.83333587646484,128.375,125.70833587646484,128.3333282470703,3084902
2013-06-04,81.11743927001953,128.375,129.6666717529297,126.875,126.91666412353516,3852181
2013-06-05,81.06478881835938,128.2916717529297,129.5,127.58333587646484,127.58333587646484,3213481
2013-06-06,79.37979125976562,125.625,127.66666412353516,125.33333587646484,127.20833587646484,2024972
2013-06-07,77.82640838623047,123.16666412353516,127.25,121.66666412353516,126.66666412353516,2976812
2013-06-10,79.0112075805664,125.04166412353516,126.66666412353516,123.375,123.375,4559923
2013-06-11,79.09017944335938,125.16666412353516,127.0,124.33333587646484,124.33333587646484,7900899
2013-06-12,79.59042358398438,125.95833587646484,126.75,123.83333587646484,126.20833587646484,4622372
2013-06-13,78.8268814086914,124.75,125.58333587646484,123.33333587646484,123.875,3067269
2013-06-14,80.03800201416016,126.66666412353516,126.91666412353516,124.58333587646484,125.91666412353516,3247035
2013-06-17,79.3271255493164,125.54166412353516,126.58333587646484,124.41666412353516,126.125,3494604
2013-06-18,77.29986572265625,122.33333587646484,125.41666412353516,122.125,124.91666412353516,2014850
2013-06-19,76.35205078125,120.83333587646484,122.33333587646484,119.79166412353516,122.33333587646484,3829286
2013-06-20,73.82450866699219,116.83333587646484,119.91666412353516,115.83333587646484,119.91666412353516,6945070
2013-06-21,75.29889678955078,119.16666412353516,120.0,115.0,116.83333587646484,4564035
2013-06-24,74.7723388671875,118.33333587646484,121.375,117.16666412353516,118.33333587646484,5461852
2013-06-25,72.69242095947266,115.04166412353516,120.20833587646484,114.45833587646484,118.0,3104718
2013-06-26,74.40373992919922,117.75,118.25,115.875,116.16666412353516,4420333
2013-06-27,73.87716674804688,116.91666412353516,119.125,115.41666412353516,118.875,7682696
2013-06-28,75.69381713867188,119.79166412353516,120.5,116.29166412353516,116.95833587646484,6238158
2013-07-01,78.01072692871094,123.45833587646484,123.875,119.79166412353516,120.33333587646484,4106786
2013-07-02,76.66798400878906,121.33333587646484,123.58333587646484,120.875,123.25,2199507
2013-07-03,75.90444946289062,120.125,121.54166412353516,119.75,120.375,2415169
2013-07-04,75.85179138183594,120.04166412353516,122.41666412353516,119.375,121.625,5206243
2013-07-05,75.64120483398438,119.70833587646484,121.29166412353516,119.0,120.91666412353516,1406809
2013-07-08,73.92982482910156,117.0,119.58333587646484,115.79166412353516,119.29166412353516,3593552
2013-07-09,74.93031311035156,118.58333587646484,119.45833587646484,117.16666412353516,118.70833587646484,3879142
2013-07-10,74.2984390258789,117.58333587646484,119.83333587646484,116.95833587646484,119.58333587646484,2820000
2013-07-11,75.74649047851562,119.875,121.45833587646484,119.04166412353516,119.79166412353516,3935263
2013-07-12,76.93126678466797,121.75,122.25,118.16666412353516,120.08333587646484,3788784
2013-07-15,74.9566421508789,118.625,122.5,118.20833587646484,121.66666412353516,3253920
2013-07-16,75.40421295166016,119.33333587646484,120.08333587646484,117.79166412353516,118.33333587646484,2046444
2013-07-17,77.69477081298828,122.95833587646484,124.16666412353516,120.04166412353516,120.54166412353516,6237286
2013-07-18,77.14189910888672,122.08333587646484,123.625,120.66666412353516,123.16666412353516,3095780
2013-07-19,75.66748046875,119.75,122.91666412353516,119.04166412353516,122.54166412353516,2725862
2013-07-22,75.32522583007812,119.20833587646484,120.375,118.20833587646484,119.75,3454150
2013-07-23,75.4568862915039,119.41666412353516,120.58333587646484,118.875,120.20833587646484,2947651
2013-07-24,74.35108947753906,117.66666412353516,120.41666412353516,116.66666412353516,118.54166412353516,3835554
2013-07-25,73.8508529663086,116.875,118.45833587646484,115.91666412353516,118.33333587646484,5287524
2013-07-26,74.2720947265625,117.54166412353516,118.70833587646484,115.66666412353516,118.33333587646484,2027745
2013-07-29,74.7723388671875,118.33333587646484,119.08333587646484,117.91666412353516,118.29166412353516,4503955
2013-07-30,72.50811004638672,114.75,118.375,113.75,118.0,2955787
2013-07-31,68.82213592529297,108.91666412353516,114.04166412353516,106.41666412353516,113.375,11718688
2013-08-01,69.26972198486328,109.625,112.83333587646484,107.5,110.0,5328572
2013-08-02,68.37456512451172,108.20833587646484,112.79166412353516,105.45833587646484,111.91666412353516,12243422
2013-08-05,71.21800231933594,112.70833587646484,113.70833587646484,108.5,108.5,4082802
2013-08-06,71.00740051269531,112.375,114.16666412353516,111.41666412353516,112.08333587646484,5535063
2013-08-07,71.82357788085938,113.66666412353516,116.16666412353516,110.58333587646484,112.41666412353516,3382635
2013-08-08,72.1921615600586,114.25,115.58333587646484,111.875,112.54166412353516,8062657
2013-08-12,72.85037994384766,115.29166412353516,116.625,112.125,113.95833587646484,3215958
2013-08-13,75.69381713867188,119.79166412353516,120.375,113.66666412353516,113.70833587646484,7877853
2013-08-14,75.98343658447266,120.25,121.54166412353516,118.79166412353516,119.95833587646484,5916610
2013-08-16,73.53490447998047,116.375,120.41666412353516,115.0,119.66666412353516,7385864
2013-08-19,72.00786590576172,113.95833587646484,116.66666412353516,112.16666412353516,116.16666412353516,7231168
2013-08-20,71.6919174194336,113.45833587646484,114.91666412353516,111.625,113.25,4212328
2013-08-21,68.79580688476562,108.875,114.16666412353516,107.5,113.54166412353516,8885953
2013-08-22,69.05908203125,109.29166412353516,110.58333587646484,105.08333587646484,108.625,6463108
2013-08-23,67.95330810546875,107.54166412353516,110.41666412353516,106.33333587646484,110.04166412353516,6045550
2013-08-26,69.71731567382812,110.33333587646484,111.25,108.33333587646484,108.5,5208382
2013-08-27,65.53111267089844,103.70833587646484,110.66666412353516,102.83333587646484,110.66666412353516,6612222
2013-08-28,66.5052490234375,105.25,106.25,102.16666412353516,102.91666412353516,6510321
2013-08-29,68.87479400634766,109.0,109.875,104.16666412353516,105.75,7207062
2013-08-30,68.92745208740234,109.08333587646484,109.95833587646484,106.25,108.16666412353516,4771605
2013-09-02,68.82213592529297,108.91666412353516,109.20833587646484,106.45833587646484,109.16666412353516,3644349
2013-09-03,67.42675018310547,106.70833587646484,109.625,104.70833587646484,108.58333587646484,4505785
2013-09-04,68.45355224609375,108.33333587646484,108.91666412353516,104.16666412353516,106.16666412353516,5532195
2013-09-05,69.7637939453125,108.70833587646484,110.83333587646484,107.45833587646484,110.41666412353516,14049868
2013-09-06,71.82273864746094,111.91666412353516,112.41666412353516,107.08333587646484,109.0,6917160
2013-09-10,74.12236022949219,115.5,116.25,112.5,112.5,6076485
2013-09-11,73.5875473022461,114.66666412353516,117.45833587646484,112.75,116.25,6099210
2013-09-12,74.57693481445312,116.20833587646484,117.41666412353516,114.33333587646484,114.33333587646484,3425737
2013-09-13,75.4593505859375,117.58333587646484,117.91666412353516,115.0,115.33333587646484,4770879
2013-09-16,76.44872283935547,119.125,121.25,117.83333587646484,119.0,3363045
2013-09-17,74.95127868652344,116.79166412353516,120.29166412353516,115.41666412353516,119.58333587646484,3253344
2013-09-18,77.49156188964844,120.75,121.58333587646484,116.25,117.0,3385705
2013-09-19,78.66810607910156,122.58333587646484,126.33333587646484,121.41666412353516,123.41666412353516,6172186
2013-09-20,79.30985260009766,123.58333587646484,125.0,120.54166412353516,122.5,7444515
2013-09-23,76.3685073852539,119.0,123.83333587646484,117.83333587646484,121.66666412353516,3949818
2013-09-24,77.78568267822266,121.20833587646484,121.83333587646484,117.54166412353516,117.54166412353516,5242308
2013-09-25,79.68421173095703,124.16666412353516,124.83333587646484,120.25,121.20833587646484,6482338
2013-09-26,80.05855560302734,124.75,125.0,121.79166412353516,123.75,5339222
2013-09-27,79.1226577758789,123.29166412353516,125.0,122.20833587646484,125.0,3507892
2013-09-30,78.85527038574219,122.875,124.79166412353516,119.75,122.375,3204026
2013-10-01,76.9300308227539,119.875,123.66666412353516,119.58333587646484,123.08333587646484,2797074
2013-10-03,76.9567642211914,119.91666412353516,121.875,119.54166412353516,121.25,3279723
2013-10-04,76.26152801513672,118.83333587646484,120.91666412353516,118.5,119.16666412353516,3612411
2013-10-07,76.0743408203125,118.54166412353516,118.91666412353516,116.875,118.75,3224995
2013-10-08,77.19741821289062,120.29166412353516,120.70833587646484,117.58333587646484,119.25,3346064
2013-10-09,77.62525177001953,120.95833587646484,121.83333587646484,118.33333587646484,119.70833587646484,4318908
2013-10-10,79.0959243774414,123.25,123.70833587646484,120.83333587646484,121.04166412353516,2296868
2013-10-11,77.03695678710938,120.04166412353516,124.16666412353516,119.75,124.16666412353516,2701158
2013-10-14,76.82308197021484,119.70833587646484,120.125,118.41666412353516,119.83333587646484,3127916
2013-10-15,77.5985107421875,120.91666412353516,122.41666412353516,119.45833587646484,120.0,2091946
2013-10-17,76.76958465576172,119.625,122.41666412353516,119.16666412353516,120.41666412353516,2833284
2013-10-18,77.99959564208984,121.54166412353516,122.75,119.79166412353516,119.83333587646484,3187678
2013-10-21,78.96223449707031,123.04166412353516,123.33333587646484,120.5,120.83333587646484,1621572
2013-10-22,79.55052185058594,123.95833587646484,124.58333587646484,121.875,121.875,2660610
2013-10-23,77.73221588134766,121.125,124.79166412353516,119.33333587646484,124.16666412353516,3086637
2013-10-24,76.63587951660156,119.41666412353516,122.79166412353516,118.41666412353516,121.08333587646484,3471686
2013-10-25,77.65199279785156,121.0,122.83333587646484,118.83333587646484,120.0,2065893
2013-10-28,77.03695678710938,120.04166412353516,122.20833587646484,119.79166412353516,120.83333587646484,1760308
2013-10-29,78.1065673828125,121.70833587646484,122.04166412353516,119.20833587646484,120.0,3765444
2013-10-30,78.7483139038086,122.70833587646484,123.91666412353516,120.58333587646484,122.08333587646484,4905508
2013-10-31,79.73770904541016,124.25,124.95833587646484,121.29166412353516,122.5,6810687
2013-11-01,78.21351623535156,121.875,124.25,121.45833587646484,122.91666412353516,3012600
2013-11-05,78.7483139038086,122.70833587646484,123.41666412353516,120.66666412353516,121.29166412353516,3613442
2013-11-06,81.60944366455078,127.16666412353516,127.79166412353516,121.875,122.33333587646484,8141023
2013-11-07,81.6629409790039,127.25,129.5,126.5,128.8333282470703,6367130
2013-11-08,81.58271026611328,127.125,128.2083282470703,125.25,126.5,2839766
2013-11-11,80.37943267822266,125.25,126.66666412353516,122.16666412353516,126.25,3062167
2013-11-12,79.76441955566406,124.29166412353516,126.83333587646484,123.58333587646484,125.0,4151676
2013-11-13,79.95161437988281,124.58333587646484,126.25,122.625,123.5,5285791
2013-11-14,81.71642303466797,127.33333587646484,128.9166717529297,124.66666412353516,124.75,6291426
2013-11-18,83.45451354980469,130.0416717529297,130.7083282470703,127.75,127.91666412353516,5252539
2013-11-19,82.9197006225586,129.2083282470703,130.4166717529297,128.8333282470703,130.0,2224850
2013-11-20,82.70580291748047,128.875,131.25,127.95833587646484,128.3333282470703,4429058
2013-11-21,80.32595825195312,125.16666412353516,128.625,124.29166412353516,128.5416717529297,2906565
2013-11-22,80.673583984375,125.70833587646484,126.58333587646484,124.54166412353516,125.5,1809681
2013-11-25,80.29922485351562,125.125,126.66666412353516,124.33333587646484,125.83333587646484,3740748
2013-11-26,79.55052185058594,123.95833587646484,125.70833587646484,123.20833587646484,125.0,3962067
2013-11-27,78.40070343017578,122.16666412353516,124.16666412353516,121.91666412353516,123.41666412353516,3264091
2013-11-28,79.0959243774414,123.25,124.5,122.25,122.5,4352876
2013-11-29,78.7483139038086,122.70833587646484,126.16666412353516,122.29166412353516,122.70833587646484,3303144
2013-12-02,78.641357421875,122.54166412353516,124.16666412353516,121.58333587646484,122.625,2954820
2013-12-03,77.91940307617188,121.41666412353516,122.375,120.54166412353516,122.125,3767403
2013-12-04,77.73221588134766,121.125,122.33333587646484,120.16666412353516,121.33333587646484,7639952
2013-12-05,76.9300308227539,119.875,123.08333587646484,119.16666412353516,123.08333587646484,4989733
2013-12-06,79.657470703125,124.125,124.83333587646484,119.91666412353516,120.0,6979000
2013-12-09,82.06402587890625,127.875,129.2083282470703,125.70833587646484,127.58333587646484,8053626
2013-12-10,72.75862121582031,113.375,121.5,112.5,120.875,70340673
2013-12-11,74.46997833251953,116.04166412353516,116.95833587646484,114.70833587646484,115.83333587646484,17877327
2013-12-12,74.68389892578125,116.375,116.70833587646484,115.29166412353516,116.125,4172881
2013-12-13,73.4271240234375,114.41666412353516,116.08333587646484,113.875,116.08333587646484,4479121
2013-12-16,73.77474212646484,114.95833587646484,115.54166412353516,113.95833587646484,115.54166412353516,4046638
2013-12-17,72.17035675048828,112.45833587646484,115.04166412353516,112.125,114.33333587646484,7933232
2013-12-18,72.43775939941406,112.875,113.33333587646484,112.0,112.45833587646484,3735968
2013-12-19,72.19709777832031,112.5,113.375,111.375,112.91666412353516,5380558
2013-12-20,72.70516967773438,113.29166412353516,113.41666412353516,111.66666412353516,112.54166412353516,6570934
2013-12-23,73.15973663330078,114.0,114.91666412353516,112.5,113.04166412353516,6055507
2013-12-24,73.69452667236328,114.83333587646484,115.5,114.04166412353516,114.16666412353516,4551934
2013-12-26,73.3469009399414,114.29166412353516,116.58333587646484,113.625,114.5,13055290
2013-12-27,73.40038299560547,114.375,115.08333587646484,114.20833587646484,114.83333587646484,1860684
2013-12-30,72.75862121582031,113.375,115.0,113.25,114.45833587646484,1614116
2013-12-31,73.26669311523438,114.16666412353516,114.33333587646484,113.33333587646484,113.79166412353516,2409212
2014-01-01,73.90843963623047,115.16666412353516,115.54166412353516,113.83333587646484,114.58333587646484,1455872
2014-01-02,72.14363098144531,112.41666412353516,115.66666412353516,112.20833587646484,115.66666412353516,5717758
2014-01-03,70.45903015136719,109.79166412353516,112.91666412353516,109.58333587646484,112.5,8674634
2014-01-06,70.67293548583984,110.125,110.83333587646484,108.625,110.66666412353516,3642922
2014-01-07,69.44291687011719,108.20833587646484,110.66666412353516,107.91666412353516,110.125,4134439
2014-01-08,69.2824935913086,107.95833587646484,110.75,107.58333587646484,108.875,7126702
2014-01-09,71.47512817382812,111.375,111.66666412353516,107.91666412353516,108.16666412353516,8778927
2014-01-10,70.2718505859375,109.5,111.58333587646484,109.16666412353516,111.45833587646484,2977110
2014-01-13,70.99381256103516,110.625,111.16666412353516,108.66666412353516,108.75,2740131
2014-01-14,70.19161224365234,109.375,110.41666412353516,109.0,109.75,3258642
2014-01-15,70.72640991210938,110.20833587646484,110.70833587646484,109.54166412353516,110.20833587646484,6699776
2014-01-16,71.2077407836914,110.95833587646484,111.83333587646484,110.45833587646484,110.45833587646484,6285789
2014-01-17,70.37879943847656,109.66666412353516,111.45833587646484,109.29166412353516,111.0,11623734
2014-01-20,70.51250457763672,109.875,111.25,109.58333587646484,110.0,2745912
2014-01-21,69.92422485351562,108.95833587646484,110.83333587646484,108.125,109.66666412353516,10881428
2014-01-22,70.9403305053711,110.54166412353516,111.0,108.75,108.75,5326298
2014-01-23,70.11140441894531,109.25,110.33333587646484,108.95833587646484,109.79166412353516,4757301
2014-01-24,70.3253402709961,109.58333587646484,109.91666412353516,108.875,109.0,3696074
2014-01-27,69.22901153564453,107.875,108.91666412353516,107.58333587646484,108.54166412353516,3239786
2014-01-28,68.720947265625,107.08333587646484,110.0,106.79166412353516,108.16666412353516,4517826
2014-01-29,68.34658813476562,106.5,108.75,106.04166412353516,108.125,4822945
2014-01-30,68.56050872802734,106.83333587646484,108.45833587646484,105.125,105.875,7202320
2014-01-31,69.80254364013672,105.375,105.79166412353516,102.91666412353516,104.75,5243067
2014-02-03,69.55413055419922,105.0,105.25,104.25,105.0,3485053
2014-02-04,71.87261962890625,108.5,108.875,104.5,104.91666412353516,12610135
2014-02-05,73.0870590209961,110.33333587646484,110.58333587646484,105.91666412353516,108.83333587646484,10196260
2014-02-06,73.7494888305664,111.33333587646484,111.75,109.0,110.0,9847101
2014-02-07,75.04671478271484,113.29166412353516,113.41666412353516,110.625,111.41666412353516,14496663
2014-02-10,74.63269805908203,112.66666412353516,113.83333587646484,111.08333587646484,112.625,12770959
2014-02-11,72.94904327392578,110.125,112.25,108.375,112.0,4323632
2014-02-12,72.17620849609375,108.95833587646484,110.41666412353516,108.375,110.16666412353516,7385424
2014-02-13,71.81739807128906,108.41666412353516,109.54166412353516,108.04166412353516,109.33333587646484,8281903
2014-02-14,73.0042495727539,110.20833587646484,110.75,108.04166412353516,109.5,2701371
2014-02-17,73.88746643066406,111.54166412353516,111.875,110.25,110.25,1433607
2014-02-18,73.88746643066406,111.54166412353516,112.125,110.83333587646484,111.33333587646484,2029621
2014-02-19,73.05943298339844,110.29166412353516,112.0,110.04166412353516,112.0,1336074
2014-02-20,72.36941528320312,109.25,110.5,108.83333587646484,110.0,2206638
2014-02-21,73.11463165283203,110.375,111.66666412353516,108.91666412353516,109.625,2003629
2014-02-24,64.53077697753906,97.41666412353516,107.16666412353516,96.95833587646484,107.08333587646484,36210670
2014-02-25,63.951171875,96.54166412353516,99.0,94.875,97.875,19414470
2014-02-26,63.730342864990234,96.20833587646484,97.29166412353516,95.33333587646484,96.70833587646484,13113314
2014-02-28,62.046695709228516,93.66666412353516,97.04166412353516,93.33333587646484,96.66666412353516,12666675
2014-03-03,61.38427734375,92.66666412353516,94.45833587646484,92.20833587646484,94.16666412353516,13692330
2014-03-04,62.847129821777344,94.875,95.125,92.33333587646484,92.91666412353516,13353066
2014-03-05,62.95754623413086,95.04166412353516,95.5,93.79166412353516,95.41666412353516,7578528
2014-03-06,64.42039489746094,97.25,97.75,94.5,94.5,9094195
2014-03-07,64.22718048095703,96.95833587646484,97.625,96.54166412353516,96.91666412353516,8511816
2014-03-10,64.58598327636719,97.5,99.45833587646484,95.58333587646484,97.5,11137770
2014-03-11,64.80679321289062,97.83333587646484,98.41666412353516,96.66666412353516,97.5,4559572
2014-03-12,64.66879272460938,97.625,98.25,97.0,97.5,4020171
2014-03-13,64.17198944091797,96.875,98.58333587646484,96.41666412353516,97.54166412353516,5828080
2014-03-14,64.61359405517578,97.54166412353516,97.83333587646484,95.875,96.79166412353516,4629595
2014-03-18,65.08280181884766,98.25,98.83333587646484,96.66666412353516,97.75,5970177
2014-03-19,64.0063705444336,96.625,99.08333587646484,96.08333587646484,98.33333587646484,6197394
2014-03-20,63.89596939086914,96.45833587646484,97.08333587646484,96.04166412353516,96.25,6169582
2014-03-21,62.847129821777344,94.875,97.0,94.625,96.91666412353516,10357064
2014-03-24,62.9023323059082,94.95833587646484,96.04166412353516,94.0,95.66666412353516,10494283
2014-03-25,63.53715515136719,95.91666412353516,96.41666412353516,94.875,95.75,9248385
2014-03-26,63.426734924316406,95.75,97.0,95.41666412353516,96.41666412353516,8384493
2014-03-27,64.4755859375,97.33333587646484,98.16666412353516,96.04166412353516,96.08333587646484,13665529
2014-03-28,66.76644897460938,100.79166412353516,101.66666412353516,97.83333587646484,98.20833587646484,6616512
2014-03-31,66.18683624267578,99.91666412353516,103.20833587646484,98.91666412353516,101.66666412353516,10660725
2014-04-01,67.31845092773438,101.625,102.04166412353516,99.625,100.66666412353516,6046722
2014-04-02,67.84290313720703,102.41666412353516,103.58333587646484,101.41666412353516,101.83333587646484,13108323
2014-04-03,67.8980712890625,102.5,103.45833587646484,101.45833587646484,103.41666412353516,12946982
2014-04-04,66.40763854980469,100.25,102.54166412353516,99.66666412353516,102.54166412353516,5541157
2014-04-07,65.91083526611328,99.5,101.33333587646484,98.83333587646484,100.83333587646484,6490387
2014-04-09,66.54563903808594,100.45833587646484,100.66666412353516,99.20833587646484,100.33333587646484,9281888
2014-04-10,68.28450775146484,103.08333587646484,103.45833587646484,100.5,100.5,10141159
2014-04-11,68.78132629394531,103.83333587646484,104.33333587646484,101.91666412353516,102.5,6236364
2014-04-15,69.22291564941406,104.5,104.91666412353516,102.5,104.16666412353516,5485220
2014-04-16,67.6772689819336,102.16666412353516,104.91666412353516,101.16666412353516,104.16666412353516,5616406
2014-04-17,67.87049865722656,102.45833587646484,102.91666412353516,100.625,102.25,6867484
2014-04-21,68.75373840332031,103.79166412353516,104.0,102.5,102.5,4605685
2014-04-22,68.3396987915039,103.16666412353516,104.125,102.54166412353516,103.83333587646484,3041050
2014-04-23,67.40126037597656,101.75,104.08333587646484,101.5,102.91666412353516,13376614
2014-04-24,67.40126037597656,101.75,101.75,101.75,101.75,0
2014-04-25,65.41399383544922,98.75,102.91666412353516,98.5,102.08333587646484,12876661
2014-04-28,65.11038970947266,98.29166412353516,99.5,98.0,99.0,6154653
2014-04-29,64.94479370117188,98.04166412353516,99.04166412353516,97.91666412353516,98.41666412353516,5773446
2014-04-30,64.22718048095703,96.95833587646484,99.125,96.125,98.33333587646484,9712130
2014-05-02,63.17835235595703,95.375,97.5,95.08333587646484,97.5,3966110
2014-05-05,62.847129821777344,94.875,95.95833587646484,94.58333587646484,95.375,3026912
2014-05-06,63.09553527832031,95.25,96.41666412353516,94.83333587646484,95.25,4540122
2014-05-07,63.89596939086914,96.45833587646484,97.33333587646484,95.0,95.41666412353516,10973022
2014-05-08,63.78555679321289,96.29166412353516,97.25,95.75,96.70833587646484,4068682
2014-05-09,65.2208023071289,98.45833587646484,98.75,96.25,96.25,7282917
2014-05-12,66.84925842285156,100.91666412353516,101.66666412353516,98.54166412353516,98.54166412353516,9694725
2014-05-13,67.78768157958984,102.33333587646484,108.66666412353516,101.91666412353516,103.33333587646484,31052673
2014-05-14,69.27814483642578,104.58333587646484,105.16666412353516,102.66666412353516,103.58333587646484,11972526
2014-05-15,71.37579345703125,107.75,109.45833587646484,104.25,105.29166412353516,27813334
2014-05-16,72.64542388916016,109.66666412353516,115.54166412353516,108.75,110.0,33854530
2014-05-19,80.3736801147461,121.33333587646484,124.0,111.66666412353516,111.66666412353516,37340962
2014-05-20,78.5244140625,118.54166412353516,126.25,117.125,125.16666412353516,27876390
2014-05-21,80.40127563476562,121.375,123.0,119.25,120.25,19178840
2014-05-22,85.12100982666016,128.5,130.6666717529297,122.33333587646484,123.08333587646484,21883489
2014-05-23,88.43311309814453,133.5,135.5,129.25,131.2916717529297,31643096
2014-05-26,86.25263977050781,130.2083282470703,139.6666717529297,125.20833587646484,136.4583282470703,30787939
2014-05-27,85.09341430664062,128.4583282470703,132.5833282470703,124.58333587646484,129.4583282470703,15720531
2014-05-28,83.60298919677734,126.20833587646484,130.6666717529297,125.5,127.58333587646484,16776397
2014-05-29,83.9893798828125,126.79166412353516,129.0833282470703,125.0,126.625,19643784
2014-05-30,88.59870910644531,133.75,136.5,127.41666412353516,127.45833587646484,73948783
2014-06-02,87.90869903564453,132.7083282470703,135.8333282470703,129.5833282470703,135.8333282470703,23162924
2014-06-03,90.64115905761719,136.8333282470703,137.4166717529297,133.25,133.75,17474580
2014-06-04,91.08281707763672,137.5,138.25,134.7916717529297,136.8333282470703,15352701
2014-06-05,90.64115905761719,136.8333282470703,138.625,135.0,137.9166717529297,15279402
2014-06-06,91.35881805419922,137.9166717529297,140.75,135.4166717529297,138.2916717529297,19315740
2014-06-09,91.2760238647461,137.7916717529297,139.5416717529297,136.1666717529297,139.1666717529297,25865088
2014-06-10,90.28236389160156,136.2916717529297,139.0833282470703,134.8333282470703,138.3333282470703,14224449
2014-06-11,87.27388763427734,131.75,136.9166717529297,130.6666717529297,136.6666717529297,14206075
2014-06-12,88.4607162475586,133.5416717529297,134.5,130.875,131.7083282470703,12429926
2014-06-13,84.65180206298828,127.79166412353516,135.0,126.25,134.2916717529297,10967294
2014-06-16,84.40339660644531,127.41666412353516,129.9583282470703,125.04166412353516,129.4166717529297,12481705
2014-06-17,85.5074234008789,129.0833282470703,130.0,125.66666412353516,127.0,10358026
2014-06-18,83.63056945800781,126.25,130.625,125.04166412353516,129.0,8380605
2014-06-19,84.1825942993164,127.08333587646484,128.4166717529297,125.45833587646484,126.91666412353516,5728864
2014-06-20,83.71336364746094,126.375,128.75,125.91666412353516,126.66666412353516,6774481
2014-06-23,84.21016693115234,127.125,127.66666412353516,125.83333587646484,126.33333587646484,4848633
2014-06-24,85.4798355102539,129.0416717529297,130.0833282470703,127.125,127.125,7600201
2014-06-25,86.5838394165039,130.7083282470703,131.375,129.25,129.25,6841432
2014-06-26,84.07218170166016,126.91666412353516,131.375,126.58333587646484,131.0,8401051
2014-06-27,84.0445785522461,126.875,128.625,125.91666412353516,127.375,5560653
2014-06-30,86.22503662109375,130.1666717529297,130.6666717529297,127.45833587646484,127.75,6654506
2014-07-01,85.34182739257812,128.8333282470703,131.25,128.625,130.2916717529297,6297392
2014-07-02,88.1847152709961,133.125,133.4583282470703,129.625,129.9583282470703,7988010
2014-07-03,86.85984802246094,131.125,133.7916717529297,130.4583282470703,133.7083282470703,8342023
2014-07-04,87.52227783203125,132.125,133.0,129.0,131.6666717529297,5265894
2014-07-07,89.06793975830078,134.4583282470703,134.9166717529297,131.6666717529297,132.875,8956964
2014-07-08,84.4586181640625,127.5,134.9583282470703,126.875,134.4166717529297,12156387
2014-07-09,83.16134643554688,125.54166412353516,128.5,124.16666412353516,127.5,9043510
2014-07-10,83.43736267089844,125.95833587646484,129.0833282470703,121.375,125.83333587646484,13559970
2014-07-11,82.63693237304688,124.75,127.25,122.125,125.83333587646484,10351554
2014-07-14,81.5881118774414,123.16666412353516,125.33333587646484,121.375,124.75,11540643
2014-07-15,80.3736801147461,121.33333587646484,125.0,118.83333587646484,124.375,10179867
2014-07-16,80.95327758789062,122.20833587646484,122.70833587646484,119.625,121.70833587646484,7859427
2014-07-17,83.02336120605469,125.33333587646484,125.91666412353516,121.33333587646484,121.41666412353516,9859254
2014-07-18,82.63693237304688,124.75,125.08333587646484,122.66666412353516,124.95833587646484,6878970
2014-07-21,81.69849395751953,123.33333587646484,125.875,123.08333587646484,125.16666412353516,5186373
2014-07-22,82.71975708007812,124.875,125.54166412353516,123.5,123.625,5630430
2014-07-23,82.58173370361328,124.66666412353516,125.29166412353516,122.70833587646484,125.0,6522207
2014-07-24,82.63693237304688,124.75,125.66666412353516,124.0,124.83333587646484,4997533
2014-07-25,82.2229232788086,124.125,125.41666412353516,122.5,124.625,5286123
2014-07-28,82.27813720703125,124.20833587646484,124.66666412353516,122.79166412353516,123.41666412353516,5082846
2014-07-30,82.6921615600586,124.83333587646484,125.33333587646484,123.0,124.16666412353516,9857760
2014-07-31,80.070068359375,120.875,124.83333587646484,120.08333587646484,124.25,15144315
2014-08-01,77.69639587402344,117.29166412353516,119.5,116.70833587646484,119.5,12284623
2014-08-04,77.99999237060547,117.75,118.625,116.83333587646484,117.58333587646484,7652047
2014-08-05,77.66877746582031,117.25,118.125,115.91666412353516,117.79166412353516,6931879
2014-08-06,77.5307846069336,117.04166412353516,118.29166412353516,116.75,117.66666412353516,3887728
2014-08-07,77.75160217285156,117.375,117.79166412353516,116.16666412353516,116.66666412353516,6392932
2014-08-08,76.15074157714844,114.95833587646484,116.66666412353516,114.16666412353516,116.375,7064228
2014-08-11,74.99148559570312,113.20833587646484,116.625,112.54166412353516,116.0,10713357
2014-08-12,77.0063705444336,116.25,117.58333587646484,113.83333587646484,113.83333587646484,9039367
2014-08-13,78.23622131347656,116.625,116.95833587646484,114.33333587646484,114.83333587646484,11213353
2014-08-14,79.4101791381836,118.375,118.70833587646484,115.91666412353516,116.83333587646484,6022137
2014-08-18,79.71766662597656,118.83333587646484,120.08333587646484,117.58333587646484,118.29166412353516,4284195
2014-08-19,80.44438171386719,119.91666412353516,120.33333587646484,118.875,119.25,4693840
2014-08-20,81.22703552246094,121.08333587646484,121.41666412353516,119.375,120.20833587646484,5256523
2014-08-21,79.66175079345703,118.75,121.625,118.33333587646484,121.625,5082678
2014-08-22,79.66175079345703,118.75,119.54166412353516,117.70833587646484,118.83333587646484,2244943
2014-08-25,79.27043151855469,118.16666412353516,119.08333587646484,116.83333587646484,118.58333587646484,3546333
2014-08-26,78.82322692871094,117.5,118.33333587646484,116.08333587646484,118.0,4221902
2014-08-27,77.98466491699219,116.25,117.91666412353516,114.375,117.875,6853485
2014-08-28,76.81070709228516,114.5,116.66666412353516,114.04166412353516,115.83333587646484,9693754
2014-09-01,78.0964584350586,116.41666412353516,117.04166412353516,114.5,115.58333587646484,8027535
2014-09-02,78.37598419189453,116.83333587646484,117.91666412353516,115.66666412353516,116.66666412353516,9808087
2014-09-03,78.0964584350586,116.41666412353516,117.79166412353516,115.625,117.45833587646484,8610758
2014-09-04,79.63380432128906,118.70833587646484,119.16666412353516,115.58333587646484,117.08333587646484,8089474
2014-09-05,79.85741424560547,119.04166412353516,119.58333587646484,117.5,118.5,7229092
2014-09-08,78.51576232910156,117.04166412353516,119.95833587646484,116.75,119.16666412353516,7560633
2014-09-09,78.59960174560547,117.16666412353516,118.0,116.41666412353516,117.16666412353516,5354294
2014-09-10,77.92876434326172,116.16666412353516,117.25,115.66666412353516,116.66666412353516,5533008
2014-09-11,78.26416778564453,116.66666412353516,117.83333587646484,115.75,117.45833587646484,5190961
2014-09-12,77.0063705444336,114.79166412353516,116.79166412353516,114.58333587646484,116.08333587646484,7044129
2014-09-15,75.97216796875,113.25,115.625,113.0,114.41666412353516,7995969
2014-09-16,73.87579345703125,110.125,113.75,109.83333587646484,113.33333587646484,7761553
2014-09-17,74.71434783935547,111.375,111.5,109.75,110.45833587646484,5975778
2014-09-18,76.53119659423828,114.08333587646484,114.375,110.41666412353516,110.41666412353516,5870170
2014-09-19,77.28588104248047,115.20833587646484,115.83333587646484,113.58333587646484,113.95833587646484,14600485
2014-09-22,76.27962493896484,113.70833587646484,114.375,113.41666412353516,114.375,5239893
2014-09-23,76.53119659423828,114.08333587646484,115.16666412353516,113.0,113.75,12491337
2014-09-24,77.14611053466797,115.0,116.33333587646484,113.375,113.375,12957994
2014-09-25,76.27962493896484,113.70833587646484,115.75,112.95833587646484,115.58333587646484,14047449
2014-09-26,77.90081787109375,116.125,116.79166412353516,113.0,113.0,4189016
2014-09-29,77.70516204833984,115.83333587646484,116.66666412353516,114.5,116.58333587646484,7595924
2014-09-30,77.76103973388672,115.91666412353516,116.25,115.0,115.75,7381887
2014-10-01,77.73309326171875,115.875,117.0,115.41666412353516,116.125,5986074
2014-10-07,78.62754821777344,117.20833587646484,117.95833587646484,115.08333587646484,115.58333587646484,6849505
2014-10-08,80.16487884521484,119.5,120.0,117.66666412353516,118.16666412353516,7143752
2014-10-09,79.88536834716797,119.08333587646484,120.54166412353516,118.75,120.16666412353516,6538282
2014-10-10,78.96296691894531,117.70833587646484,118.54166412353516,115.91666412353516,118.375,7176824
2014-10-13,78.40392303466797,116.875,117.75,115.29166412353516,117.75,6121364
2014-10-14,78.65550994873047,117.25,118.08333587646484,115.625,117.45833587646484,5801583
2014-10-15,78.65550994873047,117.25,117.25,117.25,117.25,0
2014-10-16,77.28588104248047,115.20833587646484,118.5,114.5,118.33333587646484,9212728
2014-10-17,78.79524993896484,117.45833587646484,117.70833587646484,115.58333587646484,116.5,5521873
2014-10-20,80.22077941894531,119.58333587646484,120.79166412353516,117.58333587646484,118.29166412353516,4201047
2014-10-21,82.48486328125,122.95833587646484,123.41666412353516,120.66666412353516,120.875,9211314
2014-10-22,81.92583465576172,122.125,124.0,121.29166412353516,123.41666412353516,7053908
2014-10-27,81.53450012207031,121.54166412353516,123.75,120.91666412353516,123.75,3982344
2014-10-28,82.59668731689453,123.125,123.5,120.625,120.91666412353516,4233316
2014-10-29,81.75812530517578,121.875,123.625,121.25,123.58333587646484,6073100
2014-10-30,82.23330688476562,122.58333587646484,123.125,121.04166412353516,121.75,7233876
2014-10-31,83.91038513183594,125.08333587646484,125.75,121.875,122.58333587646484,6155059
2014-11-03,82.56871032714844,123.08333587646484,125.0,122.25,124.70833587646484,4335784
2014-11-05,81.1990966796875,121.04166412353516,124.08333587646484,120.66666412353516,123.04166412353516,4020102
2014-11-07,80.75186157226562,120.375,122.25,120.04166412353516,120.83333587646484,3223794
2014-11-10,81.70221710205078,121.79166412353516,122.33333587646484,120.08333587646484,120.91666412353516,3246072
2014-11-11,81.50656127929688,121.5,122.875,121.16666412353516,122.58333587646484,2340984
2014-11-12,79.49404907226562,118.5,121.875,118.29166412353516,121.375,4937146
2014-11-13,79.77355194091797,118.91666412353516,119.58333587646484,118.04166412353516,119.58333587646484,4270273
2014-11-14,79.99718475341797,119.25,119.95833587646484,116.91666412353516,118.79166412353516,15135165
2014-11-17,81.5624771118164,121.58333587646484,121.91666412353516,118.75,119.08333587646484,7888070
2014-11-18,82.0655746459961,122.33333587646484,123.83333587646484,121.5,122.33333587646484,13447417
2014-11-19,80.61210632324219,120.16666412353516,123.04166412353516,119.58333587646484,122.41666412353516,5766080
2014-11-20,79.66175079345703,118.75,120.54166412353516,117.83333587646484,120.54166412353516,4545574
2014-11-21,79.7456283569336,118.875,120.16666412353516,118.33333587646484,119.08333587646484,6864394
2014-11-24,79.9692153930664,119.20833587646484,119.70833587646484,118.33333587646484,118.33333587646484,3173155
2014-11-25,78.34803009033203,116.79166412353516,119.79166412353516,116.16666412353516,119.79166412353516,13297497
2014-11-26,79.27043151855469,118.16666412353516,118.66666412353516,116.66666412353516,116.75,8072104
2014-11-27,78.90707397460938,117.625,119.125,117.375,118.33333587646484,4327850
2014-11-28,79.77355194091797,118.91666412353516,119.375,117.375,117.70833587646484,9783045
2014-12-01,78.34803009033203,116.79166412353516,120.58333587646484,116.29166412353516,118.41666412353516,4072693
2014-12-02,78.51576232910156,117.04166412353516,118.16666412353516,116.75,116.83333587646484,1309962
2014-12-03,80.02513122558594,119.29166412353516,119.70833587646484,117.04166412353516,117.04166412353516,3013027
2014-12-04,79.4101791381836,118.375,119.75,117.83333587646484,119.25,2677798
2014-12-05,78.85118865966797,117.54166412353516,118.45833587646484,117.20833587646484,118.04166412353516,15389958
2014-12-08,78.20828247070312,116.58333587646484,118.58333587646484,116.33333587646484,117.54166412353516,3148736
2014-12-09,75.44109344482422,112.45833587646484,116.45833587646484,111.91666412353516,116.45833587646484,5846587
2014-12-10,75.55289459228516,112.625,113.625,111.95833587646484,112.41666412353516,4026793
2014-12-11,74.63047790527344,111.25,112.83333587646484,111.0,112.83333587646484,4008484
2014-12-12,74.32302856445312,110.79166412353516,111.91666412353516,110.25,111.91666412353516,4555370
2014-12-15,74.35099792480469,110.83333587646484,112.25,109.125,110.375,13114453
2014-12-16,71.72354125976562,106.91666412353516,110.79166412353516,105.625,110.33333587646484,12018054
2014-12-17,71.6117172241211,106.75,108.20833587646484,105.58333587646484,108.08333587646484,6434833
2014-12-18,74.32302856445312,110.79166412353516,111.83333587646484,107.5,107.95833587646484,11566800
2014-12-19,75.74854278564453,112.91666412353516,113.625,110.70833587646484,111.66666412353516,6249310
2014-12-22,77.70516204833984,115.83333587646484,116.83333587646484,113.45833587646484,113.58333587646484,11170360
2014-12-23,79.9133071899414,119.125,119.875,115.16666412353516,116.41666412353516,8724402
2014-12-24,77.90081787109375,116.125,119.79166412353516,115.5,119.58333587646484,13971313
2014-12-26,77.87284851074219,116.08333587646484,117.04166412353516,115.20833587646484,116.5,2238376
2014-12-29,78.320068359375,116.75,117.45833587646484,116.125,116.125,2363034
2014-12-30,79.35429382324219,118.29166412353516,118.66666412353516,116.54166412353516,116.875,2466861
2014-12-31,80.50029754638672,120.0,120.70833587646484,117.54166412353516,118.29166412353516,4589858
2015-01-01,79.63380432128906,118.70833587646484,120.20833587646484,118.41666412353516,120.16666412353516,1478980
2015-01-02,80.72390747070312,120.33333587646484,120.83333587646484,118.75,118.75,2383093
2015-01-05,80.50029754638672,120.0,120.75,119.20833587646484,120.45833587646484,2197057
2015-01-06,77.81695556640625,116.0,120.41666412353516,115.20833587646484,119.58333587646484,5923512
2015-01-07,79.6897201538086,118.79166412353516,119.16666412353516,116.125,117.08333587646484,5848555
2015-01-08,81.0313720703125,120.79166412353516,121.08333587646484,119.33333587646484,119.41666412353516,7564225
2015-01-09,78.40392303466797,116.875,121.25,116.25,120.95833587646484,3778993
2015-01-12,78.26416778564453,116.66666412353516,117.83333587646484,115.41666412353516,117.5,3190536
2015-01-13,77.67720794677734,115.79166412353516,116.95833587646484,115.08333587646484,116.04166412353516,4515434
2015-01-14,77.0063705444336,114.79166412353516,116.875,114.33333587646484,116.41666412353516,2736211
2015-01-15,77.81695556640625,116.0,117.125,115.33333587646484,116.54166412353516,7016253
2015-01-16,78.48777770996094,117.0,118.16666412353516,115.29166412353516,115.54166412353516,6225934
2015-01-19,79.24249267578125,118.125,119.08333587646484,116.54166412353516,117.41666412353516,5186906
2015-01-20,79.85741424560547,119.04166412353516,119.58333587646484,118.41666412353516,118.95833587646484,6449028
2015-01-21,80.22077941894531,119.58333587646484,120.125,118.58333587646484,119.375,6947634
2015-01-22,78.37598419189453,116.83333587646484,119.75,116.125,119.58333587646484,6729064
2015-01-23,79.32633972167969,118.25,118.5,117.04166412353516,118.0,9045246
2015-01-27,80.02513122558594,119.29166412353516,119.75,117.25,118.75,17981989
2015-01-28,79.85741424560547,119.04166412353516,120.79166412353516,117.95833587646484,119.16666412353516,6764469
2015-01-29,79.29838562011719,118.20833587646484,118.91666412353516,117.58333587646484,118.91666412353516,17553748
2015-01-30,80.30464172363281,119.70833587646484,122.83333587646484,118.41666412353516,119.0,22309884
2015-02-02,79.4101791381836,118.375,120.375,117.95833587646484,120.375,10364854
2015-02-03,80.50029754638672,120.0,120.66666412353516,118.45833587646484,118.70833587646484,7781553
2015-02-04,80.24742889404297,119.0,120.08333587646484,118.375,119.33333587646484,4036543
2015-02-05,78.75823211669922,116.79166412353516,119.25,115.875,118.5,6143088
2015-02-06,78.67393493652344,116.66666412353516,117.29166412353516,115.25,116.79166412353516,5976495
2015-02-09,77.99958801269531,115.66666412353516,117.0,115.08333587646484,115.83333587646484,3114468
2015-02-10,77.0723648071289,114.29166412353516,116.91666412353516,113.95833587646484,115.0,4506774
2015-02-11,78.75823211669922,116.79166412353516,117.5,114.0,114.16666412353516,3522442
2015-02-12,79.85404968261719,118.41666412353516,118.875,116.70833587646484,117.125,5162803
2015-02-13,80.50030517578125,119.375,119.75,118.0,118.41666412353516,3614205
2015-02-16,80.92176818847656,120.0,120.54166412353516,118.5,118.5,1945558
2015-02-18,82.07377624511719,121.70833587646484,123.16666412353516,119.66666412353516,120.04166412353516,4976054
2015-02-19,82.41095733642578,122.20833587646484,122.66666412353516,118.33333587646484,121.83333587646484,3709054
2015-02-20,81.84899139404297,121.375,122.79166412353516,120.08333587646484,122.0,3178180
2015-02-23,82.07377624511719,121.70833587646484,122.33333587646484,120.25,121.375,6031716
2015-02-24,82.38285827636719,122.16666412353516,124.33333587646484,121.66666412353516,121.875,5885637
2015-02-25,82.07377624511719,121.70833587646484,123.83333587646484,121.33333587646484,122.5,7538304
2015-02-26,86.17605590820312,127.79166412353516,129.0416717529297,121.45833587646484,122.58333587646484,25489447
2015-02-27,89.04206085205078,132.0416717529297,132.9166717529297,126.66666412353516,127.5,12085627
2015-03-02,89.6321029663086,132.9166717529297,133.3333282470703,129.75,130.0,7853508
2015-03-03,89.18253326416016,132.25,133.3333282470703,131.5833282470703,132.9166717529297,5796930
2015-03-04,88.50817108154297,131.25,133.1666717529297,129.7916717529297,132.5,4580594
2015-03-05,88.87348175048828,131.7916717529297,132.25,129.3333282470703,130.2083282470703,4307704
2015-03-09,85.3050308227539,126.5,131.75,126.16666412353516,131.25,3058852
2015-03-10,84.2654037475586,124.95833587646484,127.75,124.16666412353516,127.75,3849673
2015-03-11,86.40084838867188,128.125,128.9583282470703,122.16666412353516,124.58333587646484,4759294
2015-03-12,89.74446105957031,133.0833282470703,137.2916717529297,127.5,128.3333282470703,23732349
2015-03-13,89.60399627685547,132.875,134.4166717529297,132.1666717529297,133.5833282470703,16271358
2015-03-16,87.5809555053711,129.875,132.9166717529297,128.9166717529297,132.75,12014666
2015-03-17,88.7048568725586,131.5416717529297,132.0833282470703,129.4166717529297,130.0833282470703,6403596
2015-03-18,85.7826919555664,127.20833587646484,132.7916717529297,126.0,131.6666717529297,19386136
2015-03-19,86.96279907226562,128.9583282470703,129.875,125.125,127.91666412353516,24922042
2015-03-20,81.76470184326172,121.25,123.58333587646484,118.91666412353516,119.83333587646484,20606029
2015-03-23,84.37779235839844,125.125,125.41666412353516,121.0,121.0,8907972
2015-03-24,85.81078338623047,127.25,127.83333587646484,124.66666412353516,125.0,7701613
2015-03-25,82.8043212890625,122.79166412353516,129.0833282470703,122.08333587646484,128.75,19117210
2015-03-26,80.92176818847656,120.0,123.16666412353516,119.125,121.875,26353953
2015-03-27,81.82090759277344,121.33333587646484,122.20833587646484,119.58333587646484,121.58333587646484,5357637
2015-03-30,82.94480895996094,123.0,123.5,121.41666412353516,121.75,4959049
2015-03-31,82.5233383178711,122.375,123.75,120.75,123.75,8397256
2015-04-01,83.02912139892578,123.125,124.91666412353516,122.5,122.5,3645848
2015-04-06,85.4736099243164,126.75,127.45833587646484,123.5,123.75,4071922
2015-04-07,87.83384704589844,130.25,130.8333282470703,126.25,127.45833587646484,5508952
2015-04-08,87.72144317626953,130.0833282470703,131.625,127.875,130.25,3068680
2015-04-09,88.42388153076172,131.125,131.6666717529297,127.83333587646484,130.125,3480921
2015-04-10,87.46857452392578,129.7083282470703,132.5,128.5416717529297,130.8333282470703,3200816
2015-04-13,88.39578247070312,131.0833282470703,132.25,127.91666412353516,129.75,3189088
2015-04-15,86.73802947998047,128.625,132.0833282470703,127.83333587646484,130.1666717529297,4110085
2015-04-16,87.72144317626953,130.0833282470703,130.5,127.91666412353516,128.3333282470703,3141138
2015-04-17,88.7891616821289,131.6666717529297,132.375,129.625,129.625,3831186
2015-04-20,86.76612091064453,128.6666717529297,133.3333282470703,128.1666717529297,132.8333282470703,2855564
2015-04-21,85.05216979980469,126.125,130.25,125.83333587646484,129.0833282470703,3864529
2015-04-22,85.81078338623047,127.25,127.875,125.25,126.58333587646484,3322204
2015-04-23,84.01253509521484,124.58333587646484,128.3333282470703,124.08333587646484,128.3333282470703,2880820
2015-04-24,84.1811294555664,124.83333587646484,125.83333587646484,123.25,125.375,4004778
2015-04-27,83.3100814819336,123.54166412353516,127.79166412353516,123.08333587646484,125.70833587646484,4911789
2015-04-28,85.02407836914062,126.08333587646484,126.79166412353516,122.41666412353516,123.33333587646484,3926425
2015-04-29,85.19265747070312,126.33333587646484,127.29166412353516,125.33333587646484,126.16666412353516,4480990
2015-04-30,84.46208953857422,125.25,126.58333587646484,124.5,126.08333587646484,6908986
2015-05-04,85.61409759521484,126.95833587646484,127.54166412353516,124.45833587646484,125.83333587646484,2244895
2015-05-05,84.57450103759766,125.41666412353516,126.75,123.66666412353516,126.25,2478207
2015-05-06,81.25894165039062,120.5,125.04166412353516,119.25,124.66666412353516,5876370
2015-05-07,80.0788345336914,118.75,120.95833587646484,118.33333587646484,120.66666412353516,3870685
2015-05-08,79.79786682128906,118.33333587646484,120.5,117.95833587646484,119.375,2922648
2015-05-11,81.45561981201172,120.79166412353516,121.25,118.16666412353516,118.66666412353516,2935518
2015-05-12,79.6011734008789,118.04166412353516,121.20833587646484,116.91666412353516,120.54166412353516,5078632
2015-05-13,77.77481079101562,115.33333587646484,118.83333587646484,111.875,118.375,12966652
2015-05-14,78.14008331298828,115.875,119.70833587646484,114.75,116.16666412353516,11796906
2015-05-15,76.4822998046875,113.41666412353516,117.83333587646484,112.875,116.66666412353516,3487633
2015-05-18,76.51041412353516,113.45833587646484,114.75,112.54166412353516,114.75,3840517
2015-05-19,76.4822998046875,113.41666412353516,114.91666412353516,112.375,113.66666412353516,3091772
2015-05-20,76.51041412353516,113.45833587646484,114.75,112.875,114.08333587646484,4418476
2015-05-21,75.8360595703125,112.45833587646484,114.25,111.66666412353516,114.16666412353516,4420716
2015-05-22,76.0608139038086,112.79166412353516,113.08333587646484,111.875,112.16666412353516,5611028
2015-05-25,75.44268035888672,111.875,113.20833587646484,111.66666412353516,112.54166412353516,1798695
2015-05-26,74.45926666259766,110.41666412353516,112.08333587646484,110.0,112.08333587646484,8415657
2015-05-27,75.44268035888672,111.875,113.20833587646484,109.41666412353516,110.41666412353516,8322991
2015-05-28,75.6674575805664,112.20833587646484,112.95833587646484,111.66666412353516,112.33333587646484,9531386
2015-05-29,76.73519897460938,113.79166412353516,116.375,111.70833587646484,112.29166412353516,55394842
2015-06-01,77.85910034179688,115.45833587646484,116.08333587646484,113.83333587646484,113.83333587646484,5682194
2015-06-02,77.52191925048828,114.95833587646484,115.75,113.16666412353516,115.41666412353516,4976767
2015-06-03,77.80290985107422,115.375,116.45833587646484,113.41666412353516,114.75,8343859
2015-06-04,76.931884765625,114.08333587646484,116.16666412353516,113.45833587646484,115.45833587646484,6126315
2015-06-05,78.7020492553711,116.70833587646484,117.375,113.0,113.0,6811179
2015-06-08,77.80290985107422,115.375,117.08333587646484,115.04166412353516,116.79166412353516,5851057
2015-06-09,78.11198425292969,115.83333587646484,116.20833587646484,113.95833587646484,115.58333587646484,5823418
2015-06-10,78.67393493652344,116.66666412353516,117.29166412353516,115.66666412353516,116.16666412353516,4557562
2015-06-11,76.73519897460938,113.79166412353516,117.0,113.5,116.875,5646832
2015-06-12,76.70706939697266,113.75,114.58333587646484,113.0,113.33333587646484,4680678
2015-06-15,76.34183502197266,113.20833587646484,113.875,112.16666412353516,113.33333587646484,2415729
2015-06-16,77.35333251953125,114.70833587646484,115.0,112.83333587646484,112.83333587646484,2201316
2015-06-17,76.98807525634766,114.16666412353516,114.95833587646484,113.79166412353516,114.45833587646484,4718553
2015-06-18,76.76329803466797,113.83333587646484,114.91666412353516,113.54166412353516,114.25,3119080
2015-06-19,76.4542007446289,113.375,114.41666412353516,113.0,114.0,3558112
2015-06-22,76.98807525634766,114.16666412353516,114.58333587646484,113.33333587646484,113.5,2489085
2015-06-23,78.25247955322266,116.04166412353516,116.66666412353516,113.25,114.08333587646484,4895708
2015-06-24,76.87567138671875,114.0,116.79166412353516,113.54166412353516,116.58333587646484,1151251
2015-06-25,76.20133972167969,113.0,114.45833587646484,112.5,113.83333587646484,13284873
2015-06-26,77.38145446777344,114.75,115.16666412353516,112.83333587646484,113.04166412353516,3012900
2015-06-29,77.91532135009766,115.54166412353516,116.25,112.83333587646484,113.875,2735258
2015-06-30,77.35333251953125,114.70833587646484,115.5,113.45833587646484,114.83333587646484,5584984
2015-07-01,77.71862030029297,115.25,116.125,114.08333587646484,114.45833587646484,2692186
2015-07-02,77.35333251953125,114.70833587646484,115.70833587646484,114.45833587646484,115.41666412353516,2130937
2015-07-03,78.02770233154297,115.70833587646484,116.41666412353516,113.41666412353516,113.95833587646484,1848141
2015-07-06,77.55001831054688,115.0,115.5,113.91666412353516,113.91666412353516,1829578
2015-07-07,75.55508422851562,112.04166412353516,115.25,111.66666412353516,115.0,11870942
2015-07-08,74.7402572631836,110.83333587646484,111.54166412353516,109.45833587646484,110.04166412353516,6979066
2015-07-09,73.67253112792969,109.25,110.95833587646484,108.91666412353516,110.41666412353516,3690094
2015-07-10,72.97007751464844,108.20833587646484,109.79166412353516,106.79166412353516,109.375,6700296
2015-07-13,74.79644012451172,110.91666412353516,111.16666412353516,107.58333587646484,108.33333587646484,3433429
2015-07-14,74.79644012451172,110.91666412353516,111.70833587646484,110.75,111.0,2489889
2015-07-15,74.82455444335938,110.95833587646484,111.66666412353516,110.83333587646484,110.83333587646484,2469536
2015-07-16,75.6955795288086,112.25,112.58333587646484,110.83333587646484,111.29166412353516,1189351
2015-07-17,76.1732406616211,112.95833587646484,113.16666412353516,111.75,112.29166412353516,1445403
2015-07-20,76.2575454711914,113.08333587646484,113.5,112.875,113.04166412353516,886364
2015-07-21,76.20133972167969,113.0,113.375,112.75,112.91666412353516,1367409
2015-07-22,77.29715728759766,114.625,114.875,112.83333587646484,112.83333587646484,1659378
2015-07-23,77.74671173095703,115.29166412353516,115.75,114.25,114.25,2745640
2015-07-24,77.55001831054688,115.0,115.75,114.08333587646484,114.91666412353516,3777370
2015-07-27,75.41459655761719,111.83333587646484,116.08333587646484,111.125,115.0,3031380
2015-07-28,77.01616668701172,114.20833587646484,114.58333587646484,110.58333587646484,111.375,3351928
2015-07-29,76.1451187133789,112.91666412353516,114.5,112.08333587646484,114.16666412353516,3799195
2015-07-30,76.34183502197266,113.20833587646484,115.58333587646484,112.91666412353516,113.20833587646484,8104052
2015-07-31,75.89225006103516,112.54166412353516,114.08333587646484,112.375,113.33333587646484,5377446
2015-08-03,75.89225006103516,112.54166412353516,113.75,112.25,112.58333587646484,2878239
2015-08-04,75.94844818115234,112.625,113.25,111.375,112.625,4383127
2015-08-05,76.84758758544922,113.95833587646484,114.33333587646484,112.16666412353516,112.66666412353516,2769999
2015-08-06,76.36991119384766,113.25,115.0,112.70833587646484,114.16666412353516,12025086
2015-08-07,75.2178955078125,111.54166412353516,113.66666412353516,111.08333587646484,112.58333587646484,4762880
2015-08-10,73.8130111694336,109.45833587646484,112.16666412353516,109.08333587646484,111.66666412353516,4761007
2015-08-11,73.50393676757812,109.0,110.25,108.0,109.25,6722565
2015-08-12,71.95856475830078,106.70833587646484,108.58333587646484,105.91666412353516,108.33333587646484,5033044
2015-08-13,71.84615325927734,106.54166412353516,107.66666412353516,105.5,106.75,6023696
2015-08-14,72.85767364501953,108.04166412353516,108.29166412353516,106.33333587646484,106.70833587646484,2001253
2015-08-17,71.95856475830078,106.70833587646484,108.33333587646484,106.41666412353516,108.04166412353516,1299099
2015-08-18,71.50899505615234,106.04166412353516,107.54166412353516,105.75,107.5,2115512
2015-08-19,70.80655670166016,105.0,106.16666412353516,104.875,105.83333587646484,2073483
2015-08-20,70.77845764160156,104.95833587646484,106.41666412353516,104.16666412353516,104.33333587646484,3895869
2015-08-21,69.345458984375,102.83333587646484,104.54166412353516,101.5,104.16666412353516,8286668
2015-08-24,64.79361724853516,96.08333587646484,101.66666412353516,93.91666412353516,100.83333587646484,21259096
2015-08-25,66.95713806152344,99.29166412353516,102.0,89.25,98.33333587646484,12442059
2015-08-26,67.37860870361328,99.91666412353516,102.5,96.91666412353516,99.33333587646484,10884993
2015-08-27,66.95713806152344,99.29166412353516,101.41666412353516,98.33333587646484,101.16666412353516,12451533
2015-08-28,68.33393096923828,101.33333587646484,104.20833587646484,100.04166412353516,101.58333587646484,4771845
2015-08-31,68.24964141845703,101.20833587646484,102.79166412353516,100.08333587646484,100.83333587646484,4827870
2015-09-01,67.57530212402344,100.20833587646484,102.08333587646484,99.5,100.08333587646484,3799548
2015-09-02,65.46794891357422,97.08333587646484,100.83333587646484,96.45833587646484,100.83333587646484,6875404
2015-09-03,67.09394836425781,98.0,99.5,96.29166412353516,96.45833587646484,5062188
2015-09-04,65.32532501220703,95.41666412353516,98.0,94.29166412353516,97.5,10292604
2015-09-07,64.2413330078125,93.83333587646484,95.83333587646484,93.66666412353516,95.58333587646484,8050246
2015-09-08,65.29679870605469,95.375,96.79166412353516,94.29166412353516,95.0,5787757
2015-09-09,68.9767074584961,100.75,101.125,96.0,97.5,12015592
2015-09-10,68.03533172607422,99.375,100.75,98.29166412353516,100.54166412353516,2798323
2015-09-11,68.26354217529297,99.70833587646484,100.625,98.91666412353516,99.875,2404740
2015-09-14,71.8293228149414,104.91666412353516,105.33333587646484,99.75,100.0,5742222
2015-09-15,72.37133026123047,105.70833587646484,107.91666412353516,103.75,104.70833587646484,5089286
2015-09-16,72.94184875488281,106.54166412353516,107.25,104.33333587646484,105.66666412353516,3290786
2015-09-18,72.3427963256836,105.66666412353516,108.33333587646484,104.45833587646484,106.54166412353516,7200021
2015-09-21,72.31427764892578,105.625,106.41666412353516,104.16666412353516,104.25,2233722
2015-09-22,68.9767074584961,100.75,106.125,100.04166412353516,105.83333587646484,6530800
2015-09-23,69.20489501953125,101.08333587646484,102.75,99.20833587646484,99.20833587646484,3839610
2015-09-24,69.63280487060547,101.70833587646484,102.0,100.20833587646484,101.5,3772704
2015-09-28,69.0052261352539,100.79166412353516,102.5,100.54166412353516,101.70833587646484,2310477
2015-09-29,69.23343658447266,101.125,102.29166412353516,99.16666412353516,99.29166412353516,3975267
2015-09-30,70.60269165039062,103.125,103.66666412353516,100.83333587646484,102.41666412353516,3470785
2015-10-01,70.4600601196289,102.91666412353516,104.91666412353516,102.58333587646484,104.33333587646484,3822145
2015-10-05,72.85628509521484,106.41666412353516,106.875,103.25,103.25,4026033
2015-10-06,71.74373626708984,104.79166412353516,108.25,104.0,107.91666412353516,8623933
2015-10-07,72.88480377197266,106.45833587646484,106.66666412353516,104.375,105.04166412353516,3385142
2015-10-08,71.88638305664062,105.0,106.875,104.41666412353516,106.58333587646484,3521266
2015-10-09,71.88638305664062,105.0,105.83333587646484,104.58333587646484,105.75,3262202
2015-10-12,72.59954071044922,106.04166412353516,107.5,104.75,107.5,2117947
2015-10-13,72.71366119384766,106.20833587646484,107.0,105.75,106.16666412353516,2506449
2015-10-14,71.80081939697266,104.875,106.75,104.33333587646484,106.16666412353516,2665834
2015-10-15,71.31585693359375,104.16666412353516,105.66666412353516,103.79166412353516,105.41666412353516,2725071
2015-10-16,72.3427963256836,105.66666412353516,106.625,104.33333587646484,104.41666412353516,19650850
2015-10-19,72.62808990478516,106.08333587646484,106.375,105.08333587646484,105.83333587646484,4176244
2015-10-20,72.9989242553711,106.625,108.16666412353516,105.58333587646484,106.125,5440894
2015-10-21,74.13998413085938,108.29166412353516,109.75,105.91666412353516,106.625,4227984
2015-10-23,75.68038940429688,110.54166412353516,111.625,109.25,109.25,3888451
2015-10-26,75.79448699951172,110.70833587646484,111.25,109.375,110.83333587646484,2554590
2015-10-27,75.68038940429688,110.54166412353516,111.04166412353516,109.25,110.16666412353516,8433085
2015-10-28,73.85469818115234,107.875,110.83333587646484,107.54166412353516,109.70833587646484,4449216
2015-10-29,72.9989242553711,106.625,109.33333587646484,106.08333587646484,108.375,9820096
2015-10-30,75.76597595214844,110.66666412353516,114.70833587646484,106.70833587646484,106.70833587646484,10949250
2015-11-02,75.70892333984375,110.58333587646484,111.08333587646484,108.08333587646484,110.375,11462052
2015-11-03,77.4205093383789,113.08333587646484,114.83333587646484,110.83333587646484,110.83333587646484,11192800
2015-11-04,77.04964447021484,112.54166412353516,113.75,112.125,113.54166412353516,4315034
2015-11-05,77.5916519165039,113.33333587646484,114.16666412353516,112.20833587646484,112.5,7694065
2015-11-06,77.33491516113281,112.95833587646484,116.08333587646484,112.0,115.41666412353516,7245621
2015-11-09,76.19384765625,111.29166412353516,112.04166412353516,110.125,111.25,3002449
2015-11-10,74.93869018554688,109.45833587646484,112.29166412353516,108.625,111.16666412353516,2695531
2015-11-13,74.62491607666016,109.0,110.625,108.16666412353516,109.08333587646484,2186415
2015-11-16,74.85314178466797,109.33333587646484,110.0,108.16666412353516,108.58333587646484,3069470
2015-11-17,75.36659240722656,110.08333587646484,111.04166412353516,109.0,109.58333587646484,2031129
2015-11-18,75.82301330566406,110.75,112.625,110.0,110.08333587646484,8835048
2015-11-19,76.42207336425781,111.625,112.125,110.0,111.58333587646484,1697204
2015-11-20,76.53617095947266,111.79166412353516,112.45833587646484,111.16666412353516,111.66666412353516,4503478
2015-11-23,75.93712615966797,110.91666412353516,112.25,110.20833587646484,111.875,1590408
2015-11-24,74.82459259033203,109.29166412353516,111.45833587646484,109.04166412353516,110.66666412353516,2367228
2015-11-26,75.82301330566406,110.75,111.33333587646484,108.91666412353516,109.5,5874213
2015-11-27,75.70892333984375,110.58333587646484,111.66666412353516,110.20833587646484,111.25,4532130
2015-11-30,74.68196105957031,109.08333587646484,111.41666412353516,108.41666412353516,110.83333587646484,8954815
2015-12-01,75.68038940429688,110.54166412353516,110.75,109.16666412353516,109.25,1776526
2015-12-02,75.93712615966797,110.91666412353516,111.20833587646484,109.58333587646484,110.625,1556103
2015-12-03,76.16532897949219,111.25,112.41666412353516,110.33333587646484,110.70833587646484,2710232
2015-12-04,74.39669799804688,108.66666412353516,111.125,108.33333587646484,110.91666412353516,2029555
2015-12-07,74.28260040283203,108.5,109.20833587646484,106.66666412353516,108.33333587646484,3599509
2015-12-08,74.197021484375,108.375,109.16666412353516,107.75,107.875,2817922
2015-12-09,74.25407409667969,108.45833587646484,110.20833587646484,107.41666412353516,108.70833587646484,4174069
2015-12-10,75.99417114257812,111.0,111.375,108.5,108.5,4689330
2015-12-11,75.73744201660156,110.625,111.20833587646484,109.70833587646484,111.20833587646484,7819576
2015-12-14,75.79448699951172,110.70833587646484,111.16666412353516,109.5,110.0,3892008
2015-12-15,75.19544219970703,109.83333587646484,111.04166412353516,108.75,110.41666412353516,2294697
2015-12-16,76.19384765625,111.29166412353516,112.41666412353516,109.83333587646484,109.83333587646484,2827382
2015-12-17,77.33491516113281,112.95833587646484,113.66666412353516,111.875,112.08333587646484,5617645
2015-12-18,77.50607299804688,113.20833587646484,115.08333587646484,112.66666412353516,113.25,7227156
2015-12-21,77.81985473632812,113.66666412353516,114.5,112.5,112.5,2724703
2015-12-22,78.16219329833984,114.16666412353516,115.33333587646484,113.75,114.0,5186119
2015-12-23,79.30323791503906,115.83333587646484,116.5,114.33333587646484,114.33333587646484,2906598
2015-12-24,79.47439575195312,116.08333587646484,116.58333587646484,115.66666412353516,116.04166412353516,2214117
2015-12-28,82.12735748291016,119.95833587646484,120.58333587646484,116.08333587646484,116.08333587646484,6195141
2015-12-29,82.6122817993164,120.66666412353516,124.04166412353516,120.08333587646484,120.375,11830292
2015-12-30,82.75491333007812,120.875,122.5,119.91666412353516,120.0,7060556
2015-12-31,83.4395751953125,121.875,122.41666412353516,120.04166412353516,120.875,6167425
2016-01-01,82.44112396240234,120.41666412353516,121.91666412353516,120.08333587646484,121.91666412353516,1087959
2016-01-04,81.75650787353516,119.41666412353516,122.5,119.04166412353516,119.375,1660154
2016-01-05,81.15744018554688,118.54166412353516,121.375,118.33333587646484,120.58333587646484,2183413
2016-01-06,80.7010269165039,117.875,119.08333587646484,116.70833587646484,118.33333587646484,2555581
2016-01-07,78.64713287353516,114.875,117.41666412353516,114.20833587646484,117.41666412353516,4397205
2016-01-08,79.61705017089844,116.29166412353516,116.83333587646484,114.25,115.16666412353516,5000222
2016-01-11,80.78660583496094,118.0,119.125,114.375,114.375,9595707
2016-01-12,82.84048461914062,121.0,121.58333587646484,118.95833587646484,119.58333587646484,5331380
2016-01-13,82.29849243164062,120.20833587646484,122.45833587646484,117.75,121.58333587646484,6335397
2016-01-14,81.69945526123047,119.33333587646484,120.5,116.91666412353516,119.08333587646484,2617408
2016-01-15,77.848388671875,113.70833587646484,120.41666412353516,113.04166412353516,119.91666412353516,5813482
2016-01-18,76.79290771484375,112.16666412353516,115.45833587646484,111.04166412353516,113.25,7094769
2016-01-19,77.10669708251953,112.625,115.125,112.0,112.83333587646484,3276105
2016-01-20,75.42365264892578,110.16666412353516,112.33333587646484,109.0,111.91666412353516,4893918
2016-01-21,75.88008880615234,110.83333587646484,112.75,110.25,110.75,3672420
2016-01-22,78.81829833984375,115.125,116.08333587646484,111.79166412353516,112.54166412353516,4081641
2016-01-25,78.70417785644531,114.95833587646484,116.41666412353516,113.625,116.25,3248101
2016-01-27,82.01324462890625,119.79166412353516,120.5,115.375,116.5,6462206
2016-01-28,82.29849243164062,120.20833587646484,121.125,119.25,119.25,10947943
2016-01-29,81.27154541015625,118.70833587646484,122.25,117.0,120.0,9604422
2016-02-01,80.01638793945312,116.875,120.125,116.5,118.33333587646484,4772776
2016-02-02,76.47914123535156,111.70833587646484,117.08333587646484,110.625,116.66666412353516,5540090
2016-02-03,73.39826965332031,107.20833587646484,111.5,106.04166412353516,109.625,5409084
2016-02-04,71.8293228149414,104.91666412353516,109.25,103.83333587646484,108.33333587646484,8947989
2016-02-05,72.1182632446289,104.0,105.5,103.33333587646484,104.125,2917293
2016-02-08,71.22256469726562,102.70833587646484,104.91666412353516,102.29166412353516,104.0,2578603
2016-02-09,72.72503662109375,104.875,105.41666412353516,101.0,101.0,2829949
2016-02-10,72.08938598632812,103.95833587646484,105.16666412353516,103.08333587646484,104.16666412353516,3106880
2016-02-11,69.89346313476562,100.79166412353516,104.125,100.20833587646484,103.95833587646484,2946543
2016-02-12,71.62705993652344,103.29166412353516,104.79166412353516,100.125,100.83333587646484,4086475
2016-02-15,72.1182632446289,104.0,106.04166412353516,102.875,104.33333587646484,4458290
2016-02-16,73.82299041748047,106.45833587646484,109.25,103.5,105.625,6067938
2016-02-17,73.96744537353516,106.66666412353516,108.29166412353516,104.83333587646484,106.95833587646484,4187010
2016-02-18,73.67851257324219,106.25,108.54166412353516,104.375,107.875,2623275
2016-02-19,75.00762176513672,108.16666412353516,108.91666412353516,105.83333587646484,106.20833587646484,1806504
2016-02-22,73.38959503173828,105.83333587646484,110.70833587646484,105.04166412353516,110.70833587646484,2703391
2016-02-23,71.54039001464844,103.16666412353516,104.16666412353516,102.25,102.70833587646484,11574602
2016-02-24,68.56436920166016,98.875,101.83333587646484,98.58333587646484,101.5,21683338
2016-02-25,68.4776840209961,98.75,99.29166412353516,97.41666412353516,97.58333587646484,40502397
2016-02-26,70.24018859863281,101.29166412353516,101.66666412353516,98.41666412353516,99.16666412353516,8436524
2016-02-29,69.05554962158203,99.58333587646484,101.58333587646484,98.125,101.58333587646484,6291750
2016-03-01,70.99142456054688,102.375,102.5,99.41666412353516,100.0,4792212
2016-03-02,73.27400207519531,105.66666412353516,106.45833587646484,101.91666412353516,103.08333587646484,7180521
2016-03-03,73.04286193847656,105.33333587646484,107.375,104.95833587646484,106.66666412353516,4161891
2016-03-04,72.8405990600586,105.04166412353516,106.375,103.33333587646484,106.25,7395987
2016-03-08,73.7074203491211,106.29166412353516,106.66666412353516,103.75,105.0,4202145
2016-03-09,73.12954711914062,105.45833587646484,106.41666412353516,105.08333587646484,106.08333587646484,4332384
2016-03-10,73.27400207519531,105.66666412353516,106.66666412353516,105.33333587646484,105.5,4072078
2016-03-11,73.04286193847656,105.33333587646484,107.29166412353516,104.70833587646484,105.66666412353516,2484648
2016-03-14,73.62074279785156,106.16666412353516,106.5,105.04166412353516,105.625,2195317
2016-03-15,73.5629653930664,106.08333587646484,106.58333587646484,105.0,106.41666412353516,2454310
2016-03-16,73.7074203491211,106.29166412353516,106.79166412353516,105.54166412353516,106.41666412353516,6045006
2016-03-17,73.30290222167969,105.70833587646484,106.875,105.0,106.16666412353516,5303053
2016-03-18,73.6496353149414,106.20833587646484,106.58333587646484,105.29166412353516,105.41666412353516,6395342
2016-03-21,73.47628784179688,105.95833587646484,107.25,105.25,106.20833587646484,3162202
2016-03-22,74.11192321777344,106.875,107.33333587646484,105.66666412353516,106.33333587646484,4386978
2016-03-23,73.59184265136719,106.125,106.91666412353516,105.70833587646484,106.875,2682230
2016-03-28,74.63200378417969,107.625,108.54166412353516,106.04166412353516,106.66666412353516,6322756
2016-03-29,73.5629653930664,106.08333587646484,108.375,105.70833587646484,108.04166412353516,5982391
2016-03-30,75.0654067993164,108.25,108.625,105.91666412353516,106.66666412353516,4581528
2016-03-31,74.45864868164062,107.375,109.875,106.95833587646484,108.16666412353516,12576144
2016-04-01,75.09430694580078,108.29166412353516,109.16666412353516,106.91666412353516,107.25,6204711
2016-04-04,75.75886535644531,109.25,109.75,108.25,108.41666412353516,2727397
2016-04-05,73.30290222167969,105.70833587646484,109.875,105.45833587646484,109.25,4594977
2016-04-06,72.9272689819336,105.16666412353516,106.5,104.875,106.5,4536128
2016-04-07,73.12954711914062,105.45833587646484,105.70833587646484,104.20833587646484,105.25,9263898
2016-04-08,76.0188980102539,109.625,110.41666412353516,105.58333587646484,106.41666412353516,9962676
2016-04-11,77.7813949584961,112.16666412353516,112.5,109.375,109.625,4473735
2016-04-12,78.30146789550781,112.91666412353516,113.58333587646484,110.79166412353516,112.25,4394954
2016-04-13,79.25495910644531,114.29166412353516,114.875,113.54166412353516,113.75,4541049
2016-04-18,80.61296844482422,116.25,116.58333587646484,113.33333587646484,116.16666412353516,5881213
2016-04-20,81.65313720703125,117.75,118.125,115.91666412353516,116.25,3941576
2016-04-21,81.56646728515625,117.625,118.83333587646484,117.20833587646484,118.125,5878872
2016-04-22,83.01113891601562,119.70833587646484,120.0,116.70833587646484,117.0,5904096
2016-04-25,81.10417938232422,116.95833587646484,119.875,115.04166412353516,119.83333587646484,3757774
2016-04-26,81.01748657226562,116.83333587646484,118.0,115.83333587646484,116.16666412353516,6118725
2016-04-27,81.30640411376953,117.25,117.70833587646484,116.5,117.08333587646484,2213048
2016-04-28,79.25495910644531,114.29166412353516,117.875,114.0,117.375,7582244
2016-04-29,80.49737548828125,116.08333587646484,117.125,113.41666412353516,114.91666412353516,4812152
2016-05-02,80.0639877319336,115.45833587646484,116.91666412353516,112.33333587646484,116.08333587646484,2710262
2016-05-03,78.90824127197266,113.79166412353516,117.91666412353516,112.875,115.16666412353516,5122599
2016-05-04,80.20844268798828,115.66666412353516,116.125,113.58333587646484,113.58333587646484,7557462
2016-05-05,80.72853088378906,116.41666412353516,117.29166412353516,115.70833587646484,116.16666412353516,4772552
2016-05-06,80.90190124511719,116.66666412353516,117.04166412353516,114.875,116.45833587646484,3943374
2016-05-09,82.7510986328125,119.33333587646484,120.66666412353516,116.66666412353516,116.66666412353516,8002119
2016-05-10,81.27752685546875,117.20833587646484,119.5,116.75,119.5,5002198
2016-05-11,81.76872253417969,117.91666412353516,119.66666412353516,116.16666412353516,117.20833587646484,5366452
2016-05-12,81.73982238769531,117.875,119.0,116.66666412353516,117.54166412353516,2931638
2016-05-13,81.47978973388672,117.5,118.08333587646484,116.75,117.08333587646484,3152124
2016-05-16,80.95967102050781,116.75,117.83333587646484,115.91666412353516,117.5,6137539
2016-05-17,79.16828918457031,114.16666412353516,118.0,113.45833587646484,117.08333587646484,8913270
2016-05-18,78.648193359375,113.41666412353516,115.04166412353516,112.95833587646484,114.08333587646484,6099468
2016-05-19,78.21478271484375,112.79166412353516,113.33333587646484,111.16666412353516,113.16666412353516,5504425
2016-05-20,79.11050415039062,114.08333587646484,114.5,112.75,112.79166412353516,5662137
2016-05-23,78.41706848144531,113.08333587646484,115.0,112.75,114.375,2955597
2016-05-24,80.03510284423828,115.41666412353516,116.91666412353516,113.33333587646484,113.41666412353516,5846558
2016-05-25,81.970947265625,118.20833587646484,118.33333587646484,115.875,115.91666412353516,2999689
2016-05-26,81.5953369140625,117.66666412353516,118.75,116.125,117.58333587646484,9645368
2016-05-27,80.95967102050781,116.75,118.08333587646484,116.16666412353516,117.91666412353516,3192600
2016-05-30,82.98222351074219,119.66666412353516,121.5,114.70833587646484,116.95833587646484,11452723
2016-05-31,82.72219848632812,119.29166412353516,123.29166412353516,116.58333587646484,120.08333587646484,49654994
2016-06-01,83.56010437011719,120.5,121.0,117.95833587646484,119.08333587646484,5578209
2016-06-02,83.7623519897461,120.79166412353516,121.625,120.0,120.25,3890110
2016-06-03,85.293701171875,123.0,124.41666412353516,120.79166412353516,120.83333587646484,5230866
2016-06-06,85.0047836303711,122.58333587646484,123.625,122.0,123.33333587646484,3080890
2016-06-07,85.78491973876953,123.70833587646484,124.33333587646484,122.54166412353516,122.91666412353516,4160961
2016-06-08,85.61154174804688,123.45833587646484,124.70833587646484,122.66666412353516,124.0,3645885
2016-06-09,87.2873764038086,125.875,126.91666412353516,123.54166412353516,123.58333587646484,7092262
2016-06-10,87.54741668701172,126.25,127.29166412353516,125.04166412353516,125.83333587646484,2818471
2016-06-13,85.95825958251953,123.95833587646484,125.54166412353516,123.45833587646484,125.0,1383117
2016-06-14,85.6693344116211,123.54166412353516,124.29166412353516,122.58333587646484,123.625,2696526
2016-06-15,89.07878112792969,128.4583282470703,129.1666717529297,123.79166412353516,123.79166412353516,4583678
2016-06-16,87.72077941894531,126.5,128.75,125.08333587646484,128.4583282470703,3753651
2016-06-17,88.00969696044922,126.91666412353516,127.625,125.95833587646484,126.75,3636291
2016-06-20,89.25212860107422,128.7083282470703,129.125,125.625,125.625,2779868
2016-06-21,87.72077941894531,126.5,128.8333282470703,125.95833587646484,128.4166717529297,3185960
2016-06-22,88.18305206298828,127.16666412353516,127.79166412353516,125.16666412353516,126.66666412353516,2958055
2016-06-23,86.16053009033203,124.25,124.91666412353516,121.95833587646484,123.33333587646484,7649942
2016-06-24,86.21830749511719,124.33333587646484,124.95833587646484,119.375,121.625,3570870
2016-06-27,86.21830749511719,124.33333587646484,126.16666412353516,122.5,122.5,2847684
2016-06-28,85.5248794555664,123.33333587646484,125.54166412353516,122.625,125.5,3265359
2016-06-29,87.89411926269531,126.75,127.08333587646484,123.33333587646484,123.33333587646484,3666712
2016-06-30,90.32121276855469,130.25,130.8333282470703,126.95833587646484,127.04166412353516,9291400
2016-07-01,90.58124542236328,130.625,131.3333282470703,129.1666717529297,129.4166717529297,3022617
2016-07-04,90.11894226074219,129.9583282470703,131.6666717529297,128.5416717529297,130.0,3504501
2016-07-05,88.18305206298828,127.16666412353516,129.9166717529297,126.875,129.9166717529297,3307670
2016-07-07,88.35643768310547,127.41666412353516,128.4583282470703,125.0,127.16666412353516,6193146
2016-07-08,88.87652587890625,128.1666717529297,128.7083282470703,125.54166412353516,126.875,1792663
2016-07-11,91.10131072998047,131.375,132.25,129.25,129.25,3684830
2016-07-12,91.47694396972656,131.9166717529297,132.7916717529297,131.125,131.4166717529297,2558658
2016-07-13,91.10131072998047,131.375,132.8333282470703,130.5,132.5833282470703,3752023
2016-07-14,91.70808410644531,132.25,132.6666717529297,130.625,130.625,3467246
2016-07-15,90.29228973388672,130.2083282470703,130.625,119.04166412353516,119.04166412353516,24967578
2016-07-18,89.91667938232422,129.6666717529297,130.6666717529297,128.875,130.0,3678940
2016-07-19,90.26341247558594,130.1666717529297,130.5,128.9583282470703,129.5833282470703,3266539
2016-07-20,90.92794799804688,131.125,131.6666717529297,129.5416717529297,130.1666717529297,3747645
2016-07-21,89.51217651367188,129.0833282470703,131.7916717529297,128.6666717529297,131.6666717529297,3602185
2016-07-22,90.49455261230469,130.5,130.9166717529297,128.4166717529297,129.1666717529297,4439348
2016-07-25,91.0146255493164,131.25,131.6666717529297,130.0,130.0,2762284
2016-07-26,91.36136627197266,131.75,132.375,130.9166717529297,131.5,2391322
2016-07-27,91.91033172607422,132.5416717529297,133.6666717529297,130.9166717529297,132.4166717529297,3822085
2016-07-28,91.65031433105469,132.1666717529297,133.3333282470703,130.25,132.5833282470703,9605690
2016-07-29,91.50582885742188,131.9583282470703,133.3333282470703,130.875,131.7916717529297,3023502
2016-08-01,92.11260223388672,132.8333282470703,133.3333282470703,131.2083282470703,132.1666717529297,4640031
2016-08-02,92.0837173461914,132.7916717529297,134.0,132.0833282470703,133.25,2760872
2016-08-03,91.0146255493164,131.25,132.7916717529297,130.5833282470703,132.4166717529297,3387386
2016-08-04,91.91033172607422,132.5416717529297,132.9166717529297,131.125,131.125,3007062
2016-08-05,93.29722595214844,134.5416717529297,135.8333282470703,132.5416717529297,133.3333282470703,3142065
2016-08-08,92.37264251708984,133.2083282470703,135.0416717529297,132.4166717529297,135.0416717529297,2541385
2016-08-09,92.37264251708984,133.2083282470703,135.2083282470703,132.625,132.9583282470703,3574959
2016-08-10,91.24578857421875,131.5833282470703,134.6666717529297,130.625,133.8333282470703,3919809
2016-08-11,92.19926452636719,132.9583282470703,133.3333282470703,131.0,132.5,2147083
2016-08-12,92.77715301513672,133.7916717529297,134.4166717529297,132.7083282470703,132.9166717529297,2793805
2016-08-16,93.23943328857422,134.4583282470703,135.1666717529297,133.0833282470703,133.5416717529297,5136718
2016-08-17,93.35503387451172,134.625,135.0,133.4166717529297,133.7916717529297,1653793
2016-08-18,96.38885498046875,139.0,140.625,134.6666717529297,134.7916717529297,8815767
2016-08-19,96.35993194580078,138.9583282470703,141.6666717529297,138.2083282470703,139.7083282470703,5195581
2016-08-22,94.56852722167969,136.375,140.6666717529297,135.25,139.9166717529297,8943697
2016-08-23,91.88145446777344,132.5,136.3333282470703,131.4583282470703,136.0,7852124
2016-08-24,93.21056365966797,134.4166717529297,136.2916717529297,131.75,132.2916717529297,6789516
2016-08-25,91.67920684814453,132.2083282470703,134.5833282470703,131.75,133.9166717529297,8434987
2016-08-26,91.24578857421875,131.5833282470703,133.1666717529297,131.0416717529297,132.4166717529297,3957362
2016-08-29,92.19926452636719,132.9583282470703,133.3333282470703,130.6666717529297,131.6666717529297,1646781
2016-08-30,93.4706039428711,134.7916717529297,135.25,132.375,133.3333282470703,2913315
2016-08-31,92.02592468261719,132.7083282470703,135.2083282470703,132.125,133.5833282470703,11099280
2016-09-01,91.73698425292969,132.2916717529297,133.875,131.6666717529297,133.0833282470703,3383041
2016-09-02,92.45930480957031,133.3333282470703,134.0,131.4583282470703,132.6666717529297,4700020
2016-09-06,94.51075744628906,136.2916717529297,136.6666717529297,133.75,133.75,5273948
2016-09-07,93.18165588378906,134.375,136.3333282470703,133.7916717529297,136.0,3051766
2016-09-08,93.32771301269531,133.125,135.0,132.5416717529297,132.5833282470703,2926024
2016-09-09,92.77271270751953,132.3333282470703,134.0833282470703,132.0,133.3333282470703,2551233
2016-09-12,89.2966537475586,127.375,131.8333282470703,126.875,130.6666717529297,3768448
2016-09-14,90.96165466308594,129.75,130.5,126.66666412353516,126.66666412353516,3852837
2016-09-15,89.61798095703125,127.83333587646484,130.8333282470703,126.95833587646484,130.3333282470703,3226718
2016-09-16,89.41349029541016,127.54166412353516,130.7916717529297,127.0,128.7916717529297,7863216
2016-09-19,90.64035034179688,129.2916717529297,130.0,127.375,128.0833282470703,2220804
2016-09-20,89.61798095703125,127.83333587646484,129.1666717529297,127.5,129.0833282470703,3677742
2016-09-21,89.96849822998047,128.3333282470703,129.5,127.66666412353516,127.66666412353516,3328227
2016-09-22,91.72113037109375,130.8333282470703,131.0833282470703,129.1666717529297,130.625,2877253
2016-09-23,91.6626968383789,130.75,131.6666717529297,130.25,131.0,4637128
2016-09-26,88.8876953125,126.79166412353516,130.4166717529297,126.08333587646484,129.5833282470703,5557129
2016-09-27,88.91691589355469,126.83333587646484,127.79166412353516,125.83333587646484,126.70833587646484,2940974
2016-09-28,89.20902252197266,127.25,128.0,126.79166412353516,127.08333587646484,2364836
2016-09-29,87.31033325195312,124.54166412353516,128.125,123.54166412353516,127.75,9046064
2016-09-30,86.4632339477539,123.33333587646484,126.54166412353516,122.75,124.33333587646484,3917944
2016-10-03,87.982177734375,125.5,126.375,123.75,123.95833587646484,2458561
2016-10-04,88.94612884521484,126.875,127.375,125.375,125.66666412353516,3592586
2016-10-05,89.06297302246094,127.04166412353516,128.1666717529297,125.29166412353516,127.70833587646484,3460152
2016-10-06,87.01821899414062,124.125,128.2083282470703,123.75,127.66666412353516,5083105
2016-10-07,86.63849639892578,123.58333587646484,125.125,123.08333587646484,124.16666412353516,2824920
2016-10-10,85.67454528808594,122.20833587646484,124.54166412353516,121.58333587646484,124.0,5757795
2016-10-13,84.5645523071289,120.625,122.5,119.41666412353516,122.5,7622096
2016-10-14,84.71058654785156,120.83333587646484,121.33333587646484,119.58333587646484,121.08333587646484,3912372
2016-10-17,86.1711196899414,122.91666412353516,123.83333587646484,121.75,122.5,9453096
2016-10-18,86.4632339477539,123.33333587646484,124.0,122.625,123.33333587646484,10349815
2016-10-19,87.07666015625,124.20833587646484,125.16666412353516,123.04166412353516,123.70833587646484,8062418
2016-10-20,87.04741668701172,124.16666412353516,124.91666412353516,123.625,124.79166412353516,3200011
2016-10-21,87.33954620361328,124.58333587646484,125.0,123.66666412353516,123.66666412353516,1824866
2016-10-24,88.42032623291016,126.125,126.66666412353516,124.75,124.875,1329955
2016-10-25,88.80006408691406,126.66666412353516,127.125,124.625,125.5,2033961
2016-10-26,88.71244812011719,126.54166412353516,127.41666412353516,125.91666412353516,126.20833587646484,1938522
2016-10-27,88.62480163574219,126.41666412353516,127.33333587646484,125.41666412353516,126.41666412353516,3302029
2016-10-28,88.94612884521484,126.875,129.125,125.20833587646484,126.58333587646484,7337786
2016-11-01,90.55269622802734,129.1666717529297,130.4583282470703,125.58333587646484,126.41666412353516,4078814
2016-11-02,91.42903137207031,130.4166717529297,131.3333282470703,127.625,128.2916717529297,8157837
2016-11-03,89.41349029541016,127.54166412353516,131.0833282470703,127.08333587646484,130.6666717529297,4332021
2016-11-04,89.67637634277344,127.91666412353516,129.5833282470703,127.33333587646484,128.0,2394276
2016-11-07,90.61112976074219,129.25,130.75,127.79166412353516,128.4583282470703,4567302
2016-11-08,90.05612182617188,128.4583282470703,130.5,127.95833587646484,129.5,4490103
2016-11-09,90.02691650390625,128.4166717529297,130.0,121.33333587646484,123.08333587646484,8218180
2016-11-10,90.43586730957031,129.0,130.2916717529297,128.375,129.5833282470703,4426790
2016-11-11,88.62480163574219,126.41666412353516,128.3333282470703,125.66666412353516,128.3333282470703,3641463
2016-11-15,87.71927642822266,125.125,127.125,124.16666412353516,126.16666412353516,4077310
2016-11-16,87.71927642822266,125.125,126.5,124.375,126.08333587646484,3384367
2016-11-17,88.6832275390625,126.5,127.25,124.33333587646484,125.0,6488716
2016-11-18,92.91876983642578,132.5416717529297,133.3333282470703,126.79166412353516,127.25,13243760
2016-11-21,90.49427795410156,129.0833282470703,133.2083282470703,128.7083282470703,132.5,9888339
2016-11-22,90.02691650390625,128.4166717529297,130.0833282470703,125.875,130.0,10578529
2016-11-23,93.38612365722656,133.2083282470703,134.1666717529297,125.79166412353516,128.6666717529297,10153308
2016-11-24,91.72113037109375,130.8333282470703,133.3333282470703,129.2916717529297,132.3333282470703,5111353
2016-11-25,94.35006713867188,134.5833282470703,135.375,129.5833282470703,131.625,5798672
2016-11-28,96.01506805419922,136.9583282470703,137.4583282470703,133.4166717529297,133.4166717529297,4603195
2016-11-29,95.22638702392578,135.8333282470703,137.6666717529297,135.1666717529297,137.0833282470703,6154771
2016-11-30,95.31403350830078,135.9583282470703,136.6666717529297,134.7916717529297,136.0,9674742
2016-12-01,94.5837631225586,134.9166717529297,137.4583282470703,134.2916717529297,135.9583282470703,3768108
2016-12-02,94.43769836425781,134.7083282470703,135.7916717529297,133.1666717529297,134.9583282470703,3513333
2016-12-05,94.90507507324219,135.375,136.0,133.7916717529297,133.7916717529297,3422251
2016-12-06,95.2848129272461,135.9166717529297,137.9583282470703,135.25,135.8333282470703,5353840
2016-12-07,95.31403350830078,135.9583282470703,138.1666717529297,135.4166717529297,136.5416717529297,3689476
2016-12-08,95.255615234375,135.875,137.625,134.4166717529297,136.625,4154828
2016-12-09,95.83979797363281,136.7083282470703,137.0,134.25,136.2083282470703,2481586
2016-12-12,96.65773010253906,137.875,140.0,136.2916717529297,136.5833282470703,3724072
2016-12-13,96.2779541015625,137.3333282470703,139.1666717529297,135.875,138.625,3550705
2016-12-14,95.54771423339844,136.2916717529297,138.6666717529297,135.875,137.5833282470703,3354277
2016-12-15,93.59059143066406,133.5,137.125,133.125,135.5833282470703,3354172
2016-12-16,93.4737548828125,133.3333282470703,135.1666717529297,132.9583282470703,133.7083282470703,4329195
2016-12-19,93.41533660888672,133.25,134.375,132.7083282470703,134.1666717529297,3143113
2016-12-20,94.55455017089844,134.875,135.4166717529297,133.75,134.0833282470703,2882146
2016-12-21,95.60612487792969,136.375,137.4166717529297,134.2083282470703,135.2916717529297,3838824
2016-12-22,93.76586151123047,133.75,136.75,133.3333282470703,136.125,2898685
2016-12-23,94.08717346191406,134.2083282470703,134.875,131.5833282470703,133.4166717529297,3019249
2016-12-26,93.44454193115234,133.2916717529297,135.125,132.7916717529297,133.4166717529297,2883518
2016-12-27,93.70745849609375,133.6666717529297,134.5416717529297,132.9166717529297,133.25,3137931
2016-12-28,93.91191101074219,133.9583282470703,135.25,133.3333282470703,133.6666717529297,2598544
2016-12-29,95.54771423339844,136.2916717529297,136.875,133.75,133.75,5976016
2016-12-30,96.24874877929688,137.2916717529297,137.875,135.8333282470703,136.0,4244060
2017-01-02,96.2779541015625,137.3333282470703,139.2916717529297,137.0,137.5416717529297,3152186
2017-01-03,96.65773010253906,137.875,138.5416717529297,136.875,137.4166717529297,2448501
2017-01-04,96.30718994140625,137.375,139.5833282470703,136.9583282470703,137.5416717529297,3729337
2017-01-05,96.39482116699219,137.5,138.5833282470703,136.7083282470703,136.7083282470703,6652960
2017-01-06,95.81060791015625,136.6666717529297,138.5833282470703,136.3333282470703,137.5416717529297,4947444
2017-01-09,95.255615234375,135.875,136.9166717529297,134.25,136.6666717529297,4569656
2017-01-10,94.81744384765625,135.25,136.5,134.75,136.125,2423820
2017-01-11,96.10271453857422,137.0833282470703,137.3333282470703,134.875,135.8333282470703,2763603
2017-01-12,101.47746276855469,144.75,145.2916717529297,137.0833282470703,137.5,12138549
2017-01-13,99.90009307861328,142.5,145.8333282470703,142.2083282470703,145.75,6432948
2017-01-16,99.69561004638672,142.2083282470703,144.2916717529297,140.8333282470703,141.125,5560533
2017-01-17,102.64588165283203,146.4166717529297,146.8333282470703,141.875,142.75,7873125
2017-01-18,100.92243957519531,143.9583282470703,146.875,143.3333282470703,146.6666717529297,6211531
2017-01-19,101.74034881591797,145.125,145.8333282470703,143.125,144.1666717529297,7877224
2017-01-20,99.57877349853516,142.0416717529297,145.0833282470703,141.5,144.75,4372642
2017-01-23,99.08216857910156,141.3333282470703,143.7083282470703,141.0,141.6666717529297,4522695
2017-01-24,100.6887435913086,143.625,145.1666717529297,141.4166717529297,141.4166717529297,7209640
2017-01-25,100.10456848144531,142.7916717529297,144.5833282470703,142.0416717529297,143.7916717529297,13115185
2017-01-27,103.69744873046875,147.9166717529297,148.5416717529297,142.8333282470703,142.9166717529297,6091371
2017-01-30,102.64588165283203,146.4166717529297,148.25,145.4166717529297,147.375,5516523
2017-01-31,100.6887435913086,143.625,148.0833282470703,143.125,146.6666717529297,7441196
2017-02-01,99.8416519165039,142.4166717529297,144.4166717529297,141.0833282470703,143.875,10397133
2017-02-02,100.80562591552734,143.7916717529297,146.6666717529297,143.125,143.9166717529297,7142464
2017-02-03,100.455078125,143.2916717529297,144.7083282470703,142.875,143.75,4129434
2017-02-06,101.41903686523438,144.6666717529297,145.75,143.4166717529297,143.75,6082885
2017-02-07,101.0685043334961,144.1666717529297,146.25,143.625,144.0,6618921
2017-02-08,100.42585754394531,143.25,146.0416717529297,141.875,145.3333282470703,10220055
2017-02-09,98.2643051147461,140.1666717529297,144.9583282470703,139.5,143.25,7504140
2017-02-10,99.52035522460938,141.9583282470703,143.0416717529297,140.5416717529297,141.0416717529297,4783242
2017-02-13,100.7763900756836,143.75,144.25,142.4583282470703,142.4583282470703,7380872
2017-02-14,99.81245422363281,142.375,144.0833282470703,141.5833282470703,144.0833282470703,5174097
2017-02-15,100.29300689697266,140.875,142.1666717529297,140.25,140.625,4591172
2017-02-16,101.03457641601562,141.9166717529297,142.375,140.9166717529297,141.25,4049570
2017-02-17,100.70828247070312,141.4583282470703,142.4583282470703,140.7083282470703,142.25,3268471
2017-02-20,101.92450714111328,143.1666717529297,143.8333282470703,141.25,141.6666717529297,7358422
2017-02-21,102.33978271484375,143.75,144.2083282470703,142.125,143.2916717529297,2167004
2017-02-22,98.8988265991211,138.9166717529297,145.0,138.2916717529297,144.875,8138626
2017-02-23,98.1868896484375,137.9166717529297,139.5,136.7083282470703,139.5,8046589
2017-02-27,98.1275405883789,137.8333282470703,138.7083282470703,136.3333282470703,138.4583282470703,8850588
2017-02-28,96.67402648925781,135.7916717529297,138.4583282470703,135.2083282470703,138.3333282470703,16850186
2017-03-01,94.89419555664062,133.2916717529297,136.9166717529297,132.5,136.2083282470703,11781903
2017-03-02,92.52111053466797,129.9583282470703,134.0833282470703,129.375,134.0833282470703,16388160
2017-03-03,92.61009979248047,130.0833282470703,131.0,128.9166717529297,129.9583282470703,9776836
2017-03-06,93.97462463378906,132.0,132.5,130.0833282470703,130.75,5028422
2017-03-07,93.38134765625,131.1666717529297,133.375,130.8333282470703,133.3333282470703,4820226
2017-03-08,93.203369140625,130.9166717529297,132.125,130.2083282470703,131.3333282470703,3653134
2017-03-09,93.91531372070312,131.9166717529297,132.7083282470703,129.6666717529297,130.5416717529297,5600349
2017-03-10,93.203369140625,130.9166717529297,132.875,130.3333282470703,131.9583282470703,2902393
2017-03-14,94.68656158447266,133.0,134.125,131.75,133.7083282470703,5506806
2017-03-15,94.12296295166016,132.2083282470703,133.3333282470703,131.9166717529297,132.9166717529297,3038296
2017-03-16,95.66546630859375,134.375,134.5833282470703,132.5416717529297,132.875,3935551
2017-03-17,94.89419555664062,133.2916717529297,134.875,132.2916717529297,134.75,7716466
2017-03-20,95.75444793701172,134.5,134.875,132.5833282470703,132.5833282470703,2691794
2017-03-21,96.19940185546875,135.125,135.4583282470703,133.3333282470703,134.5416717529297,3637201
2017-03-22,95.36881256103516,133.9583282470703,135.0,133.5416717529297,134.4166717529297,2992011
2017-03-23,97.53425598144531,137.0,137.3333282470703,134.25,134.5,6384273
2017-03-24,97.65292358398438,137.1666717529297,137.9583282470703,136.25,137.375,4581844
2017-03-27,96.91133880615234,136.125,137.4583282470703,135.8333282470703,136.6666717529297,3264932
2017-03-28,97.83091735839844,137.4166717529297,137.7916717529297,136.5833282470703,136.75,1686946
2017-03-29,97.2673110961914,136.625,138.2916717529297,136.1666717529297,138.2916717529297,4597850
2017-03-30,96.76301574707031,135.9166717529297,137.9166717529297,135.5,136.7083282470703,9615726
2017-03-31,98.48350524902344,138.3333282470703,138.9583282470703,135.9166717529297,136.3333282470703,3814359
2017-04-03,97.68258666992188,137.2083282470703,139.4166717529297,136.7083282470703,138.3333282470703,3542816
2017-04-05,98.7801513671875,138.75,140.0,137.25,138.25,6131202
2017-04-06,99.49208068847656,139.75,140.0416717529297,137.5,138.75,5319375
2017-04-07,99.81838989257812,140.2083282470703,141.0833282470703,138.3333282470703,139.1666717529297,7405474
2017-04-10,98.92845153808594,138.9583282470703,140.7916717529297,137.7083282470703,140.0416717529297,2686148
2017-04-11,99.07676696777344,139.1666717529297,139.9166717529297,136.0833282470703,139.2083282470703,17414233
2017-04-12,97.86055755615234,137.4583282470703,140.2083282470703,136.9166717529297,139.5,8425531
2017-04-13,97.68258666992188,137.2083282470703,137.875,136.8333282470703,137.5,4090750
2017-04-17,94.50857543945312,132.75,137.5,132.0,137.25,9580728
2017-04-18,95.93244171142578,134.75,136.2083282470703,133.3333282470703,133.75,5073410
2017-04-19,97.83091735839844,137.4166717529297,138.25,134.25,134.75,5434806
2017-04-20,97.11900329589844,136.4166717529297,137.4166717529297,136.0,137.3333282470703,2381107
2017-04-21,99.19544982910156,139.3333282470703,139.5833282470703,136.625,136.7083282470703,9538297
2017-04-24,98.80984497070312,138.7916717529297,140.375,138.125,139.3333282470703,2517796
2017-04-25,98.15723419189453,137.875,139.1666717529297,136.2916717529297,139.125,3704083
2017-04-26,98.2461929321289,138.0,138.7083282470703,137.0,137.875,4119194
2017-04-27,97.35628509521484,136.75,138.7083282470703,135.8333282470703,137.7083282470703,4868335
2017-04-28,97.5936050415039,137.0833282470703,137.6666717529297,136.1666717529297,136.6666717529297,3063996
2017-05-02,96.16972351074219,135.0833282470703,138.0,134.4166717529297,137.2083282470703,4025983
2017-05-03,96.16972351074219,135.0833282470703,137.125,134.4583282470703,135.8333282470703,3870368
2017-05-04,96.49604034423828,135.5416717529297,136.125,135.125,135.5,3344888
2017-05-05,94.7458724975586,133.0833282470703,135.3333282470703,132.875,135.2916717529297,2507920
2017-05-08,95.27983856201172,133.8333282470703,134.4583282470703,132.8333282470703,132.8333282470703,3692730
2017-05-09,95.66546630859375,134.375,134.625,133.2083282470703,134.4583282470703,3186598
2017-05-10,96.22909545898438,135.1666717529297,135.7916717529297,134.3333282470703,134.4583282470703,2730601
2017-05-11,95.07219696044922,133.5416717529297,135.375,133.125,135.25,4567666
2017-05-12,94.2416000366211,132.375,134.6666717529297,131.6666717529297,133.375,2748128
2017-05-15,94.77555847167969,133.125,133.3333282470703,131.5,132.5,2060881
2017-05-16,94.89419555664062,133.2916717529297,134.0833282470703,132.8333282470703,133.125,5617327
2017-05-17,94.27127075195312,132.4166717529297,134.8333282470703,132.0833282470703,133.75,8423958
2017-05-18,93.61865997314453,131.5,132.7916717529297,131.0833282470703,131.6666717529297,6185143
2017-05-19,94.38990783691406,132.5833282470703,133.9166717529297,131.75,132.8333282470703,2852978
2017-05-22,93.85595703125,131.8333282470703,133.5416717529297,131.4583282470703,132.75,3324104
2017-05-23,93.1143798828125,130.7916717529297,132.0,129.25,131.6666717529297,2820800
2017-05-24,92.81774139404297,130.375,132.375,129.6666717529297,130.9166717529297,2830014
2017-05-25,92.75843048095703,130.2916717529297,130.9583282470703,129.0,130.5416717529297,5992188
2017-05-26,92.55076599121094,130.0,130.5,129.5833282470703,130.2083282470703,3186957
2017-05-29,92.847412109375,130.4166717529297,131.5,127.625,130.75,8203143
2017-05-30,95.66546630859375,134.375,136.25,130.3333282470703,130.4166717529297,5871019
2017-05-31,95.04251861572266,133.5,135.5833282470703,133.1666717529297,133.4166717529297,6385513
2017-06-01,95.30948638916016,133.875,134.6666717529297,132.9583282470703,133.5,2350266
2017-06-02,96.46639251708984,135.5,136.1666717529297,134.0,134.125,5955807
2017-06-05,96.46639251708984,135.5,135.9166717529297,134.5833282470703,135.2083282470703,2986412
2017-06-06,93.79666137695312,131.75,135.8333282470703,131.4583282470703,135.8333282470703,5236093
2017-06-07,93.6483383178711,131.5416717529297,132.0833282470703,130.7916717529297,131.4166717529297,10697568
2017-06-08,93.6483383178711,131.5416717529297,131.9166717529297,130.6666717529297,131.75,1812870
2017-06-09,93.61865997314453,131.5,132.9583282470703,130.2916717529297,131.6666717529297,2940114
2017-06-12,93.70767211914062,131.625,132.3333282470703,129.8333282470703,131.6666717529297,3738913
2017-06-13,94.92386627197266,133.3333282470703,133.5833282470703,131.75,131.875,4090297
2017-06-14,94.89419555664062,133.2916717529297,133.5833282470703,132.0,133.5833282470703,2630623
2017-06-15,94.36027526855469,132.5416717529297,135.4166717529297,131.875,132.9583282470703,6250599
2017-06-16,95.27983856201172,133.8333282470703,134.375,132.5416717529297,132.5416717529297,5082594
2017-06-19,95.48748016357422,134.125,134.75,132.7916717529297,134.25,3415876
2017-06-20,94.30091857910156,132.4583282470703,134.0,132.2083282470703,133.5416717529297,2603080
2017-06-21,94.80520629882812,133.1666717529297,134.1666717529297,131.5,132.7083282470703,4094097
2017-06-22,94.30091857910156,132.4583282470703,134.0,131.9166717529297,133.375,5139614
2017-06-23,93.6483383178711,131.5416717529297,134.0833282470703,131.0416717529297,132.4166717529297,4643132
2017-06-27,93.677978515625,131.5833282470703,132.3333282470703,129.1666717529297,131.25,3746638
2017-06-28,94.71621704101562,133.0416717529297,133.4166717529297,131.0416717529297,131.5833282470703,5058873
2017-06-29,94.12296295166016,132.2083282470703,133.25,131.5416717529297,132.5,10103880
2017-06-30,94.30091857910156,132.4583282470703,133.2083282470703,130.875,131.9166717529297,6122950
2017-07-03,92.99573516845703,130.625,132.4166717529297,129.4166717529297,132.4166717529297,8945122
2017-07-04,93.76698303222656,131.7083282470703,133.125,131.5,132.5833282470703,5282948
2017-07-05,94.33058166503906,132.5,133.4166717529297,131.5,131.8333282470703,5059808
2017-07-06,93.76698303222656,131.7083282470703,132.2083282470703,130.8333282470703,131.75,5379126
2017-07-07,94.36027526855469,132.5416717529297,133.0,131.3333282470703,131.5833282470703,4768952
2017-07-10,94.95353698730469,133.375,134.0833282470703,131.6666717529297,133.6666717529297,1170691
2017-07-11,96.88167572021484,136.0833282470703,137.25,133.25,133.375,5956020
2017-07-12,97.32661437988281,136.7083282470703,137.0,135.5833282470703,136.1666717529297,4097499
2017-07-13,97.23764038085938,136.5833282470703,138.5,136.25,137.5,3014683
2017-07-14,99.2547607421875,139.4166717529297,140.25,136.125,136.6666717529297,4127641
2017-07-17,99.99634552001953,140.4583282470703,140.8333282470703,139.5416717529297,140.6666717529297,4854055
2017-07-18,99.403076171875,139.625,143.2083282470703,138.5,139.8333282470703,4280904
2017-07-19,99.55140686035156,139.8333282470703,142.1666717529297,139.0,140.0833282470703,4443198
2017-07-20,98.15723419189453,137.875,140.6666717529297,137.375,139.9166717529297,3079837
2017-07-21,97.77156829833984,137.3333282470703,138.8333282470703,134.9166717529297,137.8333282470703,4679146
2017-07-24,97.32661437988281,136.7083282470703,138.75,136.5,136.75,4095321
2017-07-25,97.23764038085938,136.5833282470703,138.0833282470703,136.375,136.75,5238774
2017-07-26,98.69114685058594,138.625,139.2916717529297,136.6666717529297,136.6666717529297,4710169
2017-07-27,98.1275405883789,137.8333282470703,139.3333282470703,136.875,139.1666717529297,13313542
2017-07-28,97.23764038085938,136.5833282470703,138.2083282470703,134.8333282470703,137.4166717529297,5825488
2017-07-31,97.41561889648438,136.8333282470703,138.9583282470703,134.9583282470703,138.0833282470703,11319219
2017-08-01,98.0088882446289,137.6666717529297,138.3333282470703,135.9166717529297,137.1666717529297,7131372
2017-08-02,101.95415496826172,143.2083282470703,144.125,138.2083282470703,138.2083282470703,22272063
2017-08-03,102.36947631835938,143.7916717529297,145.2083282470703,141.7083282470703,143.3333282470703,7242470
2017-08-04,105.21717834472656,147.7916717529297,148.5,141.3333282470703,143.625,9251462
2017-08-07,103.49668884277344,145.375,149.2916717529297,144.8333282470703,147.75,4356682
2017-08-08,101.53886413574219,142.625,144.7083282470703,141.1666717529297,143.5833282470703,4508409
2017-08-09,103.02204895019531,144.7083282470703,146.125,142.0833282470703,142.5,3248853
2017-08-10,102.42878723144531,143.875,145.2083282470703,141.1666717529297,144.7083282470703,2957564
2017-08-11,100.17434692382812,140.7083282470703,144.0,139.5416717529297,141.25,6021926
2017-08-14,101.89483642578125,143.125,144.6666717529297,140.5833282470703,141.6666717529297,4955436
2017-08-16,100.91593933105469,141.75,144.5833282470703,141.375,142.9166717529297,6909514
2017-08-17,104.89086151123047,147.3333282470703,147.875,141.0833282470703,142.5,6198212
2017-08-18,102.87374114990234,144.5,148.875,143.875,147.8333282470703,9086977
2017-08-21,102.04316711425781,143.3333282470703,145.9166717529297,143.0416717529297,144.3333282470703,4958263
2017-08-22,99.49208068847656,139.75,144.875,139.3333282470703,144.8333282470703,5514501
2017-08-23,101.00492095947266,141.875,142.5833282470703,139.6666717529297,140.0,5016500
2017-08-24,100.2633285522461,140.8333282470703,143.0,140.2083282470703,142.5,5959692
2017-08-28,102.81441497802734,144.4166717529297,145.0,141.4166717529297,141.4166717529297,6243884
2017-08-29,99.90738677978516,140.3333282470703,140.75,138.4166717529297,138.5416717529297,26027901
2017-08-30,99.640380859375,139.9583282470703,142.7916717529297,138.125,138.3333282470703,24858153
2017-08-31,100.11502075195312,140.625,141.0,136.4583282470703,136.6666717529297,100020078
2017-09-01,99.81838989257812,140.2083282470703,140.75,138.9583282470703,139.5416717529297,6407655
2017-09-04,99.81838989257812,140.2083282470703,141.0,139.0416717529297,139.1666717529297,5787289
2017-09-05,100.55997467041016,141.25,141.4583282470703,139.625,140.3333282470703,3431329
2017-09-06,100.82695007324219,141.625,141.875,140.625,140.7916717529297,2789814
2017-09-07,102.22114562988281,141.75,142.25,139.875,140.0,5341582
2017-09-08,100.80889892578125,139.7916717529297,141.75,138.7916717529297,141.0,3959727
2017-09-11,102.4915771484375,142.125,142.75,138.9583282470703,139.5833282470703,13794789
2017-09-12,102.37139129638672,141.9583282470703,143.2083282470703,141.0416717529297,142.0416717529297,4997685
2017-09-13,101.53006744384766,140.7916717529297,142.8333282470703,140.5,141.4166717529297,5065327
2017-09-14,101.34978485107422,140.5416717529297,141.6666717529297,140.0833282470703,140.7916717529297,7281802
2017-09-15,100.56853485107422,139.4583282470703,140.1666717529297,139.0833282470703,140.0,6626685
2017-09-18,100.95914459228516,140.0,141.9583282470703,139.75,140.0,3664866
2017-09-19,101.56009674072266,140.8333282470703,141.3333282470703,139.0416717529297,140.0,2329150
2017-09-20,100.8389663696289,139.8333282470703,141.1666717529297,138.875,140.8333282470703,4668108
2017-09-21,101.07936096191406,140.1666717529297,140.4166717529297,139.2083282470703,139.25,3728936
2017-09-22,99.75724792480469,138.3333282470703,140.0,137.125,139.5416717529297,6742154
2017-09-25,99.90750885009766,138.5416717529297,139.9166717529297,137.3333282470703,139.1666717529297,5028435
2017-09-26,100.32816314697266,139.125,139.5416717529297,136.7916717529297,139.0833282470703,4261666
2017-09-27,99.15631866455078,137.5,139.5416717529297,137.0833282470703,139.375,3760716
2017-09-28,99.78730773925781,138.375,138.75,136.75,137.5,6199570
2017-09-29,100.62864685058594,139.5416717529297,139.9583282470703,137.7083282470703,138.75,4245489
2017-10-03,101.19954681396484,140.3333282470703,140.7916717529297,139.6666717529297,140.0,5038693
2017-10-04,100.98921203613281,140.0416717529297,141.0,139.3333282470703,140.3333282470703,6354854
2017-10-05,102.82209014892578,142.5833282470703,143.0,139.8333282470703,139.875,13895436
2017-10-06,105.7967758178711,146.7083282470703,148.3333282470703,142.625,142.7083282470703,18944218
2017-10-09,105.10568237304688,145.75,148.0,145.125,145.7916717529297,6961627
2017-10-10,105.46625518798828,146.25,146.5416717529297,145.25,145.75,5929921
2017-10-11,105.07564544677734,145.7083282470703,147.7083282470703,145.2083282470703,146.75,5036053
2017-10-12,106.1874008178711,147.25,149.0833282470703,145.8333282470703,145.8333282470703,19542392
2017-10-13,105.67658233642578,146.5416717529297,148.6666717529297,145.6666717529297,148.3333282470703,6797923
2017-10-16,105.43621063232422,146.2083282470703,147.625,145.75,146.6666717529297,2658920
2017-10-17,105.7066421508789,146.5833282470703,147.0833282470703,144.7916717529297,146.4166717529297,23635226
2017-10-18,106.99867248535156,148.375,150.0,145.8333282470703,146.9166717529297,8205376
2017-10-19,105.1958236694336,145.875,148.75,145.1666717529297,148.6666717529297,556915
2017-10-23,106.33763122558594,147.4583282470703,148.25,144.7083282470703,145.875,6443756
2017-10-24,109.16207122802734,151.375,152.4166717529297,146.875,147.5,14176243
2017-10-25,110.1836929321289,152.7916717529297,154.4583282470703,151.5,151.5833282470703,10983906
2017-10-26,110.96495056152344,153.875,154.25,152.0833282470703,152.7083282470703,11019600
2017-10-27,109.34237670898438,151.625,156.6666717529297,151.0416717529297,153.75,7227376
2017-10-30,109.73297882080078,152.1666717529297,152.625,151.75,151.75,5224491
2017-10-31,108.92169189453125,151.0416717529297,152.6666717529297,150.0833282470703,152.5,9992200
2017-11-01,108.62123107910156,150.625,153.75,150.0416717529297,151.0,9539526
2017-11-02,108.32074737548828,150.2083282470703,150.7083282470703,147.4166717529297,147.5833282470703,7958055
2017-11-03,109.34237670898438,151.625,153.25,149.1666717529297,149.1666717529297,10815914
2017-11-06,107.71981048583984,149.375,151.5833282470703,148.875,151.5833282470703,4282537
2017-11-07,107.20902252197266,148.6666717529297,150.6666717529297,147.625,149.75,10390363
2017-11-08,105.97705078125,146.9583282470703,149.3333282470703,146.5416717529297,148.25,7184114
2017-11-09,106.99867248535156,148.375,149.7916717529297,147.125,147.125,5041654
2017-11-10,106.09725952148438,147.125,148.6666717529297,146.2916717529297,148.2083282470703,6573186
2017-11-13,106.33763122558594,147.4583282470703,149.125,146.875,148.375,5605167
2017-11-14,106.397705078125,147.5416717529297,151.5416717529297,146.875,147.9166717529297,11136588
2017-11-15,104.68504333496094,145.1666717529297,147.4583282470703,144.625,147.0416717529297,8244417
2017-11-16,106.03717041015625,147.0416717529297,148.6666717529297,145.0833282470703,146.25,8639272
2017-11-17,106.69819641113281,147.9583282470703,150.0416717529297,146.75,148.4166717529297,8639323
2017-11-20,108.44094848632812,150.375,150.9583282470703,147.625,147.625,5624824
2017-11-21,109.94332122802734,152.4583282470703,154.8333282470703,150.5,150.6666717529297,12956512
2017-11-22,109.28227233886719,151.5416717529297,154.1666717529297,150.9583282470703,153.375,7199913
2017-11-23,108.41089630126953,150.3333282470703,152.0833282470703,149.125,151.5833282470703,6313909
2017-11-24,108.35079956054688,150.25,151.4583282470703,149.25,150.0,4985976
2017-11-27,111.9865493774414,155.2916717529297,155.7083282470703,149.6666717529297,150.0,12239492
2017-11-28,109.85315704345703,152.3333282470703,154.9583282470703,151.9583282470703,154.9583282470703,21490923
2017-11-29,109.37242126464844,151.6666717529297,153.6666717529297,151.3333282470703,153.1666717529297,14803374
2017-11-30,108.86163330078125,150.9583282470703,152.5416717529297,149.9583282470703,150.8333282470703,21081258
2017-12-01,108.9517593383789,151.0833282470703,153.0833282470703,150.4166717529297,152.3333282470703,5247830
2017-12-04,108.29071044921875,150.1666717529297,151.875,149.7083282470703,151.5833282470703,10381372
2017-12-05,106.42776489257812,147.5833282470703,149.625,146.9166717529297,149.625,9543513
2017-12-06,105.55640411376953,146.375,148.125,145.5833282470703,146.7083282470703,10349719
2017-12-07,108.35079956054688,150.25,151.2083282470703,145.9166717529297,147.5,13097042
2017-12-08,108.41089630126953,150.3333282470703,151.375,148.375,148.4166717529297,13832593
2017-12-11,107.17896270751953,148.625,151.6666717529297,148.0833282470703,151.3333282470703,8522901
2017-12-12,105.7066421508789,146.5833282470703,148.2083282470703,145.75,148.0833282470703,9448897
2017-12-13,105.7967758178711,146.7083282470703,147.5,146.125,147.25,8234570
2017-12-14,106.54796600341797,147.75,148.25,144.625,146.75,8551278
2017-12-15,106.63809204101562,147.875,148.8333282470703,146.75,148.4166717529297,6455800
2017-12-18,106.8183822631836,148.125,148.5416717529297,144.875,146.1666717529297,6610290
2017-12-19,108.20059204101562,150.0416717529297,150.2916717529297,147.4583282470703,148.2083282470703,7419950
2017-12-20,107.23905181884766,148.7083282470703,150.3333282470703,148.0833282470703,150.1666717529297,5873828
2017-12-21,108.23060607910156,150.0833282470703,150.2916717529297,148.75,149.0416717529297,6576799
2017-12-22,108.02030181884766,149.7916717529297,150.5416717529297,149.3333282470703,149.5833282470703,3793356
2017-12-26,107.23905181884766,148.7083282470703,150.4166717529297,147.4166717529297,150.4166717529297,11741056
2017-12-27,106.66815185546875,147.9166717529297,150.25,147.1666717529297,148.7083282470703,7842159
2017-12-28,105.85689544677734,146.7916717529297,148.9166717529297,146.2916717529297,148.25,17995456
2017-12-29,106.36770629882812,147.5,148.5416717529297,146.5,147.4583282470703,8900653
2018-01-01,106.09725952148438,147.125,147.7916717529297,146.4166717529297,147.5416717529297,6689762
2018-01-02,107.50946807861328,149.0833282470703,149.375,147.125,147.3333282470703,10171537
2018-01-03,106.397705078125,147.5416717529297,150.25,147.2916717529297,149.5833282470703,12409998
2018-01-04,106.42776489257812,147.5833282470703,148.25,147.125,147.875,8712321
2018-01-05,106.66815185546875,147.9166717529297,148.5416717529297,147.0833282470703,147.75,12431070
2018-01-08,106.7583236694336,148.0416717529297,148.75,147.4166717529297,148.0,7290126
2018-01-09,106.1874008178711,147.25,148.6666717529297,146.4583282470703,148.25,7868696
2018-01-10,104.53478240966797,144.9583282470703,147.3333282470703,144.5,146.8333282470703,9836607
2018-01-11,104.26435852050781,144.5833282470703,145.75,144.1666717529297,145.0,6643371
2018-01-12,103.66340637207031,143.75,145.0833282470703,143.1666717529297,144.75,8369301
2018-01-15,103.93384552001953,144.125,146.1666717529297,143.1666717529297,144.1666717529297,5463837
2018-01-16,104.11412048339844,144.375,145.5,142.1666717529297,144.6666717529297,10138000
2018-01-17,104.71505737304688,145.2083282470703,145.7083282470703,142.375,144.3333282470703,7596332
2018-01-18,103.45307922363281,143.4583282470703,145.7083282470703,143.0416717529297,145.7083282470703,8280381
2018-01-19,103.81364440917969,143.9583282470703,144.5416717529297,141.8333282470703,143.375,3836697
2018-01-22,103.60334014892578,143.6666717529297,144.4166717529297,142.875,144.1666717529297,5422626
2018-01-23,103.78360748291016,143.9166717529297,146.875,143.4166717529297,143.4166717529297,6478592
2018-01-24,104.5648422241211,145.0,145.5833282470703,143.0,143.875,11677422
2018-01-25,103.33289337158203,143.2916717529297,146.25,142.8333282470703,144.625,13565392
2018-01-29,102.79204559326172,142.5416717529297,143.9583282470703,142.0833282470703,143.3333282470703,12918822
2018-01-30,102.34131622314453,141.9166717529297,143.75,141.5,142.5416717529297,9204885
2018-01-31,102.311279296875,141.875,142.4583282470703,140.625,141.6666717529297,7820538
2018-02-01,101.59015655517578,140.875,141.5,139.5,141.0416717529297,11024756
2018-02-02,99.27649688720703,137.6666717529297,140.4583282470703,137.3333282470703,139.5833282470703,4803742
2018-02-05,99.90750885009766,138.5416717529297,139.5,135.0,135.0,7129994
2018-02-06,99.33659362792969,137.75,138.3333282470703,134.375,135.0,4853142
2018-02-07,101.09638977050781,137.875,138.5416717529297,132.375,137.0833282470703,11374195
2018-02-08,100.02706909179688,136.4166717529297,138.125,135.8333282470703,137.875,7486767
2018-02-09,99.75211334228516,136.0416717529297,136.7083282470703,133.75,135.375,4518222
2018-02-12,100.76030731201172,137.4166717529297,137.75,135.0833282470703,136.5,10466476
2018-02-14,99.56878662109375,135.7916717529297,138.0833282470703,135.125,137.5,4921964
2018-02-15,99.72154235839844,136.0,136.9583282470703,135.5416717529297,136.2083282470703,2581964
2018-02-16,99.47713470458984,135.6666717529297,136.5,135.0416717529297,136.25,7340724
2018-02-19,99.53826141357422,135.75,136.375,134.5416717529297,136.125,2634882
2018-02-20,100.33258056640625,136.8333282470703,137.5833282470703,135.0833282470703,135.2916717529297,6225978
2018-02-21,99.17161560058594,135.25,137.5,134.5833282470703,137.5,9316350
2018-02-22,98.22450256347656,133.9583282470703,135.25,133.4583282470703,134.9166717529297,5934736
2018-02-23,99.93541717529297,136.2916717529297,136.6666717529297,134.0416717529297,134.2083282470703,4571212
2018-02-26,99.56878662109375,135.7916717529297,136.375,134.5833282470703,136.3333282470703,3486711
2018-02-27,101.157470703125,137.9583282470703,138.3333282470703,135.4583282470703,136.6666717529297,3844933
2018-02-28,99.75211334228516,136.0416717529297,137.6666717529297,135.4583282470703,136.6666717529297,5257828
2018-03-01,99.5993423461914,135.8333282470703,136.4583282470703,135.0,136.4166717529297,2576112
2018-03-05,99.78265380859375,136.0833282470703,137.5833282470703,133.375,134.5833282470703,3945470
2018-03-06,99.81321716308594,136.125,137.4583282470703,135.1666717529297,136.9166717529297,6137704
2018-03-07,99.90487670898438,136.25,137.25,134.9166717529297,135.8333282470703,3130801
2018-03-08,101.00475311279297,137.75,138.3333282470703,135.2083282470703,136.6666717529297,5446693
2018-03-09,100.45480346679688,137.0,137.75,135.4583282470703,137.5833282470703,4485285
2018-03-12,104.57930755615234,142.625,143.9583282470703,136.75,137.3333282470703,3493401
2018-03-13,103.51000213623047,141.1666717529297,142.2916717529297,139.4166717529297,141.1666717529297,3752316
2018-03-14,103.69332122802734,141.4166717529297,141.7916717529297,140.125,141.0833282470703,4448883
2018-03-15,103.81550598144531,141.5833282470703,141.7916717529297,139.4166717529297,140.8333282470703,4383296
2018-03-16,100.72977447509766,137.375,141.2083282470703,136.375,139.8333282470703,14854449
2018-03-19,102.04350280761719,139.1666717529297,139.9166717529297,136.375,137.5,6026004
2018-03-20,101.67687225341797,138.6666717529297,139.4166717529297,137.2083282470703,138.6666717529297,3780434
2018-03-21,104.09048461914062,141.9583282470703,142.375,138.0416717529297,139.5833282470703,6866022
2018-03-22,104.45707702636719,142.4583282470703,142.6666717529297,140.4166717529297,140.8333282470703,4472313
2018-03-23,103.90716552734375,141.7083282470703,143.1666717529297,140.25,140.75,10827793
2018-03-26,103.78495025634766,141.5416717529297,142.5,140.625,141.625,6600055
2018-03-27,104.5182113647461,142.5416717529297,142.9166717529297,140.375,141.875,4195293
2018-03-28,103.69332122802734,141.4166717529297,142.5,138.7083282470703,142.25,10138818
2018-04-02,104.12102508544922,142.0,142.375,140.0833282470703,141.5833282470703,3367125
2018-04-03,103.47943115234375,141.125,143.25,140.5,142.3333282470703,4460793
2018-04-04,101.7685546875,138.7916717529297,141.125,137.9166717529297,140.9583282470703,3998232
2018-04-05,103.2350082397461,140.7916717529297,141.4583282470703,139.0,139.1666717529297,3916746
2018-04-06,103.54053497314453,141.2083282470703,141.6666717529297,139.2916717529297,140.3333282470703,3134724
2018-04-09,103.66275787353516,141.375,142.0416717529297,140.375,140.8333282470703,3930802
2018-04-10,102.89894104003906,140.3333282470703,142.0,140.125,141.5833282470703,2607237
2018-04-11,102.96007537841797,140.4166717529297,142.1666717529297,139.75,141.0833282470703,6787894
2018-04-12,103.57110595703125,141.25,141.5416717529297,139.4583282470703,140.0833282470703,6867020
2018-04-13,104.45707702636719,142.4583282470703,143.0833282470703,140.9583282470703,141.3333282470703,3483164
2018-04-16,106.38187408447266,145.0833282470703,145.75,141.3333282470703,141.3333282470703,3694548
2018-04-17,108.12332153320312,147.4583282470703,148.1666717529297,145.0833282470703,145.375,6699236
2018-04-18,109.10100555419922,148.7916717529297,150.0,146.9583282470703,147.0833282470703,4948994
2018-04-19,108.48994445800781,147.9583282470703,149.6666717529297,147.5,149.1666717529297,3141238
2018-04-20,106.53462219238281,145.2916717529297,148.2916717529297,144.375,148.2916717529297,3495886
2018-04-23,106.07635498046875,144.6666717529297,146.25,144.2916717529297,145.0416717529297,3569025
2018-04-24,105.61807250976562,144.0416717529297,145.5416717529297,143.4166717529297,144.625,2003576
2018-04-25,105.00704193115234,143.2083282470703,144.0416717529297,141.25,144.0,5424140
2018-04-26,105.09867858886719,143.3333282470703,144.875,141.2916717529297,143.875,5347538
2018-04-27,104.33488464355469,142.2916717529297,143.9583282470703,141.1666717529297,143.8333282470703,9327048
2018-04-30,105.19033813476562,143.4583282470703,144.2916717529297,141.5,142.6666717529297,2290147
2018-05-02,104.12102508544922,142.0,143.9583282470703,141.5,143.9583282470703,2610385
2018-05-03,106.50407409667969,145.25,146.8333282470703,141.7083282470703,142.2916717529297,3549040
2018-05-04,104.42655181884766,142.4166717529297,145.1666717529297,142.1666717529297,145.1666717529297,3371295
2018-05-07,104.18211364746094,142.0833282470703,143.5833282470703,141.6666717529297,142.625,5823535
2018-05-08,104.73206329345703,142.8333282470703,143.3333282470703,141.875,142.5416717529297,3453937
2018-05-09,104.12102508544922,142.0,143.6666717529297,141.5833282470703,142.125,10928712
2018-05-10,102.96007537841797,140.4166717529297,143.0833282470703,139.875,142.8333282470703,9844190
2018-05-11,102.31847381591797,139.5416717529297,141.875,139.0833282470703,140.0,15561708
2018-05-14,104.88482666015625,143.0416717529297,144.0833282470703,138.25,139.5833282470703,7046984
2018-05-15,103.93771362304688,141.75,144.9583282470703,141.0833282470703,141.875,5782708
2018-05-16,103.87661743164062,141.6666717529297,143.0833282470703,140.4166717529297,142.125,3899072
2018-05-17,102.10457611083984,139.25,142.5833282470703,138.8333282470703,141.75,6783446
2018-05-18,101.79907989501953,138.8333282470703,140.0833282470703,138.125,138.75,5496430
2018-05-21,100.45480346679688,137.0,139.3333282470703,135.5833282470703,138.3333282470703,3879174
2018-05-22,100.91307830810547,137.625,139.9583282470703,136.6666717529297,136.875,4612272
2018-05-23,101.7685546875,138.7916717529297,139.9583282470703,137.125,137.3333282470703,3475720
2018-05-24,100.85198211669922,137.5416717529297,139.8333282470703,136.875,138.875,2379879
2018-05-25,101.00475311279297,137.75,140.0833282470703,137.4166717529297,137.8333282470703,7705690
2018-05-28,102.4712142944336,139.75,141.5416717529297,137.9583282470703,138.375,11540245
2018-05-29,101.40191650390625,138.2916717529297,141.1666717529297,137.25,140.7083282470703,7141778
2018-05-30,101.00475311279297,137.75,140.2916717529297,137.0,137.0833282470703,5414080
2018-05-31,102.37955474853516,139.625,142.0416717529297,136.75,137.9166717529297,29432894
2018-06-01,100.42426300048828,136.9583282470703,139.5833282470703,136.4166717529297,139.5833282470703,2975864
2018-06-04,99.01885986328125,135.0416717529297,137.8333282470703,134.875,137.3333282470703,5021538
2018-06-05,98.56057739257812,134.4166717529297,135.4583282470703,133.3333282470703,134.5833282470703,2369418
2018-06-06,99.29383850097656,135.4166717529297,135.875,133.5416717529297,134.5,3647491
2018-06-07,99.29383850097656,135.4166717529297,136.25,134.8333282470703,135.0,4624826
2018-06-08,98.65223693847656,134.5416717529297,135.4166717529297,134.0,135.2083282470703,2199740
2018-06-11,98.83554077148438,134.7916717529297,135.5,134.375,134.5833282470703,4838494
2018-06-12,98.56057739257812,134.4166717529297,135.4583282470703,134.0833282470703,135.0,3082809
2018-06-13,97.91899871826172,133.5416717529297,134.7083282470703,133.3333282470703,134.5833282470703,6527995
2018-06-14,96.78857421875,132.0,133.5,131.6666717529297,133.5,6200254
2018-06-15,95.35263061523438,130.0416717529297,132.25,128.7916717529297,132.0833282470703,10800649
2018-06-18,95.93310546875,130.8333282470703,131.5,129.9166717529297,130.2916717529297,2289944
2018-06-19,95.41373443603516,130.125,131.125,128.4583282470703,131.125,5222522
2018-06-20,95.96365356445312,130.875,131.4166717529297,129.9166717529297,130.6666717529297,7262452
2018-06-21,94.86377716064453,129.375,131.4166717529297,129.0833282470703,131.4166717529297,9600354
2018-06-22,96.11641693115234,131.0833282470703,131.8333282470703,128.0833282470703,129.1666717529297,5141889
2018-06-25,94.49716186523438,128.875,131.4166717529297,127.79166412353516,130.875,8198617
2018-06-26,95.0776596069336,129.6666717529297,130.25,127.95833587646484,128.7083282470703,6173371
2018-06-27,93.97779083251953,128.1666717529297,130.375,126.33333587646484,130.375,7083915
2018-06-28,95.56648254394531,130.3333282470703,131.5833282470703,124.58333587646484,127.5,15010362
2018-06-29,97.55237579345703,133.0416717529297,134.0833282470703,128.0,129.4583282470703,6659236
2018-07-02,93.82500457763672,127.95833587646484,132.625,126.16666412353516,132.5,15954402
2018-07-03,94.71102142333984,129.1666717529297,129.5416717529297,126.33333587646484,128.3333282470703,7506727
2018-07-04,93.42784881591797,127.41666412353516,129.875,127.08333587646484,129.125,11418056
2018-07-05,92.96956634521484,126.79166412353516,127.91666412353516,126.41666412353516,127.375,4155312
2018-07-06,91.74749755859375,125.125,127.04166412353516,124.875,127.0,10642270
2018-07-09,92.41963958740234,126.04166412353516,126.58333587646484,125.20833587646484,125.25,5759994
2018-07-10,94.03889465332031,128.25,128.5416717529297,126.08333587646484,126.66666412353516,3890373
2018-07-11,93.30564880371094,127.25,128.125,126.45833587646484,127.33333587646484,4037034
2018-07-12,94.13054656982422,128.375,128.9166717529297,127.04166412353516,128.3333282470703,3424965
2018-07-13,93.45841217041016,127.45833587646484,129.5833282470703,126.58333587646484,128.5,3615536
2018-07-16,95.0776596069336,129.6666717529297,130.8333282470703,126.70833587646484,127.5,4117044
2018-07-17,94.89433288574219,129.4166717529297,130.0,127.54166412353516,129.1666717529297,2670880
2018-07-18,94.86377716064453,129.375,130.0833282470703,127.33333587646484,129.9583282470703,2892637
2018-07-19,94.43607330322266,128.7916717529297,129.875,127.875,129.1666717529297,3163729
2018-07-20,95.10819244384766,129.7083282470703,130.0,128.3333282470703,128.3333282470703,3659896
2018-07-23,96.63582611083984,131.7916717529297,133.0,129.4166717529297,129.4166717529297,6286406
2018-07-24,96.20806884765625,131.2083282470703,132.4583282470703,130.3333282470703,131.6666717529297,4224482
2018-07-25,92.26688385009766,125.83333587646484,130.9583282470703,124.875,130.0,15232765
2018-07-26,93.70280456542969,127.79166412353516,128.2083282470703,125.0,126.20833587646484,17803995
2018-07-27,94.68047332763672,129.125,129.375,126.75,127.5,5766367
2018-07-30,95.2609634399414,129.9166717529297,131.1666717529297,128.375,130.8333282470703,9747265
2018-07-31,94.6193618774414,129.0416717529297,132.3333282470703,128.5416717529297,129.875,9065227
2018-08-01,94.92489624023438,129.4583282470703,130.0,127.29166412353516,129.0,4903117
2018-08-02,94.95542907714844,129.5,129.7916717529297,128.4583282470703,128.9166717529297,3895179
2018-08-03,95.59703826904297,130.375,130.9166717529297,129.5,129.875,3276529
2018-08-06,95.78035736083984,130.625,131.6666717529297,130.0,130.75,2395237
2018-08-07,97.06352996826172,132.375,133.25,130.2916717529297,130.8333282470703,4450873
2018-08-08,96.6968994140625,131.875,133.125,131.3333282470703,132.9166717529297,4151246
2018-08-09,98.1939697265625,133.9166717529297,134.4583282470703,130.6666717529297,132.0,4915016
2018-08-10,97.49124908447266,132.9583282470703,134.5416717529297,131.875,134.1666717529297,4518788
2018-08-13,96.54415893554688,131.6666717529297,132.5416717529297,130.4583282470703,132.5,2702390
2018-08-14,95.87200927734375,130.75,132.2916717529297,130.4166717529297,131.5,2030044
2018-08-16,96.8802261352539,132.125,132.5,130.125,130.75,2153881
2018-08-17,96.54415893554688,131.6666717529297,133.5416717529297,131.375,132.5,4672155
2018-08-20,96.8802261352539,132.125,133.4166717529297,131.6666717529297,131.9166717529297,3448567
2018-08-21,98.28559875488281,134.0416717529297,134.75,131.3333282470703,133.0,5279408
2018-08-23,100.42426300048828,136.9583282470703,137.5,133.4166717529297,134.3333282470703,7704134
2018-08-24,100.39371490478516,136.9166717529297,139.7083282470703,136.375,137.1666717529297,5436786
2018-08-27,101.52410888671875,138.4583282470703,139.0416717529297,136.6666717529297,137.4166717529297,2630486
2018-08-28,102.83782958984375,140.25,145.4583282470703,138.625,138.875,8727238
2018-08-29,101.46302795410156,138.375,141.2083282470703,137.9166717529297,141.2083282470703,3769664
2018-08-30,103.69332122802734,141.4166717529297,142.2916717529297,137.9583282470703,137.9583282470703,13384598
2018-08-31,104.79318237304688,142.9166717529297,143.9166717529297,140.8333282470703,141.2083282470703,8445506
2018-09-03,103.57110595703125,141.25,144.0,139.5,143.75,4592967
2018-09-04,102.71562957763672,140.0833282470703,142.0833282470703,139.5,141.25,3016566
2018-09-05,102.62397766113281,139.9583282470703,142.0,138.75,139.75,2837060
2018-09-06,104.6943130493164,140.75,142.25,138.0416717529297,138.3333282470703,7658860
2018-09-07,105.09722900390625,141.2916717529297,142.125,138.25,142.0833282470703,3585828
2018-09-10,104.88025665283203,141.0,142.7916717529297,140.125,141.5833282470703,5871138
2018-09-11,105.22119903564453,141.4583282470703,143.125,140.625,140.875,9709410
2018-09-12,105.37615966796875,141.6666717529297,143.0,139.0416717529297,142.0,7109565
2018-09-14,108.44446563720703,145.7916717529297,145.9166717529297,142.0,142.0,7340733
2018-09-17,106.7708511352539,143.5416717529297,146.1666717529297,142.5833282470703,145.8333282470703,2792490
2018-09-18,105.19022369384766,141.4166717529297,145.375,140.9166717529297,144.3333282470703,3646318
2018-09-19,104.84927368164062,140.9583282470703,143.2916717529297,140.0,142.5,5092003
2018-09-21,104.2914047241211,140.2083282470703,144.8333282470703,139.0416717529297,141.0,9597428
2018-09-24,104.07447814941406,139.9166717529297,142.3333282470703,138.5833282470703,140.1666717529297,6216532
2018-09-25,105.37615966796875,141.6666717529297,142.0833282470703,137.0,140.9583282470703,6496965
2018-09-26,104.01248931884766,139.8333282470703,143.0,138.3333282470703,143.0,3591889
2018-09-27,104.1054458618164,139.9583282470703,141.6666717529297,138.75,140.125,6718629
2018-09-28,103.4236068725586,139.0416717529297,141.4166717529297,138.3333282470703,139.9583282470703,5444684
2018-10-01,105.12821960449219,141.3333282470703,141.9166717529297,138.4583282470703,139.5833282470703,4950123
2018-10-03,103.7335205078125,139.4583282470703,140.7083282470703,138.4166717529297,140.6666717529297,5780126
2018-10-04,103.39261627197266,139.0,140.5,137.2916717529297,138.6666717529297,6563494
2018-10-05,100.97517395019531,135.75,139.9166717529297,133.7916717529297,138.8333282470703,13292940
2018-10-08,101.3160629272461,136.2083282470703,137.4166717529297,132.875,134.5,4637569
2018-10-09,100.23133087158203,134.75,137.5,134.0833282470703,137.3333282470703,5756458
2018-10-10,101.87396240234375,136.9583282470703,138.875,134.375,134.75,3411681
2018-10-11,101.130126953125,135.9583282470703,138.0833282470703,134.4166717529297,135.0,3668989
2018-10-12,101.78097534179688,136.8333282470703,137.7916717529297,135.875,136.5833282470703,4147903
2018-10-15,102.05990600585938,137.2083282470703,137.9583282470703,136.4166717529297,136.875,2191491
2018-10-16,101.62601470947266,136.625,137.7916717529297,135.0833282470703,137.2083282470703,3857880
2018-10-17,100.97517395019531,135.75,138.0833282470703,135.1666717529297,137.125,5369029
2018-10-19,100.07637023925781,134.5416717529297,137.7083282470703,133.5833282470703,135.5,6202959
2018-10-22,102.18389892578125,137.375,139.9166717529297,135.0833282470703,135.875,6407974
2018-10-23,102.27687072753906,137.5,138.3333282470703,135.4583282470703,136.7916717529297,7316558
2018-10-24,101.06815338134766,135.875,138.9583282470703,133.0833282470703,138.3333282470703,12856915
2018-10-25,100.60324096679688,135.25,137.4583282470703,131.0833282470703,135.4166717529297,94631476
2018-10-26,98.7436752319336,132.75,133.5416717529297,129.0,132.4583282470703,9339921
2018-10-29,98.52671813964844,132.4583282470703,133.2916717529297,131.0833282470703,132.9583282470703,6963919
2018-10-30,98.8056640625,132.8333282470703,134.2083282470703,130.7083282470703,132.5833282470703,3257071
2018-10-31,98.96061706542969,133.0416717529297,134.0833282470703,129.375,133.3333282470703,6069514
2018-11-01,97.31797790527344,130.8333282470703,133.5416717529297,130.625,133.125,2992327
2018-11-02,97.93785858154297,131.6666717529297,132.7916717529297,130.0416717529297,131.5833282470703,11487762
2018-11-05,95.14848327636719,127.91666412353516,131.25,126.41666412353516,131.25,18263054
2018-11-06,95.55139923095703,128.4583282470703,128.9166717529297,126.95833587646484,128.2916717529297,6223800
2018-11-07,95.98527526855469,129.0416717529297,129.2083282470703,128.75,129.1666717529297,212175
2018-11-09,95.7373275756836,128.7083282470703,129.6666717529297,127.91666412353516,129.625,8098182
2018-11-12,94.71456909179688,127.33333587646484,129.5416717529297,127.08333587646484,128.5833282470703,3916333
2018-11-13,97.19402313232422,130.6666717529297,131.5,126.95833587646484,127.08333587646484,7903864
2018-11-14,97.53492736816406,131.125,133.8333282470703,130.3333282470703,130.8333282470703,3853852
2018-11-15,95.33443450927734,128.1666717529297,132.625,127.83333587646484,131.625,4538966
2018-11-16,95.48938751220703,128.375,129.5833282470703,127.5,127.66666412353516,5166086
2018-11-19,94.80755615234375,127.45833587646484,128.75,126.58333587646484,128.3333282470703,6879644
2018-11-20,92.45207977294922,124.29166412353516,127.58333587646484,123.75,127.0,4600113
2018-11-21,91.6462631225586,123.20833587646484,124.875,122.625,124.29166412353516,7625524
2018-11-22,90.49951934814453,121.66666412353516,123.66666412353516,121.33333587646484,123.125,3684871
2018-11-26,89.69371032714844,120.58333587646484,122.45833587646484,118.08333587646484,122.0,6534517
2018-11-27,90.34455871582031,121.45833587646484,122.33333587646484,119.375,120.41666412353516,4866687
2018-11-28,88.91889190673828,119.54166412353516,122.95833587646484,118.33333587646484,122.45833587646484,17823474
2018-11-29,88.17505645751953,118.54166412353516,121.45833587646484,117.375,119.875,30727317
2018-11-30,86.96630859375,116.91666412353516,118.83333587646484,114.625,118.33333587646484,29840662
2018-12-03,89.81768035888672,120.75,121.375,116.66666412353516,116.95833587646484,12013041
2018-12-04,88.76392364501953,119.33333587646484,120.625,118.33333587646484,120.625,6785000
2018-12-05,87.43122100830078,117.54166412353516,120.75,116.0,119.125,8833965
2018-12-06,86.65638732910156,116.5,118.5,115.16666412353516,117.25,5460772
2018-12-07,85.44766998291016,114.875,117.58333587646484,113.79166412353516,116.66666412353516,13240540
2018-12-10,84.42488861083984,113.5,116.04166412353516,112.25,113.25,34436070
2018-12-11,85.13774108886719,114.45833587646484,115.04166412353516,111.70833587646484,111.70833587646484,13406569
2018-12-12,87.21428680419922,117.25,118.0,114.08333587646484,114.95833587646484,12274362
2018-12-13,87.43122100830078,117.54166412353516,118.33333587646484,116.45833587646484,117.79166412353516,10636545
2018-12-14,88.94988250732422,119.58333587646484,120.125,116.33333587646484,117.5,13732576
2018-12-17,90.56150817871094,121.75,126.125,120.625,125.0,21749589
2018-12-18,91.55328369140625,123.08333587646484,123.66666412353516,121.04166412353516,121.66666412353516,13037010
2018-12-19,92.85498046875,124.83333587646484,125.25,122.70833587646484,123.625,8182075
2018-12-20,92.54508972167969,124.41666412353516,124.95833587646484,122.20833587646484,123.83333587646484,13909968
2018-12-21,93.31988525390625,125.45833587646484,126.16666412353516,123.54166412353516,124.58333587646484,18956932
2018-12-24,90.74748992919922,122.0,125.45833587646484,121.0,125.0,8506178
2018-12-26,90.22058868408203,121.29166412353516,123.625,120.20833587646484,121.83333587646484,10358386
2018-12-27,91.92520141601562,123.58333587646484,124.79166412353516,120.16666412353516,122.25,32905857
2018-12-28,92.885986328125,124.875,126.33333587646484,122.08333587646484,122.875,11010662
2018-12-31,92.39012145996094,124.20833587646484,125.04166412353516,123.41666412353516,124.83333587646484,5010889
2019-01-01,92.17314910888672,123.91666412353516,124.66666412353516,122.0,124.125,4011082
2019-01-02,91.11940002441406,122.5,123.91666412353516,121.79166412353516,123.29166412353516,5201079
2019-01-03,88.88790893554688,119.5,122.83333587646484,119.04166412353516,122.5,7035283
2019-01-04,90.34455871582031,121.45833587646484,121.91666412353516,118.54166412353516,119.95833587646484,7988112
2019-01-07,92.11117553710938,123.83333587646484,124.75,121.79166412353516,121.875,14121843
2019-01-08,91.0884017944336,122.45833587646484,124.58333587646484,121.66666412353516,123.33333587646484,6656692
2019-01-09,90.8404541015625,122.125,123.70833587646484,121.16666412353516,122.5,4636543
2019-01-10,91.80122375488281,123.41666412353516,124.625,122.29166412353516,122.45833587646484,15340801
2019-01-11,91.73925018310547,123.33333587646484,125.25,122.66666412353516,123.33333587646484,13579929
2019-01-14,90.22058868408203,121.29166412353516,123.625,121.0,123.33333587646484,5010679
2019-01-15,90.37556457519531,121.5,122.04166412353516,120.125,121.66666412353516,14730974
2019-01-16,90.71647644042969,121.95833587646484,123.75,121.41666412353516,121.91666412353516,5679378
2019-01-17,89.81768035888672,120.75,123.04166412353516,120.20833587646484,122.41666412353516,7529166
2019-01-18,89.44577026367188,120.25,122.0,120.0,121.08333587646484,3100312
2019-01-21,88.88790893554688,119.5,122.29166412353516,118.875,122.08333587646484,13187677
2019-01-22,88.51598358154297,119.0,119.91666412353516,118.33333587646484,119.91666412353516,7074433
2019-01-23,87.24526977539062,117.29166412353516,119.66666412353516,116.91666412353516,119.08333587646484,5323552
2019-01-24,86.81137084960938,116.70833587646484,118.41666412353516,115.91666412353516,117.29166412353516,4250377
2019-01-25,85.72661590576172,115.25,118.25,115.04166412353516,117.08333587646484,5463236
2019-01-28,85.9125747680664,115.5,116.25,113.875,115.41666412353516,7303346
2019-01-29,85.85057830810547,115.41666412353516,116.16666412353516,114.5,115.5,9728281
2019-01-30,85.97455596923828,115.58333587646484,117.0,115.08333587646484,116.16666412353516,13777792
2019-01-31,86.59442138671875,116.41666412353516,117.66666412353516,115.83333587646484,117.08333587646484,44034840
2019-02-01,86.87334442138672,116.79166412353516,117.08333587646484,115.66666412353516,116.66666412353516,7099405
2019-02-04,85.07575225830078,114.375,117.0,113.95833587646484,116.75,6716304
2019-02-05,85.57164764404297,115.04166412353516,115.33333587646484,113.5,114.16666412353516,8526399
2019-02-06,87.24527740478516,114.25,114.79166412353516,112.5,113.16666412353516,12810810
2019-02-07,86.51343536376953,113.29166412353516,115.0,112.58333587646484,114.16666412353516,5193513
2019-02-08,84.03164672851562,110.04166412353516,114.5,109.625,112.83333587646484,5597162
2019-02-11,82.94983673095703,108.625,111.08333587646484,107.16666412353516,109.95833587646484,13126864
2019-02-12,84.79528045654297,111.04166412353516,111.625,108.33333587646484,108.375,14900754
2019-02-14,83.5225601196289,109.375,111.08333587646484,106.75,109.16666412353516,37913966
2019-02-15,86.7043685913086,113.54166412353516,114.5,110.0,110.0,25855830
2019-02-18,87.46800994873047,114.54166412353516,117.0,112.45833587646484,113.16666412353516,13001166
2019-02-19,85.08164978027344,111.41666412353516,114.91666412353516,110.375,114.25,9029095
2019-02-20,87.30891418457031,114.33333587646484,115.75,110.25,111.83333587646484,14955330
2019-02-21,86.83163452148438,113.70833587646484,115.41666412353516,112.91666412353516,114.83333587646484,4719134
2019-02-22,88.89981079101562,116.41666412353516,116.875,112.5,113.95833587646484,11678731
2019-02-25,89.3134536743164,116.95833587646484,117.5,113.54166412353516,116.33333587646484,27557787
2019-02-26,89.44071960449219,117.125,117.66666412353516,113.58333587646484,114.33333587646484,15501729
2019-02-27,88.2952651977539,115.625,119.125,115.125,116.08333587646484,18258775
2019-02-28,89.88618469238281,117.70833587646484,118.91666412353516,115.25,116.83333587646484,50183582
2019-03-01,90.99982452392578,119.16666412353516,119.79166412353516,118.04166412353516,118.08333587646484,6789074
2019-03-05,93.5452651977539,122.5,123.5,119.16666412353516,119.16666412353516,12988303
2019-03-06,94.7861557006836,124.125,124.58333587646484,122.58333587646484,123.08333587646484,10313295
2019-03-07,93.03616333007812,121.83333587646484,125.5,121.25,124.25,8337421
2019-03-08,96.8543472290039,126.83333587646484,129.0,121.125,122.91666412353516,34663172
2019-03-11,96.34524536132812,126.16666412353516,133.5833282470703,124.58333587646484,127.5,30007645
2019-03-12,96.24980926513672,126.04166412353516,130.2916717529297,125.16666412353516,125.66666412353516,23315044
2019-03-13,94.30889892578125,123.5,125.875,120.83333587646484,125.83333587646484,20943115
2019-03-14,97.77706146240234,128.0416717529297,129.0833282470703,123.41666412353516,124.08333587646484,14675396
2019-03-15,100.57706451416016,131.7083282470703,132.7083282470703,127.20833587646484,128.8333282470703,20356743
2019-03-18,101.02251434326172,132.2916717529297,134.0,129.7916717529297,131.5416717529297,19289406
2019-03-19,103.01431274414062,134.89999389648438,137.3000030517578,130.39999389648438,133.9499969482422,25950621
2019-03-20,98.69979858398438,129.25,136.0,128.10000610351562,135.8000030517578,28098992
2019-03-22,102.82344055175781,134.64999389648438,136.1999969482422,129.6999969482422,131.0,53779933
2019-03-25,103.35797882080078,135.35000610351562,137.5,133.75,133.85000610351562,31535535
2019-03-26,107.51978302001953,140.8000030517578,142.0,136.0,136.0,23510777
2019-03-27,104.61796569824219,137.0,140.89999389648438,136.1999969482422,140.89999389648438,20849776
2019-03-28,103.6634292602539,135.75,139.35000610351562,135.10000610351562,137.5,41232946
2019-04-01,103.16707611083984,135.10000610351562,137.5,133.5500030517578,136.39999389648438,26716877
2019-04-02,103.20523834228516,135.14999389648438,136.6999969482422,134.0,136.0500030517578,14343829
2019-04-03,102.9379653930664,134.8000030517578,137.5,134.0,135.9499969482422,12596804
2019-04-04,103.58705139160156,135.64999389648438,136.8000030517578,134.4499969482422,134.8000030517578,12939086
2019-04-05,102.9379653930664,134.8000030517578,136.4499969482422,134.39999389648438,135.5500030517578,7742848
2019-04-08,103.51069641113281,135.5500030517578,136.8000030517578,134.5500030517578,134.89999389648438,13409083
2019-04-09,103.7779541015625,135.89999389648438,136.4499969482422,135.0500030517578,135.5,7506763
2019-04-10,102.78524017333984,134.60000610351562,137.0,134.3000030517578,136.25,9502300
2019-04-11,103.8161392211914,135.9499969482422,136.39999389648438,134.39999389648438,134.9499969482422,8703097
2019-04-12,103.8161392211914,135.9499969482422,136.5,135.1999969482422,136.0,7212573
2019-04-15,104.42704010009766,136.75,138.3000030517578,135.39999389648438,136.25,11013801
2019-04-16,105.03797149658203,137.5500030517578,138.14999389648438,136.5,137.39999389648438,7469500
2019-04-18,103.35797882080078,135.35000610351562,137.85000610351562,135.0500030517578,137.5,6634192
2019-04-22,103.85431671142578,136.0,136.39999389648438,134.35000610351562,135.10000610351562,5541225
2019-04-23,102.0597915649414,133.64999389648438,136.10000610351562,133.25,136.0,8790522
2019-04-24,102.28888702392578,133.9499969482422,134.4499969482422,132.3000030517578,133.64999389648438,9255095
2019-04-25,101.48705291748047,132.89999389648438,135.35000610351562,132.3000030517578,134.0,29354749
2019-04-26,102.40343475341797,134.10000610351562,135.10000610351562,133.35000610351562,133.4499969482422,4789673
2019-04-30,102.36524200439453,134.0500030517578,134.8000030517578,131.4499969482422,134.25,7527996
2019-05-02,101.6397933959961,133.10000610351562,133.89999389648438,132.10000610351562,133.3000030517578,6401386
2019-05-03,103.434326171875,135.4499969482422,136.64999389648438,133.0,133.10000610351562,9226969
2019-05-06,103.09070587158203,135.0,135.60000610351562,133.6999969482422,135.0,6080575
2019-05-07,102.40343475341797,134.10000610351562,136.1999969482422,133.60000610351562,135.4499969482422,9137799
2019-05-08,99.8834457397461,130.8000030517578,134.0,130.1999969482422,133.85000610351562,8742473
2019-05-09,97.51616668701172,127.69999694824219,130.8000030517578,126.4000015258789,130.75,14395488
2019-05-10,96.98162078857422,127.0,128.75,126.25,128.4499969482422,9724014
2019-05-13,94.34707641601562,123.55000305175781,127.0,123.0,126.9000015258789,11507204
2019-05-14,95.91252899169922,125.5999984741211,126.5,122.4000015258789,123.69999694824219,6908544
2019-05-15,94.65251922607422,123.94999694824219,126.9000015258789,123.0,126.30000305175781,9384447
2019-05-16,96.02705383300781,125.75,126.3499984741211,123.25,124.8499984741211,6519422
2019-05-17,95.83615112304688,125.5,126.5999984741211,124.0,124.75,10003051
2019-05-20,98.69979858398438,129.25,130.10000610351562,125.5999984741211,128.1999969482422,12330905
2019-05-21,98.20343017578125,128.60000610351562,129.75,127.75,129.6999969482422,8095621
2019-05-22,98.96707153320312,129.60000610351562,130.4499969482422,127.4000015258789,128.60000610351562,9540723
2019-05-23,99.1579818725586,129.85000610351562,133.4499969482422,129.35000610351562,130.60000610351562,11017547
2019-05-24,98.62342834472656,129.14999389648438,131.0,128.5500030517578,130.5,9371443
2019-05-27,101.71614837646484,133.1999969482422,136.60000610351562,130.14999389648438,132.39999389648438,19948676
2019-05-28,101.25798797607422,132.60000610351562,134.75,131.6999969482422,133.9499969482422,15628186
2019-05-29,99.95976257324219,130.89999389648438,133.25,130.1999969482422,132.0,5397986
2019-05-30,103.16707611083984,135.10000610351562,135.60000610351562,131.0500030517578,131.0500030517578,30257040
2019-05-31,101.75433349609375,133.25,136.0500030517578,132.3000030517578,135.25,11325445
2019-06-03,101.6397933959961,133.10000610351562,134.8000030517578,132.6999969482422,134.39999389648438,7302092
2019-06-04,103.12889099121094,135.0500030517578,136.35000610351562,133.14999389648438,133.14999389648438,10439893
2019-06-06,104.27433013916016,136.5500030517578,137.0,132.8000030517578,135.14999389648438,12191883
2019-06-07,103.20523834228516,135.14999389648438,137.5,134.5,137.0,9310029
2019-06-10,103.09070587158203,135.0,137.10000610351562,134.35000610351562,135.1999969482422,7295669
2019-06-11,103.31977844238281,135.3000030517578,136.64999389648438,133.75,135.39999389648438,4554162
2019-06-12,102.63251495361328,134.39999389648438,135.6999969482422,133.3000030517578,135.0,3660802
2019-06-13,103.01431274414062,134.89999389648438,135.85000610351562,133.3000030517578,134.5,5113806
2019-06-14,101.37252044677734,132.75,135.5,132.39999389648438,134.9499969482422,4761596
2019-06-17,100.9906997680664,132.25,133.85000610351562,131.39999389648438,133.4499969482422,3655275
2019-06-18,101.10523986816406,132.39999389648438,133.35000610351562,131.89999389648438,132.60000610351562,5172138
2019-06-19,102.82344055175781,134.64999389648438,135.25,132.5,132.5,5278372
2019-06-20,102.74703979492188,134.5500030517578,135.25,133.60000610351562,134.60000610351562,6963441
2019-06-21,102.74703979492188,134.5500030517578,135.1999969482422,134.0500030517578,134.85000610351562,9456244
2019-06-24,103.54889678955078,135.60000610351562,136.0,133.75,134.6999969482422,5918107
2019-06-25,105.72522735595703,138.4499969482422,139.6999969482422,135.14999389648438,135.9499969482422,18761799
2019-06-26,106.94706726074219,140.0500030517578,141.89999389648438,139.3000030517578,139.5,24643824
2019-06-27,107.0234375,140.14999389648438,142.0,139.0500030517578,141.0500030517578,38789825
2019-06-28,107.93978881835938,141.35000610351562,141.85000610351562,139.5,140.10000610351562,10648757
2019-07-01,108.85614013671875,142.5500030517578,145.85000610351562,138.64999389648438,142.1999969482422,31289422
2019-07-02,109.16158294677734,142.9499969482422,144.39999389648438,142.5500030517578,143.0,8847109
2019-07-03,109.39070129394531,143.25,144.39999389648438,142.64999389648438,143.85000610351562,6947927
2019-07-04,109.54340362548828,143.4499969482422,144.4499969482422,142.35000610351562,144.4499969482422,5792826
2019-07-05,104.23615264892578,136.5,143.8000030517578,135.39999389648438,142.8000030517578,21459265
2019-07-08,98.96707153320312,129.60000610351562,136.60000610351562,128.5500030517578,136.60000610351562,20404790
2019-07-09,98.92888641357422,129.5500030517578,132.0,127.5999984741211,128.4499969482422,19374808
2019-07-10,98.54706573486328,129.0500030517578,131.0,128.64999389648438,129.0,9141198
2019-07-11,98.470703125,128.9499969482422,130.89999389648438,128.60000610351562,130.25,6669919
2019-07-12,97.59251403808594,127.80000305175781,132.4499969482422,126.44999694824219,129.85000610351562,21467991
2019-07-15,97.70706939697266,127.94999694824219,128.9499969482422,127.30000305175781,128.0,5852788
2019-07-16,99.99799346923828,130.9499969482422,131.39999389648438,128.0,128.8000030517578,11313969
2019-07-17,98.58527374267578,129.10000610351562,132.14999389648438,128.6999969482422,131.60000610351562,10958942
2019-07-18,97.01981353759766,127.05000305175781,130.9499969482422,126.4000015258789,130.10000610351562,18049102
2019-07-19,99.1961441040039,129.89999389648438,131.0,126.05000305175781,127.94999694824219,33840376
2019-07-22,99.92161560058594,130.85000610351562,132.64999389648438,127.6500015258789,130.5,15870663
2019-07-23,101.60160827636719,133.0500030517578,133.4499969482422,130.5,131.4499969482422,9840729
2019-07-24,100.68525695800781,131.85000610351562,133.5500030517578,130.6999969482422,133.5500030517578,10421947
2019-07-25,99.08160400390625,129.75,132.85000610351562,128.39999389648438,132.0,29337351
2019-07-26,98.35615539550781,128.8000030517578,130.39999389648438,128.25,130.39999389648438,11411885
2019-07-29,97.21072387695312,127.30000305175781,128.8000030517578,126.75,128.0,22168687
2019-07-30,97.13433837890625,127.19999694824219,128.64999389648438,126.0999984741211,126.6500015258789,16228044
2019-07-31,96.63798522949219,126.55000305175781,127.3499984741211,125.5,126.19999694824219,14557889
2019-08-01,96.8670654296875,126.8499984741211,127.75,125.1500015258789,126.4000015258789,11138203
2019-08-02,94.0034408569336,123.0999984741211,126.9000015258789,122.44999694824219,126.19999694824219,21851409
2019-08-05,92.39981079101562,121.0,123.44999694824219,120.44999694824219,122.4000015258789,8713907
2019-08-06,94.19435119628906,123.3499984741211,124.9000015258789,119.75,120.0,13232442
2019-08-07,93.96526336669922,123.05000305175781,124.94999694824219,122.0999984741211,123.0,13132981
2019-08-08,95.18707275390625,124.6500015258789,125.1500015258789,122.19999694824219,123.1500015258789,8227791
2019-08-09,94.61437225341797,123.9000015258789,126.6500015258789,123.1500015258789,124.5999984741211,10566552
2019-08-13,91.30206298828125,117.1500015258789,123.0,114.75,123.0,25954194
2019-08-14,91.65277862548828,117.5999984741211,119.0,116.55000305175781,117.25,8641527
2019-08-16,91.80864715576172,117.80000305175781,119.30000305175781,116.5999984741211,117.4000015258789,10992249
2019-08-19,92.66595458984375,118.9000015258789,120.44999694824219,117.5999984741211,118.3499984741211,9653434
2019-08-20,91.92555236816406,117.94999694824219,120.25,117.3499984741211,119.0,7758935
2019-08-21,91.8865737915039,117.9000015258789,119.5999984741211,117.44999694824219,118.0,12842739
2019-08-22,89.43158721923828,114.75,118.4000015258789,113.8499984741211,118.0,16991585
2019-08-23,92.35420227050781,118.5,118.94999694824219,114.0999984741211,115.0,9284204
2019-08-26,93.5622329711914,120.05000305175781,120.5999984741211,117.69999694824219,119.0,11965007
2019-08-27,96.0171890258789,123.19999694824219,125.4000015258789,120.1500015258789,120.1500015258789,22238086
2019-08-28,93.44529724121094,119.9000015258789,124.69999694824219,119.44999694824219,123.80000305175781,11905383
2019-08-29,95.93926239013672,123.0999984741211,124.1500015258789,117.9000015258789,118.75,38336134
2019-08-30,94.8091812133789,121.6500015258789,123.6500015258789,115.5999984741211,122.9000015258789,18833819
2019-09-03,91.6917495727539,117.6500015258789,121.94999694824219,117.1500015258789,121.94999694824219,7635093
2019-09-04,93.0945816040039,119.44999694824219,119.9000015258789,116.6500015258789,118.0,7299231
2019-09-05,96.21205139160156,123.44999694824219,129.64999389648438,119.8499984741211,119.8499984741211,19432303
2019-09-06,98.97879028320312,127.0,127.80000305175781,123.30000305175781,123.44999694824219,11891983
2019-09-09,98.4721908569336,126.3499984741211,127.94999694824219,125.19999694824219,127.30000305175781,5303272
2019-09-11,97.03035736083984,124.5,127.55000305175781,123.8499984741211,126.5,5473674
2019-09-12,95.27680969238281,122.25,124.75,121.5999984741211,124.0,8444053
2019-09-13,96.67965698242188,124.05000305175781,124.30000305175781,121.25,122.3499984741211,7509999
2019-09-16,96.05615997314453,123.25,124.1500015258789,121.8499984741211,123.3499984741211,5593727
2019-09-17,94.22466278076172,120.9000015258789,123.1500015258789,120.55000305175781,122.8499984741211,5663425
2019-09-18,95.4716567993164,122.5,122.8499984741211,119.6500015258789,121.55000305175781,8627190
2019-09-19,94.84814453125,121.69999694824219,122.94999694824219,120.0999984741211,122.94999694824219,6031946
2019-09-20,93.40634155273438,119.8499984741211,125.4000015258789,118.5,121.05000305175781,34008081
2019-09-23,90.44476318359375,116.05000305175781,121.5999984741211,114.05000305175781,121.0999984741211,33355557
2019-09-24,89.74333953857422,115.1500015258789,116.80000305175781,114.3499984741211,116.30000305175781,20864605
2019-09-25,91.10722351074219,116.9000015258789,118.5999984741211,115.05000305175781,115.5999984741211,18851203
2019-09-26,90.83446502685547,116.55000305175781,118.69999694824219,115.94999694824219,117.25,21458595
2019-09-27,91.22412109375,117.05000305175781,119.0999984741211,116.30000305175781,117.9000015258789,9325734
2019-09-30,91.57484436035156,117.5,118.19999694824219,115.75,117.0999984741211,12045142
2019-10-01,91.22412109375,117.05000305175781,118.9000015258789,116.25,118.0,9718865
2019-10-03,90.99031829833984,116.75,117.55000305175781,114.5999984741211,117.55000305175781,10477900
2019-10-04,91.49691009521484,117.4000015258789,120.5,116.5,117.30000305175781,20289650
2019-10-07,90.36683654785156,115.94999694824219,117.94999694824219,114.69999694824219,117.44999694824219,14111765
2019-10-09,91.3800277709961,117.25,118.0,115.4000015258789,116.0,8413122
2019-10-10,91.3800277709961,117.25,117.5,116.3499984741211,117.19999694824219,6885340
2019-10-11,90.95136260986328,116.69999694824219,118.3499984741211,115.9000015258789,117.19999694824219,9176578
2019-10-14,91.76968383789062,117.75,118.1500015258789,116.19999694824219,116.55000305175781,12146203
2019-10-15,93.05562591552734,119.4000015258789,119.80000305175781,117.0,117.0,7630007
2019-10-16,91.49691009521484,117.4000015258789,119.80000305175781,116.9000015258789,118.80000305175781,10206387
2019-10-17,92.51006317138672,118.69999694824219,119.19999694824219,116.94999694824219,117.69999694824219,10163035
2019-10-18,94.34156036376953,121.05000305175781,121.5,118.4000015258789,118.80000305175781,16961782
2019-10-22,94.22466278076172,120.9000015258789,121.6500015258789,119.94999694824219,121.6500015258789,12091476
2019-10-23,94.34156036376953,121.05000305175781,121.69999694824219,120.25,120.25,6580501
2019-10-24,93.67910766601562,120.19999694824219,122.0,119.19999694824219,122.0,8009018
2019-10-25,92.35420227050781,118.5,120.8499984741211,118.19999694824219,120.8499984741211,8505881
2019-10-27,92.58802032470703,118.80000305175781,119.0999984741211,118.55000305175781,119.0,312098
2019-10-29,93.44529724121094,119.9000015258789,120.3499984741211,117.5999984741211,118.69999694824219,8581053
2019-10-30,94.26363372802734,120.94999694824219,121.75,119.25,121.0,12119474
2019-10-31,95.39370727539062,122.4000015258789,124.19999694824219,120.80000305175781,121.5,16511583
2019-11-01,94.6922836303711,121.5,123.19999694824219,121.0999984741211,123.0,4170369
2019-11-04,93.95188903808594,120.55000305175781,122.5999984741211,119.9000015258789,121.6500015258789,7894331
2019-11-05,93.9908676147461,120.5999984741211,121.5,119.55000305175781,120.19999694824219,6156847
2019-11-06,94.02984619140625,120.6500015258789,121.75,119.94999694824219,120.0999984741211,5317553
2019-11-07,93.17251586914062,119.55000305175781,121.19999694824219,119.0999984741211,121.1500015258789,6794239
2019-11-08,91.49691009521484,117.4000015258789,119.3499984741211,117.0,119.0999984741211,9771715
2019-11-11,92.15936279296875,118.25,121.75,117.75,118.94999694824219,22943443
2019-11-13,92.19833374023438,118.30000305175781,119.25,117.55000305175781,117.9000015258789,12220298
2019-11-14,92.39315795898438,118.55000305175781,119.1500015258789,117.55000305175781,118.5,5208393
2019-11-15,91.45794677734375,117.3499984741211,118.8499984741211,116.94999694824219,118.55000305175781,4650424
2019-11-18,91.5358657836914,117.44999694824219,117.8499984741211,116.80000305175781,117.05000305175781,4727251
2019-11-19,91.45794677734375,117.3499984741211,118.30000305175781,116.80000305175781,117.75,7577320
2019-11-20,91.22412109375,117.05000305175781,117.5999984741211,116.05000305175781,117.30000305175781,10033434
2019-11-21,89.86026000976562,115.30000305175781,117.4000015258789,114.80000305175781,117.4000015258789,15099980
2019-11-22,91.80864715576172,117.80000305175781,119.19999694824219,116.94999694824219,116.94999694824219,13934099
2019-11-25,92.04247283935547,118.0999984741211,118.4000015258789,117.0999984741211,118.0,10863475
2019-11-26,90.91239166259766,116.6500015258789,118.9000015258789,116.19999694824219,118.0999984741211,14426269
2019-11-27,90.2109603881836,115.75,117.30000305175781,115.44999694824219,116.80000305175781,5455521
2019-11-28,90.05509948730469,115.55000305175781,116.25,115.05000305175781,116.1500015258789,10014250
2019-11-29,90.6785888671875,116.3499984741211,117.5999984741211,115.5,116.0,7014266
2019-12-02,89.86026000976562,115.30000305175781,116.30000305175781,115.0999984741211,115.75,6609154
2019-12-03,89.27572631835938,114.55000305175781,115.80000305175781,114.4000015258789,115.0999984741211,6614178
2019-12-04,89.47056579589844,114.80000305175781,115.30000305175781,114.0,115.05000305175781,4444594
2019-12-05,88.92501831054688,114.0999984741211,115.25,113.8499984741211,114.75,2537275
2019-12-06,87.79492950439453,112.6500015258789,114.69999694824219,112.19999694824219,114.69999694824219,3836996
2019-12-09,87.83391571044922,112.69999694824219,113.19999694824219,111.5,113.19999694824219,7866941
2019-12-10,85.7296371459961,110.0,113.1500015258789,109.69999694824219,112.5,18958648
2019-12-11,88.06771850585938,113.0,113.80000305175781,110.0999984741211,110.5,8746687
2019-12-12,89.19779205322266,114.44999694824219,114.94999694824219,113.19999694824219,113.55000305175781,3850652
2019-12-13,90.1330337524414,115.6500015258789,116.1500015258789,114.5,115.05000305175781,4293299
2019-12-16,89.58747863769531,114.94999694824219,116.30000305175781,114.5999984741211,116.19999694824219,3659151
2019-12-17,90.05509948730469,115.55000305175781,115.94999694824219,113.5999984741211,114.94999694824219,6241009
2019-12-18,88.96398162841797,114.1500015258789,116.25,113.80000305175781,115.0,8626400
2019-12-19,88.88604736328125,114.05000305175781,114.4000015258789,112.8499984741211,114.0,5995825
2019-12-20,89.39263916015625,114.69999694824219,115.4000015258789,113.80000305175781,114.05000305175781,5813877
2019-12-23,89.314697265625,114.5999984741211,115.4000015258789,113.80000305175781,114.19999694824219,13980109
2019-12-24,89.78231048583984,115.19999694824219,115.80000305175781,114.5,114.5,7929835
2019-12-26,90.71754455566406,116.4000015258789,118.30000305175781,114.0,115.1500015258789,12763347
2019-12-27,91.06825256347656,116.8499984741211,117.19999694824219,115.75,116.30000305175781,4474934
2019-12-30,90.83446502685547,116.55000305175781,117.6500015258789,116.3499984741211,116.8499984741211,4193724
2019-12-31,92.7828598022461,119.05000305175781,119.69999694824219,116.3499984741211,116.55000305175781,12438719
2020-01-01,94.73123931884766,121.55000305175781,122.0,118.25,119.05000305175781,9953746
2020-01-02,94.61436462402344,121.4000015258789,122.1500015258789,120.5999984741211,121.5,8731299
2020-01-03,93.01666259765625,119.3499984741211,121.3499984741211,119.0999984741211,121.0,7392962
2020-01-06,92.66595458984375,118.9000015258789,119.1500015258789,116.5,119.0,6596841
2020-01-07,93.95188903808594,120.55000305175781,121.55000305175781,119.25,119.25,8959942
2020-01-08,93.4842758178711,119.94999694824219,120.75,117.55000305175781,119.69999694824219,6372683
2020-01-09,93.01666259765625,119.3499984741211,121.19999694824219,118.9000015258789,120.5,8309627
2020-01-10,93.75704193115234,120.30000305175781,121.80000305175781,119.05000305175781,119.94999694824219,5588344
2020-01-13,94.88713073730469,121.75,122.0,120.0999984741211,120.4000015258789,3534313
2020-01-14,96.2509994506836,123.5,124.0,121.3499984741211,121.75,8631692
2020-01-15,96.5237808227539,123.8499984741211,125.0,122.3499984741211,123.0,6537916
2020-01-16,94.6533203125,121.44999694824219,123.4000015258789,120.94999694824219,123.4000015258789,8806007
2020-01-17,94.4584732055664,121.19999694824219,121.69999694824219,120.5999984741211,121.44999694824219,6811534
2020-01-20,92.15936279296875,118.25,121.75,117.80000305175781,121.0,10655638
2020-01-21,91.30206298828125,117.1500015258789,119.55000305175781,116.94999694824219,118.4000015258789,5150830
2020-01-22,87.40525817871094,112.1500015258789,115.75,111.5,114.94999694824219,19388739
2020-01-23,88.45740509033203,113.5,114.44999694824219,112.30000305175781,112.5999984741211,22793170
2020-01-24,89.43158721923828,114.75,116.30000305175781,113.55000305175781,114.0,9898052
2020-01-27,88.18463134765625,113.1500015258789,115.30000305175781,112.5999984741211,115.0,5597365
2020-01-28,87.32732391357422,112.05000305175781,113.75,110.9000015258789,113.75,12128081
2020-01-29,88.22358703613281,113.19999694824219,114.9000015258789,111.75,112.0999984741211,18501507
2020-01-30,88.57430267333984,113.6500015258789,114.80000305175781,112.05000305175781,113.44999694824219,18545239
2020-01-31,87.95081329345703,112.8499984741211,115.25,111.5,113.75,64518347
2020-02-03,85.92448425292969,110.25,111.6500015258789,107.19999694824219,109.44999694824219,14889516
2020-02-04,87.28836059570312,112.0,112.30000305175781,110.25,110.3499984741211,9743806
2020-02-05,86.66488647460938,111.19999694824219,112.5999984741211,110.5,111.30000305175781,10671590
2020-02-06,87.28836059570312,112.0,112.5,110.5,110.5,11852617
2020-02-07,90.09405517578125,115.5999984741211,116.25,112.30000305175781,112.4000015258789,18446803
2020-02-10,88.45740509033203,113.5,115.9000015258789,112.05000305175781,115.80000305175781,31637511
2020-02-11,91.06825256347656,116.8499984741211,117.55000305175781,114.0999984741211,114.5,20937033
2020-02-12,91.02928924560547,116.80000305175781,118.9000015258789,116.4000015258789,117.0,13679292
2020-02-13,89.74333953857422,115.1500015258789,117.0999984741211,114.69999694824219,116.80000305175781,20903696
2020-02-14,87.83391571044922,112.69999694824219,115.5,111.9000015258789,114.80000305175781,23827224
2020-02-17,85.96345520019531,110.30000305175781,113.75,109.19999694824219,113.0999984741211,22137354
2020-02-18,85.41790008544922,109.5999984741211,110.9000015258789,103.80000305175781,109.5999984741211,34458578
2020-02-19,87.32732391357422,112.05000305175781,113.75,110.4000015258789,112.30000305175781,17935374
2020-02-20,86.78176879882812,111.3499984741211,112.4000015258789,110.94999694824219,111.69999694824219,19663654
2020-02-24,85.49583435058594,109.69999694824219,110.75,108.8499984741211,110.75,11370193
2020-02-25,85.80755615234375,110.0999984741211,112.44999694824219,109.6500015258789,110.9000015258789,10775289
2020-02-26,85.02821350097656,109.0999984741211,111.55000305175781,108.25,110.0,14998071
2020-02-27,84.98926544189453,109.05000305175781,110.30000305175781,106.6500015258789,109.19999694824219,22610691
2020-02-28,83.04084777832031,106.55000305175781,110.19999694824219,105.3499984741211,106.6500015258789,25696761
2020-03-02,80.97554779052734,103.9000015258789,110.0,102.69999694824219,109.3499984741211,15614944
2020-03-03,84.87234497070312,108.9000015258789,109.94999694824219,104.30000305175781,104.6500015258789,17194661
2020-03-04,84.1319351196289,107.94999694824219,111.0,107.5,108.6500015258789,17095867
2020-03-05,84.05400085449219,107.8499984741211,109.6500015258789,107.05000305175781,108.0999984741211,11579256
2020-03-06,81.94974517822266,105.1500015258789,107.19999694824219,102.9000015258789,104.75,13533444
2020-03-09,80.19618225097656,102.9000015258789,104.4000015258789,99.55000305175781,104.0,47383195
2020-03-11,80.31307220458984,103.05000305175781,104.80000305175781,101.5,103.0,28434577
2020-03-12,73.53265380859375,94.3499984741211,100.0,93.25,99.0,47225243
2020-03-13,76.41627502441406,98.05000305175781,100.75,81.25,90.0,49533058
2020-03-16,70.76592254638672,90.80000305175781,96.0,88.25,96.0,34649740
2020-03-17,68.66165161132812,88.0999984741211,95.9000015258789,86.3499984741211,91.0,21241388
2020-03-18,62.7774658203125,80.55000305175781,90.3499984741211,74.9000015258789,89.0,88654467
2020-03-19,61.06288528442383,78.3499984741211,84.94999694824219,75.05000305175781,78.55000305175781,33846928
2020-03-20,63.323028564453125,81.25,82.3499984741211,76.3499984741211,78.5,58499591
2020-03-23,59.54312515258789,76.4000015258789,80.0,73.19999694824219,74.9000015258789,37653540
2020-03-24,60.439395904541016,77.55000305175781,79.5999984741211,75.05000305175781,78.0999984741211,13742927
2020-03-25,62.11501693725586,79.69999694824219,80.5,75.30000305175781,78.0,16472741
2020-03-26,62.467952728271484,79.6500015258789,82.19999694824219,76.4000015258789,82.0,39959613
2020-03-27,65.09528350830078,83.0,84.4000015258789,80.25,82.5,39345541
2020-03-30,64.11492919921875,81.75,83.5,79.19999694824219,79.9000015258789,17043895
2020-03-31,66.03643035888672,84.19999694824219,84.80000305175781,81.1500015258789,82.75,28293281
2020-04-01,63.526737213134766,81.0,84.3499984741211,80.5999984741211,84.30000305175781,14355207
2020-04-03,62.38951873779297,79.55000305175781,82.0999984741211,78.8499984741211,82.05000305175781,18310156
2020-04-07,63.95808792114258,81.55000305175781,82.05000305175781,80.0999984741211,81.5999984741211,47686619
2020-04-08,66.82072448730469,85.19999694824219,86.80000305175781,80.30000305175781,81.55000305175781,38072700
2020-04-09,68.31084442138672,87.0999984741211,88.3499984741211,85.30000305175781,88.3499984741211,9322342
2020-04-13,69.5264663696289,88.6500015258789,89.1500015258789,84.75,87.0999984741211,33266662
2020-04-15,70.5068130493164,89.9000015258789,94.19999694824219,88.69999694824219,88.94999694824219,24127975
2020-04-16,74.58507537841797,95.0999984741211,96.30000305175781,87.0,87.25,20876392
2020-04-17,74.8987808227539,95.5,101.0,95.0,101.0,16969641
2020-04-20,77.56534576416016,98.9000015258789,99.30000305175781,93.4000015258789,97.0,17639066
2020-04-21,76.31050109863281,97.30000305175781,98.4000015258789,95.55000305175781,96.5,15085097
2020-04-22,76.5457763671875,97.5999984741211,98.6500015258789,94.9000015258789,97.30000305175781,10342633
2020-04-23,74.66351318359375,95.19999694824219,97.69999694824219,94.55000305175781,97.44999694824219,14078729
2020-04-24,73.25180053710938,93.4000015258789,96.3499984741211,91.94999694824219,94.75,10148964
2020-04-27,72.42831420898438,92.3499984741211,94.4000015258789,91.9000015258789,94.4000015258789,22675928
2020-04-28,70.85974884033203,90.3499984741211,92.9000015258789,88.6500015258789,92.1500015258789,19815445
2020-04-29,70.74210357666016,90.19999694824219,92.3499984741211,89.75,91.44999694824219,21550996
2020-04-30,74.5458755493164,95.05000305175781,97.0,90.4000015258789,91.3499984741211,15151435
2020-05-04,71.72244262695312,91.44999694824219,93.6500015258789,90.5,91.05000305175781,10305663
2020-05-05,72.6243896484375,92.5999984741211,94.94999694824219,91.3499984741211,92.19999694824219,10628539
2020-05-06,74.2713623046875,94.69999694824219,95.44999694824219,92.19999694824219,92.94999694824219,10232281
2020-05-07,70.93816375732422,90.44999694824219,94.4000015258789,90.1500015258789,94.0999984741211,8449705
2020-05-08,68.232421875,87.0,92.44999694824219,85.75,91.0,28174665
2020-05-11,67.9579086303711,86.6500015258789,89.44999694824219,85.8499984741211,88.19999694824219,12243824
2020-05-12,71.87931823730469,91.6500015258789,93.25,85.6500015258789,86.5,18124894
2020-05-13,72.97730255126953,93.05000305175781,98.5,92.6500015258789,94.94999694824219,19037031
2020-05-14,70.0754623413086,89.3499984741211,93.5,87.5,93.30000305175781,39115884
2020-05-15,71.25189208984375,90.8499984741211,91.80000305175781,89.19999694824219,90.0,16925981
2020-05-18,69.7225341796875,88.9000015258789,90.5,87.8499984741211,90.5,11368562
2020-05-19,71.40873718261719,91.05000305175781,91.9000015258789,88.19999694824219,89.5999984741211,12262118
2020-05-20,72.85967254638672,92.9000015258789,93.4000015258789,89.30000305175781,89.9000015258789,10126022
2020-05-21,70.78132629394531,90.25,92.6500015258789,89.80000305175781,92.1500015258789,20143324
2020-05-22,71.33031463623047,90.94999694824219,91.19999694824219,88.3499984741211,89.9000015258789,9392095
2020-05-26,72.93807983398438,93.0,93.4000015258789,90.1500015258789,90.1500015258789,12350762
2020-05-27,74.2713623046875,94.69999694824219,95.19999694824219,91.1500015258789,93.0,11684730
2020-05-28,75.0556411743164,95.69999694824219,96.5,94.5,95.25,12156645
2020-05-29,76.7418441772461,97.8499984741211,98.8499984741211,94.30000305175781,94.69999694824219,19891080
2020-06-01,76.78106689453125,97.9000015258789,99.6500015258789,97.1500015258789,98.4000015258789,10106253
2020-06-02,75.879150390625,96.75,98.94999694824219,96.05000305175781,98.75,18170659
2020-06-03,74.2713623046875,94.69999694824219,97.80000305175781,94.4000015258789,97.75,23102350
2020-06-04,74.62429809570312,95.1500015258789,95.5,92.75,94.1500015258789,12827335
2020-06-05,76.82027435302734,97.94999694824219,98.19999694824219,94.1500015258789,95.0,11744302
2020-06-08,77.29084777832031,98.55000305175781,100.19999694824219,97.75,98.94999694824219,14168383
2020-06-09,76.85948944091797,98.0,99.69999694824219,97.19999694824219,99.0,14232434
2020-06-10,76.97713470458984,98.1500015258789,100.1500015258789,97.25,98.1500015258789,12104423
2020-06-11,76.89869689941406,98.05000305175781,99.69999694824219,96.80000305175781,98.1500015258789,10258905
2020-06-12,75.99678039550781,96.9000015258789,97.94999694824219,94.30000305175781,94.5,10925477
2020-06-15,73.09494018554688,93.19999694824219,96.94999694824219,92.5999984741211,96.69999694824219,10980359
2020-06-16,72.78123474121094,92.80000305175781,95.0999984741211,92.25,94.94999694824219,8757035
2020-06-17,71.76166534423828,91.5,93.0999984741211,90.8499984741211,92.94999694824219,17081311
2020-06-18,72.70280456542969,92.69999694824219,94.30000305175781,89.9000015258789,91.80000305175781,16520026
2020-06-19,72.93807983398438,93.0,94.05000305175781,92.4000015258789,93.05000305175781,13836691
2020-06-22,74.74193572998047,95.30000305175781,95.8499984741211,93.3499984741211,94.0999984741211,18868376
2020-06-23,79.01626586914062,100.75,101.1500015258789,95.0,95.0999984741211,20331626
2020-06-24,76.11442565917969,97.05000305175781,103.80000305175781,96.75,102.0,24055051
2020-06-25,75.36934661865234,96.0999984741211,98.55000305175781,94.3499984741211,97.05000305175781,69278017
2020-06-26,76.0752182006836,97.0,97.4000015258789,95.55000305175781,96.4000015258789,15572219
2020-06-29,74.42821502685547,94.9000015258789,98.05000305175781,94.44999694824219,97.6500015258789,18130595
2020-06-30,75.13407135009766,95.80000305175781,97.75,95.19999694824219,97.0,18496305
2020-07-01,73.40866088867188,93.5999984741211,94.69999694824219,92.30000305175781,94.69999694824219,21639137
2020-07-02,73.25180053710938,93.4000015258789,94.5,93.1500015258789,94.5,14333457
2020-07-03,74.1145248413086,94.5,95.3499984741211,92.75,93.5999984741211,15274841
2020-07-06,74.66351318359375,95.19999694824219,96.4000015258789,94.8499984741211,95.9000015258789,11830916
2020-07-07,72.5851821899414,92.55000305175781,95.44999694824219,92.25,95.4000015258789,18786009
2020-07-08,71.36953735351562,91.0,92.8499984741211,90.8499984741211,92.8499984741211,26256635
2020-07-09,71.5263900756836,91.19999694824219,92.0,90.80000305175781,91.30000305175781,11910945
2020-07-10,70.89897155761719,90.4000015258789,91.30000305175781,89.75,91.19999694824219,12213053
2020-07-13,70.5068130493164,89.9000015258789,92.8499984741211,89.5,91.05000305175781,17508551
2020-07-14,68.7421875,87.6500015258789,89.9000015258789,87.4000015258789,89.80000305175781,14240946
2020-07-15,69.05590057373047,88.05000305175781,89.75,87.75,88.30000305175781,11582839
2020-07-16,68.03634643554688,86.75,88.4000015258789,85.8499984741211,88.19999694824219,10152592
2020-07-17,69.2519760131836,88.30000305175781,88.6500015258789,87.0,87.19999694824219,12238969
2020-07-20,68.35004425048828,87.1500015258789,88.9000015258789,87.0,88.9000015258789,12349129
2020-07-21,69.29119873046875,88.3499984741211,88.6500015258789,86.80000305175781,88.0,20118152
2020-07-22,70.85974884033203,90.3499984741211,92.5999984741211,88.69999694824219,88.75,31321718
2020-07-23,71.01661682128906,90.55000305175781,91.5999984741211,90.25,90.9000015258789,11161294
2020-07-24,70.11468505859375,89.4000015258789,90.5,88.55000305175781,90.30000305175781,11352904
2020-07-27,68.7421875,87.6500015258789,89.5999984741211,87.25,89.55000305175781,10071266
2020-07-28,69.44804382324219,88.55000305175781,88.80000305175781,86.9000015258789,87.9000015258789,13888285
2020-07-29,69.13433074951172,88.1500015258789,89.6500015258789,87.9000015258789,88.5,10732504
2020-07-30,67.91869354248047,86.5999984741211,89.0,86.0999984741211,88.55000305175781,10668042
2020-07-31,68.232421875,87.0,87.5999984741211,86.30000305175781,86.9000015258789,7906179
2020-08-03,67.13441467285156,85.5999984741211,87.19999694824219,85.0,87.19999694824219,14158505
2020-08-04,67.13441467285156,85.5999984741211,87.0,85.3499984741211,86.5,19621505
2020-08-05,67.36968994140625,85.9000015258789,86.5999984741211,85.4000015258789,85.9000015258789,9478990
2020-08-06,67.5657730102539,86.1500015258789,87.44999694824219,85.5999984741211,86.5,12208873
2020-08-07,67.29127502441406,85.80000305175781,86.69999694824219,85.3499984741211,86.19999694824219,10339288
2020-08-10,69.17353820800781,88.19999694824219,88.69999694824219,86.1500015258789,86.80000305175781,12215464
2020-08-11,69.21275329589844,88.25,89.5999984741211,87.80000305175781,89.0,11180265
2020-08-12,69.565673828125,88.69999694824219,89.1500015258789,87.05000305175781,88.0,14803880
2020-08-13,70.53580474853516,87.25,87.5,86.5,87.4000015258789,13723113
2020-08-14,71.46549987792969,88.4000015258789,89.8499984741211,86.69999694824219,87.3499984741211,25402282
2020-08-17,77.04369354248047,95.30000305175781,96.5,89.4000015258789,89.4000015258789,115111358
2020-08-18,76.84159088134766,95.05000305175781,97.80000305175781,94.05000305175781,96.19999694824219,52023697
2020-08-19,76.5182113647461,94.6500015258789,96.5,94.25,96.0,21840924
2020-08-20,81.73259735107422,101.0999984741211,101.9000015258789,94.25,94.5999984741211,112338263
2020-08-21,85.65351104736328,105.94999694824219,107.8499984741211,101.5999984741211,102.69999694824219,107862545
2020-08-24,85.20887756347656,105.4000015258789,108.0,103.75,107.0999984741211,49154455
2020-08-25,83.91536712646484,103.80000305175781,107.4000015258789,103.19999694824219,106.0,50940674
2020-08-26,83.10693359375,102.80000305175781,104.5999984741211,101.5999984741211,104.5999984741211,30828711
2020-08-27,82.94525909423828,102.5999984741211,103.9000015258789,102.0,103.19999694824219,19363725
2020-08-28,82.09640502929688,101.55000305175781,104.25,101.25,103.1500015258789,21358972
2020-08-31,77.93297576904297,96.4000015258789,102.69999694824219,95.5,102.5999984741211,40298594
2020-09-01,80.681640625,99.80000305175781,101.1500015258789,96.5,97.5,44304572
2020-09-02,79.99446105957031,98.94999694824219,100.5,98.30000305175781,99.80000305175781,20904846
2020-09-03,78.98393249511719,97.69999694824219,99.69999694824219,96.9000015258789,99.0,19004282
2020-09-04,76.55863952636719,94.69999694824219,97.44999694824219,94.0,96.05000305175781,27339411
2020-09-07,74.69923400878906,92.4000015258789,96.0,92.05000305175781,94.80000305175781,28474893
2020-09-08,73.28447723388672,90.6500015258789,93.25,90.30000305175781,93.25,31186005
2020-09-09,73.0823745727539,90.4000015258789,91.25,88.5,90.0999984741211,28307198
2020-09-10,73.20365142822266,90.55000305175781,91.5,89.25,91.0,27263673
2020-09-11,72.83982849121094,90.0999984741211,90.9000015258789,89.44999694824219,90.19999694824219,18190992
2020-09-14,73.44617462158203,90.8499984741211,91.94999694824219,89.75,90.4000015258789,22533738
2020-09-15,73.64826965332031,91.0999984741211,92.75,90.55000305175781,90.9000015258789,26866105
2020-09-16,72.47604370117188,89.6500015258789,91.5999984741211,89.30000305175781,91.5999984741211,20778500
2020-09-17,71.66761779785156,88.6500015258789,89.44999694824219,88.30000305175781,89.05000305175781,21804215
2020-09-18,73.20365142822266,90.55000305175781,91.0999984741211,88.69999694824219,89.05000305175781,44757908
2020-09-21,71.38467407226562,88.30000305175781,91.3499984741211,87.3499984741211,91.1500015258789,17714694
2020-09-22,70.89959716796875,87.69999694824219,89.55000305175781,85.30000305175781,88.30000305175781,25113194
2020-09-23,68.79766845703125,85.0999984741211,88.1500015258789,84.19999694824219,87.6500015258789,24107408
2020-09-24,66.8170166015625,82.6500015258789,85.6500015258789,82.1500015258789,84.0999984741211,17724521
2020-09-25,68.55513763427734,84.80000305175781,85.1500015258789,82.3499984741211,83.3499984741211,15999517
2020-09-28,70.7379150390625,87.5,88.25,85.0999984741211,85.5999984741211,22735756
2020-09-29,68.83808135986328,85.1500015258789,88.9000015258789,84.6500015258789,88.5,21328822
2020-09-30,68.79766845703125,85.0999984741211,85.8499984741211,83.4000015258789,85.5999984741211,18475452
2020-10-01,68.635986328125,84.9000015258789,85.80000305175781,84.5,85.80000305175781,18244405
2020-10-05,68.27218627929688,84.44999694824219,85.44999694824219,83.80000305175781,85.0,15677842
2020-10-06,68.0296630859375,84.1500015258789,84.6500015258789,83.6500015258789,84.44999694824219,13094249
2020-10-07,66.93827056884766,82.80000305175781,84.25,82.25,84.19999694824219,19056844
2020-10-08,66.77658081054688,82.5999984741211,83.3499984741211,82.3499984741211,83.0999984741211,11961568
2020-10-09,67.01913452148438,82.9000015258789,83.1500015258789,81.6500015258789,82.8499984741211,18016087
2020-10-12,66.89785766601562,82.75,84.55000305175781,82.4000015258789,83.6500015258789,11714109
2020-10-13,66.8170166015625,82.6500015258789,83.4000015258789,82.4000015258789,82.80000305175781,11503196
2020-10-14,63.947078704833984,79.0999984741211,83.05000305175781,78.0999984741211,82.80000305175781,47114322
2020-10-15,63.86623001098633,79.0,80.5,78.5,79.0999984741211,20107413
2020-10-16,64.91719055175781,80.30000305175781,80.5,78.44999694824219,79.0,16578267
2020-10-19,66.00857543945312,81.6500015258789,83.1500015258789,80.5,80.94999694824219,21839955
2020-10-20,65.20014953613281,80.6500015258789,81.94999694824219,80.30000305175781,81.6500015258789,14238188
2020-10-21,66.5340576171875,82.30000305175781,83.80000305175781,80.6500015258789,81.44999694824219,38563701
2020-10-22,68.43388366699219,84.6500015258789,85.9000015258789,81.4000015258789,82.30000305175781,34256481
2020-10-23,69.72736358642578,86.25,86.5999984741211,84.5,86.0,46258872
2020-10-26,69.48483276367188,85.94999694824219,88.0,84.30000305175781,87.0999984741211,34724632
2020-10-27,72.3143539428711,89.44999694824219,90.05000305175781,87.05000305175781,88.80000305175781,95412168
2020-10-28,71.22296905517578,88.0999984741211,90.6500015258789,87.5,89.44999694824219,44763206
2020-10-29,69.92947387695312,86.5,88.5,86.0,87.0,41912944
2020-10-30,70.81874084472656,87.5999984741211,88.75,86.30000305175781,86.9000015258789,40735912
2020-11-02,72.11224365234375,89.19999694824219,89.5999984741211,87.94999694824219,88.30000305175781,31922062
2020-11-03,69.48483276367188,85.94999694824219,92.0,83.05000305175781,91.44999694824219,118128168
2020-11-04,68.79766845703125,85.0999984741211,87.0999984741211,84.5,86.1500015258789,47519427
2020-11-05,70.17201232910156,86.80000305175781,87.0,85.5999984741211,85.8499984741211,41267817
2020-11-06,70.57621765136719,87.30000305175781,88.75,86.9000015258789,87.19999694824219,46143960
2020-11-09,72.3143539428711,89.44999694824219,89.8499984741211,87.69999694824219,88.6500015258789,42703600
2020-11-10,73.97164916992188,91.5,91.75,89.55000305175781,89.80000305175781,43483223
2020-11-11,75.10343933105469,92.9000015258789,93.5,91.69999694824219,92.0,51801855
2020-11-12,73.40574645996094,90.80000305175781,92.5999984741211,90.4000015258789,92.4000015258789,33374610
2020-11-13,73.93122863769531,91.44999694824219,92.3499984741211,89.19999694824219,90.0,24025139
2020-11-14,73.486572265625,90.9000015258789,92.4000015258789,90.30000305175781,90.55000305175781,12521960
2020-11-17,71.7080307006836,88.69999694824219,92.4000015258789,88.25,91.75,55324429
2020-11-18,71.38467407226562,88.30000305175781,89.55000305175781,88.0999984741211,88.69999694824219,37574681
2020-11-19,72.5973129272461,89.80000305175781,91.9000015258789,88.0,88.4000015258789,55196018
2020-11-20,74.21418762207031,91.80000305175781,92.0999984741211,89.9000015258789,90.25,47670803
2020-11-23,75.70978546142578,93.6500015258789,94.4000015258789,92.0,92.9000015258789,54262598
2020-11-24,76.1139907836914,94.1500015258789,94.80000305175781,93.75,94.25,35713773
2020-11-25,75.95230865478516,93.94999694824219,94.9000015258789,92.8499984741211,94.44999694824219,32464332
2020-11-26,76.07356262207031,94.0999984741211,94.80000305175781,93.4000015258789,93.94999694824219,30825401
2020-11-27,76.55863952636719,94.69999694824219,97.05000305175781,91.80000305175781,95.75,216981706
2020-12-01,75.79061889648438,93.75,96.19999694824219,93.44999694824219,94.69999694824219,35330973
2020-12-02,76.63947296142578,94.80000305175781,95.19999694824219,93.80000305175781,94.6500015258789,27650080
2020-12-03,79.67108917236328,98.55000305175781,99.1500015258789,95.30000305175781,95.8499984741211,43841111
2020-12-04,79.67108917236328,98.55000305175781,99.80000305175781,97.5,99.19999694824219,34813873
2020-12-07,80.6412124633789,99.75,101.1500015258789,98.69999694824219,99.0,27049393
2020-12-08,79.38814544677734,98.19999694824219,100.8499984741211,97.80000305175781,100.55000305175781,30386160
2020-12-09,79.468994140625,98.30000305175781,99.9000015258789,97.9000015258789,99.25,24061383
2020-12-10,78.53929138183594,97.1500015258789,99.3499984741211,96.5,98.4000015258789,25985382
2020-12-11,82.78356170654297,102.4000015258789,102.9000015258789,97.6500015258789,97.9000015258789,63463638
2020-12-14,84.56212615966797,104.5999984741211,105.3499984741211,103.0,103.44999694824219,45802433
2020-12-15,85.5726547241211,105.8499984741211,106.4000015258789,102.8499984741211,105.0999984741211,52215593
2020-12-16,84.80464935302734,104.9000015258789,107.25,104.55000305175781,106.94999694824219,25184934
2020-12-17,84.44084167480469,104.44999694824219,105.6500015258789,104.0,105.6500015258789,16840984
2020-12-18,83.87495422363281,103.75,104.80000305175781,102.8499984741211,104.55000305175781,33596568
2020-12-21,78.82223510742188,97.5,103.94999694824219,94.75,103.69999694824219,34210970
2020-12-22,79.95404052734375,98.9000015258789,99.80000305175781,96.5,97.3499984741211,29181188
2020-12-23,79.67108917236328,98.55000305175781,99.4000015258789,97.80000305175781,99.05000305175781,17602151
2020-12-24,80.80290222167969,99.94999694824219,101.5,99.0,99.30000305175781,23052394
2020-12-28,81.20711517333984,100.44999694824219,101.55000305175781,100.0,100.8499984741211,15454893
2020-12-29,79.7115249633789,98.5999984741211,101.05000305175781,97.94999694824219,100.5,23647197
2020-12-30,80.11573791503906,99.0999984741211,99.6500015258789,98.19999694824219,99.0,30281285
2020-12-31,80.3178482055664,99.3499984741211,100.25,98.0,98.0999984741211,50363279
2021-01-01,80.07530975341797,99.05000305175781,100.19999694824219,98.80000305175781,99.94999694824219,13493039
2021-01-04,80.07530975341797,99.05000305175781,100.0,98.5,99.75,22325584
2021-01-05,78.903076171875,97.5999984741211,98.4000015258789,97.0,98.4000015258789,23510160
2021-01-06,79.10518646240234,97.8499984741211,99.0,97.25,98.0,21952878
2021-01-07,78.41802215576172,97.0,98.5,96.8499984741211,98.0999984741211,24999580
2021-01-08,80.96459197998047,100.1500015258789,100.5,97.3499984741211,97.5999984741211,43240591
2021-01-11,80.03489685058594,99.0,101.25,98.69999694824219,100.75,22036573
2021-01-12,80.96459197998047,100.1500015258789,101.0,98.30000305175781,99.0,24262426
2021-01-13,82.90483856201172,102.55000305175781,104.3499984741211,100.1500015258789,100.25,49236964
2021-01-14,82.62189483642578,102.19999694824219,103.8499984741211,101.69999694824219,103.69999694824219,29301114
2021-01-15,81.20711517333984,100.44999694824219,103.5999984741211,99.9000015258789,102.5,24067229
2021-01-18,78.8626708984375,97.55000305175781,100.9000015258789,96.80000305175781,100.44999694824219,23613664
2021-01-19,80.56038665771484,99.6500015258789,100.8499984741211,97.55000305175781,98.0,22934496
2021-01-20,79.468994140625,98.30000305175781,99.69999694824219,98.0,99.5999984741211,25599184
2021-01-21,77.6904296875,96.0999984741211,99.1500015258789,95.5999984741211,98.69999694824219,22667011
2021-01-22,76.03314208984375,94.05000305175781,96.5,92.9000015258789,96.30000305175781,26029669
2021-01-25,75.34596252441406,93.19999694824219,95.30000305175781,92.69999694824219,95.05000305175781,18599824
2021-01-27,73.8099594116211,91.30000305175781,93.0999984741211,90.80000305175781,93.0,22812859
2021-01-28,74.052490234375,91.5999984741211,92.6500015258789,90.3499984741211,90.80000305175781,32227832
2021-01-29,71.91012573242188,88.94999694824219,92.5999984741211,88.1500015258789,92.0,36962884
2021-02-01,74.37586212158203,92.0,92.4000015258789,88.4000015258789,89.3499984741211,29033297
2021-02-02,76.1139907836914,94.1500015258789,95.3499984741211,92.9000015258789,92.9000015258789,29279584
2021-02-03,78.37759399414062,96.94999694824219,98.0999984741211,94.30000305175781,95.0999984741211,31420256
2021-02-04,80.07530975341797,99.05000305175781,100.19999694824219,97.0,97.30000305175781,39264443
2021-02-05,80.43913269042969,99.5,102.0,98.1500015258789,100.4000015258789,54911202
2021-02-08,81.08585357666016,100.30000305175781,100.94999694824219,96.0999984741211,96.19999694824219,53737961
2021-02-09,80.80290222167969,99.94999694824219,101.19999694824219,99.5,100.4000015258789,28074809
2021-02-10,80.72205352783203,99.8499984741211,100.5,98.6500015258789,100.0,19070866
2021-02-11,81.09712982177734,97.30000305175781,97.9000015258789,96.25,97.9000015258789,18452535
2021-02-12,79.97193908691406,95.94999694824219,97.9000015258789,94.80000305175781,97.80000305175781,21660998
2021-02-15,79.3468246459961,95.19999694824219,96.69999694824219,95.0,96.44999694824219,12574055
2021-02-16,81.68055725097656,98.0,99.1500015258789,95.5,95.8499984741211,32865663
2021-02-17,82.80575561523438,99.3499984741211,100.1500015258789,97.0,97.8499984741211,28774857
2021-02-18,86.18132019042969,103.4000015258789,104.25,99.55000305175781,99.69999694824219,50705280
2021-02-19,86.84809112548828,104.19999694824219,106.75,101.4000015258789,103.6500015258789,61069583
2021-02-22,85.05614471435547,102.05000305175781,106.30000305175781,101.4000015258789,104.30000305175781,30636415
2021-02-23,86.18132019042969,103.4000015258789,104.1500015258789,100.55000305175781,102.1500015258789,31233104
2021-02-24,86.0146255493164,103.19999694824219,104.69999694824219,102.0999984741211,104.5,16153025
2021-02-25,90.01530456542969,108.0,110.19999694824219,103.0,103.5999984741211,68361756
2021-02-26,89.43187713623047,107.30000305175781,110.94999694824219,104.80000305175781,107.0999984741211,67331805
2021-03-01,90.390380859375,108.44999694824219,109.80000305175781,107.1500015258789,109.5,27205189
2021-03-02,93.80763244628906,112.55000305175781,113.69999694824219,107.9000015258789,108.44999694824219,53649872
2021-03-03,93.93264770507812,112.69999694824219,114.69999694824219,112.0,114.44999694824219,31702057
2021-03-04,92.34904479980469,110.80000305175781,113.0,110.5,111.5,28057179
2021-03-05,90.59874725341797,108.69999694824219,112.3499984741211,108.4000015258789,111.0,24778407
2021-03-08,92.14067077636719,110.55000305175781,113.30000305175781,109.5,110.6500015258789,28163362
2021-03-09,91.26554870605469,109.5,111.8499984741211,107.44999694824219,111.4000015258789,20611697
2021-03-10,91.39054870605469,109.6500015258789,110.5999984741211,108.94999694824219,110.3499984741211,13207045
2021-03-12,90.93214416503906,109.0999984741211,112.0999984741211,108.5999984741211,111.0,21763020
2021-03-15,92.09900665283203,110.5,111.0,107.69999694824219,109.94999694824219,20350674
2021-03-16,91.30721282958984,109.55000305175781,111.44999694824219,109.30000305175781,110.55000305175781,15360040
2021-03-17,88.8067855834961,106.55000305175781,109.9000015258789,106.1500015258789,109.69999694824219,18850429
2021-03-18,86.51471710205078,103.80000305175781,108.25,103.19999694824219,107.4000015258789,20023557
2021-03-19,90.43205261230469,108.5,109.55000305175781,102.0,102.3499984741211,72249183
2021-03-22,91.5572280883789,109.8499984741211,110.55000305175781,106.8499984741211,108.80000305175781,31980425
2021-03-23,90.55706787109375,108.6500015258789,110.19999694824219,108.0999984741211,110.0,14060206
2021-03-24,88.3483657836914,106.0,109.4000015258789,105.5999984741211,108.0,15196366
2021-03-25,85.84793090820312,103.0,106.5,102.6500015258789,106.0,22543755
2021-03-26,86.84809112548828,104.19999694824219,105.75,103.69999694824219,105.75,17402475
2021-03-30,89.76527404785156,107.69999694824219,108.69999694824219,104.5999984741211,105.8499984741211,36129962
2021-03-31,88.8067855834961,106.55000305175781,109.0,106.0999984741211,107.69999694824219,23063667
2021-04-01,89.93196868896484,107.9000015258789,108.75,106.94999694824219,107.5,13753303
2021-04-05,88.59841918945312,106.30000305175781,107.80000305175781,103.75,107.4000015258789,15666099
2021-04-06,88.3900375366211,106.05000305175781,108.0999984741211,105.80000305175781,107.75,17393454
2021-04-07,87.88995361328125,105.44999694824219,107.3499984741211,105.25,106.9000015258789,15692013
2021-04-08,87.514892578125,105.0,106.44999694824219,104.69999694824219,106.0,11394998
2021-04-09,85.68123626708984,102.80000305175781,105.94999694824219,102.4000015258789,105.94999694824219,19751417
2021-04-12,82.55570983886719,99.05000305175781,101.5,98.05000305175781,101.5,20221362
2021-04-13,83.84759521484375,100.5999984741211,101.1500015258789,99.25,99.5999984741211,19192856
2021-04-15,84.47270202636719,101.3499984741211,103.0,99.30000305175781,101.19999694824219,13865351
2021-04-16,85.38953399658203,102.44999694824219,102.9000015258789,100.5,101.9000015258789,14654851
2021-04-19,82.55570983886719,99.05000305175781,100.4000015258789,98.6500015258789,100.0,11652043
2021-04-20,82.55570983886719,99.05000305175781,100.9000015258789,98.1500015258789,99.19999694824219,16528675
2021-04-22,82.47235870361328,98.94999694824219,99.75,97.05000305175781,98.05000305175781,18614270
2021-04-23,85.4728775024414,102.55000305175781,103.0,98.0,98.0,29484794
2021-04-26,85.34784698486328,102.4000015258789,103.94999694824219,100.8499984741211,103.94999694824219,24369413
2021-04-27,85.05614471435547,102.05000305175781,103.55000305175781,101.69999694824219,102.05000305175781,17763436
2021-04-28,86.34803009033203,103.5999984741211,103.94999694824219,102.1500015258789,102.8499984741211,15160578
2021-04-29,85.88961029052734,103.05000305175781,105.0,102.6500015258789,104.5999984741211,11588556
2021-04-30,85.38953399658203,102.44999694824219,105.6500015258789,102.05000305175781,102.25,15321193
2021-05-03,86.88978576660156,104.25,104.5999984741211,101.05000305175781,101.4000015258789,12186212
2021-05-04,86.4730453491211,103.75,106.05000305175781,103.5,104.30000305175781,12992684
2021-05-05,86.59806823730469,103.9000015258789,105.6500015258789,102.80000305175781,104.75,14956169
2021-05-06,85.88961029052734,103.05000305175781,105.0999984741211,102.6500015258789,105.0,13547274
2021-05-07,87.55656433105469,105.05000305175781,105.5,103.3499984741211,104.0,13229291
2021-05-10,89.76527404785156,107.69999694824219,108.0,105.5999984741211,106.0,23980945
2021-05-11,93.93264770507812,112.69999694824219,113.4000015258789,106.69999694824219,108.0,45613487
2021-05-12,94.4327392578125,113.30000305175781,116.75,111.75,114.19999694824219,62158914
2021-05-14,92.84912872314453,111.4000015258789,113.94999694824219,110.1500015258789,113.94999694824219,16227312
2021-05-17,92.97415161132812,111.55000305175781,112.25,109.94999694824219,111.19999694824219,12832920
2021-05-18,93.43255615234375,112.0999984741211,114.19999694824219,111.75,112.5999984741211,14892142
2021-05-19,93.30754852294922,111.94999694824219,113.1500015258789,110.94999694824219,113.1500015258789,12610425
2021-05-20,93.1408462524414,111.75,112.75,110.9000015258789,112.0,10303689
2021-05-21,94.05766296386719,112.8499984741211,113.1500015258789,111.25,112.30000305175781,12171685
2021-05-24,94.0993423461914,112.9000015258789,113.94999694824219,112.05000305175781,112.3499984741211,11341268
2021-05-25,94.4327392578125,113.30000305175781,114.8499984741211,113.05000305175781,113.9000015258789,15289982
2021-05-26,92.59908294677734,111.0999984741211,114.0,110.9000015258789,114.0,17466748
2021-05-27,91.93231201171875,110.30000305175781,111.6500015258789,109.30000305175781,111.5999984741211,34169451
2021-05-28,90.8071060180664,108.94999694824219,111.0,108.3499984741211,110.30000305175781,13383166
2021-05-31,92.09900665283203,110.5,111.3499984741211,107.80000305175781,108.94999694824219,14754293
2021-06-01,91.84896087646484,110.19999694824219,111.44999694824219,109.5,110.94999694824219,10271211
2021-06-02,92.64076232910156,111.1500015258789,111.3499984741211,110.05000305175781,110.0999984741211,6492771
2021-06-03,93.1825180053711,111.80000305175781,112.19999694824219,110.44999694824219,111.5999984741211,12140851
2021-06-04,93.1408462524414,111.75,113.0,111.05000305175781,111.5,8930671
2021-06-07,97.01651000976562,116.4000015258789,116.75,112.0,112.1500015258789,28407410
2021-06-08,96.84981536865234,116.19999694824219,118.5,116.0,117.5,43191813
2021-06-09,98.43341827392578,118.0999984741211,121.0,115.80000305175781,116.5,49807823
2021-06-10,98.76679992675781,118.5,119.9000015258789,117.30000305175781,119.3499984741211,22144392
2021-06-11,99.01685333251953,118.80000305175781,119.55000305175781,117.55000305175781,118.9000015258789,13871562
2021-06-14,98.51675415039062,118.19999694824219,118.9000015258789,116.25,118.80000305175781,14179055
2021-06-15,98.18336486816406,117.80000305175781,118.94999694824219,117.5999984741211,118.19999694824219,8148417
2021-06-16,99.85032653808594,119.80000305175781,120.5999984741211,116.8499984741211,117.80000305175781,21585917
2021-06-17,97.84998321533203,117.4000015258789,120.5999984741211,116.94999694824219,118.19999694824219,14466025
2021-06-18,94.64110565185547,113.55000305175781,118.1500015258789,112.9000015258789,117.4000015258789,43927941
2021-06-21,98.35005950927734,118.0,118.44999694824219,113.05000305175781,113.25,34597018
2021-06-22,98.60012817382812,118.30000305175781,118.9000015258789,116.94999694824219,118.5,16712010
2021-06-23,97.72496795654297,117.25,118.8499984741211,116.94999694824219,118.8499984741211,12590251
2021-06-24,98.35005950927734,118.0,118.5,115.69999694824219,117.19999694824219,14046692
2021-06-25,96.72480010986328,116.05000305175781,119.0999984741211,115.69999694824219,119.0999984741211,12768348
2021-06-28,96.80814361572266,116.1500015258789,117.8499984741211,116.0,116.9000015258789,10709748
2021-06-29,98.01667022705078,117.5999984741211,118.55000305175781,115.4000015258789,116.25,33488455
2021-06-30,97.01651000976562,116.4000015258789,118.44999694824219,116.1500015258789,117.8499984741211,16739618
2021-07-01,97.80830383300781,117.3499984741211,117.80000305175781,115.69999694824219,116.80000305175781,12479506
2021-07-02,97.93331909179688,117.5,119.05000305175781,117.0,117.55000305175781,17215972
2021-07-05,98.85015106201172,118.5999984741211,119.0999984741211,117.25,117.9000015258789,16409169
2021-07-06,98.05834197998047,117.6500015258789,118.94999694824219,117.05000305175781,118.0999984741211,14979094
2021-07-07,97.89163970947266,117.44999694824219,118.19999694824219,116.8499984741211,117.05000305175781,14545289
2021-07-08,97.89163970947266,117.44999694824219,118.69999694824219,117.19999694824219,117.3499984741211,12037089
2021-07-09,98.18336486816406,117.80000305175781,118.4000015258789,116.25,117.0,9585144
2021-07-12,98.22504425048828,117.8499984741211,118.75,117.1500015258789,118.0,7651672
2021-07-13,99.93366241455078,119.9000015258789,122.0,118.0999984741211,118.1500015258789,30663035
2021-07-14,100.64212036132812,120.75,120.94999694824219,119.80000305175781,119.94999694824219,9539611
2021-07-15,100.26705932617188,120.30000305175781,121.19999694824219,119.19999694824219,120.75,11278872
2021-07-16,99.26688385009766,119.0999984741211,120.80000305175781,118.30000305175781,120.1500015258789,17198632
2021-07-19,101.18389129638672,121.4000015258789,121.8499984741211,118.5,119.0999984741211,14364285
2021-07-20,98.7251205444336,118.44999694824219,122.0,118.19999694824219,122.0,11360716
2021-07-22,99.3502426147461,119.19999694824219,119.69999694824219,118.55000305175781,118.75,9520328
2021-07-23,98.76679992675781,118.5,120.0999984741211,118.30000305175781,119.4000015258789,10442400
2021-07-26,99.47525787353516,119.3499984741211,120.0,118.05000305175781,118.19999694824219,5370055
2021-07-27,99.05851745605469,118.8499984741211,119.5999984741211,118.19999694824219,119.30000305175781,5280342
2021-07-28,97.34988403320312,116.80000305175781,119.55000305175781,115.80000305175781,119.55000305175781,11010096
2021-07-29,97.30821990966797,116.75,118.25,115.25,117.69999694824219,11897018
2021-07-30,98.51675415039062,118.19999694824219,119.94999694824219,116.25,116.94999694824219,14546264
2021-08-02,98.14170837402344,117.75,118.75,117.0,118.5999984741211,11742555
2021-08-03,98.05834197998047,117.6500015258789,118.5,116.5,118.5,21122697
2021-08-04,98.22504425048828,117.8499984741211,118.8499984741211,116.55000305175781,118.05000305175781,9432176
2021-08-05,97.09984588623047,116.5,117.80000305175781,115.94999694824219,117.05000305175781,11045322
2021-08-06,98.05834197998047,117.6500015258789,118.69999694824219,116.44999694824219,116.5,8434733
2021-08-09,97.26655578613281,116.69999694824219,119.0999984741211,116.55000305175781,118.5,7816050
2021-08-10,95.3078842163086,114.3499984741211,117.19999694824219,113.6500015258789,116.9000015258789,9774255
2021-08-11,97.47490692138672,116.94999694824219,117.30000305175781,114.55000305175781,114.69999694824219,8056886
2021-08-12,99.30857849121094,119.1500015258789,119.4000015258789,116.5,116.94999694824219,8640167
2021-08-13,98.55843353271484,118.25,119.44999694824219,117.19999694824219,119.44999694824219,9744939
2021-08-16,99.05851745605469,118.8499984741211,119.4000015258789,118.0999984741211,118.25,8768804
2021-08-17,97.84998321533203,117.4000015258789,119.5,116.19999694824219,119.3499984741211,8758578
2021-08-18,97.14152526855469,116.55000305175781,118.9000015258789,116.0999984741211,117.4000015258789,9357721
2021-08-20,95.14118957519531,114.1500015258789,117.0,113.44999694824219,116.30000305175781,11684504
2021-08-23,94.51606750488281,113.4000015258789,115.75,112.19999694824219,115.5,6271685
2021-08-24,94.9744873046875,113.94999694824219,116.30000305175781,113.6500015258789,114.19999694824219,11791078
2021-08-25,95.01615905761719,114.0,115.25,113.80000305175781,114.69999694824219,9491958
2021-08-26,93.97432708740234,112.75,114.5,111.94999694824219,114.0999984741211,11668986
2021-08-27,94.51606750488281,113.4000015258789,114.0999984741211,112.0999984741211,112.69999694824219,8095717
2021-08-30,95.8079605102539,114.94999694824219,115.5,113.25,113.25,9915170
2021-08-31,96.64144134521484,115.94999694824219,116.3499984741211,114.69999694824219,115.25,11386659
2021-09-01,96.18303680419922,115.4000015258789,116.69999694824219,114.75,116.0,7508413
2021-09-02,97.09984588623047,116.5,116.69999694824219,115.0,115.0999984741211,5700524
2021-09-03,97.51659393310547,117.0,117.9000015258789,116.5,117.0,9364904
2021-09-06,97.05816650390625,116.44999694824219,117.6500015258789,115.9000015258789,117.6500015258789,7005043
2021-09-07,96.55810546875,115.8499984741211,116.9000015258789,115.25,116.69999694824219,7723357
2021-09-08,97.71473693847656,114.05000305175781,114.5999984741211,112.4000015258789,113.8499984741211,10508654
2021-09-09,98.14311981201172,114.55000305175781,114.75,113.5,113.94999694824219,5757417
2021-09-13,98.52867126464844,115.0,115.5,114.1500015258789,114.6500015258789,6322443
2021-09-14,99.29976654052734,115.9000015258789,116.1500015258789,114.80000305175781,115.25,7369292
2021-09-15,106.41096496582031,124.19999694824219,124.8499984741211,116.0,116.0,48721413
2021-09-16,106.23959350585938,124.0,125.69999694824219,123.0,124.5,17684303
2021-09-17,106.02540588378906,123.75,124.69999694824219,121.55000305175781,124.1500015258789,15763396
2021-09-20,105.12580108642578,122.69999694824219,123.94999694824219,121.80000305175781,122.5,7431359
2021-09-21,106.32527923583984,124.0999984741211,125.4000015258789,122.0999984741211,122.30000305175781,8629222
2021-09-22,106.58230590820312,124.4000015258789,127.0,124.0,124.5999984741211,11698183
2021-09-23,108.12450408935547,126.19999694824219,127.0,124.6500015258789,124.80000305175781,11053966
2021-09-24,106.45380401611328,124.25,126.69999694824219,123.94999694824219,126.5,8598140
2021-09-27,108.681396484375,126.8499984741211,127.80000305175781,124.5,125.30000305175781,8490460
2021-09-28,113.05091857910156,131.9499969482422,133.64999389648438,127.3499984741211,127.5,35900138
2021-09-29,120.50483703613281,140.64999389648438,144.25,130.60000610351562,131.39999389648438,75859390
2021-09-30,121.5329818725586,141.85000610351562,143.1999969482422,139.10000610351562,141.75,34614825
2021-10-01,119.86224365234375,139.89999389648438,144.35000610351562,137.6999969482422,140.9499969482422,22452069
2021-10-04,124.7030258178711,145.5500030517578,149.35000610351562,140.5,143.4499969482422,58612212
2021-10-05,124.57450103759766,145.39999389648438,147.85000610351562,144.1999969482422,145.5500030517578,24390676
2021-10-06,122.7752914428711,143.3000030517578,147.3000030517578,142.8000030517578,146.4499969482422,14421296
2021-10-07,122.34689331054688,142.8000030517578,145.64999389648438,142.25,144.1999969482422,10035682
2021-10-08,120.8904037475586,141.10000610351562,143.89999389648438,140.3000030517578,143.5500030517578,10686586
2021-10-11,124.06044006347656,144.8000030517578,146.75,141.4499969482422,142.0,17449923
2021-10-12,123.84626770019531,144.5500030517578,146.25,143.8000030517578,146.0,16030831
2021-10-13,125.38845825195312,146.35000610351562,147.25,144.6999969482422,145.5,19100941
2021-10-14,128.00160217285156,149.39999389648438,150.60000610351562,146.85000610351562,147.5,29263867
2021-10-18,128.13011169433594,149.5500030517578,151.6999969482422,148.6999969482422,151.25,25346029
2021-10-19,128.21580505371094,149.64999389648438,152.10000610351562,148.10000610351562,150.9499969482422,20234486
2021-10-20,125.30278778076172,146.25,150.64999389648438,145.3000030517578,150.64999389648438,16129487
2021-10-21,126.7164535522461,147.89999389648438,148.5500030517578,145.89999389648438,147.6999969482422,20818539
2021-10-22,124.1460952758789,144.89999389648438,148.10000610351562,144.0,147.85000610351562,11379569
2021-10-25,123.28933715820312,143.89999389648438,146.25,143.14999389648438,144.6999969482422,14079380
2021-10-26,122.68962860107422,143.1999969482422,145.64999389648438,142.4499969482422,145.3000030517578,16224116
2021-10-27,121.0617446899414,141.3000030517578,144.5500030517578,140.85000610351562,144.0,15072448
2021-10-28,117.67752075195312,137.35000610351562,141.85000610351562,136.3000030517578,141.3000030517578,19999659
2021-10-29,113.65067291259766,132.64999389648438,136.89999389648438,128.5500030517578,131.0,29217522
2021-11-01,115.06436157226562,134.3000030517578,135.3000030517578,130.89999389648438,133.1999969482422,10043407
2021-11-02,117.07775115966797,136.64999389648438,140.8000030517578,135.0,135.0,21525811
2021-11-03,117.16342163085938,136.75,138.9499969482422,135.5500030517578,137.9499969482422,9808728
2021-11-04,117.50613403320312,137.14999389648438,138.3000030517578,136.9499969482422,138.3000030517578,1026849
2021-11-08,120.20496368408203,140.3000030517578,140.60000610351562,136.5500030517578,138.6999969482422,12765483
2021-11-09,118.66279602050781,138.5,141.39999389648438,138.0500030517578,140.75,9556650
2021-11-10,117.7203369140625,137.39999389648438,138.25,136.75,138.1999969482422,5479056
2021-11-11,117.07775115966797,136.64999389648438,137.75,134.35000610351562,137.5,11418813
2021-11-12,116.9063949584961,136.4499969482422,138.1999969482422,134.64999389648438,138.1999969482422,9306659
2021-11-15,117.50613403320312,137.14999389648438,137.64999389648438,136.0,137.3000030517578,3991733
2021-11-16,115.06436157226562,134.3000030517578,137.8000030517578,134.0,137.6999969482422,5762128
2021-11-17,116.9063949584961,136.4499969482422,138.0,134.0,134.0,15264066
2021-11-18,115.9211196899414,135.3000030517578,137.60000610351562,134.75,136.60000610351562,9942974
2021-11-22,111.50874328613281,130.14999389648438,136.89999389648438,129.6999969482422,135.0,15990636
2021-11-23,114.3789291381836,133.5,133.75,128.14999389648438,130.0500030517578,11510010
2021-11-24,115.96395874023438,135.35000610351562,137.3000030517578,133.5500030517578,134.5,7570759
2021-11-25,115.83544158935547,135.1999969482422,136.6999969482422,132.3000030517578,135.5,13919886
2021-11-26,110.39495086669922,128.85000610351562,134.0500030517578,128.0,133.1999969482422,13323593
2021-11-29,108.38154602050781,126.5,129.35000610351562,125.05000305175781,127.80000305175781,16077669
2021-11-30,109.02411651611328,127.25,129.4499969482422,124.69999694824219,127.80000305175781,22883512
2021-12-01,109.4096450805664,127.69999694824219,132.9499969482422,125.8499984741211,130.0,17010938
2021-12-02,110.26643371582031,128.6999969482422,130.3000030517578,126.5999984741211,127.69999694824219,12916313
2021-12-03,108.80992889404297,127.0,130.25,126.4000015258789,128.6999969482422,12827354
2021-12-06,106.53947448730469,124.3499984741211,127.5999984741211,124.0,127.0,8158812
2021-12-07,107.3962631225586,125.3499984741211,126.4000015258789,124.0,125.0999984741211,8701301
2021-12-08,109.02411651611328,127.25,127.6500015258789,124.8499984741211,124.8499984741211,12093435
2021-12-09,107.99598693847656,126.05000305175781,127.6500015258789,125.6500015258789,127.25,11518172
2021-12-10,108.0816650390625,126.1500015258789,126.69999694824219,124.4000015258789,126.0999984741211,8389566
2021-12-13,107.78179168701172,125.80000305175781,128.60000610351562,125.5,127.5999984741211,13223189
2021-12-14,108.2530288696289,126.3499984741211,127.44999694824219,125.0,125.0,11649242
2021-12-15,108.5528793334961,126.69999694824219,128.4499969482422,125.9000015258789,126.1500015258789,11916145
2021-12-16,109.15262603759766,127.4000015258789,128.1999969482422,126.25,127.55000305175781,10758513
2021-12-17,107.56759643554688,125.55000305175781,127.69999694824219,124.0999984741211,127.4000015258789,13041775
2021-12-20,104.31187438964844,121.75,125.44999694824219,119.0999984741211,124.5,14185935
2021-12-21,104.6974105834961,122.19999694824219,124.69999694824219,120.8499984741211,123.55000305175781,10168470
2021-12-22,104.997314453125,122.55000305175781,123.9000015258789,121.6500015258789,123.05000305175781,7885198
2021-12-23,106.71083068847656,124.55000305175781,125.4000015258789,122.80000305175781,123.0999984741211,9836979
2021-12-24,103.88349151611328,121.25,125.0,120.9000015258789,124.80000305175781,8509575
2021-12-27,104.39754486083984,121.8499984741211,122.1500015258789,120.5999984741211,121.25,5097217
2021-12-28,106.32527923583984,124.0999984741211,124.5999984741211,121.94999694824219,122.0,6511374
2021-12-29,105.51136016845703,123.1500015258789,124.75,122.19999694824219,124.5999984741211,8960770
2021-12-30,108.72425079345703,126.9000015258789,127.8499984741211,122.25,123.25,32394253
2021-12-31,106.58230590820312,124.4000015258789,126.80000305175781,124.0,126.80000305175781,9155163
2022-01-03,107.95315551757812,126.0,126.55000305175781,124.69999694824219,125.4000015258789,9034081
2022-01-04,113.8648681640625,132.89999389648438,133.3000030517578,126.75,127.0,33986738
2022-01-05,113.09378051757812,132.0,132.85000610351562,130.6999969482422,132.60000610351562,16122852
2022-01-06,112.15130615234375,130.89999389648438,132.35000610351562,129.3000030517578,132.35000610351562,8037648
2022-01-07,112.53688049316406,131.35000610351562,132.1999969482422,129.4499969482422,131.3000030517578,8820039
2022-01-10,112.96527099609375,131.85000610351562,132.3000030517578,130.75,131.9499969482422,7324926
2022-01-11,113.35081481933594,132.3000030517578,134.0,131.0,132.14999389648438,11971883
2022-01-12,114.67880249023438,133.85000610351562,134.1999969482422,132.35000610351562,133.35000610351562,10439580
2022-01-13,115.62124633789062,134.9499969482422,136.64999389648438,133.5,134.39999389648438,15114699
2022-01-14,115.96395874023438,135.35000610351562,136.14999389648438,133.3000030517578,134.39999389648438,9344382
2022-01-17,117.03492736816406,136.60000610351562,137.35000610351562,134.4499969482422,134.64999389648438,9803141
2022-01-18,115.66410064697266,135.0,137.75,134.39999389648438,136.60000610351562,6473378
2022-01-19,115.49272918701172,134.8000030517578,135.3000030517578,132.9499969482422,134.10000610351562,21136414
2022-01-20,115.5783920288086,134.89999389648438,136.35000610351562,134.14999389648438,134.5,8466412
2022-01-21,114.89299774169922,134.10000610351562,136.10000610351562,132.5500030517578,134.0500030517578,12437749
2022-01-24,113.60784149169922,132.60000610351562,135.25,131.0,133.0,14284658
2022-01-25,115.9211196899414,135.3000030517578,135.64999389648438,131.0500030517578,131.1999969482422,10007486
2022-01-27,115.66410064697266,135.0,136.0,133.14999389648438,134.1999969482422,18760325
2022-01-28,120.07646179199219,140.14999389648438,144.0,138.0,140.0,34009553
2022-01-31,121.7043228149414,142.0500030517578,143.39999389648438,138.5500030517578,142.0,27928927
2022-02-01,120.9332275390625,141.14999389648438,144.14999389648438,140.4499969482422,144.0,17413984
2022-02-02,120.9332275390625,141.14999389648438,142.75,140.75,142.0,10783943
2022-02-03,120.49236297607422,136.64999389648438,138.60000610351562,136.3000030517578,137.5,9571728
2022-02-04,118.33204650878906,134.1999969482422,137.4499969482422,133.89999389648438,137.0,7213085
2022-02-07,119.1697006225586,135.14999389648438,136.35000610351562,134.1999969482422,134.1999969482422,10562489
2022-02-08,119.0374526977539,135.0,135.64999389648438,132.8000030517578,135.4499969482422,8721631
2022-02-09,119.08153533935547,135.0500030517578,135.60000610351562,133.85000610351562,135.3000030517578,5144026
2022-02-10,120.31598663330078,136.4499969482422,136.85000610351562,134.3000030517578,135.14999389648438,6081460
2022-02-11,120.9332275390625,137.14999389648438,137.6999969482422,134.4499969482422,134.4499969482422,8426925
2022-02-14,116.83305358886719,132.5,136.4499969482422,131.8000030517578,134.6999969482422,7705072
2022-02-15,119.3460693359375,135.35000610351562,135.8000030517578,130.64999389648438,132.10000610351562,12674466
2022-02-16,117.4502944946289,133.1999969482422,136.6999969482422,132.85000610351562,134.89999389648438,12946623
2022-02-17,117.0534896850586,132.75,134.89999389648438,132.4499969482422,134.5,5811964
2022-02-18,116.7007827758789,132.35000610351562,134.10000610351562,131.89999389648438,132.75,6760078
2022-02-21,116.34808349609375,131.9499969482422,134.14999389648438,131.14999389648438,132.39999389648438,12212740
2022-02-22,116.48033142089844,132.10000610351562,132.5,127.9000015258789,131.0500030517578,13578566
2022-02-23,114.80499267578125,130.1999969482422,133.4499969482422,129.85000610351562,132.0,9263264
2022-02-24,109.69080352783203,124.4000015258789,129.0,123.6500015258789,127.0,18045779
2022-02-25,114.93727111816406,130.35000610351562,131.0,125.0,125.0,10424521
2022-02-28,117.7148208618164,133.5,133.9499969482422,128.8000030517578,128.9499969482422,13262687
2022-03-02,115.4663314819336,130.9499969482422,135.0,130.4499969482422,132.8000030517578,12587947
2022-03-03,116.48033142089844,132.10000610351562,133.4499969482422,130.25,132.10000610351562,15628119
2022-03-04,114.80499267578125,130.1999969482422,133.35000610351562,129.75,132.0,15883138
2022-03-07,114.67273712158203,130.0500030517578,130.5,126.9000015258789,129.0,14985637
2022-03-08,117.93526458740234,133.75,135.8000030517578,130.5,130.5,28572640
2022-03-09,115.95130920410156,131.5,133.9499969482422,131.10000610351562,133.9499969482422,14286413
2022-03-10,117.22985076904297,132.9499969482422,135.0,131.9499969482422,132.89999389648438,13101323
2022-03-11,116.34808349609375,131.9499969482422,133.39999389648438,131.5,132.89999389648438,8669803
2022-03-14,116.52444458007812,132.14999389648438,132.89999389648438,130.75,131.9499969482422,5670284
2022-03-15,115.55450439453125,131.0500030517578,132.9499969482422,130.64999389648438,131.3000030517578,6895190
2022-03-16,117.0534896850586,132.75,133.0,131.5500030517578,132.39999389648438,5561866
2022-03-17,117.18573760986328,132.89999389648438,134.3000030517578,131.89999389648438,133.5,13995384
2022-03-21,117.18573760986328,132.89999389648438,133.39999389648438,131.6999969482422,132.89999389648438,9172207
2022-03-22,117.14167022705078,132.85000610351562,134.14999389648438,131.75,133.3000030517578,10343712
2022-03-23,117.67073059082031,133.4499969482422,133.75,132.1999969482422,132.89999389648438,11892811
2022-03-24,119.3901596069336,135.39999389648438,135.6999969482422,133.35000610351562,133.5,11276181
2022-03-25,118.8170166015625,134.75,136.14999389648438,134.1999969482422,136.0,7266868
2022-03-28,118.86109924316406,134.8000030517578,135.5,133.8000030517578,135.5,7778682
2022-03-29,118.46431732177734,134.35000610351562,135.3000030517578,133.89999389648438,135.0,5116935
2022-03-30,119.30199432373047,135.3000030517578,135.9499969482422,133.4499969482422,135.0,24047012
2022-03-31,119.0374526977539,135.0,135.60000610351562,134.3000030517578,134.3000030517578,11615450
2022-04-01,126.04742431640625,142.9499969482422,143.4499969482422,136.8000030517578,138.0,32589741
2022-04-04,127.23779296875,144.3000030517578,146.0,141.5,141.85000610351562,15437496
2022-04-05,131.4702606201172,149.10000610351562,150.60000610351562,144.75,145.39999389648438,23958626
2022-04-06,134.9091033935547,153.0,155.3000030517578,148.3000030517578,150.35000610351562,52737388
2022-04-07,135.35000610351562,153.5,158.0,152.1999969482422,152.9499969482422,37738903
2022-04-08,134.0714569091797,152.0500030517578,154.89999389648438,151.1999969482422,154.89999389648438,17585569
2022-04-11,134.99729919433594,153.10000610351562,154.60000610351562,151.85000610351562,152.4499969482422,15583159
2022-04-12,134.55641174316406,152.60000610351562,153.60000610351562,150.85000610351562,152.6999969482422,11306524
2022-04-13,135.7467803955078,153.9499969482422,156.1999969482422,152.75,153.0500030517578,19454061
2022-04-18,143.9030303955078,163.1999969482422,163.75,154.5,154.89999389648438,82098517
2022-04-19,141.65457153320312,160.64999389648438,166.35000610351562,159.5,164.89999389648438,38522118
2022-04-20,141.5222930908203,160.5,163.1999969482422,159.0,162.14999389648438,20047692
2022-04-21,143.46217346191406,162.6999969482422,163.39999389648438,160.35000610351562,161.60000610351562,21966151
2022-04-22,141.4781951904297,160.4499969482422,163.0,159.85000610351562,161.25,9922564
2022-04-25,137.64256286621094,156.10000610351562,160.89999389648438,155.39999389648438,158.60000610351562,12008027
2022-04-26,138.43614196777344,157.0,158.4499969482422,156.0,157.60000610351562,11735823
2022-04-27,137.24575805664062,155.64999389648438,159.60000610351562,155.1999969482422,156.8000030517578,17873048
2022-04-28,140.81686401367188,159.6999969482422,160.10000610351562,155.25,158.0,29123808
2022-04-29,137.73072814941406,156.1999969482422,161.0,155.6999969482422,160.39999389648438,28941216
2022-05-02,138.8770294189453,157.5,158.35000610351562,153.0,154.60000610351562,13368198
2022-05-04,139.8910675048828,158.64999389648438,161.89999389648438,157.3000030517578,158.0,24511385
2022-05-05,139.6706085205078,158.39999389648438,160.75,157.0,159.60000610351562,33396072
2022-05-06,140.19967651367188,159.0,160.35000610351562,156.0500030517578,156.4499969482422,22604305
2022-05-09,140.19967651367188,159.0,159.8000030517578,155.9499969482422,158.9499969482422,22958742
2022-05-10,137.0694122314453,155.4499969482422,161.25,154.5,158.9499969482422,20322427
2022-05-11,134.5123291015625,152.5500030517578,156.9499969482422,150.0500030517578,154.0500030517578,13794764
2022-05-12,130.98529052734375,148.5500030517578,153.0,148.0,151.10000610351562,11818556
2022-05-13,127.10553741455078,144.14999389648438,150.0,143.5,150.0,22913410
2022-05-16,130.72076416015625,148.25,148.89999389648438,141.64999389648438,143.39999389648438,16286682
2022-05-17,132.70472717285156,150.5,150.75,146.3000030517578,147.5,13925542
2022-05-18,130.9412078857422,148.5,150.89999389648438,147.1999969482422,150.5,17611218
2022-05-19,130.5003204345703,148.0,148.5500030517578,145.75,147.5,11701170
2022-05-20,131.9111328125,149.60000610351562,150.9499969482422,147.64999389648438,150.9499969482422,17841739
2022-05-23,132.39608764648438,150.14999389648438,155.35000610351562,148.39999389648438,154.39999389648438,26055890
2022-05-24,129.53038024902344,146.89999389648438,151.85000610351562,146.3000030517578,150.14999389648438,16581141
2022-05-25,134.60049438476562,152.64999389648438,153.14999389648438,147.39999389648438,148.39999389648438,19926619
2022-05-26,135.92312622070312,154.14999389648438,155.10000610351562,150.60000610351562,153.14999389648438,22698086
2022-05-27,132.66064453125,150.4499969482422,155.0,149.5,155.0,10245727
2022-05-30,133.05740356445312,150.89999389648438,152.5,148.8000030517578,150.0500030517578,12513990
2022-05-31,137.55438232421875,156.0,158.0,150.35000610351562,151.10000610351562,124665699
2022-06-01,138.25982666015625,156.8000030517578,160.1999969482422,156.25,156.4499969482422,16084988
2022-06-02,140.2437286376953,159.0500030517578,159.3000030517578,154.25,155.5,17646975
2022-06-03,136.67263793945312,155.0,159.4499969482422,154.6999969482422,159.0,14063328
2022-06-06,136.84896850585938,155.1999969482422,158.64999389648438,154.60000610351562,155.8000030517578,18485464
2022-06-07,138.65658569335938,157.25,157.6999969482422,153.5,155.1999969482422,14911957
2022-06-08,138.48025512695312,157.0500030517578,159.75,156.10000610351562,156.10000610351562,16416591
2022-06-09,136.80487060546875,155.14999389648438,158.0,154.6999969482422,155.3000030517578,13821409
2022-06-10,136.89308166503906,155.25,156.60000610351562,154.0,154.10000610351562,7908849
2022-06-13,131.29388427734375,148.89999389648438,154.89999389648438,147.75,154.0,19208167
2022-06-14,133.49827575683594,151.39999389648438,152.4499969482422,148.89999389648438,148.89999389648438,17034328
2022-06-15,130.63258361816406,148.14999389648438,153.6999969482422,147.5500030517578,152.5500030517578,15172295
2022-06-16,126.04742431640625,142.9499969482422,150.14999389648438,142.0,150.10000610351562,18494040
2022-06-17,123.843017578125,140.4499969482422,144.4499969482422,139.5500030517578,141.10000610351562,21387729
2022-06-20,121.02139282226562,137.25,141.39999389648438,135.0,140.4499969482422,16578770
2022-06-21,123.40215301513672,139.9499969482422,141.25,137.75,138.1999969482422,51398446
2022-06-22,121.37410736083984,137.64999389648438,139.9499969482422,136.5500030517578,139.9499969482422,8317317
2022-06-23,120.36009216308594,136.5,139.14999389648438,135.64999389648438,137.89999389648438,11257409
2022-06-24,120.4482650756836,136.60000610351562,137.89999389648438,134.9499969482422,137.89999389648438,21879039
2022-06-27,122.12361145019531,138.5,139.0500030517578,136.75,137.25,12872030
2022-06-28,122.21178436279297,138.60000610351562,139.3000030517578,137.14999389648438,138.5,14272044
2022-06-29,124.98931884765625,141.75,143.10000610351562,136.8000030517578,137.8000030517578,53487394
2022-06-30,126.00334167480469,142.89999389648438,143.9499969482422,141.14999389648438,142.3000030517578,19270932
2022-07-01,124.0193862915039,140.64999389648438,143.1999969482422,139.75,142.0,9592229
2022-07-04,124.68071746826172,141.39999389648438,142.1999969482422,139.35000610351562,139.35000610351562,17526429
2022-07-05,124.19575500488281,140.85000610351562,144.25,140.1999969482422,141.39999389648438,11370649
2022-07-06,122.5204086303711,138.9499969482422,142.0,136.10000610351562,141.5,15929985
2022-07-07,123.843017578125,140.4499969482422,142.75,139.5,140.0,18144208
2022-07-08,126.708740234375,143.6999969482422,144.1999969482422,141.0,141.0,15375888
2022-07-11,127.67872619628906,144.8000030517578,147.0,143.60000610351562,144.0,16779135
2022-07-12,129.7067413330078,147.10000610351562,148.10000610351562,144.0500030517578,144.0500030517578,19138561
2022-07-13,131.0293731689453,148.60000610351562,149.35000610351562,147.5,147.75,13644449
2022-07-14,130.7648468017578,148.3000030517578,149.3000030517578,147.0,149.0,9775869
2022-07-15,132.04336547851562,149.75,150.14999389648438,148.14999389648438,148.4499969482422,11518139
2022-07-18,132.08750915527344,149.8000030517578,151.5500030517578,149.3000030517578,151.39999389648438,8286352
2022-07-19,132.92514038085938,150.75,151.1999969482422,149.25,149.8000030517578,6798359
2022-07-20,132.74880981445312,150.5500030517578,152.25,150.14999389648438,152.10000610351562,7271345
2022-07-21,133.01332092285156,150.85000610351562,151.25,150.0,151.0,7521568
2022-07-22,131.33798217773438,148.9499969482422,151.39999389648438,148.14999389648438,151.0,6800124
2022-07-25,132.35203552246094,150.10000610351562,150.4499969482422,147.35000610351562,149.1999969482422,7996687
2022-07-26,132.26382446289062,150.0,150.9499969482422,149.14999389648438,150.0,5774871
2022-07-27,131.9993133544922,149.6999969482422,150.5500030517578,149.0500030517578,149.5500030517578,5403197
2022-07-28,132.57247924804688,150.35000610351562,150.9499969482422,149.0500030517578,150.0500030517578,6030744
2022-07-29,134.86502075195312,152.9499969482422,154.4499969482422,150.4499969482422,150.9499969482422,11771461
2022-08-01,137.99530029296875,156.5,157.6999969482422,151.0,152.89999389648438,14221965
2022-08-02,140.68460083007812,159.5500030517578,160.10000610351562,156.5500030517578,157.10000610351562,18278835
2022-08-03,140.77279663085938,159.64999389648438,160.9499969482422,157.1999969482422,160.0500030517578,10147608
2022-08-04,136.40809631347656,154.6999969482422,160.5,153.0500030517578,159.6999969482422,15754128
2022-08-05,137.20169067382812,155.60000610351562,157.14999389648438,153.0,154.39999389648438,33864055
2022-08-08,140.5523681640625,159.39999389648438,160.0,154.9499969482422,155.5,16964235
2022-08-10,139.96823120117188,155.75,157.14999389648438,155.0,156.89999389648438,14055597
2022-08-11,138.08103942871094,153.64999389648438,156.85000610351562,152.85000610351562,156.1999969482422,15810624
2022-08-12,142.4395751953125,158.5,159.0,152.60000610351562,153.6999969482422,17998843
2022-08-16,142.66424560546875,158.75,159.8000030517578,156.9499969482422,159.0,8309725
2022-08-17,145.09063720703125,161.4499969482422,163.64999389648438,159.0,159.0,19674110
2022-08-18,144.5065155029297,160.8000030517578,162.64999389648438,159.89999389648438,161.4499969482422,9585888
2022-08-19,141.7655792236328,157.75,161.64999389648438,157.14999389648438,161.0500030517578,9599472
2022-08-22,140.64227294921875,156.5,158.9499969482422,156.0,157.3000030517578,11400211
2022-08-23,142.5743865966797,158.64999389648438,159.1999969482422,155.64999389648438,156.4499969482422,14362373
2022-08-24,144.5065155029297,160.8000030517578,163.0,158.0,158.89999389648438,20602844
2022-08-25,142.79904174804688,158.89999389648438,161.9499969482422,158.4499969482422,161.35000610351562,12889454
2022-08-26,146.8430633544922,163.39999389648438,164.6999969482422,158.89999389648438,159.0,30724938
2022-08-29,144.64132690429688,160.9499969482422,163.39999389648438,160.6999969482422,161.8000030517578,10928330
2022-08-30,147.38229370117188,164.0,165.4499969482422,161.5500030517578,161.8000030517578,24663153
2022-09-01,144.41665649414062,160.6999969482422,164.25,160.3000030517578,161.5,14554158
2022-09-02,145.40521240234375,161.8000030517578,166.39999389648438,161.25,163.0,25106698
2022-09-05,147.8316192626953,164.5,165.10000610351562,162.1999969482422,162.60000610351562,15226001
2022-09-06,151.38137817382812,168.4499969482422,168.85000610351562,164.8000030517578,165.8000030517578,27866331
2022-09-07,150.34791564941406,167.3000030517578,170.14999389648438,166.64999389648438,168.5,19415892
2022-09-08,149.89857482910156,166.8000030517578,169.1999969482422,165.9499969482422,168.0,11595205
2022-09-09,149.71881103515625,166.60000610351562,169.35000610351562,165.9499969482422,167.64999389648438,16415150
2022-09-12,149.53909301757812,166.39999389648438,168.10000610351562,165.5,167.4499969482422,15469466
2022-09-13,150.43777465820312,167.39999389648438,168.9499969482422,165.64999389648438,166.9499969482422,15644741
2022-09-14,154.88619995117188,172.35000610351562,173.0500030517578,165.0,165.0,38751148
2022-09-15,157.35755920410156,175.10000610351562,176.14999389648438,172.64999389648438,174.39999389648438,29483891
2022-09-16,155.2906036376953,172.8000030517578,174.6999969482422,171.3000030517578,173.9499969482422,26126152
2022-09-19,153.67298889160156,171.0,174.10000610351562,170.5500030517578,173.5,13304030
2022-09-20,154.48178100585938,171.89999389648438,173.14999389648438,170.89999389648438,171.89999389648438,15395199
2022-09-21,151.51620483398438,168.60000610351562,172.0500030517578,168.14999389648438,171.0,7370283
2022-09-22,151.5611114501953,168.64999389648438,169.64999389648438,166.85000610351562,167.0,7447846
2022-09-23,147.33734130859375,163.9499969482422,168.5,162.64999389648438,167.14999389648438,12264388
2022-09-26,142.52943420410156,158.60000610351562,163.85000610351562,156.60000610351562,162.4499969482422,21951865
2022-09-27,142.88890075683594,159.0,161.64999389648438,157.5,159.39999389648438,8367800
2022-09-28,141.9453125,157.9499969482422,159.4499969482422,155.0,157.8000030517578,14261815
2022-09-29,143.38316345214844,159.5500030517578,161.6999969482422,158.0,158.75,17623352
2022-09-30,143.47303771972656,159.64999389648438,161.5500030517578,157.39999389648438,160.0,12015533
2022-10-03,144.1021270751953,160.35000610351562,164.10000610351562,158.9499969482422,159.85000610351562,10528629
2022-10-04,146.07920837402344,162.5500030517578,164.0,161.35000610351562,161.9499969482422,9013773
2022-10-06,146.3937225341797,162.89999389648438,165.10000610351562,162.39999389648438,164.25,6456408
2022-10-07,147.65187072753906,164.3000030517578,164.85000610351562,161.35000610351562,163.10000610351562,8825983
2022-10-10,147.33734130859375,163.9499969482422,165.60000610351562,161.85000610351562,162.6999969482422,10484521
2022-10-11,144.73121643066406,161.0500030517578,164.39999389648438,160.3000030517578,164.39999389648438,13805741
2022-10-12,148.28094482421875,165.0,165.3000030517578,161.14999389648438,161.89999389648438,12496248
2022-10-13,148.0562744140625,164.75,166.8000030517578,164.25,164.85000610351562,9447511
2022-10-14,148.370849609375,165.10000610351562,167.5,164.85000610351562,166.25,9588164
2022-10-17,151.38137817382812,168.4499969482422,169.0500030517578,164.0,165.10000610351562,13426449
2022-10-18,150.03335571289062,166.9499969482422,169.4499969482422,166.39999389648438,168.9499969482422,20635735
2022-10-19,147.42723083496094,164.0500030517578,168.10000610351562,163.85000610351562,166.5,6947654
2022-10-20,150.03335571289062,166.9499969482422,167.89999389648438,161.5,164.0,12020720
2022-10-21,148.32589721679688,165.0500030517578,168.4499969482422,164.5,167.5,7414335
2022-10-24,150.03335571289062,166.9499969482422,167.9499969482422,166.25,166.9499969482422,685185
2022-10-25,152.19015502929688,169.35000610351562,169.6999969482422,165.4499969482422,167.4499969482422,8131380
2022-10-27,153.35845947265625,170.64999389648438,171.5,167.5500030517578,169.89999389648438,16225577
2022-10-28,156.4139404296875,174.0500030517578,174.6999969482422,169.89999389648438,170.64999389648438,16185760
2022-10-31,155.56021118164062,173.10000610351562,174.0,169.0500030517578,169.89999389648438,24233760
2022-11-01,163.378662109375,181.8000030517578,182.9499969482422,173.5,174.0,41101936
2022-11-02,162.61477661132812,180.9499969482422,182.6999969482422,180.0,181.89999389648438,22146420
2022-11-03,160.09849548339844,178.14999389648438,181.85000610351562,177.25,179.35000610351562,16719953
2022-11-04,159.0200958251953,176.9499969482422,179.5,176.35000610351562,179.0500030517578,14881752
2022-11-07,158.03155517578125,175.85000610351562,179.5,174.85000610351562,177.85000610351562,12799401
2022-11-09,155.82980346679688,173.39999389648438,177.75,172.25,177.75,14929008
2022-11-10,154.66151428222656,172.10000610351562,174.1999969482422,170.5500030517578,173.5,10668583
2022-11-11,154.077392578125,171.4499969482422,173.60000610351562,169.64999389648438,173.0,16963169
2022-11-14,154.077392578125,171.4499969482422,173.39999389648438,171.10000610351562,172.35000610351562,10224241
2022-11-15,154.66151428222656,172.10000610351562,174.14999389648438,171.39999389648438,172.3000030517578,13899999
2022-11-16,152.7293701171875,169.9499969482422,172.9499969482422,169.14999389648438,172.10000610351562,9781274
2022-11-17,151.24656677246094,168.3000030517578,170.8000030517578,167.5,169.9499969482422,12778124
2022-11-18,149.04481506347656,165.85000610351562,169.0500030517578,165.10000610351562,168.5500030517578,11134908
2022-11-21,147.7417449951172,164.39999389648438,166.1999969482422,164.14999389648438,165.0,12788632
2022-11-22,150.12322998046875,167.0500030517578,167.5,164.85000610351562,165.25,15198091
2022-11-23,151.0218963623047,168.0500030517578,168.25,166.25,167.85000610351562,12004998
2022-11-24,152.32496643066406,169.5,170.0,167.60000610351562,168.6999969482422,10986350
2022-11-25,152.5496368408203,169.75,171.25,168.60000610351562,170.25,12358833
2022-11-28,153.1337890625,170.39999389648438,171.89999389648438,169.39999389648438,170.0,5471921
2022-11-29,152.90908813476562,170.14999389648438,171.60000610351562,169.0500030517578,171.0,7693168
2022-11-30,154.75140380859375,172.1999969482422,172.85000610351562,169.75,170.10000610351562,9133076
2022-12-01,154.75140380859375,172.1999969482422,173.64999389648438,170.85000610351562,173.5,9214914
2022-12-02,154.70643615722656,172.14999389648438,172.85000610351562,171.14999389648438,172.39999389648438,6376672
2022-12-05,157.4024658203125,175.14999389648438,175.64999389648438,171.39999389648438,173.0500030517578,9861212
2022-12-06,157.44740295410156,175.1999969482422,176.0,173.85000610351562,175.60000610351562,7008295
2022-12-07,154.4368438720703,171.85000610351562,175.0,171.3000030517578,174.10000610351562,7718718
2022-12-08,153.08885192871094,170.35000610351562,172.4499969482422,170.0,171.85000610351562,4225180
2022-12-09,152.32496643066406,169.5,171.75,168.0,171.1999969482422,6174919
2022-12-12,151.7857666015625,168.89999389648438,170.0,167.5500030517578,170.0,7153044
2022-12-13,152.0553741455078,169.1999969482422,170.0,168.0500030517578,169.75,5166993
2022-12-14,154.21221923828125,171.60000610351562,173.6999969482422,169.4499969482422,169.9499969482422,8562333
2022-12-15,154.66151428222656,172.10000610351562,174.0500030517578,171.6999969482422,172.0,10644546
2022-12-16,152.59457397460938,169.8000030517578,173.10000610351562,169.0500030517578,171.89999389648438,9433166
2022-12-19,154.39190673828125,171.8000030517578,172.25,169.5,169.8000030517578,7706855
2022-12-20,152.5496368408203,169.75,171.4499969482422,168.5500030517578,171.14999389648438,7387632
2022-12-21,150.93203735351562,167.9499969482422,171.0500030517578,166.60000610351562,170.0,8454254
2022-12-22,149.0897674560547,165.89999389648438,168.64999389648438,164.5500030517578,168.5,6979001
2022-12-23,146.48361206054688,163.0,166.35000610351562,162.35000610351562,164.3000030517578,5313321
2022-12-26,148.8650665283203,165.64999389648438,167.75,161.89999389648438,162.0,8321609
2022-12-27,148.46066284179688,165.1999969482422,168.1999969482422,164.5500030517578,167.0,9244387
2022-12-28,149.04481506347656,165.85000610351562,167.60000610351562,164.8000030517578,165.0,9652984
2022-12-29,149.85360717773438,166.75,167.39999389648438,164.0,165.0,19571340
2022-12-30,149.58404541015625,166.4499969482422,167.8000030517578,166.0,166.75,8626291
2023-01-02,150.97695922851562,168.0,168.5500030517578,166.39999389648438,167.0500030517578,7322962
2023-01-03,150.6175079345703,167.60000610351562,169.1999969482422,166.8000030517578,168.0,9629995
2023-01-04,149.71881103515625,166.60000610351562,168.5,164.6999969482422,167.85000610351562,11995082
2023-01-05,152.68443298339844,169.89999389648438,170.35000610351562,167.14999389648438,168.0,18887530
2023-01-06,151.87564086914062,169.0,172.14999389648438,168.5500030517578,170.4499969482422,13216749
2023-01-09,153.1337890625,170.39999389648438,171.0,169.4499969482422,170.25,6012344
2023-01-10,150.93203735351562,167.9499969482422,170.6999969482422,167.14999389648438,170.39999389648438,7557693
2023-01-11,149.22457885742188,166.0500030517578,168.8000030517578,165.5,168.4499969482422,8463293
2023-01-12,149.1346893310547,165.9499969482422,167.1999969482422,165.5500030517578,166.89999389648438,7628932
2023-01-13,150.7972412109375,167.8000030517578,168.14999389648438,165.5,166.1999969482422,5090393
2023-01-16,149.1346893310547,165.9499969482422,168.64999389648438,164.64999389648438,168.64999389648438,10321015
2023-01-17,150.7073516845703,167.6999969482422,168.1999969482422,165.8000030517578,166.60000610351562,13015434
2023-01-18,152.28005981445312,169.4499969482422,169.6999969482422,167.10000610351562,167.5,5536057
2023-01-19,151.60601806640625,168.6999969482422,170.39999389648438,167.3000030517578,170.39999389648438,6812613
2023-01-20,151.60601806640625,168.6999969482422,169.89999389648438,167.64999389648438,169.89999389648438,8545359
2023-01-23,149.9435272216797,166.85000610351562,169.5,166.0,169.39999389648438,7787735
2023-01-24,149.22457885742188,166.0500030517578,167.5500030517578,165.39999389648438,167.1999969482422,7033092
2023-01-25,149.0897674560547,165.89999389648438,166.60000610351562,164.39999389648438,166.0,9257370
2023-01-27,149.44923400878906,166.3000030517578,167.0500030517578,164.0,166.25,13756671
2023-01-30,151.74082946777344,168.85000610351562,172.25,167.10000610351562,167.60000610351562,30768122
2023-01-31,153.80776977539062,171.14999389648438,172.64999389648438,167.35000610351562,169.85000610351562,24990701
2023-02-01,152.77430725097656,170.0,173.8000030517578,167.1999969482422,172.25,13878016
2023-02-02,149.9884033203125,166.89999389648438,170.85000610351562,165.5,170.0,19898080
2023-02-03,152.66265869140625,165.5500030517578,166.4499969482422,162.5500030517578,164.5,11730514
2023-02-06,153.123779296875,166.0500030517578,166.85000610351562,164.0500030517578,164.5,7588936
2023-02-07,152.38604736328125,165.25,167.6999969482422,164.3000030517578,166.5,8699758
2023-02-08,152.61656188964844,165.5,165.75,164.10000610351562,165.60000610351562,8839686
2023-02-09,153.07763671875,166.0,166.64999389648438,164.64999389648438,165.9499969482422,5507650
2023-02-10,152.15548706054688,165.0,165.8000030517578,164.10000610351562,165.10000610351562,9468345
2023-02-13,154.7836456298828,167.85000610351562,168.1999969482422,164.8000030517578,165.10000610351562,9829152
2023-02-14,153.123779296875,166.0500030517578,168.5,164.85000610351562,168.5,12916373
2023-02-15,152.89320373535156,165.8000030517578,166.5,164.1999969482422,166.0,11855678
2023-02-16,154.36866760253906,167.39999389648438,167.6999969482422,165.60000610351562,166.0,7923121
2023-02-17,154.9680633544922,168.0500030517578,169.64999389648438,166.4499969482422,167.0,10182025
2023-02-20,154.82972717285156,167.89999389648438,170.0,167.25,167.6999969482422,6679716
2023-02-21,159.76327514648438,173.25,174.25,169.0500030517578,169.0500030517578,26883881
2023-02-22,157.22735595703125,170.5,173.1999969482422,168.5,172.9499969482422,12225021
2023-02-23,156.3974151611328,169.60000610351562,171.64999389648438,169.0,170.9499969482422,11184381
2023-02-24,157.6884307861328,171.0,171.1999969482422,169.39999389648438,170.25,8338893
2023-02-27,158.9794464111328,172.39999389648438,173.5,170.5,171.14999389648438,17669762
2023-02-28,157.22735595703125,170.5,173.0,169.85000610351562,172.8000030517578,19044910
2023-03-01,158.8411102294922,172.25,173.0500030517578,169.9499969482422,170.9499969482422,9318790
2023-03-02,157.50399780273438,170.8000030517578,172.1999969482422,170.25,172.1999969482422,7725981
2023-03-03,159.16387939453125,172.60000610351562,175.0,171.5,172.0,12962719
2023-03-06,163.03692626953125,176.8000030517578,177.5,172.6999969482422,172.89999389648438,12402804
2023-03-08,164.9273223876953,178.85000610351562,179.14999389648438,175.4499969482422,175.6999969482422,22099710
2023-03-09,165.48062133789062,179.4499969482422,182.1999969482422,178.0,178.39999389648438,18874546
2023-03-10,166.67942810058594,180.75,181.0,177.8000030517578,178.0,12399692
2023-03-13,165.71115112304688,179.6999969482422,181.5500030517578,179.4499969482422,181.3000030517578,13669178
2023-03-14,164.05126953125,177.89999389648438,181.0,177.1999969482422,178.64999389648438,9217542
2023-03-15,164.3279266357422,178.1999969482422,179.5500030517578,177.75,179.4499969482422,8548173
2023-03-16,165.6189727783203,179.60000610351562,180.0,176.9499969482422,178.1999969482422,9405016
2023-03-17,163.1752471923828,176.9499969482422,181.6999969482422,175.89999389648438,181.6999969482422,47276890
2023-03-20,162.2991943359375,176.0,177.5500030517578,174.9499969482422,177.5500030517578,5627841
2023-03-21,163.31356811523438,177.10000610351562,177.5500030517578,175.3000030517578,176.85000610351562,12894327
2023-03-22,160.77764892578125,174.35000610351562,177.8000030517578,173.8000030517578,177.8000030517578,7893205
2023-03-23,161.0081787109375,174.60000610351562,175.85000610351562,173.6999969482422,174.0500030517578,5759884
2023-03-24,159.25607299804688,172.6999969482422,175.1999969482422,172.35000610351562,175.1999969482422,4977283
2023-03-27,157.91896057128906,171.25,173.9499969482422,170.6999969482422,172.64999389648438,12077986
2023-03-28,158.61058044433594,172.0,173.0,170.5,171.35000610351562,8750986
2023-03-29,160.45486450195312,174.0,175.39999389648438,171.6999969482422,172.64999389648438,20272070
2023-03-31,161.46926879882812,175.10000610351562,177.25,174.60000610351562,174.8000030517578,8125121
2023-04-03,163.95907592773438,177.8000030517578,178.10000610351562,175.4499969482422,175.60000610351562,9098662
2023-04-05,162.20697021484375,175.89999389648438,178.3000030517578,175.14999389648438,178.3000030517578,10829323
2023-04-06,161.56146240234375,175.1999969482422,176.60000610351562,174.85000610351562,176.39999389648438,7159274
2023-04-10,163.774658203125,177.60000610351562,178.0,175.1999969482422,175.85000610351562,10968456
2023-04-11,164.2357177734375,178.10000610351562,179.75,176.5500030517578,178.10000610351562,9208605
2023-04-12,162.11477661132812,175.8000030517578,178.3000030517578,175.3000030517578,178.0,7591360
2023-04-13,159.5788116455078,173.0500030517578,176.10000610351562,172.3000030517578,176.0,9944382
2023-04-17,156.3974151611328,169.60000610351562,173.9499969482422,169.25,172.35000610351562,17401126
2023-04-18,156.85848999023438,170.10000610351562,170.75,169.0,170.0,16199789
2023-04-19,154.09202575683594,167.10000610351562,169.9499969482422,166.8000030517578,168.75,16314641
2023-04-20,156.48960876464844,169.6999969482422,170.1999969482422,166.8000030517578,167.10000610351562,15498083
2023-04-21,156.48960876464844,169.6999969482422,169.9499969482422,168.39999389648438,169.64999389648438,6672391
2023-04-24,157.64231872558594,170.9499969482422,171.25,168.1999969482422,168.5,8088991
2023-04-25,157.7806396484375,171.10000610351562,172.4499969482422,170.35000610351562,171.3000030517578,9175412
2023-04-26,156.6279296875,169.85000610351562,171.6999969482422,169.5,171.10000610351562,9032416
2023-04-27,157.64231872558594,170.9499969482422,171.35000610351562,168.8000030517578,170.0,9054900
2023-04-28,158.61058044433594,172.0,172.5,169.60000610351562,171.89999389648438,21552892
2023-05-02,161.93032836914062,175.60000610351562,176.0,172.5500030517578,172.64999389648438,8893428
2023-05-03,162.62197875976562,176.35000610351562,178.64999389648438,175.10000610351562,175.60000610351562,11194149
2023-05-04,162.62197875976562,176.35000610351562,177.4499969482422,174.8000030517578,176.4499969482422,4671155
2023-05-05,160.6854248046875,174.25,176.39999389648438,173.0,176.35000610351562,5958697
2023-05-08,163.2674560546875,177.0500030517578,177.5500030517578,174.5,174.8000030517578,6287186
2023-05-09,162.2991943359375,176.0,178.64999389648438,175.1999969482422,177.1999969482422,7918748
2023-05-10,163.2674560546875,177.0500030517578,177.35000610351562,174.9499969482422,176.0,6231734
2023-05-11,165.57286071777344,179.5500030517578,180.0,176.9499969482422,177.60000610351562,12125975
2023-05-12,161.33094787597656,174.9499969482422,179.25,174.5,179.10000610351562,8920297
2023-05-15,162.25308227539062,175.9499969482422,176.75,173.85000610351562,174.0,7980565
2023-05-16,163.6363067626953,177.4499969482422,178.0,175.5,176.89999389648438,7874923
2023-05-17,162.2991943359375,176.0,177.85000610351562,175.0500030517578,177.4499969482422,6639494
2023-05-18,161.46926879882812,175.10000610351562,177.6999969482422,174.64999389648438,177.0,6921939
2023-05-19,159.80938720703125,173.3000030517578,175.35000610351562,172.9499969482422,175.0,6657753
2023-05-22,160.54708862304688,174.10000610351562,177.0500030517578,173.14999389648438,173.3000030517578,13339834
2023-05-23,160.5931854248047,174.14999389648438,175.64999389648438,172.8000030517578,174.9499969482422,8359389
2023-05-24,161.33094787597656,174.9499969482422,175.3000030517578,173.4499969482422,174.0,8507023
2023-05-25,160.91595458984375,174.5,175.5500030517578,173.39999389648438,174.9499969482422,7986243
2023-05-26,160.91595458984375,174.5,177.25,174.10000610351562,175.0,6926193
2023-05-29,162.57582092285156,176.3000030517578,177.8000030517578,174.8000030517578,174.9499969482422,9943211
2023-05-30,163.03692626953125,176.8000030517578,178.0,175.60000610351562,177.0,9727639
2023-05-31,160.31655883789062,173.85000610351562,177.0,171.9499969482422,177.0,41785992
2023-06-01,160.82373046875,174.39999389648438,174.6999969482422,171.85000610351562,173.60000610351562,11602551
2023-06-02,160.9620819091797,174.5500030517578,175.89999389648438,173.39999389648438,175.89999389648438,7262018
2023-06-05,160.54708862304688,174.10000610351562,176.1999969482422,173.5500030517578,175.8000030517578,12239684
2023-06-06,161.74591064453125,175.39999389648438,175.75,173.5500030517578,174.5,4889564
2023-06-07,163.54409790039062,177.35000610351562,178.0,175.39999389648438,175.9499969482422,6270083
2023-06-08,167.87823486328125,182.0500030517578,184.35000610351562,178.10000610351562,178.75,27382635
2023-06-09,168.56985473632812,182.8000030517578,184.25,180.5500030517578,184.0,10235269
2023-06-12,171.2440948486328,185.6999969482422,186.4499969482422,182.64999389648438,182.8000030517578,17450400
2023-06-13,170.9213409423828,185.35000610351562,186.64999389648438,185.0,186.0,8332566
2023-06-14,172.62730407714844,187.1999969482422,188.39999389648438,185.35000610351562,185.35000610351562,15061573
2023-06-15,172.16624450683594,186.6999969482422,187.3000030517578,185.35000610351562,187.0,9840499
2023-06-16,173.54946899414062,188.1999969482422,188.6999969482422,186.0500030517578,186.89999389648438,8562558
2023-06-19,171.3824005126953,185.85000610351562,188.1999969482422,185.1999969482422,188.1999969482422,5363723
2023-06-20,172.9039764404297,187.5,188.0,184.5500030517578,186.0,6035600
2023-06-21,172.9039764404297,187.5,188.6999969482422,186.5,187.5,5906854
2023-06-22,170.13751220703125,184.5,187.9499969482422,183.35000610351562,187.5,6683123
2023-06-23,172.16624450683594,186.6999969482422,187.5,183.75,184.5500030517578,15255365
2023-06-26,170.50637817382812,184.89999389648438,187.39999389648438,184.4499969482422,187.39999389648438,7231775
2023-06-27,171.56686401367188,186.0500030517578,186.9499969482422,184.8000030517578,184.89999389648438,6787438
2023-06-28,174.37942504882812,189.10000610351562,190.60000610351562,185.3000030517578,186.0500030517578,32476741
2023-06-30,174.42550659179688,189.14999389648438,191.64999389648438,188.0,188.10000610351562,9579059
2023-07-03,176.36204528808594,191.25,192.60000610351562,188.6999969482422,190.0,7352149
2023-07-04,178.94412231445312,194.0500030517578,194.8000030517578,189.0,191.10000610351562,13258826
2023-07-05,178.3446807861328,193.39999389648438,194.75,192.35000610351562,194.0,6558910
2023-07-06,181.43389892578125,196.75,197.14999389648438,192.75,193.5,16276609
2023-07-07,177.60694885253906,192.60000610351562,197.75,192.14999389648438,196.75,12652336
2023-07-10,176.63868713378906,191.5500030517578,193.35000610351562,189.8000030517578,192.64999389648438,10238356
2023-07-11,177.42251586914062,192.39999389648438,192.9499969482422,190.8000030517578,192.64999389648438,11236383
2023-07-12,175.9470977783203,190.8000030517578,194.75,190.25,193.75,9191559
2023-07-13,173.2728271484375,187.89999389648438,191.8000030517578,186.9499969482422,191.8000030517578,10612659
2023-07-14,172.8578643798828,187.4499969482422,188.35000610351562,184.75,187.9499969482422,12369394
2023-07-17,171.98184204101562,186.5,188.9499969482422,185.8000030517578,188.4499969482422,9058800
2023-07-18,172.76565551757812,187.35000610351562,189.14999389648438,186.3000030517578,187.0,7177677
2023-07-19,177.56085205078125,192.5500030517578,196.60000610351562,190.1999969482422,191.0,31761232
2023-07-20,177.88357543945312,192.89999389648438,194.25,191.85000610351562,192.6999969482422,8936996
2023-07-21,179.912353515625,195.10000610351562,196.35000610351562,192.10000610351562,192.8000030517578,11031250
2023-07-24,180.65008544921875,195.89999389648438,197.0,192.9499969482422,195.5,9981788
2023-07-25,185.03028869628906,200.64999389648438,201.35000610351562,195.89999389648438,196.5,18028061
2023-07-26,185.90635681152344,201.60000610351562,202.14999389648438,200.0,201.5,13857423
2023-07-27,186.22909545898438,201.9499969482422,203.0,200.60000610351562,201.75,16013422
2023-07-28,193.65245056152344,210.0,210.4499969482422,199.5,201.85000610351562,39630520
2023-07-31,201.35244750976562,218.35000610351562,218.9499969482422,209.64999389648438,212.1999969482422,43494779
2023-08-01,207.62306213378906,225.14999389648438,226.64999389648438,218.85000610351562,219.5500030517578,63510580
2023-08-02,202.0440673828125,219.10000610351562,225.14999389648438,216.85000610351562,225.0500030517578,22647784
2023-08-03,202.9661865234375,220.10000610351562,223.60000610351562,217.9499969482422,219.10000610351562,29868065
2023-08-04,200.9835662841797,217.9499969482422,222.1999969482422,217.60000610351562,221.6999969482422,12879897
2023-08-07,200.9835662841797,217.9499969482422,221.35000610351562,217.64999389648438,219.6999969482422,12929354
2023-08-08,200.61471557617188,217.5500030517578,220.39999389648438,214.0,220.3000030517578,15314866
2023-08-09,201.67518615722656,218.6999969482422,219.6999969482422,216.4499969482422,218.4499969482422,12554174
2023-08-10,200.4763946533203,217.39999389648438,220.85000610351562,216.5,219.1999969482422,10970619
2023-08-11,199.1673126220703,213.0,216.5,212.64999389648438,214.89999389648438,7970536
2023-08-14,199.1673126220703,213.0,214.0,211.8000030517578,213.3000030517578,9283695
2023-08-16,203.32830810546875,217.4499969482422,217.9499969482422,212.0500030517578,212.9499969482422,9687712
2023-08-17,201.7386932373047,215.75,219.8000030517578,215.14999389648438,219.4499969482422,11865239
2023-08-18,201.17767333984375,215.14999389648438,216.64999389648438,213.3000030517578,215.8000030517578,14101163
2023-08-21,204.59063720703125,218.8000030517578,219.5500030517578,215.6999969482422,217.1999969482422,13336739
2023-08-22,207.3022918701172,221.6999969482422,222.3000030517578,218.85000610351562,219.25,16930149
2023-08-23,207.3022918701172,221.6999969482422,222.89999389648438,221.0500030517578,222.89999389648438,13507905
2023-08-24,206.5075225830078,220.85000610351562,222.39999389648438,219.64999389648438,222.0,11182959
2023-08-25,203.7490997314453,217.89999389648438,221.85000610351562,217.1999969482422,221.85000610351562,7413549
2023-08-28,204.49713134765625,218.6999969482422,219.3000030517578,217.1999969482422,217.89999389648438,4851793
2023-08-29,206.7412567138672,221.10000610351562,221.75,218.25,219.1999969482422,8799235
2023-08-30,206.0867462158203,220.39999389648438,222.0,219.75,222.0,5490930
2023-08-31,205.99322509765625,220.3000030517578,221.64999389648438,218.75,221.64999389648438,18532999
2023-09-01,215.71783447265625,230.6999969482422,231.64999389648438,216.14999389648438,217.85000610351562,29859815
2023-09-04,220.48663330078125,235.8000030517578,236.5,230.5,233.6999969482422,21895573
2023-09-05,219.36456298828125,234.60000610351562,236.89999389648438,231.6999969482422,236.89999389648438,13952922
2023-09-06,216.8398895263672,231.89999389648438,235.85000610351562,228.39999389648438,235.5,14623019
2023-09-07,218.8970184326172,234.10000610351562,238.0,229.35000610351562,233.0,30334731
2023-09-08,224.64761352539062,240.25,243.60000610351562,235.0,236.0,28856420
2023-09-11,227.3125457763672,243.10000610351562,243.89999389648438,238.14999389648438,243.60000610351562,22493483
2023-09-12,219.83209228515625,235.10000610351562,244.9499969482422,234.10000610351562,244.1999969482422,21174310
2023-09-13,221.7489471435547,237.14999389648438,238.4499969482422,233.14999389648438,236.10000610351562,9151928
2023-09-14,222.4969940185547,237.9499969482422,239.1999969482422,235.9499969482422,237.9499969482422,7568464
2023-09-15,220.86062622070312,236.1999969482422,239.3000030517578,235.60000610351562,235.60000610351562,14098284
2023-09-18,225.53591918945312,241.1999969482422,242.14999389648438,236.0500030517578,237.0,11163399
2023-09-20,226.0502166748047,241.75,246.0,240.35000610351562,241.5,18936709
2023-09-21,223.4320526123047,238.9499969482422,242.89999389648438,237.10000610351562,240.0500030517578,10134737
2023-09-22,222.4969940185547,237.9499969482422,239.3000030517578,236.0,238.60000610351562,7209300
2023-09-25,224.08657836914062,239.64999389648438,240.25,237.14999389648438,239.14999389648438,8027642
2023-09-26,224.60089111328125,240.1999969482422,243.1999969482422,239.0500030517578,239.75,10681642
2023-09-27,223.7593231201172,239.3000030517578,240.5,237.85000610351562,239.89999389648438,9679279
2023-09-28,221.65545654296875,237.0500030517578,241.1999969482422,235.64999389648438,239.60000610351562,32887087
2023-09-29,229.60342407226562,245.5500030517578,251.5,239.5,239.5500030517578,35038887
2023-10-03,225.53591918945312,241.1999969482422,246.6999969482422,240.5500030517578,244.35000610351562,14885044
2023-10-04,219.8788299560547,235.14999389648438,241.0,231.5,241.0,25424437
2023-10-05,218.66326904296875,233.85000610351562,237.39999389648438,232.0500030517578,237.25,22472389
2023-10-06,220.2528533935547,235.5500030517578,237.5,233.64999389648438,234.25,8825123
2023-10-09,219.4580535888672,234.6999969482422,236.3000030517578,230.5,233.85000610351562,10659145
2023-10-10,220.5801239013672,235.89999389648438,236.85000610351562,233.75,234.89999389648438,11665907
2023-10-11,223.1982879638672,238.6999969482422,239.6999969482422,236.0,236.25,14313043
2023-10-12,225.9099578857422,241.60000610351562,242.75,238.60000610351562,238.9499969482422,13170027
2023-10-13,226.3307342529297,242.0500030517578,243.8000030517578,239.60000610351562,240.5500030517578,11880728
2023-10-16,227.63980102539062,243.4499969482422,245.0,241.0,242.85000610351562,6936948
2023-10-17,229.97744750976562,245.9499969482422,247.1999969482422,243.3000030517578,244.85000610351562,10084205
2023-10-18,226.2839813232422,242.0,246.8000030517578,241.60000610351562,245.89999389648438,6987265
2023-10-19,223.94631958007812,239.5,241.8000030517578,238.5,240.1999969482422,11485237
2023-10-20,225.34890747070312,241.0,242.14999389648438,237.5500030517578,238.9499969482422,9040953
2023-10-23,221.1879119873047,236.5500030517578,240.89999389648438,235.0,240.8000030517578,7058625
2023-10-25,216.98016357421875,232.0500030517578,236.3000030517578,228.35000610351562,236.0,23949207
2023-10-26,216.6061248779297,231.64999389648438,233.3000030517578,227.75,230.85000610351562,17410264
2023-10-27,221.23468017578125,236.60000610351562,238.4499969482422,232.0,232.0,10519462
2023-10-30,219.36456298828125,234.60000610351562,238.39999389648438,230.64999389648438,237.4499969482422,8812268
2023-10-31,220.48663330078125,235.8000030517578,237.1999969482422,233.5500030517578,234.5,6583581
2023-11-01,217.49444580078125,232.60000610351562,236.6999969482422,232.10000610351562,236.6999969482422,6718059
2023-11-02,219.97235107421875,235.25,235.6999969482422,233.75,234.1999969482422,6057787
2023-11-03,221.24685668945312,234.35000610351562,235.25,233.3000030517578,233.3000030517578,6825146
2023-11-06,222.66299438476562,235.85000610351562,237.1999969482422,234.5500030517578,235.35000610351562,5338605
2023-11-07,225.77847290039062,239.14999389648438,239.5500030517578,235.1999969482422,236.3000030517578,7002346
2023-11-08,223.46543884277344,236.6999969482422,240.89999389648438,235.9499969482422,239.85000610351562,9777991
2023-11-09,224.6455841064453,237.9499969482422,239.6999969482422,236.0,237.1999969482422,13987058
2023-11-10,229.17718505859375,242.75,243.25,235.8000030517578,237.85000610351562,9589671
2023-11-13,231.9622344970703,245.6999969482422,250.60000610351562,243.3000030517578,244.9499969482422,18792969
2023-11-15,233.47279357910156,247.3000030517578,248.9499969482422,245.9499969482422,248.9499969482422,10965645
2023-11-16,238.24041748046875,252.35000610351562,254.25,247.64999389648438,248.8000030517578,22145147
2023-11-17,237.5323486328125,251.60000610351562,253.10000610351562,251.0,253.0,5618928
2023-11-20,237.01309204101562,251.0500030517578,255.39999389648438,250.3000030517578,251.0,6283832
2023-11-21,236.02183532714844,250.0,252.8000030517578,247.3000030517578,252.60000610351562,6851869
2023-11-22,239.46774291992188,253.64999389648438,254.0,249.35000610351562,250.8000030517578,5275418
2023-11-23,238.61807250976562,252.75,255.6999969482422,251.6999969482422,254.0,8200025
2023-11-24,239.70376586914062,253.89999389648438,256.8500061035156,253.0,253.3000030517578,7149443
2023-11-28,243.14968872070312,257.54998779296875,258.29998779296875,253.64999389648438,254.85000610351562,6151585
2023-11-29,243.95216369628906,258.3999938964844,259.54998779296875,256.1000061035156,259.54998779296875,8637363
2023-11-30,246.6899871826172,261.29998779296875,261.6499938964844,256.0,257.95001220703125,21687673
2023-12-01,253.91232299804688,268.95001220703125,275.45001220703125,261.75,262.3500061035156,29121320
2023-12-04,259.43511962890625,274.79998779296875,279.0,273.25,276.0,20464526
2023-12-05,269.48974609375,285.45001220703125,286.54998779296875,272.79998779296875,275.20001220703125,18883076
2023-12-06,265.3829650878906,281.1000061035156,288.25,278.95001220703125,288.0,13415314
2023-12-07,267.9319763183594,283.79998779296875,288.25,281.29998779296875,281.8500061035156,25133786
2023-12-08,269.112060546875,285.04998779296875,291.8999938964844,281.0,286.45001220703125,20815064
2023-12-11,271.23626708984375,287.29998779296875,288.5,284.3999938964844,286.04998779296875,8071675
2023-12-12,267.5543518066406,283.3999938964844,288.6000061035156,280.8500061035156,287.45001220703125,8640883
2023-12-13,277.60882568359375,294.04998779296875,294.8999938964844,284.5,284.75,23629670
2023-12-14,278.8834228515625,295.3999938964844,298.5,293.6000061035156,297.75,24900443
2023-12-15,288.0409851074219,305.1000061035156,307.0,295.0,298.0,28843558
2023-12-18,286.24725341796875,303.20001220703125,306.54998779296875,301.75,306.0,13307504
2023-12-19,292.33660888671875,309.6499938964844,312.5,302.5,305.0,15650536
2023-12-20,281.007568359375,297.6499938964844,313.3500061035156,295.1499938964844,312.5,23497233
2023-12-21,285.0671691894531,301.95001220703125,303.1499938964844,293.20001220703125,295.79998779296875,17868637
2023-12-22,285.86962890625,302.79998779296875,308.95001220703125,299.6000061035156,304.0,15207726
2023-12-26,292.2894287109375,309.6000061035156,310.70001220703125,304.6000061035156,306.45001220703125,9917180
2023-12-27,288.9378967285156,306.04998779296875,312.25,303.54998779296875,311.6000061035156,12630732
2023-12-28,296.3489685058594,313.8999938964844,315.5,307.75,309.1000061035156,37591916
2023-12-29,293.75274658203125,311.1499938964844,314.3500061035156,308.1499938964844,314.3500061035156,12682889
2024-01-01,292.4310302734375,309.75,313.29998779296875,307.79998779296875,312.0,8024960
2024-01-02,288.8907165527344,306.0,310.79998779296875,302.04998779296875,310.79998779296875,13506040
2024-01-03,289.07952880859375,306.20001220703125,308.0,303.29998779296875,307.20001220703125,14259987
2024-01-04,299.3700866699219,317.1000061035156,321.75,308.6000061035156,310.8999938964844,40057506
2024-01-05,297.3403015136719,314.95001220703125,325.6499938964844,312.70001220703125,322.8999938964844,27456415
2024-01-08,298.7564392089844,316.45001220703125,318.3500061035156,312.6000061035156,316.45001220703125,10136462
2024-01-09,301.8719787597656,319.75,321.45001220703125,316.04998779296875,317.8500061035156,12229517
2024-01-10,295.8297424316406,313.3500061035156,319.75,308.0,319.6499938964844,14455000
2024-01-11,295.4049377441406,312.8999938964844,317.29998779296875,312.3500061035156,314.95001220703125,10316319
2024-01-12,295.1689147949219,312.6499938964844,315.29998779296875,309.70001220703125,315.20001220703125,12341629
2024-01-15,299.55889892578125,317.29998779296875,318.0,309.6000061035156,314.8999938964844,9706124
2024-01-16,294.08319091796875,311.5,317.25,310.1499938964844,317.25,10162832
2024-01-17,292.00616455078125,309.29998779296875,314.1000061035156,307.1000061035156,309.75,13502940
2024-01-18,282.5652770996094,299.29998779296875,311.29998779296875,296.54998779296875,308.95001220703125,32481018
2024-01-19,291.2037353515625,308.45001220703125,309.45001220703125,301.70001220703125,303.79998779296875,28651237
2024-01-23,285.6807861328125,302.6000061035156,315.29998779296875,300.29998779296875,313.45001220703125,21652362
2024-01-24,291.58135986328125,308.8500061035156,310.70001220703125,298.25,302.95001220703125,23922028
2024-01-25,297.1514587402344,314.75,317.20001220703125,309.20001220703125,310.0,32525422
2024-01-29,306.403564453125,324.54998779296875,325.75,316.1499938964844,317.79998779296875,24694773
2024-01-30,297.81231689453125,315.45001220703125,323.95001220703125,314.5,321.8500061035156,20918448
2024-01-31,299.74774169921875,317.5,320.0,312.6000061035156,318.54998779296875,20931224
2024-02-01,303.99609375,322.0,326.95001220703125,317.1000061035156,320.04998779296875,24020951
2024-02-02,313.9090270996094,332.5,333.70001220703125,323.1000061035156,324.0,32346639
2024-02-05,317.3077087402344,336.1000061035156,341.04998779296875,333.04998779296875,338.0,19651482
2024-02-06,318.5946960449219,334.20001220703125,336.0,329.0,336.0,12024661
2024-02-07,315.2581481933594,330.70001220703125,337.8999938964844,329.6499938964844,337.8999938964844,8080437
2024-02-08,315.4487609863281,330.8999938964844,335.25,328.0,333.95001220703125,17754869
2024-02-09,309.7289733886719,324.8999938964844,335.0,319.6000061035156,332.95001220703125,18304439
2024-02-12,301.38751220703125,316.1499938964844,326.70001220703125,314.5,326.1499938964844,11714289
2024-02-13,306.5353698730469,321.54998779296875,323.95001220703125,315.8999938964844,318.54998779296875,15426888
2024-02-14,312.6842041015625,328.0,329.3500061035156,318.3500061035156,320.8999938964844,14085723
2024-02-15,323.4089050292969,339.25,340.8999938964844,330.1499938964844,331.0,21973316
2024-02-16,321.9789123535156,337.75,342.95001220703125,336.79998779296875,341.8999938964844,20307449
2024-02-19,322.9322814941406,338.75,341.8999938964844,337.5,340.3999938964844,8496898
2024-02-20,329.5577392578125,345.70001220703125,346.5,337.79998779296875,340.6000061035156,19340526
2024-02-21,320.40594482421875,336.1000061035156,348.04998779296875,334.70001220703125,347.0,17751633
2024-02-22,323.6948547363281,339.54998779296875,340.25,330.6000061035156,339.0,16083122
2024-02-23,321.9789123535156,337.75,340.0,334.8500061035156,340.0,9665454
2024-02-26,321.8359375,337.6000061035156,338.5,334.54998779296875,338.0,7711995
2024-02-27,320.40594482421875,336.1000061035156,338.0,334.1000061035156,336.1000061035156,8882923
2024-02-28,317.7367248535156,333.29998779296875,336.5,331.79998779296875,335.70001220703125,12977628
2024-02-29,319.9293212890625,335.6000061035156,336.0,330.6000061035156,333.29998779296875,13149469
2024-03-01,327.4604187011719,343.5,344.3500061035156,335.0,335.6000061035156,13027254
2024-03-04,337.3271484375,353.8500061035156,358.29998779296875,345.75,348.0,38075510
2024-03-05,341.5216979980469,358.25,359.95001220703125,353.54998779296875,354.8999938964844,15918221
2024-03-06,335.515869140625,351.95001220703125,359.45001220703125,345.0,359.45001220703125,13120921
2024-03-07,335.75421142578125,352.20001220703125,353.8999938964844,349.70001220703125,352.0,9172926
2024-03-11,331.7026672363281,347.95001220703125,353.1499938964844,346.70001220703125,352.25,10664917
2024-03-12,328.6520690917969,344.75,349.45001220703125,342.54998779296875,348.0,9637912
2024-03-13,307.4410400390625,322.5,344.5,319.5,343.8500061035156,23722232
2024-03-14,306.8213806152344,321.8500061035156,326.95001220703125,316.5,321.04998779296875,20859127
2024-03-15,301.5305480957031,316.29998779296875,326.04998779296875,305.75,322.6499938964844,43285007
2024-03-18,302.3408508300781,317.1499938964844,322.8999938964844,314.95001220703125,317.1000061035156,13690352
2024-03-19,298.8135986328125,313.45001220703125,317.8999938964844,310.1000061035156,314.29998779296875,13388060
2024-03-20,299.0042419433594,313.6499938964844,317.45001220703125,308.29998779296875,316.0,10026655
2024-03-21,309.82427978515625,325.0,326.3500061035156,317.0,317.25,23370426
2024-03-22,309.5859375,324.75,327.25,321.1499938964844,324.5,14709219
2024-03-26,313.7328186035156,329.1000061035156,330.29998779296875,320.1000061035156,320.1000061035156,11208959
2024-03-27,316.1160888671875,331.6000061035156,334.1000061035156,326.29998779296875,332.0,45209520
2024-03-28,320.1199645996094,335.79998779296875,340.0,330.29998779296875,331.8999938964844,19868037
2024-04-01,326.3641357421875,342.3500061035156,344.3999938964844,336.1499938964844,339.0,8580656
2024-04-02,328.6997375488281,344.79998779296875,345.6000061035156,340.75,343.0,9745257
2024-04-03,334.84857177734375,351.25,354.1000061035156,342.0,344.3500061035156,21679943
2024-04-04,338.0897521972656,354.6499938964844,362.70001220703125,352.6499938964844,355.0,28962927
2024-04-05,337.9944763183594,354.54998779296875,358.20001220703125,351.54998779296875,356.3999938964844,11208130
2024-04-08,346.52655029296875,363.5,366.0,353.25,355.6000061035156,11447140
2024-04-09,345.9545593261719,362.8999938964844,366.8999938964844,360.3500061035156,365.0,10010148
2024-04-10,345.5732116699219,362.5,368.3500061035156,361.3500061035156,364.1000061035156,12886638
2024-04-12,344.8582458496094,361.75,374.5,361.0,362.5,30924494
2024-04-15,344.28631591796875,361.1499938964844,366.0,352.79998779296875,355.5,18126999
2024-04-16,342.47503662109375,359.25,361.95001220703125,354.6000061035156,361.0,15328939
2024-04-18,334.75323486328125,351.1499938964844,361.25,349.20001220703125,359.54998779296875,22966560
2024-04-19,334.1812438964844,350.54998779296875,352.3999938964844,343.0,343.1000061035156,12867942
2024-04-22,326.888427734375,342.8999938964844,355.0,341.8999938964844,355.0,37382916
2024-04-23,330.94000244140625,347.1499938964844,348.6499938964844,344.0,346.0,14651106
2024-04-24,335.2298889160156,351.6499938964844,353.1499938964844,347.29998779296875,349.79998779296875,11132307
2024-04-25,342.4273376464844,359.20001220703125,360.6000061035156,349.1000061035156,351.0,19865014
2024-04-26,339.3767395019531,356.0,361.3999938964844,355.0,360.70001220703125,10986589
2024-04-29,346.04986572265625,363.0,363.6499938964844,356.95001220703125,359.70001220703125,13652173
2024-04-30,346.24053955078125,363.20001220703125,365.45001220703125,359.29998779296875,364.95001220703125,14566548
2024-05-02,351.8174133300781,369.04998779296875,372.6000061035156,363.20001220703125,363.20001220703125,27892188
2024-05-03,347.90887451171875,364.95001220703125,380.3999938964844,360.3500061035156,372.29998779296875,26844664
2024-05-06,340.139404296875,356.79998779296875,368.8500061035156,354.3999938964844,367.79998779296875,15319437
2024-05-07,332.84661865234375,349.1499938964844,358.45001220703125,346.8500061035156,358.25,10028071
2024-05-08,338.85247802734375,355.45001220703125,358.5,345.20001220703125,345.20001220703125,9595776
2024-05-09,329.8913879394531,346.04998779296875,358.0,344.8500061035156,356.5,9043486
2024-05-10,338.90008544921875,355.5,356.3500061035156,347.54998779296875,347.6499938964844,11699095
2024-05-13,334.514892578125,350.8999938964844,356.0,346.5,355.5,10691781
2024-05-14,339.18609619140625,355.79998779296875,357.25,350.29998779296875,350.54998779296875,10891985
2024-05-15,344.4769592285156,361.3500061035156,363.5,356.6499938964844,357.5,8538183
2024-05-16,344.572265625,361.45001220703125,363.8500061035156,353.04998779296875,363.8500061035156,13114162
2024-05-17,348.3855285644531,365.45001220703125,366.5,360.3500061035156,362.45001220703125,8509179
2024-05-21,354.629638671875,372.0,374.1000061035156,365.3500061035156,367.0,10939593
2024-05-22,356.393310546875,373.8500061035156,377.3500061035156,370.6000061035156,375.0,14001806
2024-05-23,354.9156188964844,372.29998779296875,375.6000061035156,369.5,375.04998779296875,15370357
2024-05-24,357.44189453125,374.95001220703125,378.1499938964844,368.70001220703125,373.0,13317821
2024-05-27,352.3893737792969,369.6499938964844,380.5,368.0,379.95001220703125,21891930
2024-05-28,348.3377685546875,365.3999938964844,373.25,364.1000061035156,372.6000061035156,10200096
2024-05-29,347.5752258300781,364.6000061035156,366.3500061035156,360.0,361.5,18146672
2024-05-30,342.9040222167969,359.70001220703125,364.79998779296875,357.1499938964844,364.0,14425073
2024-05-31,342.2366943359375,359.0,366.6499938964844,355.5,363.45001220703125,30515612
2024-06-03,373.5050964355469,391.79998779296875,393.20001220703125,373.45001220703125,385.0,39261174
2024-06-04,315.7824401855469,331.25,391.8999938964844,313.95001220703125,391.8999938964844,84042244
2024-06-05,325.0771789550781,341.0,342.25,315.29998779296875,340.0,46418629
2024-06-06,333.4185485839844,349.75,359.75,345.0,347.79998779296875,33171039
2024-06-07,343.761962890625,360.6000061035156,362.0,347.70001220703125,352.0,23930193
2024-06-10,347.86114501953125,364.8999938964844,370.1000061035156,361.79998779296875,365.0,16072588
2024-06-11,350.24444580078125,367.3999938964844,371.95001220703125,364.8999938964844,368.75,11235777
2024-06-12,353.9623107910156,371.29998779296875,374.0,365.3999938964844,369.54998779296875,12134524
2024-06-13,352.67535400390625,369.95001220703125,376.3999938964844,367.95001220703125,376.3999938964844,11243702
2024-06-14,351.2453918457031,368.45001220703125,370.8500061035156,366.1000061035156,370.0,10298434
2024-06-18,352.3893737792969,369.6499938964844,372.25,368.70001220703125,371.79998779296875,10228382
2024-06-19,345.5732116699219,362.5,370.8999938964844,361.54998779296875,369.79998779296875,8337334
2024-06-20,340.94970703125,357.6499938964844,364.8999938964844,357.04998779296875,362.5,14338604
2024-06-21,342.9992980957031,359.79998779296875,362.95001220703125,356.75,359.95001220703125,17931844
2024-06-24,345.8115539550781,362.75,364.6499938964844,355.54998779296875,357.6000061035156,9335598
2024-06-25,344.0002746582031,360.8500061035156,364.70001220703125,357.75,364.25,14983828
2024-06-26,348.0041809082031,365.04998779296875,366.8999938964844,359.6499938964844,363.0,15918394
2024-06-27,359.53912353515625,377.1499938964844,381.1000061035156,364.1000061035156,365.04998779296875,55378829
2024-06-28,360.6831359863281,378.3500061035156,389.5,376.70001220703125,377.95001220703125,25141039
2024-07-01,352.4847106933594,369.75,382.0,367.79998779296875,381.75,23389211
2024-07-02,353.1043701171875,370.3999938964844,372.6000061035156,365.1499938964844,372.6000061035156,13702830
2024-07-03,355.249267578125,372.6499938964844,374.25,368.6499938964844,370.54998779296875,9207317
2024-07-04,355.5352783203125,372.95001220703125,380.8500061035156,371.75,373.8999938964844,14916930
2024-07-05,362.0654296875,379.79998779296875,381.25,371.0,374.3500061035156,15946104
2024-07-08,359.8251953125,377.45001220703125,381.25,376.1499938964844,380.8500061035156,8898299
2024-07-09,359.44384765625,377.04998779296875,380.25,375.04998779296875,379.20001220703125,8355819
2024-07-10,363.5906982421875,381.3999938964844,383.79998779296875,370.0,378.79998779296875,17715196
2024-07-11,359.4914855957031,377.1000061035156,383.29998779296875,374.6000061035156,382.3999938964844,19873143
2024-07-12,359.53912353515625,377.1499938964844,379.3999938964844,372.0,378.95001220703125,16151583
2024-07-15,367.6422424316406,385.6499938964844,388.95001220703125,376.8999938964844,378.6000061035156,22951140
2024-07-16,362.68505859375,380.45001220703125,388.75,380.0,386.6499938964844,11893034
2024-07-18,360.11114501953125,377.75,382.8999938964844,374.20001220703125,382.8999938964844,15709153
2024-07-19,347.622802734375,364.6499938964844,378.0,362.8999938964844,377.75,13330099
2024-07-22,356.0596008300781,373.5,377.25,362.3500061035156,364.75,18715538
2024-07-23,364.5916442871094,382.45001220703125,385.6499938964844,361.54998779296875,376.70001220703125,49882257
2024-07-24,374.26776123046875,392.6000061035156,395.0,381.70001220703125,384.1000061035156,36868466
2024-07-25,373.8387756347656,392.1499938964844,396.29998779296875,386.25,390.95001220703125,25973101
2024-07-26,377.7949523925781,396.29998779296875,399.5,389.70001220703125,394.95001220703125,20381410
2024-07-29,375.50701904296875,393.8999938964844,408.29998779296875,392.6499938964844,404.0,27751449
2024-07-30,387.9476623535156,406.95001220703125,412.70001220703125,397.0,397.0,34447139
2024-07-31,396.5750732421875,416.0,417.3999938964844,408.54998779296875,409.5,29727771
2024-08-01,403.6772155761719,423.45001220703125,424.3500061035156,415.6000061035156,419.8999938964844,28803487
2024-08-02,400.1023254394531,419.70001220703125,426.29998779296875,413.3500061035156,416.25,24233263
2024-08-05,393.9535217285156,413.25,415.6499938964844,404.6499938964844,407.6499938964844,42489503
2024-08-06,395.6217956542969,415.0,424.95001220703125,413.25,413.25,18230579
2024-08-07,399.9935302734375,416.29998779296875,421.0,415.0,421.0,15556736
2024-08-08,391.73040771484375,407.70001220703125,417.0,405.79998779296875,416.3500061035156,16447385
2024-08-09,394.5648498535156,410.6499938964844,416.3500061035156,408.20001220703125,413.79998779296875,10954753
2024-08-12,385.14874267578125,400.8500061035156,410.0,400.1000061035156,410.0,26254763
2024-08-13,380.680908203125,396.20001220703125,404.5,395.0,403.0,11355664
2024-08-14,380.8249816894531,396.3500061035156,400.0,393.6499938964844,398.8999938964844,9424614
2024-08-16,382.4584045410156,398.04998779296875,400.95001220703125,393.29998779296875,398.04998779296875,13844122
2024-08-19,387.31060791015625,403.1000061035156,407.5,401.45001220703125,402.29998779296875,10677045
2024-08-20,390.33721923828125,406.25,408.20001220703125,403.1000061035156,404.54998779296875,10126083
2024-08-21,392.93145751953125,408.95001220703125,409.70001220703125,405.20001220703125,407.5,9726854
2024-08-22,387.55078125,403.3500061035156,410.04998779296875,402.25,409.79998779296875,10445288
2024-08-23,386.2056579589844,401.95001220703125,405.8999938964844,399.54998779296875,403.3500061035156,11513586
2024-08-26,398.6003723144531,414.8500061035156,415.95001220703125,401.95001220703125,402.45001220703125,13772637
2024-08-27,393.6040344238281,409.6499938964844,416.20001220703125,409.1000061035156,415.5,8441188
2024-08-28,393.02752685546875,409.04998779296875,414.3999938964844,407.3500061035156,410.04998779296875,15884745
2024-08-29,393.84423828125,409.8999938964844,412.6000061035156,403.75,409.04998779296875,19014705
2024-08-30,399.8974914550781,416.20001220703125,419.20001220703125,411.5,412.70001220703125,22633988
2024-09-02,393.9403076171875,410.0,419.1000061035156,407.70001220703125,417.79998779296875,11107165
2024-09-03,390.4813232421875,406.3999938964844,411.54998779296875,405.6000061035156,410.5,7538160
2024-09-04,389.2322692871094,405.1000061035156,408.25,399.8999938964844,400.0,11052003
2024-09-05,387.4546813964844,403.25,408.3999938964844,401.8500061035156,405.3500061035156,14246871
2024-09-06,379.335693359375,394.79998779296875,404.6499938964844,392.70001220703125,403.25,17956121
2024-09-09,374.57958984375,389.8500061035156,392.75,385.29998779296875,391.20001220703125,12293356
2024-09-10,380.7769470214844,396.29998779296875,399.3999938964844,389.75,390.1000061035156,15852309
2024-09-11,374.387451171875,389.6499938964844,399.29998779296875,387.5,399.0,11492592
2024-09-12,388.9920654296875,404.8500061035156,406.25,390.6499938964844,391.0,24028069
2024-09-13,385.67718505859375,401.3999938964844,407.29998779296875,399.3500061035156,404.8500061035156,12017217
2024-09-16,394.99725341796875,411.1000061035156,412.0,402.0,402.45001220703125,11479712
2024-09-17,399.9935302734375,416.29998779296875,417.6499938964844,410.1000061035156,411.8500061035156,14432501
2024-09-18,397.9277648925781,414.1499938964844,419.75,413.0,418.5,10303840
2024-09-19,407.3439025878906,423.95001220703125,431.8500061035156,420.54998779296875,424.0,59601773
2024-09-20,407.3439025878906,423.95001220703125,429.8500061035156,416.54998779296875,428.04998779296875,36084164
2024-09-23,411.57159423828125,428.3500061035156,430.5,425.0,427.5,14139629
2024-09-24,411.3313293457031,428.1000061035156,431.45001220703125,427.0,431.45001220703125,12539885
2024-09-25,419.01800537109375,436.1000061035156,437.0,425.6499938964844,428.1000061035156,19443168
2024-09-26,417.5767517089844,434.6000061035156,437.95001220703125,430.54998779296875,437.95001220703125,20041825
2024-09-27,419.78668212890625,436.8999938964844,442.5,433.5,436.0,53885913
2024-09-30,425.83990478515625,443.20001220703125,448.45001220703125,433.6000061035156,436.8999938964844,20903229
2024-10-01,422.861328125,440.1000061035156,447.75,438.79998779296875,446.0,15984996
2024-10-03,418.29736328125,435.3500061035156,442.5,432.0,432.0,13563784
2024-10-04,413.5893249511719,430.45001220703125,439.3500061035156,426.29998779296875,432.8999938964844,18347292
2024-10-07,399.1768798828125,415.45001220703125,433.0,409.04998779296875,430.6000061035156,23431004
2024-10-08,404.4614562988281,420.95001220703125,427.70001220703125,411.29998779296875,414.0,18706355
2024-10-09,402.059326171875,418.45001220703125,424.75,417.0,424.45001220703125,13916492
2024-10-10,406.1429138183594,422.70001220703125,429.8999938964844,420.5,420.70001220703125,15866037
2024-10-11,405.9507141113281,422.5,426.6499938964844,419.6000061035156,423.95001220703125,8639087
2024-10-14,407.8723449707031,424.5,426.0,420.0,424.6000061035156,8483177
2024-10-15,409.89013671875,426.6000061035156,427.20001220703125,423.54998779296875,426.6499938964844,9365964
2024-10-16,407.6321716308594,424.25,429.3999938964844,421.25,425.29998779296875,6219440
2024-10-17,401.38677978515625,417.75,425.6000061035156,416.6000061035156,423.6499938964844,11968387
2024-10-18,408.30474853515625,424.95001220703125,425.95001220703125,414.45001220703125,417.70001220703125,8828971
2024-10-21,408.3527526855469,425.0,428.75,419.1000061035156,426.04998779296875,9139781
2024-10-22,399.465087890625,415.75,426.29998779296875,413.45001220703125,422.8500061035156,14242323
2024-10-23,392.3069152832031,408.29998779296875,414.75,401.70001220703125,414.0,22522821
2024-10-24,395.765869140625,411.8999938964844,415.25,406.79998779296875,409.25,9400171
2024-10-25,383.27508544921875,398.8999938964844,407.5,391.6000061035156,402.5,19642277
2024-10-28,388.07928466796875,403.8999938964844,406.5,397.79998779296875,398.8999938964844,11716022
2024-10-29,396.006103515625,412.1499938964844,414.29998779296875,404.45001220703125,409.0,20284308
2024-10-30,392.49908447265625,408.5,414.79998779296875,405.79998779296875,414.1499938964844,12264297
2024-10-31,394.57757568359375,408.1499938964844,410.6499938964844,403.5,409.0,12204072
2024-11-01,397.6711730957031,411.3500061035156,415.45001220703125,410.3500061035156,412.0,2145479
2024-11-04,387.6170654296875,400.95001220703125,414.29998779296875,393.70001220703125,413.8500061035156,13866505
2024-11-05,389.6955261230469,403.1000061035156,404.1000061035156,397.1499938964844,400.0,6665326
2024-11-06,395.3026428222656,408.8999938964844,410.79998779296875,403.1499938964844,406.70001220703125,9700643
2024-11-07,390.3722229003906,403.79998779296875,410.8999938964844,402.0,410.8999938964844,7589295
2024-11-08,384.4267272949219,397.6499938964844,404.20001220703125,395.54998779296875,403.1499938964844,7536509
2024-11-11,379.496337890625,392.54998779296875,400.8999938964844,391.79998779296875,398.1499938964844,12243693
2024-11-12,367.6536865234375,380.29998779296875,394.79998779296875,379.04998779296875,393.1499938964844,10549517
2024-11-13,368.6687927246094,381.3500061035156,387.6000061035156,379.3500061035156,384.0,20602407
2024-11-14,360.1130676269531,372.5,385.20001220703125,371.3500061035156,380.04998779296875,15086601
2024-11-18,354.5059509277344,366.70001220703125,380.0,362.6499938964844,380.0,16383636
2024-11-19,354.5059509277344,366.70001220703125,378.5,365.04998779296875,368.0,17055094
2024-11-21,344.3067932128906,356.1499938964844,364.3500061035156,354.79998779296875,363.70001220703125,21276150
2024-11-22,353.2975158691406,365.45001220703125,367.1000061035156,355.70001220703125,357.04998779296875,15949254
2024-11-25,356.1494140625,368.3999938964844,377.20001220703125,367.5,374.0,18388844
2024-11-26,349.6238708496094,361.6499938964844,370.3999938964844,360.25,370.0,11222231
2024-11-27,357.01947021484375,369.29998779296875,371.6000061035156,361.3500061035156,363.79998779296875,14225274
2024-11-28,350.01055908203125,362.04998779296875,371.8500061035156,359.6000061035156,369.70001220703125,16837860
2024-11-29,351.557373046875,363.6499938964844,365.3999938964844,360.20001220703125,363.25,14280017
2024-12-02,346.2886047363281,358.20001220703125,363.8999938964844,357.0,363.6499938964844,12510350
2024-12-03,355.2310485839844,367.45001220703125,370.0,358.20001220703125,359.0,14205760
2024-12-04,360.3547668457031,372.75,375.1499938964844,368.0,368.95001220703125,22035954
2024-12-05,356.8744812011719,369.1499938964844,373.95001220703125,364.3999938964844,372.75,18758283
2024-12-06,357.2128601074219,369.5,371.20001220703125,368.04998779296875,369.45001220703125,9736086
2024-12-09,357.5511779785156,369.8500061035156,373.29998779296875,367.75,370.8999938964844,10878679
2024-12-10,356.8744812011719,369.1499938964844,371.20001220703125,366.3999938964844,369.0,7913822
2024-12-11,353.3458251953125,365.5,370.75,364.70001220703125,369.25,9998662
2024-12-12,343.7750549316406,355.6000061035156,367.0,353.0,366.0,22538216
2024-12-13,345.27349853515625,357.1499938964844,358.29998779296875,348.04998779296875,355.75,14269143
2024-12-16,341.1648254394531,352.8999938964844,358.8999938964844,351.70001220703125,357.1499938964844,12168143
2024-12-17,337.44287109375,349.04998779296875,353.8500061035156,347.25,352.0,15646176
2024-12-18,330.3856201171875,341.75,351.0,340.0,349.54998779296875,14672392
2024-12-19,326.18023681640625,337.3999938964844,340.6000061035156,335.04998779296875,337.0,14513129
2024-12-20,322.1683044433594,333.25,343.8999938964844,331.0,337.79998779296875,20375797
2024-12-23,322.5549621582031,333.6499938964844,338.25,330.5,335.8999938964844,8884187
2024-12-24,324.15008544921875,335.29998779296875,336.8500061035156,331.75,335.1000061035156,7755462
2024-12-26,323.521728515625,334.6499938964844,337.3999938964844,332.25,335.29998779296875,9030212
2024-12-27,323.860107421875,335.0,340.0,334.20001220703125,336.6499938964844,9090597
2024-12-30,320.3797912597656,331.3999938964844,336.79998779296875,327.3999938964844,335.0,36657549
2024-12-31,322.2649841308594,333.3500061035156,334.6000061035156,326.20001220703125,330.1000061035156,8580998
2025-01-01,322.5549621582031,333.6499938964844,334.6499938964844,328.79998779296875,333.0,7843971
2025-01-02,326.7602844238281,338.0,338.6000061035156,330.0,333.6499938964844,16543382
2025-01-03,328.5487976074219,339.8500061035156,344.5,337.04998779296875,338.04998779296875,8689629
2025-01-06,316.6094970703125,327.5,341.70001220703125,326.45001220703125,341.70001220703125,10538077
2025-01-07,317.67291259765625,328.6000061035156,330.3500061035156,325.1000061035156,327.0,13891401
2025-01-08,314.5793151855469,325.3999938964844,330.5,321.8500061035156,330.5,8993608
2025-01-09,309.697265625,320.3500061035156,325.95001220703125,319.79998779296875,324.04998779296875,12403467
2025-01-10,297.9996337890625,308.25,321.0,307.6000061035156,320.3500061035156,15941143
2025-01-13,288.2838134765625,298.20001220703125,309.95001220703125,296.8500061035156,301.1000061035156,29630336
2025-01-14,300.078125,310.3999938964844,312.70001220703125,300.20001220703125,300.45001220703125,22732888
2025-01-15,310.6640319824219,321.3500061035156,324.29998779296875,312.54998779296875,312.54998779296875,21894626
2025-01-16,314.6759948730469,325.5,327.29998779296875,321.6499938964844,324.70001220703125,14865186
2025-01-17,315.30438232421875,326.1499938964844,329.0,323.3500061035156,325.29998779296875,7129232
2025-01-20,324.87518310546875,336.04998779296875,337.0,324.54998779296875,326.20001220703125,17991880
2025-01-21,313.5158996582031,324.29998779296875,338.25,323.79998779296875,337.79998779296875,12774630
2025-01-22,311.6790771484375,322.3999938964844,327.0,317.3500061035156,327.0,11068145
2025-01-23,312.8874816894531,323.6499938964844,325.1000061035156,319.54998779296875,321.0,6477347
2025-01-24,312.8874816894531,323.6499938964844,329.8999938964844,322.1000061035156,324.79998779296875,7492600
2025-01-27,311.4857177734375,322.20001220703125,325.04998779296875,315.0,323.6499938964844,13803855
2025-01-28,307.6670837402344,318.25,323.8500061035156,308.1499938964844,322.5,22008929
2025-01-29,310.5672912597656,321.25,322.8999938964844,313.29998779296875,320.0,16056888
2025-01-30,312.2591552734375,323.0,326.79998779296875,321.1499938964844,322.25,10375720
2025-01-31,315.66912841796875,324.0,326.25,317.54998779296875,322.45001220703125,13195557
2025-02-01,309.5311279296875,317.70001220703125,330.79998779296875,316.75,326.04998779296875,10097627
2025-02-03,303.2469787597656,311.25,314.04998779296875,304.0,310.1000061035156,15881217
2025-02-04,310.8951110839844,319.1000061035156,320.45001220703125,310.29998779296875,314.8500061035156,12141064
2025-02-05,311.38226318359375,319.6000061035156,323.04998779296875,318.3999938964844,321.0,12226722
2025-02-06,304.7571105957031,312.79998779296875,322.70001220703125,311.3999938964844,322.6000061035156,13384442
2025-02-07,308.8004455566406,316.95001220703125,319.25,312.1000061035156,313.5,8937447
2025-02-10,302.5162658691406,310.5,316.8500061035156,309.0,316.5,6806132
2025-02-11,297.74224853515625,305.6000061035156,312.3500061035156,304.1499938964844,312.3500061035156,13241830
2025-02-12,298.37554931640625,306.25,307.5,300.0,306.20001220703125,7616083
2025-02-13,298.8139953613281,306.70001220703125,308.6000061035156,303.1000061035156,306.1499938964844,9086906
2025-02-14,292.62725830078125,300.3500061035156,308.25,298.3500061035156,306.8500061035156,7446248
2025-02-17,294.5758361816406,302.3500061035156,303.20001220703125,292.79998779296875,297.5,6464173
2025-02-18,303.19830322265625,311.20001220703125,312.3999938964844,297.5,301.1499938964844,15793327
2025-02-19,306.7056884765625,314.79998779296875,316.3500061035156,310.6000061035156,311.20001220703125,13079903
2025-02-20,316.7895812988281,325.1499938964844,327.1499938964844,311.5,312.54998779296875,22888146
2025-02-21,317.86126708984375,326.25,329.75,321.54998779296875,323.29998779296875,10809296
2025-02-24,311.8694152832031,320.1000061035156,325.3999938964844,319.45001220703125,322.1000061035156,6034113
2025-02-25,310.50543212890625,318.70001220703125,321.5,315.75,320.1000061035156,10686112
2025-02-27,307.58258056640625,315.70001220703125,319.29998779296875,314.5,315.3500061035156,7302366
2025-02-28,303.44183349609375,311.45001220703125,315.6499938964844,306.54998779296875,314.0,21127180
2025-03-03,306.31597900390625,314.3999938964844,317.79998779296875,307.70001220703125,311.29998779296875,9779703
2025-03-04,305.68267822265625,313.75,314.8999938964844,308.0,311.29998779296875,8734999
2025-03-05,317.8125915527344,326.20001220703125,327.29998779296875,313.5,313.54998779296875,10493615
2025-03-06,329.21173095703125,337.8999938964844,338.79998779296875,323.20001220703125,329.0,26294903
2025-03-07,321.0764465332031,329.54998779296875,338.75,328.70001220703125,335.8500061035156,8992315
2025-03-10,320.9302978515625,329.3999938964844,334.95001220703125,326.29998779296875,329.45001220703125,11383132
2025-03-11,321.80712890625,330.29998779296875,333.25,323.70001220703125,327.0,10299324
2025-03-12,321.6609802246094,330.1499938964844,334.79998779296875,326.3999938964844,331.0,6984859
2025-03-13,323.3659973144531,331.8999938964844,334.54998779296875,328.45001220703125,332.0,8965150
2025-03-17,323.1224365234375,331.6499938964844,334.5,330.5,332.95001220703125,4353561
2025-03-18,323.1224365234375,331.6499938964844,331.6499938964844,331.6499938964844,331.6499938964844,0
2025-03-19,332.5243225097656,341.29998779296875,343.8999938964844,336.3500061035156,339.0,30582397
2025-03-20,332.9627380371094,341.75,344.70001220703125,340.29998779296875,344.70001220703125,15002119
2025-03-21,342.26715087890625,351.29998779296875,353.8500061035156,341.75,342.0,36406837
2025-03-24,357.5148010253906,366.95001220703125,368.0,353.6499938964844,357.0,24588471
2025-03-25,357.5148010253906,366.95001220703125,371.45001220703125,364.1499938964844,369.0,23189083
2025-03-26,345.5310363769531,354.6499938964844,369.0,353.29998779296875,366.95001220703125,18668095
2025-03-27,351.3768005371094,360.6499938964844,364.45001220703125,351.0,353.8999938964844,37930538
2025-03-28,348.40521240234375,357.6000061035156,364.29998779296875,356.45001220703125,362.0,11327077
2025-04-01,343.0953063964844,352.1499938964844,362.8999938964844,350.8500061035156,352.3500061035156,18736320
2025-04-02,342.70562744140625,351.75,353.45001220703125,347.04998779296875,352.1499938964844,13593404
2025-04-03,349.6717529296875,358.8999938964844,361.3500061035156,351.75,351.75,10317410
2025-04-04,341.39031982421875,350.3999938964844,358.8500061035156,348.54998779296875,358.8500061035156,10872963
2025-04-07,340.8057556152344,349.79998779296875,351.3999938964844,324.0,328.0,18025165
2025-04-08,343.87481689453125,352.95001220703125,358.25,350.0,356.8500061035156,17506712
2025-04-09,340.3673400878906,349.3500061035156,354.79998779296875,348.20001220703125,354.0,7462119
2025-04-11,350.8409118652344,360.1000061035156,361.5,351.0,351.0,11246077
2025-04-15,353.17919921875,362.5,368.45001220703125,361.54998779296875,367.0,17497327
2025-04-16,350.06146240234375,359.29998779296875,363.0,357.8999938964844,362.5,11541484
2025-04-17,354.6406555175781,364.0,365.45001220703125,357.25,359.25,12288196
2025-04-21,355.176513671875,364.54998779296875,368.20001220703125,361.79998779296875,365.79998779296875,7375594
2025-04-22,350.987060546875,360.25,367.04998779296875,359.70001220703125,367.04998779296875,12077119
2025-04-23,354.44573974609375,363.79998779296875,364.25,357.8999938964844,362.95001220703125,9719205
2025-04-24,353.8612060546875,363.20001220703125,366.45001220703125,361.6000061035156,363.75,7491123
2025-04-25,347.2847900390625,356.45001220703125,365.79998779296875,351.1000061035156,363.20001220703125,9785640
2025-04-28,352.2049560546875,361.5,362.8999938964844,353.70001220703125,353.70001220703125,5315840
2025-04-29,347.77191162109375,356.95001220703125,364.3500061035156,354.1000061035156,364.0,9472828
2025-04-30,345.4336242675781,354.54998779296875,361.0,352.0,357.0,16739088
2025-05-02,339.7340393066406,348.70001220703125,358.0,347.6000061035156,354.54998779296875,8221620
2025-05-05,339.6366271972656,348.6000061035156,352.0,345.54998779296875,351.0,9492646
2025-05-06,333.0114440917969,341.79998779296875,349.5,340.0,349.0,8904223
2025-05-07,333.2550048828125,342.04998779296875,343.70001220703125,337.0,338.0,8465490
2025-05-08,331.25775146484375,340.0,343.1000061035156,338.3999938964844,341.04998779296875,14286109
2025-05-09,326.1427307128906,334.75,338.75,330.6000061035156,334.20001220703125,11322011
2025-05-12,339.587890625,348.54998779296875,349.20001220703125,338.1000061035156,340.3999938964844,7978210
2025-05-13,332.71917724609375,341.5,349.79998779296875,340.5,348.6000061035156,14738980
2025-05-14,329.8450012207031,338.54998779296875,343.8500061035156,337.75,342.45001220703125,22485535
2025-05-15,333.1576232910156,341.95001220703125,343.75,332.6499938964844,339.5,43307763
2025-05-16,334.2780456542969,343.1000061035156,347.6000061035156,342.0,343.0,6920351
2025-05-19,336.27532958984375,345.1499938964844,347.70001220703125,342.3999938964844,343.1000061035156,6218209
2025-05-20,333.7908935546875,342.6000061035156,349.70001220703125,341.54998779296875,346.8999938964844,9986143
2025-05-21,337.2496337890625,346.1499938964844,347.3999938964844,339.8500061035156,342.54998779296875,5930972
2025-05-22,332.6217346191406,341.3999938964844,347.0,338.25,346.1499938964844,8717514
2025-05-23,335.7394714355469,344.6000061035156,344.95001220703125,340.1499938964844,342.0,4045937
2025-05-26,334.667724609375,343.5,351.20001220703125,342.54998779296875,351.0,16655082
2025-05-27,329.8450012207031,338.54998779296875,344.5,336.79998779296875,344.0,24937330
2025-05-28,331.30645751953125,340.04998779296875,340.70001220703125,337.1000061035156,338.6000061035156,10985957
2025-05-29,330.6244812011719,339.3500061035156,342.25,338.04998779296875,341.0,15884093
2025-05-30,325.3145751953125,333.8999938964844,340.75,332.8500061035156,337.5,19143010
2025-06-02,323.9992980957031,332.54998779296875,334.79998779296875,330.29998779296875,333.8999938964844,29479727
2025-06-03,319.8098449707031,328.25,334.75,327.0,333.0,14081719
2025-06-04,320.7841491699219,329.25,329.95001220703125,324.8500061035156,329.0,15654279
2025-06-05,320.1995849609375,328.6499938964844,331.6000061035156,327.6000061035156,329.20001220703125,16270360
2025-06-06,324.2915954589844,332.8500061035156,333.5,329.04998779296875,329.6499938964844,11402511
2025-06-09,328.43231201171875,337.1000061035156,337.54998779296875,332.75,333.8999938964844,19416373
2025-06-10,330.47833251953125,339.20001220703125,340.8999938964844,336.79998779296875,338.79998779296875,12061248
2025-06-11,329.4066162109375,338.1000061035156,342.6000061035156,337.45001220703125,341.0,10807496
2025-06-12,325.1197509765625,333.70001220703125,341.6499938964844,332.6499938964844,338.1499938964844,11881618
2025-06-13,323.41473388671875,331.95001220703125,332.8999938964844,326.6000061035156,326.79998779296875,11711773
2025-06-16,325.1197509765625,333.70001220703125,334.6499938964844,330.6000061035156,332.0,8065112
2025-06-17,326.5811767578125,335.20001220703125,336.8999938964844,333.1000061035156,334.0,6796992
2025-06-18,323.8531799316406,332.3999938964844,335.8999938964844,330.75,335.20001220703125,17835507
2025-06-19,321.5635681152344,330.04998779296875,333.1499938964844,328.54998779296875,332.3999938964844,11610604
2025-06-20,326.5811767578125,335.20001220703125,336.0,329.70001220703125,330.0,16592862
2025-06-23,324.0480041503906,332.6000061035156,335.70001220703125,330.3500061035156,333.70001220703125,8277787
2025-06-24,321.4661560058594,329.95001220703125,331.70001220703125,321.3500061035156,331.0,100814893
2025-06-25,322.343017578125,330.8500061035156,333.70001220703125,329.3999938964844,331.5,17963666
2025-06-26,328.4810485839844,337.1499938964844,337.79998779296875,331.29998779296875,332.3999938964844,13754087
2025-06-27,329.6014404296875,338.29998779296875,341.29998779296875,334.45001220703125,338.95001220703125,50845169
2025-06-30,326.2888488769531,334.8999938964844,337.25,333.6499938964844,335.75,11858890
2025-07-01,324.0480041503906,332.6000061035156,335.25,332.1499938964844,335.25,8903292
2025-07-02,325.1684265136719,333.75,335.6499938964844,331.29998779296875,332.6499938964844,11326880
2025-07-03,325.99658203125,334.6000061035156,336.3500061035156,331.0,334.6000061035156,15786429
2025-07-04,326.8734436035156,335.5,336.0,332.25,335.70001220703125,5899185
2025-07-07,328.7733154296875,337.45001220703125,339.0,333.75,335.5,9454556
2025-07-08,334.37548828125,343.20001220703125,343.8999938964844,337.0,338.20001220703125,12092302
2025-07-09,335.1549072265625,344.0,345.6000061035156,342.79998779296875,343.25,9079872
2025-07-10,332.6704406738281,341.45001220703125,345.0,341.20001220703125,344.0,6426072
2025-07-11,333.8883361816406,342.70001220703125,344.0,339.5,340.5,17234194
2025-07-14,333.30377197265625,342.1000061035156,345.0,339.95001220703125,343.04998779296875,11516965
2025-07-15,333.2063293457031,342.0,344.1000061035156,340.95001220703125,343.1499938964844,8450777
2025-07-16,333.6447448730469,342.45001220703125,343.79998779296875,340.79998779296875,342.0,6001484
2025-07-17,333.8395690917969,342.6499938964844,344.5,342.0,344.20001220703125,7562006
2025-07-18,333.30377197265625,342.1000061035156,343.8999938964844,340.6499938964844,343.0,6370338
2025-07-21,332.76788330078125,341.54998779296875,342.79998779296875,339.29998779296875,342.1000061035156,4463318
2025-07-22,332.08587646484375,340.8500061035156,342.6000061035156,340.04998779296875,341.54998779296875,4728372
2025-07-23,334.22930908203125,343.04998779296875,344.0,340.95001220703125,341.79998779296875,5058422
2025-07-24,330.18603515625,338.8999938964844,343.6000061035156,336.5,343.6000061035156,9098453
2025-07-25,324.6325988769531,333.20001220703125,339.8999938964844,332.54998779296875,338.8999938964844,7790739
2025-07-28,324.3890380859375,332.95001220703125,336.6000061035156,330.3500061035156,333.45001220703125,4605823
2025-07-29,325.99658203125,334.6000061035156,335.5,328.5,332.0,7551356
2025-07-30,330.0885925292969,338.79998779296875,342.29998779296875,332.5,335.0,12537358
2025-07-31,325.6556091308594,334.25,340.1000061035156,333.0,336.04998779296875,8935384
2025-08-01,322.3916931152344,330.8999938964844,334.75,330.20001220703125,333.0,7107542
2025-08-04,323.46343994140625,332.0,333.29998779296875,327.20001220703125,330.8999938964844,8193399
2025-08-05,325.02227783203125,333.6000061035156,334.3500061035156,331.29998779296875,332.45001220703125,9855535
2025-08-06,323.5608825683594,332.1000061035156,335.3999938964844,331.6000061035156,333.6000061035156,13872826
2025-08-07,321.27130126953125,329.75,332.45001220703125,328.6499938964844,332.1000061035156,8731389
2025-08-08,326.1427307128906,334.75,337.5,329.6499938964844,330.0,11247218
2025-08-11,327.5067443847656,336.1499938964844,339.1000061035156,333.95001220703125,335.0,11993280
2025-08-12,331.3551940917969,340.1000061035156,341.8500061035156,335.75,336.25,7221182
2025-08-13,331.20904541015625,339.95001220703125,343.0,339.1499938964844,340.29998779296875,5417151
2025-08-14,330.6244812011719,339.3500061035156,340.45001220703125,336.29998779296875,339.95001220703125,5689423
2025-08-18,327.4093017578125,336.04998779296875,341.79998779296875,335.45001220703125,341.45001220703125,6511340
2025-08-19,326.43499755859375,335.04998779296875,340.6499938964844,334.1499938964844,338.8999938964844,10316115
2025-08-20,333.2063293457031,342.0,343.3999938964844,336.5,337.79998779296875,10824544
2025-08-21,330.0885925292969,338.79998779296875,344.3500061035156,336.8999938964844,342.3500061035156,11135121
2025-08-22,328.33489990234375,337.0,338.8999938964844,335.5,338.5,8534844
2025-08-25,329.16302490234375,337.8500061035156,341.3999938964844,337.04998779296875,337.04998779296875,7142387
2025-08-26,324.6325988769531,333.20001220703125,337.3999938964844,331.75,336.1499938964844,13113388
2025-08-28,322.2942810058594,330.79998779296875,332.8999938964844,328.70001220703125,331.25,10486948
2025-08-29,319.1278381347656,327.54998779296875,331.5,327.0,331.0,11813425
2025-09-01,322.1968688964844,330.70001220703125,331.6000061035156,328.0,328.0,6897558
2025-09-02,327.65289306640625,336.29998779296875,338.25,331.1000061035156,331.1000061035156,9224639
2025-09-03,325.6556091308594,334.25,338.0,333.5,336.5,10778333
2025-09-04,324.8190612792969,330.04998779296875,334.8999938964844,329.29998779296875,333.5,7934237
2025-09-05,323.4904479980469,328.70001220703125,331.79998779296875,325.95001220703125,330.04998779296875,5678244
2025-09-08,321.52215576171875,326.70001220703125,330.95001220703125,326.3500061035156,328.75,5239184
2025-09-09,318.9633483886719,324.1000061035156,328.1499938964844,323.6499938964844,327.6000061035156,9735495
2025-09-10,320.4888000488281,325.6499938964844,328.04998779296875,325.1499938964844,325.5,6509477
2025-09-11,325.8031921386719,331.04998779296875,333.5,326.0,326.45001220703125,10309925
2025-09-12,326.44293212890625,331.70001220703125,333.5,328.3999938964844,332.0,5257048
2025-09-15,325.8524169921875,331.1000061035156,333.79998779296875,330.6499938964844,331.0,6566824
2025-09-16,329.73980712890625,335.04998779296875,335.79998779296875,331.20001220703125,331.20001220703125,8784889
2025-09-17,331.06842041015625,336.3999938964844,337.45001220703125,334.54998779296875,335.5,7936518
2025-09-18,331.6097412109375,336.95001220703125,337.6000061035156,334.1000061035156,337.0,6497322
2025-09-19,333.28277587890625,338.6499938964844,339.5,336.45001220703125,336.95001220703125,10646331
2025-09-22,333.8240661621094,339.20001220703125,340.3500061035156,336.8500061035156,339.1499938964844,6966213
2025-09-23,337.5638427734375,343.0,344.1000061035156,338.1000061035156,339.45001220703125,10738268
2025-09-24,342.0909423828125,347.6000061035156,350.3999938964844,342.25,343.29998779296875,14653575
2025-09-25,335.1034240722656,340.5,350.79998779296875,340.0,349.29998779296875,13228081
2025-09-26,332.54461669921875,337.8999938964844,340.75,336.45001220703125,340.5,6337702
2025-09-29,335.54632568359375,340.95001220703125,343.75,338.0,339.1000061035156,16922231
2025-09-30,335.05426025390625,340.45001220703125,343.04998779296875,339.1499938964844,341.1000061035156,8308029
2025-10-01,334.8573913574219,340.25,343.04998779296875,338.04998779296875,340.29998779296875,6022078
2025-10-03,336.57965087890625,342.0,343.5,338.75,340.25,8506827
2025-10-06,333.7256164550781,339.1000061035156,341.79998779296875,335.6499938964844,340.6000061035156,8436245
2025-10-07,332.64306640625,338.0,341.3999938964844,336.8500061035156,339.1000061035156,16130172
2025-10-08,328.5096435546875,333.79998779296875,339.25,332.29998779296875,339.25,13223442
2025-10-09,330.52716064453125,335.8500061035156,336.3999938964844,331.20001220703125,333.79998779296875,6824759
2025-10-10,334.3161315917969,339.70001220703125,341.95001220703125,335.95001220703125,336.0,8970962
2025-10-13,336.284423828125,341.70001220703125,342.1000061035156,336.20001220703125,337.95001220703125,6663149
2025-10-14,331.314453125,336.6499938964844,343.0,335.20001220703125,342.0,7545848
2025-10-15,333.8732604980469,339.25,341.75,336.75,336.95001220703125,8121744
2025-10-16,336.08758544921875,341.5,342.6000061035156,339.6499938964844,340.20001220703125,6788416
2025-10-17,335.59552001953125,341.0,344.20001220703125,340.1499938964844,341.5,7032129
2025-10-20,336.53045654296875,341.95001220703125,344.45001220703125,340.29998779296875,341.3999938964844,6896835
2025-10-21,336.57965087890625,342.0,343.5,341.04998779296875,342.95001220703125,346988
2025-10-23,337.2193603515625,342.6499938964844,345.20001220703125,341.04998779296875,343.79998779296875,8710859
2025-10-24,334.2177429199219,339.6000061035156,343.25,338.1499938964844,342.45001220703125,7584711
2025-10-27,336.3336181640625,341.75,342.8999938964844,340.45001220703125,340.70001220703125,6752390
2025-10-28,333.77484130859375,339.1499938964844,342.8999938964844,337.29998779296875,342.3999938964844,13186584
2025-10-29,341.99249267578125,347.5,350.0,339.1499938964844,339.25,15423201
2025-10-30,339.6797180175781,345.1499938964844,349.0,343.45001220703125,349.0,6721032
2025-10-31,331.6097412109375,336.95001220703125,345.0,335.6000061035156,345.0,18651312
2025-11-03,329.887451171875,335.20001220703125,337.5,333.3999938964844,336.8500061035156,10242245
2025-11-04,325.3603515625,330.6000061035156,336.0,329.70001220703125,335.3999938964844,11887651
2025-11-06,321.47296142578125,326.6499938964844,332.95001220703125,324.6000061035156,332.04998779296875,11587302
2025-11-07,323.6564636230469,326.1000061035156,327.1000061035156,320.8500061035156,324.3999938964844,8578167
2025-11-10,323.0113525390625,325.45001220703125,328.25,324.0,326.1000061035156,5246998
2025-11-11,324.20233154296875,326.6499938964844,327.45001220703125,322.8500061035156,325.95001220703125,6103758
2025-11-12,324.6986083984375,327.1499938964844,328.25,325.54998779296875,327.5,6850550
2025-11-13,324.5001220703125,326.95001220703125,329.95001220703125,325.54998779296875,327.1499938964844,7276001
2025-11-14,325.9888610839844,328.45001220703125,329.8999938964844,326.20001220703125,327.0,9169855
2025-11-17,327.72576904296875,330.20001220703125,331.45001220703125,328.54998779296875,329.0,6283156
2025-11-18,325.9888610839844,328.45001220703125,329.75,327.1499938964844,329.04998779296875,6776200
2025-11-19,324.1527404785156,326.6000061035156,328.95001220703125,325.04998779296875,328.95001220703125,6935056
2025-11-20,324.1527404785156,326.6000061035156,330.0,326.20001220703125,328.0,5155775
2025-11-21,324.20233154296875,326.6499938964844,328.3999938964844,325.0,326.8500061035156,6142545
2025-11-24,321.0263366699219,323.45001220703125,327.1000061035156,322.04998779296875,326.70001220703125,13719726
2025-11-25,321.27447509765625,323.70001220703125,325.6000061035156,322.5,323.45001220703125,8074651
2025-11-26,323.6564636230469,326.1000061035156,327.79998779296875,324.0,324.29998779296875,7101095
2025-11-27,324.8970947265625,327.3500061035156,328.75,325.0,327.1499938964844,6755179
2025-11-28,324.00384521484375,326.45001220703125,328.1499938964844,324.25,328.0,8930988
2025-12-01,324.64898681640625,327.1000061035156,328.25,325.45001220703125,327.1000061035156,6936186
2025-12-02,326.13775634765625,328.6000061035156,329.95001220703125,326.75,327.45001220703125,5806943
2025-12-03,320.53009033203125,322.95001220703125,329.0,321.29998779296875,329.0,8546132
2025-12-04,320.53009033203125,322.95001220703125,324.29998779296875,321.1000061035156,322.8999938964844,5965357
2025-12-05,320.87744140625,323.29998779296875,324.1499938964844,320.95001220703125,322.25,6574010
2025-12-08,317.1059265136719,319.5,323.20001220703125,317.8500061035156,323.20001220703125,7906928
2025-12-09,317.45330810546875,319.8500061035156,321.3999938964844,315.54998779296875,317.45001220703125,7152584
2025-12-10,319.190185546875,321.6000061035156,323.70001220703125,319.5,319.8500061035156,5484712
2025-12-11,320.1827087402344,322.6000061035156,323.45001220703125,319.1499938964844,321.6499938964844,6317942
2025-12-12,322.61431884765625,325.04998779296875,325.95001220703125,322.8999938964844,322.8999938964844,4261023
2025-12-15,321.5225830078125,323.95001220703125,325.29998779296875,321.54998779296875,323.04998779296875,10219819
2025-12-16,318.5946960449219,321.0,323.79998779296875,319.04998779296875,322.04998779296875,5241263
2025-12-17,318.8428039550781,321.25,322.3999938964844,319.54998779296875,320.0,5043027
2025-12-18,316.1134033203125,318.5,322.1499938964844,317.0,322.0,5554193
2025-12-19,317.5029296875,319.8999938964844,320.6000061035156,317.5,318.95001220703125,10833662
2025-12-22,318.29693603515625,320.70001220703125,323.6499938964844,319.5,319.95001220703125,8925871
2025-12-23,320.82781982421875,323.25,324.75,320.25,321.04998779296875,6024641
2025-12-24,320.133056640625,322.54998779296875,326.6499938964844,322.25,323.8999938964844,5678004
2025-12-26,321.67144775390625,324.1000061035156,325.75,322.29998779296875,322.54998779296875,4174183
2025-12-29,323.06097412109375,325.5,325.79998779296875,323.04998779296875,324.1000061035156,14043845
2025-12-30,322.4654541015625,324.8999938964844,325.54998779296875,323.3500061035156,325.0,8035909
2025-12-31,327.0805969238281,329.54998779296875,330.6499938964844,324.70001220703125,324.75,8497983
2026-01-01,333.780029296875,336.29998779296875,336.8999938964844,329.6000061035156,329.79998779296875,10357315
2026-01-02,349.4616394042969,352.1000061035156,353.0,335.95001220703125,336.79998779296875,23128940
2026-01-05,347.972900390625,350.6000061035156,354.79998779296875,348.3999938964844,350.3500061035156,18248271
2026-01-06,348.17138671875,350.79998779296875,354.1000061035156,346.1499938964844,349.8999938964844,8641743
2026-01-07,346.2359924316406,348.8500061035156,351.3500061035156,346.29998779296875,349.54998779296875,7165806
2026-01-08,341.8193359375,344.3999938964844,349.79998779296875,342.20001220703125,346.75,8805975
2026-01-09,333.4822998046875,336.0,344.3999938964844,334.3999938964844,344.3999938964844,10161744
2026-01-12,334.9214172363281,337.45001220703125,340.6499938964844,333.70001220703125,336.75,9406174
2026-01-13,335.3680419921875,337.8999938964844,339.25,335.04998779296875,337.45001220703125,5583379
2026-01-14,346.484130859375,349.1000061035156,350.5,337.45001220703125,338.8999938964844,20389924
2026-01-15,346.484130859375,349.1000061035156,349.1000061035156,349.1000061035156,349.1000061035156,0
2026-01-16,343.7547302246094,346.3500061035156,354.04998779296875,345.3999938964844,352.6499938964844,14275582
2026-01-19,340.7772216796875,343.3500061035156,347.95001220703125,342.04998779296875,343.5,9974363
2026-01-20,336.211669921875,338.75,348.29998779296875,337.70001220703125,343.0,7718407
2026-01-21,336.1620788574219,338.70001220703125,341.6000061035156,336.79998779296875,338.79998779296875,6948955
2026-01-22,339.88397216796875,342.45001220703125,343.20001220703125,337.1000061035156,338.70001220703125,5885972
2026-01-23,334.17706298828125,336.70001220703125,345.45001220703125,336.1000061035156,343.95001220703125,10084314
2026-01-27,342.1170959472656,344.70001220703125,346.5,337.04998779296875,340.5,12203590
2026-01-28,345.4419860839844,348.04998779296875,353.25,344.70001220703125,344.70001220703125,13566973
2026-01-29,355.46630859375,358.1499938964844,360.5,347.29998779296875,350.0,20624409
2026-01-30,353.3324279785156,356.0,359.3500061035156,351.1000061035156,359.0,22641103
2026-02-02,347.7247619628906,350.3500061035156,352.75,337.75,344.95001220703125,12622760
2026-02-03,355.8633117675781,358.54998779296875,365.95001220703125,353.79998779296875,365.95001220703125,11559806
2026-02-04,364.49810791015625,367.25,368.54998779296875,357.6000061035156,359.45001220703125,15515053
2026-02-05,364.25,367.0,370.70001220703125,365.0,369.75,18789794
2026-02-06,365.04998779296875,365.04998779296875,365.95001220703125,361.0,361.79998779296875,7328789
2026-02-09,361.8999938964844,361.8999938964844,368.6000061035156,361.0,366.54998779296875,7983235
2026-02-10,366.8999938964844,366.8999938964844,368.1499938964844,361.25,361.8999938964844,8319282
2026-02-11,368.45001220703125,368.45001220703125,369.0,366.0,369.0,5782448
2026-02-12,368.25,368.25,372.0,366.8500061035156,370.0,6763353
2026-02-13,363.0,363.0,368.0,362.3999938964844,367.54998779296875,7111972
2026-02-16,369.1000061035156,369.1000061035156,369.6499938964844,362.5,362.6000061035156,6292850
2026-02-17,368.3999938964844,368.3999938964844,369.5,366.04998779296875,368.75,4442793
2026-02-18,368.3999938964844,368.3999938964844,370.70001220703125,367.3999938964844,368.45001220703125,4871319
2026-02-19,363.20001220703125,363.20001220703125,370.8999938964844,362.20001220703125,367.0,5375352
2026-02-20,372.95001220703125,372.95001220703125,373.6499938964844,362.70001220703125,362.79998779296875,16736731
2026-02-23,375.45001220703125,375.45001220703125,376.5,372.1499938964844,374.0,16135451
2026-02-24,382.75,382.75,385.0,373.54998779296875,374.95001220703125,20774629
2026-02-25,384.8999938964844,384.8999938964844,388.54998779296875,382.70001220703125,382.75,12750016
2026-02-26,381.8999938964844,381.8999938964844,385.8500061035156,378.3999938964844,385.0,10721570
2026-02-27,381.8999938964844,381.8999938964844,385.20001220703125,380.1499938964844,381.0,11548959
2026-03-02,377.54998779296875,377.54998779296875,378.95001220703125,365.0,365.0,14732253
2026-03-04,365.79998779296875,365.79998779296875,373.8500061035156,364.1000061035156,370.75,11433169
2026-03-05,378.04998779296875,378.04998779296875,379.8999938964844,366.6000061035156,366.95001220703125,16158714
2026-03-06,380.6000061035156,380.6000061035156,385.54998779296875,374.6499938964844,377.0,14940896
2026-03-09,376.25,376.25,379.0,371.3999938964844,373.0,11286578
2026-03-10,377.29998779296875,377.29998779296875,385.45001220703125,374.8500061035156,385.0,10875834
2026-03-11,379.8999938964844,379.8999938964844,383.8999938964844,376.45001220703125,377.5,9963701
2026-03-12,390.54998779296875,390.54998779296875,392.3999938964844,375.6499938964844,379.0,23847146
2026-03-13,384.45001220703125,384.45001220703125,394.5,383.20001220703125,391.8500061035156,27107369
2026-03-16,382.3999938964844,382.3999938964844,388.25,375.45001220703125,384.5,16793109
2026-03-17,383.3500061035156,383.3500061035156,385.8999938964844,378.29998779296875,382.8999938964844,9720902
2026-03-18,378.5,378.5,386.3500061035156,377.6000061035156,385.0,10681498
2026-03-19,374.04998779296875,374.04998779296875,380.75,373.1000061035156,373.5,10568326
2026-03-20,380.95001220703125,380.95001220703125,383.29998779296875,375.5,375.8500061035156,20930288
2026-03-23,372.3999938964844,372.3999938964844,379.5,369.29998779296875,377.1000061035156,13148432
2026-03-24,375.54998779296875,375.54998779296875,378.1499938964844,371.0,378.0,9339144
2026-03-25,378.3999938964844,378.3999938964844,380.95001220703125,375.6000061035156,376.0,9266292
2026-03-27,375.6499938964844,375.6499938964844,379.8999938964844,374.6499938964844,379.8999938964844,20263654
2026-03-30,370.6499938964844,370.6499938964844,377.95001220703125,369.6499938964844,374.0,17974103
2026-04-01,364.6499938964844,364.6499938964844,381.8999938964844,361.45001220703125,381.29998779296875,15449629
2026-04-02,359.6499938964844,359.6499938964844,361.29998779296875,352.0,359.95001220703125,16551512
2026-04-06,366.1000061035156,366.1000061035156,366.75,355.70001220703125,358.79998779296875,11534034
2026-04-07,368.8500061035156,368.8500061035156,369.79998779296875,362.25,364.8500061035156,12603971
2026-04-08,374.1499938964844,374.1499938964844,375.54998779296875,368.25,373.5,19491331
2026-04-09,378.6499938964844,378.6499938964844,384.20001220703125,376.5,376.95001220703125,18503665
2026-04-10,380.1499938964844,380.1499938964844,384.45001220703125,372.04998779296875,381.20001220703125,14953758
2026-04-13,386.25,386.25,388.0,374.3500061035156,374.3500061035156,15240045
2026-04-15,392.6000061035156,392.6000061035156,393.95001220703125,387.1000061035156,390.25,7722460
2026-04-16,390.79998779296875,390.79998779296875,397.25,387.79998779296875,397.0,9896906
2026-04-17,393.6000061035156,393.6000061035156,396.25,388.45001220703125,393.0,15320653
2026-04-20,398.0,398.0,400.8500061035156,390.6499938964844,393.0,9895187
2026-04-21,396.20001220703125,396.20001220703125,402.70001220703125,395.70001220703125,398.6000061035156,9493644
2026-04-22,405.3999938964844,405.3999938964844,407.25,393.20001220703125,398.0,16411131
2026-04-23,402.25,402.25,405.8999938964844,400.3999938964844,404.0,9144699
2026-04-24,401.8500061035156,401.8500061035156,405.25,399.20001220703125,404.75,6266676
2026-04-27,410.20001220703125,410.20001220703125,414.3999938964844,402.6000061035156,403.8999938964844,13001752
2026-04-28,406.8500061035156,406.8500061035156,414.20001220703125,405.95001220703125,414.0,7726655
2026-04-29,401.29998779296875,401.29998779296875,410.0,399.6499938964844,409.5,11920835
2026-04-30,399.1499938964844,399.1499938964844,400.29998779296875,393.1499938964844,400.0,7706357
2026-05-01,399.1499938964844,399.1499938964844,399.1499938964844,399.1499938964844,399.1499938964844,0
2026-05-04,400.04998779296875,400.04998779296875,404.79998779296875,397.25,400.0,6333200
2026-05-05,398.6499938964844,398.6499938964844,400.5,394.54998779296875,398.29998779296875,6791514
2026-05-06,394.8500061035156,394.8500061035156,403.0,391.6499938964844,400.0,11120409
2026-05-07,400.3500061035156,400.3500061035156,403.5,393.1499938964844,396.75,9700378
2026-05-08,402.1499938964844,402.1499938964844,405.1000061035156,397.1499938964844,398.0,4740939
2026-05-11,392.95001220703125,392.95001220703125,405.0,391.0,401.8999938964844,10088836
2026-05-12,392.70001220703125,392.70001220703125,399.8500061035156,391.25,392.20001220703125,10247516
2026-05-13,390.45001220703125,390.45001220703125,394.04998779296875,385.79998779296875,392.0,12322076
2026-05-14,396.29998779296875,396.29998779296875,398.54998779296875,391.20001220703125,393.70001220703125,7363948
2026-05-15,395.25,395.25,398.0,392.5,396.0,7107857
2026-05-18,388.29998779296875,388.29998779296875,393.8500061035156,384.8999938964844,393.0,7632596
2026-05-19,389.3999938964844,389.3999938964844,392.75,386.04998779296875,386.70001220703125,6693518
2026-05-20,392.45001220703125,392.45001220703125,393.3500061035156,384.0,386.1000061035156,5386249
2026-05-21,388.79998779296875,388.79998779296875,395.54998779296875,387.8500061035156,393.5,10596954
2026-05-22,388.6499938964844,388.6499938964844,391.5,387.45001220703125,389.95001220703125,11755213
2026-05-25,390.04998779296875,390.04998779296875,392.79998779296875,386.45001220703125,391.95001220703125,10489850
2026-05-26,389.70001220703125,389.70001220703125,392.25,389.0,390.75,9062218
2026-05-27,398.1499938964844,398.1499938964844,403.1000061035156,390.3500061035156,390.3500061035156,14418621
2026-05-28,398.1499938964844,398.1499938964844,398.1499938964844,398.1499938964844,398.1499938964844,0
2026-05-29,386.8999938964844,386.8999938964844,401.6499938964844,385.1000061035156,400.0,17003143
2026-06-01,378.70001220703125,378.70001220703125,389.0,376.5,386.8999938964844,18408900
2026-06-02,367.3999938964844,367.3999938964844,377.5,363.04998779296875,375.95001220703125,17496468
2026-06-03,366.79998779296875,366.79998779296875,371.5,363.70001220703125,368.04998779296875,10825715
2026-06-04,366.3999938964844,366.3999938964844,368.79998779296875,364.3500061035156,366.79998779296875,14363519
2026-06-05,361.6499938964844,361.6499938964844,368.5,358.6499938964844,365.95001220703125,10277061
2026-06-08,362.3999938964844,362.3999938964844,365.3500061035156,355.1499938964844,358.95001220703125,14933986
2026-06-09,355.6499938964844,355.6499938964844,363.70001220703125,355.0,362.79998779296875,14246656
2026-06-10,351.6499938964844,351.6499938964844,359.0,351.1000061035156,359.0,14939921
2026-06-11,351.8500061035156,351.8500061035156,353.3500061035156,348.79998779296875,352.0,15079402
2026-06-12,353.8999938964844,353.8999938964844,357.0,349.70001220703125,357.0,8740239
2026-06-15,348.1000061035156,348.1000061035156,358.0,346.95001220703125,357.3999938964844,17190759
2026-06-16,355.54998779296875,355.54998779296875,356.20001220703125,348.5,349.75,14555184
2026-06-17,355.54998779296875,355.54998779296875,356.04998779296875,352.04998779296875,355.54998779296875,9299676
2026-06-18,361.95001220703125,361.95001220703125,363.54998779296875,354.04998779296875,357.0,12260776
2026-06-19,365.79998779296875,365.79998779296875,368.0,359.95001220703125,361.95001220703125,17465450
2026-06-22,367.04998779296875,367.04998779296875,368.5,364.04998779296875,365.79998779296875,11946682
2026-06-23,364.6000061035156,364.6000061035156,369.25,361.8999938964844,367.8500061035156,11696171
2026-06-24,357.04998779296875,357.04998779296875,364.04998779296875,355.5,362.8500061035156,12770898
2026-06-25,352.04998779296875,352.04998779296875,359.0,351.45001220703125,356.45001220703125,19767157
2026-06-26,352.04998779296875,352.04998779296875,352.04998779296875,352.04998779296875,352.04998779296875,0
2026-06-29,356.1000061035156,356.1000061035156,357.8999938964844,351.54998779296875,352.0,49895302
2026-06-30,356.6499938964844,356.6499938964844,358.3500061035156,352.8999938964844,354.75,10291360
2026-07-01,357.8999938964844,357.8999938964844,360.8500061035156,354.25,358.0,6915166
2026-07-02,358.25,358.25,359.95001220703125,352.29998779296875,359.95001220703125,6513560
2026-07-03,356.45001220703125,356.45001220703125,360.1499938964844,355.45001220703125,358.25,6588714
2026-07-06,356.25,356.25,359.3999938964844,354.6499938964844,356.0,6204261
2026-07-07,354.20001220703125,354.20001220703125,357.1499938964844,352.54998779296875,355.79998779296875,8149003
2026-07-08,348.70001220703125,348.70001220703125,353.0,347.54998779296875,351.95001220703125,9572223
2026-07-09,343.70001220703125,343.70001220703125,351.0,343.1000061035156,349.0,17821421
2026-07-10,344.54998779296875,344.54998779296875,348.79998779296875,343.20001220703125,344.5,13016441
