Date,Adj Close,Close,High,Low,Open,Volume
2007-10-05,30.896238327026367,56.5875129699707,61.59376525878906,46.77188491821289,50.51251220703125,855215656
2007-10-08,29.31456756591797,53.69063949584961,58.50001525878906,53.3531379699707,58.50001525878906,126671715
2007-10-09,31.31084632873535,57.34688949584961,57.8531379699707,50.8218879699707,53.7187614440918,116725709
2007-10-10,31.60260772705078,57.881263732910156,59.06251525878906,57.37501525878906,58.8375129699707,67931378
2007-10-11,35.13447952270508,64.35001373291016,67.50001525878906,57.37501525878906,67.50001525878906,106320954
2007-10-12,34.90414810180664,63.928138732910156,66.31876373291016,62.43751525878906,63.00001525878906,99410791
2007-10-15,35.36482238769531,64.77188873291016,65.64376831054688,64.20938873291016,65.25001525878906,41814972
2007-10-16,38.97348403930664,71.38126373291016,72.50627136230469,64.40626525878906,64.85626220703125,138614496
2007-10-17,42.01396179199219,76.95001983642578,78.75001525878906,59.6812629699707,64.12501525878906,204876259
2007-10-18,40.539791107177734,74.25001525878906,84.06564331054688,71.07189178466797,78.18751525878906,146617799
2007-10-19,40.40157699584961,73.99689483642578,77.00627136230469,70.31251525878906,72.56251525878906,110266491
2007-10-22,39.8641357421875,73.01251983642578,75.29064178466797,70.59376525878906,72.50627136230469,72253405
2007-10-23,42.70498275756836,78.21564483642578,78.91876983642578,74.81251525878906,74.81251525878906,74594921
2007-10-24,42.044677734375,77.00627136230469,80.7187728881836,76.13439178466797,79.87501525878906,63055170
2007-10-25,41.95252990722656,76.83751678466797,78.63751983642578,67.86563873291016,74.39064025878906,34522489
2007-10-26,43.21173095703125,79.14376831054688,80.40939331054688,76.07814025878906,78.18751525878906,62370025
2007-10-29,44.08702087402344,80.74689483642578,82.6875228881836,80.04376983642578,80.4375228881836,43657697
2007-10-30,45.06980895996094,82.5468978881836,84.76876831054688,79.42501831054688,81.8437728881836,79921711
2007-10-31,46.00652313232422,84.26251983642578,86.1187744140625,82.6875228881836,82.9687728881836,44655368
2007-11-01,44.9776725769043,82.37814331054688,86.99064636230469,81.7031478881836,86.3437728881836,50632492
2007-11-02,45.791534423828125,83.86876678466797,84.3750228881836,78.75001525878906,79.39689636230469,32001693
2007-11-05,46.7282600402832,85.58439636230469,87.4687728881836,83.30626678466797,83.8125228881836,38833135
2007-11-06,47.34250259399414,86.70939636230469,92.19377136230469,85.52814483642578,87.07501983642578,81880281
2007-11-07,46.651466369628906,85.44377136230469,89.55001831054688,83.5312728881836,88.3125228881836,33593141
2007-11-08,45.85294723510742,83.98126983642578,86.2593994140625,82.1250228881836,83.2500228881836,27990521
2007-11-12,46.95860290527344,86.00627136230469,87.5250244140625,79.22814178466797,81.45001983642578,35153735
2007-11-13,48.07957458496094,88.05939483642578,89.83126831054688,84.68439483642578,87.4687728881836,43830531
2007-11-14,47.449974060058594,86.9062728881836,90.8437728881836,86.45626831054688,89.60626983642578,36738579
2007-11-15,48.24849319458008,88.3687744140625,89.9156494140625,86.70939636230469,88.53752136230469,29242252
2007-11-16,47.910675048828125,87.7500228881836,89.74689483642578,86.73751831054688,87.97502136230469,18895294
2007-11-19,49.645877838134766,90.92814636230469,94.2187728881836,89.0718994140625,89.74689483642578,40716718
2007-11-20,48.878082275390625,89.52189636230469,93.0937728881836,88.42501831054688,90.5625228881836,26342171
2007-11-21,45.06980895996094,82.5468978881836,90.59064483642578,80.55001831054688,90.0562744140625,26814499
2007-11-22,43.518836975097656,79.70626831054688,84.9937744140625,76.24689483642578,81.67501831054688,34096185
2007-11-23,46.405765533447266,84.9937744140625,85.5000228881836,80.21251678466797,84.9375228881836,27664090
2007-11-26,46.774322509765625,85.66876983642578,88.14376831054688,84.9937744140625,88.14376831054688,20159123
2007-11-27,45.622623443603516,83.55939483642578,87.13127136230469,82.6875228881836,87.13127136230469,20573198
2007-11-28,44.94696807861328,82.32189178466797,85.7812728881836,81.75939178466797,85.38751983642578,16435311
2007-11-29,43.73383331298828,80.10002136230469,84.82501983642578,79.05939483642578,84.3750228881836,25530967
2007-11-30,45.42300033569336,83.19377136230469,83.70001983642578,80.4375228881836,81.5625228881836,18437721
2007-12-03,46.06794357299805,84.3750228881836,85.4156494140625,83.55939483642578,84.20626831054688,16851227
2007-12-04,45.46906280517578,83.27814483642578,85.6406478881836,82.65939331054688,84.9375228881836,14008727
2007-12-05,47.28106689453125,86.59689331054688,86.9062728881836,83.2500228881836,83.41876983642578,27725290
2007-12-06,46.405765533447266,84.9937744140625,89.80314636230469,83.89689636230469,88.48126983642578,24104710
2007-12-07,46.20614242553711,84.62814331054688,86.73751831054688,83.1093978881836,85.52814483642578,11742386
2007-12-10,46.25222396850586,84.7125244140625,85.75314331054688,83.61564636230469,85.44377136230469,8330010
2007-12-11,46.0372314453125,84.31877136230469,85.95001983642578,83.89689636230469,85.47189331054688,11685950
2007-12-12,46.00652313232422,84.26251983642578,85.02189636230469,82.6875228881836,83.2500228881836,16342131
2007-12-13,45.238712310791016,82.85626983642578,85.5000228881836,82.5468978881836,84.3750228881836,14620172
2007-12-14,44.793392181396484,82.04064178466797,83.33439636230469,81.61876678466797,82.57501983642578,10991851
2007-12-17,42.09074020385742,77.09064483642578,82.9687728881836,75.93751525878906,82.51876831054688,19355678
2007-12-18,41.906471252441406,76.75314331054688,79.31251525878906,74.36251831054688,76.21876525878906,21607783
2007-12-19,41.138675689697266,75.34689331054688,79.90314483642578,74.70001983642578,79.22814178466797,19526912
2007-12-20,40.72404098510742,74.58751678466797,76.95001983642578,74.25001525878906,76.33126831054688,17105204
2007-12-24,41.9678955078125,76.86564636230469,78.07501983642578,75.09376525878906,75.71251678466797,16711519
2007-12-26,43.242431640625,79.20001983642578,80.1562728881836,77.28752136230469,77.28752136230469,20930094
2007-12-27,43.54956817626953,79.76251983642578,81.95626831054688,79.08751678466797,80.83126831054688,44565277
2007-12-28,43.887393951416016,80.38127136230469,80.7187728881836,78.75001525878906,79.59376525878906,18354518
2007-12-31,44.20987319946289,80.97189331054688,81.45001983642578,79.98751831054688,81.0000228881836,11982308
2008-01-01,45.02372741699219,82.46251678466797,83.22189331054688,80.63439178466797,81.39376831054688,16687746
2008-01-02,44.778038024902344,82.01251983642578,83.08126831054688,80.80314636230469,82.46251678466797,13437280
2008-01-03,46.62076187133789,85.38751983642578,85.72502136230469,80.52189636230469,81.50627136230469,31815218
2008-01-04,46.37506866455078,84.9375228881836,87.7500228881836,84.3750228881836,86.6250228881836,28011310
2008-01-07,45.99116897583008,84.2343978881836,86.17501831054688,83.33439636230469,84.40314483642578,15858063
2008-01-08,44.42485427856445,81.36564636230469,85.5000228881836,80.38127136230469,84.31877136230469,13282666
2008-01-09,43.718467712402344,80.07189178466797,81.81564331054688,79.87501525878906,81.45001983642578,13113527
2008-01-10,42.67427062988281,78.15939331054688,82.6875228881836,77.62501525878906,80.4375228881836,18023003
2008-01-11,43.31922912597656,79.34064483642578,80.10002136230469,76.21876525878906,79.22814178466797,11629440
2008-01-14,43.979530334472656,80.55001831054688,81.39376831054688,78.21564483642578,79.48126983642578,10264240
2008-01-15,42.64356231689453,78.10314178466797,82.18126678466797,77.45626831054688,81.8437728881836,11558334
2008-01-16,41.768287658691406,76.50001525878906,78.18751525878906,74.55939483642578,77.54064178466797,14834065
2008-01-17,42.889251708984375,78.55314636230469,80.2968978881836,75.15001678466797,76.78126525878906,16169395
2008-01-18,40.89297866821289,74.89689636230469,77.99064636230469,74.25001525878906,77.90626525878906,13254156
2008-01-21,33.93671417236328,62.15626525878906,74.25001525878906,54.1406364440918,74.25001525878906,33202389
2008-01-22,30.527687072753906,55.912513732910156,59.06251525878906,44.409385681152344,56.0250129699707,58755707
2008-01-23,33.93671417236328,62.15626525878906,64.54689025878906,56.81251525878906,56.81251525878906,28425991
2008-01-24,34.013492584228516,62.29689025878906,66.71251678466797,59.34376525878906,65.50314331054688,29911930
2008-01-25,35.76408767700195,65.50314331054688,65.81251525878906,62.85939025878906,65.25001525878906,12550722
2008-01-28,36.147979736328125,66.20626831054688,66.71251678466797,59.34376525878906,64.60314178466797,13601109
2008-01-29,35.549110412597656,65.10939025878906,67.33126831054688,64.12501525878906,66.37501525878906,7679877
2008-01-30,33.583534240722656,61.50939178466797,65.53126525878906,60.693763732910156,65.25001525878906,9016102
2008-01-31,31.387619018554688,57.48751449584961,62.325016021728516,56.81251525878906,62.15626525878906,41538563
2008-02-01,32.477901458740234,59.48439025878906,59.90626525878906,57.93751525878906,58.47188949584961,9089201
2008-02-04,34.15169906616211,62.55001449584961,63.28126525878906,60.60939025878906,60.60939025878906,12009385
2008-02-05,35.21126174926758,64.49063873291016,65.33438873291016,61.31251525878906,62.662513732910156,14593303
2008-02-06,34.90414810180664,63.928138732910156,64.68751525878906,60.356266021728516,62.71876525878906,12429218
2008-02-07,33.261051177978516,60.918766021728516,65.22189331054688,60.52501678466797,63.05626678466797,11300078
2008-02-08,32.40110778808594,59.34376525878906,61.818763732910156,58.24688720703125,61.31251525878906,13514197
2008-02-11,30.113082885742188,55.15313720703125,60.18751525878906,54.5625114440918,60.18751525878906,15133331
2008-02-12,29.57561683654785,54.16876220703125,57.178138732910156,53.7187614440918,56.81251525878906,10237627
2008-02-13,29.145658493041992,53.381263732910156,55.8281364440918,52.28438949584961,55.1250114440918,10395753
2008-02-14,31.694751739501953,58.05001449584961,58.64064025878906,54.5625114440918,54.5625114440918,12514003
2008-02-15,32.600746154785156,59.709388732910156,60.18751525878906,56.27813720703125,57.82501220703125,12080990
2008-02-18,32.41646957397461,59.37188720703125,61.059391021728516,58.865638732910156,61.059391021728516,6977153
2008-02-19,32.06327819824219,58.725013732910156,60.58126449584961,58.2750129699707,60.44063949584961,7226542
2008-02-20,31.264780044555664,57.26251220703125,58.19063949584961,56.615638732910156,58.162513732910156,5604999
2008-02-21,31.479764938354492,57.65626525878906,58.64064025878906,56.95314025878906,58.19063949584961,3874365
2008-02-22,31.080501556396484,56.92501449584961,57.2906379699707,55.15313720703125,55.7437629699707,2691220
2008-02-25,31.341552734375,57.40313720703125,58.10626220703125,56.0250129699707,57.600013732910156,6270186
2008-02-26,31.464420318603516,57.62813949584961,58.443763732910156,57.34688949584961,57.93751525878906,7139423
2008-02-27,33.30712127685547,61.00313949584961,64.01251220703125,58.47188949584961,58.47188949584961,43223132
2008-02-28,34.24383544921875,62.71876525878906,63.19689178466797,60.75001525878906,61.59376525878906,35763847
2008-02-29,33.75246047973633,61.818763732910156,63.56251525878906,60.80626678466797,62.325016021728516,16477462
2008-03-03,32.33969497680664,59.23126220703125,61.200016021728516,58.5562629699707,59.1187629699707,10049153
2008-03-04,31.510473251342773,57.7125129699707,59.850013732910156,56.25001525878906,59.62501525878906,11485198
2008-03-05,32.093997955322266,58.78126525878906,59.06251525878906,56.3062629699707,57.9937629699707,8581053
2008-03-07,30.45090675354004,55.771888732910156,57.93751525878906,53.4375114440918,57.93751525878906,14251925
2008-03-10,30.342880249023438,55.29376220703125,55.6875114440918,52.115638732910156,55.57501220703125,11713659
2008-03-11,32.8431510925293,59.850013732910156,60.412513732910156,53.55001449584961,54.8437614440918,19665129
2008-03-12,32.00971984863281,58.33126449584961,61.87501525878906,57.76876449584961,61.481266021728516,12262350
2008-03-13,27.611083984375,50.315635681152344,57.37501525878906,48.9375114440918,56.81251525878906,47000084
2008-03-14,29.50945281982422,53.7750129699707,54.0000114440918,50.6812629699707,51.721885681152344,35798540
2008-03-17,28.35190773010254,51.6656379699707,52.76251220703125,50.568763732910156,52.76251220703125,19211273
2008-03-18,28.598861694335938,52.115638732910156,53.12813949584961,50.737510681152344,51.581260681152344,12632937
2008-03-19,28.768619537353516,52.42501449584961,58.38751220703125,52.0875129699707,54.5625114440918,16449023
2008-03-24,29.046432495117188,52.9312629699707,54.39376449584961,51.77813720703125,54.39376449584961,11636914
2008-03-25,30.142240524291992,54.928138732910156,55.2656364440918,53.32501220703125,54.30938720703125,13232423
2008-03-26,29.9570255279541,54.59063720703125,55.912513732910156,54.0000114440918,54.5625114440918,11448313
2008-03-27,30.497211456298828,55.57501220703125,56.10939025878906,53.7750129699707,53.7750129699707,17425122
2008-03-28,30.55893898010254,55.6875114440918,56.10939025878906,54.225013732910156,55.8281364440918,11599511
2008-03-31,30.342880249023438,55.29376220703125,55.94063949584961,54.5625114440918,55.6875114440918,9914705
2008-04-01,30.40461540222168,55.4062614440918,56.193763732910156,54.7031364440918,55.6875114440918,6034588
2008-04-02,30.898483276367188,56.3062629699707,57.93751525878906,55.6875114440918,55.6875114440918,6087024
2008-04-03,30.651548385620117,55.85626220703125,56.70001220703125,55.4062614440918,56.4468879699707,3883474
2008-04-04,30.497211456298828,55.57501220703125,56.22188949584961,54.506263732910156,56.22188949584961,5906537
2008-04-07,30.37373924255371,55.350013732910156,55.912513732910156,54.7031364440918,55.65938949584961,4088729
2008-04-08,29.60205078125,53.943763732910156,55.37813949584961,53.55001449584961,55.2656364440918,5753811
2008-04-09,29.679216384887695,54.084388732910156,54.5625114440918,53.46563720703125,54.11251449584961,3776374
2008-04-10,30.265703201293945,55.15313720703125,55.5468864440918,53.803138732910156,54.0000114440918,7075297
2008-04-11,30.40461540222168,55.4062614440918,55.9687614440918,54.8437614440918,55.6875114440918,4012660
2008-04-15,30.867616653442383,56.25001525878906,56.53126525878906,54.11251449584961,55.068763732910156,6362785
2008-04-16,30.450910568237305,55.490638732910156,57.20626449584961,55.2656364440918,56.81251525878906,4725794
2008-04-17,31.623878479003906,57.62813949584961,58.95001220703125,55.71563720703125,56.334388732910156,14831167
2008-04-21,32.13319778442383,58.5562629699707,59.568763732910156,57.93751525878906,58.50001525878906,7639361
2008-04-22,32.65795135498047,59.51251220703125,60.18751525878906,57.93751525878906,58.50001525878906,8814769
2008-04-23,32.688812255859375,59.568763732910156,60.271888732910156,58.78126525878906,59.62501525878906,5265604
2008-04-24,31.531282424926758,57.459388732910156,60.30001449584961,56.95314025878906,60.18751525878906,8801780
2008-04-25,31.79365348815918,57.93751525878906,58.75313949584961,57.1500129699707,58.50001525878906,4095990
2008-04-28,31.9171142578125,58.162513732910156,59.287513732910156,57.93751525878906,57.9937629699707,4708244
2008-04-29,32.36470031738281,58.9781379699707,59.5406379699707,58.21876525878906,58.50001525878906,6497143
2008-04-30,32.58077621459961,59.37188720703125,60.131263732910156,59.06251525878906,59.568763732910156,6331377
2008-05-02,32.874019622802734,59.90626525878906,61.59376525878906,59.79376220703125,60.271888732910156,5658418
2008-05-05,32.71968078613281,59.62501525878906,61.03126525878906,59.23126220703125,60.693763732910156,7642293
2008-05-06,32.441871643066406,59.1187629699707,60.30001449584961,58.78126525878906,59.146888732910156,5061166
2008-05-07,31.97885513305664,58.2750129699707,59.45626449584961,57.37501525878906,59.06251525878906,4303106
2008-05-08,31.5930118560791,57.5718879699707,58.162513732910156,57.23439025878906,57.82501220703125,3642073
2008-05-09,31.407814025878906,57.23439025878906,58.725013732910156,56.36251449584961,56.81251525878906,8621761
2008-05-12,31.407814025878906,57.23439025878906,57.65626525878906,55.9687614440918,57.23439025878906,4890395
2008-05-13,31.500408172607422,57.40313720703125,57.82501220703125,56.92501449584961,57.48751449584961,5056766
2008-05-14,31.546710968017578,57.48751449584961,57.79689025878906,56.25001525878906,56.25001525878906,2982486
2008-05-15,31.562143325805664,57.51564025878906,58.162513732910156,56.25001525878906,56.25001525878906,2646760
2008-05-16,31.80907440185547,57.96563720703125,58.1343879699707,57.26251220703125,57.93751525878906,4422288
2008-05-20,31.74734115600586,57.8531379699707,58.07814025878906,57.26251220703125,57.37501525878906,3464912
2008-05-21,31.94798469543457,58.21876525878906,59.06251525878906,56.53126525878906,56.53126525878906,3419088
2008-05-22,31.515850067138672,57.4312629699707,57.7125129699707,56.81251525878906,56.81251525878906,3558000
2008-05-23,30.99109649658203,56.475013732910156,57.881263732910156,56.25001525878906,57.09376525878906,4417028
2008-05-26,30.75958824157715,56.053138732910156,56.39064025878906,53.4375114440918,53.4375114440918,2605807
2008-05-27,29.83355712890625,54.365638732910156,56.756263732910156,54.11251449584961,56.13751220703125,3316550
2008-05-28,30.92936134338379,56.36251449584961,56.70001220703125,53.60626220703125,54.5625114440918,4505700
2008-05-29,31.43867301940918,57.2906379699707,57.93751525878906,55.631263732910156,56.95314025878906,11026212
2008-05-30,30.43548011779785,55.4625129699707,57.65626525878906,55.23751449584961,57.4312629699707,4023430
2008-06-02,29.139041900634766,53.100013732910156,56.25001525878906,52.3125114440918,55.1250114440918,4431595
2008-06-03,28.058677673339844,51.131263732910156,52.8750114440918,50.65313720703125,52.3125114440918,6240766
2008-06-04,27.194372177124023,49.5562629699707,51.440635681152344,49.24688720703125,50.9062614440918,5762089
2008-06-05,27.148080825805664,49.471885681152344,49.8375129699707,47.8125114440918,49.5000114440918,9721099
2008-06-06,26.854841232299805,48.9375114440918,50.990638732910156,48.2343864440918,49.2187614440918,6317089
2008-06-09,26.484418869018555,48.26251220703125,49.443763732910156,46.1250114440918,48.3750114440918,6500809
2008-06-10,26.29921531677246,47.925010681152344,48.318763732910156,46.8281364440918,47.8125114440918,6717902
2008-06-11,26.422687530517578,48.1500129699707,48.9375114440918,47.8125114440918,48.3750114440918,2586175
2008-06-12,26.607885360717773,48.487510681152344,48.768760681152344,46.1250114440918,47.5312614440918,3244212
2008-06-13,26.43811798095703,48.178138732910156,48.881263732910156,47.6718864440918,48.40313720703125,4248430
2008-06-16,27.364152908325195,49.865638732910156,50.6250114440918,48.4312629699707,48.600013732910156,4354615
2008-06-17,28.182146072387695,51.35626220703125,51.7500114440918,48.9937629699707,50.568763732910156,4736084
2008-06-18,28.151281356811523,51.300010681152344,52.42501449584961,51.1875114440918,51.1875114440918,5055019
2008-06-19,27.54935646057129,50.2031364440918,51.1875114440918,49.38751220703125,50.287513732910156,4221271
2008-06-20,26.916568756103516,49.050010681152344,50.8218879699707,48.40313720703125,50.6250114440918,3837789
2008-06-23,25.97510528564453,47.33438491821289,48.82501220703125,46.85626220703125,48.6562614440918,4516050
2008-06-24,25.17255210876465,45.87188720703125,48.037513732910156,45.393760681152344,47.33438491821289,5238203
2008-06-25,24.478031158447266,44.60626220703125,45.534385681152344,43.5937614440918,45.0000114440918,3933879
2008-06-26,25.867067337036133,47.13751220703125,49.162513732910156,44.8593864440918,44.8593864440918,18253250
2008-06-27,24.72496223449707,45.05625915527344,46.57501220703125,44.80313491821289,45.5625114440918,6821283
2008-06-30,24.23108673095703,44.1562614440918,45.45001220703125,42.8906364440918,45.02813720703125,4596315
2008-07-01,22.517925262451172,41.034385681152344,44.1562614440918,39.45938491821289,44.1562614440918,6202295
2008-07-02,23.505693435668945,42.83438491821289,43.284385681152344,39.74063491821289,41.0625114440918,5245963
2008-07-03,22.888349533081055,41.70938491821289,42.83438491821289,40.5000114440918,42.4687614440918,4726793
2008-07-04,23.197021484375,42.27188491821289,43.08750915527344,40.7812614440918,41.0625114440918,4862814
2008-07-07,23.70633316040039,43.200008392333984,44.94375991821289,42.83438491821289,42.83438491821289,5528014
2008-07-08,24.400859832763672,44.46563720703125,45.5625114440918,39.93750762939453,39.93750762939453,8354280
2008-07-09,26.098573684692383,47.55938720703125,47.75625991821289,45.05625915527344,45.05625915527344,6860769
2008-07-10,27.240680694580078,49.6406364440918,50.23126220703125,46.237510681152344,47.55938720703125,7216175
2008-07-11,25.944232940673828,47.27813720703125,50.737510681152344,46.91250991821289,50.1187629699707,6040791
2008-07-14,25.959674835205078,47.30625915527344,48.9937629699707,46.1250114440918,46.1250114440918,5942149
2008-07-15,24.879304885864258,45.33750915527344,46.63125991821289,45.0000114440918,46.1250114440918,3693378
2008-07-16,24.200218200683594,44.10000991821289,46.1250114440918,43.340633392333984,45.33750915527344,6973872
2008-07-17,25.434921264648438,46.35000991821289,46.6875114440918,45.0000114440918,45.0000114440918,5038238
2008-07-18,26.854841232299805,48.9375114440918,49.331260681152344,45.815635681152344,47.19375991821289,5983177
2008-07-21,28.367347717285156,51.693763732910156,52.00313949584961,48.96563720703125,49.7812614440918,8754188
2008-07-22,29.524883270263672,53.803138732910156,54.2812614440918,51.2437629699707,51.693763732910156,12631056
2008-07-23,31.608444213867188,57.600013732910156,58.725013732910156,55.1812629699707,56.193763732910156,12798869
2008-07-24,30.497211456298828,55.57501220703125,58.66876220703125,52.115638732910156,52.115638732910156,10764301
2008-07-25,30.55893898010254,55.6875114440918,57.48751449584961,53.5781364440918,54.9843864440918,10710381
2008-07-28,30.312009811401367,55.23751449584961,56.78438949584961,54.6187629699707,55.6875114440918,5533881
2008-07-29,29.092742919921875,53.0156364440918,54.8437614440918,52.5937614440918,54.0000114440918,5145929
2008-07-30,30.312009811401367,55.23751449584961,55.6875114440918,53.4937629699707,53.4937629699707,7354746
2008-07-31,29.24706268310547,53.2968864440918,56.193763732910156,52.5937614440918,56.193763732910156,6006517
2008-08-01,30.095943450927734,54.8437614440918,55.068763732910156,50.6250114440918,52.4531364440918,4699412
2008-08-04,30.28114128112793,55.1812629699707,56.193763732910156,53.74688720703125,53.74688720703125,4301346
2008-08-05,31.639312744140625,57.65626525878906,58.07814025878906,54.8437614440918,55.4062614440918,9161115
2008-08-06,30.836755752563477,56.193763732910156,59.709388732910156,55.80001449584961,59.709388732910156,8616591
2008-08-07,30.75958824157715,56.053138732910156,57.318763732910156,54.30938720703125,54.30938720703125,4809365
2008-08-08,30.23483657836914,55.09688949584961,56.475013732910156,54.9000129699707,55.4062614440918,4883824
2008-08-11,30.51263999938965,55.6031379699707,56.41876220703125,55.1812629699707,55.80001449584961,2714705
2008-08-12,29.987892150878906,54.646888732910156,56.25001525878906,54.225013732910156,55.9687614440918,5801276
2008-08-13,30.111371994018555,54.87188720703125,55.4062614440918,53.5781364440918,54.0000114440918,2754609
2008-08-14,29.385984420776367,53.55001449584961,55.1250114440918,53.4375114440918,54.5625114440918,2566362
2008-08-18,29.046432495117188,52.9312629699707,54.5625114440918,52.42501449584961,53.4375114440918,2963058
2008-08-19,28.506248474121094,51.9468879699707,53.1562614440918,50.878135681152344,52.84688949584961,2941144
2008-08-20,28.830364227294922,52.537513732910156,52.959388732910156,52.1718864440918,52.3125114440918,3319410
2008-08-21,28.521684646606445,51.975013732910156,52.84688949584961,51.35626220703125,52.3125114440918,4138486
2008-08-22,28.228439331054688,51.440635681152344,53.7750129699707,50.1187629699707,53.7750129699707,4139879
2008-08-25,28.537111282348633,52.00313949584961,52.70626449584961,51.63751220703125,52.70626449584961,2034227
2008-08-26,28.583417892456055,52.0875129699707,52.256263732910156,51.131263732910156,51.4687614440918,1489491
2008-08-27,28.012365341186523,51.0468864440918,52.7343864440918,50.7656364440918,52.3687629699707,4297168
2008-08-28,27.595659255981445,50.287513732910156,51.7500114440918,49.6406364440918,51.1875114440918,7382078
2008-08-29,28.737751007080078,52.3687629699707,52.56563949584961,50.9625129699707,51.1875114440918,2219080
2008-09-01,28.72220802307129,51.9468879699707,52.1718864440918,50.9062614440918,51.862510681152344,3417069
2008-09-02,30.230628967285156,54.67501449584961,54.9000129699707,51.862510681152344,52.3125114440918,5030404
2008-09-04,29.593042373657227,53.521888732910156,54.506263732910156,53.0718879699707,54.0562629699707,2813325
2008-09-05,28.939922332763672,52.34063720703125,52.9312629699707,51.7500114440918,52.8750114440918,3330688
2008-09-08,30.46388816833496,55.09688949584961,57.318763732910156,54.5625114440918,55.1250114440918,8377948
2008-09-09,30.572738647460938,55.29376220703125,55.7437629699707,54.02813720703125,55.09688949584961,3737279
2008-09-10,30.308385848999023,54.81563949584961,55.7437629699707,54.2812614440918,55.01251220703125,3847698
2008-09-11,29.4997501373291,53.3531379699707,54.5625114440918,52.9312629699707,54.5625114440918,2567354
2008-09-12,29.795207977294922,53.88751220703125,55.350013732910156,53.0156364440918,53.7187614440918,6093354
2008-09-15,27.91356658935547,50.4843864440918,52.7343864440918,48.96563720703125,51.91876220703125,6770268
2008-09-16,28.45784568786621,51.4687614440918,51.91876220703125,47.8125114440918,48.5156364440918,4654621
2008-09-17,27.726964950561523,50.146888732910156,52.20001220703125,49.5000114440918,52.20001220703125,4674190
2008-09-18,27.66476058959961,50.034385681152344,51.018760681152344,46.43438720703125,49.5000114440918,6603710
2008-09-19,29.344236373901367,53.0718879699707,53.3531379699707,50.6250114440918,51.21563720703125,9821730
2008-09-22,28.706653594970703,51.91876220703125,56.81251525878906,51.49688720703125,54.5625114440918,4162514
2008-09-23,28.364538192749023,51.300010681152344,52.4531364440918,50.3437614440918,51.300010681152344,6569683
2008-09-24,29.017669677734375,52.48126220703125,53.04376220703125,50.79376220703125,51.4687614440918,5730103
2008-09-25,28.11573028564453,50.850013732910156,52.84688949584961,49.6406364440918,52.62188720703125,10926783
2008-09-26,27.66476058959961,50.034385681152344,51.131263732910156,49.162513732910156,51.131263732910156,4967945
2008-09-29,26.638408660888672,48.178138732910156,51.4687614440918,47.2500114440918,51.4687614440918,7859964
2008-09-30,26.685054779052734,48.26251220703125,50.0625114440918,45.5625114440918,45.5625114440918,6616439
2008-10-01,27.571456909179688,49.865638732910156,50.3437614440918,47.89688491821289,48.881263732910156,3743739
2008-10-03,27.96022605895996,50.568763732910156,51.1875114440918,49.2187614440918,50.1187629699707,4681406
2008-10-06,27.384843826293945,49.52813720703125,50.6250114440918,48.5156364440918,50.006263732910156,5560277
2008-10-07,28.28679084777832,51.159385681152344,52.256263732910156,49.5000114440918,49.5000114440918,9928258
2008-10-08,28.069076538085938,50.7656364440918,51.1875114440918,47.30625915527344,49.443763732910156,9985473
2008-10-10,27.89801788330078,50.456260681152344,51.6093864440918,46.71563720703125,50.568763732910156,9025179
2008-10-13,28.45784568786621,51.4687614440918,51.862510681152344,50.37188720703125,50.709388732910156,6805621
2008-10-14,27.773611068725586,50.23126220703125,53.381263732910156,49.8375129699707,51.7500114440918,5099383
2008-10-15,27.54035186767578,49.80938720703125,50.878135681152344,49.2750129699707,49.95001220703125,5495022
2008-10-16,26.4829044342041,47.89688491821289,49.10626220703125,46.9687614440918,49.10626220703125,6651066
2008-10-17,24.49241828918457,44.2968864440918,49.2187614440918,43.65000915527344,48.881263732910156,5586092
2008-10-20,24.772314071655273,44.80313491821289,46.57501220703125,43.39688491821289,44.46563720703125,7922965
2008-10-21,24.974483489990234,45.16876220703125,47.5312614440918,43.8750114440918,45.253135681152344,8047276
2008-10-22,23.606014251708984,42.69375991821289,45.05625915527344,42.27188491821289,44.7187614440918,5408099
2008-10-23,22.455257415771484,40.612510681152344,42.018760681152344,39.99375915527344,41.6250114440918,6641370
2008-10-24,19.547273635864258,35.35313415527344,39.93750762939453,34.87500762939453,39.37500762939453,9905588
2008-10-27,18.038848876953125,32.62500762939453,34.87500762939453,29.25000762939453,34.70625686645508,12878172
2008-10-29,20.418119430541992,36.92813491821289,39.262508392333984,33.75000762939453,37.12500762939453,13094201
2008-10-31,21.7243709564209,39.29063415527344,40.5000114440918,37.35000991821289,38.86875915527344,8097887
2008-11-03,22.393056869506836,40.5000114440918,41.56875991821289,39.09375762939453,41.512508392333984,4951148
2008-11-04,23.372760772705078,42.27188491821289,42.6093864440918,39.74063491821289,39.93750762939453,4515828
2008-11-05,22.51746368408203,40.72500991821289,44.32501220703125,39.93750762939453,44.32501220703125,6145587
2008-11-06,21.771020889282227,39.37500762939453,42.0468864440918,38.559383392333984,39.93750762939453,4896229
2008-11-07,23.466060638427734,42.440635681152344,43.706260681152344,38.81250762939453,39.09375762939453,8250147
2008-11-10,23.994781494140625,43.39688491821289,44.38125991821289,42.440635681152344,43.762508392333984,3775177
2008-11-11,23.71487045288086,42.8906364440918,44.690635681152344,41.9062614440918,43.5937614440918,8900004
2008-11-12,22.719621658325195,41.090633392333984,43.81875991821289,40.58438491821289,43.81875991821289,5705390
2008-11-14,22.641868591308594,40.950008392333984,42.7500114440918,40.44375991821289,40.72500991821289,4038880
2008-11-17,23.574913024902344,42.637508392333984,44.04376220703125,38.81250762939453,44.04376220703125,5361538
2008-11-18,22.299760818481445,40.331260681152344,42.52500915527344,39.543758392333984,42.52500915527344,6392448
2008-11-19,21.755477905273438,39.346885681152344,41.7656364440918,38.840633392333984,40.5000114440918,5606729
2008-11-20,21.5222225189209,38.925010681152344,39.65625762939453,37.26563262939453,39.37500762939453,5080395
2008-11-21,22.890676498413086,41.40000915527344,42.69375991821289,37.68750762939453,38.67188262939453,8350092
2008-11-24,23.466060638427734,42.440635681152344,43.11563491821289,40.331260681152344,42.637508392333984,5420119
2008-11-25,22.890676498413086,41.40000915527344,43.39688491821289,41.0625114440918,42.8906364440918,5453771
2008-11-26,23.403858184814453,42.3281364440918,42.97500991821289,40.6406364440918,41.85000991821289,5246053
2008-11-27,23.403858184814453,42.3281364440918,42.3281364440918,42.3281364440918,42.3281364440918,0
2008-11-28,23.0306396484375,41.653133392333984,42.4687614440918,39.99375915527344,41.0625114440918,8464961
2008-12-01,22.844026565551758,41.315635681152344,44.10000991821289,41.14688491821289,42.4687614440918,5733003
2008-12-02,22.641868591308594,40.950008392333984,41.40000915527344,39.65625762939453,41.00625991821289,5879324
2008-12-03,23.32610511779785,42.1875114440918,42.721885681152344,40.0781364440918,41.3437614440918,6430656
2008-12-04,24.44575309753418,44.21250915527344,44.4375114440918,37.40625762939453,37.40625762939453,4648185
2008-12-05,24.150287628173828,43.67813491821289,45.78750991821289,42.215633392333984,42.215633392333984,5338962
2008-12-08,24.212491989135742,43.79063415527344,45.22500991821289,41.9062614440918,44.8593864440918,11709287
2008-12-10,23.823726654052734,43.08750915527344,45.8437614440918,42.4687614440918,45.8437614440918,11172070
2008-12-11,23.559358596801758,42.6093864440918,43.846885681152344,41.934383392333984,43.846885681152344,9867592
2008-12-12,22.828479766845703,41.28750991821289,41.7656364440918,40.387508392333984,41.56875991821289,9847702
2008-12-15,23.201692581176758,41.96250915527344,42.8906364440918,41.6250114440918,42.69375991821289,5741641
2008-12-16,24.088092803955078,43.565635681152344,44.10000991821289,39.93750762939453,42.1875114440918,9183505
2008-12-17,24.056989669799805,43.50938415527344,44.7187614440918,42.356258392333984,44.7187614440918,8720755
2008-12-18,24.772314071655273,44.80313491821289,45.2812614440918,42.52500915527344,42.52500915527344,12640018
2008-12-19,25.969722747802734,46.9687614440918,47.5312614440918,44.74688720703125,46.1250114440918,10050607
2008-12-22,25.98528480529785,46.99688720703125,47.3906364440918,45.36563491821289,45.36563491821289,6524631
2008-12-23,25.456552505493164,46.04063415527344,47.44688415527344,45.7031364440918,46.6875114440918,5151765
2008-12-24,25.021135330200195,45.253135681152344,46.659385681152344,37.96875762939453,37.96875762939453,13318746
2008-12-26,25.06778335571289,45.33750915527344,47.72813415527344,44.1562614440918,47.72813415527344,5480531
2008-12-29,25.59650993347168,46.29376220703125,46.659385681152344,44.4375114440918,45.8437614440918,3418418
2008-12-30,25.549854278564453,46.20938491821289,46.9687614440918,44.49375915527344,46.18125915527344,4868199
2008-12-31,25.860870361328125,46.77188491821289,47.47500991821289,45.73126220703125,47.47500991821289,4396180
2009-01-02,26.23409080505371,47.44688415527344,48.2343864440918,46.5468864440918,48.2343864440918,3976548
2009-01-05,25.643156051635742,46.378135681152344,48.2343864440918,45.78750991821289,48.2343864440918,4505326
2009-01-06,25.456552505493164,46.04063415527344,48.1500129699707,45.2812614440918,48.1500129699707,3969700
2009-01-07,24.11918830871582,43.621883392333984,47.643760681152344,40.86563491821289,47.643760681152344,12109220
2009-01-09,23.994781494140625,43.39688491821289,47.2500114440918,41.231258392333984,47.2500114440918,5272587
2009-01-12,23.357206344604492,42.24375915527344,44.4375114440918,40.55625915527344,44.4375114440918,6595708
2009-01-13,23.01508903503418,41.6250114440918,42.721885681152344,41.00625991821289,42.1875114440918,4104761
2009-01-14,23.061750411987305,41.70938491821289,42.41250991821289,40.55625915527344,42.41250991821289,2777281
2009-01-15,22.719621658325195,41.090633392333984,41.70938491821289,40.2187614440918,41.3437614440918,3693599
2009-01-16,23.434961318969727,42.38438415527344,43.003135681152344,40.7812614440918,42.52500915527344,2131503
2009-01-19,24.33688735961914,44.0156364440918,44.38125991821289,42.215633392333984,43.53750991821289,2587926
2009-01-20,27.05828285217285,48.9375114440918,50.0625114440918,42.1875114440918,44.07188415527344,19101726
2009-01-21,25.25438690185547,45.675010681152344,50.006263732910156,45.05625915527344,50.006263732910156,11311625
2009-01-22,26.451793670654297,47.84063720703125,48.487510681152344,45.112510681152344,47.13751220703125,10535551
2009-01-23,26.825021743774414,48.5156364440918,49.10626220703125,46.35000991821289,48.628135681152344,7005930
2009-01-27,27.69585609436035,50.09063720703125,50.7656364440918,46.6875114440918,48.3750114440918,8487928
2009-01-28,28.317880630493164,51.21563720703125,51.4687614440918,49.5000114440918,51.131263732910156,6636133
2009-01-29,28.131282806396484,50.878135681152344,52.256263732910156,48.96563720703125,52.256263732910156,13844487
2009-01-30,27.447050094604492,49.6406364440918,50.034385681152344,48.3750114440918,50.006263732910156,4578388
2009-02-02,26.000831604003906,47.02500915527344,50.0625114440918,46.35000991821289,49.5000114440918,6678800
2009-02-03,26.420696258544922,47.784385681152344,48.9375114440918,43.08750915527344,43.08750915527344,6591337
2009-02-04,26.82740592956543,48.2343864440918,50.4000129699707,46.18125915527344,49.2187614440918,7225484
2009-02-05,26.670991897583008,47.9531364440918,49.2187614440918,47.47500991821289,47.8125114440918,3622655
2009-02-06,27.030771255493164,48.600013732910156,49.190635681152344,48.0937614440918,48.346885681152344,2228530
2009-02-09,27.046409606933594,48.628135681152344,50.51251220703125,47.362510681152344,50.51251220703125,3190528
2009-02-10,26.999479293823242,48.54376220703125,49.584388732910156,47.643760681152344,49.331260681152344,3258153
2009-02-11,27.062049865722656,48.6562614440918,48.9375114440918,46.9687614440918,48.3750114440918,1899711
2009-02-12,28.376039505004883,51.018760681152344,51.581260681152344,48.0937614440918,48.628135681152344,8517373
2009-02-13,29.34590721130371,52.76251220703125,53.2968864440918,51.7500114440918,52.0312614440918,9331167
2009-02-16,27.984970092773438,50.315635681152344,53.662513732910156,49.584388732910156,53.662513732910156,3238379
2009-02-17,26.74919891357422,48.0937614440918,50.2593879699707,47.84063720703125,50.2593879699707,2684742
2009-02-18,27.48440933227539,49.4156379699707,50.006263732910156,46.71563720703125,48.0937614440918,4576718
2009-02-19,27.578266143798828,49.584388732910156,50.6250114440918,48.8531379699707,49.5000114440918,5072418
2009-02-20,26.999479293823242,48.54376220703125,49.331260681152344,47.9531364440918,48.9375114440918,3336292
2009-02-24,28.72018814086914,51.63751220703125,52.14376449584961,46.1250114440918,48.7125129699707,9913081
2009-02-25,28.641971588134766,51.49688720703125,53.97188949584961,50.9625129699707,52.20001220703125,7821109
2009-02-26,29.064334869384766,52.256263732910156,52.537513732910156,50.37188720703125,51.721885681152344,9451371
2009-02-27,30.315757751464844,54.506263732910156,56.53126525878906,51.2437629699707,51.4687614440918,35406885
2009-03-02,28.907896041870117,51.975013732910156,53.18438720703125,51.2437629699707,51.7500114440918,9682882
2009-03-03,27.87548065185547,50.1187629699707,52.5937614440918,49.7812614440918,52.256263732910156,6218930
2009-03-04,28.641971588134766,51.49688720703125,52.00313949584961,50.3437614440918,51.07501220703125,6597422
2009-03-05,28.68890380859375,51.581260681152344,52.2281379699707,50.79376220703125,52.2281379699707,6109769
2009-03-06,28.954833984375,52.05938720703125,52.256263732910156,50.6250114440918,50.79376220703125,3962742
2009-03-09,28.454269409179688,51.159385681152344,52.3125114440918,50.6812629699707,52.3125114440918,2964226
2009-03-12,29.28333282470703,52.6500129699707,53.12813949584961,51.2437629699707,52.84688949584961,6091612
2009-03-13,29.690046310424805,53.381263732910156,53.7187614440918,52.0875129699707,53.4375114440918,6329765
2009-03-16,30.002897262573242,53.943763732910156,54.3375129699707,52.1718864440918,53.7187614440918,8232474
2009-03-17,30.128049850463867,54.16876220703125,55.01251220703125,53.4937629699707,54.30938720703125,4981205
2009-03-18,29.909038543701172,53.7750129699707,55.3218879699707,48.3750114440918,48.3750114440918,4007849
2009-03-19,30.096757888793945,54.11251449584961,54.4218864440918,51.7500114440918,51.7500114440918,3286397
2009-03-20,30.221900939941406,54.3375129699707,54.7593879699707,53.46563720703125,53.97188949584961,3154546
2009-03-23,30.722471237182617,55.23751449584961,55.6875114440918,53.88751220703125,53.97188949584961,7034396
2009-03-24,30.785043716430664,55.350013732910156,56.334388732910156,54.5625114440918,55.9687614440918,7551877
2009-03-25,30.362689971923828,54.59063720703125,55.6875114440918,53.803138732910156,54.87188720703125,5666796
2009-03-26,30.112401962280273,54.1406364440918,56.22188949584961,53.04376220703125,56.22188949584961,9588411
2009-03-27,29.580543518066406,53.18438720703125,54.8437614440918,52.70626449584961,54.8437614440918,6291705
2009-03-30,29.580543518066406,53.18438720703125,54.39376449584961,49.2187614440918,54.39376449584961,4842258
2009-03-31,29.909038543701172,53.7750129699707,55.01251220703125,50.65313720703125,55.01251220703125,7683950
2009-04-01,28.767114639282227,51.721885681152344,56.193763732910156,51.4687614440918,56.193763732910156,7321541
2009-04-02,29.28333282470703,52.6500129699707,53.4375114440918,52.115638732910156,52.818763732910156,9185217
2009-04-06,28.939197540283203,52.0312614440918,53.6343879699707,51.6656379699707,52.8750114440918,6958026
2009-04-08,30.472179412841797,54.787513732910156,55.51876449584961,50.3437614440918,51.4687614440918,16888845
2009-04-09,30.01854133605957,53.97188949584961,56.756263732910156,53.5781364440918,55.9687614440918,7959989
2009-04-13,29.611833572387695,53.240638732910156,54.8437614440918,52.4531364440918,54.2812614440918,6786405
2009-04-15,30.378328323364258,54.6187629699707,54.9843864440918,52.8750114440918,52.8750114440918,9517190
2009-04-16,29.596179962158203,53.2125129699707,55.57501220703125,52.7343864440918,55.350013732910156,16019178
2009-04-17,30.503475189208984,54.8437614440918,57.1500129699707,52.9312629699707,54.45001220703125,24728264
2009-04-20,31.880043029785156,57.318763732910156,58.443763732910156,53.74688720703125,56.756263732910156,20235831
2009-04-21,31.285612106323242,56.25001525878906,57.51564025878906,55.7437629699707,57.037513732910156,8757532
2009-04-22,30.23754119873047,54.365638732910156,57.600013732910156,53.5781364440918,57.600013732910156,10270548
2009-04-23,31.30125617980957,56.27813720703125,56.7281379699707,53.46563720703125,54.81563949584961,7645123
2009-04-24,31.30125617980957,56.27813720703125,57.1500129699707,55.1812629699707,57.037513732910156,4953362
2009-04-27,30.26882553100586,54.4218864440918,56.25001525878906,54.02813720703125,56.25001525878906,6298942
2009-04-28,28.782760620117188,51.7500114440918,55.631263732910156,51.4687614440918,55.0406379699707,8020828
2009-04-29,28.97047996520996,52.0875129699707,53.1562614440918,51.300010681152344,52.818763732910156,10317407
2009-04-30,28.97047996520996,52.0875129699707,52.0875129699707,52.0875129699707,52.0875129699707,0
2009-05-04,29.424114227294922,52.90313720703125,53.943763732910156,52.62188720703125,53.3531379699707,6346688
2009-05-05,30.01854133605957,53.97188949584961,54.5625114440918,52.5937614440918,53.4375114440918,10754066
2009-05-06,30.143692016601562,54.1968879699707,55.4625129699707,53.5781364440918,54.53438949584961,8162872
2009-05-07,30.378328323364258,54.6187629699707,55.068763732910156,53.7187614440918,54.5625114440918,6552316
2009-05-08,30.456546783447266,54.7593879699707,56.81251525878906,53.7750129699707,54.5625114440918,16052278
2009-05-11,30.456546783447266,54.7593879699707,56.22188949584961,54.39376449584961,54.6187629699707,8177989
2009-05-12,31.661041259765625,56.92501449584961,57.178138732910156,54.084388732910156,55.29376220703125,9045014
2009-05-13,31.035324096679688,55.80001449584961,57.62813949584961,55.2656364440918,57.37501525878906,8210662
2009-05-14,31.08225440979004,55.8843879699707,57.09376525878906,54.4218864440918,56.193763732910156,7465672
2009-05-15,31.58282470703125,56.78438949584961,57.318763732910156,55.85626220703125,55.9687614440918,5990389
2009-05-18,36.61980438232422,65.84063720703125,67.50001525878906,60.80626678466797,64.12501525878906,170650
2009-05-19,36.93266677856445,66.40313720703125,69.69376373291016,60.18751525878906,64.12501525878906,19037417
2009-05-20,37.16730499267578,66.82501220703125,73.12501525878906,63.00001525878906,69.18751525878906,10704619
2009-05-21,36.74495315551758,66.06564331054688,69.75001525878906,65.55938720703125,67.44376373291016,11495294
2009-05-22,37.13601303100586,66.76876831054688,69.07501983642578,65.53126525878906,66.88126373291016,8524108
2009-05-25,36.47902297973633,65.58751678466797,67.50001525878906,64.80001831054688,67.47189331054688,5914983
2009-05-26,33.71024703979492,60.60939025878906,66.17813873291016,59.287513732910156,66.09376525878906,11328948
2009-05-27,34.320316314697266,61.70626449584961,64.12501525878906,60.60939025878906,61.87501525878906,9833643
2009-05-28,35.03988265991211,63.00001525878906,64.06876373291016,60.271888732910156,63.00001525878906,18047010
2009-05-29,35.96281051635742,64.65939331054688,65.25001525878906,63.309391021728516,64.12501525878906,12795881
2009-06-01,37.57402038574219,67.55626678466797,67.95001220703125,64.29376220703125,66.31876373291016,13519274
2009-06-02,37.24551773071289,66.96563720703125,69.58126831054688,65.36251831054688,68.06251525878906,10664555
2009-06-03,39.294734954833984,70.65001678466797,71.15626525878906,66.37501525878906,68.06251525878906,19445390
2009-06-04,39.263431549072266,70.59376525878906,71.38126373291016,68.45626831054688,71.15626525878906,11373782
2009-06-05,39.12265396118164,70.34064483642578,72.28126525878906,69.10314178466797,71.38126373291016,13240784
2009-06-08,37.83994674682617,68.03439331054688,71.57814025878906,66.74063873291016,70.31251525878906,8283946
2009-06-09,37.87124252319336,68.09064483642578,68.87814331054688,65.44689178466797,67.89376831054688,6301719
2009-06-10,38.26229476928711,68.79376983642578,70.70626831054688,67.83751678466797,70.70626831054688,5514227
2009-06-11,38.35615921020508,68.96251678466797,70.59376525878906,68.17501831054688,70.28439331054688,8425194
2009-06-12,37.933799743652344,68.20314025878906,69.86251831054688,66.43126678466797,69.18751525878906,8819990
2009-06-15,38.15279769897461,68.59689331054688,69.58126831054688,66.65626525878906,69.58126831054688,6088490
2009-06-16,38.43437194824219,69.10314178466797,69.60939025878906,66.51564025878906,69.07501983642578,5235173
2009-06-17,37.24551773071289,66.96563720703125,70.76251983642578,65.86876678466797,70.76251983642578,8548532
2009-06-18,34.242103576660156,61.56563949584961,67.21876525878906,60.58126449584961,66.93751525878906,15756310
2009-06-19,33.804107666015625,60.778141021728516,63.53438949584961,58.61251449584961,63.53438949584961,11260656
2009-06-22,33.272239685058594,59.8218879699707,61.537513732910156,59.06251525878906,60.75001525878906,11032509
2009-06-23,33.58510208129883,60.38439178466797,61.256263732910156,58.07814025878906,58.50001525878906,9061729
2009-06-24,33.64767837524414,60.496891021728516,62.325016021728516,59.76564025878906,62.325016021728516,12156270
2009-06-25,33.491241455078125,60.215641021728516,62.12813949584961,59.37188720703125,61.31251525878906,22858397
2009-06-26,34.68010330200195,62.35314178466797,62.71876525878906,59.65313720703125,61.818763732910156,16833106
2009-06-29,34.8678092956543,62.69063949584961,64.15313720703125,62.15626525878906,64.15313720703125,16727201
2009-06-30,34.226463317871094,61.537513732910156,63.81563949584961,60.637516021728516,63.00001525878906,10678356
2009-07-01,33.47560119628906,60.18751525878906,62.043766021728516,59.06251525878906,61.621891021728516,9694486
2009-07-02,34.44546890258789,61.93126678466797,62.35314178466797,60.04689025878906,62.35314178466797,11593296
2009-07-03,35.33709716796875,63.53438949584961,63.98439025878906,60.32814025878906,61.56563949584961,14320723
2009-07-06,32.42753982543945,58.303138732910156,66.09376525878906,57.65626525878906,64.57501220703125,16536927
2009-07-07,32.709110260009766,58.80938720703125,61.256263732910156,57.93751525878906,61.256263732910156,6256398
2009-07-08,31.880043029785156,57.318763732910156,58.443763732910156,55.51876449584961,58.443763732910156,9995092
2009-07-09,32.19289779663086,57.881263732910156,58.61251449584961,56.36251449584961,57.65626525878906,5766023
2009-07-10,32.11466979980469,57.740638732910156,59.850013732910156,56.8687629699707,58.21876525878906,4813799
2009-07-13,32.255462646484375,57.9937629699707,59.23126220703125,55.8281364440918,58.21876525878906,6649724
2009-07-14,33.788455963134766,60.75001525878906,61.256263732910156,58.303138732910156,58.92189025878906,6681312
2009-07-15,34.74266815185547,62.465641021728516,62.83126449584961,60.86251449584961,61.59376525878906,5318107
2009-07-16,34.68010330200195,62.35314178466797,64.35001373291016,60.75001525878906,64.35001373291016,6733724
2009-07-17,34.94602584838867,62.83126449584961,63.450016021728516,61.93126678466797,63.450016021728516,4714999
2009-07-20,35.02423095703125,62.97188949584961,64.12501525878906,62.325016021728516,63.028141021728516,3204852
2009-07-21,34.476741790771484,61.98751449584961,63.39376449584961,61.03126525878906,63.39376449584961,3387311
2009-07-22,34.05438995361328,61.22814178466797,63.39376449584961,60.52501678466797,62.15626525878906,4155805
2009-07-23,35.54044723510742,63.90001678466797,64.51876831054688,61.36876678466797,63.225013732910156,7225701
2009-07-24,35.36838150024414,63.590641021728516,65.50314331054688,63.084388732910156,65.50314331054688,3938895
2009-07-27,35.86894989013672,64.49063873291016,65.19376373291016,63.28126525878906,65.19376373291016,5271010
2009-07-28,36.38516616821289,65.41876220703125,65.81251525878906,64.18126678466797,65.64376831054688,5714377
2009-07-29,36.72932052612305,66.03751373291016,66.37501525878906,63.450016021728516,66.31876373291016,8829709
2009-07-30,37.24551773071289,66.96563720703125,67.86563873291016,66.20626831054688,66.43126678466797,17110331
2009-07-31,36.72932052612305,66.03751373291016,68.20314025878906,65.70001220703125,67.44376373291016,5752956
2009-08-03,36.698020935058594,65.98126220703125,67.07814025878906,65.70001220703125,66.71251678466797,3665243
2009-08-04,36.2600212097168,65.19376373291016,67.41564178466797,64.96876525878906,67.41564178466797,3621563
2009-08-05,35.93152618408203,64.60314178466797,65.53126525878906,63.56251525878906,65.53126525878906,4774621
2009-08-06,35.21194839477539,63.309391021728516,65.13751220703125,62.83126449584961,64.35001373291016,7103528
2009-08-07,35.290157318115234,63.450016021728516,64.40626525878906,62.521888732910156,63.00001525878906,3574790
2009-08-10,34.61751937866211,62.240638732910156,64.57501220703125,61.73439025878906,64.06876373291016,2330557
2009-08-11,34.8365364074707,62.63439178466797,63.33751678466797,61.45314025878906,63.33751678466797,2647345
2009-08-12,34.38288497924805,61.818763732910156,62.63439178466797,59.06251525878906,59.06251525878906,3169220
2009-08-13,34.961673736572266,62.85939025878906,63.506263732910156,62.21251678466797,63.506263732910156,3372052
2009-08-14,35.00858688354492,62.943763732910156,64.12501525878906,62.43751525878906,62.43751525878906,5692114
2009-08-17,33.30353927612305,59.87813949584961,62.662513732910156,59.568763732910156,61.87501525878906,7525848
2009-08-18,34.023101806640625,61.17189025878906,61.31251525878906,59.06251525878906,60.01876449584961,3831268
2009-08-19,33.194034576416016,59.6812629699707,61.84688949584961,59.48439025878906,61.73439025878906,2016070
2009-08-20,33.52253723144531,60.271888732910156,60.72188949584961,59.90626525878906,60.412513732910156,1291386
2009-08-21,33.91617202758789,60.58126449584961,60.80626678466797,59.09063720703125,60.18751525878906,2476248
2009-08-24,34.2153434753418,61.115638732910156,61.50939178466797,60.58126449584961,61.256263732910156,3720905
2009-08-25,34.62471389770508,61.84688949584961,62.381263732910156,61.17189025878906,61.818763732910156,5644025
2009-08-26,34.4672737121582,61.56563949584961,62.662513732910156,61.03126525878906,61.87501525878906,4450635
2009-08-27,34.026405334472656,60.778141021728516,62.12813949584961,60.412513732910156,61.56563949584961,7528977
2009-08-28,33.88468933105469,60.52501678466797,61.50939178466797,59.850013732910156,61.200016021728516,4498782
2009-08-31,33.88468933105469,60.52501678466797,60.86251449584961,59.73751449584961,60.131263732910156,5347897
2009-09-01,33.55401611328125,59.93438720703125,61.03126525878906,59.45626449584961,60.693763732910156,4467549
2009-09-02,33.97915267944336,60.693763732910156,60.86251449584961,59.34376525878906,59.62501525878906,3513954
2009-09-03,33.49103546142578,59.8218879699707,61.31251525878906,59.34376525878906,61.31251525878906,5440841
2009-09-04,33.74297332763672,60.271888732910156,60.412513732910156,58.92189025878906,59.9625129699707,3523284
2009-09-07,33.69573974609375,60.18751525878906,61.396888732910156,59.9625129699707,61.256263732910156,4931172
2009-09-08,34.026405334472656,60.778141021728516,61.481266021728516,60.496891021728516,60.553138732910156,4162308
2009-09-09,33.207618713378906,59.31563949584961,60.75001525878906,59.06251525878906,60.75001525878906,8053306
2009-09-10,33.82169723510742,60.412513732910156,61.115638732910156,59.709388732910156,60.075016021728516,7355612
2009-09-11,34.07362365722656,60.86251449584961,61.200016021728516,59.990638732910156,60.86251449584961,4466196
2009-09-14,34.01064682006836,60.75001525878906,60.975013732910156,60.18751525878906,60.46876525878906,2292939
2009-09-15,33.79020690917969,60.356266021728516,61.17189025878906,60.075016021728516,61.08751678466797,6351632
2009-09-16,33.94767379760742,60.637516021728516,61.22814178466797,60.01876449584961,60.80626678466797,7262510
2009-09-17,34.026405334472656,60.778141021728516,61.115638732910156,60.215641021728516,61.00313949584961,4533815
2009-09-18,33.963409423828125,60.66564178466797,60.89064025878906,60.24376678466797,60.24376678466797,3807983
2009-09-22,34.01064682006836,60.75001525878906,61.200016021728516,60.58126449584961,60.75001525878906,3732519
2009-09-23,34.67197799682617,61.93126678466797,62.887516021728516,60.918766021728516,61.08751678466797,10885467
2009-09-24,35.081356048583984,62.662513732910156,63.75939178466797,61.818763732910156,62.43751525878906,10152395
2009-09-25,35.04985809326172,62.606266021728516,63.39376449584961,62.15626525878906,62.43751525878906,5754133
2009-09-29,34.93964767456055,62.40938949584961,63.731266021728516,62.15626525878906,63.56251525878906,3351144
2009-09-30,34.62471389770508,61.84688949584961,63.225013732910156,61.65001678466797,62.55001449584961,5591598
2009-10-01,34.54600524902344,61.70626449584961,62.43751525878906,61.50939178466797,61.93126678466797,4613924
2009-10-05,34.29407501220703,61.256263732910156,61.621891021728516,60.834388732910156,61.256263732910156,3847231
2009-10-06,34.48301315307617,61.59376525878906,61.818763732910156,60.32814025878906,61.678138732910156,2883224
2009-10-07,34.26258850097656,61.200016021728516,62.100013732910156,60.89064025878906,61.87501525878906,3492297
2009-10-08,33.97915267944336,60.693763732910156,61.537513732910156,60.52501678466797,61.31251525878906,6173266
2009-10-09,33.963409423828125,60.66564178466797,61.200016021728516,60.215641021728516,61.03126525878906,4193022
2009-10-12,34.10511779785156,60.918766021728516,61.17189025878906,60.553138732910156,60.75001525878906,1800379
2009-10-13,34.10511779785156,60.918766021728516,60.918766021728516,60.918766021728516,60.918766021728516,0
2009-10-14,35.002620697021484,62.521888732910156,63.00001525878906,60.94689178466797,61.481266021728516,6809859
2009-10-15,35.412010192871094,63.25313949584961,64.12501525878906,62.521888732910156,62.521888732910156,7572106
2009-10-16,35.270301818847656,63.00001525878906,63.84376525878906,62.746891021728516,63.56251525878906,3312168
2009-10-20,35.22307205200195,62.91564178466797,63.95626449584961,62.49376678466797,62.71876525878906,3209019
2009-10-21,35.081356048583984,62.662513732910156,63.39376449584961,62.26876449584961,62.887516021728516,1976113
2009-10-22,34.3570442199707,61.36876678466797,62.662513732910156,56.81251525878906,62.15626525878906,2682882
2009-10-23,34.734947204589844,62.043766021728516,62.15626525878906,61.31251525878906,61.87501525878906,1979627
2009-10-26,34.62471389770508,61.84688949584961,62.43751525878906,61.14376449584961,61.59376525878906,1820035
2009-10-27,34.3570442199707,61.36876678466797,62.01564025878906,61.059391021728516,61.256263732910156,4096925
2009-10-28,33.88468933105469,60.52501678466797,61.31251525878906,59.73751449584961,61.31251525878906,1873167
2009-10-29,33.317840576171875,59.51251220703125,61.28438949584961,59.06251525878906,59.6812629699707,4457277
2009-10-30,32.861202239990234,58.6968879699707,60.693763732910156,57.9937629699707,60.693763732910156,2912146
2009-11-03,32.24713134765625,57.600013732910156,59.428138732910156,57.20626449584961,58.21876525878906,3200653
2009-11-04,32.8927116394043,58.75313949584961,59.006263732910156,56.41876220703125,58.303138732910156,2690289
2009-11-05,33.55401611328125,59.93438720703125,60.18751525878906,57.62813949584961,58.64064025878906,2975233
2009-11-06,33.601261138916016,60.01876449584961,60.94689178466797,59.73751449584961,60.693763732910156,2665782
2009-11-09,33.80595779418945,60.38439178466797,60.60939025878906,59.09063720703125,60.553138732910156,1222652
2009-11-10,33.1288948059082,59.17501449584961,60.75001525878906,58.78126525878906,60.75001525878906,2700520
2009-11-11,34.183841705322266,61.059391021728516,61.28438949584961,59.06251525878906,59.5406379699707,3211200
2009-11-12,33.49103546142578,59.8218879699707,61.93126678466797,59.37188720703125,61.93126678466797,7034805
2009-11-13,32.987186431884766,58.92189025878906,60.32814025878906,58.5562629699707,59.90626525878906,5050823
2009-11-16,33.050167083740234,59.03438949584961,60.10314178466797,58.5562629699707,59.62501525878906,6037955
2009-11-17,33.034423828125,59.006263732910156,59.287513732910156,58.35939025878906,59.287513732910156,4578478
2009-11-18,32.8927116394043,58.75313949584961,59.51251220703125,58.52813720703125,59.06251525878906,3519599
2009-11-19,32.939937591552734,58.8375129699707,59.34376525878906,58.5562629699707,58.95001220703125,3934390
2009-11-20,33.632755279541016,60.075016021728516,60.30001449584961,58.89376449584961,59.1187629699707,4677765
2009-11-23,33.443809509277344,59.73751449584961,60.30001449584961,59.287513732910156,60.18751525878906,2821321
2009-11-24,32.70375442504883,58.4156379699707,59.90626525878906,58.24688720703125,59.90626525878906,5439086
2009-11-25,32.9714241027832,58.89376449584961,58.9781379699707,58.38751220703125,58.50001525878906,1865683
2009-11-26,32.46757125854492,57.9937629699707,58.89376449584961,57.7125129699707,58.443763732910156,5780245
2009-11-27,32.16840744018555,57.459388732910156,58.21876525878906,56.475013732910156,57.881263732910156,7226035
2009-11-30,31.428348541259766,56.13751220703125,58.35939025878906,53.46563720703125,57.93751525878906,34539390
2009-12-01,32.27862548828125,57.65626525878906,58.162513732910156,56.25001525878906,57.37501525878906,9492411
2009-12-02,32.45181655883789,57.96563720703125,58.33126449584961,57.26251220703125,57.7125129699707,4964876
2009-12-03,32.46757125854492,57.9937629699707,58.38751220703125,57.8531379699707,58.05001449584961,3578736
2009-12-04,32.67226791381836,58.35939025878906,58.725013732910156,57.51564025878906,57.65626525878906,3567645
2009-12-07,32.593536376953125,58.21876525878906,58.61251449584961,58.162513732910156,58.47188949584961,4545289
2009-12-08,32.9714241027832,58.89376449584961,59.20314025878906,58.05001449584961,58.38751220703125,4206166
2009-12-09,32.750999450683594,58.50001525878906,59.287513732910156,58.38751220703125,58.8375129699707,3096689
2009-12-10,33.22336959838867,59.34376525878906,59.73751449584961,58.50001525878906,58.50001525878906,3347394
2009-12-11,33.1131477355957,59.146888732910156,60.04689025878906,58.92189025878906,59.62501525878906,2530102
2009-12-14,33.050167083740234,59.03438949584961,59.48439025878906,58.80938720703125,59.06251525878906,1458861
2009-12-15,33.050167083740234,59.03438949584961,59.34376525878906,58.61251449584961,59.146888732910156,2359025
2009-12-16,32.924198150634766,58.80938720703125,59.17501449584961,58.24688720703125,58.78126525878906,3602393
2009-12-17,32.95568084716797,58.865638732910156,59.568763732910156,58.6968879699707,59.568763732910156,1264927
2009-12-18,32.924198150634766,58.80938720703125,59.20314025878906,58.2750129699707,58.80938720703125,1671508
2009-12-21,32.924198150634766,58.80938720703125,59.006263732910156,58.38751220703125,58.52813720703125,1309866
2009-12-22,33.53827667236328,59.90626525878906,60.412513732910156,58.52813720703125,58.865638732910156,3246132
2009-12-23,34.49876022338867,61.621891021728516,62.12813949584961,60.075016021728516,60.18751525878906,9531688
2009-12-24,34.26258850097656,61.200016021728516,62.57814025878906,60.778141021728516,61.59376525878906,3529789
2009-12-29,34.54600524902344,61.70626449584961,62.63439178466797,61.42501449584961,61.73439025878906,3582130
2009-12-30,34.2783317565918,61.22814178466797,62.15626525878906,61.059391021728516,61.59376525878906,1887030
2009-12-31,34.687713623046875,61.959388732910156,63.506263732910156,61.45314025878906,61.70626449584961,8785123
2010-01-04,35.396270751953125,63.225013732910156,63.646888732910156,61.93126678466797,61.98751449584961,4353415
2010-01-05,35.50648498535156,63.42189025878906,64.35001373291016,63.14064025878906,63.56251525878906,4374738
2010-01-06,35.758419036865234,63.871891021728516,64.35001373291016,63.56251525878906,63.90001678466797,5549959
2010-01-07,36.073333740234375,64.43438720703125,64.82814025878906,63.39376449584961,64.06876373291016,4535147
2010-01-08,36.167808532714844,64.60314178466797,65.13751220703125,64.15313720703125,64.74376678466797,3809958
2010-01-11,36.34176254272461,64.63126373291016,65.39064025878906,64.46251678466797,65.25001525878906,3041300
2010-01-12,35.81988525390625,63.70314025878906,64.96876525878906,63.450016021728516,64.23751831054688,2569224
2010-01-13,36.357582092285156,64.65939331054688,64.96876525878906,62.887516021728516,63.70314025878906,3322262
2010-01-14,37.11668395996094,66.00939178466797,66.65626525878906,64.71563720703125,64.96876525878906,6747297
2010-01-15,37.527862548828125,66.74063873291016,68.31564331054688,66.00939178466797,66.57189178466797,11273753
2010-01-18,37.19575119018555,66.15001678466797,67.50001525878906,65.86876678466797,66.79689025878906,4085821
2010-01-19,36.76874542236328,65.39064025878906,66.88126373291016,65.05313873291016,66.09376525878906,4992784
2010-01-20,36.974334716796875,65.75626373291016,66.34689331054688,65.19376373291016,65.39064025878906,3697700
2010-01-21,35.94640350341797,63.928138732910156,66.06564331054688,63.590641021728516,65.53126525878906,3555527
2010-01-22,36.15198516845703,64.29376220703125,64.65939331054688,61.73439025878906,61.87501525878906,4943166
2010-01-25,36.46828842163086,64.85626220703125,65.81251525878906,63.028141021728516,64.29376220703125,2912852
2010-01-27,35.83570098876953,63.731266021728516,66.03751373291016,63.11251449584961,64.85626220703125,8252922
2010-01-28,36.02548599243164,64.06876373291016,66.34689331054688,60.918766021728516,65.19376373291016,11600411
2010-01-29,35.64592742919922,63.39376449584961,63.95626449584961,62.465641021728516,63.506263732910156,3996285
2010-02-01,35.72499465942383,63.53438949584961,63.928138732910156,63.00001525878906,63.14064025878906,2078776
2010-02-02,35.962223052978516,63.95626449584961,64.96876525878906,63.28126525878906,63.787513732910156,3466800
2010-02-03,35.72499465942383,63.53438949584961,64.26564025878906,63.28126525878906,64.12501525878906,2006355
2010-02-04,35.42452621459961,63.00001525878906,64.26564025878906,62.83126449584961,63.28126525878906,2254939
2010-02-05,33.96957778930664,60.412513732910156,62.43751525878906,60.18751525878906,62.21251678466797,4391981
2010-02-08,34.3175048828125,61.03126525878906,61.28438949584961,60.075016021728516,61.03126525878906,1831316
2010-02-09,34.19099426269531,60.80626678466797,61.31251525878906,60.496891021728516,60.80626678466797,1113258
2010-02-10,33.93796157836914,60.356266021728516,61.115638732910156,60.215641021728516,61.03126525878906,1023345
2010-02-11,33.858882904052734,60.215641021728516,60.89064025878906,60.15938949584961,60.46876525878906,640478
2010-02-15,33.178863525390625,59.006263732910156,61.03126525878906,58.95001220703125,60.356266021728516,1575236
2010-02-16,33.76399230957031,60.04689025878906,60.46876525878906,58.95001220703125,59.06251525878906,1192982
2010-02-17,33.87470626831055,60.24376678466797,60.60939025878906,60.01876449584961,60.46876525878906,989784
2010-02-18,34.2067985534668,60.834388732910156,61.56563949584961,59.73751449584961,60.32814025878906,1713670
2010-02-19,33.89051055908203,60.271888732910156,60.834388732910156,59.90626525878906,60.834388732910156,1267093
2010-02-22,33.843074798583984,60.18751525878906,60.94689178466797,60.04689025878906,60.412513732910156,835164
2010-02-23,33.716552734375,59.9625129699707,60.30001449584961,59.65313720703125,60.18751525878906,801182
2010-02-24,33.60585021972656,59.76564025878906,60.131263732910156,59.428138732910156,59.73751449584961,906081
2010-02-25,33.66911315917969,59.87813949584961,60.18751525878906,59.1187629699707,60.18751525878906,1650113
2010-02-26,34.01702880859375,60.496891021728516,61.256263732910156,59.62501525878906,60.18751525878906,1548385
2010-03-02,34.01702880859375,60.496891021728516,61.59376525878906,60.18751525878906,60.52501678466797,780476
2010-03-03,34.38076400756836,61.14376449584961,61.31251525878906,59.93438720703125,59.93438720703125,1578097
2010-03-04,34.41240310668945,61.200016021728516,61.59376525878906,60.918766021728516,61.31251525878906,1157814
2010-03-05,34.23843002319336,60.89064025878906,61.678138732910156,60.75001525878906,61.31251525878906,766252
2010-03-08,34.807762145996094,61.903141021728516,62.26876449584961,61.03126525878906,61.31251525878906,1998979
2010-03-09,34.41240310668945,61.200016021728516,62.100013732910156,61.03126525878906,61.87501525878906,1368556
2010-03-10,34.50727462768555,61.36876678466797,61.70626449584961,60.834388732910156,61.256263732910156,1572349
2010-03-11,33.779815673828125,60.075016021728516,61.98751449584961,59.6812629699707,61.31251525878906,4256779
2010-03-12,33.62166213989258,59.79376220703125,60.412513732910156,59.37188720703125,59.65313720703125,7813231
2010-03-15,33.099788665771484,58.865638732910156,59.90626525878906,58.61251449584961,59.90626525878906,2420100
2010-03-16,33.194671630859375,59.03438949584961,59.20314025878906,58.24688720703125,58.52813720703125,1690093
2010-03-17,33.63747024536133,59.8218879699707,60.10314178466797,59.1187629699707,59.1187629699707,2067076
2010-03-18,33.55840301513672,59.6812629699707,60.131263732910156,57.459388732910156,59.37188720703125,2257266
2010-03-19,34.222618103027344,60.86251449584961,61.45314025878906,59.4000129699707,59.62501525878906,3363560
2010-03-22,34.01702880859375,60.496891021728516,61.36876678466797,59.990638732910156,60.18751525878906,2178427
2010-03-23,34.143550872802734,60.72188949584961,61.256263732910156,60.075016021728516,60.60939025878906,1381649
2010-03-25,33.66911315917969,59.87813949584961,61.00313949584961,59.62501525878906,61.00313949584961,3128139
2010-03-26,33.76399230957031,60.04689025878906,60.46876525878906,59.5406379699707,59.93438720703125,2059990
2010-03-29,33.76399230957031,60.04689025878906,60.553138732910156,59.6812629699707,60.44063949584961,1977720
2010-03-30,33.74817657470703,60.01876449584961,60.46876525878906,59.90626525878906,60.04689025878906,1369034
2010-03-31,33.89051055908203,60.271888732910156,60.52501678466797,59.23126220703125,60.18751525878906,1719363
2010-04-01,33.73237228393555,59.990638732910156,60.52501678466797,59.90626525878906,60.46876525878906,928358
2010-04-05,34.01702880859375,60.496891021728516,60.89064025878906,60.04689025878906,60.75001525878906,1444077
2010-04-06,33.90633010864258,60.30001449584961,60.75001525878906,60.131263732910156,60.75001525878906,2818200
2010-04-07,34.96589660644531,62.184391021728516,62.43751525878906,60.24376678466797,60.24376678466797,3932498
2010-04-08,35.155677795410156,62.521888732910156,63.506263732910156,60.834388732910156,63.00001525878906,4525961
2010-04-09,34.68124008178711,61.678138732910156,62.69063949584961,61.481266021728516,62.55001449584961,2218499
2010-04-12,34.30168914794922,61.00313949584961,62.15626525878906,60.80626678466797,61.36876678466797,854787
2010-04-13,34.08028793334961,60.60939025878906,61.42501449584961,60.412513732910156,60.46876525878906,1196945
2010-04-15,34.04866027832031,60.553138732910156,61.256263732910156,60.356266021728516,61.03126525878906,1834504
2010-04-16,34.12772750854492,60.693763732910156,60.86251449584961,60.24376678466797,60.356266021728516,3410045
2010-04-19,34.01702880859375,60.496891021728516,60.693763732910156,59.90626525878906,60.412513732910156,1997149
2010-04-20,34.143550872802734,60.72188949584961,61.22814178466797,59.93438720703125,60.46876525878906,2663183
2010-04-21,34.807762145996094,61.903141021728516,62.55001449584961,60.693763732910156,60.75001525878906,4408329
2010-04-22,34.364952087402344,61.115638732910156,62.803138732910156,60.52501678466797,61.70626449584961,3257926
2010-04-23,34.68124008178711,61.678138732910156,61.87501525878906,60.975013732910156,61.31251525878906,1225052
2010-04-26,34.91846466064453,62.100013732910156,62.63439178466797,61.70626449584961,61.87501525878906,1204934
2010-04-27,35.804073333740234,63.67501449584961,64.49063873291016,61.93126678466797,62.01564025878906,11718037
2010-04-28,36.34176254272461,64.63126373291016,67.78126525878906,60.80626678466797,63.28126525878906,8993805
2010-04-29,34.934268951416016,62.12813949584961,64.06876373291016,61.65001678466797,64.06876373291016,5294606
2010-04-30,34.807762145996094,61.903141021728516,62.71876525878906,61.762516021728516,62.71876525878906,1318467
2010-05-03,34.58635330200195,61.50939178466797,61.84688949584961,61.36876678466797,61.84688949584961,1557313
2010-05-04,34.001216888427734,60.46876525878906,61.84688949584961,60.271888732910156,61.537513732910156,1045708
2010-05-05,33.92214584350586,60.32814025878906,60.58126449584961,59.73751449584961,60.18751525878906,1404451
2010-05-06,33.76399230957031,60.04689025878906,60.46876525878906,59.287513732910156,59.90626525878906,1322298
2010-05-07,33.526790618896484,59.62501525878906,60.04689025878906,59.09063720703125,59.34376525878906,5243780
2010-05-10,34.19099426269531,60.80626678466797,61.115638732910156,59.73751449584961,59.79376220703125,1121466
2010-05-11,33.76399230957031,60.04689025878906,61.256263732910156,59.87813949584961,61.256263732910156,838559
2010-05-12,33.79563522338867,60.10314178466797,60.553138732910156,59.6812629699707,60.52501678466797,1266616
2010-05-13,34.27005386352539,60.94689178466797,61.08751678466797,59.90626525878906,60.46876525878906,1612426
2010-05-14,33.60585021972656,59.76564025878906,60.975013732910156,59.34376525878906,60.32814025878906,1711958
2010-05-17,32.783504486083984,58.303138732910156,59.568763732910156,57.96563720703125,59.06251525878906,1851642
2010-05-18,32.89421463012695,58.50001525878906,59.03438949584961,57.9937629699707,59.03438949584961,1361316
2010-05-19,32.48301315307617,57.76876449584961,58.50001525878906,57.4312629699707,58.50001525878906,2450689
2010-05-20,32.92582702636719,58.5562629699707,58.8375129699707,56.95314025878906,57.51564025878906,2116627
2010-05-21,32.68860626220703,58.1343879699707,58.61251449584961,56.4468879699707,56.896888732910156,1432024
2010-05-24,32.49884796142578,57.79689025878906,58.52813720703125,57.4312629699707,58.2750129699707,3809046
2010-05-25,31.913698196411133,56.756263732910156,57.51564025878906,56.27813720703125,57.37501525878906,2621138
2010-05-26,32.64115905761719,58.05001449584961,58.50001525878906,57.600013732910156,57.881263732910156,1674436
2010-05-27,32.056034088134766,57.0093879699707,58.78126525878906,56.36251449584961,58.78126525878906,4522469
2010-05-28,32.59371566772461,57.96563720703125,58.443763732910156,57.0093879699707,57.0093879699707,1223573
2010-05-31,32.67280578613281,58.10626220703125,58.303138732910156,57.459388732910156,58.07814025878906,3962642
2010-06-01,32.91000747680664,58.52813720703125,59.06251525878906,57.8531379699707,59.06251525878906,2173677
2010-06-02,33.020721435546875,58.725013732910156,58.865638732910156,57.93751525878906,58.725013732910156,1067731
2010-06-03,33.400264739990234,59.4000129699707,59.59688949584961,58.725013732910156,59.006263732910156,855327
2010-06-04,33.44771194458008,59.48439025878906,59.709388732910156,58.95001220703125,59.62501525878906,730766
2010-06-07,33.03653335571289,58.75313949584961,59.03438949584961,57.37501525878906,58.725013732910156,1110289
2010-06-08,32.59371566772461,57.96563720703125,59.06251525878906,57.740638732910156,58.75313949584961,1369731
2010-06-09,32.40395736694336,57.62813949584961,58.4156379699707,57.459388732910156,57.96563720703125,2036943
2010-06-10,32.245811462402344,57.34688949584961,58.33126449584961,57.09376525878906,57.82501220703125,2079894
2010-06-11,32.07183837890625,57.037513732910156,57.93751525878906,56.92501449584961,57.65626525878906,1791437
2010-06-14,32.59371566772461,57.96563720703125,58.1343879699707,57.20626449584961,57.90938949584961,1700881
2010-06-15,32.67280578613281,58.10626220703125,58.21876525878906,57.65626525878906,57.9937629699707,1047592
2010-06-16,32.46720886230469,57.740638732910156,58.61251449584961,57.600013732910156,58.10626220703125,1289944
2010-06-17,32.53046798706055,57.8531379699707,58.1343879699707,57.51564025878906,57.740638732910156,662067
2010-06-18,32.53046798706055,57.8531379699707,58.443763732910156,57.318763732910156,57.7125129699707,1111519
2010-06-21,32.70442199707031,58.162513732910156,58.35939025878906,57.8531379699707,58.05001449584961,1131800
2010-06-22,32.45140075683594,57.7125129699707,58.35939025878906,57.4312629699707,58.21876525878906,1139377
2010-06-23,32.356510162353516,57.54376220703125,57.8531379699707,57.318763732910156,57.37501525878906,1355354
2010-06-24,32.08766174316406,57.06563949584961,57.82501220703125,56.81251525878906,57.4312629699707,2329371
2010-06-25,32.056034088134766,57.0093879699707,57.48751449584961,56.756263732910156,56.8687629699707,1672844
2010-06-28,32.656986236572266,58.07814025878906,58.35939025878906,57.037513732910156,57.037513732910156,2401306
2010-06-29,32.43558120727539,57.68438720703125,58.92189025878906,57.4312629699707,58.35939025878906,1542276
2010-06-30,32.92582702636719,58.5562629699707,58.78126525878906,57.1500129699707,57.37501525878906,2708253
2010-07-01,32.656986236572266,58.07814025878906,58.52813720703125,57.65626525878906,58.33126449584961,1450319
2010-07-02,32.75186538696289,58.24688720703125,58.64064025878906,57.9937629699707,58.2750129699707,1534161
2010-07-05,32.293243408203125,57.4312629699707,58.443763732910156,56.25001525878906,57.93751525878906,1409644
2010-07-06,32.27743148803711,57.40313720703125,57.62813949584961,57.26251220703125,57.4312629699707,765539
2010-07-07,32.48301315307617,57.76876449584961,58.95001220703125,57.68438720703125,57.93751525878906,4099698
2010-07-08,32.261627197265625,57.37501525878906,58.50001525878906,57.2906379699707,58.50001525878906,2147848
2010-07-09,32.245811462402344,57.34688949584961,57.76876449584961,57.178138732910156,57.65626525878906,2076435
2010-07-12,31.929515838623047,56.78438949584961,57.65626525878906,56.64376449584961,57.459388732910156,4188571
2010-07-13,31.945331573486328,56.81251525878906,57.06563949584961,56.39064025878906,56.70001220703125,3777184
2010-07-14,31.85044288635254,56.64376449584961,57.37501525878906,56.50313949584961,57.318763732910156,2928502
2010-07-15,31.86626434326172,56.67189025878906,57.178138732910156,56.55938720703125,57.09376525878906,3552196
2010-07-16,31.73973274230957,56.4468879699707,57.06563949584961,56.25001525878906,57.06563949584961,1309829
2010-07-19,31.644853591918945,56.27813720703125,57.037513732910156,55.7437629699707,55.7437629699707,3056097
2010-07-20,31.581594467163086,56.1656379699707,56.615638732910156,56.08126449584961,56.53126525878906,2241425
2010-07-21,31.597400665283203,56.193763732910156,56.4468879699707,56.0250129699707,56.4468879699707,1373142
2010-07-22,32.08766174316406,57.06563949584961,57.76876449584961,56.25001525878906,56.64376449584961,5819774
2010-07-23,31.945331573486328,56.81251525878906,57.600013732910156,56.5875129699707,57.600013732910156,1826820
2010-07-26,31.945331573486328,56.81251525878906,57.06563949584961,56.25001525878906,56.81251525878906,1879489
2010-07-27,31.992774963378906,56.896888732910156,57.26251220703125,56.334388732910156,56.334388732910156,2785906
2010-07-28,32.02440643310547,56.95314025878906,57.7125129699707,56.67189025878906,57.09376525878906,3199899
2010-07-29,31.73973274230957,56.4468879699707,57.34688949584961,56.10939025878906,56.36251449584961,2312762
2010-07-30,31.75555419921875,56.475013732910156,56.92501449584961,56.334388732910156,56.53126525878906,1285466
2010-08-02,31.803003311157227,56.55938720703125,57.037513732910156,56.41876220703125,56.81251525878906,778568
2010-08-03,31.597400665283203,56.193763732910156,56.70001220703125,56.08126449584961,56.70001220703125,1708893
2010-08-04,31.676483154296875,56.334388732910156,56.53126525878906,55.490638732910156,56.53126525878906,1886451
2010-08-05,31.249483108520508,55.57501220703125,56.70001220703125,55.4062614440918,55.99688720703125,1508701
2010-08-06,31.486703872680664,55.99688720703125,56.95314025878906,55.6875114440918,55.8281364440918,3922176
2010-08-09,32.30906295776367,57.459388732910156,57.600013732910156,56.5875129699707,56.67189025878906,3155186
2010-08-10,32.103477478027344,57.09376525878906,57.90938949584961,56.84063720703125,57.90938949584961,2033594
2010-08-11,31.676483154296875,56.334388732910156,57.1500129699707,56.25001525878906,56.81251525878906,1383082
2010-08-12,31.549968719482422,56.10939025878906,56.36251449584961,55.9687614440918,56.0250129699707,746648
2010-08-13,32.2299919128418,57.318763732910156,57.48751449584961,56.053138732910156,56.4468879699707,2838836
2010-08-16,33.30537033081055,59.23126220703125,60.46876525878906,57.600013732910156,57.600013732910156,10437835
2010-08-17,33.21049118041992,59.06251525878906,60.356266021728516,58.8375129699707,59.87813949584961,4272775
2010-08-18,32.878395080566406,58.47188949584961,59.76564025878906,57.740638732910156,59.428138732910156,2042150
2010-08-19,33.0048942565918,58.6968879699707,59.62501525878906,58.021888732910156,59.62501525878906,2150678
2010-08-20,32.64115905761719,58.05001449584961,59.1187629699707,57.93751525878906,58.78126525878906,1350531
2010-08-23,33.0048942565918,58.6968879699707,59.006263732910156,57.54376220703125,58.33126449584961,1558660
2010-08-24,32.59371566772461,57.96563720703125,59.03438949584961,57.68438720703125,59.03438949584961,1419761
2010-08-25,32.59371566772461,57.96563720703125,58.50001525878906,57.5718879699707,57.65626525878906,1708531
2010-08-26,33.35282516479492,59.31563949584961,59.73751449584961,57.93751525878906,58.443763732910156,6819779
2010-08-27,33.0048942565918,58.6968879699707,59.90626525878906,58.33126449584961,59.568763732910156,3318728
2010-08-30,34.396583557128906,61.17189025878906,61.59376525878906,59.06251525878906,59.287513732910156,12599675
2010-08-31,34.41240310668945,61.200016021728516,62.29689025878906,60.46876525878906,61.256263732910156,7251681
2010-09-01,34.222618103027344,60.86251449584961,61.70626449584961,60.356266021728516,61.200016021728516,4105554
2010-09-02,34.032840728759766,60.52501678466797,61.36876678466797,60.215641021728516,61.36876678466797,2077611
2010-09-03,34.15935516357422,60.75001525878906,61.36876678466797,60.637516021728516,60.975013732910156,2025354
2010-09-06,34.1751823425293,60.778141021728516,61.200016021728516,60.18751525878906,60.18751525878906,1657041
2010-09-07,34.06343460083008,60.01876449584961,61.03126525878906,59.76564025878906,61.03126525878906,2364772
2010-09-08,33.99958419799805,59.90626525878906,60.24376678466797,59.48439025878906,60.01876449584961,2119627
2010-09-09,33.361106872558594,58.78126525878906,60.18751525878906,58.584388732910156,60.131263732910156,4325702
2010-09-13,33.696311950683594,59.37188720703125,59.90626525878906,58.9781379699707,59.51251220703125,2223035
2010-09-14,33.53668212890625,59.09063720703125,59.8218879699707,58.80938720703125,59.1187629699707,2096762
2010-09-15,34.11133575439453,60.10314178466797,60.356266021728516,59.09063720703125,59.09063720703125,3700295
2010-09-16,33.72822189331055,59.428138732910156,60.693763732910156,59.23126220703125,60.131263732910156,1645185
2010-09-17,33.60053253173828,59.20314025878906,59.87813949584961,59.06251525878906,59.76564025878906,3999245
2010-09-20,33.72822189331055,59.428138732910156,59.76564025878906,59.287513732910156,59.51251220703125,1658444
2010-09-21,33.72822189331055,59.428138732910156,60.18751525878906,59.23126220703125,59.93438720703125,4168036
2010-09-22,33.79207992553711,59.5406379699707,60.075016021728516,59.23126220703125,59.48439025878906,2530696
2010-09-23,33.53668212890625,59.09063720703125,59.76564025878906,58.89376449584961,59.4000129699707,1296047
2010-09-24,33.696311950683594,59.37188720703125,59.51251220703125,58.75313949584961,59.09063720703125,2212027
2010-09-27,33.79207992553711,59.5406379699707,60.24376678466797,59.23126220703125,60.24376678466797,1731020
2010-09-28,34.127288818359375,60.131263732910156,60.271888732910156,59.4000129699707,59.62501525878906,3076594
2010-09-29,34.685970306396484,61.115638732910156,62.12813949584961,60.24376678466797,60.24376678466797,11684464
2010-09-30,33.99958419799805,59.90626525878906,61.762516021728516,59.709388732910156,61.200016021728516,5236368
2010-10-01,34.63808059692383,61.03126525878906,61.45314025878906,60.131263732910156,60.131263732910156,3875195
2010-10-04,35.02117919921875,61.70626449584961,62.15626525878906,60.66564178466797,61.45314025878906,4550532
2010-10-05,35.723506927490234,62.943763732910156,63.33751678466797,61.65001678466797,61.70626449584961,10282420
2010-10-06,35.67562484741211,62.85939025878906,63.928138732910156,62.40938949584961,63.28126525878906,5975746
2010-10-07,34.87751770019531,61.45314025878906,63.225013732910156,60.975013732910156,62.85939025878906,5825104
2010-10-08,34.95732879638672,61.59376525878906,62.26876449584961,61.115638732910156,61.59376525878906,2872678
2010-10-11,35.08503341674805,61.818763732910156,62.85939025878906,61.59376525878906,62.77501678466797,2923343
2010-10-12,34.94137191772461,61.56563949584961,61.959388732910156,60.86251449584961,61.87501525878906,1328063
2010-10-13,35.069061279296875,61.79064178466797,62.43751525878906,61.481266021728516,61.762516021728516,2785869
2010-10-14,34.143245697021484,60.15938949584961,62.325016021728516,59.62501525878906,62.100013732910156,6206210
2010-10-15,34.07939529418945,60.04689025878906,61.00313949584961,59.45626449584961,60.18751525878906,3825540
2010-10-18,34.07939529418945,60.04689025878906,61.14376449584961,59.51251220703125,60.975013732910156,2661071
2010-10-19,33.632450103759766,59.2593879699707,60.46876525878906,58.95001220703125,60.30001449584961,2506333
2010-10-20,33.28128433227539,58.64064025878906,59.76564025878906,58.35939025878906,59.51251220703125,1611212
2010-10-21,33.71227264404297,59.4000129699707,60.18751525878906,59.17501449584961,59.79376220703125,5077785
2010-10-22,34.127288818359375,60.131263732910156,61.200016021728516,59.45626449584961,60.15938949584961,7613777
2010-10-25,33.121665954589844,58.35939025878906,60.693763732910156,58.1343879699707,60.24376678466797,4373958
2010-10-26,32.6268424987793,57.48751449584961,58.725013732910156,57.26251220703125,58.50001525878906,3559839
2010-10-27,32.51509475708008,57.2906379699707,58.07814025878906,57.1500129699707,57.8531379699707,4326267
2010-10-28,31.908544540405273,56.22188949584961,57.76876449584961,55.80001449584961,57.76876449584961,12789477
2010-10-29,32.05219650268555,56.475013732910156,57.37501525878906,56.25001525878906,56.3062629699707,2557085
2010-11-01,32.132015228271484,56.615638732910156,57.20626449584961,56.41876220703125,56.70001220703125,3644082
2010-11-02,31.956417083740234,56.3062629699707,56.50313949584961,55.15313720703125,56.25001525878906,8722079
2010-11-03,32.06816864013672,56.50313949584961,56.5875129699707,55.71563720703125,56.25001525878906,5792586
2010-11-04,32.40336990356445,57.09376525878906,58.6968879699707,56.25001525878906,56.70001220703125,7578044
2010-11-08,31.397748947143555,55.3218879699707,55.912513732910156,54.16876220703125,54.7031364440918,23828591
2010-11-09,33.137630462646484,58.38751220703125,59.06251525878906,55.350013732910156,55.51876449584961,37552410
2010-11-10,32.56299591064453,57.37501525878906,59.20314025878906,57.178138732910156,58.50001525878906,23142609
2010-11-11,32.32355880737305,56.95314025878906,58.33126449584961,56.70001220703125,57.37501525878906,9305659
2010-11-12,31.78083610534668,55.99688720703125,57.34688949584961,55.6875114440918,56.7281379699707,8655373
2010-11-15,32.30760192871094,56.92501449584961,57.82501220703125,56.25001525878906,56.25001525878906,6781511
2010-11-16,31.972387313842773,56.334388732910156,57.23439025878906,56.193763732910156,57.23439025878906,5839719
2010-11-18,32.371437072753906,57.037513732910156,57.51564025878906,55.94063949584961,56.8687629699707,11698558
2010-11-19,32.53106689453125,57.318763732910156,58.07814025878906,56.41876220703125,56.53126525878906,13151040
2010-11-22,32.38740539550781,57.06563949584961,57.318763732910156,55.51876449584961,56.81251525878906,16159489
2010-11-23,31.429670333862305,55.37813949584961,56.475013732910156,54.5625114440918,55.7437629699707,29650997
2010-11-24,30.998682022094727,54.6187629699707,55.2656364440918,54.0000114440918,54.2812614440918,29495589
2010-11-25,30.823104858398438,54.30938720703125,54.7031364440918,52.48126220703125,53.4375114440918,297127250
2010-11-26,30.791181564331055,54.25313949584961,54.4218864440918,52.56563949584961,53.8593864440918,108003635
2010-11-29,29.961139678955078,52.7906379699707,54.0000114440918,52.3125114440918,53.8593864440918,47311917
2010-11-30,30.31231689453125,53.40938949584961,53.4937629699707,51.63751220703125,52.3687629699707,56380039
2010-12-01,30.918874740600586,54.4781379699707,54.7031364440918,53.100013732910156,53.2125129699707,49377032
2010-12-02,31.60525131225586,55.6875114440918,55.7437629699707,54.30938720703125,54.787513732910156,69791050
2010-12-03,31.86064910888672,56.13751220703125,56.4468879699707,54.7031364440918,55.6875114440918,70133580
2010-12-06,31.82872772216797,56.08126449584961,56.41876220703125,55.57501220703125,56.25001525878906,35990183
2010-12-07,31.589290618896484,55.65938949584961,55.9687614440918,55.1812629699707,55.65938949584961,22324627
2010-12-08,31.238122940063477,55.0406379699707,55.5468864440918,54.73126220703125,55.23751449584961,8690959
2010-12-09,30.51982307434082,53.7750129699707,55.2656364440918,53.4375114440918,55.01251220703125,19659317
2010-12-10,30.67943572998047,54.0562629699707,54.25313949584961,53.2125129699707,53.662513732910156,12656908
2010-12-13,31.254087448120117,55.068763732910156,55.2656364440918,53.97188949584961,54.0562629699707,10228525
2010-12-14,30.982728958129883,54.59063720703125,55.4062614440918,54.4218864440918,55.1250114440918,12502825
2010-12-15,30.855030059814453,54.365638732910156,54.73126220703125,54.1406364440918,54.5625114440918,7532899
2010-12-16,30.67943572998047,54.0562629699707,54.4218864440918,53.6343879699707,54.39376449584961,10117565
2010-12-20,30.599634170532227,53.9156379699707,54.6187629699707,53.7187614440918,53.8593864440918,12117884
2010-12-21,31.01465606689453,54.646888732910156,55.1812629699707,53.943763732910156,54.0000114440918,13693395
2010-12-22,31.270051956176758,55.09688949584961,55.29376220703125,54.646888732910156,54.787513732910156,11598882
2010-12-23,31.046579360961914,54.7031364440918,55.1812629699707,54.6187629699707,54.87188720703125,4611659
2010-12-24,31.206201553344727,54.9843864440918,55.1250114440918,54.2812614440918,54.2812614440918,4676656
2010-12-27,30.870986938476562,54.39376449584961,55.01251220703125,54.1968879699707,54.8437614440918,5508784
2010-12-28,30.69541358947754,54.084388732910156,54.53438949584961,53.943763732910156,54.2812614440918,6071879
2010-12-29,30.55174446105957,53.83126449584961,54.2812614440918,53.7187614440918,54.02813720703125,10314957
2010-12-30,30.83907127380371,54.3375129699707,54.87188720703125,53.240638732910156,53.83126449584961,31947999
2010-12-31,31.38178062438965,55.29376220703125,55.4062614440918,54.4218864440918,54.506263732910156,12208677
2011-01-03,31.38178062438965,55.29376220703125,55.5468864440918,55.0406379699707,55.37813949584961,5686478
2011-01-04,31.4137020111084,55.350013732910156,55.631263732910156,54.9843864440918,55.37813949584961,9878712
2011-01-05,31.31793212890625,55.1812629699707,55.6031379699707,54.95626449584961,55.350013732910156,6557909
2011-01-06,31.60525131225586,55.6875114440918,56.10939025878906,55.01251220703125,55.23751449584961,16916733
2011-01-07,31.238122940063477,55.0406379699707,56.193763732910156,54.646888732910156,55.6875114440918,15775814
2011-01-10,30.69541358947754,54.084388732910156,55.4625129699707,53.97188949584961,55.01251220703125,11747099
2011-01-11,30.663482666015625,54.02813720703125,55.1250114440918,53.55001449584961,54.45001220703125,8402847
2011-01-12,31.046579360961914,54.7031364440918,54.81563949584961,53.7187614440918,54.39376449584961,5356220
2011-01-13,30.886947631835938,54.4218864440918,54.81563949584961,54.25313949584961,54.67501449584961,5840003
2011-01-14,31.158321380615234,54.9000129699707,55.771888732910156,54.1406364440918,54.2812614440918,13619178
2011-01-17,31.206201553344727,54.9843864440918,55.1250114440918,53.803138732910156,54.2812614440918,10222664
2011-01-18,31.493520736694336,55.490638732910156,55.631263732910156,54.67501449584961,54.67501449584961,8525103
2011-01-19,31.254087448120117,55.068763732910156,55.6875114440918,54.787513732910156,55.0406379699707,8181638
2011-01-20,31.57332992553711,55.631263732910156,55.6875114440918,54.5625114440918,54.5625114440918,8113388
2011-01-21,31.557361602783203,55.6031379699707,55.6875114440918,55.068763732910156,55.2656364440918,7263505
2011-01-24,31.46160125732422,55.43438720703125,55.8281364440918,55.068763732910156,55.209388732910156,10580288
2011-01-25,31.4137020111084,55.350013732910156,55.94063949584961,55.15313720703125,55.6875114440918,5774233
2011-01-27,31.541399002075195,55.57501220703125,55.9687614440918,52.396888732910156,55.29376220703125,21308494
2011-01-28,30.823104858398438,54.30938720703125,55.57501220703125,53.55001449584961,55.4062614440918,12161301
2011-01-31,30.823104858398438,54.30938720703125,55.350013732910156,53.55001449584961,53.9156379699707,10372393
2011-02-01,30.535781860351562,53.803138732910156,54.9000129699707,53.7187614440918,54.5625114440918,5685819
2011-02-02,30.503860473632812,53.74688720703125,54.2812614440918,53.0718879699707,54.02813720703125,9759510
2011-02-03,31.493520736694336,55.490638732910156,55.65938949584961,53.46563720703125,53.7187614440918,8272335
2011-02-04,31.062528610229492,54.73126220703125,56.36251449584961,54.646888732910156,55.37813949584961,13585721
2011-02-07,31.222164154052734,55.01251220703125,55.4062614440918,54.2812614440918,54.7593879699707,10075695
2011-02-08,30.55174446105957,53.83126449584961,55.6875114440918,53.69063949584961,55.6875114440918,6969251
2011-02-09,30.615589141845703,53.943763732910156,54.67501449584961,53.2968864440918,54.5625114440918,15914271
2011-02-10,30.455970764160156,53.662513732910156,54.7031364440918,53.46563720703125,53.803138732910156,15041071
2011-02-11,30.937353134155273,54.225013732910156,54.8437614440918,53.8593864440918,54.2812614440918,16032113
2011-02-14,31.627361297607422,55.43438720703125,55.8281364440918,54.02813720703125,54.30938720703125,9448315
2011-02-15,31.691539764404297,55.5468864440918,55.8281364440918,55.01251220703125,55.4062614440918,6653191
2011-02-16,31.643402099609375,55.4625129699707,55.57501220703125,55.23751449584961,55.37813949584961,3070813
2011-02-17,31.643402099609375,55.4625129699707,55.65938949584961,55.2656364440918,55.4625129699707,2410838
2011-02-18,31.482938766479492,55.1812629699707,55.6875114440918,54.67501449584961,55.4625129699707,7982842
2011-02-21,31.75572395324707,55.65938949584961,55.6875114440918,54.59063720703125,54.59063720703125,9078739
2011-02-22,31.595264434814453,55.37813949584961,55.631263732910156,55.01251220703125,55.4062614440918,6311548
2011-02-23,31.964317321777344,56.0250129699707,56.39064025878906,55.4062614440918,55.4062614440918,28541975
2011-02-24,31.531085968017578,55.2656364440918,56.25001525878906,54.506263732910156,55.9687614440918,14267832
2011-02-25,31.835962295532227,55.80001449584961,56.1656379699707,54.25313949584961,55.43438720703125,31955636
2011-02-28,31.75572395324707,55.65938949584961,58.725013732910156,54.95626449584961,56.41876220703125,128195783
2011-03-01,31.93223762512207,55.9687614440918,56.3062629699707,55.1250114440918,55.9687614440918,22095525
2011-03-03,31.868057250976562,55.85626220703125,56.756263732910156,55.43438720703125,55.43438720703125,12055696
2011-03-04,31.771770477294922,55.6875114440918,56.22188949584961,55.490638732910156,55.85626220703125,5797710
2011-03-07,31.466896057128906,55.15313720703125,55.631263732910156,54.0562629699707,55.631263732910156,6845096
2011-03-08,31.4348087310791,55.09688949584961,55.631263732910156,53.83126449584961,55.1250114440918,8299919
2011-03-09,31.466896057128906,55.15313720703125,55.4062614440918,54.9000129699707,55.1250114440918,4984092
2011-03-10,31.57921600341797,55.350013732910156,55.631263732910156,54.73126220703125,55.1250114440918,4963678
2011-03-11,31.466896057128906,55.15313720703125,55.4625129699707,54.8437614440918,54.8437614440918,6148250
2011-03-14,31.707590103149414,55.57501220703125,55.7437629699707,54.928138732910156,54.928138732910156,4743614
2011-03-15,31.37061882019043,54.9843864440918,55.2656364440918,54.59063720703125,55.0406379699707,7316083
2011-03-16,31.643402099609375,55.4625129699707,55.6875114440918,55.1250114440918,55.15313720703125,3548194
2011-03-17,31.56317138671875,55.3218879699707,55.43438720703125,55.01251220703125,55.01251220703125,4312518
2011-03-18,31.4348087310791,55.09688949584961,55.6875114440918,54.9000129699707,55.4062614440918,7614611
2011-03-21,31.25828742980957,54.787513732910156,55.1812629699707,54.7031364440918,55.01251220703125,3473055
2011-03-22,31.24224853515625,54.7593879699707,55.068763732910156,54.45001220703125,55.068763732910156,3536038
2011-03-23,31.27434730529785,54.81563949584961,55.3218879699707,54.6187629699707,54.7593879699707,5655111
2011-03-24,31.4348087310791,55.09688949584961,55.23751449584961,54.646888732910156,55.1250114440918,7807585
2011-03-25,31.498991012573242,55.209388732910156,55.350013732910156,54.87188720703125,55.23751449584961,8602591
2011-03-28,31.803861618041992,55.7437629699707,55.912513732910156,55.068763732910156,55.15313720703125,11509824
2011-03-29,32.02851104736328,56.13751220703125,56.4468879699707,55.5468864440918,55.7437629699707,8985339
2011-03-30,32.41362762451172,56.81251525878906,57.0093879699707,56.1656379699707,56.25001525878906,4832583
2011-03-31,32.70246505737305,57.318763732910156,57.8531379699707,56.41876220703125,56.81251525878906,15647437
2011-04-01,33.649192810058594,58.9781379699707,59.34376525878906,57.0093879699707,57.0093879699707,22114974
2011-04-04,33.98616409301758,59.568763732910156,60.32814025878906,58.61251449584961,58.61251449584961,10060811
2011-04-05,33.76152420043945,59.17501449584961,59.76564025878906,58.584388732910156,59.34376525878906,7752278
2011-04-06,33.71337890625,59.09063720703125,60.131263732910156,58.865638732910156,59.06251525878906,5371783
2011-04-07,33.6812858581543,59.03438949584961,60.01876449584961,58.725013732910156,59.09063720703125,5888794
2011-04-08,33.66524124145508,59.006263732910156,59.31563949584961,58.2750129699707,59.09063720703125,3282029
2011-04-11,33.45663833618164,58.64064025878906,59.03438949584961,58.2750129699707,58.52813720703125,2761151
2011-04-13,33.777565002441406,59.20314025878906,59.51251220703125,57.96563720703125,57.9937629699707,5725109
2011-04-15,33.71337890625,59.09063720703125,59.45626449584961,58.865638732910156,59.09063720703125,2726721
2011-04-18,33.44059753417969,58.61251449584961,59.709388732910156,58.4156379699707,59.06251525878906,3846832
2011-04-19,33.19990539550781,58.19063949584961,58.92189025878906,57.93751525878906,58.92189025878906,2130742
2011-04-20,33.45663833618164,58.64064025878906,58.92189025878906,57.9937629699707,58.92189025878906,3816903
2011-04-21,33.56896209716797,58.8375129699707,59.06251525878906,58.38751220703125,58.64064025878906,3804886
2011-04-25,33.55291748046875,58.80938720703125,59.287513732910156,58.50001525878906,58.50001525878906,1583736
2011-04-26,33.47269821166992,58.66876220703125,59.146888732910156,57.9937629699707,59.06251525878906,4390914
2011-04-27,33.48872756958008,58.6968879699707,59.06251525878906,58.35939025878906,58.78126525878906,2846797
2011-04-28,33.392452239990234,58.52813720703125,58.78126525878906,58.303138732910156,58.584388732910156,5158203
2011-04-29,33.55291748046875,58.80938720703125,59.34376525878906,58.303138732910156,58.52813720703125,3615042
2011-05-02,34.146636962890625,59.850013732910156,60.075016021728516,58.50001525878906,58.50001525878906,5731198
2011-05-03,33.37641143798828,58.50001525878906,59.90626525878906,58.2750129699707,59.62501525878906,3804669
2011-05-04,33.47269821166992,58.66876220703125,58.8375129699707,57.68438720703125,58.303138732910156,4044546
2011-05-05,32.6864128112793,57.2906379699707,58.66876220703125,56.70001220703125,58.50001525878906,5204752
2011-05-06,33.08757781982422,57.9937629699707,58.303138732910156,57.318763732910156,57.4312629699707,2973311
2011-05-09,32.95919418334961,57.76876449584961,58.38751220703125,57.65626525878906,58.021888732910156,3424009
2011-05-10,32.846885681152344,57.5718879699707,58.33126449584961,57.37501525878906,57.68438720703125,1276536
2011-05-11,33.42455291748047,58.584388732910156,58.78126525878906,57.459388732910156,57.459388732910156,5173641
2011-05-12,32.541996002197266,57.037513732910156,58.584388732910156,56.92501449584961,58.584388732910156,2199955
2011-05-13,32.52595138549805,57.0093879699707,57.76876449584961,56.84063720703125,56.98126220703125,3389298
2011-05-16,32.67036437988281,57.26251220703125,57.48751449584961,56.98126220703125,57.1500129699707,2643860
2011-05-17,32.57408905029297,57.09376525878906,57.65626525878906,57.0093879699707,57.26251220703125,2042475
2011-05-18,32.52595138549805,57.0093879699707,57.881263732910156,56.8687629699707,57.26251220703125,3314783
2011-05-19,31.723634719848633,55.6031379699707,57.34688949584961,55.3218879699707,57.037513732910156,2532955
2011-05-20,32.41362762451172,56.81251525878906,57.1500129699707,55.3218879699707,55.490638732910156,1959647
2011-05-23,31.964317321777344,56.0250129699707,56.41876220703125,55.6875114440918,56.41876220703125,1694918
2011-05-24,31.707590103149414,55.57501220703125,57.037513732910156,55.350013732910156,56.22188949584961,9876185
2011-05-25,31.145971298217773,54.59063720703125,55.94063949584961,54.25313949584961,55.6875114440918,5753045
2011-05-26,30.664575576782227,53.74688720703125,55.068763732910156,53.4375114440918,54.8437614440918,4935316
2011-05-27,31.33852195739746,54.928138732910156,55.09688949584961,53.83126449584961,53.83126449584961,4500032
2011-05-30,31.771770477294922,55.6875114440918,55.8281364440918,54.646888732910156,55.1250114440918,8167114
2011-05-31,32.4296760559082,56.84063720703125,57.037513732910156,55.6875114440918,55.80001449584961,7467651
2011-06-01,32.301300048828125,56.615638732910156,56.95314025878906,56.1656379699707,56.55938720703125,1794961
2011-06-02,31.85199546813965,55.8281364440918,56.92501449584961,55.6875114440918,56.25001525878906,4461069
2011-06-03,32.41362762451172,56.81251525878906,57.318763732910156,55.8281364440918,55.8281364440918,5649415
2011-06-06,32.57408905029297,57.09376525878906,57.23439025878906,56.08126449584961,56.70001220703125,4910297
2011-06-07,32.558048248291016,57.06563949584961,57.20626449584961,56.7281379699707,56.896888732910156,6516069
2011-06-08,32.52595138549805,57.0093879699707,57.09376525878906,56.4468879699707,56.55938720703125,14162904
2011-06-09,32.57408905029297,57.09376525878906,57.2906379699707,56.756263732910156,56.81251525878906,6989160
2011-06-10,32.477821350097656,56.92501449584961,57.26251220703125,56.53126525878906,57.09376525878906,7661567
2011-06-13,32.91106414794922,57.68438720703125,57.93751525878906,56.55938720703125,56.81251525878906,2849421
2011-06-14,33.280128479003906,58.33126449584961,58.50001525878906,57.459388732910156,57.459388732910156,4458752
2011-06-15,32.67036437988281,57.26251220703125,58.4156379699707,57.0093879699707,58.35939025878906,2533103
2011-06-16,32.734554290771484,57.37501525878906,57.65626525878906,56.7281379699707,57.1500129699707,2472762
2011-06-17,32.95919418334961,57.76876449584961,57.93751525878906,57.12188720703125,57.1500129699707,2524363
2011-06-20,32.71852111816406,57.34688949584961,58.33126449584961,55.71563720703125,57.40313720703125,6194464
2011-06-21,32.52595138549805,57.0093879699707,57.62813949584961,56.475013732910156,57.26251220703125,5126564
2011-06-22,32.830833435058594,57.54376220703125,57.600013732910156,56.84063720703125,57.0093879699707,2408781
2011-06-23,32.814781188964844,57.51564025878906,57.82501220703125,57.26251220703125,57.40313720703125,3746535
2011-06-24,33.26408767700195,58.303138732910156,58.584388732910156,57.26251220703125,57.37501525878906,5675164
2011-06-27,34.772438049316406,60.94689178466797,61.50939178466797,57.51564025878906,57.51564025878906,29869389
2011-06-28,35.013126373291016,61.36876678466797,61.818763732910156,60.80626678466797,61.537513732910156,13872282
2011-06-29,35.33407974243164,61.93126678466797,62.15626525878906,61.256263732910156,61.481266021728516,13356359
2011-06-30,35.14150619506836,61.59376525878906,62.71876525878906,60.778141021728516,61.87501525878906,30432762
2011-07-01,35.382205963134766,62.01564025878906,62.29689025878906,61.537513732910156,61.87501525878906,23953730
2011-07-04,35.44639205932617,62.12813949584961,62.662513732910156,61.70626449584961,62.07189178466797,5307022
2011-07-05,35.1735954284668,61.65001678466797,62.07189178466797,60.75001525878906,61.87501525878906,10665833
2011-07-06,34.997093200683594,61.340641021728516,61.70626449584961,61.059391021728516,61.45314025878906,3270036
2011-07-07,35.285919189453125,61.84688949584961,62.043766021728516,61.00313949584961,61.59376525878906,5856910
2011-07-08,35.04521942138672,61.42501449584961,62.29689025878906,61.22814178466797,61.45314025878906,12625687
2011-07-11,34.66012191772461,60.75001525878906,61.200016021728516,59.79376220703125,61.059391021728516,2848918
2011-07-12,34.72429656982422,60.86251449584961,61.31251525878906,59.93438720703125,60.58126449584961,2954427
2011-07-13,35.366146087646484,61.98751449584961,62.606266021728516,60.86251449584961,60.918766021728516,3819442
2011-07-14,35.013126373291016,61.36876678466797,62.043766021728516,60.918766021728516,61.59376525878906,10479376
2011-07-15,35.382205963134766,62.01564025878906,63.11251449584961,60.94689178466797,60.94689178466797,8242815
2011-07-18,35.09337615966797,61.50939178466797,62.381263732910156,61.340641021728516,62.12813949584961,2085379
2011-07-19,35.25382614135742,61.79064178466797,62.07189178466797,61.08751678466797,61.14376449584961,2972184
2011-07-20,35.02918243408203,61.396888732910156,62.12813949584961,61.22814178466797,61.678138732910156,4177419
2011-07-21,34.66012191772461,60.75001525878906,61.59376525878906,60.271888732910156,61.31251525878906,3008285
2011-07-22,35.15755844116211,61.621891021728516,61.959388732910156,60.38439178466797,60.75001525878906,3369044
2011-07-25,34.820579528808594,61.03126525878906,61.59376525878906,60.356266021728516,61.537513732910156,7429567
2011-07-26,34.98103332519531,61.31251525878906,61.79064178466797,60.32814025878906,60.75001525878906,5770592
2011-07-27,34.3873291015625,60.271888732910156,61.396888732910156,59.90626525878906,61.115638732910156,7214188
2011-07-28,33.873844146728516,59.37188720703125,60.18751525878906,58.303138732910156,59.6812629699707,13905358
2011-07-29,33.729427337646484,59.1187629699707,60.553138732910156,57.5718879699707,58.50001525878906,9768024
2011-08-01,34.483604431152344,60.44063949584961,61.14376449584961,59.1187629699707,59.1187629699707,4672455
2011-08-02,34.64406967163086,60.72188949584961,60.918766021728516,60.04689025878906,60.412513732910156,3239197
2011-08-03,33.58501052856445,58.865638732910156,60.553138732910156,57.9937629699707,59.93438720703125,12800281
2011-08-04,33.5368766784668,58.78126525878906,60.131263732910156,58.38751220703125,59.4000129699707,6939466
2011-08-05,32.830833435058594,57.54376220703125,58.33126449584961,56.334388732910156,56.53126525878906,12075758
2011-08-08,32.87897491455078,57.62813949584961,58.4156379699707,55.350013732910156,55.43438720703125,13716718
2011-08-09,32.70246505737305,57.318763732910156,58.33126449584961,55.6875114440918,55.6875114440918,7228990
2011-08-10,33.231990814208984,58.24688720703125,58.725013732910156,57.40313720703125,57.68438720703125,5126905
2011-08-11,33.05548858642578,57.93751525878906,58.64064025878906,57.54376220703125,57.5718879699707,6299073
2011-08-12,33.24803924560547,58.2750129699707,58.8375129699707,57.93751525878906,58.35939025878906,6421148
2011-08-16,33.24803924560547,58.2750129699707,59.006263732910156,57.9937629699707,58.52813720703125,4242848
2011-08-17,33.10361862182617,58.021888732910156,58.89376449584961,57.76876449584961,57.76876449584961,7430913
2011-08-18,32.94316101074219,57.740638732910156,58.4156379699707,57.178138732910156,58.21876525878906,5110388
2011-08-19,32.4296760559082,56.84063720703125,57.68438720703125,55.99688720703125,56.25001525878906,5245806
2011-08-22,33.11966323852539,58.05001449584961,58.2750129699707,56.10939025878906,56.81251525878906,3059716
2011-08-23,32.477821350097656,56.92501449584961,58.725013732910156,56.81251525878906,58.1343879699707,2837432
2011-08-24,32.750606536865234,57.40313720703125,57.79689025878906,56.41876220703125,57.600013732910156,6888368
2011-08-25,31.99641990661621,56.08126449584961,57.65626525878906,55.6875114440918,57.40313720703125,13758009
2011-08-26,31.27434730529785,54.81563949584961,56.25001525878906,54.3375129699707,56.08126449584961,9286925
2011-08-29,32.076656341552734,56.22188949584961,56.334388732910156,54.5625114440918,54.67501449584961,6345123
2011-08-30,32.156890869140625,56.36251449584961,56.8687629699707,55.8281364440918,56.81251525878906,3821904
2011-09-02,31.884096145629883,55.8843879699707,59.06251525878906,55.3218879699707,58.05001449584961,8166250
2011-09-05,31.178062438964844,54.646888732910156,55.9687614440918,54.39376449584961,55.771888732910156,7422597
2011-09-06,30.999250411987305,53.6343879699707,54.506263732910156,53.0156364440918,54.506263732910156,14848826
2011-09-07,31.470659255981445,54.45001220703125,54.9843864440918,53.7750129699707,53.83126449584961,11526455
2011-09-08,31.27559471130371,54.11251449584961,55.01251220703125,53.6343879699707,54.9000129699707,7049237
2011-09-09,31.24308204650879,54.0562629699707,54.53438949584961,53.69063949584961,54.0562629699707,6782680
2011-09-12,30.674131393432617,53.0718879699707,53.83126449584961,52.5937614440918,53.46563720703125,5271294
2011-09-13,30.75541114807129,53.2125129699707,53.6343879699707,53.0156364440918,53.3531379699707,4033213
2011-09-14,30.86920166015625,53.40938949584961,53.6343879699707,52.62188720703125,53.46563720703125,4248247
2011-09-15,31.210567474365234,54.0000114440918,54.225013732910156,52.818763732910156,53.55001449584961,8283475
2011-09-16,32.397216796875,56.053138732910156,56.39064025878906,53.8593864440918,54.225013732910156,6853575
2011-09-19,31.844539642333984,55.09688949584961,56.39064025878906,54.87188720703125,55.350013732910156,3721222
2011-09-20,32.12086868286133,55.57501220703125,56.193763732910156,54.9843864440918,54.9843864440918,4399666
2011-09-21,32.26717758178711,55.8281364440918,56.08126449584961,55.209388732910156,55.29376220703125,2182138
2011-09-22,31.291837692260742,54.1406364440918,55.37813949584961,53.83126449584961,55.350013732910156,3792171
2011-09-23,31.22681427001953,54.02813720703125,54.67501449584961,53.26876449584961,53.7187614440918,3612112
2011-09-26,30.966737747192383,53.5781364440918,54.25313949584961,53.18438720703125,54.02813720703125,1880644
2011-09-27,31.421897888183594,54.365638732910156,54.73126220703125,53.74688720703125,54.25313949584961,1273121
2011-09-28,31.64946937561035,54.7593879699707,54.9000129699707,53.943763732910156,54.45001220703125,4398260
2011-09-29,31.68197250366211,54.81563949584961,55.65938949584961,54.084388732910156,54.45001220703125,9460952
2011-09-30,32.00708770751953,55.37813949584961,55.7437629699707,54.5625114440918,54.5625114440918,6946805
2011-10-03,31.64946937561035,54.7593879699707,55.209388732910156,54.11251449584961,55.09688949584961,7517061
2011-10-04,31.16179847717285,53.9156379699707,55.15313720703125,53.7750129699707,54.45001220703125,2740436
2011-10-05,31.178058624267578,53.943763732910156,54.59063720703125,53.7187614440918,54.02813720703125,3503641
2011-10-07,31.61695671081543,54.7031364440918,55.6031379699707,54.2812614440918,54.506263732910156,4435678
2011-10-10,31.877046585083008,55.15313720703125,55.350013732910156,54.3375129699707,54.3375129699707,8326437
2011-10-11,32.088375091552734,55.51876449584961,55.71563720703125,54.8437614440918,55.4062614440918,5044978
2011-10-12,32.218406677246094,55.7437629699707,56.13751220703125,55.1812629699707,56.08126449584961,4905765
2011-10-13,32.2996826171875,55.8843879699707,56.193763732910156,55.29376220703125,55.7437629699707,3531871
2011-10-14,32.153385162353516,55.631263732910156,56.27813720703125,55.43438720703125,55.5468864440918,5039179
2011-10-17,31.812015533447266,55.0406379699707,55.80001449584961,54.73126220703125,55.57501220703125,1605713
2011-10-18,31.90955924987793,55.209388732910156,55.51876449584961,54.5625114440918,54.5625114440918,2025955
2011-10-19,32.494754791259766,56.22188949584961,56.53126525878906,55.37813949584961,55.6875114440918,5145909
2011-10-20,32.18589401245117,55.6875114440918,56.193763732910156,55.51876449584961,55.7437629699707,2881549
2011-10-21,32.18589401245117,55.6875114440918,56.3062629699707,55.2656364440918,55.5468864440918,2127672
2011-10-24,32.75484085083008,56.67189025878906,56.95314025878906,56.3062629699707,56.39064025878906,3334756
2011-10-25,33.7789306640625,58.443763732910156,58.92189025878906,56.5875129699707,56.70001220703125,7605862
2011-10-28,34.13656234741211,59.06251525878906,60.75001525878906,58.07814025878906,59.34376525878906,8504582
2011-10-31,34.087799072265625,58.9781379699707,59.4000129699707,58.162513732910156,59.06251525878906,4561310
2011-11-01,33.697662353515625,58.303138732910156,59.146888732910156,57.93751525878906,58.64064025878906,2155435
2011-11-02,33.51885223388672,57.9937629699707,58.47188949584961,57.600013732910156,57.93751525878906,2429706
2011-11-03,33.84395217895508,58.5562629699707,58.80938720703125,57.96563720703125,58.21876525878906,2676760
2011-11-04,33.76267623901367,58.4156379699707,59.06251525878906,58.162513732910156,59.06251525878906,2070811
2011-11-08,33.76267623901367,58.4156379699707,58.50001525878906,58.162513732910156,58.4156379699707,923114
2011-11-09,33.66515350341797,58.24688720703125,58.865638732910156,58.162513732910156,58.50001525878906,3342820
2011-11-11,34.28285217285156,59.31563949584961,59.48439025878906,57.93751525878906,58.21876525878906,7747315
2011-11-14,34.250343322753906,59.2593879699707,60.18751525878906,58.80938720703125,59.51251220703125,8136060
2011-11-15,33.6814079284668,58.2750129699707,59.428138732910156,58.07814025878906,58.52813720703125,2602442
2011-11-16,33.87647247314453,58.61251449584961,59.2593879699707,57.76876449584961,57.76876449584961,5559879
2011-11-17,33.53511047363281,58.021888732910156,59.2593879699707,57.82501220703125,58.21876525878906,4564324
2011-11-18,32.81986618041992,56.78438949584961,58.21876525878906,55.3218879699707,57.93751525878906,6971425
2011-11-21,32.20214080810547,55.71563720703125,56.81251525878906,55.350013732910156,55.9687614440918,5725408
2011-11-22,31.828277587890625,55.068763732910156,55.9687614440918,54.6187629699707,55.9687614440918,5742603
2011-11-23,30.901704788208008,53.46563720703125,54.95626449584961,52.959388732910156,54.7593879699707,4916261
2011-11-24,30.98299789428711,53.60626220703125,54.2812614440918,53.240638732910156,53.943763732910156,10127464
2011-11-25,31.340612411499023,54.225013732910156,54.67501449584961,53.32501220703125,53.803138732910156,7728058
2011-11-28,31.568187713623047,54.6187629699707,54.9843864440918,54.11251449584961,54.6187629699707,5436096
2011-11-29,30.950481414794922,53.55001449584961,55.01251220703125,53.4375114440918,54.787513732910156,5379923
2011-11-30,32.218406677246094,55.7437629699707,56.193763732910156,53.60626220703125,53.69063949584961,13613461
2011-12-01,32.511009216308594,56.25001525878906,57.37501525878906,55.9687614440918,56.25001525878906,4222484
2011-12-02,33.61637496948242,58.162513732910156,58.50001525878906,56.193763732910156,56.27813720703125,5707744
2011-12-05,33.37255859375,57.740638732910156,58.19063949584961,57.2906379699707,57.48751449584961,2957969
2011-12-07,33.53511047363281,58.021888732910156,58.80938720703125,57.2906379699707,57.40313720703125,5975381
2011-12-08,32.31594467163086,55.912513732910156,58.162513732910156,55.6875114440918,57.90938949584961,5809203
2011-12-09,32.03959655761719,55.43438720703125,55.5468864440918,54.6187629699707,54.87188720703125,4296964
2011-12-12,31.4056396484375,54.3375129699707,55.912513732910156,53.83126449584961,55.6875114440918,8160604
2011-12-13,32.218406677246094,55.7437629699707,56.193763732910156,53.7750129699707,54.225013732910156,3981949
2011-12-14,31.324359893798828,54.1968879699707,55.9687614440918,54.0000114440918,55.65938949584961,5776327
2011-12-15,32.2996826171875,55.8843879699707,56.4468879699707,53.381263732910156,53.40938949584961,12973287
2011-12-16,31.8933048248291,55.1812629699707,56.98126220703125,54.3375129699707,55.8281364440918,12589918
2011-12-19,32.23466873168945,55.771888732910156,56.1656379699707,54.1406364440918,54.3375129699707,4820722
2011-12-20,31.714479446411133,54.87188720703125,55.94063949584961,54.4218864440918,55.94063949584961,6670657
2011-12-21,31.828277587890625,55.068763732910156,55.6031379699707,54.5625114440918,55.4062614440918,10259801
2011-12-22,32.72233200073242,56.615638732910156,56.81251525878906,54.8437614440918,54.9843864440918,3456402
2011-12-23,32.91740036010742,56.95314025878906,57.34688949584961,55.99688720703125,56.53126525878906,3249611
2011-12-26,32.78734588623047,56.7281379699707,56.8687629699707,56.36251449584961,56.5875129699707,1273482
2011-12-27,32.16965103149414,55.65938949584961,56.70001220703125,54.646888732910156,56.67189025878906,4187065
2011-12-28,32.57603454589844,56.36251449584961,56.78438949584961,55.350013732910156,55.80001449584961,3375709
2011-12-29,32.511009216308594,56.25001525878906,56.53126525878906,55.80001449584961,56.25001525878906,2924882
2011-12-30,32.54351806640625,56.3062629699707,56.70001220703125,55.8843879699707,56.25001525878906,2087779
2012-01-02,32.511009216308594,56.25001525878906,56.39064025878906,55.43438720703125,56.053138732910156,1861469
2012-01-03,32.80360794067383,56.756263732910156,57.0093879699707,56.25001525878906,56.4468879699707,3372939
2012-01-04,32.99867630004883,57.09376525878906,57.54376220703125,55.8843879699707,56.70001220703125,3739279
2012-01-05,32.933650970458984,56.98126220703125,57.51564025878906,56.615638732910156,57.06563949584961,5389056
2012-01-06,32.42973709106445,56.10939025878906,56.98126220703125,55.6031379699707,56.92501449584961,7340405
2012-01-09,32.966163635253906,57.037513732910156,57.26251220703125,55.7437629699707,55.7437629699707,2368495
2012-01-10,33.35628890991211,57.7125129699707,58.10626220703125,56.84063720703125,56.84063720703125,3215986
2012-01-11,32.57603454589844,56.36251449584961,57.76876449584961,56.193763732910156,57.76876449584961,4377469
2012-01-12,32.689815521240234,56.55938720703125,57.037513732910156,55.94063949584961,57.037513732910156,4082544
2012-01-13,33.14496994018555,57.34688949584961,57.48751449584961,56.53126525878906,56.5875129699707,5766505
2012-01-16,32.559783935546875,56.334388732910156,57.34688949584961,56.10939025878906,56.70001220703125,4899595
2012-01-17,32.6735725402832,56.53126525878906,56.95314025878906,56.3062629699707,56.53126525878906,10428799
2012-01-18,32.218406677246094,55.7437629699707,56.95314025878906,55.29376220703125,56.7281379699707,6295415
2012-01-19,32.494754791259766,56.22188949584961,56.92501449584961,55.7437629699707,55.99688720703125,8276461
2012-01-20,32.98242950439453,57.06563949584961,57.48751449584961,56.193763732910156,56.25001525878906,6881600
2012-01-23,32.83613204956055,56.81251525878906,58.07814025878906,56.615638732910156,57.37501525878906,18551268
2012-01-24,32.689815521240234,56.55938720703125,57.09376525878906,56.27813720703125,56.70001220703125,10219894
2012-01-25,32.78734588623047,56.7281379699707,57.09376525878906,55.99688720703125,56.8687629699707,13171474
2012-01-27,33.53511047363281,58.021888732910156,59.03438949584961,56.896888732910156,57.09376525878906,9816649
2012-01-30,33.079959869384766,57.23439025878906,58.21876525878906,56.95314025878906,57.37501525878906,4243234
2012-01-31,33.84395217895508,58.5562629699707,58.95001220703125,57.1500129699707,57.37501525878906,10322025
2012-02-01,33.47008514404297,57.90938949584961,58.725013732910156,57.740638732910156,58.725013732910156,10757718
2012-02-02,34.1690673828125,59.1187629699707,59.65313720703125,57.740638732910156,58.05001449584961,11556658
2012-02-03,34.77053451538086,60.15938949584961,60.918766021728516,59.2593879699707,59.37188720703125,11926606
2012-02-06,35.4370002746582,61.31251525878906,61.59376525878906,59.8218879699707,60.58126449584961,9084488
2012-02-07,35.03059768676758,60.60939025878906,62.01564025878906,60.10314178466797,61.59376525878906,6079363
2012-02-08,35.01435470581055,60.58126449584961,62.29689025878906,59.709388732910156,61.08751678466797,11508450
2012-02-09,35.37197494506836,61.200016021728516,62.15626525878906,60.693763732910156,61.903141021728516,11499785
2012-02-10,34.900569915771484,60.38439178466797,61.45314025878906,59.62501525878906,60.412513732910156,8590813
2012-02-13,35.91598129272461,61.678138732910156,62.15626525878906,59.8218879699707,59.8218879699707,15608851
2012-02-14,35.83409881591797,61.537513732910156,62.01564025878906,61.17189025878906,61.59376525878906,5735198
2012-02-15,36.25990676879883,62.26876449584961,63.61876678466797,61.481266021728516,61.59376525878906,15930040
2012-02-16,36.25990676879883,62.26876449584961,63.14064025878906,61.45314025878906,62.043766021728516,3862429
2012-02-17,36.58745193481445,62.83126449584961,63.84376525878906,62.43751525878906,63.00001525878906,8544515
2012-02-21,36.21076965332031,62.184391021728516,63.00001525878906,62.01564025878906,62.746891021728516,6934289
2012-02-22,36.01424026489258,61.84688949584961,63.39376449584961,61.70626449584961,62.07189178466797,5872252
2012-02-23,36.89862823486328,63.365638732910156,64.18126678466797,61.65001678466797,61.65001678466797,18016976
2012-02-24,37.4390869140625,64.29376220703125,64.80001831054688,63.450016021728516,63.590641021728516,10958004
2012-02-27,36.538333892822266,62.746891021728516,64.68751525878906,62.49376678466797,64.68751525878906,11266052
2012-02-28,36.62021255493164,62.887516021728516,63.787513732910156,62.29689025878906,63.00001525878906,9416477
2012-02-29,37.01326370239258,63.56251525878906,64.06876373291016,63.00001525878906,63.14064025878906,7991077
2012-03-01,36.8494873046875,63.28126525878906,63.90001678466797,62.71876525878906,62.91564178466797,2777389
2012-03-02,36.767608642578125,63.14064025878906,63.56251525878906,62.606266021728516,63.19689178466797,3172662
2012-03-05,36.128883361816406,62.043766021728516,63.19689178466797,61.396888732910156,62.943763732910156,3649302
2012-03-06,36.374549865722656,62.465641021728516,62.887516021728516,61.65001678466797,62.043766021728516,4557989
2012-03-07,35.572052001953125,61.08751678466797,62.043766021728516,60.075016021728516,61.87501525878906,15488701
2012-03-09,36.07975769042969,61.959388732910156,62.29689025878906,61.36876678466797,61.36876678466797,3852720
2012-03-12,36.30903625488281,62.35314178466797,62.91564178466797,61.79064178466797,62.43751525878906,5124092
2012-03-13,36.47282028198242,62.63439178466797,63.084388732910156,61.87501525878906,62.63439178466797,9731037
2012-03-14,36.88224411010742,63.33751678466797,63.787513732910156,62.746891021728516,63.14064025878906,4398722
2012-03-15,36.145259857177734,62.07189178466797,63.731266021728516,61.73439025878906,63.168766021728516,4513645
2012-03-16,35.31000900268555,60.637516021728516,63.00001525878906,60.32814025878906,62.15626525878906,3682825
2012-03-19,35.32637405395508,60.66564178466797,61.00313949584961,59.287513732910156,60.86251449584961,3294232
2012-03-20,35.19536209106445,60.44063949584961,61.200016021728516,59.90626525878906,60.66564178466797,3413743
2012-03-21,35.62117004394531,61.17189025878906,61.537513732910156,60.01876449584961,60.412513732910156,3430274
2012-03-22,34.80229949951172,59.76564025878906,61.14376449584961,59.23126220703125,60.75001525878906,3948023
2012-03-23,35.277244567871094,60.58126449584961,60.86251449584961,59.45626449584961,59.9625129699707,3647743
2012-03-26,34.70402908325195,59.59688949584961,60.46876525878906,59.20314025878906,60.18751525878906,4778733
2012-03-27,34.63853073120117,59.48439025878906,60.271888732910156,58.95001220703125,60.18751525878906,5834802
2012-03-28,34.785926818847656,59.73751449584961,60.131263732910156,59.20314025878906,59.76564025878906,4875221
2012-03-29,34.6549072265625,59.51251220703125,59.90626525878906,59.06251525878906,59.73751449584961,12199593
2012-03-30,35.424652099609375,60.834388732910156,61.50939178466797,59.51251220703125,59.51251220703125,8544753
2012-04-02,35.572052001953125,61.08751678466797,61.50939178466797,60.553138732910156,60.80626678466797,8676278
2012-04-03,36.06338119506836,61.93126678466797,62.15626525878906,61.03126525878906,61.396888732910156,3566758
2012-04-04,36.30903625488281,62.35314178466797,62.606266021728516,61.45314025878906,61.903141021728516,3850338
2012-04-09,35.93235397338867,61.70626449584961,62.35314178466797,61.059391021728516,61.93126678466797,4475284
2012-04-10,36.1616325378418,62.100013732910156,62.606266021728516,61.36876678466797,61.70626449584961,4598397
2012-04-11,36.58745193481445,62.83126449584961,63.00001525878906,61.340641021728516,61.340641021728516,4023851
2012-04-12,36.60383224487305,62.85939025878906,64.01251220703125,62.49376678466797,62.803138732910156,5102969
2012-04-13,36.68572998046875,63.00001525878906,63.731266021728516,62.184391021728516,63.00001525878906,6602489
2012-04-16,36.6365852355957,62.91564178466797,63.42189025878906,62.57814025878906,62.97188949584961,4350870
2012-04-17,37.20979690551758,63.90001678466797,64.06876373291016,62.43751525878906,62.521888732910156,9477019
2012-04-18,37.29168701171875,64.04064178466797,64.82814025878906,63.67501449584961,63.95626449584961,4441325
2012-04-19,37.55373001098633,64.49063873291016,64.68751525878906,63.731266021728516,63.84376525878906,2496045
2012-04-20,37.29168701171875,64.04064178466797,64.88439178466797,63.731266021728516,64.23751831054688,2778756
2012-04-23,36.276283264160156,62.29689025878906,64.40626525878906,61.98751449584961,63.81563949584961,3854809
2012-04-24,36.03062438964844,61.87501525878906,62.71876525878906,61.45314025878906,62.49376678466797,3169871
2012-04-25,35.52291488647461,61.00313949584961,62.12813949584961,60.58126449584961,61.762516021728516,3380361
2012-04-26,35.40826416015625,60.80626678466797,62.325016021728516,60.32814025878906,61.50939178466797,4377198
2012-04-27,35.457401275634766,60.89064025878906,61.87501525878906,60.60939025878906,60.86251449584961,1965594
2012-04-30,36.440059661865234,62.57814025878906,63.028141021728516,60.80626678466797,60.80626678466797,3199398
2012-05-02,35.89959716796875,61.65001678466797,62.91564178466797,61.36876678466797,62.325016021728516,3811572
2012-05-03,35.58842468261719,61.115638732910156,61.59376525878906,60.834388732910156,61.31251525878906,1452253
2012-05-04,34.96607971191406,60.04689025878906,61.08751678466797,59.6812629699707,60.80626678466797,5666533
2012-05-07,34.6549072265625,59.51251220703125,60.18751525878906,58.05001449584961,59.850013732910156,4565509
2012-05-08,34.63853073120117,59.48439025878906,60.271888732910156,59.09063720703125,59.51251220703125,2959419
2012-05-09,34.14720153808594,58.64064025878906,59.76564025878906,58.35939025878906,59.09063720703125,2412310
2012-05-10,33.5739860534668,57.65626525878906,59.2593879699707,57.37501525878906,58.584388732910156,3946438
2012-05-11,33.197303771972656,57.0093879699707,57.93751525878906,56.36251449584961,57.65626525878906,3389145
2012-05-14,33.164546966552734,56.95314025878906,57.26251220703125,56.36251449584961,56.81251525878906,2233766
2012-05-15,33.70500946044922,57.881263732910156,58.1343879699707,56.3062629699707,56.8687629699707,3494080
2012-05-16,34.24546432495117,58.80938720703125,59.23126220703125,56.81251525878906,57.54376220703125,4435353
2012-05-17,34.310977935791016,58.92189025878906,60.075016021728516,58.4156379699707,59.06251525878906,4208594
2012-05-18,34.42561340332031,59.1187629699707,59.709388732910156,57.68438720703125,58.4156379699707,4935351
2012-05-21,34.04893112182617,58.47188949584961,59.568763732910156,58.07814025878906,59.006263732910156,1491370
2012-05-22,33.967044830322266,58.33126449584961,58.80938720703125,57.9937629699707,58.6968879699707,2362045
2012-05-23,33.93429183959961,58.2750129699707,59.03438949584961,57.51564025878906,58.443763732910156,3087547
2012-05-24,34.50749588012695,59.2593879699707,59.51251220703125,57.62813949584961,58.725013732910156,2135683
2012-05-25,34.09806823730469,58.5562629699707,59.06251525878906,58.35939025878906,58.78126525878906,1446600
2012-05-28,34.8514289855957,59.850013732910156,60.38439178466797,58.21876525878906,58.21876525878906,890739
2012-05-29,35.1626091003418,60.38439178466797,60.89064025878906,59.51251220703125,60.58126449584961,5201353
2012-05-30,34.75316619873047,59.6812629699707,60.553138732910156,59.31563949584961,60.32814025878906,4048557
2012-05-31,34.7695426940918,59.709388732910156,60.18751525878906,59.09063720703125,59.146888732910156,8033660
2012-06-01,33.950679779052734,58.303138732910156,59.568763732910156,57.93751525878906,59.34376525878906,3787828
2012-06-04,34.081687927246094,58.52813720703125,58.75313949584961,57.4312629699707,57.93751525878906,3267896
2012-06-05,34.70402908325195,59.59688949584961,60.30001449584961,58.78126525878906,59.006263732910156,12393979
2012-06-06,35.91598129272461,61.678138732910156,62.49376678466797,59.62501525878906,59.62501525878906,9494285
2012-06-07,35.39189147949219,60.778141021728516,62.29689025878906,60.46876525878906,61.678138732910156,4231838
2012-06-08,35.04796600341797,60.18751525878906,61.03126525878906,59.48439025878906,60.637516021728516,3997879
2012-06-11,35.129859924316406,60.32814025878906,61.03126525878906,60.18751525878906,60.75001525878906,2205393
2012-06-12,35.2608757019043,60.553138732910156,60.834388732910156,59.65313720703125,60.131263732910156,3376544
2012-06-13,35.24449157714844,60.52501678466797,60.89064025878906,59.990638732910156,60.46876525878906,2496726
2012-06-14,34.62213897705078,59.45626449584961,60.80626678466797,59.06251525878906,60.215641021728516,6671985
2012-06-15,34.736785888671875,59.65313720703125,60.04689025878906,59.31563949584961,59.73751449584961,10286920
2012-06-18,35.0643424987793,60.215641021728516,60.46876525878906,59.45626449584961,59.90626525878906,3027005
2012-06-19,35.62117004394531,61.17189025878906,61.818763732910156,59.9625129699707,60.215641021728516,9746993
2012-06-20,35.50653076171875,60.975013732910156,61.818763732910156,60.75001525878906,60.94689178466797,8882639
2012-06-21,35.94873046875,61.73439025878906,61.818763732910156,60.131263732910156,60.46876525878906,4083003
2012-06-22,36.04700469970703,61.903141021728516,62.26876449584961,61.17189025878906,61.31251525878906,7332263
2012-06-25,35.32637405395508,60.66564178466797,62.12813949584961,60.32814025878906,61.678138732910156,5097127
2012-06-26,35.981483459472656,61.79064178466797,61.87501525878906,60.356266021728516,60.356266021728516,1992235
2012-06-27,35.96510696411133,61.762516021728516,62.662513732910156,61.36876678466797,61.87501525878906,5727518
2012-06-28,35.93235397338867,61.70626449584961,62.325016021728516,61.14376449584961,61.87501525878906,3083553
2012-06-29,37.193424224853516,63.871891021728516,64.46251678466797,62.043766021728516,62.07189178466797,7486892
2012-07-02,36.88224411010742,63.33751678466797,64.09689331054688,63.168766021728516,63.90001678466797,2634447
2012-07-03,36.571075439453125,62.803138732910156,63.84376525878906,62.49376678466797,63.731266021728516,4091332
2012-07-04,37.01326370239258,63.56251525878906,63.787513732910156,62.606266021728516,62.887516021728516,3061761
2012-07-05,37.4390869140625,64.29376220703125,64.57501220703125,63.28126525878906,63.56251525878906,2830305
2012-07-06,37.01326370239258,63.56251525878906,64.40626525878906,63.028141021728516,64.12501525878906,3797719
2012-07-09,36.94776916503906,63.450016021728516,63.56251525878906,63.05626678466797,63.47814178466797,2397364
2012-07-10,37.06240463256836,63.646888732910156,63.98439025878906,62.85939025878906,62.943763732910156,3199920
2012-07-11,37.226173400878906,63.928138732910156,64.40626525878906,63.39376449584961,63.39376449584961,2903254
2012-07-12,36.83311462402344,63.25313949584961,63.90001678466797,63.05626678466797,63.90001678466797,2728401
2012-07-13,36.70209503173828,63.028141021728516,63.56251525878906,62.85939025878906,63.33751678466797,1672753
2012-07-16,36.89862823486328,63.365638732910156,63.67501449584961,62.49376678466797,62.85939025878906,3148848
2012-07-17,36.767608642578125,63.14064025878906,63.590641021728516,62.943763732910156,63.450016021728516,2407572
2012-07-18,36.423675537109375,62.55001449584961,63.309391021728516,62.29689025878906,63.05626678466797,2516255
2012-07-19,36.68572998046875,63.00001525878906,63.450016021728516,62.71876525878906,62.97188949584961,2171498
2012-07-20,36.440059661865234,62.57814025878906,63.28126525878906,62.325016021728516,62.606266021728516,1581366
2012-07-23,35.80133819580078,61.481266021728516,62.43751525878906,61.340641021728516,62.240638732910156,2728477
2012-07-24,36.34178924560547,62.40938949584961,63.19689178466797,61.256263732910156,61.396888732910156,8366909
2012-07-25,36.276283264160156,62.29689025878906,62.662513732910156,61.059391021728516,62.240638732910156,6131518
2012-07-26,36.60383224487305,62.85939025878906,63.28126525878906,61.98751449584961,62.40938949584961,10181302
2012-07-27,37.45547103881836,64.32189178466797,64.68751525878906,63.05626678466797,63.731266021728516,4785341
2012-07-30,38.70014953613281,66.45938873291016,66.65626525878906,64.12501525878906,64.37814331054688,10354713
2012-07-31,38.96220016479492,66.90939331054688,67.89376831054688,66.45938873291016,66.48751831054688,13034800
2012-08-01,38.978572845458984,66.93751525878906,67.21876525878906,66.15001678466797,66.65626525878906,5116745
2012-08-02,38.68379211425781,66.43126678466797,67.07814025878906,66.31876373291016,66.43126678466797,5172210
2012-08-03,38.74928665161133,66.54376220703125,66.96563720703125,65.64376831054688,66.00939178466797,3992386
2012-08-06,39.45353698730469,67.75314331054688,68.11876678466797,66.71251678466797,66.90939331054688,3989076
2012-08-07,38.83116912841797,66.68438720703125,67.97814178466797,66.26251220703125,67.64064025878906,5499481
2012-08-08,38.96220016479492,66.90939331054688,67.10626220703125,66.54376220703125,66.79689025878906,5783459
2012-08-09,38.99494934082031,66.96563720703125,67.64064025878906,66.57189178466797,66.99376678466797,4304923
2012-08-10,39.15874481201172,67.24688720703125,68.37189483642578,66.48751831054688,66.90939331054688,4906011
2012-08-13,39.27336883544922,67.44376373291016,67.64064025878906,66.43126678466797,66.93751525878906,2775124
2012-08-14,39.322505950927734,67.52813720703125,68.00626373291016,66.74063873291016,66.74063873291016,3520379
2012-08-16,39.33888626098633,67.55626678466797,68.90626525878906,66.79689025878906,67.50001525878906,3368688
2012-08-17,38.536376953125,66.17813873291016,68.06251525878906,65.39064025878906,67.69689178466797,4100386
2012-08-21,39.15874481201172,67.24688720703125,67.64064025878906,65.55938720703125,65.84063720703125,2904667
2012-08-22,38.96220016479492,66.90939331054688,67.27501678466797,66.48751831054688,66.68438720703125,1988035
2012-08-23,38.47087860107422,66.06564331054688,67.07814025878906,65.70001220703125,67.07814025878906,4652302
2012-08-24,38.356231689453125,65.86876678466797,66.57189178466797,65.36251831054688,65.81251525878906,5080546
2012-08-27,38.74928665161133,66.54376220703125,66.76876831054688,65.67189025878906,65.70001220703125,1296282
2012-08-28,39.797447204589844,68.34376525878906,69.18751525878906,66.48751831054688,66.65626525878906,4356311
2012-08-29,38.99494934082031,66.96563720703125,69.13126373291016,66.54376220703125,68.62501525878906,6345767
2012-08-30,39.879337310791016,68.48439025878906,69.18751525878906,66.48751831054688,66.90939331054688,9698034
2012-08-31,39.125980377197266,67.19064331054688,68.45626831054688,66.82501220703125,68.45626831054688,6414695
2012-09-03,39.81383514404297,68.37189483642578,68.62501525878906,67.52813720703125,67.55626678466797,3891463
2012-09-04,40.59995651245117,69.72189331054688,70.14376831054688,68.06251525878906,68.06251525878906,8607402
2012-09-05,40.61981964111328,69.01876831054688,70.00314331054688,68.76564025878906,69.18751525878906,5181748
2012-09-06,40.09014129638672,68.11876678466797,68.99063873291016,67.10626220703125,68.99063873291016,2059057
2012-09-07,40.354984283447266,68.56876373291016,69.10314178466797,68.34376525878906,68.90626525878906,1292419
2012-09-10,40.371524810791016,68.59689331054688,69.18751525878906,68.06251525878906,68.25939178466797,2343064
2012-09-11,40.04048156738281,68.03439331054688,68.56876373291016,67.61251831054688,68.20314025878906,1345773
2012-09-12,40.189453125,68.28751373291016,68.56876373291016,67.58438873291016,68.34376525878906,2846913
2012-09-13,40.10669708251953,68.14688873291016,68.96251678466797,67.78126525878906,67.89376831054688,2572173
2012-09-14,39.725975036621094,67.50001525878906,69.10314178466797,66.88126373291016,68.62501525878906,13519349
2012-09-17,38.93147659301758,66.15001678466797,68.11876678466797,65.78439331054688,67.95001220703125,12665195
2012-09-18,38.94801712036133,66.17813873291016,67.38751220703125,65.81251525878906,66.20626831054688,8408810
2012-09-20,38.65007019042969,65.67189025878906,66.48751831054688,65.25001525878906,65.25001525878906,6301939
2012-09-21,39.808746337890625,67.64064025878906,68.06251525878906,65.95314025878906,65.95314025878906,8707245
2012-09-24,39.09700012207031,66.43126678466797,68.34376525878906,66.09376525878906,67.61251831054688,7593484
2012-09-25,38.865257263183594,66.03751373291016,67.07814025878906,65.02501678466797,66.82501220703125,11733607
2012-09-26,38.73283004760742,65.81251525878906,66.34689331054688,65.41876220703125,65.81251525878906,9302273
2012-09-27,38.65007019042969,65.67189025878906,66.57189178466797,65.27813720703125,65.86876678466797,12478679
2012-09-28,39.891510009765625,67.78126525878906,67.89376831054688,66.09376525878906,66.09376525878906,8847242
2012-10-01,39.742530822753906,67.52813720703125,68.06251525878906,66.82501220703125,67.52813720703125,5138030
2012-10-03,38.94801712036133,66.17813873291016,68.06251525878906,65.98126220703125,67.50001525878906,12133968
2012-10-04,39.06388854980469,66.37501525878906,66.93751525878906,65.53126525878906,66.54376220703125,7257841
2012-10-05,39.130096435546875,66.48751831054688,66.99376678466797,66.37501525878906,66.79689025878906,11584935
2012-10-08,39.295623779296875,66.76876831054688,67.19064331054688,65.84063720703125,66.37501525878906,6807880
2012-10-09,39.79220962524414,67.61251831054688,67.78126525878906,66.29064178466797,66.99376678466797,5205666
2012-10-10,39.543914794921875,67.19064331054688,67.86563873291016,66.37501525878906,67.38751220703125,7436554
2012-10-11,39.44458770751953,67.02188873291016,67.83751678466797,66.71251678466797,67.50001525878906,5476615
2012-10-12,39.709442138671875,67.47189331054688,67.72501373291016,64.68751525878906,66.93751525878906,2847441
2012-10-15,39.34528350830078,66.85314178466797,68.03439331054688,66.62814331054688,67.27501678466797,7208908
2012-10-16,39.262516021728516,66.71251678466797,67.33126831054688,66.51564025878906,66.99376678466797,4006297
2012-10-17,39.643218994140625,67.35939025878906,67.50001525878906,66.65626525878906,67.16251373291016,2639928
2012-10-18,39.92461395263672,67.83751678466797,68.00626373291016,67.16251373291016,67.50001525878906,2525746
2012-10-19,39.52735137939453,67.16251373291016,67.78126525878906,66.93751525878906,67.50001525878906,3153069
2012-10-22,39.262516021728516,66.71251678466797,67.05001831054688,66.34689331054688,66.62814331054688,4657141
2012-10-23,38.88180923461914,66.06564331054688,66.74063873291016,65.98126220703125,66.45938873291016,3935245
2012-10-25,38.63351821899414,65.64376831054688,66.37501525878906,65.30626678466797,66.26251220703125,12050023
2012-10-29,38.05418014526367,64.65939331054688,64.99688720703125,64.20938873291016,64.20938873291016,2123473
2012-10-30,37.4748420715332,63.67501449584961,64.88439178466797,63.450016021728516,64.74376678466797,2570824
2012-10-31,37.739688873291016,64.12501525878906,64.40626525878906,63.590641021728516,63.928138732910156,1852024
2012-11-01,38.716285705566406,65.78439331054688,66.03751373291016,64.85626220703125,64.85626220703125,4524439
2012-11-02,39.06388854980469,66.37501525878906,66.54376220703125,65.86876678466797,66.15001678466797,4726469
2012-11-05,38.74938201904297,65.84063720703125,66.37501525878906,65.70001220703125,66.31876373291016,3632141
2012-11-06,39.61011505126953,67.30313873291016,67.44376373291016,65.53126525878906,66.20626831054688,4718509
2012-11-07,39.725975036621094,67.50001525878906,67.83751678466797,66.93751525878906,67.21876525878906,4694784
2012-11-08,39.34528350830078,66.85314178466797,67.10626220703125,66.48751831054688,66.90939331054688,3005197
2012-11-09,39.57701873779297,67.24688720703125,68.00626373291016,66.60001373291016,66.76876831054688,5518512
2012-11-12,39.725975036621094,67.50001525878906,67.92189025878906,67.30313873291016,67.30313873291016,5986709
2012-11-15,39.692874908447266,67.44376373291016,67.66876220703125,66.74063873291016,66.99376678466797,11277862
2012-11-16,39.42803192138672,66.99376678466797,67.47189331054688,66.54376220703125,67.38751220703125,7952790
2012-11-19,39.742530822753906,67.52813720703125,67.72501373291016,66.76876831054688,66.99376678466797,4682624
2012-11-20,40.42119216918945,68.68126678466797,68.87814331054688,67.55626678466797,67.58438873291016,5826060
2012-11-21,39.75909423828125,67.55626678466797,68.87814331054688,67.13439178466797,68.68126678466797,8050611
2012-11-22,39.42803192138672,66.99376678466797,67.86563873291016,66.76876831054688,67.64064025878906,3266009
2012-11-23,39.643218994140625,67.35939025878906,68.06251525878906,66.85314178466797,67.21876525878906,2809752
2012-11-26,39.858394622802734,67.72501373291016,67.83751678466797,66.96563720703125,67.50001525878906,2935121
2012-11-27,39.24595642089844,66.68438720703125,68.03439331054688,66.51564025878906,67.78126525878906,7105541
2012-11-29,39.03077697753906,66.31876373291016,66.96563720703125,65.75626373291016,66.65626525878906,15583782
2012-11-30,39.03077697753906,66.31876373291016,66.85314178466797,65.98126220703125,66.48751831054688,9986088
2012-12-03,39.378379821777344,66.90939331054688,66.99376678466797,66.12188720703125,66.45938873291016,5791740
2012-12-04,39.874961853027344,67.75314331054688,68.06251525878906,66.76876831054688,66.90939331054688,8486828
2012-12-05,39.7756462097168,67.58438873291016,68.20314025878906,66.93751525878906,67.92189025878906,7991825
2012-12-06,39.742530822753906,67.52813720703125,67.83751678466797,66.74063873291016,67.78126525878906,3888336
2012-12-07,39.295623779296875,66.76876831054688,67.75314331054688,66.43126678466797,67.66876220703125,3172271
2012-12-10,39.24595642089844,66.68438720703125,67.02188873291016,66.37501525878906,66.82501220703125,2674532
2012-12-11,38.89835739135742,66.09376525878906,67.05001831054688,65.98126220703125,66.93751525878906,5034484
2012-12-12,38.81559753417969,65.95314025878906,66.57189178466797,65.70001220703125,66.34689331054688,6283865
2012-12-13,39.146644592285156,66.51564025878906,66.79689025878906,66.15001678466797,66.31876373291016,7727857
2012-12-14,38.48455047607422,65.39064025878906,66.48751831054688,65.10939025878906,66.48751831054688,6097530
2012-12-17,38.51764678955078,65.44689178466797,65.92501831054688,64.94064331054688,65.41876220703125,3910978
2012-12-18,38.76593780517578,65.86876678466797,66.31876373291016,65.30626678466797,65.81251525878906,4553554
2012-12-19,38.467987060546875,65.36251831054688,66.20626831054688,64.82814025878906,66.12188720703125,6136261
2012-12-20,38.3355712890625,65.13751220703125,65.75626373291016,64.96876525878906,65.75626373291016,2121800
2012-12-21,37.97142791748047,64.51876831054688,65.10939025878906,64.40626525878906,65.02501678466797,3053451
2012-12-24,37.87210464477539,64.35001373291016,65.22189331054688,64.04064178466797,64.57501220703125,2156093
2012-12-26,38.170047760009766,64.85626220703125,65.36251831054688,64.46251678466797,64.57501220703125,2963625
2012-12-27,37.55760192871094,63.81563949584961,65.25001525878906,63.61876678466797,64.88439178466797,7464142
2012-12-28,37.574161529541016,63.84376525878906,64.91251373291016,63.168766021728516,64.35001373291016,6441596
2012-12-31,37.987972259521484,64.54689025878906,64.68751525878906,63.787513732910156,63.84376525878906,1528669
2013-01-01,37.690025329589844,64.04064178466797,65.02501678466797,63.95626449584961,64.77188873291016,6397127
2013-01-02,37.44173812866211,63.61876678466797,64.57501220703125,63.506263732910156,64.18126678466797,10823940
2013-01-03,37.78934860229492,64.20938873291016,64.54689025878906,63.646888732910156,64.01251220703125,7768126
2013-01-04,38.05418014526367,64.65939331054688,64.77188873291016,63.871891021728516,64.40626525878906,7374977
2013-01-07,37.87210464477539,64.35001373291016,64.77188873291016,63.871891021728516,64.68751525878906,5751436
2013-01-08,38.550750732421875,65.50314331054688,65.67189025878906,64.12501525878906,64.15313720703125,7147399
2013-01-09,38.25282287597656,64.99688720703125,65.78439331054688,64.74376678466797,65.67189025878906,8208348
2013-01-10,37.70658493041992,64.06876373291016,65.64376831054688,63.84376525878906,65.08126831054688,5482985
2013-01-11,37.45829391479492,63.646888732910156,64.23751831054688,63.47814178466797,64.18126678466797,7053838
2013-01-14,37.09413528442383,63.028141021728516,64.29376220703125,62.85939025878906,63.61876678466797,10369465
2013-01-15,36.763092041015625,62.465641021728516,63.61876678466797,62.35314178466797,63.28126525878906,7333310
2013-01-16,37.09413528442383,63.028141021728516,63.225013732910156,62.100013732910156,62.43751525878906,12729863
2013-01-17,37.29276657104492,63.365638732910156,63.590641021728516,62.57814025878906,63.05626678466797,8720890
2013-01-18,38.05418014526367,64.65939331054688,64.94064331054688,63.00001525878906,63.39376449584961,11437257
2013-01-21,37.70658493041992,64.06876373291016,64.74376678466797,63.67501449584961,64.32189178466797,5767870
2013-01-22,37.574161529541016,63.84376525878906,64.82814025878906,63.450016021728516,64.18126678466797,5102821
2013-01-23,37.12724685668945,63.084388732910156,64.46251678466797,62.746891021728516,64.12501525878906,4125262
2013-01-24,36.729976654052734,62.40938949584961,63.309391021728516,62.26876449584961,63.11251449584961,7597320
2013-01-25,36.74653625488281,62.43751525878906,62.803138732910156,62.043766021728516,62.043766021728516,5876853
2013-01-28,37.04448699951172,62.943763732910156,63.14064025878906,61.73439025878906,62.49376678466797,4530765
2013-01-29,37.11069107055664,63.05626678466797,63.787513732910156,62.55001449584961,62.803138732910156,8933771
2013-01-30,36.91206359863281,62.71876525878906,63.450016021728516,62.35314178466797,63.00001525878906,6691139
2013-01-31,36.4817008972168,61.98751449584961,62.97188949584961,61.65001678466797,62.55001449584961,10621030
2013-02-01,36.56446075439453,62.12813949584961,62.55001449584961,61.818763732910156,61.959388732910156,6533829
2013-02-04,36.812740325927734,62.55001449584961,62.83126449584961,62.15626525878906,62.184391021728516,4150438
2013-02-05,36.28306579589844,61.65001678466797,62.40938949584961,61.42501449584961,62.29689025878906,2184943
2013-02-06,36.20030212402344,61.50939178466797,62.240638732910156,61.31251525878906,61.903141021728516,2852740
2013-02-07,36.94516372680664,62.77501678466797,63.19689178466797,61.59376525878906,61.59376525878906,5059086
2013-02-08,36.82929992675781,62.57814025878906,63.450016021728516,62.21251678466797,63.00001525878906,5162866
2013-02-11,37.25965881347656,63.309391021728516,63.42189025878906,62.07189178466797,62.71876525878906,3760946
2013-02-12,37.35898208618164,63.47814178466797,64.88439178466797,62.662513732910156,62.83126449584961,9796530
2013-02-13,36.382381439208984,61.818763732910156,64.68751525878906,61.481266021728516,64.68751525878906,7821046
2013-02-14,34.99196243286133,59.45626449584961,62.100013732910156,58.4156379699707,61.87501525878906,14843823
2013-02-15,35.51639938354492,59.428138732910156,59.76564025878906,58.21876525878906,58.8375129699707,8479053
2013-02-18,36.39043045043945,60.89064025878906,61.537513732910156,59.20314025878906,59.20314025878906,8321446
2013-02-19,36.44087219238281,60.975013732910156,61.115638732910156,60.30001449584961,60.89064025878906,8484570
2013-02-20,36.35683059692383,60.834388732910156,61.678138732910156,60.412513732910156,61.03126525878906,7964693
2013-02-21,35.91980743408203,60.10314178466797,61.28438949584961,59.8218879699707,60.637516021728516,6464828
2013-02-22,36.65937042236328,61.340641021728516,61.59376525878906,60.18751525878906,60.52501678466797,14054231
2013-02-25,37.667884826660156,63.028141021728516,63.14064025878906,61.45314025878906,61.59376525878906,15983553
2013-02-26,37.298099517822266,62.40938949584961,62.943763732910156,61.98751449584961,62.943763732910156,17614848
2013-02-27,36.60894012451172,61.256263732910156,62.91564178466797,61.08751678466797,62.71876525878906,9561570
2013-02-28,35.062564849853516,58.66876220703125,61.87501525878906,57.40313720703125,61.65001678466797,11505348
2013-03-01,36.28958511352539,60.72188949584961,61.31251525878906,58.66876220703125,59.45626449584961,9664596
2013-03-04,36.45767593383789,61.00313949584961,61.59376525878906,59.79376220703125,60.75001525878906,5835406
2013-03-05,36.50810623168945,61.08751678466797,61.31251525878906,59.90626525878906,61.059391021728516,4342564
2013-03-06,36.188751220703125,60.553138732910156,61.31251525878906,60.38439178466797,61.08751678466797,2348098
2013-03-07,36.37363815307617,60.86251449584961,61.200016021728516,60.271888732910156,60.271888732910156,3784471
2013-03-08,36.97873306274414,61.87501525878906,61.959388732910156,60.778141021728516,61.256263732910156,5865486
2013-03-11,37.11320114135742,62.100013732910156,62.29689025878906,61.31251525878906,61.84688949584961,3872022
2013-03-12,36.72660827636719,61.45314025878906,62.21251678466797,60.80626678466797,62.21251678466797,5729772
2013-03-13,36.911502838134766,61.762516021728516,62.01564025878906,61.200016021728516,61.36876678466797,4784709
2013-03-14,36.861080169677734,61.678138732910156,61.87501525878906,61.17189025878906,61.65001678466797,4923712
2013-03-15,36.64256286621094,61.31251525878906,61.903141021728516,61.00313949584961,61.537513732910156,4917271
2013-03-18,36.558528900146484,61.17189025878906,61.31251525878906,61.03126525878906,61.256263732910156,3593844
2013-03-19,36.003849029541016,60.24376678466797,61.537513732910156,59.09063720703125,61.28438949584961,5195989
2013-03-20,35.07937240600586,58.6968879699707,60.131263732910156,58.38751220703125,59.93438720703125,5025753
2013-03-21,34.154911041259766,57.1500129699707,59.23126220703125,56.7281379699707,58.50001525878906,4921271
2013-03-22,34.44065856933594,57.62813949584961,58.05001449584961,56.7281379699707,57.178138732910156,8653798
2013-03-25,34.928104400634766,58.443763732910156,58.80938720703125,57.93751525878906,58.162513732910156,4166875
2013-03-26,35.29789352416992,59.06251525878906,59.23126220703125,58.21876525878906,58.21876525878906,3767435
2013-03-28,35.56682586669922,59.51251220703125,59.850013732910156,58.5562629699707,59.03438949584961,4534130
2013-04-01,35.465972900390625,59.34376525878906,59.87813949584961,58.92189025878906,59.20314025878906,1691135
2013-04-02,35.80213928222656,59.90626525878906,60.553138732910156,59.1187629699707,59.59688949584961,4652635
2013-04-03,35.7012825012207,59.73751449584961,59.9625129699707,59.37188720703125,59.5406379699707,2361750
2013-04-04,35.12980651855469,58.78126525878906,59.87813949584961,58.38751220703125,59.48439025878906,3713922
2013-04-05,35.18022918701172,58.865638732910156,59.06251525878906,58.35939025878906,58.35939025878906,8205260
2013-04-08,35.01213836669922,58.584388732910156,59.62501525878906,58.21876525878906,59.06251525878906,3096875
2013-04-09,34.72639083862305,58.10626220703125,59.73751449584961,57.82501220703125,58.80938720703125,2293912
2013-04-10,35.16341018676758,58.8375129699707,58.95001220703125,57.881263732910156,58.24688720703125,1905585
2013-04-11,34.81044006347656,58.24688720703125,58.95001220703125,58.021888732910156,58.95001220703125,3329986
2013-04-12,35.465972900390625,59.34376525878906,59.5406379699707,57.96563720703125,57.96563720703125,1819318
2013-04-15,34.978519439697266,58.52813720703125,59.06251525878906,58.303138732910156,59.06251525878906,2619515
2013-04-16,35.93660354614258,60.131263732910156,60.693763732910156,58.50001525878906,58.52813720703125,2546545
2013-04-17,35.93660354614258,60.131263732910156,60.834388732910156,59.76564025878906,60.131263732910156,3775629
2013-04-18,35.9702262878418,60.18751525878906,60.693763732910156,59.20314025878906,59.709388732910156,5080676
2013-04-22,36.77703094482422,61.537513732910156,62.21251678466797,59.76564025878906,59.76564025878906,5577118
2013-04-23,36.87788772583008,61.70626449584961,61.87501525878906,61.14376449584961,61.31251525878906,2951714
2013-04-25,36.92831802368164,61.79064178466797,63.168766021728516,60.75001525878906,61.36876678466797,7103973
2013-04-26,37.07958984375,62.043766021728516,62.26876449584961,61.59376525878906,62.01564025878906,3417359
2013-04-29,37.1300163269043,62.12813949584961,62.662513732910156,61.621891021728516,61.621891021728516,5263605
2013-04-30,37.718318939208984,63.11251449584961,63.646888732910156,61.59376525878906,61.98751449584961,5652599
2013-05-02,38.625972747802734,64.63126373291016,64.96876525878906,62.57814025878906,62.606266021728516,7787838
2013-05-03,37.65108108520508,63.00001525878906,64.80001831054688,62.803138732910156,64.06876373291016,3489204
2013-05-06,37.68470001220703,63.05626678466797,63.53438949584961,62.325016021728516,62.746891021728516,1570856
2013-05-07,37.88639831542969,63.39376449584961,63.98439025878906,62.100013732910156,62.943763732910156,4295563
2013-05-08,38.57554244995117,64.54689025878906,64.77188873291016,63.365638732910156,63.365638732910156,4623152
2013-05-09,38.155338287353516,63.84376525878906,64.80001831054688,63.450016021728516,64.68751525878906,3439496
2013-05-10,37.768741607666016,63.19689178466797,64.43438720703125,63.00001525878906,63.47814178466797,3388720
2013-05-13,37.718318939208984,63.11251449584961,63.56251525878906,62.662513732910156,62.77501678466797,3486486
2013-05-14,38.441078186035156,64.32189178466797,64.77188873291016,63.168766021728516,63.168766021728516,5187764
2013-05-15,38.2393684387207,63.98439025878906,65.02501678466797,63.56251525878906,64.46251678466797,7598979
2013-05-16,38.2898063659668,64.06876373291016,64.82814025878906,63.67501449584961,63.70314025878906,7843384
2013-05-17,39.01256561279297,65.27813720703125,65.75626373291016,63.98439025878906,64.12501525878906,4225774
2013-05-20,38.42427062988281,64.29376220703125,65.30626678466797,64.12501525878906,65.25001525878906,6051683
2013-05-21,37.88639831542969,63.39376449584961,64.63126373291016,62.91564178466797,64.18126678466797,3901355
2013-05-22,37.869590759277344,63.365638732910156,63.61876678466797,62.943763732910156,63.56251525878906,4300192
2013-05-23,36.844276428222656,61.65001678466797,63.47814178466797,61.31251525878906,63.084388732910156,5416658
2013-05-24,36.64256286621094,61.31251525878906,62.325016021728516,60.80626678466797,62.325016021728516,4295474
2013-05-27,37.70150375366211,63.084388732910156,63.39376449584961,61.31251525878906,61.42501449584961,1976291
2013-05-28,37.819156646728516,63.28126525878906,63.95626449584961,62.943763732910156,63.19689178466797,3947350
2013-05-29,38.155338287353516,63.84376525878906,64.09689331054688,63.11251449584961,63.53438949584961,4123634
2013-05-30,38.457889556884766,64.35001373291016,64.68751525878906,63.084388732910156,63.67501449584961,4814631
2013-05-31,38.088096618652344,63.731266021728516,64.68751525878906,63.365638732910156,64.65939331054688,8210037
2013-06-03,37.449371337890625,62.662513732910156,63.787513732910156,62.240638732910156,63.75939178466797,2337051
2013-06-04,38.05447769165039,63.67501449584961,64.04064178466797,62.55001449584961,62.55001449584961,6339450
2013-06-05,37.8023567199707,63.25313949584961,63.506263732910156,62.97188949584961,63.309391021728516,2941759
2013-06-06,37.667884826660156,63.028141021728516,63.33751678466797,62.83126449584961,62.83126449584961,3741327
2013-06-07,37.19725036621094,62.240638732910156,63.39376449584961,62.12813949584961,62.465641021728516,3373193
2013-06-10,36.97873306274414,61.87501525878906,62.71876525878906,61.762516021728516,62.43751525878906,4178032
2013-06-11,36.2559700012207,60.66564178466797,62.91564178466797,60.356266021728516,61.50939178466797,4988953
2013-06-12,36.306400299072266,60.75001525878906,61.537513732910156,60.30001449584961,60.75001525878906,1985386
2013-06-13,35.550018310546875,59.48439025878906,60.975013732910156,59.2593879699707,60.32814025878906,3320850
2013-06-14,36.67618942260742,61.36876678466797,61.59376525878906,59.62501525878906,59.76564025878906,5440747
2013-06-17,36.37363815307617,60.86251449584961,61.56563949584961,60.18751525878906,61.340641021728516,1761508
2013-06-18,36.44087219238281,60.975013732910156,61.70626449584961,60.38439178466797,60.75001525878906,2599492
2013-06-19,36.1383171081543,60.46876525878906,60.86251449584961,60.10314178466797,60.72188949584961,3158484
2013-06-20,35.5836296081543,59.5406379699707,60.356266021728516,59.37188720703125,60.30001449584961,3936637
2013-06-21,36.03746032714844,60.30001449584961,60.553138732910156,59.06251525878906,59.428138732910156,8100913
2013-06-24,35.60043716430664,59.568763732910156,61.03126525878906,59.09063720703125,59.9625129699707,7726193
2013-06-25,34.65916442871094,57.9937629699707,60.18751525878906,57.40313720703125,59.73751449584961,5865050
2013-06-26,35.63405227661133,59.62501525878906,59.850013732910156,57.62813949584961,57.82501220703125,9917951
2013-06-27,35.818946838378906,59.93438720703125,60.75001525878906,59.5406379699707,59.90626525878906,10124040
2013-06-28,37.4157600402832,62.606266021728516,63.05626678466797,60.18751525878906,60.18751525878906,13955319
2013-07-01,37.95362091064453,63.506263732910156,63.731266021728516,62.15626525878906,62.15626525878906,4880398
2013-07-02,37.43256759643555,62.63439178466797,63.450016021728516,62.21251678466797,63.05626678466797,4836103
2013-07-03,36.40724563598633,60.918766021728516,62.29689025878906,60.637516021728516,62.29689025878906,3203552
2013-07-04,36.188751220703125,60.553138732910156,61.59376525878906,59.76564025878906,61.03126525878906,5239017
2013-07-05,36.171932220458984,60.52501678466797,61.256263732910156,60.075016021728516,60.75001525878906,2878063
2013-07-08,35.398738861083984,59.23126220703125,60.46876525878906,58.95001220703125,60.46876525878906,5074736
2013-07-09,36.92831802368164,61.79064178466797,61.87501525878906,59.5406379699707,59.79376220703125,5626482
2013-07-10,36.35683059692383,60.834388732910156,62.49376678466797,60.66564178466797,62.12813949584961,6811029
2013-07-11,37.09640121459961,62.07189178466797,62.662513732910156,61.396888732910156,61.84688949584961,5779104
2013-07-12,37.07958984375,62.043766021728516,62.29689025878906,60.778141021728516,62.26876449584961,3580274
2013-07-15,36.99555587768555,61.903141021728516,62.40938949584961,61.340641021728516,61.84688949584961,2918182
2013-07-16,37.04597473144531,61.98751449584961,62.381263732910156,60.918766021728516,60.918766021728516,2477162
2013-07-17,37.281288146972656,62.381263732910156,63.11251449584961,61.762516021728516,61.93126678466797,9890923
2013-07-18,37.314910888671875,62.43751525878906,62.83126449584961,62.01564025878906,62.184391021728516,5820812
2013-07-19,37.43256759643555,62.63439178466797,62.887516021728516,62.21251678466797,62.887516021728516,4552788
2013-07-22,37.3653450012207,62.521888732910156,62.887516021728516,62.043766021728516,62.26876449584961,2515956
2013-07-23,37.0291633605957,61.959388732910156,63.14064025878906,61.42501449584961,63.14064025878906,5415186
2013-07-24,36.97873306274414,61.87501525878906,62.240638732910156,61.17189025878906,61.36876678466797,2594203
2013-07-25,37.0291633605957,61.959388732910156,62.85939025878906,59.79376220703125,62.21251678466797,4206471
2013-07-26,36.4240608215332,60.94689178466797,62.29689025878906,60.778141021728516,62.15626525878906,5399927
2013-07-29,36.34001922607422,60.80626678466797,61.678138732910156,60.38439178466797,61.42501449584961,2056881
2013-07-30,35.48276901245117,59.37188720703125,60.86251449584961,58.865638732910156,60.80626678466797,1322467
2013-07-31,33.9868278503418,56.8687629699707,59.06251525878906,55.2656364440918,58.5562629699707,6050144
2013-08-01,34.575111389160156,57.8531379699707,58.47188949584961,55.6875114440918,56.70001220703125,4448345
2013-08-02,30.709156036376953,51.3843879699707,56.4468879699707,48.68438720703125,55.6875114440918,31014744
2013-08-05,31.36469268798828,52.48126220703125,53.32501220703125,49.331260681152344,51.721885681152344,15799229
2013-08-06,31.448734283447266,52.62188720703125,53.7187614440918,52.00313949584961,52.3125114440918,14382559
2013-08-07,31.36469268798828,52.48126220703125,53.40938949584961,52.05938720703125,52.8750114440918,5717703
2013-08-08,32.272361755371094,54.0000114440918,54.5625114440918,52.5937614440918,52.76251220703125,6778874
2013-08-12,31.969806671142578,53.4937629699707,54.787513732910156,53.2125129699707,54.2812614440918,9452703
2013-08-13,32.32278060913086,54.084388732910156,54.2812614440918,52.8750114440918,53.40938949584961,2256717
2013-08-14,32.64215850830078,54.6187629699707,55.209388732910156,53.74688720703125,54.0000114440918,9066232
2013-08-16,32.9446907043457,55.1250114440918,55.71563720703125,53.7187614440918,54.6187629699707,16654810
2013-08-19,32.440433502197266,54.2812614440918,54.95626449584961,53.2968864440918,54.6187629699707,5042098
2013-08-20,32.42362976074219,54.25313949584961,54.5625114440918,53.3531379699707,54.2812614440918,5439143
2013-08-21,32.81022644042969,54.9000129699707,55.6031379699707,54.365638732910156,54.53438949584961,17512680
2013-08-22,32.97832107543945,55.1812629699707,55.5468864440918,54.02813720703125,54.5625114440918,11299648
2013-08-23,32.87746047973633,55.01251220703125,55.23751449584961,54.3375129699707,55.01251220703125,19297499
2013-08-26,32.92788314819336,55.09688949584961,55.37813949584961,54.67501449584961,54.95626449584961,24410353
2013-08-27,32.171504974365234,53.83126449584961,58.07814025878906,53.32501220703125,55.1250114440918,13466053
2013-08-28,31.549591064453125,52.7906379699707,54.45001220703125,51.834388732910156,53.4375114440918,11398478
2013-08-29,32.70937728881836,54.73126220703125,55.4062614440918,52.7343864440918,52.7343864440918,15533827
2013-08-30,32.8270378112793,54.928138732910156,55.3218879699707,52.76251220703125,54.506263732910156,8242572
2013-09-02,33.28085708618164,55.6875114440918,55.9687614440918,54.67501449584961,54.95626449584961,15403306
2013-09-03,32.15468978881836,53.803138732910156,56.25001525878906,52.959388732910156,55.9687614440918,4877060
2013-09-04,32.39000701904297,54.1968879699707,54.506263732910156,52.959388732910156,53.2125129699707,4850453
2013-09-05,32.72681427001953,54.11251449584961,56.50313949584961,53.4375114440918,54.87188720703125,9746210
2013-09-06,33.66233825683594,55.65938949584961,56.475013732910156,53.4937629699707,53.97188949584961,7041237
2013-09-10,34.78498840332031,57.51564025878906,58.24688720703125,55.8281364440918,55.8281364440918,8723482
2013-09-11,33.679351806640625,55.6875114440918,57.881263732910156,55.15313720703125,57.318763732910156,5150080
2013-09-12,33.679351806640625,55.6875114440918,56.615638732910156,55.2656364440918,55.9687614440918,5409563
2013-09-13,33.934505462646484,56.10939025878906,56.36251449584961,55.37813949584961,55.4062614440918,6331674
2013-09-16,34.887046813964844,57.68438720703125,58.47188949584961,55.80001449584961,56.10939025878906,14084730
2013-09-17,34.54685974121094,57.12188720703125,57.68438720703125,55.43438720703125,57.40313720703125,5923058
2013-09-18,34.15562438964844,56.475013732910156,57.09376525878906,55.631263732910156,56.53126525878906,4635243
2013-09-19,34.15562438964844,56.475013732910156,58.584388732910156,55.8281364440918,57.82501220703125,10203659
2013-09-20,34.56386184692383,57.1500129699707,57.68438720703125,56.53126525878906,56.67189025878906,15290056
2013-09-23,33.76439666748047,55.8281364440918,56.756263732910156,55.6031379699707,56.3062629699707,3730187
2013-09-24,33.730384826660156,55.771888732910156,56.1656379699707,55.15313720703125,55.43438720703125,8304198
2013-09-25,34.18964767456055,56.53126525878906,56.7281379699707,55.23751449584961,55.6875114440918,5150528
2013-09-26,33.78141784667969,55.85626220703125,56.39064025878906,55.43438720703125,56.25001525878906,6791644
2013-09-27,33.66233825683594,55.65938949584961,56.475013732910156,55.43438720703125,55.85626220703125,4575709
2013-09-30,33.356170654296875,55.15313720703125,55.65938949584961,54.4218864440918,55.23751449584961,5763141
2013-10-01,33.679351806640625,55.6875114440918,55.80001449584961,55.068763732910156,55.2656364440918,4024187
2013-10-03,33.985530853271484,56.193763732910156,56.39064025878906,55.4625129699707,56.25001525878906,11166670
2013-10-04,33.32215118408203,55.09688949584961,55.9687614440918,54.95626449584961,55.9687614440918,16408671
2013-10-07,33.356170654296875,55.15313720703125,55.23751449584961,54.30938720703125,54.87188720703125,3643908
2013-10-08,33.42420959472656,55.2656364440918,55.57501220703125,54.95626449584961,55.4625129699707,7001377
2013-10-09,33.69636154174805,55.71563720703125,55.912513732910156,54.8437614440918,54.8437614440918,5815351
2013-10-10,33.76439666748047,55.8281364440918,55.99688720703125,55.2656364440918,55.71563720703125,4045318
2013-10-11,33.66233825683594,55.65938949584961,56.193763732910156,55.490638732910156,55.99688720703125,2594571
2013-10-14,33.86646270751953,55.99688720703125,56.193763732910156,55.29376220703125,55.6875114440918,3588795
2013-10-15,33.66233825683594,55.65938949584961,56.334388732910156,55.2656364440918,56.053138732910156,6566169
2013-10-17,33.20307159423828,54.9000129699707,56.13751220703125,54.59063720703125,55.5468864440918,7117518
2013-10-18,33.849456787109375,55.9687614440918,56.25001525878906,54.59063720703125,55.4062614440918,15690831
2013-10-21,33.849456787109375,55.9687614440918,56.22188949584961,55.71563720703125,55.9687614440918,2023039
2013-10-22,34.68293380737305,57.34688949584961,58.2750129699707,55.85626220703125,55.85626220703125,9232804
2013-10-23,34.223663330078125,56.5875129699707,58.10626220703125,56.41876220703125,57.881263732910156,3579487
2013-10-24,33.679351806640625,55.6875114440918,57.12188720703125,55.23751449584961,56.81251525878906,7207079
2013-10-25,34.08759307861328,56.36251449584961,56.67189025878906,55.29376220703125,56.0250129699707,5281406
2013-10-28,33.59431076049805,55.5468864440918,56.756263732910156,55.29376220703125,56.41876220703125,5287076
2013-10-29,34.15562438964844,56.475013732910156,56.78438949584961,55.1250114440918,55.4625129699707,7086272
2013-10-30,34.070579528808594,56.334388732910156,56.67189025878906,56.25001525878906,56.615638732910156,3289474
2013-10-31,34.46179962158203,56.98126220703125,57.65626525878906,55.6031379699707,56.78438949584961,8249061
2013-11-01,33.30514144897461,55.068763732910156,57.318763732910156,54.9000129699707,56.98126220703125,9616570
2013-11-05,32.369606018066406,53.521888732910156,55.15313720703125,53.18438720703125,54.9843864440918,17767298
2013-11-06,32.743812561035156,54.1406364440918,54.4218864440918,53.60626220703125,53.60626220703125,9564186
2013-11-07,32.33559036254883,53.46563720703125,54.1406364440918,53.18438720703125,53.943763732910156,9949028
2013-11-08,32.675785064697266,54.02813720703125,54.25313949584961,52.678138732910156,53.0156364440918,6427427
2013-11-11,32.641761779785156,53.97188949584961,54.225013732910156,52.98751449584961,53.943763732910156,7123880
2013-11-12,32.43763732910156,53.6343879699707,54.11251449584961,53.32501220703125,53.97188949584961,5714533
2013-11-13,32.65876388549805,54.0000114440918,54.1406364440918,53.18438720703125,53.3531379699707,4914428
2013-11-14,32.65876388549805,54.0000114440918,54.39376449584961,53.8593864440918,54.0562629699707,2329910
2013-11-18,32.77783966064453,54.1968879699707,54.39376449584961,53.83126449584961,54.16876220703125,4220710
2013-11-19,32.33559036254883,53.46563720703125,54.1968879699707,53.0718879699707,53.7750129699707,6280476
2013-11-20,31.893320083618164,52.7343864440918,53.69063949584961,52.62188720703125,53.2125129699707,5017948
2013-11-21,31.774255752563477,52.537513732910156,52.98751449584961,52.14376449584961,52.8750114440918,4281191
2013-11-22,31.944355010986328,52.818763732910156,52.98751449584961,52.42501449584961,52.42501449584961,7516975
2013-11-25,32.02940368652344,52.959388732910156,53.2125129699707,52.70626449584961,52.70626449584961,8325845
2013-11-26,32.063419342041016,53.0156364440918,53.240638732910156,52.5093879699707,52.7343864440918,7679212
2013-11-27,31.349021911621094,51.834388732910156,53.26876449584961,51.6656379699707,52.7343864440918,4670852
2013-11-28,32.21651840209961,53.26876449584961,53.4375114440918,51.553138732910156,51.8906364440918,21937834
2013-11-29,32.35259246826172,53.4937629699707,53.7750129699707,52.537513732910156,53.0718879699707,19972565
2013-12-02,31.84229850769043,52.6500129699707,53.26876449584961,51.8062629699707,51.8062629699707,12138526
2013-12-03,31.893320083618164,52.7343864440918,52.8750114440918,52.42501449584961,52.5937614440918,10819239
2013-12-04,32.5226936340332,53.7750129699707,53.943763732910156,52.48126220703125,52.6500129699707,21813713
2013-12-05,32.760826110839844,54.16876220703125,54.365638732910156,53.521888732910156,54.2812614440918,14177075
2013-12-06,33.66233825683594,55.65938949584961,56.193763732910156,53.97188949584961,53.97188949584961,25973812
2013-12-09,34.46179962158203,56.98126220703125,57.2906379699707,55.4062614440918,55.9687614440918,30640399
2013-12-10,33.475242614746094,55.350013732910156,57.09376525878906,54.5625114440918,56.98126220703125,28724268
2013-12-11,33.33916473388672,55.1250114440918,55.4062614440918,54.646888732910156,54.8437614440918,7491141
2013-12-12,33.32215118408203,55.09688949584961,55.23751449584961,54.787513732910156,54.95626449584961,9916532
2013-12-13,33.1690673828125,54.8437614440918,55.209388732910156,54.59063720703125,54.67501449584961,12252500
2013-12-16,33.679351806640625,55.6875114440918,55.912513732910156,54.45001220703125,54.5625114440918,21800566
2013-12-17,33.57729721069336,55.51876449584961,55.8281364440918,55.0406379699707,55.350013732910156,18137305
2013-12-18,34.01955032348633,56.25001525878906,57.20626449584961,53.2968864440918,53.4375114440918,156704650
2013-12-19,33.76439666748047,55.8281364440918,56.81251525878906,54.1406364440918,54.8437614440918,508752991
2013-12-20,33.81542205810547,55.912513732910156,56.39064025878906,55.2656364440918,55.57501220703125,55032517
2013-12-23,33.91748809814453,56.08126449584961,56.193763732910156,55.43438720703125,55.6875114440918,27772323
2013-12-24,33.526268005371094,55.43438720703125,56.08126449584961,55.37813949584961,55.9687614440918,16656973
2013-12-26,33.679351806640625,55.6875114440918,56.0250129699707,54.7593879699707,55.1812629699707,58569185
2013-12-27,33.951507568359375,56.13751220703125,56.3062629699707,55.23751449584961,55.6875114440918,17259233
2013-12-30,33.679351806640625,55.6875114440918,56.36251449584961,55.4625129699707,55.912513732910156,10546799
2013-12-31,33.985530853271484,56.193763732910156,56.25001525878906,55.6031379699707,55.7437629699707,12881038
2014-01-01,33.849456787109375,55.9687614440918,56.193763732910156,55.771888732910156,56.1656379699707,3186233
2014-01-02,34.665924072265625,57.318763732910156,57.600013732910156,56.25001525878906,56.3062629699707,29730385
2014-01-03,34.257686614990234,56.64376449584961,57.79689025878906,56.334388732910156,57.318763732910156,10720086
2014-01-06,33.985530853271484,56.193763732910156,56.81251525878906,55.7437629699707,56.81251525878906,6603244
2014-01-07,33.61130905151367,55.57501220703125,56.25001525878906,55.43438720703125,56.193763732910156,12753362
2014-01-08,33.59431076049805,55.5468864440918,55.9687614440918,55.4062614440918,55.43438720703125,10653844
2014-01-09,33.628334045410156,55.6031379699707,55.9687614440918,55.4062614440918,55.5468864440918,12969982
2014-01-10,33.15204620361328,54.81563949584961,55.9687614440918,54.30938720703125,55.9687614440918,21668655
2014-01-13,33.33916473388672,55.1250114440918,55.350013732910156,54.45001220703125,54.45001220703125,11775173
2014-01-14,33.15204620361328,54.81563949584961,55.4062614440918,54.646888732910156,55.068763732910156,6262293
2014-01-15,33.1690673828125,54.8437614440918,55.9687614440918,54.6187629699707,54.87188720703125,8229009
2014-01-16,33.42420959472656,55.2656364440918,55.490638732910156,54.928138732910156,55.068763732910156,15169976
2014-01-17,33.08401107788086,54.7031364440918,55.2656364440918,54.39376449584961,55.1250114440918,11229974
2014-01-20,33.50926971435547,55.4062614440918,55.631263732910156,54.5625114440918,54.5625114440918,13050752
2014-01-21,33.288124084472656,55.0406379699707,55.5468864440918,54.95626449584961,55.209388732910156,11629511
2014-01-22,33.3731803894043,55.1812629699707,55.631263732910156,55.0406379699707,55.068763732910156,12315468
2014-01-23,33.356170654296875,55.15313720703125,55.37813949584961,54.9000129699707,55.1250114440918,5617086
2014-01-24,33.3731803894043,55.1812629699707,55.51876449584961,54.9843864440918,55.01251220703125,11973294
2014-01-27,32.84587478637695,54.30938720703125,55.631263732910156,53.9156379699707,54.787513732910156,12637443
2014-01-28,32.862884521484375,54.3375129699707,54.5625114440918,54.16876220703125,54.30938720703125,7516995
2014-01-29,32.55670928955078,53.83126449584961,54.53438949584961,53.662513732910156,54.39376449584961,5177129
2014-01-30,32.5226936340332,53.7750129699707,54.16876220703125,53.4375114440918,53.83126449584961,28308126
2014-01-31,32.48867416381836,53.7187614440918,54.0000114440918,53.55001449584961,54.0000114440918,15088682
2014-02-03,32.386619567871094,53.55001449584961,54.365638732910156,53.40938949584961,53.521888732910156,4482727
2014-02-04,32.43763732910156,53.6343879699707,54.11251449584961,53.32501220703125,53.46563720703125,8237100
2014-02-05,32.91392135620117,54.4218864440918,54.4781379699707,53.26876449584961,53.26876449584961,8121381
2014-02-06,32.72681427001953,54.11251449584961,54.2812614440918,53.5781364440918,54.0000114440918,8396200
2014-02-07,33.1690673828125,54.8437614440918,55.0406379699707,53.88751220703125,54.11251449584961,6497909
2014-02-10,32.99895477294922,54.5625114440918,55.1250114440918,54.39376449584961,54.7593879699707,3792896
2014-02-11,32.5226936340332,53.7750129699707,54.787513732910156,53.7187614440918,54.6187629699707,5013980
2014-02-12,32.55670928955078,53.83126449584961,54.1968879699707,53.6343879699707,53.943763732910156,5538187
2014-02-13,32.31856918334961,53.4375114440918,53.943763732910156,53.381263732910156,53.74688720703125,6549052
2014-02-14,32.403621673583984,53.5781364440918,53.6343879699707,53.40938949584961,53.55001449584961,14754417
2014-02-17,32.50568389892578,53.74688720703125,53.9156379699707,53.4937629699707,53.4937629699707,4752663
2014-02-18,32.57371520996094,53.8593864440918,54.0562629699707,53.7187614440918,53.803138732910156,4866082
2014-02-19,32.28455352783203,53.381263732910156,53.9156379699707,53.18438720703125,53.74688720703125,2804777
2014-02-20,32.35259246826172,53.4937629699707,53.803138732910156,53.0156364440918,53.2125129699707,5141168
2014-02-21,32.42062759399414,53.60626220703125,53.83126449584961,53.4937629699707,53.5781364440918,4456386
2014-02-24,32.33559036254883,53.46563720703125,53.5781364440918,52.90313720703125,53.5781364440918,5118446
2014-02-25,32.42062759399414,53.60626220703125,53.7750129699707,53.381263732910156,53.4937629699707,4052135
2014-02-26,32.386619567871094,53.55001449584961,54.11251449584961,53.3531379699707,53.7187614440918,21051173
2014-02-28,32.148475646972656,53.1562614440918,53.662513732910156,52.4531364440918,53.46563720703125,27401493
2014-03-03,32.21651840209961,53.26876449584961,53.60626220703125,52.7906379699707,52.9312629699707,15373777
2014-03-04,33.154422760009766,54.084388732910156,54.3375129699707,52.818763732910156,52.98751449584961,9410466
2014-03-05,33.223392486572266,54.1968879699707,54.365638732910156,53.662513732910156,54.11251449584961,5385763
2014-03-06,33.6544075012207,54.9000129699707,55.29376220703125,54.084388732910156,54.1968879699707,7952223
2014-03-07,34.13715362548828,55.6875114440918,55.94063949584961,54.7031364440918,54.7031364440918,13092149
2014-03-10,34.102691650390625,55.631263732910156,55.85626220703125,54.95626449584961,55.5468864440918,11546535
2014-03-11,34.085445404052734,55.6031379699707,55.7437629699707,55.209388732910156,55.350013732910156,7773473
2014-03-12,33.96475601196289,55.4062614440918,55.5468864440918,55.01251220703125,55.3218879699707,15253272
2014-03-13,34.06818771362305,55.57501220703125,56.25001525878906,55.1812629699707,55.43438720703125,12326297
2014-03-14,33.91302490234375,55.3218879699707,56.25001525878906,55.1250114440918,55.29376220703125,11859122
2014-03-18,34.98197555541992,57.06563949584961,57.34688949584961,55.4062614440918,55.4062614440918,15512927
2014-03-19,35.27506637573242,57.54376220703125,58.19063949584961,57.0093879699707,57.0093879699707,12921191
2014-03-20,34.24060821533203,55.85626220703125,57.48751449584961,55.6875114440918,57.20626449584961,6054665
2014-03-21,34.775081634521484,56.7281379699707,57.8531379699707,55.99688720703125,56.13751220703125,21508819
2014-03-24,35.585411071777344,58.05001449584961,58.61251449584961,56.81251525878906,56.81251525878906,9956813
2014-03-25,36.41297149658203,59.4000129699707,59.59688949584961,57.7125129699707,57.7125129699707,14139614
2014-03-26,35.86126708984375,58.50001525878906,59.90626525878906,58.2750129699707,59.62501525878906,6805235
2014-03-27,36.37849807739258,59.34376525878906,59.850013732910156,58.50001525878906,58.50001525878906,20892387
2014-03-28,37.05088806152344,60.44063949584961,60.89064025878906,58.95001220703125,59.2593879699707,6967406
2014-03-31,36.20608139038086,59.06251525878906,60.918766021728516,58.80938720703125,60.30001449584961,6602071
2014-04-01,37.24053192138672,60.75001525878906,61.56563949584961,59.1187629699707,59.34376525878906,13292951
2014-04-02,37.378456115722656,60.975013732910156,61.36876678466797,60.32814025878906,60.834388732910156,8823613
2014-04-03,37.48191452026367,61.14376449584961,61.65001678466797,60.131263732910156,60.80626678466797,6355761
2014-04-04,36.75778579711914,59.9625129699707,61.17189025878906,59.8218879699707,61.17189025878906,7240495
2014-04-07,36.86123275756836,60.131263732910156,60.89064025878906,59.51251220703125,60.01876449584961,6247841
2014-04-09,36.809513092041016,60.04689025878906,60.412513732910156,59.37188720703125,60.215641021728516,6654828
2014-04-10,37.17156982421875,60.637516021728516,60.86251449584961,59.73751449584961,60.131263732910156,9464658
2014-04-11,37.11985778808594,60.553138732910156,60.72188949584961,60.271888732910156,60.30001449584961,6290384
2014-04-15,37.18881607055664,60.66564178466797,60.86251449584961,60.075016021728516,60.32814025878906,9004170
2014-04-16,37.137088775634766,60.58126449584961,60.86251449584961,59.45626449584961,60.60939025878906,10220793
2014-04-17,36.96468734741211,60.30001449584961,60.46876525878906,59.709388732910156,60.44063949584961,10918544
2014-04-21,36.533660888671875,59.59688949584961,60.86251449584961,59.48439025878906,60.075016021728516,4950498
2014-04-22,36.533660888671875,59.59688949584961,59.90626525878906,58.6968879699707,59.73751449584961,8749084
2014-04-23,36.41297149658203,59.4000129699707,60.15938949584961,59.17501449584961,59.568763732910156,11101407
2014-04-24,36.41297149658203,59.4000129699707,59.4000129699707,59.4000129699707,59.4000129699707,0
2014-04-25,36.37849807739258,59.34376525878906,59.79376220703125,58.8375129699707,59.287513732910156,5635586
2014-04-28,36.585384368896484,59.6812629699707,59.90626525878906,58.95001220703125,59.20314025878906,4189566
2014-04-29,36.41297149658203,59.4000129699707,60.412513732910156,59.146888732910156,60.075016021728516,8984063
2014-04-30,36.48193359375,59.51251220703125,60.693763732910156,59.006263732910156,59.48439025878906,9560866
2014-05-02,36.05091094970703,58.80938720703125,59.87813949584961,58.5562629699707,59.4000129699707,2642603
2014-05-05,36.24055862426758,59.1187629699707,59.4000129699707,58.47188949584961,58.66876220703125,1955739
2014-05-06,35.344024658203125,57.65626525878906,59.146888732910156,57.37501525878906,59.006263732910156,4306301
2014-05-07,35.344024658203125,57.65626525878906,58.303138732910156,57.37501525878906,57.76876449584961,6851875
2014-05-08,35.706085205078125,58.24688720703125,58.89376449584961,57.65626525878906,58.162513732910156,6511390
2014-05-09,36.843997955322266,60.10314178466797,60.32814025878906,58.24688720703125,58.38751220703125,19808139
2014-05-12,38.44740676879883,62.71876525878906,63.56251525878906,59.87813949584961,59.87813949584961,8560913
2014-05-13,38.91291046142578,63.47814178466797,64.85626220703125,63.05626678466797,63.225013732910156,14210275
2014-05-14,38.61981964111328,63.00001525878906,64.12501525878906,62.71876525878906,63.53438949584961,8786547
2014-05-15,39.46462631225586,64.37814331054688,65.02501678466797,60.89064025878906,62.746891021728516,17562208
2014-05-16,41.20596694946289,67.21876525878906,70.67813873291016,65.84063720703125,65.84063720703125,35379329
2014-05-19,42.15421676635742,68.76564025878906,70.42501831054688,67.66876220703125,67.66876220703125,25035487
2014-05-20,43.067989349365234,70.25626373291016,71.77501678466797,69.15939331054688,69.72189331054688,22538200
2014-05-21,42.91282272338867,70.00314331054688,70.79064178466797,69.18751525878906,69.75001525878906,10213784
2014-05-22,43.24040603637695,70.53751373291016,71.40939331054688,69.27188873291016,69.80626678466797,17055437
2014-05-23,45.11967086791992,73.60314178466797,74.25001525878906,67.52813720703125,70.87501525878906,22941667
2014-05-26,44.18864822387695,72.08439636230469,75.82501983642578,69.18751525878906,74.08126831054688,23747350
2014-05-27,43.757633209228516,71.38126373291016,72.28126525878906,69.75001525878906,70.65001678466797,11091241
2014-05-28,43.050743103027344,70.22814178466797,71.43751525878906,69.91876983642578,71.43751525878906,13246147
2014-05-29,43.11970138549805,70.34064483642578,71.43751525878906,69.97501373291016,70.79064178466797,14803509
2014-05-30,42.06801223754883,68.62501525878906,71.15626525878906,67.58438873291016,70.59376525878906,69911271
2014-06-02,43.17143249511719,70.42501831054688,71.07189178466797,68.73751831054688,68.79376983642578,13367356
2014-06-03,43.188682556152344,70.45314025878906,71.18439483642578,69.49689483642578,70.31251525878906,18372713
2014-06-04,42.84385299682617,69.89064025878906,70.81876373291016,69.63751983642578,70.45314025878906,23251745
2014-06-05,43.757633209228516,71.38126373291016,72.28126525878906,70.59376525878906,70.70626831054688,19424103
2014-06-06,44.171417236328125,72.05626678466797,72.22502136230469,70.90314483642578,71.94376373291016,14951210
2014-06-09,47.36100387573242,77.25939178466797,80.21251678466797,72.08439636230469,72.47814178466797,41900147
2014-06-10,46.87825393676758,76.47189331054688,79.31251525878906,75.65626525878906,78.41252136230469,22963428
2014-06-11,46.119651794433594,75.23439025878906,77.14689636230469,73.99689483642578,76.47189331054688,14529763
2014-06-12,47.050662994384766,76.75314331054688,77.37189483642578,74.36251831054688,75.15001678466797,15766959
2014-06-13,45.99897384643555,75.03752136230469,77.90626525878906,73.12501525878906,77.23126983642578,10439654
2014-06-16,45.44725799560547,74.13751983642578,74.81251525878906,72.92814636230469,74.81251525878906,11540459
2014-06-17,46.033443450927734,75.09376525878906,75.82501983642578,73.71564483642578,73.71564483642578,16756330
2014-06-18,46.1886100769043,75.34689331054688,76.78126525878906,73.96876525878906,75.37501525878906,13262126
2014-06-19,45.240360260009766,73.80001831054688,75.93751525878906,73.51876831054688,75.37501525878906,4904553
2014-06-20,45.619659423828125,74.41876983642578,75.00939178466797,73.49064636230469,74.19377136230469,9100975
2014-06-23,45.309329986572266,73.91252136230469,75.09376525878906,73.54689025878906,74.25001525878906,9955400
2014-06-24,45.65414810180664,74.47502136230469,75.12189483642578,74.19377136230469,74.78439331054688,10866416
2014-06-25,45.65414810180664,74.47502136230469,74.95314025878906,73.91252136230469,74.25001525878906,14393130
2014-06-26,45.70586013793945,74.55939483642578,75.09376525878906,74.02501678466797,74.84064483642578,19577916
2014-06-27,47.08514404296875,76.80939483642578,77.28752136230469,73.96876525878906,74.81251525878906,21315448
2014-06-30,47.99891662597656,78.30001831054688,78.86251831054688,77.23126983642578,77.51251983642578,33365772
2014-07-01,48.27476119995117,78.75001525878906,79.67814636230469,77.87814331054688,78.75001525878906,17681327
2014-07-02,48.72304153442383,79.48126983642578,80.2968978881836,79.08751678466797,79.08751678466797,15633096
2014-07-03,48.447181701660156,79.03126525878906,79.87501525878906,78.27189636230469,79.73439025878906,10773481
2014-07-04,49.7230224609375,81.11251831054688,82.29376983642578,78.49689483642578,78.97502136230469,11771805
2014-07-07,50.360923767089844,82.15314483642578,82.65939331054688,81.02814483642578,81.8437728881836,13259170
2014-07-08,47.49892807006836,77.48439025878906,82.35002136230469,76.50001525878906,82.1250228881836,14948074
2014-07-09,46.96446228027344,76.61251831054688,78.41252136230469,75.26251983642578,77.62501525878906,8629784
2014-07-10,47.42996597290039,77.37189483642578,78.60939025878906,73.12501525878906,77.06251525878906,17933570
2014-07-11,45.75759506225586,74.64376831054688,78.10314178466797,73.51876831054688,77.23126983642578,11319671
2014-07-14,46.1886100769043,75.34689331054688,76.89376831054688,74.10939025878906,74.64376831054688,7915363
2014-07-15,46.60240173339844,76.02189636230469,76.44377136230469,74.86876678466797,75.62814331054688,9737615
2014-07-16,46.98169708251953,76.64064025878906,77.17501831054688,74.98126983642578,76.13439178466797,6411041
2014-07-17,47.82650375366211,78.01876831054688,78.41252136230469,76.33126831054688,76.52814483642578,8924449
2014-07-18,47.27478790283203,77.11876678466797,77.70939636230469,76.44377136230469,77.54064178466797,5148178
2014-07-21,47.20582962036133,77.00627136230469,77.62501525878906,76.72502136230469,77.11876678466797,4656631
2014-07-22,46.80928421020508,76.35939025878906,77.51251983642578,75.74064636230469,77.06251525878906,6944595
2014-07-23,46.99893569946289,76.66876983642578,77.73751831054688,76.05001831054688,76.75314331054688,7269605
2014-07-24,46.429988861083984,75.74064636230469,76.78126525878906,75.37501525878906,76.61251831054688,5942240
2014-07-25,46.481712341308594,75.82501983642578,76.27501678466797,74.30626678466797,75.65626525878906,8230977
2014-07-28,45.93000030517578,74.92501831054688,76.27501678466797,74.36251831054688,75.93751525878906,5386124
2014-07-30,46.447235107421875,75.76876831054688,76.47189331054688,74.81251525878906,74.81251525878906,8577572
2014-07-31,45.89551544189453,74.86876678466797,75.74064636230469,74.47502136230469,75.48751831054688,19081582
2014-08-01,44.757606506347656,73.01251983642578,74.81251525878906,72.70314025878906,74.81251525878906,10682255
2014-08-04,45.67139434814453,74.50314331054688,75.76876831054688,72.19689178466797,73.68751525878906,23311942
2014-08-05,45.67139434814453,74.50314331054688,75.40314483642578,73.68751525878906,74.81251525878906,16126934
2014-08-06,46.22309875488281,75.40314483642578,75.88127136230469,73.88439178466797,74.16564178466797,9867110
2014-08-07,46.378257751464844,75.65626525878906,76.69689178466797,75.29064178466797,75.79689025878906,11406313
2014-08-08,45.48173141479492,74.19377136230469,75.45939636230469,73.37814331054688,75.23439025878906,5755079
2014-08-11,45.49897384643555,74.22189331054688,75.26251983642578,73.12501525878906,75.26251983642578,7165189
2014-08-12,45.6024169921875,74.39064025878906,74.75627136230469,73.74376678466797,74.30626678466797,4457748
2014-08-13,45.619659423828125,74.41876983642578,75.51564025878906,73.60314178466797,74.25001525878906,7838517
2014-08-14,45.93000030517578,74.92501831054688,75.37501525878906,74.55939483642578,75.09376525878906,4598772
2014-08-18,46.481712341308594,75.82501983642578,76.10626983642578,74.44689178466797,74.58751678466797,5649943
2014-08-19,47.08514404296875,76.80939483642578,77.56877136230469,75.03752136230469,75.99376678466797,7522151
2014-08-20,47.27478790283203,77.11876678466797,77.40001678466797,76.66876983642578,76.89376831054688,11632976
2014-08-21,47.050662994384766,76.75314331054688,77.11876678466797,76.27501678466797,76.89376831054688,5097954
2014-08-22,46.25758743286133,75.45939636230469,77.00627136230469,75.31877136230469,76.78126525878906,3969492
2014-08-25,45.67139434814453,74.50314331054688,75.65626525878906,74.25001525878906,75.48751831054688,7109144
2014-08-26,45.1713981628418,73.68751525878906,74.81251525878906,73.35002136230469,74.22189331054688,7855848
2014-08-27,44.65415573120117,72.84376525878906,74.36251831054688,71.91564178466797,73.51876831054688,14179712
2014-08-28,44.550716400146484,72.67501831054688,73.29376983642578,71.69064331054688,72.87189483642578,24486863
2014-09-01,45.65414810180664,74.47502136230469,74.70001983642578,71.55001831054688,72.00001525878906,7250215
2014-09-02,45.688621520996094,74.53126525878906,74.95314025878906,73.82814025878906,74.13751983642578,8985537
2014-09-03,45.77482604980469,74.67189025878906,75.09376525878906,73.91252136230469,74.89689636230469,8220774
2014-09-04,46.71861267089844,75.45939636230469,75.65626525878906,73.43439483642578,74.30626678466797,8542895
2014-09-05,46.82307052612305,75.62814331054688,76.21876525878906,74.81251525878906,75.74064636230469,5566453
2014-09-08,46.35293197631836,74.86876678466797,76.33126831054688,74.10939025878906,75.93751525878906,6820385
2014-09-09,46.683773040771484,75.40314483642578,75.93751525878906,75.09376525878906,75.15001678466797,6490318
2014-09-10,47.415122985839844,76.58439636230469,76.83751678466797,75.23439025878906,75.23439025878906,5594235
2014-09-11,48.00715255737305,77.54064178466797,77.73751831054688,76.10626983642578,76.80939483642578,6309287
2014-09-12,47.06685256958008,76.02189636230469,77.56877136230469,75.74064636230469,77.23126983642578,7528757
2014-09-15,47.62407684326172,76.92189025878906,77.23126983642578,75.29064178466797,75.40314483642578,3929071
2014-09-16,47.345458984375,76.47189331054688,77.51251983642578,75.65626525878906,76.64064025878906,6434969
2014-09-17,47.415122985839844,76.58439636230469,76.83751678466797,75.26251983642578,76.78126525878906,5122756
2014-09-18,47.554405212402344,76.80939483642578,77.56877136230469,76.02189636230469,76.38751983642578,16935401
2014-09-19,47.658897399902344,76.97814178466797,78.27189636230469,76.35939025878906,76.35939025878906,17128011
2014-09-22,47.71113204956055,77.06251525878906,77.28752136230469,76.19064331054688,76.95001983642578,7010679
2014-09-23,47.5369987487793,76.78126525878906,77.85002136230469,76.35939025878906,77.34376525878906,10349414
2014-09-24,47.310646057128906,76.41564178466797,77.28752136230469,76.13439178466797,76.55626678466797,6457902
2014-09-25,47.36286544799805,76.50001525878906,77.09064483642578,76.07814025878906,76.50001525878906,16106351
2014-09-26,47.71113204956055,77.06251525878906,77.28752136230469,75.96564483642578,76.52814483642578,5236288
2014-09-29,48.59918212890625,78.49689483642578,78.80626678466797,76.78126525878906,77.06251525878906,8073293
2014-09-30,47.10167694091797,76.07814025878906,78.21564483642578,75.43126678466797,78.15939331054688,12952693
2014-10-01,47.345458984375,76.47189331054688,77.62501525878906,75.76876831054688,76.50001525878906,7924373
2014-10-07,47.79819107055664,77.20314025878906,77.48439025878906,75.90939331054688,76.47189331054688,8847590
2014-10-08,48.02457046508789,77.56877136230469,78.07501983642578,76.95001983642578,77.06251525878906,4593053
2014-10-09,48.07680892944336,77.65314483642578,78.13127136230469,77.23126983642578,77.70939636230469,9248781
2014-10-10,47.380287170410156,76.52814483642578,77.54064178466797,76.33126831054688,77.34376525878906,11619666
2014-10-13,46.96237564086914,75.85314178466797,76.69689178466797,75.68439483642578,75.85314178466797,10406480
2014-10-14,47.380287170410156,76.52814483642578,76.86564636230469,75.57189178466797,76.02189636230469,14165351
2014-10-15,47.380287170410156,76.52814483642578,76.52814483642578,76.52814483642578,76.52814483642578,0
2014-10-16,46.648948669433594,75.34689331054688,76.58439636230469,74.53126525878906,76.50001525878906,11263977
2014-10-17,46.701194763183594,75.43126678466797,76.21876525878906,75.09376525878906,75.90939331054688,5532569
2014-10-20,47.04944610595703,75.99376678466797,76.78126525878906,75.09376525878906,75.09376525878906,7878465
2014-10-21,48.73847579956055,78.72189331054688,79.22814178466797,76.02189636230469,76.35939025878906,6706899
2014-10-22,48.686248779296875,78.63751983642578,79.59376525878906,78.15939331054688,79.31251525878906,11612786
2014-10-27,49.46983337402344,79.90314483642578,81.78752136230469,78.83439636230469,79.25627136230469,11023074
2014-10-28,49.626548767089844,80.1562728881836,80.38127136230469,78.63751983642578,79.73439025878906,7011349
2014-10-29,49.643943786621094,80.18439483642578,81.0000228881836,78.75001525878906,80.66252136230469,13392055
2014-10-30,50.30564880371094,81.25314331054688,81.67501831054688,79.65001678466797,79.87501525878906,15543181
2014-10-31,50.77579879760742,82.01251983642578,82.32189178466797,80.91564178466797,81.25314331054688,12145111
2014-11-03,50.4449462890625,81.47814178466797,84.3750228881836,81.30939483642578,82.4062728881836,13632949
2014-11-05,49.609130859375,80.12814331054688,82.06877136230469,79.90314483642578,81.39376831054688,5298871
2014-11-07,50.46235656738281,81.50627136230469,81.8437728881836,79.93126678466797,79.93126678466797,4488647
2014-11-10,51.5767707824707,83.30626678466797,84.03752136230469,80.2968978881836,81.5625228881836,10354057
2014-11-11,51.42006301879883,83.05314636230469,84.88127136230469,82.63127136230469,83.8125228881836,8362310
2014-11-12,49.78324890136719,80.40939331054688,83.02501678466797,79.90314483642578,82.65939331054688,6309241
2014-11-13,50.37529754638672,81.36564636230469,81.75939178466797,80.4375228881836,80.97189331054688,10971261
2014-11-14,50.18375015258789,81.05626678466797,82.06877136230469,80.4375228881836,80.91564178466797,6123081
2014-11-17,51.10662841796875,82.5468978881836,82.71564483642578,80.83126831054688,81.22502136230469,4923950
2014-11-18,51.663848876953125,83.44689178466797,84.26251983642578,82.1250228881836,82.65939331054688,6475424
2014-11-19,51.071800231933594,82.49064636230469,84.3750228881836,81.7031478881836,83.6718978881836,5431984
2014-11-20,50.897674560546875,82.20939636230469,82.6875228881836,81.1406478881836,82.23751831054688,3590544
2014-11-21,51.03697967529297,82.43439483642578,82.6875228881836,81.81564331054688,81.81564331054688,5424821
2014-11-24,49.609130859375,80.12814331054688,81.8437728881836,79.42501831054688,81.45001983642578,6633290
2014-11-25,48.44248580932617,78.24376678466797,79.31251525878906,76.41564178466797,79.31251525878906,55543705
2014-11-26,48.45988845825195,78.27189636230469,79.03126525878906,77.65314483642578,77.90626525878906,5741991
2014-11-27,49.01708221435547,79.17189025878906,80.04376983642578,78.38439178466797,78.38439178466797,4482174
2014-11-28,49.69619369506836,80.26876831054688,80.77501678466797,78.44064331054688,79.25627136230469,4619433
2014-12-01,48.181270599365234,77.82189178466797,80.38127136230469,77.51251983642578,79.84689331054688,2477146
2014-12-02,48.07680892944336,77.65314483642578,78.30001831054688,77.48439025878906,77.62501525878906,2350906
2014-12-03,47.78077697753906,77.17501831054688,78.21564483642578,77.00627136230469,77.62501525878906,8617759
2014-12-04,47.5369987487793,76.78126525878906,77.45626831054688,76.33126831054688,77.11876678466797,4516507
2014-12-05,47.62407684326172,76.92189025878906,77.73751831054688,76.50001525878906,76.66876983642578,5700055
2014-12-08,47.310646057128906,76.41564178466797,77.79376983642578,76.19064331054688,76.92189025878906,3081176
2014-12-09,46.99721145629883,75.90939331054688,76.97814178466797,75.71251678466797,76.16252136230469,4817465
2014-12-10,47.79819107055664,77.20314025878906,77.51251983642578,75.54376983642578,75.71251678466797,3714413
2014-12-11,47.345458984375,76.47189331054688,77.62501525878906,75.79689025878906,77.56877136230469,3222482
2014-12-12,46.944969177246094,75.82501983642578,76.69689178466797,75.12189483642578,76.55626678466797,4812683
2014-12-15,46.82307052612305,75.62814331054688,76.05001831054688,74.78439331054688,75.23439025878906,2791969
2014-12-16,46.33551788330078,74.84064483642578,75.85314178466797,74.33439636230469,75.12189483642578,4811157
2014-12-17,45.621585845947266,73.68751525878906,75.57189178466797,72.90001678466797,74.58751678466797,6760384
2014-12-18,45.83054733276367,74.02501678466797,75.00939178466797,72.87189483642578,74.27814483642578,5750448
2014-12-19,47.29322052001953,76.38751983642578,76.58439636230469,73.40626525878906,74.61564636230469,4845177
2014-12-22,47.658897399902344,76.97814178466797,77.20314025878906,75.79689025878906,76.44377136230469,3767407
2014-12-23,48.4250602722168,78.21564483642578,78.60939025878906,76.75314331054688,76.95001983642578,6644017
2014-12-24,47.46735382080078,76.66876983642578,78.15939331054688,75.43126678466797,78.15939331054688,8715919
2014-12-26,47.74596405029297,77.11876678466797,78.60939025878906,76.78126525878906,77.90626525878906,2310253
2014-12-29,47.71113204956055,77.06251525878906,78.32814025878906,76.89376831054688,77.62501525878906,1421574
2014-12-30,47.937496185302734,77.42814636230469,77.90626525878906,77.20314025878906,77.62501525878906,2146065
2014-12-31,48.05939483642578,77.62501525878906,78.83439636230469,77.31564331054688,77.79376983642578,3960548
2015-01-01,47.74596405029297,77.11876678466797,77.73751831054688,77.00627136230469,77.62501525878906,778837
2015-01-02,48.32059097290039,78.04689025878906,78.38439178466797,77.14689636230469,77.14689636230469,3612848
2015-01-05,48.3728141784668,78.13127136230469,78.80626678466797,76.58439636230469,77.90626525878906,7291352
2015-01-06,47.29322052001953,76.38751983642578,77.79376983642578,75.45939636230469,77.65314483642578,8288963
2015-01-07,47.972312927246094,77.48439025878906,77.90626525878906,75.09376525878906,75.93751525878906,3256180
2015-01-08,48.181270599365234,77.82189178466797,78.13127136230469,76.64064025878906,77.62501525878906,2436600
2015-01-09,48.21611022949219,77.87814331054688,78.46876525878906,77.03439331054688,77.79376983642578,2079643
2015-01-12,47.5369987487793,76.78126525878906,78.30001831054688,76.21876525878906,77.40001678466797,3660975
2015-01-13,47.310646057128906,76.41564178466797,77.51251983642578,76.07814025878906,76.80939483642578,2850708
2015-01-14,47.380287170410156,76.52814483642578,77.00627136230469,75.82501983642578,76.38751983642578,3939014
2015-01-15,49.78324890136719,80.40939331054688,80.83126831054688,76.78126525878906,76.78126525878906,6425406
2015-01-16,51.315582275390625,82.88439178466797,83.78439331054688,79.20001983642578,80.32501983642578,8222495
2015-01-19,51.48971939086914,83.16564178466797,83.75627136230469,81.22502136230469,82.77189636230469,5082702
2015-01-20,51.3329963684082,82.91252136230469,84.3750228881836,82.57501983642578,83.8125228881836,6145107
2015-01-21,51.15887451171875,82.63127136230469,83.27814483642578,82.15314483642578,82.85626983642578,2865190
2015-01-22,51.663848876953125,83.44689178466797,85.16252136230469,82.49064636230469,82.74376678466797,7016755
2015-01-23,52.08176040649414,84.12189483642578,84.3750228881836,82.80001831054688,83.70001983642578,4549463
2015-01-27,52.22104263305664,84.34689331054688,84.9375228881836,82.80001831054688,83.3906478881836,6048058
2015-01-28,52.04692077636719,84.06564331054688,85.33126831054688,83.8125228881836,84.62814331054688,5448999
2015-01-29,51.8205451965332,83.70001983642578,84.34689331054688,83.02501678466797,84.2906494140625,6923717
2015-01-30,51.54195022583008,83.2500228881836,84.6562728881836,82.1250228881836,83.5312728881836,3094145
2015-02-02,51.48971939086914,83.16564178466797,83.64376831054688,82.1250228881836,82.8281478881836,2427202
2015-02-03,51.26335144042969,82.80001831054688,84.03752136230469,82.4062728881836,83.75627136230469,1320013
2015-02-04,50.9325065612793,82.2656478881836,83.9531478881836,82.06877136230469,82.9687728881836,1740828
2015-02-05,50.02704620361328,80.80314636230469,82.63127136230469,80.26876831054688,82.2656478881836,2453418
2015-02-06,49.957366943359375,80.69064331054688,81.5625228881836,79.65001678466797,80.10002136230469,2422833
2015-02-09,49.26087951660156,79.56564331054688,80.69064331054688,78.75001525878906,80.4375228881836,2511094
2015-02-10,50.532005310058594,81.61876678466797,82.23751831054688,78.75001525878906,78.86251831054688,3982617
2015-02-11,50.75838088989258,81.9843978881836,83.72814178466797,81.5625228881836,82.1250228881836,5670681
2015-02-12,52.325531005859375,84.5156478881836,85.5000228881836,82.15314483642578,83.70001983642578,7776840
2015-02-13,52.76085662841797,85.2187728881836,85.89376831054688,84.0093994140625,85.3593978881836,8270115
2015-02-16,53.19618225097656,85.9218978881836,86.85002136230469,85.5000228881836,85.5000228881836,3789682
2015-02-18,53.8926887512207,87.0468978881836,87.1875228881836,85.0781478881836,85.5562744140625,4034642
2015-02-19,53.73598098754883,86.79376983642578,87.21564483642578,85.02189636230469,87.07501983642578,2708022
2015-02-20,53.370304107666016,86.2031478881836,87.07501983642578,85.66876983642578,86.56877136230469,4586215
2015-02-23,54.29317855834961,87.69377136230469,88.5937728881836,85.7812728881836,86.0625228881836,5857600
2015-02-24,54.58918380737305,88.1718978881836,88.70626831054688,87.49689483642578,87.69377136230469,3786009
2015-02-25,53.823028564453125,86.93439483642578,88.7343978881836,85.8375244140625,88.6500244140625,3842514
2015-02-26,53.19618225097656,85.9218978881836,88.00314331054688,84.82501983642578,86.6812744140625,7368101
2015-02-27,54.711097717285156,88.3687744140625,88.5937728881836,85.5562744140625,86.03439331054688,4870174
2015-03-02,54.57176971435547,88.14376831054688,89.4375228881836,87.41252136230469,88.7343978881836,3288237
2015-03-03,54.17129135131836,87.49689483642578,87.97502136230469,86.70939636230469,87.86251831054688,3773373
2015-03-04,53.788204193115234,86.87814331054688,88.5093994140625,86.1187744140625,87.83439636230469,4927543
2015-03-05,54.031982421875,87.27189636230469,87.83439636230469,85.2750244140625,86.6250228881836,2511965
2015-03-09,52.55927276611328,84.5156478881836,86.8218994140625,84.20626831054688,86.23126983642578,2904210
2015-03-10,51.947105407714844,83.5312728881836,84.5718994140625,82.51876831054688,84.5156478881836,4007085
2015-03-11,51.73720932006836,83.19377136230469,84.3750228881836,82.94064331054688,84.03752136230469,3350372
2015-03-12,52.34939193725586,84.17814636230469,85.72502136230469,83.27814483642578,83.27814483642578,4034334
2015-03-13,51.28246307373047,82.46251678466797,84.60002136230469,82.1250228881836,84.5156478881836,3743353
2015-03-16,51.33492660522461,82.5468978881836,83.08126831054688,81.87189483642578,81.87189483642578,1546607
2015-03-17,51.64977264404297,83.05314636230469,83.8125228881836,82.15314483642578,82.74376678466797,4288235
2015-03-18,51.29994201660156,82.49064636230469,83.3906478881836,82.06877136230469,82.9687728881836,3493449
2015-03-19,51.10756301879883,82.18126678466797,83.9531478881836,81.5625228881836,82.49064636230469,2641643
2015-03-20,51.842159271240234,83.36251831054688,84.2906494140625,81.33751678466797,82.1250228881836,3763675
2015-03-23,52.19197463989258,83.92501831054688,85.44377136230469,83.55939483642578,84.0937728881836,4249360
2015-03-24,51.75470733642578,83.22189331054688,84.8531494140625,82.9687728881836,83.8125228881836,5170910
2015-03-25,51.24747848510742,82.4062728881836,83.55939483642578,82.23751831054688,83.1093978881836,6008163
2015-03-26,50.75774383544922,81.61876678466797,84.0937728881836,81.02814483642578,82.63127136230469,11848617
2015-03-27,50.63530731201172,81.4218978881836,82.09689331054688,80.55001831054688,81.61876678466797,3479176
2015-03-30,50.72275161743164,81.5625228881836,81.90001678466797,80.77501678466797,81.59064483642578,4359504
2015-03-31,50.810218811035156,81.7031478881836,82.37814331054688,81.2812728881836,81.8437728881836,4797950
2015-04-01,51.229976654052734,82.37814331054688,82.60314178466797,81.61876678466797,81.61876678466797,2808077
2015-04-06,51.75470733642578,83.22189331054688,84.06564331054688,82.04064178466797,82.35002136230469,5315447
2015-04-07,51.75470733642578,83.22189331054688,83.36251831054688,82.1250228881836,82.80001831054688,2457023
2015-04-08,51.52732467651367,82.85626983642578,84.26251983642578,82.6875228881836,82.99689483642578,4009038
2015-04-09,52.82163619995117,84.9375228881836,85.2750244140625,82.91252136230469,82.99689483642578,2422269
2015-04-10,53.416316986083984,85.89376831054688,86.09064483642578,84.54376983642578,85.2187728881836,2200148
2015-04-13,53.99351119995117,86.8218994140625,87.58126831054688,84.7968978881836,85.95001983642578,2208671
2015-04-15,53.014034271240234,85.24689483642578,87.7500228881836,84.9375228881836,87.15939331054688,2330815
2015-04-16,52.71669006347656,84.76876831054688,85.6406478881836,82.9687728881836,85.02189636230469,2492100
2015-04-17,52.50680160522461,84.4312744140625,85.2750244140625,83.86876678466797,84.76876831054688,3666806
2015-04-20,52.40186309814453,84.26251983642578,85.8375244140625,83.61564636230469,84.48751831054688,2278982
2015-04-21,52.06953811645508,83.72814178466797,85.5000228881836,83.30626678466797,84.3750228881836,2312891
2015-04-22,51.43988800048828,82.71564483642578,84.12189483642578,82.46251678466797,83.8125228881836,4849646
2015-04-23,51.29994201660156,82.49064636230469,83.78439331054688,82.06877136230469,83.2500228881836,3515131
2015-04-24,51.020103454589844,82.04064178466797,83.22189331054688,81.02814483642578,82.1250228881836,2613457
2015-04-27,50.70527267456055,81.53439331054688,83.1093978881836,81.2812728881836,82.18126678466797,2052351
2015-04-28,50.530372619628906,81.25314331054688,82.4062728881836,80.7187728881836,81.16876983642578,3429520
2015-04-29,50.040626525878906,80.46564483642578,81.45001983642578,80.1562728881836,81.19689178466797,2061972
2015-04-30,49.74329376220703,79.98751831054688,81.45001983642578,78.97502136230469,79.93126678466797,4099911
2015-05-04,50.4254150390625,81.08439636230469,81.33751678466797,79.31251525878906,80.4375228881836,3652050
2015-05-05,50.07560348510742,80.52189636230469,82.49064636230469,79.62189483642578,80.46564483642578,7999174
2015-05-06,49.1835823059082,79.08751678466797,80.2968978881836,78.77814483642578,80.2968978881836,6031578
2015-05-07,49.07864761352539,78.91876983642578,79.34064483642578,77.65314483642578,78.75001525878906,5448071
2015-05-08,48.97369384765625,78.75001525878906,79.98751831054688,78.58126831054688,79.31251525878906,2987105
2015-05-11,50.023128509521484,80.4375228881836,80.63439178466797,78.63751983642578,79.17189025878906,3927933
2015-05-12,48.728824615478516,78.35626983642578,80.46564483642578,77.96251678466797,80.38127136230469,4551824
2015-05-13,49.271053314208984,79.22814178466797,79.59376525878906,77.65314483642578,78.46876525878906,4097879
2015-05-14,48.76382064819336,78.41252136230469,79.20001983642578,77.76564025878906,79.20001983642578,3467677
2015-05-15,48.991188049316406,78.77814483642578,79.70626831054688,78.35626983642578,78.86251831054688,6305129
2015-05-18,48.991188049316406,78.77814483642578,79.28439331054688,78.04689025878906,78.46876525878906,14967798
2015-05-19,48.536441802978516,78.04689025878906,80.94377136230469,77.68126678466797,78.75001525878906,6595326
2015-05-20,49.25356674194336,79.20001983642578,79.53752136230469,78.21564483642578,78.24376678466797,5168468
2015-05-21,48.79878616333008,78.46876525878906,79.28439331054688,78.01876831054688,79.03126525878906,2628801
2015-05-22,49.3060302734375,79.28439331054688,79.84689331054688,77.28752136230469,78.35626983642578,5380668
2015-05-25,50.05812454223633,80.49376678466797,80.66252136230469,79.34064483642578,79.73439025878906,5557091
2015-05-26,50.040626525878906,80.46564483642578,80.77501678466797,79.62189483642578,80.66252136230469,2220470
2015-05-27,50.09309768676758,80.55001831054688,80.77501678466797,79.76251983642578,80.46564483642578,1137269
2015-05-28,50.09309768676758,80.55001831054688,81.1406478881836,79.05939483642578,81.1406478881836,3848527
2015-05-29,50.268001556396484,80.83126831054688,81.25314331054688,79.45314025878906,80.1562728881836,3473570
2015-06-01,50.05812454223633,80.49376678466797,82.63127136230469,80.0156478881836,82.49064636230469,15815832
2015-06-02,49.84823989868164,80.1562728881836,80.38127136230469,79.50939178466797,80.1562728881836,4635659
2015-06-03,50.09309768676758,80.55001831054688,80.8593978881836,79.17189025878906,79.95939636230469,6029264
2015-06-04,50.495384216308594,81.19689178466797,81.64689636230469,80.10002136230469,80.4375228881836,8566490
2015-06-05,50.68777847290039,81.50627136230469,82.29376983642578,80.4375228881836,81.0000228881836,8696044
2015-06-08,51.12504196166992,82.20939636230469,82.51876831054688,80.97189331054688,81.81564331054688,4215142
2015-06-09,51.54481506347656,82.88439178466797,83.33439636230469,81.73126983642578,82.1250228881836,2699663
2015-06-10,51.47487258911133,82.77189636230469,83.36251831054688,82.23751831054688,82.99689483642578,2875048
2015-06-11,51.07257843017578,82.1250228881836,82.88439178466797,81.47814178466797,82.46251678466797,2113307
2015-06-12,50.8626823425293,81.78752136230469,82.09689331054688,80.0156478881836,81.8437728881836,2614529
2015-06-15,49.39347457885742,79.42501831054688,81.5625228881836,79.11564636230469,81.5625228881836,3574132
2015-06-16,50.40793228149414,81.05626678466797,81.36564636230469,79.03126525878906,79.20001983642578,2705206
2015-06-17,49.60336685180664,79.76251983642578,81.19689178466797,79.00314331054688,80.83126831054688,3030212
2015-06-18,49.65584182739258,79.84689331054688,80.26876831054688,79.22814178466797,79.48126983642578,4549773
2015-06-19,48.97369384765625,78.75001525878906,80.10002136230469,78.01876831054688,79.84689331054688,9119658
2015-06-22,49.42845153808594,79.48126983642578,79.98751831054688,78.97502136230469,79.22814178466797,1849073
2015-06-23,48.76382064819336,78.41252136230469,79.76251983642578,78.27189636230469,79.31251525878906,4200054
2015-06-24,48.92123031616211,78.66564178466797,79.05939483642578,78.21564483642578,78.21564483642578,3101425
2015-06-25,49.42845153808594,79.48126983642578,79.81877136230469,78.10314178466797,78.86251831054688,11124905
2015-06-26,48.658878326416016,78.24376678466797,79.45314025878906,78.13127136230469,79.03126525878906,4184617
2015-06-29,48.79878616333008,78.46876525878906,78.86251831054688,77.45626831054688,77.51251983642578,3452315
2015-06-30,48.658878326416016,78.24376678466797,78.97502136230469,77.42814636230469,78.46876525878906,2588831
2015-07-01,49.7957649230957,80.07189178466797,80.49376678466797,77.85002136230469,78.27189636230469,1988394
2015-07-02,49.49842834472656,79.59376525878906,80.4375228881836,79.08751678466797,80.40939331054688,2965570
2015-07-03,49.49842834472656,79.59376525878906,80.40939331054688,79.03126525878906,79.03126525878906,3051297
2015-07-06,48.97369384765625,78.75001525878906,79.98751831054688,78.58126831054688,79.03126525878906,2083899
2015-07-07,48.48396301269531,77.96251678466797,79.59376525878906,77.76564025878906,79.31251525878906,3234495
2015-07-08,48.274085998535156,77.62501525878906,78.30001831054688,76.72502136230469,77.68126678466797,2440394
2015-07-09,47.92426300048828,77.06251525878906,77.93439483642578,77.00627136230469,77.68126678466797,2478234
2015-07-10,48.5014533996582,77.99064636230469,78.27189636230469,76.97814178466797,77.11876678466797,2901055
2015-07-13,48.97369384765625,78.75001525878906,78.97502136230469,77.09064483642578,77.85002136230469,1612390
2015-07-14,49.04365921020508,78.86251831054688,79.28439331054688,78.07501983642578,78.80626678466797,2264950
2015-07-15,48.88624572753906,78.60939025878906,79.14376831054688,78.46876525878906,78.77814483642578,1504877
2015-07-16,48.83378219604492,78.52501678466797,78.83439636230469,78.24376678466797,78.58126831054688,1827243
2015-07-17,49.39347457885742,79.42501831054688,79.73439025878906,78.46876525878906,78.55314636230469,1696436
2015-07-20,49.04365921020508,78.86251831054688,79.73439025878906,78.77814483642578,79.73439025878906,1668294
2015-07-21,48.97369384765625,78.75001525878906,79.25627136230469,78.55314636230469,78.83439636230469,1315889
2015-07-22,49.953182220458984,80.32501983642578,80.5781478881836,78.07501983642578,78.58126831054688,1890132
2015-07-23,49.76079177856445,80.0156478881836,80.60626983642578,79.17189025878906,80.49376678466797,1225377
2015-07-24,49.690826416015625,79.90314483642578,80.40939331054688,79.42501831054688,79.98751831054688,1692284
2015-07-27,49.1136360168457,78.97502136230469,80.40939331054688,78.77814483642578,79.50939178466797,1296310
2015-07-28,49.44593811035156,79.50939178466797,79.70626831054688,78.44064331054688,79.31251525878906,1547151
2015-07-29,48.97369384765625,78.75001525878906,79.48126983642578,78.46876525878906,79.14376831054688,1900932
2015-07-30,49.81325149536133,80.10002136230469,80.5781478881836,78.69377136230469,78.86251831054688,2942993
2015-07-31,49.67332458496094,79.87501525878906,80.35314178466797,78.97502136230469,80.35314178466797,1956499
2015-08-03,49.1835823059082,79.08751678466797,80.38127136230469,78.91876983642578,79.34064483642578,1508372
2015-08-04,49.323509216308594,79.31251525878906,80.1562728881836,78.72189331054688,79.03126525878906,1001510
2015-08-05,49.23604965209961,79.17189025878906,79.56564331054688,78.80626678466797,79.31251525878906,1107859
2015-08-06,49.34102249145508,79.34064483642578,79.81877136230469,78.86251831054688,78.91876983642578,1295185
2015-08-07,48.83378219604492,78.52501678466797,80.04376983642578,78.38439178466797,79.05939483642578,2213871
2015-08-10,48.291568756103516,77.65314483642578,79.59376525878906,77.28752136230469,78.80626678466797,2570753
2015-08-11,48.256591796875,77.59689331054688,79.20001983642578,76.27501678466797,78.75001525878906,3873211
2015-08-12,47.574440002441406,76.50001525878906,77.56877136230469,76.33126831054688,77.06251525878906,1472522
2015-08-13,48.20410919189453,77.51251983642578,77.96251678466797,70.87501525878906,76.38751983642578,2470225
2015-08-14,48.39650344848633,77.82189178466797,78.21564483642578,77.45626831054688,77.51251983642578,1304682
2015-08-17,48.30904769897461,77.68126678466797,78.44064331054688,77.03439331054688,77.90626525878906,813782
2015-08-18,48.06418991088867,77.28752136230469,78.01876831054688,76.86564636230469,77.68126678466797,1461999
2015-08-19,47.731868743896484,76.75314331054688,77.85002136230469,76.55626678466797,77.34376525878906,2417706
2015-08-20,47.609432220458984,76.55626678466797,77.03439331054688,75.57189178466797,75.99376678466797,2256015
2015-08-21,46.664947509765625,75.03752136230469,76.05001831054688,74.84064483642578,75.93751525878906,4024183
2015-08-24,45.860374450683594,73.74376678466797,74.53126525878906,71.83126831054688,73.60314178466797,7651174
2015-08-25,44.98583984375,72.33751678466797,75.17814636230469,70.39688873291016,73.68751525878906,12357515
2015-08-26,45.80790710449219,73.65939331054688,74.70001983642578,72.00001525878906,72.33751678466797,2616303
2015-08-27,47.17216873168945,75.85314178466797,77.87814331054688,73.26564025878906,74.50314331054688,5402025
2015-08-28,47.27711486816406,76.02189636230469,77.34376525878906,75.20626831054688,76.27501678466797,2205183
2015-08-31,45.70296096801758,73.49064636230469,76.19064331054688,73.18126678466797,75.65626525878906,2305711
2015-09-01,45.1607551574707,72.61876678466797,73.74376678466797,72.00001525878906,72.75939178466797,3973158
2015-09-02,43.796485900878906,70.42501831054688,73.12501525878906,69.60939025878906,72.73126983642578,4507483
2015-09-03,44.4961051940918,71.55001831054688,72.02814483642578,70.36876678466797,70.53751373291016,3114461
2015-09-04,43.23677444458008,69.52501678466797,71.38126373291016,68.87814331054688,71.38126373291016,3868544
2015-09-07,43.240318298339844,68.79376983642578,70.25626373291016,67.80938720703125,69.07501983642578,3112256
2015-09-08,44.56617736816406,70.90314483642578,71.71876525878906,68.11876678466797,68.62501525878906,2951677
2015-09-09,44.54848861694336,70.87501525878906,73.40626525878906,70.08751678466797,72.78752136230469,3201416
2015-09-10,43.611549377441406,69.38439178466797,70.17189025878906,67.89376831054688,70.17189025878906,3984541
2015-09-11,43.94744110107422,69.91876983642578,70.76251983642578,69.24376678466797,69.75001525878906,1783681
2015-09-14,45.09650802612305,71.74689483642578,71.97189331054688,69.46876525878906,70.20001983642578,2400945
2015-09-15,45.37934875488281,72.19689178466797,73.20939636230469,70.87501525878906,71.71876525878906,3189547
2015-09-16,46.35163497924805,73.74376678466797,73.96876525878906,72.00001525878906,72.28126525878906,2668351
2015-09-18,47.200172424316406,75.09376525878906,75.88127136230469,73.96876525878906,74.25001525878906,2710372
2015-09-21,48.278533935546875,76.80939483642578,77.06251525878906,74.08126831054688,74.70001983642578,3040868
2015-09-22,46.31627655029297,73.68751525878906,77.06251525878906,72.70314025878906,76.89376831054688,2618545
2015-09-23,45.184906005859375,71.88751983642578,74.25001525878906,70.76251983642578,73.71564483642578,5775906
2015-09-24,44.33635330200195,70.53751373291016,73.15314483642578,70.05939483642578,72.00001525878906,9733917
2015-09-28,44.831329345703125,71.32501983642578,72.56251525878906,70.14376831054688,71.12814331054688,2407051
2015-09-29,45.37934875488281,72.19689178466797,73.40626525878906,70.53751373291016,70.79064178466797,2414852
2015-09-30,46.79359817504883,74.44689178466797,74.64376831054688,72.19689178466797,72.22502136230469,3047665
2015-10-01,46.15718078613281,73.43439483642578,75.31877136230469,73.26564025878906,74.81251525878906,2020545
2015-10-05,46.846622467041016,74.53126525878906,75.45939636230469,73.65939331054688,73.68751525878906,1811432
2015-10-06,46.75823974609375,74.39064025878906,75.65626525878906,74.08126831054688,74.72814178466797,1868486
2015-10-07,46.86429977416992,74.55939483642578,74.92501831054688,74.08126831054688,74.58751678466797,1403044
2015-10-08,46.828948974609375,74.50314331054688,74.81251525878906,74.02501678466797,74.75627136230469,1318938
2015-10-09,46.86429977416992,74.55939483642578,75.09376525878906,74.19377136230469,74.81251525878906,1421375
2015-10-12,47.12947082519531,74.98126983642578,75.20626831054688,74.13751983642578,74.53126525878906,1574616
2015-10-13,47.04108428955078,74.84064483642578,75.20626831054688,74.50314331054688,74.81251525878906,715400
2015-10-14,47.023414611816406,74.81251525878906,75.09376525878906,74.36251831054688,74.75627136230469,1722301
2015-10-15,47.748199462890625,75.96564483642578,76.19064331054688,74.92501831054688,75.09376525878906,2959602
2015-10-16,47.73051452636719,75.93751525878906,76.50001525878906,75.15001678466797,76.16252136230469,3651488
2015-10-19,47.30625915527344,75.26251983642578,76.13439178466797,74.72814178466797,75.93751525878906,1640198
2015-10-20,48.04872512817383,76.44377136230469,77.11876678466797,75.09376525878906,75.37501525878906,3296804
2015-10-21,48.04872512817383,76.44377136230469,77.17501831054688,75.88127136230469,76.50001525878906,3504240
2015-10-23,48.20783233642578,76.69689178466797,77.37189483642578,76.21876525878906,76.78126525878906,2367650
2015-10-26,47.99568176269531,76.35939025878906,76.97814178466797,76.07814025878906,76.78126525878906,1788557
2015-10-27,47.341609954833984,75.31877136230469,76.64064025878906,75.06564331054688,76.24689483642578,1680870
2015-10-28,46.33396530151367,73.71564483642578,75.34689331054688,73.37814331054688,74.89689636230469,4725765
2015-10-29,45.308650970458984,72.08439636230469,73.46251678466797,70.98751831054688,73.46251678466797,6657486
2015-10-30,45.520774841308594,72.42189025878906,74.16564178466797,72.14064025878906,72.28126525878906,3034065
2015-11-02,45.591487884521484,72.53439331054688,72.78752136230469,71.52188873291016,72.42189025878906,1507300
2015-11-03,46.54609680175781,74.05314636230469,74.33439636230469,73.23751831054688,73.37814331054688,2879807
2015-11-04,46.38699722290039,73.80001831054688,75.31877136230469,73.35002136230469,74.92501831054688,10212719
2015-11-05,46.29861068725586,73.65939331054688,74.53126525878906,73.35002136230469,74.13751983642578,9402139
2015-11-06,46.42235565185547,73.85626983642578,74.53126525878906,72.59064483642578,74.47502136230469,4219805
2015-11-09,45.980403900146484,73.15314483642578,73.63127136230469,71.24063873291016,72.56251525878906,5260832
2015-11-10,45.361671447753906,72.16876983642578,73.09689331054688,71.83126831054688,72.67501831054688,1531108
2015-11-13,46.03343963623047,73.23751831054688,73.91252136230469,71.71876525878906,72.00001525878906,1386876
2015-11-16,45.60917282104492,72.56251525878906,73.51876831054688,72.30939483642578,72.84376525878906,1462412
2015-11-17,46.227901458740234,73.54689025878906,74.13751983642578,72.67501831054688,72.70314025878906,1602664
2015-11-18,46.28092575073242,73.63127136230469,74.02501678466797,72.98439025878906,73.49064636230469,1327429
2015-11-19,46.61680221557617,74.16564178466797,74.64376831054688,73.37814331054688,74.08126831054688,2523368
2015-11-20,46.28092575073242,73.63127136230469,74.64376831054688,73.35002136230469,74.25001525878906,2168468
2015-11-23,46.45772171020508,73.91252136230469,74.13751983642578,73.40626525878906,73.40626525878906,2177227
2015-11-24,46.61680221557617,74.16564178466797,74.58751678466797,73.65939331054688,73.68751525878906,1241516
2015-11-26,47.30625915527344,75.26251983642578,75.62814331054688,73.91252136230469,73.96876525878906,4171542
2015-11-27,47.200172424316406,75.09376525878906,75.37501525878906,74.53126525878906,75.17814636230469,1605635
2015-11-30,48.15480422973633,76.61251831054688,77.00627136230469,74.98126983642578,75.12189483642578,2006989
2015-12-01,48.08406448364258,76.50001525878906,77.62501525878906,76.13439178466797,76.55626678466797,2520479
2015-12-02,47.87195587158203,76.16252136230469,76.80939483642578,75.71251678466797,76.50001525878906,1390936
2015-12-03,47.30625915527344,75.26251983642578,76.50001525878906,74.98126983642578,75.93751525878906,1173194
2015-12-04,46.227901458740234,73.54689025878906,75.20626831054688,73.37814331054688,75.20626831054688,1376556
2015-12-07,46.36931610107422,73.77189636230469,74.16564178466797,72.95626831054688,73.68751525878906,1525844
2015-12-08,46.03343963623047,73.23751831054688,73.80001831054688,72.75939178466797,73.68751525878906,1469647
2015-12-09,46.0157585144043,73.20939636230469,74.08126831054688,72.59064483642578,72.95626831054688,2198948
2015-12-10,46.227901458740234,73.54689025878906,73.68751525878906,72.70314025878906,73.12501525878906,1086874
2015-12-11,45.255611419677734,72.00001525878906,73.68751525878906,71.66251373291016,73.68751525878906,1514970
2015-12-14,45.308650970458984,72.08439636230469,72.78752136230469,71.29689025878906,71.60626983642578,1552518
2015-12-15,45.78594970703125,72.84376525878906,73.01251983642578,71.57814025878906,72.08439636230469,1842404
2015-12-16,47.147159576416016,75.00939178466797,75.43126678466797,72.95626831054688,73.12501525878906,2623492
2015-12-17,47.57142639160156,75.68439483642578,76.02189636230469,74.10939025878906,74.98126983642578,1092627
2015-12-18,47.87195587158203,76.16252136230469,76.78126525878906,74.84064483642578,75.37501525878906,28017527
2015-12-21,49.303863525390625,78.44064331054688,78.69377136230469,76.16252136230469,76.16252136230469,6238035
2015-12-22,48.96796798706055,77.90626525878906,79.08751678466797,77.59689331054688,78.49689483642578,9652753
2015-12-23,49.51599884033203,78.77814483642578,79.03126525878906,78.07501983642578,78.07501983642578,3720080
2015-12-24,49.5336799621582,78.80626678466797,79.22814178466797,78.38439178466797,78.75001525878906,2224191
2015-12-28,50.258480072021484,79.95939636230469,80.2968978881836,78.55314636230469,79.00314331054688,5761043
2015-12-29,49.834205627441406,79.28439331054688,80.21251678466797,78.97502136230469,79.98751831054688,8576492
2015-12-30,49.85187530517578,79.31251525878906,79.67814636230469,78.89064025878906,78.89064025878906,8189382
2015-12-31,49.90492248535156,79.39689636230469,79.87501525878906,78.52501678466797,79.31251525878906,7159928
2016-01-01,49.85187530517578,79.31251525878906,79.79064178466797,79.17189025878906,79.53752136230469,3229824
2016-01-04,49.834205627441406,79.28439331054688,81.19689178466797,78.69377136230469,79.03126525878906,6809859
2016-01-05,49.19779968261719,78.27189636230469,79.84689331054688,77.73751831054688,79.34064483642578,4259054
2016-01-06,49.321537017822266,78.46876525878906,78.72189331054688,77.62501525878906,77.96251678466797,5320149
2016-01-07,48.82655334472656,77.68126678466797,79.73439025878906,77.34376525878906,78.46876525878906,6787347
2016-01-08,50.08170700073242,79.67814636230469,79.87501525878906,78.13127136230469,78.75001525878906,10345830
2016-01-11,50.64739227294922,80.5781478881836,81.8437728881836,78.18751525878906,79.03126525878906,8283638
2016-01-12,50.470619201660156,80.2968978881836,82.5468978881836,79.90314483642578,80.7187728881836,6611338
2016-01-13,50.523643493652344,80.38127136230469,81.22502136230469,78.80626678466797,80.52189636230469,7462021
2016-01-14,50.50597381591797,80.35314178466797,81.2812728881836,79.53752136230469,79.53752136230469,10278564
2016-01-15,49.18013381958008,78.24376678466797,80.5781478881836,77.79376983642578,79.95939636230469,7430643
2016-01-18,48.8442268371582,77.70939636230469,79.34064483642578,77.28752136230469,78.75001525878906,7411237
2016-01-19,48.066410064697266,76.47189331054688,78.63751983642578,75.82501983642578,77.87814331054688,7282040
2016-01-20,47.606788635253906,75.74064636230469,78.91876983642578,73.43439483642578,75.71251678466797,15997901
2016-01-21,46.74055480957031,74.36251831054688,77.25939178466797,74.25001525878906,75.82501983642578,10416175
2016-01-22,47.05875778198242,74.86876678466797,76.38751983642578,74.30626678466797,74.92501831054688,8099084
2016-01-25,47.023414611816406,74.81251525878906,75.62814331054688,73.82814025878906,75.37501525878906,8893503
2016-01-27,48.879581451416016,77.76564025878906,78.32814025878906,75.03752136230469,75.26251983642578,14527719
2016-01-28,50.80648422241211,80.83126831054688,81.2812728881836,79.03126525878906,79.31251525878906,22594616
2016-01-29,52.27375793457031,83.16564178466797,83.47502136230469,81.2812728881836,81.45001983642578,11216960
2016-02-01,51.88483428955078,82.5468978881836,83.47502136230469,82.20939636230469,83.19377136230469,12278379
2016-02-02,51.70806884765625,82.2656478881836,84.5718994140625,81.5625228881836,82.4062728881836,18267134
2016-02-03,50.92596435546875,80.5781478881836,82.23751831054688,79.56564331054688,80.91564178466797,12098041
2016-02-04,52.187992095947266,82.57501983642578,82.9687728881836,80.35314178466797,81.47814178466797,8726120
2016-02-05,51.6369743347168,81.7031478881836,82.91252136230469,81.19689178466797,82.71564483642578,6170693
2016-02-08,50.64154815673828,80.12814331054688,82.15314483642578,79.67814636230469,81.59064483642578,3820374
2016-02-09,50.46380615234375,79.84689331054688,81.8437728881836,79.31251525878906,79.76251983642578,7297377
2016-02-10,50.96150588989258,80.63439178466797,81.30939483642578,79.31251525878906,79.31251525878906,8119293
2016-02-11,48.597415924072266,76.89376831054688,80.91564178466797,75.43126678466797,80.35314178466797,7247688
2016-02-12,49.183990478515625,77.82189178466797,79.20001983642578,76.66876983642578,77.62501525878906,16065640
2016-02-15,49.308406829833984,78.01876831054688,79.11564636230469,77.68126678466797,78.24376678466797,8464543
2016-02-16,49.5217170715332,78.35626983642578,79.05939483642578,77.51251983642578,78.24376678466797,6766384
2016-02-17,49.62837219238281,78.52501678466797,78.66564178466797,77.25939178466797,78.66564178466797,7804863
2016-02-18,49.71724319458008,78.66564178466797,79.73439025878906,78.18751525878906,78.80626678466797,8779283
2016-02-19,50.12607192993164,79.31251525878906,79.87501525878906,78.21564483642578,78.63751983642578,6323086
2016-02-22,49.646148681640625,78.55314636230469,79.59376525878906,77.82189178466797,79.31251525878906,2293985
2016-02-23,48.73961639404297,77.11876678466797,78.91876983642578,76.89376831054688,78.75001525878906,3873885
2016-02-24,49.66392135620117,78.58126831054688,79.31251525878906,77.42814636230469,77.62501525878906,11387961
2016-02-25,46.83766174316406,74.10939025878906,78.89064025878906,73.71564483642578,78.80626678466797,19051305
2016-02-26,47.513118743896484,75.17814636230469,76.44377136230469,74.25001525878906,75.09376525878906,12511003
2016-02-29,46.23330307006836,73.15314483642578,75.57189178466797,72.67501831054688,75.57189178466797,11485783
2016-03-01,47.54866027832031,75.23439025878906,75.57189178466797,73.26564025878906,73.68751525878906,14281573
2016-03-02,48.13526153564453,76.16252136230469,77.73751831054688,75.40314483642578,75.93751525878906,13550709
2016-03-03,48.224117279052734,76.30314636230469,77.00627136230469,75.40314483642578,76.78126525878906,7057560
2016-03-04,49.29063415527344,77.99064636230469,78.27189636230469,76.19064331054688,76.72502136230469,29228314
2016-03-08,48.952911376953125,77.45626831054688,78.58126831054688,76.55626678466797,78.46876525878906,20131612
2016-03-09,49.68168640136719,78.60939025878906,78.86251831054688,76.83751678466797,77.00627136230469,7284193
2016-03-10,49.646148681640625,78.55314636230469,79.25627136230469,77.68126678466797,78.80626678466797,3713460
2016-03-11,49.13066482543945,77.73751831054688,78.97502136230469,77.42814636230469,78.55314636230469,4685588
2016-03-14,49.272865295410156,77.96251678466797,78.18751525878906,77.45626831054688,77.96251678466797,4423191
2016-03-15,49.39728546142578,78.15939331054688,78.75001525878906,77.70939636230469,77.70939636230469,11655129
2016-03-16,49.326194763183594,78.04689025878906,78.75001525878906,77.34376525878906,78.41252136230469,6170234
2016-03-17,49.059566497802734,77.62501525878906,78.89064025878906,77.00627136230469,78.32814025878906,7509036
2016-03-18,48.65073013305664,76.97814178466797,78.24376678466797,76.78126525878906,77.90626525878906,9195901
2016-03-21,49.059566497802734,77.62501525878906,77.87814331054688,76.64064025878906,76.80939483642578,4674151
2016-03-22,49.13066482543945,77.73751831054688,78.38439178466797,77.34376525878906,77.62501525878906,6628643
2016-03-23,48.864036560058594,77.31564331054688,78.27189636230469,77.03439331054688,77.23126983642578,11545428
2016-03-28,49.45063018798828,78.24376678466797,78.75001525878906,76.78126525878906,77.56877136230469,8691695
2016-03-29,49.112876892089844,77.70939636230469,79.31251525878906,77.37189483642578,78.75001525878906,11478000
2016-03-30,49.68168640136719,78.60939025878906,78.94689178466797,77.82189178466797,78.13127136230469,5797932
2016-03-31,49.45063018798828,78.24376678466797,79.00314331054688,77.90626525878906,77.90626525878906,15715729
2016-04-01,49.16621780395508,77.79376983642578,78.75001525878906,77.68126678466797,78.63751983642578,3935188
2016-04-04,49.272865295410156,77.96251678466797,78.80626678466797,77.79376983642578,78.04689025878906,5649881
2016-04-05,49.43284606933594,78.21564483642578,79.20001983642578,78.01876831054688,78.63751983642578,7744995
2016-04-06,49.66392135620117,78.58126831054688,79.48126983642578,78.38439178466797,78.66564178466797,10418272
2016-04-07,49.8416633605957,78.86251831054688,79.25627136230469,78.52501678466797,79.11564636230469,12408704
2016-04-08,50.09053039550781,79.25627136230469,79.39689636230469,78.89064025878906,78.89064025878906,4133630
2016-04-11,50.57046890258789,80.0156478881836,80.40939331054688,79.05939483642578,79.11564636230469,12360599
2016-04-12,50.89040756225586,80.52189636230469,81.7031478881836,79.87501525878906,79.87501525878906,8901453
2016-04-13,51.5480842590332,81.5625228881836,81.75939178466797,80.94377136230469,81.19689178466797,10239725
2016-04-18,51.88581466674805,82.09689331054688,82.5468978881836,80.2968978881836,81.5625228881836,7347390
2016-04-20,52.614601135253906,83.2500228881836,84.31877136230469,81.64689636230469,81.95626831054688,7716065
2016-04-21,51.95692443847656,82.20939636230469,84.12189483642578,81.61876678466797,83.44689178466797,6315086
2016-04-22,51.92136764526367,82.15314483642578,82.85626983642578,81.16876983642578,82.29376983642578,4320738
2016-04-25,51.12147521972656,80.88751983642578,82.18126678466797,80.18439483642578,82.18126678466797,3605005
2016-04-26,51.60141372680664,81.64689636230469,82.2656478881836,80.46564483642578,81.25314331054688,8964411
2016-04-27,51.317012786865234,81.19689178466797,82.1250228881836,80.80314636230469,81.73126983642578,3177289
2016-04-28,50.42824935913086,79.79064178466797,81.81564331054688,79.50939178466797,81.11251831054688,9408511
2016-04-29,50.979286193847656,80.66252136230469,80.91564178466797,79.03126525878906,80.0156478881836,4383214
2016-05-02,50.78376007080078,80.35314178466797,81.0000228881836,79.65001678466797,80.4375228881836,3383764
2016-05-03,51.619197845458984,81.67501831054688,82.57501983642578,80.4375228881836,80.4375228881836,4572397
2016-05-04,50.74822235107422,80.2968978881836,81.61876678466797,79.87501525878906,81.45001983642578,4435593
2016-05-05,50.92596435546875,80.5781478881836,81.16876983642578,79.93126678466797,80.4375228881836,2770226
2016-05-06,50.64154815673828,80.12814331054688,80.63439178466797,79.03126525878906,80.52189636230469,3714029
2016-05-09,51.01484680175781,80.7187728881836,81.08439636230469,79.67814636230469,80.1562728881836,5027038
2016-05-10,50.42824935913086,79.79064178466797,80.8593978881836,79.31251525878906,80.52189636230469,7758595
2016-05-11,50.28604507446289,79.56564331054688,79.98751831054688,78.46876525878906,79.20001983642578,4574270
2016-05-12,51.157039642333984,80.94377136230469,81.19689178466797,79.42501831054688,79.81877136230469,4877581
2016-05-13,51.4592170715332,81.4218978881836,81.67501831054688,80.10002136230469,80.60626983642578,6719824
2016-05-16,51.35256576538086,81.25314331054688,82.06877136230469,80.4375228881836,81.53439331054688,4500368
2016-05-17,51.51253890991211,81.50627136230469,82.1250228881836,80.21251678466797,82.1250228881836,4754541
2016-05-18,50.854854583740234,80.46564483642578,81.50627136230469,80.26876831054688,81.0000228881836,2573082
2016-05-19,51.33479309082031,81.22502136230469,81.90001678466797,80.60626983642578,80.60626983642578,6035130
2016-05-20,51.47698974609375,81.45001983642578,81.64689636230469,80.83126831054688,81.33751678466797,3055890
2016-05-23,52.66791915893555,83.33439636230469,83.75627136230469,81.5625228881836,81.90001678466797,10093334
2016-05-24,52.15243148803711,82.51876831054688,83.9531478881836,82.23751831054688,83.8125228881836,3545037
2016-05-25,53.218963623046875,84.20626831054688,84.3750228881836,82.71564483642578,83.2500228881836,7201959
2016-05-26,53.53892135620117,84.7125244140625,85.16252136230469,83.58751678466797,84.3750228881836,11348343
2016-05-27,53.6277961730957,84.8531494140625,85.72502136230469,83.70001983642578,85.16252136230469,7635493
2016-05-30,53.94773864746094,85.3593978881836,86.03439331054688,84.0093994140625,84.9937744140625,6049447
2016-05-31,53.32561111450195,84.3750228881836,85.6968994140625,84.12189483642578,85.5000228881836,4297008
2016-06-01,52.934566497802734,83.75627136230469,84.7125244140625,83.47502136230469,84.7125244140625,5018958
2016-06-02,53.39669418334961,84.48751831054688,84.7125244140625,83.30626678466797,83.75627136230469,3951078
2016-06-03,53.467803955078125,84.60002136230469,84.8531494140625,83.9531478881836,84.7125244140625,3453446
2016-06-06,53.058990478515625,83.9531478881836,84.76876831054688,83.55939483642578,84.48751831054688,2395810
2016-06-07,53.29005813598633,84.31877136230469,84.90939331054688,83.9531478881836,84.03752136230469,3771426
2016-06-08,54.23214340209961,85.80939483642578,86.00627136230469,83.98126983642578,84.3750228881836,3804592
2016-06-09,54.321022033691406,85.95001983642578,86.87814331054688,85.6968994140625,85.89376831054688,4520638
2016-06-10,54.889827728271484,86.85002136230469,87.27189636230469,85.9781494140625,86.00627136230469,8988984
2016-06-13,53.96551513671875,85.38751983642578,86.4843978881836,85.1343994140625,86.4843978881836,7199310
2016-06-14,53.521141052246094,84.68439483642578,85.72502136230469,84.54376983642578,85.3593978881836,2914984
2016-06-15,54.889827728271484,86.85002136230469,87.0468978881836,85.02189636230469,85.02189636230469,5287666
2016-06-16,54.9609375,86.9625244140625,87.91876983642578,85.4156494140625,86.85002136230469,5385026
2016-06-17,55.8319091796875,88.34064483642578,88.84689331054688,86.00627136230469,87.1875228881836,8985642
2016-06-20,55.68971633911133,88.11564636230469,88.5937728881836,87.3281478881836,88.3125228881836,5237563
2016-06-21,55.45863342285156,87.7500228881836,88.48126983642578,87.21564483642578,88.05939483642578,5276594
2016-06-22,55.316444396972656,87.5250244140625,88.14376831054688,86.9625244140625,87.77814483642578,4797461
2016-06-23,55.68971633911133,88.11564636230469,88.7906494140625,85.9781494140625,87.4687728881836,5027803
2016-06-24,55.387535095214844,87.63751983642578,87.83439636230469,84.7125244140625,86.31564331054688,6010853
2016-06-27,54.74762725830078,86.6250228881836,88.3125228881836,86.0625228881836,86.09064483642578,5121198
2016-06-28,55.26311111450195,87.44064331054688,87.7500228881836,86.42814636230469,86.93439483642578,5842035
2016-06-29,56.61403274536133,89.5781478881836,90.1968994140625,87.49689483642578,87.63751983642578,9838712
2016-06-30,57.98270797729492,91.7437744140625,92.1656494140625,89.60626983642578,90.0000228881836,18696297
2016-07-01,58.711490631103516,92.89689636230469,93.60002136230469,91.6875228881836,92.2500228881836,9960809
2016-07-04,58.800357818603516,93.03752136230469,94.10626983642578,92.61564636230469,93.7687759399414,5753019
2016-07-05,57.32503890991211,90.7031478881836,93.26251983642578,90.45001983642578,92.98126983642578,5510329
2016-07-07,58.071590423583984,91.8843994140625,92.33439636230469,90.11251831054688,90.5625228881836,5911690
2016-07-08,58.46265411376953,92.5031509399414,93.03752136230469,90.9000244140625,91.9687728881836,7803900
2016-07-11,59.22698974609375,93.7125244140625,96.27189636230469,93.3469009399414,93.4312744140625,11133401
2016-07-12,59.22698974609375,93.7125244140625,95.0625228881836,93.40314483642578,93.9375228881836,9182267
2016-07-13,57.53833770751953,91.0406494140625,94.7531509399414,90.39376831054688,93.8531494140625,11106820
2016-07-14,58.67594528198242,92.84064483642578,93.1500244140625,91.06877136230469,91.43439483642578,7428442
2016-07-15,58.39155578613281,92.3906478881836,93.60002136230469,91.7437744140625,93.40314483642578,6629943
2016-07-18,58.01826858520508,91.80001831054688,93.26251983642578,91.4625244140625,92.5875244140625,3891623
2016-07-19,59.155860900878906,93.60002136230469,93.9375228881836,91.6875228881836,91.85626983642578,5987973
2016-07-20,59.84910202026367,94.6968994140625,95.6250228881836,93.88127136230469,93.9375228881836,7071425
2016-07-21,57.76941680908203,91.4062728881836,94.6968994140625,91.01251983642578,94.66876983642578,4189305
2016-07-22,59.13810729980469,93.5718994140625,94.52814483642578,91.6031494140625,91.9687728881836,7206087
2016-07-25,60.06240463256836,95.0344009399414,95.4000244140625,93.45939636230469,93.68439483642578,3967394
2016-07-26,60.93338394165039,96.41252136230469,97.3125228881836,94.0500259399414,95.2031478881836,8278821
2016-07-27,61.306671142578125,97.0031509399414,97.7062759399414,96.49690246582031,97.3125228881836,8851677
2016-07-28,62.63981628417969,99.1125259399414,100.6031494140625,96.83439636230469,97.25627136230469,31420184
2016-07-29,62.5687255859375,99.0000228881836,99.8437728881836,98.2687759399414,99.6187744140625,12377513
2016-08-01,62.995323181152344,99.6750259399414,101.19377136230469,98.80314636230469,99.0000228881836,11965659
2016-08-02,63.599674224853516,100.63127136230469,101.3625259399414,99.02815246582031,99.8437728881836,6487056
2016-08-03,62.53316879272461,98.94377136230469,100.7437744140625,97.7062759399414,100.6875228881836,10713465
2016-08-04,63.3508186340332,100.2375259399414,100.8843994140625,99.1968994140625,99.45002746582031,9047354
2016-08-05,62.7464714050293,99.2812728881836,101.9250259399414,99.02815246582031,100.6875228881836,8816394
2016-08-08,63.45747756958008,100.4062728881836,101.2500228881836,98.7187728881836,99.5625228881836,9540514
2016-08-09,62.60427474975586,99.0562744140625,101.05314636230469,98.7187728881836,100.4062728881836,6314021
2016-08-10,61.999908447265625,98.10002136230469,99.2812728881836,97.6500244140625,99.0562744140625,3789657
2016-08-11,61.8754768371582,97.90315246582031,99.30940246582031,97.0031509399414,97.9312744140625,5017074
2016-08-12,63.2974967956543,100.15315246582031,100.6875228881836,97.9875259399414,97.9875259399414,4369997
2016-08-16,63.101966857910156,99.8437728881836,102.9937744140625,99.1406478881836,100.57502746582031,22372774
2016-08-17,62.08877944946289,98.24064636230469,100.57502746582031,98.0156478881836,100.0969009399414,11599079
2016-08-18,64.70174407958984,102.3750228881836,103.0500259399414,99.1406478881836,99.5625228881836,20664320
2016-08-19,64.32846069335938,101.7844009399414,102.9375228881836,100.85627746582031,102.9375228881836,16563739
2016-08-22,64.68396759033203,102.3469009399414,102.82502746582031,101.6718978881836,102.0656509399414,11335483
2016-08-23,64.75504302978516,102.45939636230469,103.16252136230469,101.2500228881836,102.0656509399414,7423678
2016-08-24,64.80839538574219,102.54377746582031,102.9375228881836,101.8687744140625,102.54377746582031,5319170
2016-08-25,64.79063415527344,102.5156478881836,104.0625228881836,101.5312728881836,102.6562728881836,12995397
2016-08-26,64.27511596679688,101.70002746582031,103.16252136230469,101.3625259399414,102.74064636230469,7097916
2016-08-29,64.0796127319336,101.3906478881836,102.0093994140625,99.9000244140625,101.9250259399414,2956326
2016-08-30,65.16387939453125,103.10627746582031,103.38752746582031,101.0812759399414,101.75627136230469,5212793
2016-08-31,65.30610656738281,103.3312759399414,103.7812728881836,102.2906494140625,102.9937744140625,6435761
2016-09-01,65.51939392089844,103.66877746582031,104.0625228881836,102.5156478881836,103.2187728881836,6116318
2016-09-02,65.3416519165039,103.38752746582031,104.0625228881836,102.54377746582031,103.80940246582031,3858397
2016-09-06,66.33705139160156,104.9625244140625,105.5812759399414,103.38752746582031,103.9218978881836,9001076
2016-09-07,65.67937469482422,103.9218978881836,105.1875228881836,103.44377136230469,104.6812744140625,5024999
2016-09-08,66.81201934814453,104.85002899169922,105.55315399169922,102.17814636230469,103.44377136230469,5980354
2016-09-09,65.8801040649414,103.38752746582031,104.99065399169922,103.16252136230469,104.6250228881836,5051740
2016-09-12,64.607666015625,101.3906478881836,103.16252136230469,101.1093978881836,102.7125244140625,4144478
2016-09-14,64.21337890625,100.77189636230469,101.84065246582031,100.4062728881836,101.2219009399414,6680869
2016-09-15,62.65420913696289,98.32502746582031,101.47502136230469,97.90315246582031,101.47502136230469,8920122
2016-09-16,63.10225296020508,99.02815246582031,101.5312728881836,97.39689636230469,99.16877746582031,21690721
2016-09-19,63.586124420166016,99.78752136230469,100.2375259399414,98.0156478881836,98.8312759399414,4266806
2016-09-20,63.837032318115234,100.1812744140625,100.91252136230469,99.5625228881836,99.92814636230469,4769662
2016-09-21,62.83341598510742,98.60627746582031,101.3062744140625,98.18440246582031,100.1812744140625,4957941
2016-09-22,63.99833679199219,100.43440246582031,101.41877746582031,99.1125259399414,99.6187744140625,4676363
2016-09-23,63.066402435302734,98.9719009399414,100.91252136230469,98.8312759399414,100.2656478881836,7599534
2016-09-26,62.97679138183594,98.8312759399414,100.29377746582031,98.3531494140625,98.8312759399414,6333433
2016-09-27,63.156005859375,99.1125259399414,100.20939636230469,98.9156494140625,99.36564636230469,6069513
2016-09-28,63.96247482299805,100.3781509399414,100.7437744140625,99.1125259399414,99.1125259399414,4515648
2016-09-29,62.152400970458984,97.53752136230469,102.4312744140625,96.5812759399414,100.5468978881836,13380901
2016-09-30,63.28145980834961,99.30940246582031,99.9562759399414,96.49690246582031,97.9312744140625,11831869
2016-10-03,64.94817352294922,101.9250259399414,102.88127136230469,98.7750244140625,99.64689636230469,9403402
2016-10-04,64.87649536132812,101.8125228881836,102.7687759399414,101.5031509399414,102.0937728881836,7967290
2016-10-05,65.01986694335938,102.03752136230469,103.16252136230469,101.47502136230469,101.89689636230469,5347763
2016-10-06,63.765342712402344,100.06877136230469,102.5156478881836,99.8437728881836,101.98127746582031,5654229
2016-10-07,63.424842834472656,99.5344009399414,101.0250244140625,99.16877746582031,100.06877136230469,3980080
2016-10-10,63.8191032409668,100.15315246582031,100.6875228881836,99.6750259399414,99.6750259399414,4458994
2016-10-13,62.72590255737305,98.4375228881836,100.0406494140625,97.7062759399414,99.87190246582031,14897308
2016-10-14,63.693660736083984,99.9562759399414,100.4062728881836,97.05940246582031,98.88752746582031,4958871
2016-10-17,63.10225296020508,99.02815246582031,99.92814636230469,98.32502746582031,99.16877746582031,4534814
2016-10-18,63.227691650390625,99.22502136230469,100.01252746582031,98.4375228881836,99.4218978881836,7289895
2016-10-19,63.99833679199219,100.43440246582031,101.6718978881836,99.0562744140625,99.5344009399414,9020687
2016-10-20,64.0341796875,100.49064636230469,101.3906478881836,100.0406494140625,100.8843994140625,4037879
2016-10-21,63.424842834472656,99.5344009399414,100.8843994140625,99.0562744140625,100.8843994140625,10350237
2016-10-24,63.12017059326172,99.0562744140625,100.3218994140625,98.52189636230469,99.3375244140625,2945373
2016-10-25,63.926631927490234,100.3218994140625,100.6594009399414,98.7750244140625,99.30940246582031,3002870
2016-10-26,62.90509796142578,98.7187728881836,100.29377746582031,98.32502746582031,100.1250228881836,3927291
2016-10-27,62.90509796142578,98.7187728881836,99.4781494140625,97.7062759399414,98.4937744140625,7017500
2016-10-28,63.04847717285156,98.94377136230469,99.5625228881836,96.77815246582031,98.88752746582031,4282450
2016-11-01,63.40690612792969,99.50627136230469,100.99690246582031,97.95939636230469,98.5781478881836,5277438
2016-11-02,62.76171875,98.4937744140625,99.2812728881836,98.1281509399414,98.9719009399414,4859666
2016-11-03,62.707977294921875,98.4094009399414,98.8312759399414,98.04377746582031,98.52189636230469,4078615
2016-11-04,62.20616149902344,97.62190246582031,98.9156494140625,96.3281478881836,98.4375228881836,4179894
2016-11-07,62.3674430847168,97.8750228881836,98.2125244140625,97.62190246582031,98.04377746582031,7660803
2016-11-08,63.44276809692383,99.5625228881836,99.9000244140625,97.81877136230469,98.0156478881836,3265787
2016-11-09,64.58975982666016,101.3625259399414,101.98127746582031,93.9094009399414,95.6250228881836,13247214
2016-11-10,67.54682159423828,106.0031509399414,106.8750228881836,101.89689636230469,104.0625228881836,18046820
2016-11-11,65.62919616699219,102.9937744140625,106.0312728881836,102.0937728881836,104.6250228881836,8770575
2016-11-15,66.29230499267578,104.0344009399414,104.9625244140625,102.68440246582031,102.68440246582031,11489252
2016-11-16,67.56473541259766,106.0312728881836,107.1562728881836,103.1343994140625,104.93440246582031,10203154
2016-11-17,69.14186096191406,108.50627899169922,110.47502899169922,103.6125259399414,105.7219009399414,9392264
2016-11-18,68.80134582519531,107.9719009399414,109.85627746582031,107.66252899169922,108.98440551757812,12168642
2016-11-21,66.32814025878906,104.09065246582031,108.92815399169922,103.66877746582031,108.92815399169922,12187225
2016-11-22,65.86217498779297,103.3593978881836,105.0187759399414,101.6718978881836,104.56877899169922,11976002
2016-11-23,65.10946655273438,102.17814636230469,105.49690246582031,101.0250244140625,103.6125259399414,13625626
2016-11-24,66.32814025878906,104.09065246582031,105.13127899169922,101.41877746582031,102.3469009399414,18404432
2016-11-25,67.61849975585938,106.11565399169922,106.9875259399414,104.0625228881836,104.6812744140625,14716858
2016-11-28,68.28158569335938,107.1562728881836,109.57502746582031,105.1594009399414,105.1875228881836,10318399
2016-11-29,67.90523529052734,106.5656509399414,107.74690246582031,106.0312728881836,107.24065399169922,12406804
2016-11-30,68.78341674804688,107.94377899169922,108.3937759399414,105.5250244140625,107.32502746582031,7446808
2016-12-01,66.05931091308594,103.66877746582031,108.28128051757812,103.2187728881836,108.28128051757812,11056167
2016-12-02,65.8801040649414,103.38752746582031,104.56877899169922,102.6562728881836,104.0625228881836,9676372
2016-12-05,66.34605407714844,104.1187744140625,104.65315246582031,101.7281494140625,103.3312759399414,12282830
2016-12-06,65.55753326416016,102.88127136230469,104.9625244140625,102.6562728881836,104.28752899169922,4550359
2016-12-07,65.39620971679688,102.6281509399414,104.3437728881836,102.3750228881836,103.8937759399414,4265108
2016-12-08,66.54322052001953,104.42815399169922,104.5969009399414,102.12190246582031,103.4719009399414,5413273
2016-12-09,66.11306762695312,103.7531509399414,104.6250228881836,103.3593978881836,104.6250228881836,3451184
2016-12-12,66.22061157226562,103.9218978881836,104.3156509399414,103.16252136230469,103.6406478881836,3689403
2016-12-13,66.39981842041016,104.2031478881836,104.93440246582031,102.6281509399414,104.3437728881836,4417447
2016-12-14,65.21700286865234,102.3469009399414,104.28752899169922,102.0656509399414,104.0625228881836,7312670
2016-12-15,65.71880340576172,103.1343994140625,104.4843978881836,101.5312728881836,101.8125228881836,5253972
2016-12-16,65.8801040649414,103.38752746582031,104.7656478881836,102.2062759399414,103.24690246582031,26025533
2016-12-19,65.98763275146484,103.5562744140625,104.0625228881836,102.8531494140625,103.58439636230469,3627943
2016-12-20,65.21700286865234,102.3469009399414,103.7531509399414,102.2343978881836,103.5000228881836,5757036
2016-12-21,65.6829605102539,103.0781478881836,103.3312759399414,102.2343978881836,102.40315246582031,5279390
2016-12-22,65.14531707763672,102.2343978881836,103.1906509399414,101.8687744140625,102.9375228881836,2653684
2016-12-23,65.34245300292969,102.54377746582031,102.7687759399414,100.6875228881836,102.1500244140625,4805945
2016-12-26,64.08792877197266,100.57502746582031,102.5718994140625,100.2656478881836,102.5718994140625,5932940
2016-12-27,64.89440155029297,101.84065246582031,102.2062759399414,99.30940246582031,100.5187759399414,4555998
2016-12-28,64.5180435180664,101.2500228881836,102.9375228881836,100.7437744140625,101.84065246582031,3739977
2016-12-29,64.53598022460938,101.27815246582031,102.0656509399414,100.6875228881836,100.8000259399414,14737238
2016-12-30,65.7725830078125,103.2187728881836,104.1187744140625,101.3906478881836,101.47502136230469,4872601
2017-01-02,65.82633209228516,103.30314636230469,104.1750259399414,102.7125244140625,103.2187728881836,1811713
2017-01-03,67.40345764160156,105.77815246582031,106.0312728881836,103.7812728881836,104.00627899169922,7819727
2017-01-04,66.9375,105.0468978881836,106.2281494140625,104.65315246582031,105.77815246582031,7829503
2017-01-05,68.40706634521484,107.3531494140625,107.5781478881836,104.6812744140625,105.21565246582031,6362320
2017-01-06,67.6722640991211,106.20002746582031,108.4781494140625,105.8906478881836,107.52190399169922,6298387
2017-01-09,66.86580657958984,104.93440246582031,106.4250259399414,104.1187744140625,106.4250259399414,2956484
2017-01-10,66.86580657958984,104.93440246582031,105.91877746582031,104.09065246582031,104.9625244140625,4626997
2017-01-11,68.03070831298828,106.76252746582031,107.66252899169922,104.56877899169922,105.35627746582031,21835704
2017-01-12,70.96986389160156,111.37503051757812,112.35940551757812,106.8750228881836,106.8750228881836,26857806
2017-01-13,70.66520690917969,110.89690399169922,112.44377899169922,110.27815246582031,112.44377899169922,23933005
2017-01-16,71.4716567993164,112.16252899169922,113.09065246582031,110.67190551757812,110.81253051757812,8473484
2017-01-17,70.88025665283203,111.23440551757812,112.86565399169922,109.7437744140625,112.16252899169922,10193606
2017-01-18,71.13114929199219,111.6281509399414,112.30315399169922,110.84065246582031,111.37503051757812,21229809
2017-01-19,72.33189392089844,113.51252746582031,114.5812759399414,110.95315551757812,111.88127899169922,8756982
2017-01-20,71.4716567993164,112.16252899169922,113.9625244140625,111.0656509399414,113.9625244140625,12987134
2017-01-23,71.75840759277344,112.6125259399414,113.7375259399414,111.96565246582031,112.4156494140625,7334154
2017-01-24,72.88748168945312,114.3843994140625,115.1437759399414,112.8375244140625,113.06253051757812,7122776
2017-01-25,72.79786682128906,114.2437744140625,114.77815246582031,113.56877899169922,114.55315399169922,10336365
2017-01-27,73.31761932373047,115.05940246582031,116.4094009399414,113.93440246582031,114.46878051757812,11095330
2017-01-30,73.72978210449219,115.7062759399414,116.1281509399414,113.90628051757812,114.91877746582031,5832917
2017-01-31,74.26744079589844,116.5500259399414,117.70315551757812,115.0031509399414,115.59378051757812,7593736
2017-02-01,73.76563262939453,115.76252746582031,117.33753204345703,115.17190551757812,117.33753204345703,7325455
2017-02-02,73.10254669189453,114.7219009399414,115.87503051757812,114.32815551757812,115.81877899169922,7773806
2017-02-03,72.29607391357422,113.4562759399414,115.76252746582031,113.1187744140625,114.3000259399414,4479429
2017-02-06,72.08100128173828,113.1187744140625,114.8625259399414,112.35940551757812,113.76565551757812,6337200
2017-02-07,71.65088653564453,112.44377899169922,114.5250244140625,112.0500259399414,113.42815399169922,6562928
2017-02-08,72.08100128173828,113.1187744140625,114.0187759399414,111.54377746582031,113.06253051757812,9024346
2017-02-09,72.45736694335938,113.70940399169922,115.6500244140625,112.95002746582031,113.85002899169922,12790725
2017-02-10,71.65088653564453,112.44377899169922,115.76252746582031,112.07815551757812,115.4250259399414,16817238
2017-02-13,72.77993774414062,114.21565246582031,114.7219009399414,112.21878051757812,113.4562759399414,9508762
2017-02-14,71.99139404296875,112.9781494140625,114.7219009399414,112.5562744140625,114.69377899169922,9403263
2017-02-15,72.20645141601562,113.3156509399414,113.9625244140625,112.35940551757812,113.28752899169922,7302351
2017-02-16,72.4586181640625,113.14690399169922,113.8781509399414,111.9937744140625,112.50003051757812,6272531
2017-02-17,72.96292114257812,113.93440246582031,114.32815551757812,112.24690246582031,113.62503051757812,4966775
2017-02-20,74.36778259277344,116.1281509399414,116.66252899169922,113.51252746582031,114.69377899169922,9917513
2017-02-21,74.25971984863281,115.95940399169922,116.88752746582031,115.05940246582031,116.1281509399414,7428835
2017-02-22,72.62071228027344,113.4000244140625,117.50627899169922,113.00627899169922,117.36565399169922,26345564
2017-02-23,71.7381591796875,112.02190399169922,113.62503051757812,111.68440246582031,113.62503051757812,13404307
2017-02-27,69.43275451660156,108.42190551757812,112.50003051757812,107.94377899169922,112.50003051757812,14798634
2017-02-28,69.21662139892578,108.08440399169922,109.6031494140625,107.74690246582031,107.94377899169922,10051421
2017-03-01,69.39671325683594,108.36565399169922,109.5187759399414,107.9156494140625,108.84378051757812,10348326
2017-03-02,68.35209655761719,106.7343978881836,109.12503051757812,106.3125228881836,109.12503051757812,10629352
2017-03-03,68.74833679199219,107.3531494140625,107.5781478881836,105.7500228881836,106.3125228881836,8454072
2017-03-06,69.82899475097656,109.0406494140625,110.3625259399414,107.4937744140625,107.9156494140625,14858083
2017-03-07,70.08114624023438,109.43440246582031,110.2219009399414,108.87190246582031,109.43440246582031,11746802
2017-03-08,70.45938873291016,110.0250244140625,111.1500244140625,109.20940399169922,109.85627746582031,7938282
2017-03-09,70.04512786865234,109.3781509399414,110.13752746582031,108.28128051757812,110.13752746582031,9777769
2017-03-10,69.36070251464844,108.30940246582031,110.0812759399414,106.90315246582031,109.68753051757812,16388459
2017-03-14,69.75694274902344,108.92815399169922,111.7687759399414,108.3375244140625,111.6281509399414,11886293
2017-03-15,69.50479888916016,108.5344009399414,109.15315246582031,108.28128051757812,109.12503051757812,7772586
2017-03-16,70.27928161621094,109.7437744140625,109.9406509399414,108.42190551757812,109.20940399169922,5161993
2017-03-17,69.8830337524414,109.12503051757812,110.81253051757812,108.6187744140625,110.70002746582031,9522200
2017-03-20,69.73893737792969,108.9000244140625,109.3781509399414,108.42190551757812,109.12503051757812,9378518
2017-03-21,69.61286926269531,108.70315551757812,109.43440246582031,108.50627899169922,109.12503051757812,8126819
2017-03-22,69.19860076904297,108.0562744140625,110.0250244140625,107.6906509399414,107.74690246582031,8203222
2017-03-23,69.54082489013672,108.59065246582031,108.84378051757812,107.7750244140625,108.56253051757812,5875356
2017-03-24,69.79296875,108.98440551757812,109.77190399169922,108.70315551757812,109.0406494140625,6164329
2017-03-27,70.18919372558594,109.6031494140625,110.3062744140625,108.92815399169922,109.12503051757812,7104197
2017-03-28,70.85564422607422,110.6437759399414,110.81253051757812,109.49065399169922,109.49065399169922,6020578
2017-03-29,70.9096450805664,110.7281494140625,111.0656509399414,110.10940551757812,110.98127746582031,6451066
2017-03-30,70.40534210205078,109.9406509399414,111.23440551757812,109.26565551757812,110.98127746582031,13016042
2017-03-31,71.07176971435547,110.98127746582031,112.44377899169922,110.05315399169922,110.05315399169922,8522874
2017-04-03,70.67550659179688,110.3625259399414,112.16252899169922,110.25003051757812,112.16252899169922,9945512
2017-04-05,70.24324798583984,109.68753051757812,111.31877899169922,109.2375259399414,110.7281494140625,7061975
2017-04-06,71.03572845458984,110.9250259399414,111.3469009399414,108.6187744140625,110.47502899169922,7466431
2017-04-07,70.24324798583984,109.68753051757812,110.39065551757812,109.40628051757812,110.27815246582031,9205565
2017-04-10,70.35130310058594,109.85627746582031,110.05315399169922,109.3218994140625,109.71565246582031,5763232
2017-04-11,71.7381591796875,112.02190399169922,113.4000244140625,109.40628051757812,109.8843994140625,10668096
2017-04-12,71.1798324584961,111.1500244140625,113.34378051757812,110.25003051757812,112.50003051757812,6620702
2017-04-13,72.04437255859375,112.50003051757812,113.09065246582031,110.70002746582031,111.26252746582031,5910355
2017-04-17,72.87285614013672,113.79377746582031,114.27190399169922,111.93753051757812,112.4719009399414,11138596
2017-04-18,72.89088439941406,113.8218994140625,114.91877746582031,113.42815399169922,113.90628051757812,7675098
2017-04-19,76.07884979248047,118.8000259399414,120.09378051757812,113.5969009399414,114.1031494140625,29099215
2017-04-20,75.25032043457031,117.50627899169922,119.47502899169922,115.5656509399414,119.25003051757812,11822555
2017-04-21,74.06159973144531,115.6500244140625,118.3781509399414,114.63752746582031,117.78752899169922,7938078
2017-04-24,73.79142761230469,115.2281494140625,116.4094009399414,114.8062744140625,116.15628051757812,7520828
2017-04-25,75.14226531982422,117.33753204345703,118.06877899169922,115.20002746582031,115.87503051757812,6293621
2017-04-26,74.09759521484375,115.7062759399414,117.28128051757812,114.89065551757812,117.28128051757812,5977354
2017-04-27,74.83607482910156,116.85940551757812,118.20940399169922,115.39690399169922,115.87503051757812,13646716
2017-04-28,74.92613220214844,117.00003051757812,117.3937759399414,115.8469009399414,116.43753051757812,5477289
2017-05-02,74.20567321777344,115.87503051757812,117.47815704345703,115.03128051757812,117.47815704345703,5123042
2017-05-03,76.02481079101562,118.71565246582031,120.26252746582031,116.04377746582031,116.38127899169922,10859280
2017-05-04,75.88072204589844,118.49065399169922,119.67190551757812,117.56253051757812,118.68753051757812,12952295
2017-05-05,75.2863540649414,117.56253051757812,119.25003051757812,116.74690246582031,119.25003051757812,4993008
2017-05-08,75.64656829833984,118.12503051757812,118.40628051757812,116.2687759399414,117.61878204345703,6855459
2017-05-09,75.05220031738281,117.19690704345703,118.96878051757812,116.85940551757812,118.15315246582031,4729357
2017-05-10,75.8266830444336,118.40628051757812,118.6594009399414,117.56253051757812,117.9562759399414,4623710
2017-05-11,74.9981689453125,117.1125259399414,118.96878051757812,115.9875259399414,118.68753051757812,4946190
2017-05-12,74.29573822021484,116.01565551757812,117.90003204345703,115.6500244140625,117.00003051757812,5386419
2017-05-15,74.45781707763672,116.2687759399414,117.56253051757812,116.07190704345703,117.50627899169922,5353854
2017-05-16,74.70999145507812,116.66252899169922,116.9719009399414,116.01565551757812,116.29690551757812,4077710
2017-05-17,75.21430969238281,117.45002746582031,117.9562759399414,115.95940399169922,116.77503204345703,3694898
2017-05-18,75.01618957519531,117.14065551757812,117.78752899169922,116.49378204345703,117.00003051757812,5797418
2017-05-19,74.11563873291016,115.73440551757812,119.10940551757812,114.8062744140625,117.9562759399414,17793954
2017-05-22,72.94491577148438,113.90628051757812,116.8312759399414,112.0500259399414,116.43753051757812,7423973
2017-05-23,72.54866027832031,113.28752899169922,114.46878051757812,111.0093994140625,114.1594009399414,6465473
2017-05-24,72.00833892822266,112.44377899169922,114.69377899169922,111.65628051757812,113.85002899169922,6650433
2017-05-25,71.6661148071289,111.9094009399414,113.0344009399414,110.05315399169922,112.8937759399414,9992276
2017-05-26,72.83683776855469,113.7375259399414,114.69377899169922,111.54377746582031,112.50003051757812,6466364
2017-05-29,75.32237243652344,117.61878204345703,118.54690551757812,114.2437744140625,114.27190399169922,14504778
2017-05-30,73.52125549316406,114.8062744140625,117.50627899169922,113.65315246582031,117.50627899169922,10884114
2017-05-31,74.9081039428711,116.9719009399414,117.73127746582031,115.2844009399414,115.2844009399414,7781359
2017-06-01,74.80005645751953,116.80315399169922,117.9562759399414,116.07190704345703,116.74690246582031,6369921
2017-06-02,74.24170684814453,115.9312744140625,117.19690704345703,115.48127746582031,117.05628204345703,6713770
2017-06-05,73.95352935791016,115.48127746582031,116.63440704345703,114.8625259399414,116.29690551757812,5093948
2017-06-06,73.28712463378906,114.4406509399414,115.67815399169922,113.79377746582031,115.62190246582031,5324457
2017-06-07,73.86346435546875,115.34065246582031,115.7062759399414,113.7375259399414,114.69377899169922,7605903
2017-06-08,74.69198608398438,116.63440704345703,116.8312759399414,114.5250244140625,115.31253051757812,7487370
2017-06-09,74.637939453125,116.5500259399414,117.28128051757812,116.15628051757812,116.66252899169922,6432439
2017-06-12,74.27772521972656,115.9875259399414,116.94377899169922,115.31253051757812,116.10002899169922,3684911
2017-06-13,75.73661804199219,118.26565551757812,119.89690399169922,115.87503051757812,116.1281509399414,15775215
2017-06-14,75.8266830444336,118.40628051757812,119.81253051757812,117.84378051757812,118.68753051757812,13639132
2017-06-15,75.77265167236328,118.32190704345703,119.39065551757812,117.75940704345703,118.12503051757812,5595511
2017-06-16,75.62857055664062,118.0969009399414,118.96878051757812,116.77503204345703,118.12503051757812,6127735
2017-06-19,76.5111083984375,119.47502899169922,119.7844009399414,118.0969009399414,118.12503051757812,6393073
2017-06-20,75.03418731689453,117.16877746582031,120.93753051757812,115.6500244140625,119.39065551757812,12876594
2017-06-21,74.09759521484375,115.7062759399414,117.00003051757812,115.17190551757812,117.00003051757812,13855413
2017-06-22,72.87285614013672,113.79377746582031,117.3937759399414,112.50003051757812,115.7906494140625,33713902
2017-06-23,74.20567321777344,115.87503051757812,116.43753051757812,113.85002899169922,114.18753051757812,9034020
2017-06-27,74.11563873291016,115.73440551757812,116.2687759399414,113.34378051757812,115.87503051757812,6947747
2017-06-28,74.78204345703125,116.77503204345703,117.5344009399414,114.41252899169922,115.87503051757812,7103873
2017-06-29,74.92613220214844,117.00003051757812,118.40628051757812,116.38127899169922,117.00003051757812,7577681
2017-06-30,75.84469604492188,118.43440246582031,118.71565246582031,116.88752746582031,116.94377899169922,7751039
2017-07-03,76.16889953613281,118.9406509399414,119.61565399169922,117.84378051757812,118.12503051757812,8768284
2017-07-04,75.89871978759766,118.5187759399414,119.81253051757812,117.98440551757812,119.81253051757812,4530105
2017-07-05,75.66458892822266,118.15315246582031,118.9406509399414,117.84378051757812,118.9406509399414,6062229
2017-07-06,75.59254455566406,118.04065704345703,118.68753051757812,117.56253051757812,118.68753051757812,5577232
2017-07-07,75.44844818115234,117.8156509399414,118.35002899169922,117.1125259399414,117.9562759399414,7641379
2017-07-10,76.13286590576172,118.88440704345703,119.25003051757812,118.12503051757812,118.12503051757812,2844699
2017-07-11,76.3489990234375,119.2219009399414,120.00940704345703,118.63127899169922,119.53128051757812,13833624
2017-07-12,77.08745574951172,120.37503051757812,120.93753051757812,119.2219009399414,119.2219009399414,9211263
2017-07-13,77.48371124267578,120.99378204345703,122.06253051757812,120.62815856933594,122.03440856933594,9596900
2017-07-14,77.51972961425781,121.05003356933594,121.64065551757812,120.65628051757812,121.64065551757812,4889330
2017-07-17,78.06005859375,121.89378356933594,122.31565856933594,121.07815551757812,121.07815551757812,6302565
2017-07-18,77.59178161621094,121.16252899169922,123.75003051757812,120.79690551757812,122.03440856933594,7549621
2017-07-19,78.76248931884766,122.99065399169922,123.46878051757812,121.52815246582031,122.28752899169922,8521832
2017-07-20,78.78050231933594,123.01878356933594,123.75003051757812,122.42815399169922,123.18753051757812,10233967
2017-07-21,77.55574798583984,121.10627746582031,123.44065856933594,120.09378051757812,123.44065856933594,4948380
2017-07-24,78.07805633544922,121.92190551757812,122.20315551757812,119.95315551757812,119.95315551757812,6137724
2017-07-25,78.16812133789062,122.06253051757812,122.96253204345703,121.66877746582031,122.34378051757812,6113154
2017-07-26,78.27618408203125,122.23127746582031,122.59690856933594,121.24690246582031,122.54065704345703,5258903
2017-07-27,78.04205322265625,121.86565399169922,123.24378204345703,121.35940551757812,122.45628356933594,21380991
2017-07-28,77.32160949707031,120.74065399169922,121.95002746582031,119.27815246582031,121.55628204345703,8260545
2017-07-31,80.43751525878906,125.60627746582031,126.11253356933594,120.74065399169922,120.74065399169922,17403810
2017-08-01,80.83375549316406,126.22502899169922,126.90003204345703,124.11565399169922,125.88752746582031,15263765
2017-08-02,79.89717864990234,124.76252746582031,127.12503051757812,124.14378356933594,126.36565399169922,12014487
2017-08-03,80.31144714355469,125.40940856933594,126.30940246582031,123.32815551757812,124.31253051757812,5285543
2017-08-04,80.90582275390625,126.33753204345703,126.64690399169922,124.65003204345703,126.22502899169922,7975937
2017-08-07,81.39209747314453,127.09690856933594,127.26565551757812,125.43753051757812,126.56253051757812,4619568
2017-08-08,80.29344940185547,125.38127899169922,127.46253204345703,124.56565856933594,127.40628051757812,3229672
2017-08-09,79.93321990966797,124.81877899169922,126.67503356933594,124.20002746582031,125.21253204345703,4573769
2017-08-10,78.31221771240234,122.28752899169922,124.76252746582031,121.13440704345703,124.76252746582031,6813656
2017-08-11,78.85254669189453,123.13127899169922,124.03128051757812,119.25003051757812,119.53128051757812,8860877
2017-08-14,80.23939514160156,125.29690551757812,125.97190856933594,123.18753051757812,123.32815551757812,4990789
2017-08-16,79.5009536743164,124.14378356933594,126.36565399169922,123.55315399169922,125.83128356933594,5221989
2017-08-17,79.05064392089844,123.44065856933594,124.65003204345703,123.04690551757812,124.03128051757812,2837686
2017-08-18,80.31144714355469,125.40940856933594,125.88752746582031,123.01878356933594,123.18753051757812,7721084
2017-08-21,79.35684967041016,123.91877746582031,126.53440856933594,123.49690246582031,126.00003051757812,5203218
2017-08-22,79.06868743896484,123.46878051757812,125.07190704345703,122.65315246582031,124.84690856933594,6646897
2017-08-23,79.15874481201172,123.60940551757812,124.20002746582031,122.42815399169922,123.52503204345703,5312780
2017-08-24,79.59099578857422,124.28440856933594,124.98753356933594,123.21565246582031,123.46878051757812,5492256
2017-08-28,78.20415496826172,122.11878204345703,124.25627899169922,121.86565399169922,124.25627899169922,9753985
2017-08-29,77.55574798583984,121.10627746582031,122.93440246582031,120.26252746582031,122.23127746582031,12235532
2017-08-30,77.66380310058594,121.27503204345703,122.31565856933594,120.51565551757812,121.97815704345703,9313551
2017-08-31,78.9786376953125,123.32815551757812,123.75003051757812,120.96565246582031,121.64065551757812,8143692
2017-09-01,77.98802947998047,121.78128051757812,123.01878356933594,121.38752746582031,123.01878356933594,8803556
2017-09-04,78.38426208496094,122.40003204345703,123.32815551757812,119.70002746582031,121.83753204345703,6239751
2017-09-05,77.87994384765625,121.61253356933594,122.40003204345703,121.44377899169922,122.34378051757812,3937595
2017-09-06,77.19552612304688,120.54377746582031,121.52815246582031,119.81253051757812,120.93753051757812,4800221
2017-09-07,77.77186584472656,121.44377899169922,121.58440399169922,120.12190246582031,121.21878051757812,5008597
2017-09-08,76.76325988769531,119.86878204345703,121.86565399169922,119.47502899169922,121.61253356933594,8588797
2017-09-11,78.90422058105469,121.27503204345703,121.50003051757812,118.49065399169922,118.68753051757812,6205180
2017-09-12,78.79441833496094,121.10627746582031,121.66877746582031,120.54377746582031,121.27503204345703,4307268
2017-09-13,78.22718048095703,120.23440551757812,121.55628204345703,119.81253051757812,121.10627746582031,3679773
2017-09-14,78.30036163330078,120.34690856933594,121.50003051757812,119.61565399169922,119.98127746582031,6793237
2017-09-15,77.76968383789062,119.53128051757812,120.06565856933594,117.05628204345703,119.6437759399414,9054445
2017-09-18,78.81271362304688,121.13440704345703,122.25940704345703,119.53128051757812,119.53128051757812,10470233
2017-09-19,78.9957275390625,121.41565704345703,121.72502899169922,119.70002746582031,121.72502899169922,5530915
2017-09-20,77.91608428955078,119.75627899169922,121.61253356933594,119.53128051757812,121.44377899169922,5687495
2017-09-21,77.42201232910156,118.99690246582031,119.75627899169922,118.32190704345703,119.75627899169922,5113744
2017-09-22,76.69007110595703,117.87190246582031,118.88440704345703,117.05628204345703,118.15315246582031,5195124
2017-09-25,76.90966033935547,118.20940399169922,120.29065704345703,116.80315399169922,117.56253051757812,13057600
2017-09-26,77.12924194335938,118.54690551757812,120.09378051757812,118.20940399169922,120.09378051757812,6570371
2017-09-27,76.17771911621094,117.08440399169922,119.84065246582031,116.32502746582031,119.25003051757812,7885119
2017-09-28,76.48878479003906,117.56253051757812,118.63127899169922,115.31253051757812,115.87503051757812,11633088
2017-09-29,77.22074127197266,118.68753051757812,119.61565399169922,115.9312744140625,118.68753051757812,13782560
2017-10-03,75.44575500488281,115.95940399169922,119.39065551757812,115.59378051757812,119.33440399169922,12296210
2017-10-04,76.50706481933594,117.59065246582031,118.49065399169922,115.34065246582031,115.34065246582031,12075908
2017-10-05,75.00657653808594,115.2844009399414,117.78752899169922,114.83440399169922,117.56253051757812,17352392
2017-10-06,74.93338775634766,115.17190551757812,115.7906494140625,114.49690246582031,115.31253051757812,13466622
2017-10-09,73.54269409179688,113.0344009399414,115.2281494140625,112.30315399169922,115.2281494140625,21446056
2017-10-10,74.93338775634766,115.17190551757812,115.87503051757812,113.06253051757812,113.09065246582031,14560236
2017-10-11,74.238037109375,114.1031494140625,115.9312744140625,113.28752899169922,115.53752899169922,11830976
2017-10-12,74.0367431640625,113.79377746582031,114.8625259399414,113.34378051757812,114.21565246582031,5518551
2017-10-13,75.26275634765625,115.67815399169922,116.49378204345703,112.6125259399414,113.85002899169922,11394674
2017-10-16,75.29935455322266,115.73440551757812,117.33753204345703,115.39690399169922,116.2687759399414,11521216
2017-10-17,74.98826599121094,115.25627899169922,116.38127899169922,114.7219009399414,115.45315551757812,4936452
2017-10-18,78.15396118164062,120.12190246582031,120.51565551757812,115.87503051757812,115.9875259399414,18484486
2017-10-19,77.0926284790039,118.49065399169922,119.81253051757812,117.87190246582031,119.72815704345703,559370
2017-10-23,78.15396118164062,120.12190246582031,120.48753356933594,118.68753051757812,119.7844009399414,14162373
2017-10-24,78.70292663574219,120.96565246582031,121.44377899169922,118.91252899169922,119.98127746582031,7050716
2017-10-25,79.08719635009766,121.55628204345703,123.18753051757812,120.26252746582031,121.50003051757812,16306452
2017-10-26,77.58670806884766,119.25003051757812,121.35940551757812,118.54690551757812,120.60002899169922,23524154
2017-10-27,77.49520874023438,119.10940551757812,120.12190246582031,118.35002899169922,119.44690704345703,9985329
2017-10-30,77.73310089111328,119.47502899169922,120.65628051757812,119.16565704345703,119.2219009399414,4118717
2017-10-31,77.53180694580078,119.16565704345703,123.13127899169922,118.5187759399414,119.6437759399414,16442260
2017-11-01,76.98284912109375,118.32190704345703,120.03752899169922,117.36565399169922,119.72815704345703,12417385
2017-11-02,78.75782775878906,121.05003356933594,121.66877746582031,119.13752746582031,119.25003051757812,16259892
2017-11-03,76.873046875,118.15315246582031,124.03128051757812,117.90003204345703,124.03128051757812,26293141
2017-11-06,77.11093139648438,118.5187759399414,119.98127746582031,117.84378051757812,118.54690551757812,7985183
2017-11-07,75.99472045898438,116.80315399169922,119.3625259399414,116.15628051757812,119.02503204345703,9702210
2017-11-08,76.17771911621094,117.08440399169922,118.0969009399414,116.52190399169922,117.00003051757812,12777065
2017-11-09,76.122802734375,117.00003051757812,118.01252746582031,115.31253051757812,118.01252746582031,9492091
2017-11-10,77.34881591796875,118.88440704345703,119.25003051757812,116.15628051757812,116.43753051757812,8999608
2017-11-13,77.22074127197266,118.68753051757812,120.00940704345703,117.73127746582031,119.19377899169922,7885278
2017-11-14,75.7385482788086,116.4094009399414,118.71565246582031,115.9312744140625,118.68753051757812,4927717
2017-11-15,75.7568359375,116.43753051757812,116.74690246582031,114.97502899169922,116.2687759399414,8653007
2017-11-16,76.23259735107422,117.16877746582031,117.47815704345703,115.39690399169922,116.49378204345703,18027175
2017-11-17,76.34239196777344,117.33753204345703,118.0969009399414,116.85940551757812,117.73127746582031,9193722
2017-11-20,76.41558074951172,117.45002746582031,118.29377746582031,115.67815399169922,118.29377746582031,8277194
2017-11-21,75.61043548583984,116.21253204345703,117.5344009399414,115.76252746582031,117.5344009399414,15596732
2017-11-22,75.77513122558594,116.46565246582031,117.08440399169922,115.3687744140625,117.08440399169922,8665005
2017-11-23,76.50706481933594,117.59065246582031,118.01252746582031,116.18440246582031,116.94377899169922,6824919
2017-11-24,77.2939224243164,118.8000259399414,119.16565704345703,117.00003051757812,117.28128051757812,7734712
2017-11-27,76.90966033935547,118.20940399169922,119.16565704345703,117.00003051757812,119.13752746582031,14811199
2017-11-28,76.25089263916016,117.19690704345703,118.12503051757812,115.9875259399414,118.12503051757812,21546865
2017-11-29,76.39728546142578,117.42190551757812,117.98440551757812,116.74690246582031,117.33753204345703,7324543
2017-11-30,75.40914916992188,115.90315246582031,117.28128051757812,115.39690399169922,117.28128051757812,19256592
2017-12-01,74.2746353149414,114.1594009399414,116.63440704345703,113.7375259399414,116.43753051757812,8172074
2017-12-04,74.20143127441406,114.04690551757812,114.7219009399414,113.00627899169922,114.46878051757812,7124561
2017-12-05,73.30480194091797,112.66877746582031,113.8781509399414,110.7281494140625,113.62503051757812,17485101
2017-12-06,73.2864761352539,112.64065551757812,112.9781494140625,111.74065399169922,112.3312759399414,5557173
2017-12-07,74.0367431640625,113.79377746582031,114.18753051757812,112.1906509399414,112.64065551757812,11119755
2017-12-08,74.32950592041016,114.2437744140625,114.63752746582031,112.44377899169922,114.18753051757812,14615599
2017-12-11,74.7686996459961,114.91877746582031,115.53752899169922,113.9625244140625,114.63752746582031,8231500
2017-12-12,74.25634765625,114.13127899169922,115.03128051757812,113.56877899169922,115.03128051757812,8310332
2017-12-13,73.37799072265625,112.78128051757812,113.8781509399414,112.4156494140625,113.06253051757812,12105970
2017-12-14,73.23160552978516,112.5562744140625,113.4000244140625,111.65628051757812,113.23127746582031,12838407
2017-12-15,72.77412414550781,111.8531494140625,113.70940399169922,111.09378051757812,113.28752899169922,22654959
2017-12-18,73.15840911865234,112.44377899169922,112.5562744140625,108.78752899169922,111.9094009399414,16832008
2017-12-19,74.14653015136719,113.9625244140625,114.18753051757812,112.0500259399414,112.8937759399414,20133065
2017-12-20,74.2746353149414,114.1594009399414,114.3843994140625,112.4719009399414,114.2437744140625,14097971
2017-12-21,74.32950592041016,114.2437744140625,115.20002746582031,113.6812744140625,115.20002746582031,7881749
2017-12-22,74.31121826171875,114.21565246582031,114.5250244140625,113.5406494140625,114.18753051757812,7399925
2017-12-26,74.09163665771484,113.8781509399414,114.75003051757812,113.1750259399414,114.13127899169922,7946762
2017-12-27,73.63417053222656,113.1750259399414,115.03128051757812,112.95002746582031,113.90628051757812,7831439
2017-12-28,72.88391876220703,112.02190399169922,113.65315246582031,111.65628051757812,113.3156509399414,15796200
2017-12-29,73.3230972290039,112.6968994140625,113.4562759399414,112.1906509399414,112.24690246582031,8561565
2018-01-01,73.2681884765625,112.6125259399414,113.48440551757812,111.96565246582031,111.96565246582031,6388017
2018-01-02,73.46949005126953,112.92190551757812,113.51252746582031,112.10627746582031,113.20315551757812,4383705
2018-01-03,73.79885864257812,113.42815399169922,113.8781509399414,112.8375244140625,113.34378051757812,8187397
2018-01-04,73.3230972290039,112.6968994140625,114.1031494140625,112.50003051757812,113.62503051757812,4204055
2018-01-05,73.6524887084961,113.20315551757812,113.65315246582031,112.8375244140625,113.23127746582031,4923559
2018-01-08,73.39629364013672,112.80940246582031,114.32815551757812,112.52815246582031,113.62503051757812,11797863
2018-01-09,73.56098175048828,113.06253051757812,113.28752899169922,112.66877746582031,113.1187744140625,7380366
2018-01-10,73.14010620117188,112.4156494140625,113.56877899169922,111.65628051757812,113.56877899169922,8710385
2018-01-11,72.40814208984375,111.2906494140625,112.66877746582031,110.98127746582031,111.9937744140625,12305664
2018-01-12,71.85919189453125,110.4468994140625,111.54377746582031,110.0812759399414,111.4312744140625,9411915
2018-01-15,72.93881225585938,112.10627746582031,112.64065551757812,109.77190399169922,111.26252746582031,9962401
2018-01-16,71.80431365966797,110.3625259399414,112.10627746582031,109.3218994140625,111.9937744140625,13205546
2018-01-17,72.24347686767578,111.03752899169922,111.7687759399414,109.12503051757812,110.25003051757812,13012437
2018-01-18,72.09708404541016,110.81253051757812,112.38752746582031,110.10940551757812,111.7125244140625,24603506
2018-01-19,71.76769256591797,110.3062744140625,111.37503051757812,109.29377746582031,110.81253051757812,8082214
2018-01-22,71.47492980957031,109.85627746582031,110.7844009399414,109.68753051757812,110.33440399169922,9833311
2018-01-23,71.67620086669922,110.1656494140625,110.4468994140625,109.15315246582031,109.85627746582031,16134097
2018-01-24,71.71280670166016,110.2219009399414,110.7844009399414,109.77190399169922,109.85627746582031,11061376
2018-01-25,71.10896301269531,109.29377746582031,110.7281494140625,108.64690399169922,110.6437759399414,13143678
2018-01-29,71.05406188964844,109.20940399169922,110.25003051757812,109.12503051757812,109.40628051757812,11002896
2018-01-30,71.3468246459961,109.6594009399414,110.33440399169922,107.2687759399414,109.01252746582031,22826262
2018-01-31,70.92597198486328,109.01252746582031,109.85627746582031,108.00003051757812,109.6594009399414,14372442
2018-02-01,71.31022644042969,109.6031494140625,109.77190399169922,106.3125228881836,109.40628051757812,17028230
2018-02-02,70.59656524658203,108.50627899169922,109.40628051757812,107.4375228881836,109.40628051757812,22083930
2018-02-05,71.91407775878906,110.53128051757812,110.7844009399414,106.8750228881836,106.8750228881836,21997294
2018-02-06,71.3468246459961,109.6594009399414,110.0250244140625,106.8750228881836,106.8750228881836,13495253
2018-02-07,71.54810333251953,109.96878051757812,110.7281494140625,108.78752899169922,110.13752746582031,14316750
2018-02-08,71.60370635986328,108.6750259399414,109.49065399169922,108.1968994140625,109.12503051757812,33536651
2018-02-09,71.60370635986328,108.6750259399414,109.29377746582031,107.4375228881836,108.00003051757812,15183068
2018-02-12,73.56798553466797,111.65628051757812,111.96565246582031,108.73127746582031,109.2375259399414,11747845
2018-02-14,72.43758392333984,109.9406509399414,111.6281509399414,108.9562759399414,111.6281509399414,13853923
2018-02-15,73.34563446044922,111.31877899169922,111.54377746582031,109.5187759399414,110.25003051757812,8833619
2018-02-16,72.47468566894531,109.99690246582031,111.51565551757812,109.54690551757812,111.4312744140625,6252218
2018-02-19,71.95580291748047,109.20940399169922,110.7844009399414,108.9000244140625,110.0250244140625,4332550
2018-02-20,72.27082061767578,109.68753051757812,110.4468994140625,108.98440551757812,109.63127899169922,8479558
2018-02-21,71.88166809082031,109.0969009399414,110.19377899169922,108.73127746582031,110.0250244140625,9258406
2018-02-22,70.5103759765625,107.0156478881836,109.40628051757812,106.4531478881836,108.73127746582031,25535938
2018-02-23,71.62224578857422,108.70315551757812,109.0406494140625,107.0718994140625,107.2125244140625,11567495
2018-02-26,72.69703674316406,110.33440399169922,110.9250259399414,108.56253051757812,109.68753051757812,8362326
2018-02-27,73.29003143310547,111.23440551757812,111.51565551757812,109.99690246582031,110.95315551757812,17333449
2018-02-28,73.271484375,111.2062759399414,111.4875259399414,109.91252899169922,110.70002746582031,5795018
2018-03-01,73.16031646728516,111.03752899169922,111.65628051757812,109.99690246582031,110.8687744140625,8106682
2018-03-05,72.99353790283203,110.7844009399414,110.84065246582031,109.26565551757812,110.70002746582031,6992551
2018-03-06,71.58517456054688,108.64690399169922,111.09378051757812,108.0562744140625,110.8687744140625,9525018
2018-03-07,71.65930938720703,108.7593994140625,109.12503051757812,107.5781478881836,108.42190551757812,9481007
2018-03-08,72.41905975341797,109.91252899169922,110.19377899169922,108.22502899169922,109.0406494140625,10429826
2018-03-09,71.49250793457031,108.50627899169922,110.05315399169922,107.88752746582031,109.96878051757812,9887071
2018-03-12,72.27082061767578,109.68753051757812,110.05315399169922,108.56253051757812,108.84378051757812,14242997
2018-03-13,72.28934478759766,109.71565246582031,110.81253051757812,108.70315551757812,109.63127899169922,10581316
2018-03-14,72.02992248535156,109.3218994140625,110.3625259399414,108.84378051757812,109.49065399169922,8577503
2018-03-15,72.19670104980469,109.57502746582031,110.10940551757812,109.01252746582031,109.0969009399414,6132848
2018-03-16,71.25162506103516,108.14065551757812,110.89690399169922,107.6343994140625,109.35002899169922,10373796
2018-03-19,71.97432708740234,109.2375259399414,109.7437744140625,108.28128051757812,108.78752899169922,13496140
2018-03-20,72.23377227783203,109.63127899169922,110.3062744140625,108.45002746582031,109.1812744140625,9661410
2018-03-21,71.97432708740234,109.2375259399414,109.96878051757812,108.9000244140625,109.96878051757812,9675146
2018-03-22,71.41840362548828,108.3937759399414,109.5187759399414,108.14065551757812,109.2375259399414,11371840
2018-03-23,71.99288177490234,109.26565551757812,109.82815551757812,107.4375228881836,107.4375228881836,9062739
2018-03-26,72.23377227783203,109.63127899169922,109.96878051757812,109.26565551757812,109.35002899169922,15451169
2018-03-27,72.62290954589844,110.2219009399414,110.4468994140625,109.7437744140625,109.7437744140625,7563470
2018-03-28,71.62224578857422,108.70315551757812,110.13752746582031,108.16877746582031,109.96878051757812,14095921
2018-04-02,72.23377227783203,109.63127899169922,109.8000259399414,108.50627899169922,108.50627899169922,6821616
2018-04-03,73.58651733398438,111.68440246582031,112.21878051757812,109.43440246582031,109.57502746582031,6269850
2018-04-04,72.65996551513672,110.27815246582031,112.44377899169922,109.49065399169922,111.9094009399414,9689298
2018-04-05,72.7341079711914,110.39065551757812,111.6281509399414,110.25003051757812,111.31877899169922,8673501
2018-04-06,72.62290954589844,110.2219009399414,111.31877899169922,110.10940551757812,111.09378051757812,7948746
2018-04-09,72.58584594726562,110.1656494140625,110.53128051757812,109.8000259399414,110.25003051757812,4610445
2018-04-10,72.99353790283203,110.7844009399414,111.74065399169922,110.41877746582031,110.7281494140625,7562115
2018-04-11,73.01206970214844,110.81253051757812,111.4875259399414,110.13752746582031,111.37503051757812,5790314
2018-04-12,72.77115631103516,110.4468994140625,111.31877899169922,110.3062744140625,110.9250259399414,3537785
2018-04-13,73.1973876953125,111.09378051757812,111.37503051757812,110.47502899169922,110.53128051757812,3438013
2018-04-16,73.82742309570312,112.0500259399414,113.00627899169922,110.70002746582031,110.95315551757812,9628436
2018-04-17,75.93994140625,115.25627899169922,116.52190399169922,113.7375259399414,114.3000259399414,23457958
2018-04-18,75.97702026367188,115.31253051757812,115.76252746582031,114.9468994140625,115.3687744140625,8814122
2018-04-19,77.12593841552734,117.05628204345703,117.50627899169922,115.2844009399414,115.59378051757812,10627620
2018-04-20,76.79237365722656,116.5500259399414,117.90003204345703,115.9875259399414,117.45002746582031,5446620
2018-04-23,76.64411926269531,116.32502746582031,116.94377899169922,115.4250259399414,116.94377899169922,4139986
2018-04-24,76.51439666748047,116.1281509399414,117.1125259399414,115.20002746582031,117.1125259399414,3594644
2018-04-25,76.84797668457031,116.63440704345703,118.12503051757812,114.69377899169922,116.10002899169922,5924775
2018-04-26,76.71826171875,116.43753051757812,117.3937759399414,115.9875259399414,116.74690246582031,7950190
2018-04-27,77.05182647705078,116.94377899169922,117.3937759399414,116.49378204345703,116.71878051757812,7371596
2018-04-30,77.03328704833984,116.91565704345703,117.56253051757812,116.46565246582031,116.74690246582031,5644871
2018-05-02,76.0325927734375,115.39690399169922,117.61878204345703,115.1437759399414,116.43753051757812,7210903
2018-05-03,76.51439666748047,116.1281509399414,116.74690246582031,114.32815551757812,115.31253051757812,3782713
2018-05-04,76.86650848388672,116.66252899169922,116.88752746582031,115.03128051757812,116.43753051757812,22466426
2018-05-07,77.57069396972656,117.73127746582031,118.12503051757812,116.43753051757812,116.43753051757812,6003886
2018-05-08,78.84931945800781,119.67190551757812,120.37503051757812,117.47815704345703,117.84378051757812,19748071
2018-05-09,78.51576232910156,119.16565704345703,120.20628356933594,118.77190399169922,119.25003051757812,13934330
2018-05-10,77.08887481689453,117.00003051757812,119.13752746582031,115.1437759399414,118.8000259399414,13973187
2018-05-11,76.66266632080078,116.35315704345703,117.56253051757812,115.8469009399414,117.45002746582031,10688957
2018-05-14,77.47801208496094,117.59065246582031,118.01252746582031,115.87503051757812,115.87503051757812,13962128
2018-05-15,79.25700378417969,120.29065704345703,121.50003051757812,117.36565399169922,117.56253051757812,56040833
2018-05-16,79.1087417602539,120.06565856933594,120.93753051757812,119.55940246582031,120.60002899169922,18183776
2018-05-17,79.1087417602539,120.06565856933594,121.50003051757812,119.41877746582031,119.53128051757812,17900935
2018-05-18,78.92344665527344,119.7844009399414,120.93753051757812,119.30628204345703,120.20628356933594,18414996
2018-05-21,78.81226348876953,119.61565399169922,120.62815856933594,119.02503204345703,120.62815856933594,16669979
2018-05-22,78.10808563232422,118.54690551757812,120.37503051757812,117.84378051757812,120.23440551757812,9411261
2018-05-23,78.31192779541016,118.85627746582031,119.5031509399414,117.9562759399414,118.68753051757812,18219990
2018-05-24,78.47869873046875,119.10940551757812,119.47502899169922,118.91252899169922,119.47502899169922,17260447
2018-05-25,78.58988952636719,119.27815246582031,119.84065246582031,118.26565551757812,118.26565551757812,30090956
2018-05-28,76.69974517822266,116.4094009399414,119.53128051757812,116.04377746582031,119.39065551757812,17488299
2018-05-29,76.71826171875,116.43753051757812,117.9562759399414,115.73440551757812,117.14065551757812,15749359
2018-05-30,77.64481353759766,117.84378051757812,119.2219009399414,116.43753051757812,116.43753051757812,36016623
2018-05-31,77.62626647949219,117.8156509399414,119.6437759399414,113.4000244140625,118.06877899169922,274352477
2018-06-01,76.3291015625,115.8469009399414,116.94377899169922,112.6968994140625,116.38127899169922,17096388
2018-06-04,74.75398254394531,113.4562759399414,116.4094009399414,112.8375244140625,116.4094009399414,14456405
2018-06-05,73.69770050048828,111.8531494140625,113.14690399169922,109.7437744140625,112.95002746582031,13788817
2018-06-06,74.5315933227539,113.1187744140625,114.32815551757812,111.09378051757812,111.09378051757812,8130515
2018-06-07,75.14311981201172,114.04690551757812,114.7219009399414,111.51565551757812,113.3156509399414,7683528
2018-06-08,73.34563446044922,111.31877899169922,113.1750259399414,110.67190551757812,113.00627899169922,12429285
2018-06-11,72.53025817871094,110.0812759399414,112.07815551757812,109.40628051757812,111.7125244140625,19668041
2018-06-12,72.28934478759766,109.71565246582031,110.5031509399414,108.78752899169922,110.5031509399414,13416832
2018-06-13,73.43827819824219,111.45940399169922,112.1343994140625,109.7437744140625,110.41877746582031,10866676
2018-06-14,73.69770050048828,111.8531494140625,112.1343994140625,110.5875244140625,111.4875259399414,7205187
2018-06-15,73.32707214355469,111.2906494140625,111.93753051757812,110.39065551757812,111.8531494140625,9527937
2018-06-18,73.62358093261719,111.74065399169922,112.21878051757812,110.39065551757812,111.2906494140625,4303444
2018-06-19,73.64212799072266,111.7687759399414,112.3312759399414,110.70002746582031,111.12190246582031,8099053
2018-06-20,73.80888366699219,112.02190399169922,112.3312759399414,110.70002746582031,111.7687759399414,8160216
2018-06-21,72.43758392333984,109.9406509399414,111.74065399169922,109.01252746582031,111.4312744140625,10942576
2018-06-22,73.271484375,111.2062759399414,111.60002899169922,109.1812744140625,110.3625259399414,7677797
2018-06-25,71.97432708740234,109.2375259399414,111.54377746582031,107.7187728881836,111.2062759399414,8701812
2018-06-26,70.69568634033203,107.2968978881836,109.5187759399414,106.3125228881836,109.06877899169922,9869227
2018-06-27,69.37998962402344,105.3000259399414,108.28128051757812,104.4562759399414,107.9719009399414,13094540
2018-06-28,68.4905014038086,103.95002746582031,106.1718978881836,103.02189636230469,105.97502899169922,22542641
2018-06-29,69.25028228759766,105.1031494140625,107.0718994140625,103.5562744140625,104.2031478881836,8435793
2018-07-02,68.5831527709961,104.09065246582031,105.3843994140625,103.2187728881836,105.1875228881836,13100144
2018-07-03,68.39783477783203,103.80940246582031,104.3156509399414,101.9250259399414,103.52815246582031,9990760
2018-07-04,67.82339477539062,102.9375228881836,106.4531478881836,102.45939636230469,104.2031478881836,10626271
2018-07-05,67.32305145263672,102.17814636230469,103.3593978881836,101.55940246582031,103.02189636230469,7739370
2018-07-06,67.3786392211914,102.26252746582031,102.88127136230469,101.7281494140625,102.17814636230469,7229617
2018-07-09,68.37930297851562,103.7812728881836,104.0625228881836,102.3750228881836,102.4875259399414,10238815
2018-07-10,68.21253967285156,103.52815246582031,104.2593994140625,103.16252136230469,104.0625228881836,7258266
2018-07-11,67.78632354736328,102.88127136230469,103.9218978881836,102.60002136230469,103.38752746582031,3825437
2018-07-12,67.67512512207031,102.7125244140625,103.2750244140625,102.1500244140625,103.0500259399414,11523981
2018-07-13,67.36011505126953,102.2343978881836,103.1343994140625,101.9531478881836,102.4875259399414,4793733
2018-07-16,67.21186828613281,102.0093994140625,102.6562728881836,101.5875244140625,101.84065246582031,12191173
2018-07-17,67.24891662597656,102.0656509399414,102.5156478881836,101.2500228881836,101.6437759399414,4698206
2018-07-18,66.15560913085938,100.4062728881836,103.38752746582031,100.15315246582031,102.7125244140625,5845129
2018-07-19,65.76644897460938,99.8156509399414,101.70002746582031,99.6187744140625,100.7437744140625,5980121
2018-07-20,65.15492248535156,98.88752746582031,100.0969009399414,97.9312744140625,99.8437728881836,5273662
2018-07-23,65.61821746826172,99.59065246582031,100.1250228881836,98.80314636230469,98.9719009399414,6336970
2018-07-24,65.87763214111328,99.9843978881836,100.3781509399414,99.1406478881836,100.2375259399414,6260188
2018-07-25,65.0993423461914,98.80314636230469,100.6875228881836,98.2687759399414,100.49064636230469,7757736
2018-07-26,67.39716339111328,102.2906494140625,103.38752746582031,97.9875259399414,99.1406478881836,33869484
2018-07-27,66.67446899414062,101.19377136230469,103.95002746582031,100.2375259399414,103.0781478881836,19690254
2018-07-30,67.89751434326172,103.0500259399414,103.3593978881836,101.27815246582031,101.75627136230469,10288607
2018-07-31,67.56396484375,102.54377746582031,104.4000244140625,102.2906494140625,103.30314636230469,11713824
2018-08-01,68.45343780517578,103.8937759399414,104.4843978881836,101.33439636230469,102.9375228881836,10299992
2018-08-02,69.9359130859375,106.1437759399414,107.0156478881836,103.9218978881836,104.70940399169922,12305598
2018-08-03,70.49185943603516,106.9875259399414,107.4094009399414,106.3125228881836,106.76252746582031,7491196
2018-08-06,70.2138900756836,106.5656509399414,107.9156494140625,106.11565399169922,107.9156494140625,4944677
2018-08-07,70.08415222167969,106.3687744140625,107.24065399169922,105.55315399169922,106.7906494140625,3270258
2018-08-08,70.23240661621094,106.5937728881836,107.2687759399414,105.6656494140625,106.3687744140625,6225545
2018-08-09,71.3813247680664,108.3375244140625,108.56253051757812,105.6656494140625,106.5937728881836,6328977
2018-08-10,70.62155151367188,107.18440246582031,109.0406494140625,106.3687744140625,108.9562759399414,4909902
2018-08-13,69.6764907836914,105.7500228881836,106.8750228881836,105.27190399169922,106.0875244140625,2537940
2018-08-14,69.63941955566406,105.69377899169922,106.3125228881836,104.93440246582031,105.49690246582031,2304692
2018-08-16,69.56529998779297,105.5812759399414,106.8750228881836,105.2437744140625,105.41252899169922,3661689
2018-08-17,69.34292602539062,105.2437744140625,106.3125228881836,104.4843978881836,106.0312728881836,4022502
2018-08-20,69.5467758178711,105.55315399169922,106.2281494140625,104.4000244140625,105.4687728881836,2487784
2018-08-21,69.50971221923828,105.49690246582031,105.91877746582031,104.5406494140625,105.55315399169922,3655095
2018-08-23,70.49185943603516,106.9875259399414,107.4375228881836,105.49690246582031,105.49690246582031,9442607
2018-08-24,70.76982116699219,107.4094009399414,109.4625244140625,106.62190246582031,107.1562728881836,8393334
2018-08-27,73.30854797363281,111.26252746582031,111.54377746582031,107.38127899169922,107.52190399169922,14042229
2018-08-28,73.06767272949219,110.89690399169922,112.7531509399414,110.10940551757812,111.1500244140625,8224129
2018-08-29,71.54811096191406,108.59065246582031,111.96565246582031,108.0562744140625,110.81253051757812,6955827
2018-08-30,72.99353790283203,110.7844009399414,111.4875259399414,108.22502899169922,108.70315551757812,22347117
2018-08-31,74.67984771728516,113.34378051757812,113.76565551757812,109.6031494140625,109.6031494140625,11854651
2018-09-03,72.08551025390625,109.40628051757812,115.31253051757812,109.12503051757812,114.1031494140625,8999761
2018-09-04,72.06697082519531,109.3781509399414,110.5031509399414,107.80315399169922,109.40628051757812,5387824
2018-09-05,72.51173400878906,110.05315399169922,110.81253051757812,108.42190551757812,109.20940399169922,7334087
2018-09-06,73.8644790649414,112.10627746582031,113.48440551757812,109.96878051757812,110.25003051757812,16457730
2018-09-07,72.53025817871094,110.0812759399414,113.00627899169922,108.4781494140625,113.00627899169922,4580610
2018-09-10,72.54905700683594,108.5344009399414,109.68753051757812,106.95940399169922,108.64690399169922,6293799
2018-09-11,70.2742691040039,105.13127899169922,109.6031494140625,104.7375259399414,108.59065246582031,9560546
2018-09-12,72.86866760253906,109.01252746582031,109.82815551757812,105.2437744140625,105.2437744140625,13582243
2018-09-14,75.2562484741211,112.58440399169922,113.5969009399414,109.06877899169922,109.82815551757812,22816500
2018-09-17,75.91426086425781,113.56877899169922,114.49690246582031,111.03752899169922,111.03752899169922,15162744
2018-09-18,74.78624725341797,111.88127899169922,114.69377899169922,111.45940399169922,113.34378051757812,4937349
2018-09-19,74.5606460571289,111.54377746582031,112.50003051757812,110.3625259399414,111.93753051757812,6025625
2018-09-21,75.3502426147461,112.72502899169922,113.56877899169922,109.7437744140625,111.93753051757812,11174973
2018-09-24,74.29744720458984,111.1500244140625,112.6968994140625,109.43440246582031,112.50003051757812,3992299
2018-09-25,72.41744995117188,108.3375244140625,111.7125244140625,107.80315399169922,110.81253051757812,10770907
2018-09-26,72.51144409179688,108.4781494140625,109.12503051757812,105.8625259399414,108.8156509399414,7286693
2018-09-27,73.15064239501953,109.43440246582031,110.19377899169922,108.08440399169922,108.56253051757812,8101331
2018-09-28,70.83824920654297,105.97502899169922,111.3469009399414,105.3843994140625,109.40628051757812,10284429
2018-10-01,72.34225463867188,108.22502899169922,109.06877899169922,104.56877899169922,105.91877746582031,4684738
2018-10-03,71.04505920410156,106.2844009399414,108.16877746582031,105.9468994140625,107.1562728881836,10349581
2018-10-04,71.1578598022461,106.4531478881836,107.4094009399414,103.80940246582031,105.7500228881836,11239097
2018-10-05,70.42466735839844,105.35627746582031,107.74690246582031,104.8218994140625,106.3125228881836,7035573
2018-10-08,70.18025970458984,104.99065399169922,106.34065246582031,102.6562728881836,104.9062728881836,4680183
2018-10-09,70.14266967773438,104.93440246582031,106.5656509399414,104.23127746582031,105.21565246582031,5552286
2018-10-10,70.3682632446289,105.27190399169922,106.2844009399414,104.7375259399414,104.7375259399414,3526073
2018-10-11,69.82306671142578,104.4562759399414,106.0312728881836,103.52815246582031,104.5969009399414,10016561
2018-10-12,70.85706329345703,106.0031509399414,106.7343978881836,104.6812744140625,104.7656478881836,6856067
2018-10-15,70.72543334960938,105.8062744140625,106.8750228881836,104.6812744140625,106.0031509399414,6926558
2018-10-16,70.3870620727539,105.3000259399414,106.20002746582031,104.1187744140625,105.7219009399414,6530627
2018-10-17,71.10145568847656,106.3687744140625,106.9312744140625,105.7500228881836,105.77815246582031,4151254
2018-10-19,71.12025451660156,106.39690399169922,107.6906509399414,105.21565246582031,106.3125228881836,9497796
2018-10-22,71.12025451660156,106.39690399169922,107.4375228881836,105.8906478881836,106.53752899169922,4377225
2018-10-23,71.79705810546875,107.4094009399414,108.36565399169922,104.51252746582031,105.7500228881836,4599675
2018-10-24,71.59026336669922,107.10002899169922,108.14065551757812,106.53752899169922,107.7187728881836,4510189
2018-10-25,71.92864227294922,107.60627746582031,108.08440399169922,105.0187759399414,106.7062759399414,7455415
2018-10-26,70.83824920654297,105.97502899169922,107.4375228881836,105.63752746582031,107.0718994140625,6390862
2018-10-29,71.27066040039062,106.62190246582031,107.1562728881836,105.41252899169922,106.53752899169922,8374975
2018-10-30,69.99226379394531,104.70940399169922,106.62190246582031,104.4000244140625,106.3125228881836,5105532
2018-10-31,69.91706085205078,104.5969009399414,105.0468978881836,100.57502746582031,104.1187744140625,9622136
2018-11-01,70.85706329345703,106.0031509399414,106.48127746582031,104.37190246582031,104.6812744140625,5603131
2018-11-02,71.38343811035156,106.7906494140625,108.16877746582031,106.1437759399414,106.34065246582031,6034462
2018-11-05,69.95466613769531,104.65315246582031,106.5937728881836,104.0625228881836,106.34065246582031,4872816
2018-11-06,70.72543334960938,105.8062744140625,106.3125228881836,104.0625228881836,105.2437744140625,7337064
2018-11-07,71.08264923095703,106.34065246582031,106.8750228881836,105.8062744140625,106.8750228881836,223308
2018-11-09,72.07905578613281,107.8312759399414,108.1125259399414,106.20002746582031,106.3125228881836,9231137
2018-11-12,69.91706085205078,104.5969009399414,108.50627899169922,103.6406478881836,107.7187728881836,3906667
2018-11-13,69.20266723632812,103.52815246582031,105.7500228881836,102.8531494140625,105.1875228881836,7750412
2018-11-14,69.91706085205078,104.5969009399414,105.1875228881836,103.5562744140625,103.66877746582031,9918943
2018-11-15,70.34945678710938,105.2437744140625,106.0312728881836,104.37190246582031,104.6250228881836,8814911
2018-11-16,70.72543334960938,105.8062744140625,106.8750228881836,104.7375259399414,105.1875228881836,5537047
2018-11-19,71.32706451416016,106.7062759399414,107.1562728881836,105.55315399169922,105.8625259399414,5155461
2018-11-20,70.83824920654297,105.97502899169922,107.4937744140625,105.4687728881836,107.4937744140625,2673334
2018-11-21,68.46946716308594,102.4312744140625,105.6656494140625,101.98127746582031,105.4687728881836,6426666
2018-11-22,67.60466003417969,101.13752746582031,103.3312759399414,100.01252746582031,103.3312759399414,6231287
2018-11-26,68.60105895996094,102.6281509399414,102.8531494140625,100.6031494140625,101.27815246582031,5022526
2018-11-27,68.63866424560547,102.68440246582031,104.0344009399414,101.41877746582031,102.3469009399414,6727512
2018-11-28,69.29664611816406,103.66877746582031,104.0625228881836,102.0937728881836,102.31877136230469,9281286
2018-11-29,67.86785125732422,101.5312728881836,106.0312728881836,100.85627746582031,104.0344009399414,16395530
2018-11-30,67.73625183105469,101.33439636230469,103.24690246582031,100.29377746582031,101.8125228881836,10573839
2018-12-03,69.1086654663086,103.38752746582031,106.0312728881836,101.8687744140625,101.8687744140625,11107638
2018-12-04,70.4058609008789,105.3281478881836,105.8625259399414,102.45939636230469,103.16252136230469,6304336
2018-12-05,68.99586486816406,103.2187728881836,105.5812759399414,102.6562728881836,104.1187744140625,5774768
2018-12-06,68.99586486816406,103.2187728881836,104.28752899169922,102.7687759399414,103.2187728881836,8600328
2018-12-07,68.67626953125,102.74064636230469,105.1875228881836,101.61564636230469,103.38752746582031,8378029
2018-12-10,67.41667175292969,100.85627746582031,102.60002136230469,99.36564636230469,101.5312728881836,6431248
2018-12-11,67.79267120361328,101.41877746582031,101.98127746582031,99.64689636230469,100.01252746582031,6514193
2018-12-12,68.63866424560547,102.68440246582031,103.38752746582031,101.6437759399414,101.75627136230469,7396629
2018-12-13,68.63866424560547,102.68440246582031,102.9375228881836,101.8687744140625,102.5718994140625,4251108
2018-12-14,69.82306671142578,104.4562759399414,104.7656478881836,101.5312728881836,102.0937728881836,9276710
2018-12-17,72.3986587524414,108.30940246582031,110.55940246582031,106.7062759399414,106.8750228881836,23727234
2018-12-18,73.82745361328125,110.4468994140625,110.81253051757812,107.38127899169922,108.50627899169922,15507368
2018-12-19,74.8238525390625,111.93753051757812,112.21878051757812,109.71565246582031,109.71565246582031,11434466
2018-12-20,74.42903900146484,111.3469009399414,111.9094009399414,109.63127899169922,110.84065246582031,7938383
2018-12-21,74.03425598144531,110.75627899169922,111.9937744140625,110.05315399169922,111.37503051757812,8722621
2018-12-24,72.925048828125,109.0969009399414,111.26252746582031,108.6750259399414,110.81253051757812,8563441
2018-12-26,73.43265533447266,109.85627746582031,110.41877746582031,107.6343994140625,108.9000244140625,4766041
2018-12-27,73.90263366699219,110.55940246582031,112.21878051757812,108.84378051757812,109.71565246582031,46486470
2018-12-28,74.09066009521484,110.84065246582031,111.5718994140625,110.0250244140625,111.09378051757812,5142112
2018-12-31,74.6922378540039,111.74065399169922,112.50003051757812,110.25003051757812,110.6437759399414,6317785
2019-01-01,75.1998519897461,112.50003051757812,112.78128051757812,110.3062744140625,111.0656509399414,3961625
2019-01-02,73.41385650634766,109.82815551757812,112.50003051757812,109.12503051757812,111.9937744140625,7876559
2019-01-03,72.58666229248047,108.59065246582031,109.68753051757812,108.00003051757812,109.63127899169922,7942863
2019-01-04,73.65826416015625,110.19377899169922,110.67190551757812,107.66252899169922,108.73127746582031,4017540
2019-01-07,74.61705017089844,111.6281509399414,111.88127899169922,110.1656494140625,110.3062744140625,3592512
2019-01-08,74.20345306396484,111.0093994140625,111.65628051757812,110.13752746582031,111.31877899169922,3990870
2019-01-09,74.29744720458984,111.1500244140625,111.79690551757812,110.0250244140625,111.0093994140625,4087529
2019-01-10,73.56425476074219,110.05315399169922,111.0656509399414,109.63127899169922,111.0656509399414,3589725
2019-01-11,73.07545471191406,109.3218994140625,110.19377899169922,108.70315551757812,109.63127899169922,2995789
2019-01-14,72.3798599243164,108.28128051757812,109.3218994140625,107.4375228881836,109.15315246582031,5370460
2019-01-15,72.3610610961914,108.2531509399414,111.93753051757812,107.10002899169922,111.93753051757812,11498868
2019-01-16,72.19184112548828,108.00003051757812,109.20940399169922,107.7750244140625,108.28128051757812,8515441
2019-01-17,72.90626525878906,109.06877899169922,109.43440246582031,108.00003051757812,108.00003051757812,5325531
2019-01-18,72.79344940185547,108.9000244140625,110.6437759399414,108.28128051757812,109.12503051757812,4366941
2019-01-21,71.90984344482422,107.5781478881836,109.5187759399414,107.24065399169922,109.0969009399414,4067143
2019-01-22,71.32706451416016,106.7062759399414,107.5781478881836,106.0312728881836,107.4375228881836,3577455
2019-01-23,70.04866027832031,104.79377746582031,107.7187728881836,104.4562759399414,106.62190246582031,6173490
2019-01-24,70.2178726196289,105.0468978881836,106.3687744140625,104.37190246582031,105.0187759399414,6157088
2019-01-25,69.87946319580078,104.5406494140625,106.3687744140625,104.2031478881836,105.5250244140625,3868441
2019-01-28,70.61265563964844,105.63752746582031,106.0875244140625,102.3750228881836,104.6250228881836,7440853
2019-01-29,69.78546142578125,104.4000244140625,105.63752746582031,103.30314636230469,105.07502746582031,17469350
2019-01-30,70.34945678710938,105.2437744140625,105.69377899169922,103.16252136230469,104.1187744140625,12711500
2019-01-31,70.91345977783203,106.0875244140625,107.7187728881836,105.07502746582031,106.0312728881836,25774313
2019-02-01,71.51507568359375,106.9875259399414,107.9156494140625,104.56877899169922,107.4094009399414,9474849
2019-02-04,69.4094467163086,103.8375244140625,106.5937728881836,103.3593978881836,106.5937728881836,3678667
2019-02-05,69.97345733642578,104.6812744140625,105.1594009399414,103.2187728881836,103.5562744140625,5500377
2019-02-06,70.23665618896484,105.07502746582031,106.1718978881836,103.9218978881836,104.7656478881836,4322649
2019-02-07,69.4094467163086,103.8375244140625,105.5812759399414,103.5000228881836,105.1594009399414,4309303
2019-02-08,68.05587768554688,101.8125228881836,105.7219009399414,101.5312728881836,103.8375244140625,7692145
2019-02-11,68.5634536743164,102.5718994140625,103.0500259399414,100.0406494140625,101.0250244140625,7913450
2019-02-12,68.14986419677734,101.9531478881836,104.85002899169922,101.5031509399414,102.9375228881836,11930402
2019-02-14,65.78106689453125,98.4094009399414,100.6031494140625,97.0312728881836,99.8437728881836,36962390
2019-02-15,68.24385833740234,102.0937728881836,102.4875259399414,99.9000244140625,100.35002136230469,16005610
2019-02-18,67.96186828613281,101.6718978881836,103.2187728881836,100.99690246582031,102.0656509399414,7973918
2019-02-19,67.47307586669922,100.9406509399414,102.9375228881836,100.63127136230469,101.3906478881836,10824411
2019-02-20,68.3566665649414,102.26252746582031,102.7125244140625,100.4625244140625,101.6718978881836,9658184
2019-02-21,68.3566665649414,102.26252746582031,102.9375228881836,101.7281494140625,102.7687759399414,9197823
2019-02-22,68.39425659179688,102.31877136230469,102.7125244140625,101.5312728881836,102.2062759399414,12182132
2019-02-25,68.4130630493164,102.3469009399414,102.6562728881836,100.4062728881836,101.8125228881836,29907322
2019-02-26,68.13106536865234,101.9250259399414,102.7687759399414,100.6031494140625,100.9687728881836,13683801
2019-02-27,68.22506713867188,102.0656509399414,103.66877746582031,101.1656494140625,101.98127746582031,13566494
2019-02-28,68.75144958496094,102.8531494140625,103.9218978881836,101.5875244140625,102.88127136230469,69863939
2019-03-01,68.88304901123047,103.0500259399414,103.3593978881836,102.4312744140625,102.9937744140625,7227772
2019-03-05,68.80787658691406,102.9375228881836,104.3156509399414,102.7125244140625,103.5000228881836,15733697
2019-03-06,69.37184143066406,103.7812728881836,104.85002899169922,102.2062759399414,102.9937744140625,20336766
2019-03-07,70.3682632446289,105.27190399169922,106.5937728881836,103.8375244140625,105.1875228881836,12295538
2019-03-08,70.3118667602539,105.1875228881836,106.0031509399414,104.2031478881836,105.7500228881836,6211299
2019-03-11,73.05667114257812,109.29377746582031,110.25003051757812,105.6093978881836,106.0312728881836,17678891
2019-03-12,73.82745361328125,110.4468994140625,113.62503051757812,109.49065399169922,109.49065399169922,26457157
2019-03-13,73.22583770751953,109.54690551757812,111.51565551757812,108.6187744140625,111.4312744140625,6930222
2019-03-14,72.71422576904297,105.5250244140625,106.7343978881836,105.3281478881836,106.2844009399414,8466765
2019-03-15,74.90419006347656,108.70315551757812,109.2375259399414,105.2437744140625,105.2437744140625,14301914
2019-03-18,76.3770523071289,110.84065246582031,111.26252746582031,108.70315551757812,109.20940399169922,14247336
2019-03-19,77.13288879394531,111.93753051757812,112.6125259399414,109.85627746582031,110.3625259399414,16995997
2019-03-20,76.51273345947266,111.03752899169922,112.4156494140625,110.53128051757812,112.07815551757812,9060589
2019-03-22,76.9390869140625,111.65628051757812,112.9781494140625,110.89690399169922,111.31877899169922,8782833
2019-03-25,78.29568481445312,113.62503051757812,114.46878051757812,109.7437744140625,110.9250259399414,14506515
2019-03-26,78.62516021728516,114.1031494140625,114.69377899169922,112.16252899169922,113.70940399169922,8371544
2019-03-27,77.59801483154297,112.6125259399414,115.1437759399414,111.65628051757812,114.18753051757812,11579885
2019-03-28,76.8421859741211,111.51565551757812,112.50003051757812,110.5031509399414,112.50003051757812,17034861
2019-04-01,75.79566955566406,109.99690246582031,112.3312759399414,109.7437744140625,111.4875259399414,10617688
2019-04-02,77.4429931640625,112.38752746582031,112.95002746582031,110.25003051757812,110.25003051757812,17946031
2019-04-03,77.88871002197266,113.0344009399414,113.93440246582031,112.58440399169922,112.72502899169922,15076661
2019-04-04,77.26854705810547,112.1343994140625,114.32815551757812,111.65628051757812,113.3156509399414,10130253
2019-04-05,76.08637237548828,110.41877746582031,112.8937759399414,110.27815246582031,112.8937759399414,9883976
2019-04-08,76.88094329833984,111.5718994140625,112.66877746582031,109.99690246582031,111.37503051757812,13511642
2019-04-09,76.88094329833984,111.5718994140625,112.1343994140625,110.84065246582031,111.9094009399414,10655872
2019-04-10,76.99723052978516,111.74065399169922,112.30315399169922,111.23440551757812,111.23440551757812,8637199
2019-04-11,75.95069885253906,110.2219009399414,112.16252899169922,110.05315399169922,112.02190399169922,13713296
2019-04-12,76.3770523071289,110.84065246582031,111.17815399169922,109.71565246582031,110.61565399169922,11004111
2019-04-15,76.76467895507812,111.40315246582031,112.9781494140625,110.8687744140625,111.26252746582031,8965316
2019-04-16,76.2995376586914,110.7281494140625,112.4156494140625,110.53128051757812,111.93753051757812,4918434
2019-04-18,75.31117248535156,109.29377746582031,111.2906494140625,108.84378051757812,111.0093994140625,11593259
2019-04-22,75.50496673583984,109.57502746582031,110.6437759399414,108.78752899169922,109.2375259399414,7772049
2019-04-23,74.80728149414062,108.56253051757812,109.43440246582031,108.02815246582031,109.01252746582031,6686014
2019-04-24,74.4002685546875,107.9719009399414,109.49065399169922,106.90315246582031,108.6187744140625,7288151
2019-04-25,74.2452392578125,107.74690246582031,110.13752746582031,107.2687759399414,108.1125259399414,17599280
2019-04-26,73.95455932617188,107.32502746582031,109.35002899169922,107.0718994140625,107.4375228881836,8664580
2019-04-30,72.24910736083984,104.85002899169922,108.28128051757812,104.28752899169922,107.8312759399414,14290974
2019-05-02,73.72198486328125,106.9875259399414,107.32502746582031,104.8781509399414,105.21565246582031,8897549
2019-05-03,73.97392272949219,107.3531494140625,108.5344009399414,106.9875259399414,107.38127899169922,10782838
2019-05-06,73.81890106201172,107.1281509399414,108.4781494140625,106.2281494140625,106.8750228881836,5477945
2019-05-07,74.2452392578125,107.74690246582031,109.01252746582031,107.1562728881836,107.1562728881836,9450289
2019-05-08,73.64446258544922,106.8750228881836,108.98440551757812,106.25627899169922,107.9719009399414,10180731
2019-05-09,72.83049774169922,105.69377899169922,106.90315246582031,104.8218994140625,106.81877899169922,7921214
2019-05-10,71.91962432861328,104.37190246582031,106.0031509399414,104.09065246582031,105.97502899169922,5938686
2019-05-13,70.79559326171875,102.74064636230469,104.65315246582031,102.40315246582031,104.3156509399414,5504435
2019-05-14,70.4079818725586,102.17814636230469,103.6125259399414,101.84065246582031,102.31877136230469,11334983
2019-05-15,69.18702697753906,100.4062728881836,103.8375244140625,99.8156509399414,103.02189636230469,7616268
2019-05-16,70.4854965209961,102.2906494140625,102.7687759399414,100.6031494140625,100.8843994140625,8660893
2019-05-17,70.6017837524414,102.45939636230469,103.2750244140625,101.4468994140625,102.2062759399414,10183233
2019-05-20,72.88864135742188,105.77815246582031,106.25627899169922,103.52815246582031,104.6812744140625,6287120
2019-05-21,71.29946899414062,103.4719009399414,106.0875244140625,103.3593978881836,105.8906478881836,7748239
2019-05-22,70.58241271972656,102.4312744140625,104.23127746582031,102.26252746582031,103.44377136230469,6972640
2019-05-23,71.57080841064453,103.86564636230469,105.8062744140625,102.9937744140625,104.6250228881836,13966122
2019-05-24,71.95838165283203,104.42815399169922,104.93440246582031,103.6406478881836,104.42815399169922,7240775
2019-05-27,72.61731719970703,105.3843994140625,106.6500244140625,104.42815399169922,104.8781509399414,6424176
2019-05-28,73.72198486328125,106.9875259399414,107.60627746582031,105.63752746582031,105.8906478881836,11255911
2019-05-29,73.70262908935547,106.95940399169922,108.56253051757812,106.5093994140625,107.66252899169922,8310232
2019-05-30,74.1095962524414,107.5500259399414,109.06877899169922,105.83440399169922,108.78752899169922,34989609
2019-05-31,73.37313842773438,106.48127746582031,108.22502899169922,105.97502899169922,107.7187728881836,11849847
2019-06-03,74.82666778564453,108.59065246582031,108.84378051757812,106.8750228881836,107.0156478881836,12106965
2019-06-04,74.78789520263672,108.5344009399414,110.25003051757812,107.9719009399414,108.30940246582031,11447117
2019-06-06,75.75689697265625,109.9406509399414,111.45940399169922,109.20940399169922,109.68753051757812,26132949
2019-06-07,74.3227767944336,107.8593978881836,110.27815246582031,107.52190399169922,109.9406509399414,8783688
2019-06-10,75.31117248535156,109.29377746582031,110.2219009399414,108.22502899169922,108.5344009399414,11231885
2019-06-11,75.05921936035156,108.92815399169922,110.0812759399414,108.50627899169922,109.85627746582031,6589306
2019-06-12,74.0902099609375,107.52190399169922,108.9000244140625,107.04377746582031,108.56253051757812,7509749
2019-06-13,75.13673400878906,109.0406494140625,109.3781509399414,106.67815399169922,107.5500259399414,11041648
2019-06-14,75.42744445800781,109.4625244140625,110.7844009399414,108.7593994140625,109.12503051757812,34979466
2019-06-17,75.2142562866211,109.15315246582031,110.5031509399414,108.9000244140625,110.47502899169922,10860754
2019-06-18,76.66777038574219,111.26252746582031,111.8531494140625,109.20940399169922,109.5187759399414,17815522
2019-06-19,77.63677978515625,112.66877746582031,113.34378051757812,111.37503051757812,111.4312744140625,32722391
2019-06-20,77.88871002197266,113.0344009399414,114.04690551757812,112.10627746582031,112.86565399169922,11459458
2019-06-21,77.48174285888672,112.44377899169922,113.65315246582031,111.68440246582031,113.1750259399414,16601442
2019-06-24,77.15226745605469,111.96565246582031,112.92190551757812,111.12190246582031,112.50003051757812,9883389
2019-06-25,78.1406478881836,113.4000244140625,113.79377746582031,111.93753051757812,111.93753051757812,10375296
2019-06-26,81.26084899902344,117.92815399169922,118.6594009399414,113.09065246582031,113.3156509399414,31182825
2019-06-27,80.50503540039062,116.8312759399414,118.06877899169922,116.01565551757812,117.61878204345703,13741562
2019-06-28,80.1949691772461,116.38127899169922,117.90003204345703,115.11565399169922,116.52190399169922,12067819
2019-07-01,80.25308990478516,116.46565246582031,118.12503051757812,115.67815399169922,116.57815551757812,11211814
2019-07-02,80.36937713623047,116.63440704345703,117.6750259399414,116.07190704345703,116.66252899169922,12203723
2019-07-03,80.98954010009766,117.5344009399414,117.92815399169922,116.2687759399414,117.1125259399414,13693989
2019-07-04,81.4740219116211,118.2375259399414,118.57502746582031,116.8312759399414,117.56253051757812,12324046
2019-07-05,79.7879638671875,115.7906494140625,119.25003051757812,114.8625259399414,118.15315246582031,12525923
2019-07-08,78.00499725341797,113.20315551757812,116.07190704345703,112.6968994140625,115.31253051757812,8948141
2019-07-09,79.36161041259766,115.17190551757812,115.4250259399414,112.2750244140625,113.5969009399414,6875651
2019-07-10,79.57479095458984,115.48127746582031,116.1281509399414,114.2437744140625,115.1437759399414,12675299
2019-07-11,80.85386657714844,117.33753204345703,117.64690399169922,115.9312744140625,116.10002899169922,7808266
2019-07-12,80.117431640625,116.2687759399414,118.04065704345703,114.97502899169922,117.33753204345703,6349095
2019-07-15,79.43912506103516,115.2844009399414,116.29690551757812,114.13127899169922,115.67815399169922,6656137
2019-07-16,80.97015380859375,117.50627899169922,117.78752899169922,114.91877746582031,115.20002746582031,6627472
2019-07-17,80.62129974365234,117.00003051757812,118.43440246582031,116.1281509399414,117.45002746582031,6388864
2019-07-18,79.59416961669922,115.5093994140625,117.50627899169922,115.31253051757812,117.50627899169922,8419638
2019-07-19,79.72982788085938,115.7062759399414,116.80315399169922,114.07502746582031,115.76252746582031,10869152
2019-07-22,79.10965728759766,114.8062744140625,116.5500259399414,113.9625244140625,115.87503051757812,9061812
2019-07-23,81.57093048095703,118.3781509399414,118.68753051757812,114.8625259399414,115.1437759399414,14046808
2019-07-24,81.31900787353516,118.01252746582031,119.81253051757812,117.30940246582031,117.92815399169922,18181391
2019-07-25,82.61746215820312,119.89690399169922,120.60002899169922,118.04065704345703,118.12503051757812,28085772
2019-07-26,81.99729919433594,118.99690246582031,120.37503051757812,118.26565551757812,119.89690399169922,10950941
2019-07-29,80.5825424194336,116.94377899169922,119.53128051757812,116.18440246582031,119.44690704345703,5948953
2019-07-30,80.71820831298828,117.14065551757812,118.01252746582031,116.2687759399414,116.88752746582031,10050004
2019-07-31,81.70659637451172,118.57502746582031,120.34690856933594,116.4094009399414,116.71878051757812,26229893
2019-08-01,82.9469223022461,120.37503051757812,121.64065551757812,118.01252746582031,119.2219009399414,27069006
2019-08-02,81.60968780517578,118.43440246582031,120.34690856933594,117.19690704345703,119.7844009399414,20863783
2019-08-05,77.96623229980469,113.14690399169922,118.12503051757812,110.7281494140625,118.12503051757812,18063375
2019-08-06,76.78404998779297,111.4312744140625,113.93440246582031,110.39065551757812,112.8375244140625,11846580
2019-08-07,77.07474517822266,111.8531494140625,113.0344009399414,110.8687744140625,111.93753051757812,9432897
2019-08-08,78.56703186035156,114.0187759399414,117.36565399169922,110.84065246582031,111.40315246582031,6595239
2019-08-09,78.29568481445312,113.62503051757812,117.47815704345703,113.20315551757812,114.46878051757812,9175926
2019-08-13,78.29568481445312,113.62503051757812,115.53752899169922,110.67190551757812,112.7531509399414,7558090
2019-08-14,79.51664733886719,115.39690399169922,115.9875259399414,111.23440551757812,113.09065246582031,8024154
2019-08-16,81.84223937988281,118.77190399169922,120.51565551757812,113.79377746582031,114.8062744140625,11894601
2019-08-19,81.21466064453125,116.46565246582031,118.12503051757812,115.95940399169922,117.64690399169922,8100095
2019-08-20,80.82242584228516,115.90315246582031,118.63127899169922,115.67815399169922,116.43753051757812,8711658
2019-08-21,80.37132263183594,115.25627899169922,116.77503204345703,114.91877746582031,116.24065399169922,5649369
2019-08-22,79.52801513671875,114.04690551757812,115.62190246582031,112.95002746582031,115.03128051757812,5059207
2019-08-23,79.0376968383789,113.34378051757812,115.0875244140625,112.8937759399414,113.65315246582031,7611285
2019-08-26,79.58683776855469,114.13127899169922,114.46878051757812,112.02190399169922,113.8218994140625,7846961
2019-08-27,81.01853942871094,116.18440246582031,117.78752899169922,114.21565246582031,114.21565246582031,18828020
2019-08-28,80.70475006103516,115.73440551757812,118.82815551757812,114.9468994140625,116.9719009399414,15756988
2019-08-29,80.33212280273438,115.20002746582031,116.32502746582031,114.55315399169922,115.73440551757812,8660979
2019-08-30,78.64545440673828,112.78128051757812,116.5500259399414,109.12503051757812,115.5093994140625,15630977
2019-09-03,77.29219818115234,110.84065246582031,113.85002899169922,110.27815246582031,113.28752899169922,9494810
2019-09-04,77.23336029052734,110.75627899169922,111.93753051757812,109.85627746582031,111.0656509399414,8565768
2019-09-05,78.1943588256836,112.1343994140625,114.35627746582031,111.0093994140625,111.93753051757812,14199248
2019-09-06,79.82218933105469,114.46878051757812,114.9468994140625,112.52815246582031,112.6968994140625,13782929
2019-09-09,79.58683776855469,114.13127899169922,115.2281494140625,113.51252746582031,114.32815551757812,4769289
2019-09-11,78.99848175048828,113.28752899169922,114.69377899169922,112.38752746582031,114.18753051757812,7723322
2019-09-12,78.31204223632812,112.30315399169922,113.62503051757812,111.17815399169922,113.62503051757812,11516235
2019-09-13,79.48878479003906,113.99065399169922,114.18753051757812,111.96565246582031,112.21878051757812,7223537
2019-09-16,79.29265594482422,113.70940399169922,114.75003051757812,112.9781494140625,113.06253051757812,6031015
2019-09-17,78.6258316040039,112.7531509399414,114.0187759399414,112.1343994140625,113.85002899169922,5823968
2019-09-18,79.25342559814453,113.65315246582031,114.18753051757812,111.51565551757812,112.78128051757812,7206830
2019-09-19,78.90040588378906,113.14690399169922,114.04690551757812,111.9937744140625,114.04690551757812,6306748
2019-09-20,76.95877838134766,110.3625259399414,117.50627899169922,109.91252899169922,112.6125259399414,51859153
2019-09-23,73.86005401611328,105.91877746582031,111.51565551757812,104.85002899169922,110.81253051757812,24586363
2019-09-24,74.70337677001953,107.1281509399414,107.9719009399414,104.0625228881836,105.69377899169922,18234411
2019-09-25,77.95902252197266,111.79690551757812,114.41252899169922,108.6187744140625,108.84378051757812,48245282
2019-09-26,78.15514373779297,112.07815551757812,113.28752899169922,110.8687744140625,112.4719009399414,15826874
2019-09-27,77.70405578613281,111.4312744140625,112.35940551757812,110.27815246582031,111.26252746582031,10034452
2019-09-30,78.07667541503906,111.96565246582031,112.50003051757812,110.05315399169922,110.81253051757812,9111327
2019-10-01,77.07646942138672,110.53128051757812,113.99065399169922,110.25003051757812,112.21878051757812,7634447
2019-10-03,78.09629821777344,111.9937744140625,112.50003051757812,109.40628051757812,110.6437759399414,9432906
2019-10-04,77.09606170654297,110.55940246582031,112.38752746582031,110.0250244140625,111.96565246582031,19442087
2019-10-07,77.07646942138672,110.53128051757812,111.03752899169922,109.35002899169922,110.6437759399414,11655995
2019-10-09,77.54715728759766,111.2062759399414,111.88127899169922,109.91252899169922,111.09378051757812,8504262
2019-10-10,78.09629821777344,111.9937744140625,112.2750244140625,110.53128051757812,111.31877899169922,6982965
2019-10-11,78.84156799316406,113.06253051757812,114.89065551757812,111.88127899169922,111.96565246582031,10517558
2019-10-14,77.82172393798828,111.60002899169922,113.79377746582031,111.2062759399414,113.06253051757812,11162487
2019-10-15,78.93963623046875,113.20315551757812,113.62503051757812,111.54377746582031,111.60002899169922,5013200
2019-10-16,77.88057708740234,111.68440246582031,113.20315551757812,110.61565399169922,113.06253051757812,6668842
2019-10-17,77.54715728759766,111.2062759399414,112.35940551757812,110.53128051757812,111.79690551757812,7899823
2019-10-18,79.44954681396484,113.93440246582031,114.32815551757812,110.81253051757812,111.2062759399414,8795448
2019-10-22,80.43016815185547,115.34065246582031,116.74690246582031,113.06253051757812,113.06253051757812,10675241
2019-10-23,80.90087127685547,116.01565551757812,116.43753051757812,113.79377746582031,115.31253051757812,5777589
2019-10-24,80.05752563476562,114.8062744140625,116.57815551757812,114.5250244140625,116.10002899169922,5428181
2019-10-25,79.60645294189453,114.1594009399414,115.53752899169922,113.14690399169922,115.53752899169922,3993616
2019-10-27,79.37109375,113.8218994140625,114.91877746582031,113.06253051757812,114.75003051757812,388417
2019-10-29,78.8611831665039,113.09065246582031,114.13127899169922,112.21878051757812,113.76565551757812,5943950
2019-10-30,78.42971801757812,112.4719009399414,114.6656494140625,112.10627746582031,114.6656494140625,6419057
2019-10-31,77.80210876464844,111.5718994140625,113.00627899169922,111.2906494140625,112.66877746582031,15582577
2019-11-01,77.39026641845703,110.98127746582031,111.8531494140625,110.67190551757812,111.6281509399414,8803683
2019-11-04,76.3900375366211,109.54690551757812,111.74065399169922,109.15315246582031,111.31877899169922,15175738
2019-11-05,76.64498138427734,109.91252899169922,110.53128051757812,109.06877899169922,109.54690551757812,8153818
2019-11-06,76.52731323242188,109.7437744140625,110.53128051757812,109.5187759399414,109.91252899169922,9183411
2019-11-07,76.17430877685547,109.2375259399414,110.7281494140625,108.92815399169922,110.25003051757812,15498054
2019-11-08,75.174072265625,107.80315399169922,109.91252899169922,107.3531494140625,109.82815551757812,11762251
2019-11-11,75.21328735351562,107.8593978881836,108.6187744140625,107.0718994140625,107.80315399169922,10089055
2019-11-13,74.23267364501953,106.4531478881836,109.3218994140625,105.91877746582031,108.00003051757812,9456977
2019-11-14,73.74234771728516,105.7500228881836,106.95940399169922,105.13127899169922,106.8750228881836,19380370
2019-11-15,73.6050796508789,105.55315399169922,106.25627899169922,105.0468978881836,105.7500228881836,18256039
2019-11-18,74.78182220458984,107.24065399169922,107.4375228881836,104.99065399169922,105.5812759399414,11766437
2019-11-19,76.66459655761719,109.9406509399414,110.25003051757812,106.9875259399414,107.4375228881836,22218922
2019-11-20,76.91954803466797,110.3062744140625,110.89690399169922,109.12503051757812,110.2219009399414,9597590
2019-11-21,76.99801635742188,110.41877746582031,110.7844009399414,109.12503051757812,110.13752746582031,12107895
2019-11-22,77.95902252197266,111.79690551757812,113.1750259399414,110.25003051757812,110.25003051757812,16199814
2019-11-25,77.9001693725586,111.7125244140625,112.72502899169922,111.26252746582031,111.93753051757812,6529113
2019-11-26,76.25273895263672,109.35002899169922,112.16252899169922,109.06877899169922,111.96565246582031,21594044
2019-11-27,76.52731323242188,109.7437744140625,110.25003051757812,109.1812744140625,109.6594009399414,12155700
2019-11-28,76.93916320800781,110.33440399169922,111.23440551757812,109.2375259399414,110.3625259399414,6724188
2019-11-29,75.82128143310547,108.73127746582031,110.19377899169922,108.0562744140625,109.91252899169922,17547179
2019-12-02,75.07600402832031,107.66252899169922,109.68753051757812,107.10002899169922,109.68753051757812,19957065
2019-12-03,74.29151916503906,106.53752899169922,108.0562744140625,106.3687744140625,108.0562744140625,7451455
2019-12-04,73.8992691040039,105.97502899169922,106.8750228881836,105.5812759399414,106.5656509399414,10311154
2019-12-05,73.46778106689453,105.35627746582031,106.25627899169922,104.9062728881836,106.0312728881836,4569931
2019-12-06,73.19322204589844,104.9625244140625,105.83440399169922,104.5406494140625,105.4406509399414,5388071
2019-12-09,73.72274780273438,105.7219009399414,106.2281494140625,104.37190246582031,105.1875228881836,5459781
2019-12-10,71.68307495117188,102.7968978881836,105.7219009399414,102.4875259399414,105.7219009399414,10563080
2019-12-11,71.29081726074219,102.2343978881836,103.10627746582031,100.29377746582031,102.9375228881836,39214905
2019-12-12,72.46756744384766,103.9218978881836,105.9468994140625,101.84065246582031,102.7968978881836,63493233
2019-12-13,72.84019470214844,104.4562759399414,105.49690246582031,104.0625228881836,104.4562759399414,12987237
2019-12-16,73.33050537109375,105.1594009399414,105.69377899169922,104.3156509399414,104.7375259399414,8479418
2019-12-17,73.76197814941406,105.77815246582031,106.2281494140625,104.4000244140625,105.3843994140625,17903634
2019-12-18,73.4285659790039,105.3000259399414,106.3125228881836,104.70940399169922,105.21565246582031,10099352
2019-12-19,73.11477661132812,104.85002899169922,105.27190399169922,104.00627899169922,105.2437744140625,5749401
2019-12-20,72.99710083007812,104.6812744140625,105.4406509399414,104.1187744140625,104.42815399169922,9690984
2019-12-23,72.8794174194336,104.51252746582031,105.4687728881836,103.9218978881836,104.42815399169922,17045076
2019-12-24,73.40897369384766,105.27190399169922,105.41252899169922,104.3437728881836,104.8781509399414,3748896
2019-12-26,72.50679016113281,103.9781494140625,105.4687728881836,103.52815246582031,105.35627746582031,3925143
2019-12-27,74.15422058105469,106.34065246582031,106.5937728881836,104.3437728881836,104.3437728881836,7122947
2019-12-30,74.64453125,107.04377746582031,107.7187728881836,106.1437759399414,106.3125228881836,6925363
2019-12-31,74.62491607666016,107.0156478881836,108.14065551757812,106.4531478881836,106.5937728881836,11907723
2020-01-01,76.68421936035156,109.96878051757812,110.19377899169922,107.0156478881836,107.18440246582031,13620373
2020-01-02,76.52731323242188,109.7437744140625,110.6437759399414,109.3218994140625,109.99690246582031,5673692
2020-01-03,75.70359802246094,108.56253051757812,109.57502746582031,107.5781478881836,109.26565551757812,7358268
2020-01-06,75.74282836914062,108.6187744140625,109.0969009399414,105.7500228881836,108.00003051757812,7355290
2020-01-07,75.19369506835938,107.8312759399414,109.40628051757812,107.52190399169922,108.64690399169922,14023712
2020-01-08,74.74259948730469,107.18440246582031,107.4094009399414,106.2281494140625,107.04377746582031,9451757
2020-01-09,75.68399047851562,108.5344009399414,108.78752899169922,107.52190399169922,107.9719009399414,7714854
2020-01-10,75.37018585205078,108.08440399169922,108.9562759399414,107.4375228881836,108.9562759399414,4118638
2020-01-13,76.4096450805664,109.57502746582031,109.68753051757812,107.88752746582031,108.22502899169922,27682638
2020-01-14,76.5861587524414,109.82815551757812,110.4468994140625,109.26565551757812,109.57502746582031,5994314
2020-01-15,76.19390106201172,109.26565551757812,110.13752746582031,108.50627899169922,109.91252899169922,7114590
2020-01-16,77.0568618774414,110.5031509399414,111.2062759399414,109.1812744140625,109.1812744140625,8552344
2020-01-17,77.42948913574219,111.03752899169922,111.2906494140625,108.92815399169922,110.2219009399414,4698386
2020-01-20,80.27325439453125,115.11565399169922,118.68753051757812,114.32815551757812,114.97502899169922,49337827
2020-01-21,78.68468475341797,112.8375244140625,114.91877746582031,111.93753051757812,114.55315399169922,17283910
2020-01-22,78.46894073486328,112.52815246582031,113.8218994140625,108.59065246582031,112.78128051757812,56787054
2020-01-23,79.21420288085938,113.5969009399414,116.66252899169922,109.06877899169922,110.67190551757812,226059260
2020-01-24,77.25297546386719,110.7844009399414,111.45940399169922,109.26565551757812,110.5031509399414,16151679
2020-01-27,75.70359802246094,108.56253051757812,110.5031509399414,108.16877746582031,110.47502899169922,8213919
2020-01-28,74.70337677001953,107.1281509399414,108.56253051757812,106.3687744140625,108.56253051757812,9174575
2020-01-29,75.46826171875,108.22502899169922,109.01252746582031,106.4531478881836,107.1281509399414,17600091
2020-01-30,76.25273895263672,109.35002899169922,109.82815551757812,107.66252899169922,108.22502899169922,26386034
2020-01-31,73.29127502441406,105.1031494140625,109.96878051757812,104.1187744140625,109.85627746582031,63986362
2020-02-03,73.48738861083984,105.3843994140625,106.3125228881836,99.8156509399414,101.75627136230469,16329297
2020-02-04,76.2331314086914,109.3218994140625,109.85627746582031,105.7500228881836,105.9468994140625,14207381
2020-02-05,74.27188873291016,106.5093994140625,110.0812759399414,105.7500228881836,109.1812744140625,14550344
2020-02-06,75.66436004638672,108.50627899169922,108.98440551757812,106.11565399169922,106.8469009399414,9175642
2020-02-07,74.68376922607422,107.10002899169922,108.45002746582031,106.05940246582031,108.45002746582031,18058457
2020-02-10,73.19322204589844,104.9625244140625,107.4937744140625,103.9218978881836,107.2687759399414,30471811
2020-02-11,74.33071899414062,106.5937728881836,107.5500259399414,105.8062744140625,106.0312728881836,32456571
2020-02-12,74.27188873291016,106.5093994140625,107.94377899169922,106.05940246582031,106.90315246582031,16386952
2020-02-13,74.74259948730469,107.18440246582031,107.52190399169922,105.5812759399414,106.20002746582031,18581113
2020-02-14,72.21261596679688,103.5562744140625,107.66252899169922,103.16252136230469,107.1562728881836,23830630
2020-02-17,72.01649475097656,103.2750244140625,104.51252746582031,101.55940246582031,104.0625228881836,17670292
2020-02-18,72.56562805175781,104.0625228881836,104.8218994140625,101.7281494140625,102.7125244140625,30879880
2020-02-19,73.54624938964844,105.4687728881836,105.7219009399414,102.9375228881836,104.6250228881836,22313738
2020-02-20,74.23267364501953,106.4531478881836,107.2687759399414,104.56877899169922,105.4687728881836,25907657
2020-02-24,72.99710083007812,104.6812744140625,106.4250259399414,104.09065246582031,106.3125228881836,14921452
2020-02-25,73.01671600341797,104.70940399169922,105.5812759399414,104.2593994140625,104.6812744140625,17807428
2020-02-26,72.89903259277344,104.5406494140625,105.97502899169922,103.4719009399414,104.0625228881836,17113656
2020-02-27,73.1343765258789,104.8781509399414,105.5812759399414,101.98127746582031,104.1187744140625,28472046
2020-02-28,71.1927719116211,102.0937728881836,104.23127746582031,100.77189636230469,103.1906509399414,28010970
2020-03-02,71.97725677490234,103.2187728881836,105.3000259399414,102.2343978881836,103.3593978881836,19540018
2020-03-03,75.19369506835938,107.8312759399414,109.5187759399414,102.40315246582031,103.38752746582031,16039306
2020-03-04,77.29219818115234,110.84065246582031,111.37503051757812,106.05940246582031,107.2687759399414,16939245
2020-03-05,76.86073303222656,110.2219009399414,112.24690246582031,109.43440246582031,110.27815246582031,9715265
2020-03-06,74.76221466064453,107.2125244140625,108.3375244140625,105.83440399169922,107.1562728881836,14371982
2020-03-09,70.97702026367188,101.7844009399414,106.0875244140625,100.0969009399414,104.00627899169922,69609292
2020-03-11,71.15354919433594,102.03752136230469,103.44377136230469,99.7031478881836,100.9687728881836,42604599
2020-03-12,65.15216064453125,93.4312744140625,100.06877136230469,92.6718978881836,99.1125259399414,58418097
2020-03-13,65.85820770263672,94.44377136230469,97.0875244140625,84.0937728881836,91.57501983642578,44617540
2020-03-16,64.23554229736328,88.84689331054688,91.63127136230469,87.1875228881836,91.35002136230469,39669086
2020-03-17,65.88259887695312,91.1250228881836,95.8218994140625,87.6093978881836,88.05939483642578,35460792
2020-03-18,58.623321533203125,81.08439636230469,92.75627136230469,68.70938873291016,92.2500228881836,119909061
2020-03-19,59.84336853027344,82.77189636230469,85.44377136230469,78.80626678466797,81.78752136230469,44039786
2020-03-20,63.95087432861328,88.4531478881836,91.0406494140625,83.3906478881836,83.3906478881836,131485883
2020-03-23,62.22247314453125,86.0625228881836,87.6656494140625,79.62189483642578,79.62189483642578,39665620
2020-03-24,59.904380798339844,82.85626983642578,88.42501831054688,81.78752136230469,85.52814483642578,42302851
2020-03-25,61.104087829589844,84.5156478881836,88.28439331054688,83.44689178466797,83.5312728881836,23309603
2020-03-26,64.3982162475586,89.0718994140625,90.95626831054688,82.8281478881836,84.7125244140625,25329120
2020-03-27,65.06925201416016,90.0000228881836,93.5156478881836,88.11564636230469,89.2125244140625,28883749
2020-03-30,63.300174713134766,87.55314636230469,89.94377136230469,86.09064483642578,87.1875228881836,22364337
2020-03-31,64.7032241821289,89.4937744140625,91.01251983642578,87.97502136230469,89.10002136230469,24838523
2020-04-01,62.87316131591797,86.9625244140625,91.09689331054688,86.14689636230469,89.4375228881836,14182117
2020-04-03,63.52384948730469,87.86251831054688,90.25314331054688,85.3593978881836,86.93439483642578,21066826
2020-04-07,64.2558822631836,88.8750228881836,91.06877136230469,87.97502136230469,90.5625228881836,24741992
2020-04-08,64.3982162475586,89.0718994140625,91.51876831054688,87.3281478881836,88.81877136230469,21481260
2020-04-09,66.87897491455078,92.5031509399414,93.7687759399414,89.0718994140625,90.50627136230469,15607786
2020-04-13,65.04890441894531,89.97189331054688,92.75627136230469,88.4531478881836,92.2500228881836,14901247
2020-04-15,64.88623809814453,89.74689483642578,92.19377136230469,89.12814331054688,90.81564331054688,25249654
2020-04-16,66.45198059082031,91.91252136230469,93.7687759399414,88.5937728881836,88.98751831054688,31150756
2020-04-17,68.22103118896484,94.3593978881836,97.4531478881836,92.3906478881836,94.30314636230469,18536308
2020-04-20,67.3060073852539,93.0937728881836,95.1750259399414,91.20939636230469,95.1750259399414,24177042
2020-04-21,66.1469497680664,91.49064636230469,93.3750228881836,91.20939636230469,92.2500228881836,13915863
2020-04-22,65.96394348144531,91.23751831054688,91.5468978881836,88.0875244140625,90.0000228881836,19702407
2020-04-23,64.2558822631836,88.8750228881836,91.06877136230469,88.6500244140625,90.8437728881836,32128585
2020-04-24,64.72356414794922,89.52189636230469,90.0562744140625,87.6093978881836,88.3125228881836,33134279
2020-04-27,64.90657806396484,89.7750244140625,90.8437728881836,88.67814636230469,90.8437728881836,9762001
2020-04-28,63.93053436279297,88.42501831054688,90.22502136230469,88.20001983642578,90.02814483642578,26134701
2020-04-29,64.27620697021484,88.90314483642578,90.3375244140625,87.7500228881836,89.7187728881836,14509262
2020-04-30,65.90294647216797,91.15314483642578,91.94064331054688,88.42501831054688,89.7750244140625,18702868
2020-05-04,64.68289184570312,89.46564483642578,90.8437728881836,88.6500244140625,90.50627136230469,12598146
2020-05-05,66.55363464355469,92.05314636230469,93.2906494140625,90.11251831054688,90.81564331054688,18305545
2020-05-06,67.26531982421875,93.03752136230469,93.74064636230469,91.51876831054688,91.63127136230469,12853774
2020-05-07,65.78093719482422,90.9843978881836,92.8125228881836,90.5625228881836,92.05314636230469,8561359
2020-05-08,64.66256713867188,89.4375228881836,91.4625244140625,88.9312744140625,91.4625244140625,30898767
2020-05-11,64.58123016357422,89.32501983642578,91.35002136230469,89.0718994140625,89.60626983642578,9453421
2020-05-12,66.41127014160156,91.85626983642578,92.8125228881836,88.70626831054688,89.1562728881836,19986028
2020-05-13,67.773681640625,93.74064636230469,96.69377136230469,91.15314483642578,96.4406509399414,27175817
2020-05-14,65.39458465576172,90.45001983642578,92.2500228881836,90.0000228881836,92.2500228881836,26454121
2020-05-15,64.98790740966797,89.88751983642578,90.9843978881836,89.0156478881836,89.55001831054688,20009870
2020-05-18,62.83250045776367,86.9062728881836,90.11251831054688,86.23126983642578,89.9156494140625,32898286
2020-05-19,64.27620697021484,88.90314483642578,89.60626983642578,86.6250228881836,87.1875228881836,12276533
2020-05-20,64.43888092041016,89.12814331054688,90.36564636230469,87.6093978881836,87.8906478881836,24677051
2020-05-21,64.62189483642578,89.38127136230469,89.9156494140625,88.3125228881836,88.62189483642578,17176100
2020-05-22,63.38151931762695,87.6656494140625,88.8750228881836,86.6812744140625,88.3125228881836,25080927
2020-05-26,63.99153137207031,88.5093994140625,89.26876831054688,87.4687728881836,87.83439636230469,18512685
2020-05-27,63.91020584106445,88.39689636230469,88.81877136230469,87.6093978881836,88.5093994140625,22655078
2020-05-28,63.95087432861328,88.4531478881836,89.0718994140625,87.77814483642578,89.0718994140625,25797051
2020-05-29,64.07286071777344,88.62189483642578,89.24064636230469,88.0875244140625,88.4531478881836,63844851
2020-06-01,64.60157012939453,89.3531494140625,90.59064483642578,88.70626831054688,89.18439483642578,45314328
2020-06-02,67.12298583984375,92.84064483642578,94.6968994140625,89.2125244140625,89.9156494140625,43626060
2020-06-03,66.91963958740234,92.55939483642578,94.2187728881836,92.1656494140625,93.0937728881836,13811685
2020-06-04,68.83106994628906,95.2031478881836,95.5969009399414,92.8687744140625,92.9250259399414,23992166
2020-06-05,69.72576141357422,96.4406509399414,98.04377746582031,92.55939483642578,93.9375228881836,22851633
2020-06-08,70.09178161621094,96.9468994140625,98.38127136230469,96.1031494140625,97.5656509399414,11723588
2020-06-09,69.35974884033203,95.93439483642578,97.90315246582031,95.6250228881836,97.8750228881836,8412588
2020-06-10,69.1563949584961,95.65314483642578,96.3281478881836,94.8375244140625,95.93439483642578,10101681
2020-06-11,69.54276275634766,96.1875228881836,100.29377746582031,94.4156494140625,94.52814483642578,22109491
2020-06-12,67.63134765625,93.54376983642578,95.28752136230469,93.1500244140625,93.40314483642578,20331770
2020-06-15,66.39096069335938,91.8281478881836,93.3750228881836,91.4625244140625,92.9250259399414,13833335
2020-06-16,66.16728973388672,91.51876831054688,93.5156478881836,90.81564331054688,93.2062759399414,13972830
2020-06-17,64.86590576171875,89.7187728881836,91.01251983642578,89.0718994140625,90.4781494140625,28371013
2020-06-18,67.28567504882812,93.0656509399414,93.54376983642578,89.7187728881836,90.39376831054688,19720997
2020-06-19,69.70542907714844,96.41252136230469,96.91877746582031,92.84064483642578,93.2906494140625,21577413
2020-06-22,72.63356018066406,100.4625244140625,101.1093978881836,95.99064636230469,99.22502136230469,33039735
2020-06-23,76.23269653320312,105.4406509399414,106.3125228881836,100.71565246582031,102.0937728881836,34298071
2020-06-24,72.5928726196289,100.4062728881836,105.97502899169922,99.5625228881836,105.0468978881836,32910525
2020-06-25,72.93855285644531,100.8843994140625,103.10627746582031,98.0718994140625,100.35002136230469,40909792
2020-06-26,72.87754821777344,100.8000259399414,102.4312744140625,100.20939636230469,101.7844009399414,11954078
2020-06-29,72.49120330810547,100.2656478881836,101.41877746582031,99.64689636230469,100.1250228881836,7547198
2020-06-30,71.10848236083984,98.3531494140625,101.2219009399414,97.8750228881836,100.6875228881836,11889584
2020-07-01,70.53912353515625,97.5656509399414,98.66252136230469,96.69377136230469,98.4375228881836,15209917
2020-07-02,71.21015930175781,98.4937744140625,99.45002746582031,97.0875244140625,97.5937728881836,15481100
2020-07-03,72.22686767578125,99.9000244140625,100.91252136230469,98.4937744140625,99.0000228881836,22720042
2020-07-06,72.3895492553711,100.1250228881836,100.5187759399414,98.88752746582031,100.35002136230469,11724475
2020-07-07,70.39680480957031,97.3687744140625,100.4062728881836,96.5812759399414,100.4062728881836,20855578
2020-07-08,69.03439331054688,95.4843978881836,98.24064636230469,94.95001983642578,97.3125228881836,16818545
2020-07-09,69.76644897460938,96.49690246582031,97.0312728881836,95.3437728881836,95.9062728881836,16110083
2020-07-10,70.19344329833984,97.0875244140625,97.7343978881836,95.3437728881836,96.5250244140625,23809286
2020-07-13,68.77005004882812,95.1187744140625,97.9875259399414,94.6125259399414,97.0875244140625,10803798
2020-07-14,66.43163299560547,91.8843994140625,94.95001983642578,91.6875228881836,94.7812728881836,16288923
2020-07-15,66.51296997070312,91.99689483642578,93.54376983642578,91.7437744140625,92.84064483642578,15061461
2020-07-16,65.96394348144531,91.23751831054688,92.5312728881836,89.7187728881836,92.5312728881836,15458966
2020-07-17,66.41127014160156,91.85626983642578,92.1656494140625,90.92814636230469,90.92814636230469,13711930
2020-07-20,66.49264526367188,91.9687728881836,92.3906478881836,91.3218994140625,91.85626983642578,8390572
2020-07-21,70.62045288085938,97.67814636230469,98.1281509399414,92.3062744140625,92.3062744140625,33717545
2020-07-22,73.06055450439453,101.05314636230469,102.03752136230469,97.76252746582031,97.8750228881836,46076322
2020-07-23,73.91458129882812,102.2343978881836,102.68440246582031,99.8156509399414,100.1250228881836,18738194
2020-07-24,74.01628112792969,102.3750228881836,103.0781478881836,100.49064636230469,100.9687728881836,14438899
2020-07-27,73.56889343261719,101.75627136230469,102.12190246582031,100.5468978881836,101.98127746582031,11938756
2020-07-28,73.97560119628906,102.31877136230469,102.8531494140625,100.5187759399414,101.3625259399414,11893746
2020-07-29,73.91458129882812,102.2343978881836,103.7812728881836,101.5312728881836,101.98127746582031,13335993
2020-07-30,71.9218521118164,99.4781494140625,103.0781478881836,98.7750244140625,102.6562728881836,23995122
2020-07-31,72.51153564453125,100.29377746582031,100.8843994140625,99.1125259399414,99.3375244140625,14354565
2020-08-03,72.61321258544922,100.43440246582031,100.9687728881836,97.9312744140625,100.6875228881836,12500988
2020-08-04,72.49120330810547,100.2656478881836,100.71565246582031,98.7750244140625,100.0406494140625,9628257
2020-08-05,71.55583953857422,98.9719009399414,100.0969009399414,98.52189636230469,99.59065246582031,10577794
2020-08-06,71.53548431396484,98.94377136230469,99.9843978881836,98.66252136230469,99.36564636230469,8564058
2020-08-07,71.55583953857422,98.9719009399414,100.0969009399414,98.5781478881836,98.88752746582031,8026904
2020-08-10,72.08452606201172,99.7031478881836,100.57502746582031,99.1406478881836,99.4781494140625,7766140
2020-08-11,71.9218521118164,99.4781494140625,102.5718994140625,98.74690246582031,100.20939636230469,21833550
2020-08-12,72.40987396240234,100.15315246582031,100.9406509399414,97.4250259399414,99.1125259399414,19435650
2020-08-13,72.69454956054688,100.5468978881836,101.41877746582031,99.22502136230469,101.2219009399414,10641012
2020-08-14,71.33216857910156,98.66252136230469,101.61564636230469,97.9312744140625,101.61564636230469,17130105
2020-08-17,72.65388488769531,100.49064636230469,102.6562728881836,98.7750244140625,99.0000228881836,17368089
2020-08-18,72.28784942626953,99.9843978881836,101.19377136230469,99.30940246582031,101.1656494140625,13890131
2020-08-19,72.12519836425781,99.7593994140625,100.91252136230469,99.59065246582031,100.4062728881836,12400644
2020-08-20,73.69091796875,101.9250259399414,105.8062744140625,99.2531509399414,99.6750259399414,44062975
2020-08-21,76.9037094116211,106.3687744140625,107.1562728881836,102.7125244140625,102.9375228881836,49949864
2020-08-24,75.33796691894531,104.2031478881836,107.24065399169922,103.72502136230469,106.67815399169922,19724617
2020-08-25,75.13465118408203,103.9218978881836,105.07502746582031,102.9375228881836,104.9062728881836,10109220
2020-08-26,75.37864685058594,104.2593994140625,106.67815399169922,103.5562744140625,105.1875228881836,18000615
2020-08-27,75.3176498413086,104.1750259399414,105.55315399169922,103.8937759399414,105.13127899169922,10363056
2020-08-28,74.13825988769531,102.54377746582031,105.0468978881836,102.26252746582031,104.9062728881836,12114955
2020-08-31,72.77588653564453,100.6594009399414,104.2593994140625,100.1250228881836,103.2187728881836,24259718
2020-09-01,73.36555480957031,101.47502136230469,102.54377746582031,100.4625244140625,100.71565246582031,16505345
2020-09-02,75.37899780273438,101.9250259399414,102.9937744140625,98.5781478881836,100.0969009399414,30959608
2020-09-03,74.25580596923828,100.4062728881836,102.0656509399414,99.92814636230469,101.47502136230469,11884498
2020-09-04,72.82060241699219,98.46565246582031,100.1250228881836,97.7062759399414,99.6750259399414,17373558
2020-09-07,73.27821350097656,99.08439636230469,99.5344009399414,97.34065246582031,98.46565246582031,13069001
2020-09-08,72.7582015991211,98.38127136230469,99.0000228881836,97.7343978881836,98.9156494140625,9597878
2020-09-09,72.90380859375,98.5781478881836,100.0969009399414,97.53752136230469,98.4375228881836,20122483
2020-09-10,73.88142395019531,99.9000244140625,100.3781509399414,97.95939636230469,99.0000228881836,19635358
2020-09-11,72.86221313476562,98.52189636230469,100.29377746582031,97.9312744140625,100.1812744140625,31182063
2020-09-14,71.34381866455078,96.4687728881836,99.8437728881836,96.0468978881836,99.8437728881836,14143608
2020-09-15,72.09262084960938,97.48127746582031,97.81877136230469,96.1875228881836,96.6656494140625,7858789
2020-09-16,71.53101348876953,96.7219009399414,97.5656509399414,96.07502746582031,97.3125228881836,13201491
2020-09-17,70.01260375976562,94.66876983642578,96.41252136230469,94.44377136230469,96.3843994140625,10765947
2020-09-18,71.51021575927734,96.69377136230469,97.3125228881836,94.10626983642578,95.1187744140625,23788415
2020-09-21,70.92782592773438,95.9062728881836,96.5812759399414,94.30314636230469,96.1875228881836,13331596
2020-09-22,70.2206039428711,94.95001983642578,95.8781509399414,93.6562728881836,94.95001983642578,9039386
2020-09-23,68.18222045898438,92.19377136230469,95.56877136230469,91.57501983642578,95.56877136230469,8404497
2020-09-24,66.28943634033203,89.6343994140625,92.84064483642578,89.1562728881836,91.2656478881836,20770480
2020-09-25,66.871826171875,90.4218978881836,91.4062728881836,89.83126831054688,90.5625228881836,8761400
2020-09-28,69.9502182006836,94.58439636230469,95.09064483642578,90.5625228881836,90.5625228881836,16915185
2020-09-29,67.93260955810547,91.85626983642578,95.28752136230469,91.4062728881836,95.0625228881836,13468026
2020-09-30,67.57901763916016,91.37814331054688,91.8281478881836,90.16876983642578,91.65939331054688,14349950
2020-10-01,68.47341918945312,92.5875244140625,93.3750228881836,91.57501983642578,92.6718978881836,14856837
2020-10-05,67.74542236328125,91.6031494140625,93.60002136230469,91.20939636230469,92.2500228881836,10360105
2020-10-06,67.89102172851562,91.80001831054688,92.47502136230469,91.0406494140625,91.7437744140625,8989183
2020-10-07,66.3934326171875,89.7750244140625,91.80001831054688,89.4375228881836,91.6875228881836,17614061
2020-10-08,65.85263061523438,89.04376983642578,90.6187744140625,88.8750228881836,90.11251831054688,12953710
2020-10-09,65.72782897949219,88.8750228881836,89.6343994140625,88.14376831054688,89.26876831054688,11980039
2020-10-12,66.47662353515625,89.88751983642578,91.57501983642578,89.18439483642578,89.55001831054688,20670634
2020-10-13,66.74701690673828,90.25314331054688,91.1250228881836,89.55001831054688,90.0000228881836,11179799
2020-10-14,65.33262634277344,88.34064483642578,90.45001983642578,87.91876983642578,90.25314331054688,13362234
2020-10-15,64.79183959960938,87.6093978881836,88.34064483642578,86.9625244140625,88.0875244140625,15536883
2020-10-16,66.12303161621094,89.40939331054688,90.67501831054688,87.3843994140625,87.8062744140625,18673957
2020-10-19,66.45582580566406,89.8593978881836,91.35002136230469,89.66252136230469,89.97189331054688,18793008
2020-10-20,65.39503479003906,88.42501831054688,90.22502136230469,88.25627136230469,90.0000228881836,13701957
2020-10-21,68.11982727050781,92.1093978881836,93.45939636230469,88.4531478881836,88.6500244140625,36573148
2020-10-22,68.68144226074219,92.8687744140625,93.31877136230469,90.67501831054688,91.20939636230469,39056262
2020-10-23,70.78221130371094,95.70939636230469,96.41252136230469,92.6437759399414,92.8687744140625,29149043
2020-10-26,71.5726318359375,96.77815246582031,97.2844009399414,95.42814636230469,95.65314483642578,36760149
2020-10-27,72.17581176757812,97.5937728881836,98.6343994140625,96.4687728881836,96.77815246582031,23610507
2020-10-28,71.9054183959961,97.2281494140625,98.18440246582031,96.49690246582031,98.18440246582031,14060472
2020-10-29,71.38541412353516,96.5250244140625,97.48127746582031,95.7656478881836,96.21565246582031,17654072
2020-10-30,71.13582611083984,96.1875228881836,96.7500228881836,95.23126983642578,95.9062728881836,22904945
2020-11-02,71.9886245727539,97.34065246582031,98.10002136230469,96.7219009399414,97.05940246582031,13423596
2020-11-03,74.85902404785156,101.2219009399414,101.6437759399414,97.7906494140625,97.8750228881836,27441682
2020-11-04,73.67340850830078,99.6187744140625,101.2500228881836,98.24064636230469,101.2219009399414,19461431
2020-11-05,74.48460388183594,100.71565246582031,101.13752746582031,99.3375244140625,100.1250228881836,10248002
2020-11-06,74.23499298095703,100.3781509399414,100.9406509399414,99.6187744140625,100.2656478881836,8815864
2020-11-09,76.56460571289062,103.52815246582031,103.8937759399414,100.7437744140625,101.19377136230469,15228920
2020-11-10,77.3342056274414,104.56877899169922,105.1031494140625,102.12190246582031,103.10627746582031,13815795
2020-11-11,78.89421081542969,106.67815399169922,107.4375228881836,103.44377136230469,103.44377136230469,15502357
2020-11-12,78.83177947998047,106.5937728881836,107.4094009399414,105.27190399169922,107.1562728881836,26079694
2020-11-13,78.5614013671875,106.2281494140625,106.8469009399414,104.7375259399414,106.0875244140625,11968619
2020-11-14,78.2077865600586,105.7500228881836,106.81877899169922,105.1875228881836,106.3125228881836,1162700
2020-11-17,77.70860290527344,105.07502746582031,106.4531478881836,104.5406494140625,105.1875228881836,16872514
2020-11-18,77.12621307373047,104.28752899169922,106.7062759399414,103.9218978881836,105.07502746582031,16685757
2020-11-19,78.95658111572266,106.76252746582031,110.9250259399414,100.35002136230469,100.4062728881836,64832376
2020-11-20,79.80938720703125,107.9156494140625,109.12503051757812,106.3687744140625,108.84378051757812,27479934
2020-11-23,81.01580047607422,109.54690551757812,110.19377899169922,107.1562728881836,108.00003051757812,20909280
2020-11-24,80.91178894042969,109.40628051757812,111.2062759399414,108.70315551757812,109.68753051757812,15308572
2020-11-25,81.24459075927734,109.85627746582031,111.0656509399414,108.87190246582031,109.40628051757812,19854793
2020-11-26,82.22219848632812,111.17815399169922,112.02190399169922,108.4781494140625,109.77190399169922,24879552
2020-11-27,80.03819274902344,108.22502899169922,111.17815399169922,106.1437759399414,111.17815399169922,46793847
2020-12-01,80.01737976074219,108.1968994140625,110.5031509399414,107.80315399169922,109.6031494140625,18193922
2020-12-02,80.76619720458984,109.20940399169922,109.8000259399414,106.62190246582031,108.4781494140625,15836732
2020-12-03,80.47499084472656,108.8156509399414,109.7437744140625,107.4375228881836,109.68753051757812,21308517
2020-12-04,80.84939575195312,109.3218994140625,110.7844009399414,108.42190551757812,109.2375259399414,14838659
2020-12-07,80.49580383300781,108.84378051757812,110.95315551757812,108.28128051757812,108.56253051757812,22078115
2020-12-08,79.70539855957031,107.7750244140625,109.4625244140625,107.4937744140625,109.12503051757812,15896364
2020-12-09,80.16297912597656,108.3937759399414,109.54690551757812,107.4937744140625,108.50627899169922,18701467
2020-12-10,80.18377685546875,108.42190551757812,109.91252899169922,107.7187728881836,108.56253051757812,13612880
2020-12-11,80.32939147949219,108.6187744140625,109.82815551757812,108.08440399169922,109.12503051757812,14876364
2020-12-14,80.82859802246094,109.29377746582031,110.81253051757812,108.45002746582031,110.25003051757812,20316890
2020-12-15,80.20458984375,108.45002746582031,109.5187759399414,107.6343994140625,109.35002899169922,16084083
2020-12-16,81.61898040771484,110.3625259399414,110.7281494140625,108.30940246582031,109.5187759399414,35024972
2020-12-17,82.51543426513672,108.73127746582031,109.91252899169922,107.7750244140625,108.73127746582031,23058726
2020-12-18,82.77156066894531,109.06877899169922,109.57502746582031,108.02815246582031,108.73127746582031,20310375
2020-12-21,79.18578338623047,104.3437728881836,108.6750259399414,103.7531509399414,108.56253051757812,21609326
2020-12-22,81.23478698730469,107.04377746582031,107.46565246582031,104.0625228881836,104.3156509399414,23934507
2020-12-23,81.08538818359375,106.8469009399414,107.8312759399414,106.3125228881836,107.7187728881836,9836093
2020-12-24,81.10673522949219,106.8750228881836,108.14065551757812,106.5656509399414,107.0156478881836,12945145
2020-12-28,81.76838684082031,107.74690246582031,108.16877746582031,106.8750228881836,106.9875259399414,6879688
2020-12-29,80.97866821289062,106.7062759399414,108.36565399169922,106.3125228881836,107.7750244140625,8549660
2020-12-30,81.19210815429688,106.9875259399414,107.24065399169922,105.07502746582031,106.8750228881836,19132583
2020-12-31,81.04268646240234,106.7906494140625,107.4375228881836,105.77815246582031,107.1562728881836,23272111
2021-01-01,80.89329528808594,106.5937728881836,106.81877899169922,106.0312728881836,106.3125228881836,3074621
2021-01-04,80.445068359375,106.0031509399414,107.10002899169922,105.7500228881836,106.8750228881836,7133203
2021-01-05,80.25296020507812,105.7500228881836,106.5937728881836,104.7375259399414,106.5937728881836,10478882
2021-01-06,83.73202514648438,110.33440399169922,111.1500244140625,105.1875228881836,105.7500228881836,54265234
2021-01-07,84.11621856689453,110.84065246582031,113.51252746582031,109.96878051757812,111.37503051757812,40129922
2021-01-08,86.89092254638672,114.49690246582031,114.75003051757812,111.12190246582031,111.79690551757812,29487917
2021-01-11,86.89092254638672,114.49690246582031,115.31253051757812,113.3156509399414,114.75003051757812,12726089
2021-01-12,86.95496368408203,114.5812759399414,115.17190551757812,112.4719009399414,113.09065246582031,31454127
2021-01-13,87.50990295410156,115.31253051757812,116.21253204345703,113.9625244140625,114.63752746582031,23792586
2021-01-14,87.55258178710938,115.3687744140625,116.71878051757812,114.5250244140625,115.8469009399414,12024674
2021-01-15,86.65613555908203,114.18753051757812,115.73440551757812,113.90628051757812,114.7219009399414,13530190
2021-01-18,83.56127166748047,110.10940551757812,113.62503051757812,109.43440246582031,113.20315551757812,26118654
2021-01-19,85.22610473632812,112.30315399169922,112.50003051757812,109.82815551757812,109.99690246582031,19382828
2021-01-20,83.73202514648438,110.33440399169922,112.8375244140625,109.77190399169922,112.50003051757812,21158179
2021-01-21,83.30516052246094,109.77190399169922,111.2062759399414,109.20940399169922,110.5031509399414,12509109
2021-01-22,82.89962768554688,109.2375259399414,110.41877746582031,108.56253051757812,109.68753051757812,16720401
2021-01-25,81.19210815429688,106.9875259399414,110.70002746582031,106.6500244140625,109.3781509399414,9393599
2021-01-27,82.1098861694336,108.1968994140625,109.3218994140625,106.48127746582031,106.8750228881836,18874916
2021-01-28,79.95417022705078,105.35627746582031,107.4094009399414,104.51252746582031,107.4094009399414,16072463
2021-01-29,78.73757934570312,103.7531509399414,106.3125228881836,102.9375228881836,106.1437759399414,13415015
2021-02-01,80.63717651367188,106.25627899169922,106.5656509399414,102.6562728881836,103.7531509399414,9485240
2021-02-02,82.89962768554688,109.2375259399414,110.05315399169922,106.4250259399414,107.4375228881836,10803602
2021-02-03,88.15021514892578,116.15628051757812,118.12503051757812,109.40628051757812,109.40628051757812,73411707
2021-02-04,87.65930938720703,115.5093994140625,116.80315399169922,114.8625259399414,116.15628051757812,23523019
2021-02-05,88.4063491821289,116.49378204345703,117.16877746582031,113.20315551757812,115.67815399169922,28755118
2021-02-08,90.73282623291016,119.55940246582031,120.03752899169922,115.7062759399414,116.15628051757812,28436890
2021-02-09,89.96443939208984,118.54690551757812,122.31565856933594,118.12503051757812,118.12503051757812,27738169
2021-02-10,89.83638000488281,118.3781509399414,120.37503051757812,116.43753051757812,118.43440246582031,34189378
2021-02-11,91.24508666992188,120.23440551757812,120.82502746582031,117.19690704345703,117.47815704345703,20504448
2021-02-12,90.77550506591797,119.61565399169922,123.18753051757812,118.43440246582031,123.18753051757812,25066544
2021-02-15,90.69013214111328,119.5031509399414,121.19065856933594,118.99690246582031,120.37503051757812,8599603
2021-02-16,96.28223419189453,126.87190246582031,129.31878662109375,119.98127746582031,120.03752899169922,80200957
2021-02-17,98.20319366455078,129.4031524658203,130.05003356933594,124.98753356933594,126.84378051757812,39034960
2021-02-18,100.95652770996094,133.03128051757812,134.0437774658203,128.53128051757812,129.93753051757812,44291912
2021-02-19,99.12096405029297,130.61253356933594,132.80628967285156,128.67190551757812,131.34378051757812,36335681
2021-02-22,96.0261001586914,126.53440856933594,131.56878662109375,125.77503204345703,130.75315856933594,25800846
2021-02-23,96.51702880859375,127.18128204345703,128.8687744140625,126.36565399169922,126.98440551757812,18293559
2021-02-24,95.08696746826172,125.29690551757812,128.36253356933594,124.65003204345703,127.20940399169922,11421326
2021-02-25,97.1360092163086,127.99691009521484,130.9500274658203,124.20002746582031,125.83128356933594,30696079
2021-02-26,91.47985076904297,120.54377746582031,127.82815551757812,118.8000259399414,124.59378051757812,38070699
2021-03-01,97.00791931152344,127.82815551757812,128.7000274658203,122.28752899169922,122.34378051757812,31441940
2021-03-02,96.06880187988281,126.59065246582031,129.0093994140625,125.63440704345703,128.81253051757812,18223787
2021-03-03,97.11465454101562,127.96878051757812,129.45941162109375,125.83128356933594,129.37503051757812,19350542
2021-03-04,96.11148834228516,126.64690399169922,129.34690856933594,125.46565246582031,125.46565246582031,22865747
2021-03-05,94.019775390625,123.89065551757812,127.12503051757812,123.38440704345703,127.12503051757812,17342685
2021-03-08,95.71540069580078,123.83440399169922,125.94377899169922,122.06253051757812,122.54065704345703,15749448
2021-03-09,93.91109466552734,121.50003051757812,124.93128204345703,119.95315551757812,124.03128051757812,12585004
2021-03-10,93.54153442382812,121.02190399169922,123.15940856933594,120.37503051757812,122.62503051757812,10661165
2021-03-12,95.67191314697266,123.77815246582031,124.25627899169922,121.16252899169922,121.33128356933594,18173078
2021-03-15,97.45449829101562,126.08440399169922,127.40628051757812,123.60940551757812,124.31253051757812,30092241
2021-03-16,97.58492279052734,126.25315856933594,127.80003356933594,125.71878051757812,126.64690399169922,14767699
2021-03-17,95.84583282470703,124.00315856933594,126.56253051757812,123.38440704345703,126.53440856933594,12571132
2021-03-18,96.106689453125,124.34065246582031,125.71878051757812,123.83440399169922,124.31253051757812,14232655
2021-03-19,100.08488464355469,129.48753356933594,130.5562744140625,123.27190399169922,124.81877899169922,70334403
2021-03-22,97.19363403320312,125.74690246582031,131.85003662109375,124.98753356933594,131.85003662109375,29180881
2021-03-23,95.21540832519531,123.18753051757812,126.00003051757812,122.90628051757812,125.74690246582031,38455903
2021-03-24,96.106689453125,124.34065246582031,125.94377899169922,122.00627899169922,122.09065246582031,24398959
2021-03-25,94.0849838256836,121.72502899169922,125.66252899169922,121.13440704345703,124.34065246582031,20272124
2021-03-26,93.30241394042969,120.71253204345703,124.87503051757812,119.33440399169922,123.38440704345703,25184863
2021-03-30,96.23712158203125,124.50940704345703,125.83128356933594,121.16252899169922,122.00627899169922,53328751
2021-03-31,93.75890350341797,121.30315399169922,124.36878204345703,120.74065399169922,123.69377899169922,20694060
2021-04-01,95.0849838256836,123.01878356933594,123.38440704345703,120.79690551757812,121.86565399169922,11229344
2021-04-05,93.10676574707031,120.45940399169922,123.18753051757812,120.00940704345703,121.05003356933594,14484908
2021-04-06,90.95462036132812,117.6750259399414,123.18753051757812,117.28128051757812,121.05003356933594,25301732
2021-04-07,91.54157257080078,118.43440246582031,121.61253356933594,117.87190246582031,118.63127899169922,22841720
2021-04-08,90.86769104003906,117.56253051757812,120.09378051757812,117.28128051757812,119.2219009399414,20468881
2021-04-09,90.56332397460938,117.16877746582031,118.9406509399414,117.00003051757812,117.78752899169922,11773021
2021-04-12,87.45470428466797,113.14690399169922,116.24065399169922,111.65628051757812,116.24065399169922,18544315
2021-04-13,90.75897979736328,117.42190551757812,117.78752899169922,113.8781509399414,115.39690399169922,19831072
2021-04-15,90.345947265625,116.88752746582031,118.91252899169922,116.46565246582031,116.94377899169922,10159348
2021-04-16,91.23724365234375,118.04065704345703,120.82502746582031,116.57815551757812,116.71878051757812,22020846
2021-04-19,87.47642517089844,113.1750259399414,116.43753051757812,112.50003051757812,115.7906494140625,18404990
2021-04-20,88.5633773803711,114.5812759399414,115.7062759399414,113.42815399169922,115.31253051757812,14467660
2021-04-22,88.45468139648438,114.4406509399414,115.25627899169922,113.1750259399414,114.75003051757812,11626459
2021-04-23,91.80242919921875,118.77190399169922,119.75627899169922,114.75003051757812,114.91877746582031,38318040
2021-04-26,93.82414245605469,121.38752746582031,121.75315856933594,117.1125259399414,117.1125259399414,19139358
2021-04-27,94.1937026977539,121.86565399169922,124.03128051757812,121.38752746582031,121.52815246582031,15270611
2021-04-28,96.04148864746094,124.25627899169922,124.70628356933594,121.66877746582031,123.07502746582031,16383579
2021-04-29,95.71540069580078,123.83440399169922,125.80315399169922,123.21565246582031,125.49378204345703,14761969
2021-04-30,95.67191314697266,123.77815246582031,125.04377746582031,121.86565399169922,122.48440551757812,16897105
2021-05-03,95.99800872802734,124.20002746582031,125.35315704345703,121.92190551757812,122.34378051757812,15528063
2021-05-04,94.80237579345703,122.65315246582031,124.70628356933594,121.89378356933594,124.53752899169922,20857434
2021-05-05,94.86759948730469,122.73753356933594,123.94690704345703,121.95002746582031,122.65315246582031,23178237
2021-05-06,93.65022277832031,121.16252899169922,123.41252899169922,120.15003204345703,122.87815856933594,18823613
2021-05-07,93.28067016601562,120.68440246582031,121.95002746582031,120.09378051757812,121.69690704345703,12509591
2021-05-10,95.58496856689453,123.66565704345703,123.83440399169922,120.90940856933594,121.16252899169922,17845577
2021-05-11,97.12841796875,125.66252899169922,126.67503356933594,122.85002899169922,123.75003051757812,22995780
2021-05-12,98.23709106445312,127.09690856933594,132.18753051757812,125.46565246582031,125.66252899169922,55645370
2021-05-14,99.4979248046875,128.7281494140625,129.37503051757812,125.91565704345703,128.10940551757812,18820793
2021-05-17,99.30228424072266,128.47503662109375,129.93753051757812,127.74378204345703,129.90940856933594,10996347
2021-05-18,101.345703125,131.1187744140625,134.91566467285156,128.53128051757812,129.88128662109375,52885042
2021-05-19,101.62832641601562,131.48440551757812,133.87503051757812,130.16253662109375,131.73753356933594,28081040
2021-05-20,99.54138946533203,128.78440856933594,132.15940856933594,128.47503662109375,131.62503051757812,10707136
2021-05-21,99.10662841796875,128.22190856933594,128.95315551757812,127.12503051757812,128.2781524658203,21702883
2021-05-24,100.43269348144531,129.93753051757812,131.85003662109375,128.47503662109375,128.81253051757812,22028927
2021-05-25,101.25875854492188,131.00628662109375,131.87815856933594,130.02191162109375,131.06253051757812,9165363
2021-05-26,98.08491516113281,126.90003204345703,131.5125274658203,126.53440856933594,131.17503356933594,18322114
2021-05-27,99.25879669189453,128.4187774658203,129.1500244140625,125.57815551757812,127.51878356933594,51194207
2021-05-28,98.01970672607422,126.81565856933594,129.93753051757812,126.45002746582031,129.93753051757812,15307498
2021-05-31,98.10664367675781,126.92815399169922,127.46253204345703,125.85940551757812,127.12503051757812,13102261
2021-06-01,97.56317901611328,126.22502899169922,128.25003051757812,125.94377899169922,127.29377746582031,15733731
2021-06-02,98.88923645019531,127.94065856933594,128.33441162109375,126.05628204345703,126.11253356933594,7995532
2021-06-03,98.3892593383789,127.29377746582031,130.19065856933594,126.92815399169922,128.8406524658203,10291328
2021-06-04,98.32404327392578,127.20940399169922,128.33441162109375,126.45002746582031,127.12503051757812,6142487
2021-06-07,102.71524047851562,132.89065551757812,133.7625274658203,127.63127899169922,127.85627746582031,18058790
2021-06-08,101.75873565673828,131.6531524658203,134.40940856933594,130.5281524658203,134.40940856933594,22511761
2021-06-09,105.25868225097656,136.18128967285156,138.09378051757812,131.5125274658203,132.75003051757812,39865778
2021-06-10,105.06303405761719,135.92816162109375,139.50003051757812,135.14065551757812,139.50003051757812,32690784
2021-06-11,107.084716796875,138.5437774658203,139.9500274658203,137.25003051757812,139.9500274658203,29142097
2021-06-14,108.12818908691406,139.89378356933594,140.5125274658203,136.18128967285156,139.47190856933594,18732629
2021-06-15,107.6499252319336,139.27503967285156,141.46878051757812,138.9656524658203,140.9344024658203,15026686
2021-06-16,105.28042602539062,136.20941162109375,139.21878051757812,135.53440856933594,138.85316467285156,30706682
2021-06-17,104.28045654296875,134.91566467285156,137.2781524658203,133.17190551757812,137.2781524658203,22261167
2021-06-18,101.30223846435547,131.06253051757812,137.81253051757812,129.4312744140625,137.25003051757812,49278209
2021-06-21,102.10657501220703,132.10316467285156,132.44065856933594,128.47503662109375,130.44378662109375,11719831
2021-06-22,101.75873565673828,131.6531524658203,133.31253051757812,130.5281524658203,130.5281524658203,10961545
2021-06-23,100.9761734008789,130.64065551757812,132.75003051757812,130.50003051757812,132.60940551757812,10721151
2021-06-24,100.4979019165039,130.02191162109375,131.03440856933594,128.3062744140625,130.64065551757812,12964208
2021-06-25,100.36746978759766,129.8531494140625,130.9500274658203,129.03753662109375,130.19065856933594,7736431
2021-06-28,100.80224609375,130.4156494140625,130.78128051757812,129.76878356933594,130.50003051757812,9989595
2021-06-29,102.60655975341797,132.75003051757812,133.81878662109375,130.30316162109375,130.8375244140625,61089570
2021-06-30,101.0413589477539,130.72503662109375,133.65003967285156,130.50003051757812,133.39691162109375,17437744
2021-07-01,100.34574127197266,129.8250274658203,131.03440856933594,129.48753356933594,130.8094024658203,15924813
2021-07-02,99.10662841796875,128.22190856933594,129.9937744140625,128.0250244140625,129.8250274658203,9549992
2021-07-05,100.12834167480469,129.5437774658203,129.88128662109375,128.4468994140625,128.9812774658203,6849185
2021-07-06,99.47618103027344,128.7000274658203,129.65628051757812,128.4187774658203,129.03753662109375,5343938
2021-07-07,100.41095733642578,129.90940856933594,130.19065856933594,128.7000274658203,128.7000274658203,7228897
2021-07-08,100.4979019165039,130.02191162109375,131.14691162109375,129.1219024658203,129.4312744140625,8740010
2021-07-09,100.10661315917969,129.51565551757812,130.19065856933594,129.37503051757812,129.9656524658203,2990856
2021-07-12,99.56314086914062,128.81253051757812,130.35940551757812,128.36253356933594,129.76878356933594,5578309
2021-07-13,99.41097259521484,128.61566162109375,130.44378662109375,128.4187774658203,129.60003662109375,8264289
2021-07-14,99.97618865966797,129.34690856933594,130.19065856933594,128.50315856933594,128.61566162109375,9228746
2021-07-15,100.17182922363281,129.60003662109375,130.19065856933594,128.9812774658203,129.93753051757812,5376823
2021-07-16,101.67179107666016,131.5406494140625,133.03128051757812,129.65628051757812,130.30316162109375,15903784
2021-07-19,101.36744689941406,131.14691162109375,131.99066162109375,130.21878051757812,131.5406494140625,13725925
2021-07-20,100.56312561035156,130.1062774658203,132.9187774658203,129.90940856933594,132.13128662109375,14178067
2021-07-22,101.41091918945312,131.20315551757812,131.90628051757812,128.64378356933594,131.90628051757812,10378326
2021-07-23,101.30223846435547,131.06253051757812,131.59690856933594,130.5281524658203,131.48440551757812,6660369
2021-07-26,101.17181396484375,130.89378356933594,132.38441467285156,130.5281524658203,131.31565856933594,12963701
2021-07-27,100.80224609375,130.4156494140625,132.10316467285156,129.74066162109375,131.06253051757812,10832912
2021-07-28,99.17184448242188,128.3062744140625,130.72503662109375,127.91252899169922,130.50003051757812,13828088
2021-07-29,97.04143524169922,125.55000305175781,130.16250610351562,125.36250305175781,128.25,28609665
2021-07-30,99.21529388427734,128.3625030517578,129.89999389648438,126.1500015258789,126.7874984741211,34142169
2021-08-02,99.12834167480469,128.25,129.0,126.9749984741211,128.625,9575755
2021-08-03,101.12830352783203,130.83749389648438,131.39999389648438,128.3249969482422,129.41250610351562,20959435
2021-08-04,101.5920639038086,131.4375,132.4499969482422,130.3874969482422,131.7375030517578,23323277
2021-08-05,101.5630874633789,131.39999389648438,131.8125,129.9375,131.4375,6621382
2021-08-06,101.44715118408203,131.25,132.375,130.91250610351562,131.625,5340311
2021-08-09,102.28770446777344,132.33749389648438,132.75,130.53750610351562,132.75,16415005
2021-08-10,100.05587005615234,129.4499969482422,132.0749969482422,128.5124969482422,132.0749969482422,11925263
2021-08-11,102.22974395751953,132.2624969482422,132.75,129.41250610351562,129.71249389648438,31279965
2021-08-12,108.40350341796875,140.25,140.77499389648438,132.22500610351562,132.75,58107755
2021-08-13,107.09918212890625,138.5625,140.47500610351562,137.6999969482422,138.14999389648438,26776843
2021-08-16,104.75141143798828,135.52499389648438,138.22500610351562,135.3000030517578,138.0,21308655
2021-08-17,106.22965240478516,137.4375,137.8125,135.75,135.78750610351562,15962459
2021-08-18,104.69342803955078,135.4499969482422,139.5,135.1125030517578,137.77499389648438,25227527
2021-08-20,103.53404998779297,133.9499969482422,135.03750610351562,132.78750610351562,132.97500610351562,18720467
2021-08-23,101.82394409179688,131.7375030517578,134.9250030517578,130.64999389648438,134.625,13112745
2021-08-24,102.3746566772461,132.4499969482422,134.47500610351562,131.58749389648438,132.97500610351562,11029463
2021-08-25,101.73698425292969,131.625,133.08749389648438,131.28750610351562,132.89999389648438,12001351
2021-08-26,100.34571075439453,129.8249969482422,131.5500030517578,128.6999969482422,131.5500030517578,12115246
2021-08-27,101.07034301757812,130.7624969482422,131.1374969482422,128.8125,130.35000610351562,8051699
2021-08-30,101.73698425292969,131.625,132.2624969482422,129.60000610351562,131.39999389648438,14512401
2021-08-31,101.65003204345703,131.5124969482422,132.78750610351562,131.21249389648438,131.625,43248333
2021-09-01,101.82394409179688,131.7375030517578,133.35000610351562,130.9875030517578,133.35000610351562,11817591
2021-09-02,101.88190460205078,131.8125,132.0749969482422,130.64999389648438,131.5500030517578,13545023
2021-09-03,101.76597595214844,131.66250610351562,132.60000610351562,130.8000030517578,132.0,12286475
2021-09-06,100.92540740966797,130.5749969482422,132.2624969482422,129.75,131.77499389648438,13950485
2021-09-07,100.28773498535156,129.75,130.6125030517578,129.33749389648438,130.5749969482422,12485031
2021-09-08,101.9690170288086,129.6374969482422,130.1999969482422,127.6500015258789,128.4375,25370295
2021-09-09,102.35249328613281,130.125,130.6125030517578,128.9250030517578,129.3000030517578,5078350
2021-09-13,102.58845520019531,130.4250030517578,130.72500610351562,129.52499389648438,130.6875,7522483
2021-09-14,102.70643615722656,130.5749969482422,131.3249969482422,130.125,130.4250030517578,8434427
2021-09-15,104.94818115234375,133.4250030517578,134.25,130.3125,130.5,20064238
2021-09-16,105.86256408691406,134.58749389648438,136.2375030517578,133.72500610351562,134.21249389648438,16214883
2021-09-17,105.4791030883789,134.10000610351562,135.3000030517578,132.5625,134.66250610351562,21219226
2021-09-20,104.417236328125,132.75,134.39999389648438,131.3249969482422,132.89999389648438,7833069
2021-09-21,103.76832580566406,131.9250030517578,133.8000030517578,131.58749389648438,132.03750610351562,9481007
2021-09-22,104.2697525024414,132.5625,133.08749389648438,131.85000610351562,131.85000610351562,9165634
2021-09-23,105.15465545654297,133.6875,134.0625,132.75,132.75,10295913
2021-09-24,103.91581726074219,132.1125030517578,134.625,131.85000610351562,133.72500610351562,7093411
2021-09-27,103.82730865478516,132.0,132.8625030517578,131.3249969482422,132.375,5205649
2021-09-28,108.51722717285156,137.96249389648438,141.6750030517578,132.0749969482422,132.6374969482422,38873626
2021-09-29,115.06544494628906,146.28750610351562,147.22500610351562,136.83749389648438,137.625,53686662
2021-09-30,112.0273208618164,142.4250030517578,148.5,141.4875030517578,146.21249389648438,23618199
2021-10-01,113.17765045166016,143.8874969482422,145.125,142.2375030517578,143.10000610351562,16994903
2021-10-04,113.05967712402344,143.7375030517578,144.78750610351562,142.53750610351562,144.0,10757286
2021-10-05,112.05679321289062,142.46249389648438,146.3249969482422,142.0124969482422,143.7375030517578,17200858
2021-10-06,110.67046356201172,140.6999969482422,144.1125030517578,140.0625,143.96249389648438,8929507
2021-10-07,111.08342742919922,141.22500610351562,143.66250610351562,140.6999969482422,143.25,6733699
2021-10-08,110.72946166992188,140.77499389648438,142.6125030517578,140.25,141.75,8165175
2021-10-11,114.12152099609375,145.08749389648438,146.3249969482422,141.97500610351562,142.5,12982042
2021-10-12,114.06254577636719,145.0124969482422,145.9875030517578,143.7375030517578,145.4250030517578,8539966
2021-10-13,117.63162231445312,149.5500030517578,153.375,145.6125030517578,146.3249969482422,33075614
2021-10-14,120.72872161865234,153.4875030517578,154.46249389648438,148.6875,150.14999389648438,19185455
2021-10-18,120.22730255126953,152.85000610351562,157.46249389648438,151.6125030517578,157.35000610351562,38546365
2021-10-19,117.1891860961914,148.9875030517578,153.60000610351562,147.75,153.0,16174177
2021-10-20,114.6524658203125,145.7624969482422,150.1875,145.0124969482422,150.0,21909934
2021-10-21,114.47550201416016,145.53750610351562,148.0124969482422,145.125,147.1875,16946547
2021-10-22,114.71147155761719,145.83749389648438,147.75,143.4375,146.9250030517578,7705870
2021-10-25,113.64961242675781,144.4875030517578,146.25,142.875,145.83749389648438,7862419
2021-10-26,112.32228088378906,142.8000030517578,144.71249389648438,142.27499389648438,144.4499969482422,8525850
2021-10-27,112.23377227783203,142.6875,143.8874969482422,141.41250610351562,142.6125030517578,9862679
2021-10-28,109.66758728027344,139.4250030517578,143.3249969482422,138.9375,143.02499389648438,11095238
2021-10-29,109.16616821289062,138.78750610351562,141.4875030517578,135.97500610351562,140.1750030517578,12988035
2021-11-01,110.75895690917969,140.8125,141.375,138.41250610351562,138.4499969482422,5475153
2021-11-02,109.43161010742188,139.125,143.4375,138.8625030517578,141.4875030517578,10946890
2021-11-03,108.51722717285156,137.96249389648438,140.47500610351562,137.25,139.125,13957727
2021-11-04,109.16616821289062,138.78750610351562,139.3874969482422,138.1875,138.71249389648438,830214
2021-11-08,111.58486938476562,141.8625030517578,142.7624969482422,138.4499969482422,140.6999969482422,11947323
2021-11-09,110.05104064941406,139.91250610351562,142.7624969482422,138.97500610351562,142.7624969482422,10381150
2021-11-10,108.78270721435547,138.3000030517578,139.875,137.66250610351562,139.46249389648438,13857851
2021-11-11,107.45537567138672,136.6125030517578,138.9375,135.52499389648438,138.75,8851354
2021-11-12,107.36687469482422,136.5,137.77499389648438,135.22500610351562,137.77499389648438,9590673
2021-11-15,111.08342742919922,141.22500610351562,141.5625,136.5,136.64999389648438,24821341
2021-11-16,110.67046356201172,140.6999969482422,143.5124969482422,139.875,141.75,23206330
2021-11-17,112.70573425292969,143.28750610351562,145.35000610351562,140.25,140.25,18359498
2021-11-18,113.56112670898438,144.375,145.83749389648438,143.28750610351562,143.8874969482422,10742933
2021-11-22,114.56399536132812,145.64999389648438,147.75,144.0,145.8000030517578,25095721
2021-11-23,119.07696533203125,151.3874969482422,151.8000030517578,144.8625030517578,144.9375,19671538
2021-11-24,119.93235778808594,152.47500610351562,155.58749389648438,151.5,151.64999389648438,18120478
2021-11-25,120.4927749633789,153.1875,153.75,150.9375,151.9499969482422,18537454
2021-11-26,119.16545867919922,151.5,153.71249389648438,150.60000610351562,153.03750610351562,12814537
2021-11-29,118.13306427001953,150.1875,153.0,148.875,149.25,16066147
2021-11-30,121.96758270263672,155.0625,157.125,150.22500610351562,150.22500610351562,37739647
2021-12-01,122.23307037353516,155.39999389648438,156.5625,153.52499389648438,155.25,20332817
2021-12-02,126.5395278930664,160.875,162.0,154.875,156.75,33758843
2021-12-03,121.58413696289062,154.5749969482422,162.33749389648438,154.125,159.8625030517578,47614182
2021-12-06,119.16545867919922,151.5,156.0,151.0124969482422,155.5124969482422,11322446
2021-12-07,121.40715789794922,154.35000610351562,155.21249389648438,151.6125030517578,151.9499969482422,8049102
2021-12-08,120.81725311279297,153.60000610351562,155.7375030517578,152.66250610351562,153.8625030517578,8788449
2021-12-09,119.87334442138672,152.39999389648438,154.83749389648438,151.5749969482422,154.125,5755422
2021-12-10,119.54888916015625,151.9875030517578,153.1875,151.3874969482422,153.1875,6164402
2021-12-13,120.58126068115234,153.3000030517578,157.2375030517578,152.77499389648438,154.125,21648126
2021-12-14,125.21218872070312,159.1875,159.8625030517578,152.39999389648438,153.0749969482422,48042035
2021-12-15,123.79637908935547,157.3874969482422,161.7375030517578,155.85000610351562,159.8249969482422,15207306
2021-12-16,122.8229751586914,156.14999389648438,158.85000610351562,154.72500610351562,158.5500030517578,13410737
2021-12-17,123.85538482666016,157.46249389648438,157.875,153.78750610351562,156.14999389648438,15209414
2021-12-20,123.79637908935547,157.3874969482422,159.4875030517578,155.625,158.0625,22539246
2021-12-21,121.87911224365234,154.9499969482422,158.8125,153.60000610351562,158.58749389648438,17566511
2021-12-22,123.0698013305664,151.16250610351562,152.25,148.5,149.85000610351562,14750231
2021-12-23,127.22201538085938,156.2624969482422,157.1999969482422,151.53750610351562,151.875,15932489
2021-12-24,125.4206771850586,154.0500030517578,156.52499389648438,153.6374969482422,156.14999389648438,8975969
2021-12-27,125.84811401367188,154.5749969482422,155.4375,153.75,154.0500030517578,8648187
2021-12-28,125.54280090332031,154.1999969482422,156.4875030517578,152.47500610351562,154.9875030517578,15736206
2021-12-29,124.93220520019531,153.4499969482422,154.4250030517578,152.02499389648438,152.25,17172943
2021-12-30,125.39015197753906,154.0124969482422,158.5500030517578,151.2375030517578,153.4499969482422,87481206
2021-12-31,124.81005859375,153.3000030517578,154.64999389648438,152.66250610351562,153.0,9842223
2022-01-03,125.17642974853516,153.75,155.21249389648438,153.1125030517578,154.0500030517578,7410054
2022-01-04,128.59585571289062,157.9499969482422,159.75,154.125,154.72500610351562,14784090
2022-01-05,127.40518188476562,156.4875030517578,158.5124969482422,156.03750610351562,157.5,9565107
2022-01-06,125.75652313232422,154.46249389648438,156.52499389648438,153.4875030517578,155.8125,5615931
2022-01-07,125.2985610961914,153.89999389648438,156.375,153.375,155.21249389648438,11908249
2022-01-10,124.56578826904297,153.0,155.4375,152.58749389648438,155.4375,11085710
2022-01-11,124.47421264648438,152.8874969482422,154.35000610351562,152.625,153.41250610351562,7208789
2022-01-12,125.1458740234375,153.71249389648438,155.02499389648438,153.2624969482422,154.5,11018139
2022-01-13,127.00830078125,156.0,158.625,154.91250610351562,155.6999969482422,20522807
2022-01-14,126.85562896728516,155.8125,157.2375030517578,154.91250610351562,155.96249389648438,14183654
2022-01-17,126.00076293945312,154.7624969482422,157.16250610351562,154.35000610351562,156.8625030517578,7574539
2022-01-18,125.26802062988281,153.8625030517578,155.8874969482422,153.4499969482422,154.6875,8475422
2022-01-19,124.96273803710938,153.4875030517578,155.5500030517578,150.78750610351562,154.5,13724367
2022-01-20,131.0688934326172,160.9875030517578,161.5124969482422,154.0500030517578,155.3249969482422,30170343
2022-01-21,131.34365844726562,161.3249969482422,164.4375,159.75,160.4250030517578,29509593
2022-01-24,130.67198181152344,160.5,163.3125,158.625,162.3000030517578,12850189
2022-01-25,133.6334686279297,164.1374969482422,165.14999389648438,158.96249389648438,160.125,27389035
2022-01-27,131.19100952148438,161.1374969482422,164.47500610351562,159.2624969482422,163.5,28512473
2022-01-28,128.3516387939453,157.64999389648438,163.125,156.9375,163.125,18932049
2022-01-31,131.52685546875,161.5500030517578,162.5625,158.39999389648438,159.0,19907759
2022-02-01,130.03082275390625,159.71249389648438,162.78750610351562,158.47500610351562,162.75,8622355
2022-02-02,130.67198181152344,160.5,163.35000610351562,159.9375,161.1374969482422,9921099
2022-02-03,129.02333068847656,158.47500610351562,161.25,158.25,160.5,4594389
2022-02-04,128.04629516601562,157.27499389648438,160.0124969482422,156.8249969482422,159.0,7329263
2022-02-07,130.458251953125,160.2375030517578,160.72500610351562,157.5,158.28750610351562,7869237
2022-02-08,128.26002502441406,157.53750610351562,161.5500030517578,156.375,160.5,9074237
2022-02-09,127.83260345458984,157.0124969482422,158.7375030517578,156.52499389648438,157.9499969482422,9833985
2022-02-10,129.48130798339844,159.03750610351562,161.77499389648438,157.53750610351562,157.53750610351562,19180334
2022-02-11,126.88615417480469,155.85000610351562,159.0,155.28750610351562,157.64999389648438,20071130
2022-02-14,123.25298309326172,151.3874969482422,155.21249389648438,150.9375,155.21249389648438,12109375
2022-02-15,124.2299575805664,152.58749389648438,152.8874969482422,149.25,151.5,19046061
2022-02-16,123.1944808959961,147.22500610351562,150.75,146.77499389648438,148.9499969482422,20270061
2022-02-17,123.63378143310547,147.75,149.1374969482422,147.0,148.6875,16405551
2022-02-18,122.81790924072266,146.77499389648438,150.1125030517578,146.4375,147.60000610351562,14600643
2022-02-21,124.35548400878906,148.6125030517578,149.25,146.66250610351562,146.77499389648438,10682638
2022-02-22,124.35548400878906,148.6125030517578,148.83749389648438,143.85000610351562,145.64999389648438,13606058
2022-02-23,124.29273986816406,148.53750610351562,149.625,148.1999969482422,148.7624969482422,6493463
2022-02-24,119.93103790283203,143.3249969482422,147.0,142.4250030517578,145.5,13145037
2022-02-25,123.82206726074219,147.97500610351562,148.4250030517578,144.1125030517578,144.41250610351562,10920938
2022-02-28,131.2589111328125,156.8625030517578,157.6875,147.03750610351562,148.08749389648438,31938385
2022-03-02,132.35719299316406,158.1750030517578,159.8625030517578,154.64999389648438,155.8125,20502615
2022-03-03,136.71888732910156,163.3874969482422,164.5124969482422,158.02499389648438,158.02499389648438,19805555
2022-03-04,134.96163940429688,161.28750610351562,163.125,158.21249389648438,161.96249389648438,12794317
2022-03-07,133.54959106445312,159.60000610351562,161.39999389648438,156.6374969482422,157.875,17635653
2022-03-08,133.2671661376953,159.2624969482422,167.5500030517578,157.35000610351562,160.5,28410490
2022-03-09,130.59994506835938,156.0749969482422,162.0,154.9499969482422,161.3625030517578,22830958
2022-03-10,131.07061767578125,156.6374969482422,158.5500030517578,155.28750610351562,158.25,16516553
2022-03-11,133.32989501953125,159.33749389648438,159.75,155.8125,156.97500610351562,12992850
2022-03-14,133.92611694335938,160.0500030517578,160.5,157.1999969482422,159.33749389648438,12598659
2022-03-15,131.57269287109375,157.2375030517578,161.28750610351562,156.22500610351562,159.89999389648438,14528285
2022-03-16,131.38442993164062,157.0124969482422,158.85000610351562,156.71249389648438,158.4375,11933774
2022-03-17,132.76510620117188,158.66250610351562,159.5625,155.8125,159.0,28464621
2022-03-21,128.59169006347656,153.6750030517578,162.0,153.375,162.0,17797415
2022-03-22,130.9764862060547,156.52499389648438,157.125,153.03750610351562,153.75,13285297
2022-03-23,131.85511779785156,157.5749969482422,157.9499969482422,156.22500610351562,157.125,9408783
2022-03-24,132.2630615234375,158.0625,158.39999389648438,156.0,157.5,11188958
2022-03-25,131.57269287109375,157.2375030517578,158.10000610351562,155.02499389648438,158.0625,9842670
2022-03-28,133.2357940673828,159.22500610351562,159.5625,155.625,157.2375030517578,12823578
2022-03-29,132.60824584960938,158.47500610351562,160.83749389648438,157.27499389648438,160.3874969482422,10470515
2022-03-30,136.24819946289062,162.8249969482422,164.02499389648438,158.85000610351562,159.8249969482422,54218485
2022-03-31,136.0599365234375,162.60000610351562,162.9375,161.0625,161.66250610351562,10326026
2022-04-01,141.2374725341797,168.78750610351562,169.3125,162.0749969482422,162.0749969482422,39663961
2022-04-04,142.71226501464844,170.5500030517578,171.0749969482422,168.03750610351562,169.5,9907530
2022-04-05,146.25814819335938,174.78750610351562,175.9499969482422,170.1750030517578,172.46249389648438,17167487
2022-04-06,148.51742553710938,177.4875030517578,178.83749389648438,173.3625030517578,173.5124969482422,17153675
2022-04-07,145.19122314453125,173.5124969482422,179.9250030517578,172.5,176.96249389648438,11913911
2022-04-08,145.9757080078125,174.4499969482422,175.5749969482422,172.9499969482422,174.75,6746769
2022-04-11,144.90879821777344,173.1750030517578,176.66250610351562,171.3000030517578,174.375,12413822
2022-04-12,146.2895050048828,174.8249969482422,175.2375030517578,171.4499969482422,171.9375,14769907
2022-04-13,144.03021240234375,172.125,176.5124969482422,170.66250610351562,176.21249389648438,11015439
2022-04-18,145.03436279296875,173.3249969482422,173.85000610351562,170.66250610351562,172.125,19069923
2022-04-19,142.99468994140625,170.8874969482422,175.0124969482422,169.875,174.52499389648438,15036942
2022-04-20,142.4612579345703,170.25,171.75,167.58749389648438,171.1875,9814641
2022-04-21,142.6181640625,170.4375,171.4875030517578,168.9375,169.5749969482422,11134333
2022-04-22,141.48849487304688,169.08749389648438,172.64999389648438,168.52499389648438,168.78750610351562,12032249
2022-04-25,139.85679626464844,167.1374969482422,170.1750030517578,166.125,167.96249389648438,11042683
2022-04-26,145.3480987548828,173.6999969482422,174.14999389648438,168.2624969482422,170.25,15389155
2022-04-27,143.9047088623047,171.97500610351562,174.6374969482422,170.58749389648438,173.5124969482422,12680209
2022-04-28,147.85842895507812,176.6999969482422,177.1875,172.53750610351562,175.0500030517578,18378146
2022-04-29,142.9319305419922,170.8125,177.2624969482422,170.28750610351562,176.3249969482422,9026331
2022-05-02,145.31675720214844,173.66250610351562,174.9375,169.4250030517578,169.4250030517578,12634353
2022-05-04,149.11363220214844,178.1999969482422,179.58749389648438,174.6750030517578,174.75,23124643
2022-05-05,146.69741821289062,175.3125,180.4875030517578,174.6374969482422,178.8000030517578,16481935
2022-05-06,149.6156768798828,178.8000030517578,179.3625030517578,173.58749389648438,173.58749389648438,17715186
2022-05-09,153.85189819335938,183.8625030517578,184.83749389648438,176.7375030517578,179.25,54118806
2022-05-10,152.91049194335938,182.7375030517578,186.2624969482422,181.875,184.35000610351562,30997494
2022-05-11,150.11773681640625,179.39999389648438,186.0,179.02499389648438,183.0,15412618
2022-05-12,148.04672241210938,176.9250030517578,181.4250030517578,174.1125030517578,179.25,26538994
2022-05-13,148.2977752685547,177.22500610351562,179.8874969482422,174.8249969482422,179.8874969482422,15074553
2022-05-16,147.60740661621094,176.39999389648438,178.4250030517578,174.75,176.625,7960529
2022-05-17,149.7725830078125,178.9875030517578,179.47500610351562,174.5625,176.1750030517578,15470937
2022-05-18,143.02609252929688,170.9250030517578,178.6875,170.3249969482422,178.125,19181550
2022-05-19,143.2771453857422,171.22500610351562,172.2375030517578,166.2375030517578,167.25,15085602
2022-05-20,143.74781799316406,171.78750610351562,174.8249969482422,170.0625,173.0625,15148281
2022-05-23,140.95504760742188,168.4499969482422,174.0,168.14999389648438,174.0,11572501
2022-05-24,142.4612579345703,170.25,172.2375030517578,168.4499969482422,168.75,16336858
2022-05-25,141.11195373535156,168.6374969482422,172.0500030517578,166.91250610351562,171.3000030517578,11062614
2022-05-26,142.58676147460938,170.39999389648438,171.8249969482422,167.9250030517578,170.25,14150454
2022-05-27,141.01780700683594,168.52499389648438,171.4875030517578,167.5500030517578,171.4499969482422,8430491
2022-05-30,143.2457275390625,171.1875,172.4250030517578,168.22500610351562,168.375,9305758
2022-05-31,146.16400146484375,174.6750030517578,176.3625030517578,171.14999389648438,171.1875,26351545
2022-06-01,143.8419189453125,171.89999389648438,174.75,171.1125030517578,174.1125030517578,10282009
2022-06-02,141.55126953125,169.16250610351562,172.0500030517578,168.41250610351562,172.0500030517578,10071898
2022-06-03,141.83364868164062,169.5,171.0749969482422,168.75,169.5,16082518
2022-06-06,141.08058166503906,168.60000610351562,170.58749389648438,167.66250610351562,169.5,12693293
2022-06-07,141.20608520507812,168.75,169.6875,167.77499389648438,167.96249389648438,9103195
2022-06-08,140.92367553710938,168.41250610351562,169.875,167.28750610351562,167.28750610351562,11240130
2022-06-09,141.11195373535156,168.6374969482422,169.27499389648438,165.75,168.52499389648438,9468041
2022-06-10,140.8609161376953,168.33749389648438,170.58749389648438,166.53750610351562,166.53750610351562,9019239
2022-06-13,139.5430145263672,166.7624969482422,169.125,166.125,166.3874969482422,10186775
2022-06-14,140.54710388183594,167.96249389648438,170.47500610351562,166.5,166.7624969482422,17023962
2022-06-15,139.48025512695312,166.6875,169.72500610351562,166.4250030517578,168.1875,5898563
2022-06-16,135.77748107910156,162.2624969482422,168.22500610351562,161.7375030517578,167.5124969482422,11883333
2022-06-17,132.6396026611328,158.5124969482422,162.6750030517578,157.6875,160.64999389648438,19675226
2022-06-20,130.69407653808594,156.1875,158.1750030517578,154.7624969482422,156.8249969482422,7402273
2022-06-21,132.01202392578125,157.7624969482422,159.8625030517578,155.47500610351562,156.78750610351562,9459619
2022-06-22,132.2002716064453,157.9875030517578,158.4375,156.14999389648438,158.10000610351562,10257637
2022-06-23,130.88235473632812,156.41250610351562,158.77499389648438,154.6125030517578,157.5749969482422,13114525
2022-06-24,131.13340759277344,156.71249389648438,159.0,155.8125,159.0,9499105
2022-06-27,132.76510620117188,158.66250610351562,160.0124969482422,157.2375030517578,160.0124969482422,17545390
2022-06-28,131.9806365966797,157.72500610351562,158.66250610351562,156.2624969482422,157.16250610351562,6770087
2022-06-29,132.48268127441406,158.3249969482422,161.25,156.33749389648438,156.8249969482422,41502918
2022-06-30,132.98475646972656,158.9250030517578,161.0625,157.8000030517578,158.625,22260722
2022-07-01,129.5958251953125,154.875,159.6750030517578,153.89999389648438,158.28750610351562,11133663
2022-07-04,132.23165893554688,158.02499389648438,159.1125030517578,153.78750610351562,153.78750610351562,20178279
2022-07-05,134.39682006835938,160.6125030517578,161.96249389648438,158.21249389648438,158.25,20083997
2022-07-06,132.07476806640625,157.83749389648438,160.6125030517578,156.14999389648438,160.5,19203527
2022-07-07,133.3927001953125,159.41250610351562,161.47500610351562,159.0749969482422,159.9375,14069302
2022-07-08,137.3150634765625,164.10000610351562,164.5500030517578,159.4875030517578,160.5,17142257
2022-07-11,136.21681213378906,162.78750610351562,165.9375,162.14999389648438,165.0,10826079
2022-07-12,133.9888916015625,160.125,162.71249389648438,159.8625030517578,161.3249969482422,8503695
2022-07-13,134.58509826660156,160.83749389648438,162.52499389648438,160.08749389648438,160.875,10210005
2022-07-14,134.83612060546875,161.1374969482422,164.4375,159.6374969482422,164.4375,10898403
2022-07-15,131.3530731201172,156.97500610351562,162.75,156.60000610351562,162.75,22067479
2022-07-18,131.94923400878906,157.6875,159.3000030517578,156.6750030517578,157.7624969482422,15155654
2022-07-19,131.79234313964844,157.5,158.625,157.1999969482422,157.4250030517578,14922395
2022-07-20,131.32167053222656,156.9375,159.22500610351562,156.375,158.47500610351562,14181034
2022-07-21,133.2357940673828,159.22500610351562,159.89999389648438,157.08749389648438,157.46249389648438,12461554
2022-07-22,131.79234313964844,157.5,160.46249389648438,157.125,160.46249389648438,9272199
2022-07-25,130.4744415283203,155.9250030517578,158.25,155.5500030517578,157.5,6635194
2022-07-26,131.22750854492188,156.8249969482422,158.25,155.3249969482422,155.9250030517578,11451315
2022-07-27,132.2002716064453,157.9875030517578,158.25,157.0500030517578,157.4250030517578,9209354
2022-07-28,134.42820739746094,160.64999389648438,161.10000610351562,157.53750610351562,158.25,13192642
2022-07-29,134.27130126953125,160.46249389648438,163.35000610351562,159.6374969482422,162.3000030517578,15433067
2022-08-01,137.40921020507812,164.21249389648438,165.1125030517578,160.6125030517578,161.28750610351562,12136557
2022-08-02,139.69989013671875,166.9499969482422,167.5500030517578,163.0124969482422,164.96249389648438,17748747
2022-08-03,140.32748413085938,167.6999969482422,168.5625,164.7375030517578,167.5124969482422,12406038
2022-08-04,138.57025146484375,165.60000610351562,168.14999389648438,164.3249969482422,168.0,9712267
2022-08-05,140.35885620117188,167.7375030517578,168.5625,164.1374969482422,166.27499389648438,14099223
2022-08-08,139.26060485839844,166.4250030517578,169.72500610351562,165.8249969482422,168.75,8392041
2022-08-10,140.26470947265625,167.625,168.6750030517578,165.41250610351562,165.5625,8585266
2022-08-11,139.85679626464844,167.1374969482422,170.1750030517578,166.27499389648438,168.4875030517578,5040626
2022-08-12,143.1202392578125,171.03750610351562,171.4499969482422,166.5,167.25,13279062
2022-08-16,143.62229919433594,171.6374969482422,172.46249389648438,170.28750610351562,171.89999389648438,11298246
2022-08-17,143.40260314941406,171.375,173.21249389648438,170.77499389648438,171.6374969482422,11225465
2022-08-18,145.19122314453125,173.5124969482422,173.77499389648438,170.8125,170.96249389648438,11360485
2022-08-19,144.5891876220703,171.1125030517578,172.27499389648438,169.27499389648438,171.33749389648438,9829530
2022-08-22,143.19493103027344,169.46249389648438,173.10000610351562,169.2375030517578,171.0749969482422,9190493
2022-08-23,144.20892333984375,170.66250610351562,171.6374969482422,168.14999389648438,168.71249389648438,8903751
2022-08-24,145.4130096435547,172.08749389648438,172.46249389648438,169.875,170.5124969482422,13007225
2022-08-25,143.41671752929688,169.72500610351562,173.25,168.8249969482422,172.875,12124365
2022-08-26,146.0467987060547,172.83749389648438,173.39999389648438,169.9499969482422,169.9499969482422,7966045
2022-08-29,143.8920440673828,170.28750610351562,171.6750030517578,169.1999969482422,171.1875,7517013
2022-08-30,145.5081024169922,172.1999969482422,172.6875,171.0749969482422,171.14999389648438,7214498
2022-09-01,143.28997802734375,169.5749969482422,172.5749969482422,168.75,168.78750610351562,13109081
2022-09-02,142.0858917236328,168.14999389648438,171.6374969482422,167.85000610351562,170.625,6897237
2022-09-05,141.57887268066406,167.5500030517578,169.16250610351562,166.27499389648438,168.75,18055474
2022-09-06,142.62457275390625,168.78750610351562,171.0,168.0,168.0,14103701
2022-09-07,142.21263122558594,168.3000030517578,170.21249389648438,167.28750610351562,167.28750610351562,7866745
2022-09-08,142.21263122558594,168.3000030517578,170.1750030517578,167.58749389648438,169.5,7187735
2022-09-09,141.2620086669922,167.1750030517578,169.6125030517578,166.875,169.53750610351562,9162027
2022-09-12,141.92742919921875,167.96249389648438,168.52499389648438,166.64999389648438,167.66250610351562,8778919
2022-09-13,143.73362731933594,170.10000610351562,170.625,167.85000610351562,168.22500610351562,11278383
2022-09-14,147.37765502929688,174.41250610351562,174.89999389648438,168.52499389648438,168.75,25072958
2022-09-15,150.57806396484375,178.1999969482422,178.6875,174.2624969482422,175.08749389648438,23606369
2022-09-16,149.34228515625,176.7375030517578,178.83749389648438,175.0500030517578,178.8000030517578,29399642
2022-09-19,147.75790405273438,174.8625030517578,178.5749969482422,173.7375030517578,176.96249389648438,13920046
2022-09-20,147.47271728515625,174.52499389648438,177.1875,174.0749969482422,175.5,20162973
2022-09-21,143.8920440673828,170.28750610351562,175.7624969482422,168.22500610351562,175.3874969482422,14468837
2022-09-22,139.48751831054688,165.0749969482422,169.8000030517578,164.3625030517578,168.0,26264530
2022-09-23,128.36529541015625,151.91250610351562,164.8125,148.5749969482422,163.72500610351562,87162722
2022-09-26,127.28792572021484,150.6374969482422,157.0124969482422,139.7624969482422,150.0,167547134
2022-09-27,129.82290649414062,153.6374969482422,155.9250030517578,150.9375,154.35000610351562,54127095
2022-09-28,131.62908935546875,155.77499389648438,157.8000030517578,151.91250610351562,153.89999389648438,52877873
2022-09-29,131.8192138671875,156.0,159.0749969482422,154.53750610351562,156.71249389648438,36761869
2022-09-30,134.48092651367188,159.14999389648438,164.02499389648438,155.25,155.25,62897614
2022-10-03,133.59371948242188,158.10000610351562,160.9875030517578,156.75,159.75,11740863
2022-10-04,132.1043701171875,156.33749389648438,159.2624969482422,156.0,159.0749969482422,19179333
2022-10-06,130.7418212890625,154.72500610351562,158.1750030517578,154.1999969482422,156.6374969482422,20692745
2022-10-07,132.70645141601562,157.0500030517578,157.3125,153.0,153.0,14282850
2022-10-10,132.4212646484375,156.71249389648438,158.96249389648438,155.66250610351562,155.96249389648438,16834226
2022-10-11,132.041015625,156.2624969482422,158.58749389648438,154.91250610351562,157.5,17807162
2022-10-12,136.60398864746094,161.66250610351562,161.96249389648438,157.0124969482422,157.83749389648438,35288330
2022-10-13,135.58998107910156,160.46249389648438,162.97500610351562,159.9375,161.21249389648438,16436903
2022-10-14,134.76612854003906,159.4875030517578,163.5,158.66250610351562,163.5,23365190
2022-10-17,134.25912475585938,158.8874969482422,161.21249389648438,158.25,158.96249389648438,9520537
2022-10-18,134.5759735107422,159.2624969482422,161.25,158.66250610351562,159.71249389648438,13256574
2022-10-19,135.55828857421875,160.4250030517578,162.6750030517578,159.71249389648438,159.75,11595367
2022-10-20,137.83978271484375,163.125,163.5,159.2624969482422,159.41250610351562,16371066
2022-10-21,137.7130126953125,162.97500610351562,164.1750030517578,160.5,161.5124969482422,11634491
2022-10-24,138.6953582763672,164.1374969482422,165.1875,163.9499969482422,164.85000610351562,1132859
2022-10-25,138.4735107421875,163.875,164.5500030517578,160.6875,164.1374969482422,20622687
2022-10-27,141.895751953125,167.9250030517578,168.6374969482422,163.0124969482422,164.47500610351562,24298489
2022-10-28,143.73362731933594,170.10000610351562,171.75,167.39999389648438,167.85000610351562,11669879
2022-10-31,144.5891876220703,171.1125030517578,172.6875,170.02499389648438,170.96249389648438,11755682
2022-11-01,149.025390625,176.3625030517578,176.9250030517578,172.35000610351562,172.9875030517578,15220278
2022-11-02,147.8529815673828,174.97500610351562,177.41250610351562,174.6374969482422,176.3625030517578,12884449
2022-11-03,144.52581787109375,171.03750610351562,175.1999969482422,170.02499389648438,174.75,9358215
2022-11-04,143.32168579101562,169.6125030517578,172.08749389648438,168.75,171.0,8059667
2022-11-07,144.4940948486328,171.0,173.9250030517578,169.8000030517578,170.47500610351562,14862038
2022-11-09,138.63192749023438,164.0625,173.25,163.53750610351562,173.25,22831150
2022-11-10,136.19204711914062,161.1750030517578,165.1125030517578,160.125,162.0,16217631
2022-11-11,135.6533660888672,160.53750610351562,163.3874969482422,160.16250610351562,162.0,12123886
2022-11-14,137.14581298828125,158.5124969482422,160.27499389648438,157.6875,158.21249389648438,18460862
2022-11-15,140.16322326660156,162.0,162.375,157.2375030517578,157.5,15258103
2022-11-16,140.8770294189453,162.8249969482422,163.08749389648438,160.08749389648438,161.96249389648438,9825807
2022-11-17,141.65573120117188,163.72500610351562,165.33749389648438,162.1875,162.6750030517578,9449665
2022-11-18,141.68814086914062,163.7624969482422,164.10000610351562,162.6374969482422,163.7624969482422,5828998
2022-11-21,142.1424102783203,164.28750610351562,164.625,162.375,163.125,4712051
2022-11-22,141.33126831054688,163.35000610351562,164.39999389648438,162.6750030517578,163.875,4366445
2022-11-23,139.61166381835938,161.3625030517578,164.10000610351562,160.6875,163.6875,13510578
2022-11-24,143.24551391601562,165.5625,165.75,161.3249969482422,161.5500030517578,7622243
2022-11-25,143.14822387695312,165.4499969482422,165.6750030517578,162.4499969482422,165.5625,10989671
2022-11-28,143.60243225097656,165.97500610351562,166.64999389648438,164.3625030517578,164.3625030517578,4526153
2022-11-29,142.33705139160156,164.5124969482422,166.6875,163.91250610351562,165.97500610351562,6476054
2022-11-30,145.35447692871094,168.0,168.71249389648438,163.2375030517578,164.5124969482422,17317951
2022-12-01,143.99180603027344,166.4250030517578,168.6374969482422,165.375,168.0,13241961
2022-12-02,142.6290740966797,164.85000610351562,166.125,163.91250610351562,163.91250610351562,12880949
2022-12-05,143.99180603027344,166.4250030517578,166.6875,162.89999389648438,164.77499389648438,16477957
2022-12-06,145.02999877929688,167.625,168.1125030517578,164.5500030517578,166.16250610351562,11299945
2022-12-07,143.44020080566406,165.78750610351562,168.0749969482422,165.33749389648438,167.1374969482422,5813973
2022-12-08,141.33126831054688,163.35000610351562,166.3874969482422,162.6750030517578,166.35000610351562,11176439
2022-12-09,140.94192504882812,162.89999389648438,164.21249389648438,161.77499389648438,163.8000030517578,6020031
2022-12-12,139.87123107910156,161.66250610351562,163.5,160.9499969482422,162.0,8194429
2022-12-13,140.35791015625,162.22500610351562,162.60000610351562,159.78750610351562,161.66250610351562,8235450
2022-12-14,142.23973083496094,164.39999389648438,165.41250610351562,162.22500610351562,162.22500610351562,10055353
2022-12-15,140.39035034179688,162.2624969482422,165.3000030517578,161.9250030517578,164.625,5385778
2022-12-16,138.3463134765625,159.89999389648438,163.64999389648438,159.4499969482422,161.25,11166617
2022-12-19,142.04505920410156,164.1750030517578,164.39999389648438,160.125,160.53750610351562,7758862
2022-12-20,141.00680541992188,162.97500610351562,164.1750030517578,160.4250030517578,164.1750030517578,6541929
2022-12-21,140.1956787109375,162.03750610351562,163.6875,160.3874969482422,162.78750610351562,7005861
2022-12-22,139.5143280029297,161.25,162.75,159.6374969482422,162.0749969482422,6961415
2022-12-23,137.08091735839844,158.4375,161.47500610351562,157.83749389648438,160.0500030517578,4554651
2022-12-26,137.47027587890625,158.8874969482422,160.6875,158.21249389648438,158.625,6864331
2022-12-27,137.98939514160156,159.4875030517578,161.39999389648438,158.85000610351562,159.71249389648438,13115851
2022-12-28,140.00099182128906,161.8125,163.8000030517578,159.375,159.375,16815549
2022-12-29,140.00099182128906,161.8125,162.375,160.125,160.53750610351562,22536873
2022-12-30,138.67074584960938,160.27499389648438,162.5625,159.9375,162.03750610351562,4643134
2023-01-02,139.54678344726562,161.28750610351562,161.625,159.75,160.91250610351562,5959394
2023-01-03,139.9036865234375,161.6999969482422,162.14999389648438,160.7624969482422,161.4375,2873110
2023-01-04,136.95115661621094,158.28750610351562,161.5500030517578,157.875,161.5500030517578,9954542
2023-01-05,135.4911346435547,156.60000610351562,158.9250030517578,154.9499969482422,158.9250030517578,21273509
2023-01-06,135.03689575195312,156.0749969482422,157.72500610351562,155.66250610351562,156.1125030517578,11510471
2023-01-09,135.68580627441406,156.8249969482422,158.96249389648438,153.1875,156.89999389648438,52485126
2023-01-10,137.4378662109375,158.85000610351562,159.33749389648438,156.75,157.4250030517578,17248326
2023-01-11,137.53515625,158.96249389648438,159.78750610351562,157.5749969482422,159.14999389648438,9164361
2023-01-12,138.54095458984375,160.125,160.4250030517578,158.5500030517578,160.16250610351562,21179555
2023-01-13,138.8654327392578,160.5,161.5124969482422,159.97500610351562,160.1999969482422,6560245
2023-01-16,139.9361114501953,161.7375030517578,161.9250030517578,159.52499389648438,161.25,8362194
2023-01-17,141.7205810546875,163.8000030517578,164.02499389648438,161.1750030517578,161.7375030517578,13000571
2023-01-18,142.33705139160156,164.5124969482422,165.1125030517578,162.3000030517578,163.72500610351562,11171369
2023-01-19,143.24551391601562,165.5625,165.9375,163.9875030517578,164.10000610351562,11586815
2023-01-20,144.86778259277344,167.4375,167.9250030517578,165.75,165.75,10112645
2023-01-23,146.06826782226562,168.8249969482422,171.22500610351562,167.66250610351562,168.0,14393610
2023-01-24,143.37530517578125,165.71249389648438,169.9499969482422,165.375,169.6875,6150893
2023-01-25,142.36952209472656,164.5500030517578,165.9375,163.35000610351562,165.52499389648438,5790331
2023-01-27,142.2721710205078,164.4375,166.08749389648438,162.75,164.47500610351562,10458603
2023-01-30,137.47027587890625,158.8874969482422,164.1374969482422,157.91250610351562,163.5,24288177
2023-01-31,140.58502197265625,162.4875030517578,165.14999389648438,159.1125030517578,159.4499969482422,20997546
2023-02-01,140.5201416015625,162.41250610351562,168.75,160.1999969482422,168.75,20246369
2023-02-02,138.0218505859375,159.52499389648438,162.8249969482422,158.5124969482422,162.0,12820663
2023-02-03,139.41700744628906,161.1374969482422,161.3625030517578,157.8000030517578,159.89999389648438,10815686
2023-02-06,140.84457397460938,162.78750610351562,163.0124969482422,159.78750610351562,160.08749389648438,6948201
2023-02-07,140.7147979736328,162.6374969482422,163.64999389648438,161.3249969482422,163.5,10035526
2023-02-08,140.814453125,159.0,159.9375,157.83749389648438,159.6374969482422,12432719
2023-02-09,141.3790283203125,159.6374969482422,160.46249389648438,159.0,159.0,7011082
2023-02-10,142.2092742919922,160.5749969482422,160.83749389648438,158.8874969482422,158.9250030517578,10892159
2023-02-13,143.47129821777344,162.0,162.375,160.5,160.5749969482422,7710133
2023-02-14,142.80709838867188,161.25,162.78750610351562,159.5625,162.78750610351562,6010681
2023-02-15,142.4749755859375,160.875,161.39999389648438,159.75,159.9375,8107497
2023-02-16,142.54139709472656,160.9499969482422,162.6750030517578,160.5,162.6750030517578,3963115
2023-02-17,142.01002502441406,160.35000610351562,161.9250030517578,159.75,160.5,6491149
2023-02-20,143.33847045898438,161.85000610351562,162.75,160.64999389648438,161.6999969482422,6841917
2023-02-21,144.26837158203125,162.89999389648438,164.0625,162.03750610351562,163.16250610351562,6701434
2023-02-22,142.5746307373047,160.9875030517578,162.97500610351562,159.75,162.0,9128659
2023-02-23,141.64471435546875,159.9375,161.9250030517578,159.4499969482422,161.25,10345874
2023-02-24,142.84030151367188,161.28750610351562,161.5500030517578,159.3000030517578,159.3000030517578,9808830
2023-02-27,145.59678649902344,164.39999389648438,164.96249389648438,160.91250610351562,162.33749389648438,17763618
2023-02-28,147.62269592285156,166.6875,167.25,164.0625,165.4499969482422,36559278
2023-03-01,145.39755249023438,164.1750030517578,166.6875,163.0500030517578,166.16250610351562,12896085
2023-03-02,146.3606414794922,165.2624969482422,165.75,161.85000610351562,163.5,79708558
2023-03-03,147.5230255126953,166.5749969482422,169.08749389648438,165.3000030517578,165.3000030517578,9951869
2023-03-06,150.8773651123047,170.3625030517578,171.60000610351562,167.25,168.0,15659957
2023-03-08,151.4751434326172,171.03750610351562,171.2624969482422,169.27499389648438,170.21249389648438,11591495
2023-03-09,149.9806365966797,169.35000610351562,172.83749389648438,169.125,171.75,13941653
2023-03-10,150.47882080078125,169.91250610351562,171.1125030517578,166.6875,166.6875,9605434
2023-03-13,150.17991638183594,169.5749969482422,172.53750610351562,169.0500030517578,171.03750610351562,13209653
2023-03-14,149.5821075439453,168.89999389648438,170.8125,168.0,168.8625030517578,9583405
2023-03-15,151.64120483398438,171.22500610351562,172.53750610351562,169.27499389648438,169.9499969482422,12228069
2023-03-16,154.19845581054688,174.1125030517578,174.6750030517578,171.2624969482422,172.08749389648438,18437817
2023-03-17,152.5711212158203,172.27499389648438,175.5,171.22500610351562,175.46249389648438,33711025
2023-03-20,151.10984802246094,170.625,172.0500030517578,168.97500610351562,168.97500610351562,9281411
2023-03-21,148.22048950195312,167.3625030517578,170.77499389648438,166.83749389648438,170.4375,11272787
2023-03-22,148.8514862060547,168.0749969482422,168.52499389648438,165.60000610351562,167.25,7589846
2023-03-23,147.5562744140625,166.6125030517578,168.375,165.9375,168.0,17091298
2023-03-24,147.72232055664062,166.8000030517578,168.1875,165.60000610351562,167.25,10371666
2023-03-27,146.19461059570312,165.0749969482422,169.6875,164.66250610351562,167.1750030517578,19983733
2023-03-28,147.5230255126953,166.5749969482422,167.3249969482422,164.02499389648438,165.9375,8689166
2023-03-29,147.75550842285156,166.83749389648438,167.77499389648438,165.41250610351562,166.5749969482422,19743258
2023-03-31,149.9142303466797,169.27499389648438,170.0625,167.25,168.0,10202058
2023-04-03,149.18359375,168.4499969482422,170.5124969482422,167.8874969482422,170.5124969482422,7643214
2023-04-05,149.8810272216797,169.2375030517578,169.9499969482422,167.77499389648438,169.9499969482422,12019382
2023-04-06,149.6153564453125,168.9375,170.5500030517578,168.4875030517578,170.39999389648438,4282875
2023-04-10,152.13938903808594,171.78750610351562,172.0500030517578,168.75,168.89999389648438,4145643
2023-04-11,153.66708374023438,173.5124969482422,174.0,171.33749389648438,171.6750030517578,5106602
2023-04-12,150.97698974609375,170.47500610351562,173.66250610351562,170.28750610351562,173.5500030517578,9118795
2023-04-13,153.56744384765625,173.39999389648438,173.7375030517578,170.25,170.47500610351562,11428621
2023-04-17,157.18743896484375,177.4875030517578,179.9250030517578,174.22500610351562,174.4499969482422,21815047
2023-04-18,152.96963500976562,172.72500610351562,178.125,172.2375030517578,177.6750030517578,13482833
2023-04-19,152.73715209960938,172.46249389648438,173.5500030517578,171.4875030517578,171.75,8264190
2023-04-20,153.3681640625,173.1750030517578,174.6750030517578,172.2375030517578,173.1374969482422,7308750
2023-04-21,153.7999267578125,173.66250610351562,174.2624969482422,172.1999969482422,173.85000610351562,5030650
2023-04-24,154.06561279296875,173.96249389648438,174.22500610351562,172.46249389648438,173.25,5725067
2023-04-25,154.69662475585938,174.6750030517578,175.4250030517578,172.9875030517578,173.47500610351562,8338703
2023-04-26,158.2833709716797,178.72500610351562,179.625,174.0,175.53750610351562,13581018
2023-04-27,156.7224884033203,176.96249389648438,178.72500610351562,175.125,178.5,9794457
2023-04-28,157.58596801757812,177.9375,178.46249389648438,174.8249969482422,177.71249389648438,10585487
2023-05-02,159.47900390625,180.0749969482422,180.8625030517578,178.6875,179.02499389648438,6732907
2023-05-03,159.21331787109375,179.77499389648438,181.5,179.10000610351562,180.0,4789217
2023-05-04,158.64871215820312,179.1374969482422,180.52499389648438,176.21249389648438,179.7375030517578,9189783
2023-05-05,160.11001586914062,180.78750610351562,181.125,178.64999389648438,179.10000610351562,3896441
2023-05-08,162.56761169433594,183.5625,184.6875,180.8249969482422,181.3874969482422,8758321
2023-05-09,161.6708984375,182.5500030517578,185.1750030517578,182.02499389648438,183.03750610351562,9166941
2023-05-10,164.49383544921875,185.7375030517578,185.96249389648438,183.4499969482422,183.8625030517578,9689409
2023-05-11,165.09164428710938,186.41250610351562,186.89999389648438,184.9499969482422,185.77499389648438,12616726
2023-05-12,160.57493591308594,181.3125,187.1999969482422,180.8625030517578,186.6374969482422,13853807
2023-05-15,161.5712890625,182.4375,184.2375030517578,181.7624969482422,182.5500030517578,12187763
2023-05-16,159.81109619140625,180.4499969482422,183.41250610351562,180.0,182.66250610351562,11418509
2023-05-17,158.6155242919922,179.10000610351562,181.4250030517578,178.08749389648438,180.6750030517578,11560929
2023-05-18,156.52322387695312,176.7375030517578,180.75,175.9499969482422,180.75,14497723
2023-05-19,155.2279815673828,175.27499389648438,178.125,174.0,176.7375030517578,10071694
2023-05-22,155.65972900390625,175.7624969482422,179.25,174.4875030517578,176.02499389648438,12566129
2023-05-23,155.49366760253906,175.5749969482422,177.41250610351562,175.0124969482422,175.53750610351562,12458561
2023-05-24,156.62286376953125,176.85000610351562,178.3874969482422,176.1374969482422,178.35000610351562,8877971
2023-05-25,158.05088806152344,178.46249389648438,180.22500610351562,177.22500610351562,178.27499389648438,12502747
2023-05-26,157.6191864013672,177.97500610351562,178.4250030517578,176.10000610351562,178.3874969482422,6811801
2023-05-29,155.75936889648438,175.875,178.7624969482422,175.5749969482422,178.64999389648438,13638297
2023-05-30,156.1578826904297,176.3249969482422,176.9250030517578,175.27499389648438,176.9250030517578,9469926
2023-05-31,155.32762145996094,175.3874969482422,176.39999389648438,172.5,176.25,48104157
2023-06-01,154.76303100585938,174.75,175.5749969482422,172.53750610351562,174.71249389648438,8804790
2023-06-02,155.82577514648438,175.9499969482422,176.3249969482422,174.8249969482422,175.5,6617781
2023-06-05,156.49002075195312,176.6999969482422,178.5,176.10000610351562,177.33749389648438,27428302
2023-06-06,156.2907257080078,176.47500610351562,177.75,175.83749389648438,177.33749389648438,6898603
2023-06-07,158.88119506835938,179.39999389648438,180.03750610351562,177.1125030517578,177.52499389648438,11153571
2023-06-08,160.50852966308594,181.2375030517578,184.08749389648438,179.4375,179.4375,19300834
2023-06-09,162.66725158691406,183.6750030517578,184.125,181.35000610351562,182.66250610351562,11037141
2023-06-12,160.50852966308594,181.2375030517578,184.83749389648438,180.89999389648438,183.75,8188909
2023-06-13,160.90707397460938,181.6875,182.58749389648438,181.08749389648438,181.5,6443218
2023-06-14,163.72998046875,184.875,185.39999389648438,181.5749969482422,181.5749969482422,10297426
2023-06-15,163.69677734375,184.83749389648438,185.21249389648438,182.85000610351562,185.21249389648438,9732749
2023-06-16,163.69677734375,184.83749389648438,185.5124969482422,183.375,184.8000030517578,9702361
2023-06-19,161.47164916992188,182.3249969482422,186.22500610351562,181.8000030517578,184.83749389648438,10431647
2023-06-20,165.2244873046875,186.5625,187.27499389648438,182.8125,182.8874969482422,13426365
2023-06-21,171.5013427734375,193.64999389648438,194.28750610351562,186.5625,186.60000610351562,31172093
2023-06-22,168.41273498535156,190.16250610351562,193.5,189.52499389648438,193.5,7430965
2023-06-23,166.12115478515625,187.5749969482422,190.9875030517578,187.16250610351562,190.1999969482422,5593393
2023-06-26,165.0584259033203,186.375,187.6875,185.3625030517578,187.5,7305362
2023-06-27,165.75587463378906,187.16250610351562,187.53750610351562,185.7375030517578,186.0749969482422,11142907
2023-06-28,166.15438842773438,187.6125030517578,189.375,184.83749389648438,188.10000610351562,17808717
2023-06-30,169.47549438476562,191.3625030517578,194.77499389648438,188.39999389648438,192.375,17659979
2023-07-03,166.3868408203125,187.875,191.21249389648438,187.125,190.91250610351562,12467239
2023-07-04,165.78907775878906,187.1999969482422,189.375,186.89999389648438,189.375,8637967
2023-07-05,168.21347045898438,189.9375,190.46249389648438,187.125,187.27499389648438,5340907
2023-07-06,174.49034118652344,197.02499389648438,197.6999969482422,190.8000030517578,194.96249389648438,16705046
2023-07-07,169.67474365234375,191.58749389648438,196.91250610351562,191.02499389648438,196.91250610351562,13149183
2023-07-10,166.05477905273438,187.5,192.3000030517578,186.375,191.58749389648438,15319047
2023-07-11,168.37950134277344,190.125,191.5500030517578,187.53750610351562,189.0,7486045
2023-07-12,167.4163818359375,189.03750610351562,191.0625,188.3625030517578,190.5,9390877
2023-07-13,161.47164916992188,182.3249969482422,189.14999389648438,181.27499389648438,188.8125,30591450
2023-07-14,159.44580078125,180.03750610351562,183.3000030517578,177.52499389648438,182.25,72085831
2023-07-17,160.0767822265625,180.75,183.71249389648438,179.39999389648438,181.875,11474161
2023-07-18,160.17642211914062,180.8625030517578,182.77499389648438,179.6999969482422,180.75,14940593
2023-07-19,161.5712890625,182.4375,184.64999389648438,180.41250610351562,180.75,22954874
2023-07-20,162.23548889160156,183.1875,184.3874969482422,181.72500610351562,182.96249389648438,10249082
2023-07-21,162.13587951660156,183.0749969482422,184.72500610351562,181.64999389648438,182.4375,18466409
2023-07-24,164.36099243164062,185.58749389648438,186.1125030517578,182.1374969482422,183.03750610351562,14825562
2023-07-25,166.81861877441406,188.3625030517578,188.625,186.1125030517578,186.71249389648438,10500017
2023-07-26,166.71897888183594,188.25,191.7375030517578,187.5,190.4250030517578,12898171
2023-07-27,166.51971435546875,188.02499389648438,190.0500030517578,187.27499389648438,189.0,10836773
2023-07-28,171.5013427734375,193.64999389648438,195.8625030517578,187.5749969482422,188.85000610351562,17518458
2023-07-31,176.71546936035156,199.53750610351562,200.25,194.3625030517578,196.5,24269734
2023-08-01,167.25038146972656,188.85000610351562,196.5,187.875,196.5,31395702
2023-08-02,165.09164428710938,186.41250610351562,190.35000610351562,184.9499969482422,189.6750030517578,20825405
2023-08-03,165.1912841796875,186.52499389648438,187.9499969482422,184.5749969482422,186.75,10882019
2023-08-04,164.29458618164062,185.5124969482422,186.78750610351562,184.9499969482422,186.0,7406390
2023-08-07,164.69309997558594,185.96249389648438,186.71249389648438,184.5,186.60000610351562,6345966
2023-08-08,163.54190063476562,181.125,183.9375,180.4875030517578,183.9375,15171726
2023-08-09,162.7631378173828,180.2624969482422,182.625,179.8125,182.25,18442141
2023-08-10,163.7450408935547,181.35000610351562,181.9875030517578,180.03750610351562,180.41250610351562,9962450
2023-08-11,165.4380340576172,183.22500610351562,184.6875,182.10000610351562,184.125,23866073
2023-08-14,165.57345581054688,183.375,183.97500610351562,180.5625,183.6374969482422,9188486
2023-08-16,167.9774932861328,186.03750610351562,186.4875030517578,182.28750610351562,183.4499969482422,9191471
2023-08-17,165.03170776367188,182.77499389648438,186.60000610351562,181.64999389648438,186.03750610351562,15301142
2023-08-18,163.2032928466797,180.75,182.7375030517578,180.0749969482422,182.7375030517578,12292241
2023-08-21,167.40185546875,185.39999389648438,185.77499389648438,181.27499389648438,181.72500610351562,9129526
2023-08-22,167.80821228027344,185.85000610351562,187.6125030517578,185.02499389648438,186.0,11107830
2023-08-23,169.0271453857422,187.1999969482422,187.5,185.39999389648438,187.5,8487619
2023-08-24,166.79241943359375,184.72500610351562,189.4875030517578,184.35000610351562,187.5,18982087
2023-08-25,163.88046264648438,181.5,185.5500030517578,181.0500030517578,184.6125030517578,12851343
2023-08-28,168.28224182128906,186.375,186.75,181.91250610351562,182.25,11908665
2023-08-29,170.0767822265625,188.3625030517578,189.75,186.4499969482422,187.1999969482422,12363321
2023-08-30,167.33416748046875,185.3249969482422,188.6999969482422,184.83749389648438,188.47500610351562,6748007
2023-08-31,165.60733032226562,183.41250610351562,187.1999969482422,182.66250610351562,185.8874969482422,20715819
2023-09-01,170.78785705566406,189.14999389648438,189.4499969482422,183.89999389648438,185.25,13120723
2023-09-04,172.95484924316406,191.5500030517578,192.375,188.10000610351562,190.1999969482422,10240031
2023-09-05,172.20994567871094,190.72500610351562,192.75,189.75,191.47500610351562,10893186
2023-09-06,172.34536743164062,190.875,192.9375,189.1125030517578,192.52499389648438,10018473
2023-09-07,174.0383758544922,192.75,193.27499389648438,189.1125030517578,190.5,13760453
2023-09-08,175.15573120117188,193.9875030517578,195.97500610351562,192.8249969482422,193.6875,16781751
2023-09-11,179.11729431152344,198.375,198.75,193.1999969482422,195.2624969482422,17683806
2023-09-12,172.72911071777344,191.3000030517578,204.25,190.64999389648438,203.0,29826173
2023-09-13,174.44468688964844,193.1999969482422,194.60000610351562,191.3000030517578,193.1999969482422,10692151
2023-09-14,176.20538330078125,195.14999389648438,195.64999389648438,193.6999969482422,194.1999969482422,10941807
2023-09-15,175.25732421875,194.10000610351562,196.1999969482422,192.1999969482422,196.14999389648438,20516593
2023-09-18,180.67483520507812,200.10000610351562,200.5,194.10000610351562,195.25,25627043
2023-09-20,184.7831573486328,204.64999389648438,205.9499969482422,198.4499969482422,198.6999969482422,33369524
2023-09-21,182.02923583984375,201.60000610351562,205.5500030517578,200.39999389648438,205.0,20332556
2023-09-22,179.81707763671875,199.14999389648438,202.89999389648438,196.39999389648438,200.5500030517578,21193988
2023-09-25,179.59132385253906,198.89999389648438,200.64999389648438,196.6999969482422,200.0,11951847
2023-09-26,179.09471130371094,198.35000610351562,200.0500030517578,197.60000610351562,199.10000610351562,7440011
2023-09-27,179.99765014648438,199.35000610351562,199.60000610351562,197.3000030517578,199.3000030517578,6736870
2023-09-28,181.26174926757812,200.75,204.4499969482422,197.8000030517578,200.10000610351562,50185120
2023-09-29,180.3588409423828,199.75,201.89999389648438,199.10000610351562,200.9499969482422,16293959
2023-10-03,180.17823791503906,199.5500030517578,200.0,196.89999389648438,198.75,10830728
2023-10-04,179.68162536621094,199.0,199.39999389648438,195.39999389648438,198.89999389648438,14120040
2023-10-05,177.51461791992188,196.60000610351562,199.5,195.35000610351562,199.5,14575590
2023-10-06,177.9209442138672,197.0500030517578,197.4499969482422,194.85000610351562,197.0,12857229
2023-10-09,177.19859313964844,196.25,196.89999389648438,193.75,196.5,7853369
2023-10-10,178.73358154296875,197.9499969482422,198.5500030517578,195.6999969482422,196.25,7440527
2023-10-11,179.23016357421875,198.5,199.14999389648438,197.35000610351562,197.35000610351562,10031916
2023-10-12,181.26174926757812,200.75,202.0,197.35000610351562,197.35000610351562,21872719
2023-10-13,182.20982360839844,201.8000030517578,202.39999389648438,199.3000030517578,200.4499969482422,13105921
2023-10-16,183.3384552001953,203.0500030517578,203.85000610351562,200.10000610351562,200.3000030517578,18336656
2023-10-17,187.04046630859375,207.14999389648438,209.0,202.60000610351562,203.5500030517578,19378328
2023-10-18,186.45355224609375,206.5,208.4499969482422,204.0,208.4499969482422,14923328
2023-10-19,185.8214874267578,205.8000030517578,207.39999389648438,202.1999969482422,204.0,13192888
2023-10-20,183.1578826904297,202.85000610351562,205.1999969482422,200.89999389648438,205.1999969482422,22081120
2023-10-23,180.3588409423828,199.75,205.14999389648438,199.0,202.0,6988219
2023-10-25,180.13307189941406,199.5,200.4499969482422,197.8000030517578,199.0,16817158
2023-10-26,179.636474609375,198.9499969482422,200.0,196.3000030517578,198.75,11070090
2023-10-27,181.4423370361328,200.9499969482422,201.8000030517578,199.14999389648438,199.25,9995487
2023-10-30,181.35202026367188,200.85000610351562,202.1999969482422,197.64999389648438,200.9499969482422,7679981
2023-10-31,182.52584838867188,202.14999389648438,202.9499969482422,200.5500030517578,201.5,7474770
2023-11-01,181.4423370361328,200.9499969482422,202.35000610351562,200.5,202.35000610351562,5598615
2023-11-02,183.3836212158203,203.10000610351562,203.64999389648438,200.89999389648438,201.75,12924797
2023-11-03,184.5574188232422,204.39999389648438,206.5,203.10000610351562,203.39999389648438,8684015
2023-11-06,187.988525390625,208.1999969482422,208.9499969482422,204.9499969482422,205.0,9804415
2023-11-07,187.8079376220703,208.0,209.10000610351562,205.75,208.1999969482422,10730361
2023-11-08,186.905029296875,207.0,209.60000610351562,206.64999389648438,209.0,7435543
2023-11-09,189.43319702148438,209.8000030517578,210.5,206.10000610351562,207.3000030517578,13777877
2023-11-10,190.6521453857422,211.14999389648438,213.0,209.60000610351562,210.5,12066023
2023-11-13,191.6905059814453,212.3000030517578,215.10000610351562,210.6999969482422,212.0,11352269
2023-11-15,189.74920654296875,210.14999389648438,215.0,209.8000030517578,215.0,19182861
2023-11-16,190.7156524658203,207.1999969482422,208.85000610351562,205.6999969482422,206.6999969482422,27533260
2023-11-17,192.8327178955078,209.5,210.6999969482422,206.89999389648438,207.6999969482422,16705395
2023-11-20,192.6486358642578,209.3000030517578,211.1999969482422,208.85000610351562,210.10000610351562,11156900
2023-11-21,192.3264617919922,208.9499969482422,210.14999389648438,207.9499969482422,210.0,9608081
2023-11-22,194.76564025878906,211.60000610351562,212.60000610351562,208.1999969482422,208.1999969482422,13079580
2023-11-23,194.12132263183594,210.89999389648438,213.10000610351562,209.25,212.0500030517578,11382709
2023-11-24,193.70712280273438,210.4499969482422,212.10000610351562,209.5,211.3000030517578,7250200
2023-11-28,193.47703552246094,210.1999969482422,214.4499969482422,209.5,214.4499969482422,15629209
2023-11-29,194.25936889648438,211.0500030517578,211.4499969482422,209.10000610351562,210.3000030517578,10062023
2023-11-30,192.3264617919922,208.9499969482422,212.8000030517578,208.25,210.39999389648438,60354322
2023-12-01,193.47703552246094,210.1999969482422,212.4499969482422,209.4499969482422,211.5,20719909
2023-12-04,195.9622039794922,212.89999389648438,214.10000610351562,211.6999969482422,211.6999969482422,27914088
2023-12-05,204.6143798828125,222.3000030517578,223.25,211.5500030517578,213.6999969482422,40709207
2023-12-06,206.5472869873047,224.39999389648438,226.25,222.5,226.0,29544730
2023-12-07,211.7017822265625,230.0,232.39999389648438,224.25,225.0,24534268
2023-12-08,210.4131622314453,228.60000610351562,233.39999389648438,226.4499969482422,231.8000030517578,22206320
2023-12-11,212.57618713378906,230.9499969482422,232.89999389648438,226.5500030517578,228.0,19106395
2023-12-12,212.9443817138672,231.35000610351562,233.3000030517578,229.5,230.0,14355329
2023-12-13,218.09886169433594,236.9499969482422,237.5,230.60000610351562,231.0,26878281
2023-12-14,213.63470458984375,232.10000610351562,237.60000610351562,231.10000610351562,237.25,29972018
2023-12-15,218.467041015625,237.35000610351562,238.10000610351562,227.14999389648438,235.0,41341690
2023-12-18,213.4045867919922,231.85000610351562,236.89999389648438,231.4499969482422,236.89999389648438,29051897
2023-12-19,214.96932983398438,233.5500030517578,234.39999389648438,230.85000610351562,232.14999389648438,12612164
2023-12-20,209.07850646972656,227.14999389648438,235.39999389648438,226.1999969482422,234.9499969482422,20400245
2023-12-21,213.86480712890625,232.35000610351562,233.1999969482422,222.6999969482422,224.4499969482422,17755207
2023-12-22,213.3125457763672,231.75,234.1999969482422,230.5,233.0,9735375
2023-12-26,214.78526306152344,233.35000610351562,235.8000030517578,231.0500030517578,232.0,6772092
2023-12-27,215.4295654296875,234.0500030517578,235.85000610351562,232.5,235.0,10231881
2023-12-28,220.07781982421875,239.10000610351562,239.9499969482422,234.10000610351562,235.10000610351562,39164340
2023-12-29,218.32894897460938,237.1999969482422,238.25,234.75,237.8000030517578,12665999
2024-01-01,219.29541015625,238.25,239.5,236.39999389648438,237.89999389648438,5952776
2024-01-02,218.92724609375,237.85000610351562,240.10000610351562,236.14999389648438,240.0,9128513
2024-01-03,218.19088745117188,237.0500030517578,238.6999969482422,234.60000610351562,236.0,8284439
2024-01-04,222.24082946777344,241.4499969482422,243.10000610351562,237.0500030517578,238.0,19663959
2024-01-05,222.05677795410156,241.25,245.0,239.3000030517578,242.0,16345257
2024-01-08,223.06924438476562,242.35000610351562,245.25,240.39999389648438,242.39999389648438,13585746
2024-01-09,223.02320861816406,242.3000030517578,244.64999389648438,241.5,242.60000610351562,8688409
2024-01-10,220.12380981445312,239.14999389648438,242.10000610351562,238.0,241.0,16872195
2024-01-11,222.70106506347656,241.9499969482422,243.10000610351562,239.1999969482422,240.25,18812468
2024-01-12,220.44598388671875,239.5,242.64999389648438,238.8000030517578,242.5,11296498
2024-01-15,221.9647216796875,241.14999389648438,241.5,237.0,240.39999389648438,12597366
2024-01-16,220.0317840576172,239.0500030517578,242.39999389648438,237.6999969482422,241.64999389648438,7478450
2024-01-17,220.16986083984375,239.1999969482422,241.1999969482422,237.6999969482422,238.5,13620300
2024-01-18,214.8772735595703,233.4499969482422,235.6999969482422,226.0500030517578,227.25,25522629
2024-01-19,216.67213439941406,235.39999389648438,236.9499969482422,232.39999389648438,235.0,20931080
2024-01-23,219.019287109375,237.9499969482422,246.8000030517578,236.25,241.0,27492163
2024-01-24,226.61294555664062,246.1999969482422,247.0,235.0,236.14999389648438,28309825
2024-01-25,225.96864318847656,245.5,248.6999969482422,243.10000610351562,244.75,20651484
2024-01-29,233.74636840820312,253.9499969482422,255.0,245.14999389648438,245.4499969482422,26181011
2024-01-30,233.8844451904297,254.10000610351562,256.95001220703125,251.5,254.0,16031367
2024-01-31,238.6707000732422,259.29998779296875,260.0,252.39999389648438,254.0,34369455
2024-02-01,244.65362548828125,265.79998779296875,270.95001220703125,258.29998779296875,259.0,29929092
2024-02-02,255.0546112060547,277.1000061035156,281.3999938964844,263.95001220703125,264.5,33900724
2024-02-05,260.39312744140625,282.8999938964844,289.3999938964844,274.8999938964844,277.5,27440927
2024-02-06,252.4313201904297,274.25,282.8999938964844,272.29998779296875,282.8999938964844,29668277
2024-02-07,246.63258361816406,267.95001220703125,274.3999938964844,266.79998779296875,272.1000061035156,27335466
2024-02-08,254.2261962890625,276.20001220703125,288.04998779296875,270.79998779296875,270.79998779296875,69776717
2024-02-09,251.28079223632812,273.0,279.45001220703125,269.1000061035156,278.6000061035156,24496638
2024-02-12,248.7956085205078,270.29998779296875,276.0,266.25,273.20001220703125,19140023
2024-02-13,248.74960327148438,270.25,270.8500061035156,264.25,270.29998779296875,22031847
2024-02-14,251.8790740966797,273.6499938964844,275.0,267.0,269.5,13546941
2024-02-15,263.5769958496094,281.6499938964844,283.3500061035156,271.3500061035156,272.0,25475670
2024-02-16,256.9325866699219,274.54998779296875,282.8999938964844,273.29998779296875,282.0,25129188
2024-02-19,258.6170654296875,276.3500061035156,278.29998779296875,273.29998779296875,275.1000061035156,11429901
2024-02-20,269.4259338378906,287.8999938964844,288.75,277.70001220703125,278.3500061035156,43053543
2024-02-21,262.12646484375,280.1000061035156,289.45001220703125,279.25,287.54998779296875,24651085
2024-02-22,264.4660339355469,282.6000061035156,283.5,273.25,280.1000061035156,26793590
2024-02-23,263.85772705078125,281.95001220703125,285.20001220703125,279.0,282.54998779296875,14313526
2024-02-26,269.33233642578125,287.79998779296875,291.5,282.04998779296875,282.95001220703125,31012494
2024-02-27,273.7307434082031,292.5,293.3999938964844,284.1000061035156,284.1000061035156,36510093
2024-02-28,261.61175537109375,279.54998779296875,293.6499938964844,278.3999938964844,291.5,18824161
2024-02-29,264.6999816894531,282.8500061035156,285.0,274.3999938964844,279.6000061035156,35043015
2024-03-01,269.23876953125,287.70001220703125,289.3999938964844,284.6000061035156,285.0,15149735
2024-03-04,275.7427978515625,294.6499938964844,297.0,288.0,288.0,23131460
2024-03-05,276.0703430175781,295.0,295.45001220703125,289.75,292.04998779296875,13220556
2024-03-06,274.8537902832031,293.70001220703125,294.8999938964844,286.5,290.29998779296875,15969436
2024-03-07,273.8711242675781,292.6499938964844,298.8999938964844,291.0,294.0,14908694
2024-03-11,267.2267150878906,285.54998779296875,291.95001220703125,284.3999938964844,288.3999938964844,19020659
2024-03-12,266.8523864746094,285.1499938964844,288.6499938964844,282.75,284.8999938964844,17906155
2024-03-13,247.3402862548828,264.29998779296875,283.8999938964844,261.79998779296875,283.29998779296875,39389523
2024-03-14,249.25877380371094,266.3500061035156,268.3999938964844,260.70001220703125,264.04998779296875,26005940
2024-03-15,248.88442993164062,265.95001220703125,272.0,257.6499938964844,268.1000061035156,43817794
2024-03-18,247.9017791748047,264.8999938964844,266.6499938964844,259.5,265.95001220703125,12423655
2024-03-19,242.38040161132812,259.0,266.5,258.29998779296875,262.1499938964844,20031514
2024-03-20,247.6678466796875,264.6499938964844,265.1499938964844,258.95001220703125,259.95001220703125,11308487
2024-03-21,256.18389892578125,273.75,274.5,267.1000061035156,267.79998779296875,23559105
2024-03-22,258.0555725097656,275.75,278.25,271.3500061035156,273.75,22097588
2024-03-26,252.72134399414062,270.04998779296875,274.1000061035156,266.1000061035156,270.1000061035156,28477120
2024-03-27,252.90850830078125,270.25,272.79998779296875,269.20001220703125,271.0,18094214
2024-03-28,259.13177490234375,276.8999938964844,279.5,271.6499938964844,272.0,26646830
2024-04-01,262.17327880859375,280.1499938964844,281.6000061035156,277.6499938964844,280.75,8945400
2024-04-02,261.61175537109375,279.54998779296875,281.70001220703125,278.5,279.25,13229425
2024-04-03,262.12646484375,280.1000061035156,283.1000061035156,278.54998779296875,280.1499938964844,14499308
2024-04-04,259.8336181640625,277.6499938964844,286.70001220703125,275.04998779296875,282.79998779296875,23722104
2024-04-05,260.5355224609375,278.3999938964844,279.95001220703125,275.1499938964844,279.95001220703125,9308711
2024-04-08,263.6705627441406,281.75,284.20001220703125,279.04998779296875,280.54998779296875,14473340
2024-04-09,263.1558532714844,281.20001220703125,284.3500061035156,281.0,282.8500061035156,5780865
2024-04-10,264.4192199707031,282.54998779296875,285.3500061035156,280.0,280.0,8809693
2024-04-12,257.587646484375,275.25,284.45001220703125,274.6499938964844,281.5,17731780
2024-04-15,256.46466064453125,274.04998779296875,276.20001220703125,268.3999938964844,270.25,13378690
2024-04-16,256.6518249511719,274.25,275.54998779296875,271.25,273.0,9662195
2024-04-18,262.12646484375,280.1000061035156,289.8999938964844,277.70001220703125,287.8999938964844,51039603
2024-04-19,263.5769958496094,281.6499938964844,282.25,274.70001220703125,278.1000061035156,18755469
2024-04-22,265.4486389160156,283.6499938964844,284.70001220703125,281.70001220703125,284.0,14965203
2024-04-23,267.0395812988281,285.3500061035156,287.1499938964844,280.70001220703125,283.6499938964844,11464036
2024-04-24,271.7655029296875,290.3999938964844,291.8500061035156,284.3999938964844,285.0,19324163
2024-04-25,274.47943115234375,293.29998779296875,294.5,289.25,292.0,22022414
2024-04-26,273.49676513671875,292.25,296.1499938964844,291.45001220703125,294.25,15581578
2024-04-29,274.8537902832031,293.70001220703125,294.6000061035156,289.6000061035156,292.29998779296875,9804396
2024-04-30,282.48077392578125,301.8500061035156,304.3500061035156,293.04998779296875,293.70001220703125,33288857
2024-05-02,293.4768371582031,313.6000061035156,317.25,301.8500061035156,301.95001220703125,44059506
2024-05-03,290.90325927734375,310.8500061035156,316.1000061035156,308.25,312.0,27074447
2024-05-06,287.1599426269531,306.8500061035156,310.79998779296875,303.1000061035156,310.20001220703125,16855909
2024-05-07,276.3042907714844,295.25,308.29998779296875,294.5,307.0,13857464
2024-05-08,282.6211853027344,302.0,302.8500061035156,292.0,292.0,18754452
2024-05-09,277.1465759277344,296.1499938964844,304.3500061035156,295.25,302.75,11196567
2024-05-10,284.2588806152344,303.75,304.45001220703125,296.25,296.25,11786977
2024-05-13,286.8791809082031,306.54998779296875,307.6499938964844,297.6000061035156,304.20001220703125,11710605
2024-05-14,289.40594482421875,309.25,313.0,307.75,308.0,9957875
2024-05-15,294.6466064453125,314.8500061035156,316.29998779296875,308.8500061035156,310.0,11397656
2024-05-16,292.4474182128906,312.5,315.6000061035156,305.29998779296875,314.5,19843532
2024-05-17,293.0556945800781,313.1499938964844,316.0,310.75,314.8999938964844,9069551
2024-05-21,304.7535705566406,325.6499938964844,327.45001220703125,311.0,311.0,21976662
2024-05-22,304.84716796875,325.75,327.75,320.20001220703125,327.75,10287081
2024-05-23,299.3725280761719,319.8999938964844,320.70001220703125,309.0,319.45001220703125,35705284
2024-05-24,298.3431396484375,318.79998779296875,322.95001220703125,317.3999938964844,318.0,15058182
2024-05-27,297.5476989746094,317.95001220703125,321.5,314.5,321.5,12857918
2024-05-28,292.7281494140625,312.79998779296875,319.5,312.0,319.0,10935739
2024-05-29,297.3137512207031,317.70001220703125,318.70001220703125,309.1000061035156,309.1000061035156,16812268
2024-05-30,287.01959228515625,306.70001220703125,317.6499938964844,303.79998779296875,314.6000061035156,22768893
2024-05-31,290.1078186035156,310.0,311.5,305.70001220703125,308.54998779296875,36929443
2024-06-03,315.98358154296875,337.6499938964844,348.70001220703125,325.6000061035156,335.0,55218939
2024-06-04,276.9593505859375,295.95001220703125,334.95001220703125,279.75,334.95001220703125,73262478
2024-06-05,279.62646484375,298.79998779296875,301.04998779296875,279.20001220703125,296.29998779296875,45312613
2024-06-06,281.1706237792969,300.45001220703125,311.45001220703125,298.1000061035156,303.3999938964844,36508044
2024-06-07,289.49951171875,309.3500061035156,310.6499938964844,296.79998779296875,298.04998779296875,38016104
2024-06-10,295.53558349609375,315.79998779296875,323.3500061035156,311.6000061035156,313.0,25478964
2024-06-11,296.237548828125,316.54998779296875,319.70001220703125,315.1499938964844,316.20001220703125,12238518
2024-06-12,303.8177490234375,324.6499938964844,327.1000061035156,316.8999938964844,319.8999938964844,20346144
2024-06-13,300.8231201171875,321.45001220703125,327.95001220703125,320.6499938964844,327.0,11756503
2024-06-14,300.8699035644531,321.5,326.0,319.3500061035156,326.0,14159988
2024-06-18,310.50897216796875,331.79998779296875,332.5,322.0,322.0,21653702
2024-06-19,306.2977294921875,327.29998779296875,334.8500061035156,325.3999938964844,334.0,14235150
2024-06-20,303.72418212890625,324.54998779296875,328.29998779296875,322.29998779296875,327.5,11749507
2024-06-21,305.03436279296875,325.95001220703125,329.6000061035156,323.0,326.70001220703125,17209541
2024-06-24,311.585205078125,332.95001220703125,334.0,322.54998779296875,323.1000061035156,18044357
2024-06-25,306.39129638671875,327.3999938964844,335.0,325.79998779296875,335.0,13979671
2024-06-26,305.7362365722656,326.70001220703125,330.20001220703125,324.95001220703125,325.70001220703125,12946277
2024-06-27,310.2749938964844,331.54998779296875,332.5,324.3500061035156,328.54998779296875,27061015
2024-06-28,309.7135009765625,330.95001220703125,337.3500061035156,329.6000061035156,333.0,21676594
2024-07-01,308.4501037597656,329.6000061035156,331.75,325.25,331.0,11959181
2024-07-02,309.5731506347656,330.79998779296875,334.3999938964844,328.04998779296875,330.04998779296875,12684459
2024-07-03,313.64398193359375,335.1499938964844,336.8999938964844,329.1000061035156,331.1000061035156,9369793
2024-07-04,313.50360107421875,335.0,338.70001220703125,333.8999938964844,337.0,12878827
2024-07-05,317.62127685546875,339.3999938964844,339.8999938964844,332.8500061035156,335.0,10894118
2024-07-08,317.62127685546875,339.3999938964844,341.0,336.8500061035156,341.0,7828162
2024-07-09,319.25897216796875,341.1499938964844,342.3500061035156,338.1000061035156,340.0,9214579
2024-07-10,323.8445739746094,346.04998779296875,347.79998779296875,335.5,343.0,10662609
2024-07-11,320.8030700683594,342.79998779296875,348.75,342.0,348.5,12642065
2024-07-12,321.0838623046875,343.1000061035156,345.8999938964844,340.1000061035156,342.79998779296875,11380570
2024-07-15,321.7857666015625,343.8500061035156,345.3999938964844,340.20001220703125,345.3999938964844,5277531
2024-07-16,320.47552490234375,342.45001220703125,347.0,341.5,342.75,11363095
2024-07-18,319.3525695800781,341.25,344.70001220703125,336.95001220703125,342.0,13908161
2024-07-19,310.8832702636719,332.20001220703125,341.8500061035156,331.0,339.54998779296875,12937990
2024-07-22,316.87261962890625,338.6000061035156,339.3999938964844,329.5,330.0,10678640
2024-07-23,312.80169677734375,334.25,340.5,321.1000061035156,339.1000061035156,15954324
2024-07-24,315.5156555175781,337.1499938964844,338.79998779296875,330.29998779296875,330.8999938964844,12573882
2024-07-25,317.6680908203125,339.45001220703125,342.6000061035156,330.45001220703125,330.45001220703125,16271884
2024-07-26,322.11328125,344.20001220703125,345.54998779296875,338.5,340.3500061035156,11468068
2024-07-29,320.38201904296875,342.3500061035156,345.8999938964844,337.75,339.79998779296875,31849674
2024-07-30,327.3539123535156,349.79998779296875,356.95001220703125,343.29998779296875,345.0,25813219
2024-07-31,325.8565979003906,348.20001220703125,350.6499938964844,342.6000061035156,348.25,17976593
2024-08-01,337.9288330078125,361.1000061035156,362.5,350.1499938964844,351.1499938964844,26792459
2024-08-02,335.26171875,358.25,361.04998779296875,354.0,358.0,13771470
2024-08-05,320.8030700683594,342.79998779296875,354.79998779296875,341.5,352.75,13566586
2024-08-06,318.8846435546875,340.75,350.79998779296875,339.25,342.79998779296875,12273667
2024-08-07,329.45953369140625,352.04998779296875,352.54998779296875,343.3999938964844,345.8500061035156,12441847
2024-08-08,320.6626892089844,342.6499938964844,355.0,341.25,355.0,15489731
2024-08-09,323.7977600097656,346.0,348.95001220703125,344.29998779296875,347.8999938964844,8720610
2024-08-12,319.25897216796875,341.1499938964844,343.79998779296875,339.5,343.0,12521136
2024-08-13,315.3284606933594,336.95001220703125,342.45001220703125,335.1499938964844,337.0,10435954
2024-08-14,312.099853515625,333.5,338.3500061035156,332.5,337.0,12385993
2024-08-16,319.50726318359375,338.6000061035156,339.54998779296875,330.6000061035156,333.0,13013828
2024-08-19,321.11138916015625,340.29998779296875,343.29998779296875,339.29998779296875,342.6499938964844,5891370
2024-08-20,321.30010986328125,340.5,342.6499938964844,338.79998779296875,340.45001220703125,6393840
2024-08-21,317.6672058105469,336.6499938964844,340.95001220703125,336.1499938964844,340.0,10118601
2024-08-22,315.1665954589844,334.0,337.70001220703125,330.5,336.0,18370039
2024-08-23,317.2897033691406,336.25,336.95001220703125,333.3500061035156,334.6499938964844,7494822
2024-08-26,319.17694091796875,338.25,341.5,335.8500061035156,336.45001220703125,7993675
2024-08-27,316.44049072265625,335.3500061035156,341.45001220703125,335.0,339.0,9589690
2024-08-28,315.5912170410156,334.45001220703125,338.8999938964844,333.75,335.3500061035156,8790600
2024-08-29,314.5060119628906,333.29998779296875,335.8999938964844,328.79998779296875,332.5,17653536
2024-08-30,318.3748779296875,337.3999938964844,340.8500061035156,334.04998779296875,335.0,22713812
2024-09-02,316.62921142578125,335.54998779296875,339.8999938964844,334.20001220703125,338.3999938964844,9789776
2024-09-03,315.77996826171875,334.6499938964844,337.95001220703125,334.0,336.0,8434423
2024-09-04,314.1286315917969,332.8999938964844,334.70001220703125,331.0,331.20001220703125,9025610
2024-09-05,312.5716552734375,331.25,334.29998779296875,329.6000061035156,332.3500061035156,13912371
2024-09-06,311.2033996582031,329.79998779296875,333.1000061035156,325.0,333.04998779296875,23755639
2024-09-09,310.02386474609375,328.54998779296875,329.20001220703125,323.54998779296875,327.70001220703125,18597200
2024-09-10,315.30810546875,334.1499938964844,335.29998779296875,327.0,327.0,15472387
2024-09-11,314.4117126464844,333.20001220703125,337.25,332.0,336.8999938964844,10134008
2024-09-12,319.1297912597656,338.20001220703125,339.0,333.25,334.8500061035156,18410837
2024-09-13,318.23333740234375,337.25,341.25,336.1000061035156,339.79998779296875,10417461
2024-09-16,319.17694091796875,338.25,341.5,337.04998779296875,337.25,7748570
2024-09-17,317.903076171875,336.8999938964844,340.0,334.5,336.70001220703125,11451846
2024-09-18,315.4496765136719,334.29998779296875,338.8999938964844,333.1000061035156,338.5,6583254
2024-09-19,316.015869140625,334.8999938964844,338.3500061035156,333.1000061035156,336.20001220703125,10589610
2024-09-20,321.63037109375,340.8500061035156,342.95001220703125,334.75,338.1499938964844,31236123
2024-09-23,321.9134521484375,341.1499938964844,342.5,340.25,342.0,6542941
2024-09-24,330.31158447265625,350.04998779296875,351.0,342.3500061035156,344.54998779296875,26145769
2024-09-25,343.2391052246094,363.75,366.25,352.3500061035156,353.8500061035156,40770462
2024-09-26,344.8432312011719,365.45001220703125,366.1000061035156,357.20001220703125,364.04998779296875,18733959
2024-09-27,334.2747802734375,354.25,363.29998779296875,353.3500061035156,362.20001220703125,33148043
2024-09-30,332.95367431640625,352.8500061035156,357.45001220703125,349.70001220703125,354.25,16356171
2024-10-01,331.019287109375,350.79998779296875,356.0,349.95001220703125,351.1000061035156,9856291
2024-10-03,324.7442932128906,344.1499938964844,349.8999938964844,342.6000061035156,343.0,19350466
2024-10-04,319.74310302734375,338.8500061035156,347.45001220703125,337.75,343.0,20121706
2024-10-07,310.4013671875,328.95001220703125,340.0,325.0,340.0,13851446
2024-10-08,308.702880859375,327.1499938964844,331.0,322.3500061035156,327.29998779296875,21148292
2024-10-09,311.15625,329.75,331.79998779296875,325.5,327.0,9228363
2024-10-10,315.4968566894531,334.3500061035156,338.1000061035156,330.1000061035156,330.20001220703125,20773976
2024-10-11,311.4393615722656,330.04998779296875,335.3500061035156,329.5,334.45001220703125,6098468
2024-10-14,312.0527038574219,330.70001220703125,331.5,327.79998779296875,330.04998779296875,5944216
2024-10-15,311.2506103515625,329.8500061035156,333.45001220703125,327.5,333.45001220703125,12415489
2024-10-16,308.75006103515625,327.20001220703125,332.6499938964844,324.95001220703125,331.70001220703125,22085298
2024-10-17,312.4773254394531,331.1499938964844,331.8999938964844,324.6000061035156,328.5,17039729
2024-10-18,313.3265380859375,332.04998779296875,333.8500061035156,328.25,331.5,10569021
2024-10-21,312.4773254394531,331.1499938964844,333.75,329.45001220703125,333.0,8745904
2024-10-22,304.5509948730469,322.75,335.6499938964844,321.04998779296875,332.8999938964844,11219831
2024-10-23,299.0308532714844,316.8999938964844,321.8999938964844,313.8500061035156,319.20001220703125,12541589
2024-10-24,301.1539306640625,319.1499938964844,320.79998779296875,315.25,315.25,8327779
2024-10-25,297.99285888671875,315.79998779296875,321.5,313.25,321.5,12979410
2024-10-28,300.35186767578125,318.29998779296875,320.45001220703125,310.75,314.5,9610615
2024-10-29,302.4750061035156,320.54998779296875,321.20001220703125,314.1499938964844,316.1000061035156,15856332
2024-10-30,300.4934387207031,318.45001220703125,325.3999938964844,316.75,318.54998779296875,14498110
2024-10-31,302.7109375,320.79998779296875,322.70001220703125,317.8500061035156,320.3999938964844,9900390
2024-11-01,303.89044189453125,322.04998779296875,322.70001220703125,320.0,322.45001220703125,847672
2024-11-04,297.6625671386719,315.45001220703125,324.70001220703125,311.6000061035156,324.54998779296875,9249409
2024-11-05,298.7477722167969,316.6000061035156,317.70001220703125,312.0,312.3500061035156,7518195
2024-11-06,300.5406188964844,318.5,320.3500061035156,313.8999938964844,317.3999938964844,11019250
2024-11-07,295.3035888671875,312.95001220703125,319.0,311.70001220703125,319.0,14504208
2024-11-08,298.41754150390625,316.25,317.54998779296875,308.70001220703125,311.8500061035156,15740539
2024-11-11,311.2033996582031,329.79998779296875,332.3999938964844,312.79998779296875,313.54998779296875,22838987
2024-11-12,304.5038146972656,322.70001220703125,332.5,321.79998779296875,331.5,12069181
2024-11-13,300.06878662109375,318.0,324.6000061035156,317.1499938964844,322.6499938964844,12918639
2024-11-14,298.7287902832031,312.1000061035156,318.79998779296875,310.6000061035156,315.1000061035156,12500377
2024-11-18,298.680908203125,312.04998779296875,315.54998779296875,310.1000061035156,314.0,9408101
2024-11-19,301.5523986816406,315.04998779296875,318.25,312.25,313.04998779296875,13157158
2024-11-21,311.9375305175781,325.8999938964844,326.75,313.0,316.0,25406386
2024-11-22,322.51416015625,336.95001220703125,337.6000061035156,324.0,325.79998779296875,31523269
2024-11-25,328.06561279296875,342.75,345.3999938964844,336.1499938964844,341.8500061035156,29419152
2024-11-26,324.2848205566406,338.79998779296875,344.6000061035156,337.8999938964844,342.0,13997179
2024-11-27,324.71563720703125,339.25,341.29998779296875,336.5,337.25,12177260
2024-11-28,319.3554992675781,333.6499938964844,341.75,332.20001220703125,339.25,16920231
2024-11-29,315.2875671386719,329.3999938964844,332.5,326.5,331.3500061035156,13890537
2024-12-02,313.80401611328125,327.8500061035156,331.95001220703125,326.20001220703125,328.1499938964844,16003524
2024-12-03,315.52685546875,329.6499938964844,331.3500061035156,324.25,324.25,23174488
2024-12-04,311.12396240234375,325.04998779296875,331.25,321.1000061035156,329.04998779296875,17880011
2024-12-05,314.2826232910156,328.3500061035156,330.45001220703125,319.54998779296875,325.0,19785053
2024-12-06,314.80902099609375,328.8999938964844,332.75,326.70001220703125,327.1000061035156,8802058
2024-12-09,315.0004577636719,329.1000061035156,330.6499938964844,326.70001220703125,327.75,9376929
2024-12-10,313.8518371582031,327.8999938964844,331.8500061035156,325.3500061035156,331.8500061035156,14994365
2024-12-11,313.5168151855469,327.54998779296875,329.0,326.8500061035156,327.25,5013051
2024-12-12,315.0961608886719,329.20001220703125,329.8999938964844,325.8500061035156,328.0,10414162
2024-12-13,319.54693603515625,333.8500061035156,334.29998779296875,325.04998779296875,330.6499938964844,14973536
2024-12-16,320.6476745605469,335.0,336.25,331.6000061035156,333.8500061035156,12695136
2024-12-17,315.6704406738281,329.79998779296875,335.54998779296875,328.0,332.5,17360248
2024-12-18,307.77392578125,321.54998779296875,329.1000061035156,320.6499938964844,328.0,15037099
2024-12-19,307.8696594238281,321.6499938964844,323.8500061035156,316.8500061035156,318.0,10234715
2024-12-20,302.270263671875,315.79998779296875,325.6000061035156,313.6000061035156,321.29998779296875,13973399
2024-12-23,301.79168701171875,315.29998779296875,318.29998779296875,311.54998779296875,318.0,5984169
2024-12-24,296.814453125,310.1000061035156,316.6499938964844,308.75,314.1000061035156,4833589
2024-12-26,297.0058898925781,310.29998779296875,313.1000061035156,308.75,310.1000061035156,3775101
2024-12-27,296.1444396972656,309.3999938964844,312.29998779296875,308.79998779296875,310.75,3981693
2024-12-30,294.37371826171875,307.54998779296875,312.0,306.29998779296875,309.0,12489142
2024-12-31,295.4744567871094,308.70001220703125,309.75,305.1499938964844,307.3500061035156,8402716
2025-01-01,297.1015930175781,310.3999938964844,311.3500061035156,305.8999938964844,308.70001220703125,4239498
2025-01-02,301.6481018066406,315.1499938964844,317.20001220703125,308.75,309.8500061035156,10766571
2025-01-03,302.509521484375,316.04998779296875,318.0,313.6499938964844,316.3500061035156,7636948
2025-01-06,292.8901062011719,306.0,316.5,304.79998779296875,315.79998779296875,6722495
2025-01-07,291.9808349609375,305.04998779296875,310.70001220703125,303.0,306.0,10137739
2025-01-08,293.5122375488281,306.6499938964844,307.8500061035156,303.0,306.1499938964844,6907996
2025-01-09,292.1722412109375,305.25,306.8999938964844,303.6499938964844,306.6499938964844,8244909
2025-01-10,286.8600158691406,299.70001220703125,305.25,298.5,304.04998779296875,6540783
2025-01-13,275.2784118652344,287.6000061035156,298.54998779296875,286.75,295.0,19474228
2025-01-14,277.81488037109375,290.25,293.04998779296875,286.79998779296875,287.75,15954608
2025-01-15,285.8550109863281,298.6499938964844,302.5,291.1000061035156,295.0,12198882
2025-01-16,284.8978576660156,297.6499938964844,301.6000061035156,296.6000061035156,299.0,11694289
2025-01-17,289.63580322265625,302.6000061035156,305.0,295.70001220703125,297.6499938964844,7593230
2025-01-20,293.12939453125,306.25,308.79998779296875,301.95001220703125,302.6000061035156,9435937
2025-01-21,289.396484375,302.3500061035156,309.95001220703125,301.5,307.0,13911546
2025-01-22,284.8021240234375,297.54998779296875,302.29998779296875,295.79998779296875,302.0,9723333
2025-01-23,281.7392578125,294.3500061035156,299.6000061035156,293.6000061035156,297.5,12228286
2025-01-24,283.1749572753906,295.8500061035156,302.5,294.3500061035156,295.29998779296875,11142914
2025-01-27,274.7041320800781,287.0,295.0,283.75,295.0,13477947
2025-01-28,271.7848205566406,283.95001220703125,288.79998779296875,279.3500061035156,287.1499938964844,11298068
2025-01-29,275.5177307128906,287.8500061035156,289.1499938964844,283.29998779296875,285.3500061035156,4800024
2025-01-30,282.6964111328125,295.3500061035156,297.1000061035156,287.8500061035156,287.8500061035156,10969499
2025-01-31,288.7264709472656,301.6499938964844,303.45001220703125,295.8999938964844,297.0,14141459
2025-02-01,277.43206787109375,289.8500061035156,305.3500061035156,288.6499938964844,301.6499938964844,6945157
2025-02-03,271.6412353515625,283.79998779296875,292.0,278.0,290.0,14978897
2025-02-04,273.4119567871094,285.6499938964844,286.3999938964844,272.1000061035156,281.0,19836427
2025-02-05,272.9812927246094,285.20001220703125,290.75,284.54998779296875,285.6000061035156,15337191
2025-02-06,269.1047668457031,281.1499938964844,290.95001220703125,279.75,287.5,21418561
2025-02-07,269.3468322753906,278.1499938964844,281.8999938964844,270.0,273.1000061035156,17193482
2025-02-10,260.1959228515625,268.70001220703125,276.0,268.1000061035156,275.0,16709670
2025-02-11,253.17539978027344,261.45001220703125,268.79998779296875,260.0,268.70001220703125,22083955
2025-02-12,248.9146270751953,257.04998779296875,262.1000061035156,254.0,259.5,17861265
2025-02-13,250.94818115234375,259.1499938964844,261.3500061035156,256.1000061035156,257.25,12257226
2025-02-14,249.20516967773438,257.3500061035156,261.5,254.75,260.3999938964844,11339563
2025-02-17,254.8699951171875,263.20001220703125,264.0,252.1999969482422,256.8999938964844,8332653
2025-02-18,258.5013122558594,266.95001220703125,267.8999938964844,260.20001220703125,263.8500061035156,10483635
2025-02-19,254.72471618652344,263.04998779296875,268.5,262.29998779296875,262.5,14602009
2025-02-20,257.3393249511719,265.75,266.45001220703125,261.29998779296875,262.75,15312926
2025-02-21,253.6111602783203,261.8999938964844,265.75,259.3999938964844,265.29998779296875,10757038
2025-02-24,250.94818115234375,259.1499938964844,261.79998779296875,257.25,258.0,14599185
2025-02-25,247.65579223632812,255.75,259.95001220703125,254.89999389648438,258.79998779296875,21287363
2025-02-27,248.13995361328125,256.25,257.45001220703125,253.4499969482422,254.0,13614799
2025-02-28,242.91087341308594,250.85000610351562,257.0,247.3000030517578,255.89999389648438,38512868
2025-03-03,244.50863647460938,252.5,253.8000030517578,248.5,253.0,9873539
2025-03-04,245.96116638183594,254.0,257.1499938964844,249.4499969482422,250.0,11947033
2025-03-05,256.0320129394531,264.3999938964844,267.20001220703125,255.75,256.95001220703125,14536637
2025-03-06,258.2108154296875,266.6499938964844,267.29998779296875,260.70001220703125,265.1499938964844,11926868
2025-03-07,254.96681213378906,263.29998779296875,268.6499938964844,261.6000061035156,266.0,10043068
2025-03-10,262.7136535644531,271.29998779296875,274.25,261.04998779296875,261.04998779296875,30233763
2025-03-11,258.8402404785156,267.29998779296875,271.8500061035156,265.8500061035156,270.0,9255499
2025-03-12,258.6465759277344,267.1000061035156,272.3999938964844,263.6000061035156,270.70001220703125,11875548
2025-03-13,259.1791687011719,267.6499938964844,270.6499938964844,265.5,269.79998779296875,9270442
2025-03-17,258.888671875,267.3500061035156,270.6499938964844,264.95001220703125,270.0,11987667
2025-03-18,258.888671875,267.3500061035156,267.3500061035156,267.3500061035156,267.3500061035156,0
2025-03-19,268.4269104003906,277.20001220703125,278.29998779296875,269.79998779296875,272.0,13089950
2025-03-20,271.47723388671875,280.3500061035156,283.54998779296875,277.04998779296875,283.5,13710249
2025-03-21,274.1401672363281,283.1000061035156,285.1499938964844,280.04998779296875,281.0,26003527
2025-03-24,282.61328125,291.8500061035156,293.95001220703125,284.45001220703125,285.0,19966817
2025-03-25,281.7901611328125,291.0,295.25,287.6499938964844,291.0,16983852
2025-03-26,281.6449279785156,290.8500061035156,296.75,289.54998779296875,291.70001220703125,20367015
2025-03-27,286.1477355957031,295.5,297.25,289.0,289.0,37203166
2025-03-28,281.1607360839844,290.3500061035156,294.25,288.29998779296875,293.8999938964844,10834900
2025-04-01,280.1439514160156,289.29998779296875,296.95001220703125,287.0,289.6000061035156,11603556
2025-04-02,277.6746520996094,286.75,289.75,284.5,286.8500061035156,11679536
2025-04-03,289.6338195800781,299.1000061035156,299.95001220703125,285.1000061035156,289.3500061035156,23478876
2025-04-04,284.5983581542969,293.8999938964844,300.8999938964844,292.1000061035156,300.0,21020875
2025-04-07,280.24078369140625,289.3999938964844,293.8999938964844,282.29998779296875,283.6000061035156,22847548
2025-04-08,279.8050842285156,288.95001220703125,294.0,284.6499938964844,291.95001220703125,20831596
2025-04-09,284.11419677734375,293.3999938964844,299.5,289.29998779296875,289.95001220703125,21342531
2025-04-11,294.4755859375,304.1000061035156,305.0,293.25,293.25,19831004
2025-04-15,294.91131591796875,304.54998779296875,310.45001220703125,303.70001220703125,307.20001220703125,16563441
2025-04-16,296.0733337402344,305.75,307.0,302.79998779296875,304.45001220703125,7032401
2025-04-17,299.220458984375,309.0,309.79998779296875,302.0,305.45001220703125,8528993
2025-04-21,309.8723449707031,320.0,322.0,308.45001220703125,310.0,13369014
2025-04-22,302.6581115722656,312.54998779296875,319.75,312.1000061035156,319.75,10027268
2025-04-23,304.982177734375,314.95001220703125,316.1000061035156,309.45001220703125,314.1499938964844,8225575
2025-04-24,304.4495544433594,314.3999938964844,315.8500061035156,312.8500061035156,314.8999938964844,8021180
2025-04-25,296.7995910644531,306.5,315.3999938964844,303.3999938964844,313.0,11475773
2025-04-28,298.78472900390625,308.54998779296875,310.95001220703125,303.54998779296875,304.20001220703125,7314824
2025-04-29,293.36199951171875,302.95001220703125,310.79998779296875,301.20001220703125,308.54998779296875,14678005
2025-04-30,297.7195739746094,307.45001220703125,310.0,301.8999938964844,304.45001220703125,17619987
2025-05-02,293.45880126953125,303.04998779296875,309.0,302.29998779296875,305.5,5688285
2025-05-05,298.44580078125,308.20001220703125,310.70001220703125,304.6499938964844,304.79998779296875,4342960
2025-05-06,297.86480712890625,307.6000061035156,310.45001220703125,305.54998779296875,307.6000061035156,9124804
2025-05-07,301.2539978027344,311.1000061035156,313.1499938964844,307.0,308.0,14679327
2025-05-08,298.4942321777344,308.25,317.3999938964844,304.0,313.3999938964844,19253478
2025-05-09,289.8274841308594,299.29998779296875,303.04998779296875,296.3999938964844,300.0,11981497
2025-05-12,299.2688903808594,309.04998779296875,311.1000061035156,304.04998779296875,304.04998779296875,7145884
2025-05-13,289.00439453125,298.45001220703125,308.75,298.0,305.0,17988336
2025-05-14,286.58349609375,295.95001220703125,300.54998779296875,294.04998779296875,299.20001220703125,10359258
2025-05-15,290.1663818359375,299.6499938964844,300.3999938964844,291.04998779296875,295.8999938964844,22640626
2025-05-16,290.6990051269531,300.20001220703125,302.20001220703125,295.5,300.0,16763668
2025-05-19,294.4271545410156,304.04998779296875,304.5,299.0,302.0,12575289
2025-05-20,288.4717712402344,297.8999938964844,305.29998779296875,297.1000061035156,304.3999938964844,21339095
2025-05-21,286.77716064453125,296.1499938964844,302.25,295.6499938964844,297.75,11997632
2025-05-22,281.6933288574219,290.8999938964844,296.3500061035156,286.54998779296875,295.8999938964844,26158839
2025-05-23,288.66546630859375,298.1000061035156,298.75,291.75,292.0,9872024
2025-05-26,287.30975341796875,296.70001220703125,303.79998779296875,295.75,300.04998779296875,16469130
2025-05-27,285.2278137207031,294.54998779296875,297.6000061035156,292.20001220703125,297.0,17074710
2025-05-28,281.9353942871094,291.1499938964844,295.6499938964844,290.5,294.54998779296875,10099453
2025-05-29,283.8236999511719,293.1000061035156,293.8999938964844,291.3500061035156,291.3500061035156,9773818
2025-05-30,280.5797424316406,289.75,294.6499938964844,288.25,292.0,21788566
2025-06-02,283.7752685546875,293.04998779296875,293.6499938964844,288.3999938964844,290.29998779296875,7255782
2025-06-03,279.1271667480469,288.25,295.3999938964844,287.75,292.5,10989055
2025-06-04,279.4176940917969,288.54998779296875,289.79998779296875,287.04998779296875,288.25,8580196
2025-06-05,284.93731689453125,294.25,295.25,290.1000061035156,291.0,13110486
2025-06-06,286.4382019042969,295.79998779296875,297.0,292.95001220703125,293.54998779296875,7935393
2025-06-09,290.9894714355469,300.5,301.1499938964844,296.1499938964844,298.0,8666186
2025-06-10,291.5220642089844,301.04998779296875,301.79998779296875,298.25,300.54998779296875,7273892
2025-06-11,286.0993347167969,295.45001220703125,301.3999938964844,294.0,301.1000061035156,10941604
2025-06-12,279.8534851074219,289.0,295.79998779296875,288.5,295.1499938964844,14071159
2025-06-13,276.4642333984375,285.5,286.45001220703125,281.79998779296875,282.54998779296875,16028417
2025-06-16,279.5145263671875,288.6499938964844,290.5,286.29998779296875,287.95001220703125,11067299
2025-06-17,279.4176940917969,288.54998779296875,290.45001220703125,287.20001220703125,288.6499938964844,7286868
2025-06-18,278.2072448730469,287.29998779296875,288.29998779296875,285.5,287.5,11904855
2025-06-19,277.3841552734375,286.45001220703125,287.6499938964844,285.29998779296875,286.79998779296875,13573824
2025-06-20,283.8236999511719,293.1000061035156,294.5,285.04998779296875,285.54998779296875,33014151
2025-06-23,281.06390380859375,290.25,293.45001220703125,288.1000061035156,291.3999938964844,6833477
2025-06-24,276.8999938964844,285.95001220703125,294.70001220703125,285.3500061035156,293.45001220703125,15007849
2025-06-25,281.257568359375,290.45001220703125,291.1000061035156,286.5,286.5,10838516
2025-06-26,284.2110595703125,293.5,294.25,289.75,290.79998779296875,10232220
2025-06-27,289.7790832519531,299.25,300.70001220703125,294.1499938964844,295.0,15523628
2025-06-30,290.4084777832031,299.8999938964844,301.0,296.25,300.3999938964844,8415241
2025-07-01,288.1328430175781,297.54998779296875,301.5,297.0,301.0,12349270
2025-07-02,285.518310546875,294.8500061035156,298.75,293.3999938964844,297.54998779296875,10826029
2025-07-03,284.4047546386719,293.70001220703125,298.95001220703125,293.1000061035156,298.3999938964844,10373094
2025-07-04,284.6952209472656,294.0,295.1499938964844,291.6499938964844,293.70001220703125,14193884
2025-07-07,286.5350646972656,295.8999938964844,296.6499938964844,293.5,294.70001220703125,6220756
2025-07-08,288.3265380859375,297.75,298.3999938964844,293.04998779296875,294.1499938964844,6254288
2025-07-09,290.1663818359375,299.6499938964844,300.0,296.3999938964844,298.25,5650646
2025-07-10,289.7790832519531,299.25,302.70001220703125,298.0,300.0,9307817
2025-07-11,289.1011962890625,298.54998779296875,300.8999938964844,296.95001220703125,299.25,7073217
2025-07-14,288.7623291015625,298.20001220703125,300.45001220703125,297.45001220703125,299.5,5484223
2025-07-15,288.6170349121094,298.04998779296875,300.0,296.8500061035156,298.1000061035156,6173407
2025-07-16,287.6486511230469,297.04998779296875,298.95001220703125,295.70001220703125,298.95001220703125,8144630
2025-07-17,287.21295166015625,296.6000061035156,298.20001220703125,295.79998779296875,297.54998779296875,8318287
2025-07-18,284.8404541015625,294.1499938964844,301.5,293.5,296.5,8702106
2025-07-21,287.6002502441406,297.0,297.25,292.25,294.0,5298012
2025-07-22,288.37493896484375,297.79998779296875,298.8500061035156,294.54998779296875,297.1000061035156,7775653
2025-07-23,289.7790832519531,299.25,299.6499938964844,297.1000061035156,298.8500061035156,5310964
2025-07-24,289.87591552734375,299.3500061035156,301.3500061035156,296.5,299.8500061035156,6294709
2025-07-25,282.8553466796875,292.1000061035156,297.75,290.8999938964844,297.1499938964844,8202572
2025-07-28,282.66168212890625,291.8999938964844,295.25,290.75,292.0,7037396
2025-07-29,283.8236999511719,293.1000061035156,293.8999938964844,289.79998779296875,290.5,6586034
2025-07-30,279.8050842285156,288.95001220703125,296.5,286.6000061035156,293.0,10515572
2025-07-31,281.7901611328125,291.0,294.29998779296875,284.95001220703125,284.95001220703125,14283621
2025-08-01,282.0322265625,291.25,292.79998779296875,286.29998779296875,291.6499938964844,6697683
2025-08-04,278.8367004394531,287.95001220703125,291.54998779296875,285.70001220703125,291.20001220703125,10397121
2025-08-05,276.9483947753906,286.0,288.6499938964844,285.1000061035156,287.1000061035156,15561914
2025-08-06,275.786376953125,284.79998779296875,288.3999938964844,284.04998779296875,287.6000061035156,12985269
2025-08-07,276.51263427734375,285.54998779296875,286.29998779296875,283.3999938964844,284.5,8893659
2025-08-08,275.8348083496094,284.8500061035156,286.25,283.6000061035156,284.79998779296875,6172968
2025-08-11,275.8348083496094,284.8500061035156,286.3999938964844,283.29998779296875,284.8500061035156,8755499
2025-08-12,275.64111328125,284.6499938964844,287.54998779296875,284.0,284.3999938964844,13184438
2025-08-13,279.07879638671875,288.20001220703125,289.3999938964844,286.04998779296875,287.0,9928283
2025-08-14,279.56298828125,288.70001220703125,290.1499938964844,287.1499938964844,289.04998779296875,8464495
2025-08-18,281.1607360839844,290.3500061035156,291.29998779296875,288.5,289.5,9836105
2025-08-19,280.0909118652344,288.0,290.1000061035156,286.54998779296875,290.0,7196772
2025-08-20,280.47991943359375,288.3999938964844,289.0,286.95001220703125,288.20001220703125,3106073
2025-08-21,276.2007751464844,284.0,289.54998779296875,283.6000061035156,288.3999938964844,7389271
2025-08-22,275.5686340332031,283.3500061035156,284.54998779296875,281.79998779296875,284.0,6824793
2025-08-25,276.3466491699219,284.1499938964844,284.6000061035156,282.20001220703125,283.3500061035156,7426789
2025-08-26,272.2133483886719,279.8999938964844,283.79998779296875,278.8999938964844,283.0,22905910
2025-08-28,266.9130554199219,274.45001220703125,282.0,273.6000061035156,282.0,12455072
2025-08-29,267.6910705566406,275.25,276.1000061035156,272.25,273.6000061035156,12841075
2025-09-01,272.1647644042969,279.8500061035156,280.6000061035156,276.0,276.0,10820878
2025-09-02,278.8266296386719,286.70001220703125,287.8999938964844,279.8500061035156,280.20001220703125,16983677
2025-09-03,278.1944580078125,286.04998779296875,289.20001220703125,285.6000061035156,289.0,30178885
2025-09-04,274.0611877441406,281.79998779296875,287.95001220703125,280.8999938964844,286.8500061035156,5946090
2025-09-05,277.5137023925781,285.3500061035156,286.6499938964844,282.3500061035156,282.3500061035156,9695914
2025-09-08,275.0337219238281,282.79998779296875,287.70001220703125,282.1000061035156,286.3999938964844,5186605
2025-09-09,276.0549011230469,283.8500061035156,284.3500061035156,281.70001220703125,283.04998779296875,7093190
2025-09-10,275.17962646484375,282.95001220703125,286.45001220703125,282.5,284.70001220703125,7767863
2025-09-11,278.92388916015625,286.79998779296875,288.70001220703125,282.54998779296875,282.54998779296875,7406625
2025-09-12,279.75054931640625,287.6499938964844,288.6000061035156,285.1000061035156,287.25,7618852
2025-09-15,278.38897705078125,286.25,288.79998779296875,285.75,288.29998779296875,5420800
2025-09-16,280.43133544921875,288.3500061035156,289.70001220703125,286.3500061035156,286.54998779296875,8626429
2025-09-17,279.2642822265625,287.1499938964844,289.20001220703125,285.95001220703125,289.0,19010126
2025-09-18,281.1607360839844,289.1000061035156,289.8500061035156,286.1000061035156,287.0,16842964
2025-09-19,278.3403625488281,286.20001220703125,290.20001220703125,284.8999938964844,290.0,14993879
2025-09-22,278.7779846191406,286.6499938964844,289.0,285.8999938964844,287.0,9456933
2025-09-23,280.6744689941406,288.6000061035156,289.0,285.3999938964844,288.6499938964844,13619147
2025-09-24,285.245361328125,293.29998779296875,294.54998779296875,286.95001220703125,287.8999938964844,14032389
2025-09-25,276.58978271484375,284.3999938964844,294.8500061035156,283.6000061035156,294.0,16242837
2025-09-26,274.49884033203125,282.25,284.1499938964844,280.1000061035156,283.5,8959035
2025-09-29,272.8941650390625,280.6000061035156,286.1000061035156,279.95001220703125,283.8999938964844,14600560
2025-09-30,272.55377197265625,280.25,286.0,279.0,282.0,18772881
2025-10-01,272.9427795410156,280.6499938964844,282.8500061035156,279.8999938964844,281.0,11812449
2025-10-03,281.7442626953125,289.70001220703125,290.0,281.04998779296875,283.3500061035156,19597461
2025-10-06,279.0211486816406,286.8999938964844,288.6499938964844,284.54998779296875,288.3500061035156,11702722
2025-10-07,281.0634765625,289.0,292.3500061035156,287.1000061035156,288.95001220703125,11371062
2025-10-08,277.4650573730469,285.29998779296875,290.3500061035156,284.6499938964844,290.3500061035156,9989251
2025-10-09,278.2917175292969,286.1499938964844,286.95001220703125,282.25,285.0,10714949
2025-10-10,281.2093505859375,289.1499938964844,291.25,285.25,285.25,10773268
2025-10-13,278.2917175292969,286.1499938964844,288.20001220703125,284.8999938964844,287.75,8950161
2025-10-14,279.6046447753906,287.5,287.8999938964844,285.3999938964844,286.5,7667654
2025-10-15,282.9599304199219,290.95001220703125,293.25,287.04998779296875,287.1499938964844,8125514
2025-10-16,283.835205078125,291.8500061035156,293.25,290.6000061035156,292.3999938964844,7824732
2025-10-17,281.7928771972656,289.75,291.5,288.0,291.0,14275188
2025-10-20,280.28546142578125,288.20001220703125,292.1000061035156,287.1000061035156,290.1499938964844,13536721
2025-10-21,280.6744689941406,288.6000061035156,289.6000061035156,288.20001220703125,288.29998779296875,398291
2025-10-23,281.69561767578125,289.6499938964844,291.1499938964844,288.0,288.95001220703125,21031287
2025-10-24,280.57720947265625,288.5,290.75,286.54998779296875,289.6499938964844,16350189
2025-10-27,283.0571594238281,291.04998779296875,292.79998779296875,288.20001220703125,289.0,13396182
2025-10-28,280.3340759277344,288.25,292.6000061035156,286.79998779296875,290.54998779296875,13543174
2025-10-29,287.2391052246094,295.3500061035156,296.6499938964844,288.75,289.0,14608714
2025-10-30,283.49481201171875,291.5,296.45001220703125,290.95001220703125,296.29998779296875,10329750
2025-10-31,280.23681640625,288.1499938964844,292.0,287.0,292.0,10088802
2025-11-03,280.0909118652344,288.0,290.1499938964844,287.1499938964844,289.0,8578207
2025-11-04,271.3866882324219,279.04998779296875,284.95001220703125,278.1000061035156,284.5,26098629
2025-11-06,262.77978515625,270.20001220703125,278.5,269.8500061035156,278.0,21919591
2025-11-07,264.53033447265625,272.0,272.79998779296875,268.75,270.20001220703125,11379131
2025-11-10,265.2225646972656,268.20001220703125,270.54998779296875,266.54998779296875,268.6000061035156,10717941
2025-11-11,264.67864990234375,267.6499938964844,269.1499938964844,264.6499938964844,268.25,11154806
2025-11-12,264.134765625,267.1000061035156,270.25,266.5,269.0,16444701
2025-11-13,266.854248046875,269.8500061035156,270.45001220703125,265.6499938964844,267.1000061035156,12573141
2025-11-14,268.2881164550781,271.29998779296875,272.29998779296875,269.5,270.3500061035156,10308317
2025-11-17,270.5131530761719,273.54998779296875,273.95001220703125,270.0,272.1000061035156,9884392
2025-11-18,271.15594482421875,274.20001220703125,276.79998779296875,272.29998779296875,274.0,16434280
2025-11-19,272.09539794921875,275.1499938964844,276.0,272.5,275.95001220703125,15765235
2025-11-20,274.1226501464844,277.20001220703125,279.04998779296875,274.5,275.25,15337345
2025-11-21,274.5181884765625,277.6000061035156,279.0,275.3999938964844,277.20001220703125,12941485
2025-11-24,272.7381591796875,275.79998779296875,279.04998779296875,272.5,278.0,49791096
2025-11-25,270.4142761230469,273.45001220703125,276.8999938964844,272.6499938964844,275.0,12114606
2025-11-26,271.9964904785156,275.04998779296875,276.95001220703125,273.5,274.0,8352869
2025-11-27,270.6614990234375,273.70001220703125,277.0,273.29998779296875,277.0,9865039
2025-11-28,266.953125,269.95001220703125,274.3500061035156,269.45001220703125,273.79998779296875,12580231
2025-12-01,266.65643310546875,269.6499938964844,272.45001220703125,268.75,272.45001220703125,10428760
2025-12-02,264.48089599609375,267.45001220703125,270.6499938964844,266.8999938964844,269.0,11029817
2025-12-03,265.46978759765625,268.45001220703125,269.0,264.5,267.45001220703125,9063557
2025-12-04,266.1125793457031,269.1000061035156,270.20001220703125,265.6000061035156,266.54998779296875,5103204
2025-12-05,266.8047790527344,269.79998779296875,271.5,267.79998779296875,268.20001220703125,5535798
2025-12-08,262.255859375,265.20001220703125,269.3999938964844,264.75,268.79998779296875,10203843
2025-12-09,261.6130676269531,264.54998779296875,265.75,262.8999938964844,264.1000061035156,10686557
2025-12-10,262.5525207519531,265.5,267.25,264.29998779296875,264.8999938964844,7157092
2025-12-11,261.86029052734375,264.79998779296875,266.3500061035156,262.5,264.25,8336183
2025-12-12,260.6736145019531,263.6000061035156,266.75,263.29998779296875,265.0,5522827
2025-12-15,259.2891845703125,262.20001220703125,263.8500061035156,260.5,263.6000061035156,6400400
2025-12-16,257.459716796875,260.3500061035156,263.3500061035156,259.70001220703125,262.1499938964844,9241981
2025-12-17,258.2013854980469,261.1000061035156,262.75,259.29998779296875,260.3500061035156,10944698
2025-12-18,255.0863494873047,257.95001220703125,261.70001220703125,255.8000030517578,260.75,10930748
2025-12-19,260.5252990722656,263.45001220703125,263.95001220703125,257.95001220703125,258.04998779296875,16657897
2025-12-22,262.0580749511719,265.0,265.6000061035156,259.04998779296875,259.1000061035156,10054250
2025-12-23,264.0358581542969,267.0,269.29998779296875,264.3999938964844,265.0,10526826
2025-12-24,265.0741882324219,268.04998779296875,270.04998779296875,266.29998779296875,267.79998779296875,6131188
2025-12-26,262.5030822753906,265.45001220703125,269.29998779296875,264.8500061035156,268.0,6029003
2025-12-29,257.7069396972656,260.6000061035156,266.45001220703125,260.0,265.95001220703125,7270521
2025-12-30,257.459716796875,260.3500061035156,261.45001220703125,258.95001220703125,260.0,10929200
2025-12-31,261.66253662109375,264.6000061035156,265.20001220703125,260.54998779296875,261.3999938964844,5145868
2026-01-01,263.83807373046875,266.79998779296875,267.54998779296875,264.1000061035156,264.1000061035156,4298196
2026-01-02,267.9420471191406,270.95001220703125,272.1000061035156,266.25,267.5,13348375
2026-01-05,268.6342468261719,271.6499938964844,272.79998779296875,268.70001220703125,271.25,11526602
2026-01-06,265.56866455078125,268.54998779296875,273.29998779296875,266.0,266.0,11777253
2026-01-07,261.1680603027344,264.1000061035156,268.95001220703125,263.45001220703125,268.5,14877056
2026-01-08,256.4213562011719,259.29998779296875,265.29998779296875,257.95001220703125,264.0,11762204
2026-01-09,255.1357879638672,258.0,263.79998779296875,256.25,260.29998779296875,14100782
2026-01-12,255.67967224121094,258.54998779296875,259.5,254.3000030517578,258.0,9698555
2026-01-13,255.92689514160156,258.79998779296875,259.95001220703125,256.1000061035156,259.04998779296875,9734559
2026-01-14,255.48190307617188,258.3500061035156,259.70001220703125,256.75,257.1000061035156,15435341
2026-01-15,255.48190307617188,258.3500061035156,258.3500061035156,258.3500061035156,258.3500061035156,0
2026-01-16,254.44354248046875,257.29998779296875,261.54998779296875,256.20001220703125,258.29998779296875,9648251
2026-01-19,254.7896728515625,257.6499938964844,258.79998779296875,256.6499938964844,256.8999938964844,10588722
2026-01-20,251.22964477539062,254.0500030517578,257.8500061035156,253.39999389648438,257.6499938964844,12452441
2026-01-21,252.96022033691406,255.8000030517578,258.8500061035156,252.0500030517578,252.0500030517578,14263346
2026-01-22,256.3719177246094,259.25,259.8500061035156,255.4499969482422,256.6000061035156,15520530
2026-01-23,251.32852172851562,254.14999389648438,259.95001220703125,252.60000610351562,259.25,18022018
2026-01-27,251.52630615234375,254.35000610351562,258.3500061035156,252.0500030517578,256.5,17375059
2026-01-28,256.9158020019531,259.79998779296875,260.75,254.0,254.0,16046343
2026-01-29,257.6080322265625,260.5,263.04998779296875,258.75,262.6000061035156,26914029
2026-01-30,253.65243530273438,256.5,262.3999938964844,254.0500030517578,261.29998779296875,23292764
2026-02-02,267.39813232421875,270.3999938964844,271.20001220703125,250.0,251.25,37109237
2026-02-03,280.0560302734375,283.20001220703125,284.5,273.25,276.04998779296875,52651170
2026-02-04,286.18719482421875,289.3999938964844,292.0,282.8999938964844,288.79998779296875,27775044
2026-02-05,286.13775634765625,289.3500061035156,291.0,286.1499938964844,291.0,9870342
2026-02-06,289.5,292.75,293.5,289.3999938964844,292.20001220703125,19951107
2026-02-09,289.75,289.75,292.54998779296875,288.0,292.5,13114576
2026-02-10,294.3500061035156,294.3500061035156,295.29998779296875,286.5,290.0,21823214
2026-02-11,294.45001220703125,294.45001220703125,297.6499938964844,292.20001220703125,297.6499938964844,10508852
2026-02-12,293.8999938964844,293.8999938964844,296.0,291.75,294.45001220703125,10482579
2026-02-13,287.20001220703125,287.20001220703125,294.29998779296875,286.8500061035156,292.0,10914157
2026-02-16,300.5,300.5,300.95001220703125,287.25,288.0,22196951
2026-02-17,300.75,300.75,301.6000061035156,297.0,299.29998779296875,11190989
2026-02-18,300.54998779296875,300.54998779296875,302.25,298.45001220703125,299.45001220703125,9147320
2026-02-19,294.6499938964844,294.6499938964844,301.6000061035156,293.1000061035156,300.1000061035156,7552362
2026-02-20,298.95001220703125,298.95001220703125,302.04998779296875,294.25,295.54998779296875,11762183
2026-02-23,303.3500061035156,303.3500061035156,304.29998779296875,299.0,302.0,11774742
2026-02-24,304.79998779296875,304.79998779296875,306.20001220703125,300.79998779296875,304.0,15863867
2026-02-25,307.25,307.25,311.70001220703125,305.1499938964844,307.0,14240500
2026-02-26,303.25,303.25,307.70001220703125,301.3999938964844,307.1000061035156,14249515
2026-02-27,298.6499938964844,298.6499938964844,305.79998779296875,297.8999938964844,305.79998779296875,21400679
2026-03-02,296.79998779296875,296.79998779296875,298.6000061035156,289.5,290.0,15690227
2026-03-04,291.95001220703125,291.95001220703125,296.0,288.8999938964844,296.0,28191826
2026-03-05,299.45001220703125,299.45001220703125,300.1000061035156,291.8999938964844,292.0,19467441
2026-03-06,299.1499938964844,299.1499938964844,302.75,297.0,299.95001220703125,15887540
2026-03-09,295.20001220703125,295.20001220703125,296.25,285.5,285.5,21591866
2026-03-10,298.6499938964844,298.6499938964844,300.04998779296875,293.75,298.1499938964844,14627316
2026-03-11,298.79998779296875,298.79998779296875,302.8999938964844,298.04998779296875,298.6499938964844,12618289
2026-03-12,303.6000061035156,303.6000061035156,304.8999938964844,295.1000061035156,295.79998779296875,15284297
2026-03-13,300.95001220703125,300.95001220703125,309.5,298.70001220703125,308.6499938964844,23615092
2026-03-16,297.75,297.75,303.0,291.3999938964844,300.95001220703125,25911819
2026-03-17,298.5,298.5,302.0,292.1499938964844,302.0,12300000
2026-03-18,299.3999938964844,299.3999938964844,304.20001220703125,297.54998779296875,299.54998779296875,8691698
2026-03-19,296.70001220703125,296.70001220703125,300.5,295.95001220703125,297.6499938964844,8594078
2026-03-20,297.6000061035156,297.6000061035156,305.0,296.6000061035156,300.1000061035156,28392470
2026-03-23,302.1000061035156,302.1000061035156,304.3500061035156,293.1000061035156,298.0,23771660
2026-03-24,299.0,299.0,309.0,292.3999938964844,309.0,24123621
2026-03-25,295.0,295.0,302.25,294.20001220703125,299.8999938964844,16423641
2026-03-27,295.5,295.5,297.29998779296875,290.29998779296875,294.45001220703125,27444747
2026-03-30,296.1000061035156,296.1000061035156,297.8999938964844,292.0,292.04998779296875,23105779
2026-04-01,292.79998779296875,292.79998779296875,305.8999938964844,290.20001220703125,305.0,18635698
2026-04-02,289.95001220703125,289.95001220703125,292.0,283.5,290.20001220703125,17222200
2026-04-06,295.1499938964844,295.1499938964844,295.6000061035156,287.29998779296875,294.8999938964844,9291741
2026-04-07,295.3999938964844,295.3999938964844,296.25,291.0,292.5,9318575
2026-04-08,294.8500061035156,294.8500061035156,301.75,293.6000061035156,301.0,10887876
2026-04-09,298.1000061035156,298.1000061035156,300.70001220703125,293.8500061035156,295.45001220703125,17644642
2026-04-10,302.75,302.75,303.5,299.75,301.1000061035156,13245074
2026-04-13,300.3500061035156,300.3500061035156,302.3500061035156,297.6499938964844,299.95001220703125,15681799
2026-04-15,312.45001220703125,312.45001220703125,313.3999938964844,301.25,303.3999938964844,21897202
2026-04-16,312.25,312.25,317.0,310.5,315.0,21510277
2026-04-17,318.1000061035156,318.1000061035156,318.95001220703125,311.3999938964844,313.29998779296875,13609827
2026-04-20,319.70001220703125,319.70001220703125,323.04998779296875,315.54998779296875,319.0,10955277
2026-04-21,319.3500061035156,319.3500061035156,322.0,318.0,318.95001220703125,8342335
2026-04-22,319.75,319.75,322.0,316.0,319.75,7112538
2026-04-23,319.1499938964844,319.1499938964844,321.8500061035156,318.04998779296875,320.0,7294961
2026-04-24,316.3999938964844,316.3999938964844,317.8999938964844,314.5,316.0,9980241
2026-04-27,320.8999938964844,320.8999938964844,324.95001220703125,316.95001220703125,318.0,9334181
2026-04-28,319.0,319.0,322.79998779296875,317.6499938964844,322.79998779296875,9083528
2026-04-29,320.3500061035156,320.3500061035156,323.79998779296875,318.25,320.1000061035156,10372929
2026-04-30,318.3500061035156,318.3500061035156,321.25,315.95001220703125,319.6000061035156,9521058
2026-05-01,318.3500061035156,318.3500061035156,318.3500061035156,318.3500061035156,318.3500061035156,0
2026-05-04,319.04998779296875,319.04998779296875,323.8999938964844,314.0,314.0,7370269
2026-05-05,319.45001220703125,319.45001220703125,321.29998779296875,315.0,318.8999938964844,8569582
2026-05-06,315.95001220703125,315.95001220703125,321.5,314.6000061035156,320.04998779296875,4884118
2026-05-07,313.79998779296875,313.79998779296875,316.75,312.5,315.75,9126203
2026-05-08,313.95001220703125,313.95001220703125,315.20001220703125,310.6000061035156,315.20001220703125,7929393
2026-05-11,310.8999938964844,310.8999938964844,314.04998779296875,309.95001220703125,313.95001220703125,8204425
2026-05-12,306.29998779296875,306.29998779296875,310.75,305.5,309.45001220703125,7952584
2026-05-13,301.5,301.5,305.3999938964844,295.6499938964844,304.25,23775882
2026-05-14,301.75,301.75,307.54998779296875,300.6000061035156,306.0,14012601
2026-05-15,305.8500061035156,305.8500061035156,308.1499938964844,302.8999938964844,307.79998779296875,10092811
2026-05-18,296.54998779296875,296.54998779296875,298.45001220703125,290.20001220703125,296.29998779296875,16036198
2026-05-19,298.6000061035156,298.6000061035156,300.0,294.54998779296875,296.6000061035156,12580156
2026-05-20,299.8999938964844,299.8999938964844,300.79998779296875,294.54998779296875,297.5,5672695
2026-05-21,299.54998779296875,299.54998779296875,304.5,298.70001220703125,302.3999938964844,10353164
2026-05-22,294.29998779296875,294.29998779296875,300.54998779296875,293.54998779296875,298.70001220703125,15105294
2026-05-25,295.3500061035156,295.3500061035156,298.5,294.1499938964844,298.5,5896815
2026-05-26,292.54998779296875,292.54998779296875,295.95001220703125,292.04998779296875,295.0,5625947
2026-05-27,300.1499938964844,300.1499938964844,301.25,292.0,292.0,9883025
2026-05-28,300.1499938964844,300.1499938964844,300.1499938964844,300.1499938964844,300.1499938964844,0
2026-05-29,290.54998779296875,290.54998779296875,303.0,285.45001220703125,303.0,77407363
2026-06-01,286.1499938964844,286.1499938964844,292.3500061035156,284.70001220703125,291.0,17628347
2026-06-02,282.1499938964844,282.1499938964844,285.25,278.3999938964844,281.75,15198142
2026-06-03,285.04998779296875,285.04998779296875,286.0,280.3500061035156,282.0,13002063
2026-06-04,284.6000061035156,284.6000061035156,286.04998779296875,280.0,280.0,16292818
2026-06-05,285.6499938964844,285.6499938964844,286.54998779296875,283.0,284.0,6955072
2026-06-08,290.29998779296875,290.29998779296875,292.1000061035156,282.6000061035156,283.0,8748933
2026-06-09,285.70001220703125,285.70001220703125,293.04998779296875,284.75,292.8999938964844,7973130
2026-06-10,287.20001220703125,287.20001220703125,289.5,284.04998779296875,285.0,8330040
2026-06-11,286.6499938964844,286.6499938964844,290.45001220703125,286.0,289.25,12064071
2026-06-12,284.79998779296875,284.79998779296875,288.8999938964844,282.70001220703125,288.8999938964844,5478294
2026-06-15,285.70001220703125,285.70001220703125,290.0,284.04998779296875,290.0,9319070
2026-06-16,285.1499938964844,285.1499938964844,286.3999938964844,282.8500061035156,286.1000061035156,8146761
2026-06-17,286.3500061035156,286.3500061035156,286.6499938964844,283.25,286.20001220703125,6008101
2026-06-18,288.70001220703125,288.70001220703125,289.45001220703125,283.29998779296875,286.3500061035156,8381654
2026-06-19,292.25,292.25,292.8999938964844,287.6499938964844,288.95001220703125,10295261
2026-06-22,289.75,289.75,292.8500061035156,288.79998779296875,289.0,11678414
2026-06-23,291.95001220703125,291.95001220703125,293.04998779296875,289.6000061035156,290.45001220703125,12328516
2026-06-24,290.8999938964844,290.8999938964844,295.25,288.75,293.0,10221176
2026-06-25,283.8999938964844,283.8999938964844,291.5,283.04998779296875,290.70001220703125,16305770
2026-06-26,283.8999938964844,283.8999938964844,283.8999938964844,283.8999938964844,283.8999938964844,0
2026-06-29,286.25,286.25,287.6499938964844,283.5,287.0,16957025
2026-06-30,286.29998779296875,286.29998779296875,288.8999938964844,284.45001220703125,287.20001220703125,11985195
2026-07-01,287.54998779296875,287.54998779296875,288.3500061035156,285.6499938964844,287.79998779296875,8147424
2026-07-02,288.20001220703125,288.20001220703125,289.3999938964844,284.20001220703125,287.54998779296875,6456861
2026-07-03,287.8500061035156,287.8500061035156,292.0,287.1000061035156,288.5,10260404
2026-07-06,285.3999938964844,285.3999938964844,287.95001220703125,284.70001220703125,287.20001220703125,7799856
2026-07-07,284.3500061035156,284.3500061035156,287.3500061035156,283.3500061035156,285.3500061035156,7251465
2026-07-08,279.70001220703125,279.70001220703125,285.3999938964844,279.20001220703125,282.8999938964844,7306244
2026-07-09,281.3500061035156,281.3500061035156,283.95001220703125,280.0,280.0,6800579
2026-07-10,283.1000061035156,283.1000061035156,283.79998779296875,281.3500061035156,283.1000061035156,6812700
