Date,Adj Close,Close,High,Low,Open,Volume
2005-01-03,32.666080474853516,42.42375183105469,42.58125305175781,41.94000244140625,42.468753814697266,7628977
2005-01-04,32.443023681640625,42.134063720703125,42.750003814697266,40.781253814697266,42.468753814697266,7618292
2005-01-05,30.634733200073242,39.78562545776367,41.85000228881836,39.431251525878906,41.85000228881836,26921936
2005-01-06,29.85944366455078,38.778751373291016,40.218753814697266,38.53125,39.76874923706055,24126398
2005-01-07,30.307722091674805,39.360939025878906,39.48749923706055,38.65218734741211,38.8125,13164106
2005-01-10,29.365684509277344,38.13750076293945,39.63937759399414,37.91250228881836,39.63937759399414,8872052
2005-01-11,29.274730682373047,38.01937484741211,38.57625198364258,37.6875,38.13750076293945,14369368
2005-01-12,28.41281509399414,36.900001525878906,38.91374969482422,36.29249954223633,38.25,18246807
2005-01-13,29.0538387298584,37.73250198364258,38.75625228881836,36.900001525878906,36.900001525878906,14409439
2005-01-14,28.78529930114746,37.383750915527344,37.83937454223633,36.056251525878906,36.056251525878906,11455394
2005-01-17,29.24224281311035,37.97718811035156,38.46375274658203,36.5625,37.743751525878906,10754203
2005-01-18,29.543258666992188,38.368125915527344,38.75062561035156,37.6875,38.25,14815910
2005-01-19,29.805309295654297,38.708438873291016,39.09375,38.28093719482422,39.09375,7468959
2005-01-20,29.220592498779297,37.94906234741211,38.41875076293945,37.462501525878906,38.25,7813297
2005-01-24,28.05765151977539,36.438751220703125,38.19375228881836,36.22500228881836,38.08124923706055,16598381
2005-01-25,28.443138122558594,36.93937683105469,37.091251373291016,34.33218765258789,36.28125,17937065
2005-01-27,29.22275733947754,37.95187759399414,38.19375228881836,37.125,38.176876068115234,21241990
2005-01-28,30.253591537475586,39.290626525878906,39.62531280517578,37.96875,38.13750076293945,22435376
2005-01-31,30.55026626586914,39.67593765258789,40.05000305175781,38.92499923706055,39.9431266784668,14143145
2005-02-01,30.156131744384766,39.1640625,40.19906234741211,38.939064025878906,39.9375,12211074
2005-02-02,29.720849990844727,38.598751068115234,39.65625,38.39906311035156,39.31875228881836,16294114
2005-02-03,30.07166862487793,39.05437469482422,39.234375,38.36249923706055,38.8125,9595697
2005-02-04,30.454992294311523,39.552188873291016,40.95000076293945,39.09375,40.95000076293945,15067821
2005-02-07,29.816139221191406,38.72249984741211,39.82500076293945,38.587501525878906,39.82500076293945,11237048
2005-02-08,30.021869659423828,38.989688873291016,39.31875228881836,38.48344039916992,39.31875228881836,5623590
2005-02-09,29.95256996154785,38.899688720703125,39.20624923706055,38.76187515258789,39.150001525878906,6628479
2005-02-10,29.662376403808594,38.5228157043457,38.868751525878906,38.27812576293945,38.868751525878906,4201510
2005-02-11,30.112829208374023,39.10781478881836,39.31875228881836,38.47500228881836,38.8125,10216123
2005-02-14,30.909761428833008,40.14281463623047,40.500003814697266,39.54375076293945,40.215938568115234,17761296
2005-02-15,30.606586456298828,39.74906539916992,40.16250228881836,39.54375076293945,40.10625076293945,8211644
2005-02-16,30.617406845092773,39.763126373291016,40.2103157043457,39.462188720703125,39.94593811035156,11467643
2005-02-17,30.253591537475586,39.290626525878906,39.54375076293945,38.82656478881836,39.54375076293945,7673244
2005-02-18,29.9395751953125,38.8828125,39.25687789916992,38.71687698364258,39.03750228881836,5826275
2005-02-21,29.393842697143555,38.17406463623047,38.86312484741211,38.025001525878906,38.86312484741211,4811395
2005-02-22,29.60173797607422,38.44406509399414,38.58187484741211,37.85625076293945,38.53125,6225457
2005-02-23,29.426321029663086,38.216251373291016,38.41875076293945,37.91250228881836,38.19375228881836,5686879
2005-02-24,29.33970069885254,38.10375213623047,38.53125,37.96875,38.41875076293945,8156035
2005-02-25,29.13613510131836,37.83937454223633,38.47500228881836,37.231876373291016,38.25843811035156,15534897
2005-02-28,30.296892166137695,39.34687423706055,39.54375076293945,37.57500076293945,38.47500228881836,13343803
2005-03-01,29.2639102935791,38.005313873291016,39.375,37.86187744140625,39.375,8457990
2005-03-02,29.06683349609375,37.74937438964844,38.41875076293945,37.462501525878906,38.25,9503252
2005-03-03,30.169132232666016,39.180938720703125,39.48749923706055,37.743751525878906,37.743751525878906,12652906
2005-03-04,31.186965942382812,40.50281524658203,40.72500228881836,39.20624923706055,39.38906478881836,20141190
2005-03-07,31.264925003051758,40.60406494140625,40.83469009399414,40.064064025878906,40.556251525878906,6830950
2005-03-08,31.074356079101562,40.356563568115234,41.340938568115234,40.2243766784668,40.66875076293945,14425332
2005-03-09,30.905431747436523,40.13718795776367,40.829063415527344,39.60562515258789,40.500003814697266,10002755
2005-03-10,30.51346206665039,39.62812423706055,40.218753814697266,39.31875228881836,40.218753814697266,5638986
2005-03-11,30.2146053314209,39.2400016784668,40.10625076293945,39.12468719482422,39.712501525878906,8748230
2005-03-14,30.056520462036133,39.034690856933594,39.65062713623047,38.728126525878906,39.375,7869795
2005-03-15,29.612567901611328,38.458126068115234,39.26250076293945,38.31468963623047,38.98125076293945,6463057
2005-03-16,29.580089569091797,38.41593933105469,38.860313415527344,38.2556266784668,38.47500228881836,5523110
2005-03-17,29.428483963012695,38.21906280517578,38.7421875,38.03062438964844,38.25,4784177
2005-03-18,29.712186813354492,38.587501525878906,38.753440856933594,37.70156478881836,38.2556266784668,6089670
2005-03-21,29.662376403808594,38.5228157043457,39.01218795776367,38.25281524658203,38.868751525878906,3964230
2005-03-22,29.287723541259766,38.036251068115234,38.8125,37.91250228881836,38.8125,4161279
2005-03-23,28.399826049804688,36.88312530517578,38.050315856933594,36.618751525878906,37.74937438964844,6145830
2005-03-24,27.953710556030273,36.30375289916992,37.40625,36.01406478881836,37.125,8150826
2005-03-28,27.858423233032227,36.18000030517578,37.27406311035156,35.71875,36.5625,11461119
2005-03-29,27.77179527282715,36.067501068115234,36.34593963623047,35.83124923706055,36.18000030517578,14817048
2005-03-30,27.301855087280273,35.45718765258789,36.34031295776367,35.10844039916992,36.00281524658203,12234097
2005-03-31,29.060333251953125,37.74094009399414,38.587501525878906,36.0,36.92250061035156,24201438
2005-04-01,29.13396644592285,37.83656311035156,38.23312759399414,36.79875183105469,37.91250228881836,10367021
2005-04-04,29.205429077148438,37.92937469482422,39.150001525878906,37.40625,37.94062423706055,14526950
2005-04-05,28.612056732177734,37.15875244140625,37.95750045776367,36.981563568115234,37.6875,7112604
2005-04-06,28.995365142822266,37.65656280517578,37.895626068115234,36.900001525878906,37.18687438964844,5309919
2005-04-07,29.45880889892578,38.25843811035156,38.919376373291016,37.6875,37.6875,22675856
2005-04-08,28.8112850189209,37.41749954223633,38.165626525878906,37.29375076293945,38.165626525878906,6750968
2005-04-11,28.26339340209961,36.70594024658203,37.6875,36.45000076293945,37.6875,4006364
2005-04-12,27.971038818359375,36.32625198364258,36.89437484741211,35.73281478881836,36.28125,14962541
2005-04-13,27.95587158203125,36.30656433105469,36.78750228881836,36.0,36.5625,8522790
2005-04-15,26.229887008666992,34.06500244140625,36.0,33.806251525878906,36.0,16397368
2005-04-18,25.759950637817383,33.454689025878906,36.11249923706055,32.63906478881836,32.63906478881836,10475501
2005-04-19,24.98898696899414,32.45343780517578,34.19437789916992,32.0625,33.46875,11460870
2005-04-20,25.768606185913086,33.465938568115234,33.69375228881836,32.28750228881836,32.625,13060443
2005-04-21,26.16275405883789,33.977813720703125,34.20000076293945,32.625,34.20000076293945,12466737
2005-04-22,27.89090347290039,36.222190856933594,37.95750045776367,35.15625,36.0,50101526
2005-04-25,28.085817337036133,36.47531509399414,37.333126068115234,36.31218719482422,36.78750228881836,18082025
2005-04-26,27.717662811279297,35.997188568115234,36.65531539916992,35.84250259399414,36.28125,10365883
2005-04-27,27.503263473510742,35.71875,36.28125,35.33625030517578,36.0,11060799
2005-04-28,27.864913940429688,36.188438415527344,36.50625228881836,35.71875,35.71875,31813918
2005-04-29,27.321346282958984,35.48250198364258,36.11249923706055,35.4375,36.11249923706055,10263839
2005-05-02,27.633193969726562,35.88750076293945,36.247501373291016,35.53874969482422,35.94375228881836,5010915
2005-05-03,27.171926498413086,35.2884407043457,36.140625,35.15625,36.140625,7369332
2005-05-04,27.32784652709961,35.49094009399414,35.715938568115234,35.32500076293945,35.40656280517578,5353457
2005-05-05,27.607210159301758,35.85375213623047,36.22500228881836,35.66250228881836,36.11249923706055,5837066
2005-05-06,27.553075790405273,35.78343963623047,36.0,30.600000381469727,30.600000381469727,5866381
2005-05-09,27.99052619934082,36.3515625,36.618751525878906,35.83124923706055,36.22500228881836,8386701
2005-05-10,28.05765151977539,36.438751220703125,36.61312484741211,36.126564025878906,36.50625228881836,8379821
2005-05-11,27.624530792236328,35.876251220703125,36.39374923706055,34.6696891784668,34.6696891784668,6028479
2005-05-12,27.860595703125,36.18281555175781,36.247501373291016,35.83124923706055,35.876251220703125,3800888
2005-05-13,27.55523681640625,35.786251068115234,36.28125,35.60625076293945,36.28125,4937173
2005-05-16,28.542757034301758,37.06875228881836,37.35000228881836,35.786251068115234,36.02812576293945,10926506
2005-05-17,28.47562026977539,36.981563568115234,37.6790657043457,36.78750228881836,37.06875228881836,7312710
2005-05-18,28.254737854003906,36.6946907043457,36.94499969482422,36.16875076293945,36.94499969482422,7785972
2005-05-19,28.50160789489746,37.01531219482422,37.51874923706055,36.6328125,37.125,7720141
2005-05-20,28.729001998901367,37.31062698364258,37.62562561035156,36.73125076293945,36.8493766784668,7638826
2005-05-23,28.86326026916504,37.48500061035156,37.828125,36.96750259399414,37.29375076293945,11015963
2005-05-24,29.558425903320312,38.387813568115234,38.497501373291016,37.473751068115234,37.99968719482422,11019003
2005-05-25,29.755491256713867,38.64374923706055,38.75625228881836,37.85906219482422,38.08124923706055,8395430
2005-05-26,31.024534225463867,40.29187774658203,40.52812576293945,35.16749954223633,37.181251525878906,27883038
2005-05-27,31.364551544189453,40.73344039916992,41.28750228881836,40.24406433105469,40.24406433105469,15953634
2005-05-30,30.6412296295166,39.794063568115234,40.781253814697266,39.65625,40.72500228881836,8299412
2005-05-31,31.000722885131836,40.26094055175781,40.556251525878906,39.76874923706055,39.94031524658203,5756835
2005-06-01,30.805822372436523,40.0078125,40.556251525878906,39.60000228881836,40.33125305175781,7140604
2005-06-02,30.353208541870117,39.42000198364258,40.43250274658203,39.375,40.218753814697266,6163590
2005-06-03,31.25625991821289,40.59281539916992,40.781253814697266,39.43687438964844,39.8728141784668,11120354
2005-06-06,31.020217895507812,40.286251068115234,40.691253662109375,40.05000305175781,40.218753814697266,8914683
2005-06-07,31.685056686401367,41.149688720703125,41.61937713623047,40.25812530517578,40.26375198364258,15759856
2005-06-08,31.808496475219727,41.310001373291016,41.43375015258789,39.85593795776367,39.85593795776367,6644070
2005-06-09,31.440343856811523,40.831878662109375,41.343753814697266,40.781253814697266,40.848751068115234,5768977
2005-06-10,31.34938621520996,40.71375274658203,41.59968948364258,40.5618782043457,41.12718963623047,8030968
2005-06-13,31.26708984375,40.606876373291016,40.94437789916992,40.275001525878906,40.72500228881836,4672479
2005-06-14,31.325572967529297,40.68281555175781,40.9275016784668,40.275001525878906,40.61250305175781,4660888
2005-06-15,31.771671295166016,41.26218795776367,41.45625305175781,40.500003814697266,40.66875076293945,9326559
2005-06-16,31.81499481201172,41.31843948364258,41.51250076293945,40.781253814697266,40.781253814697266,9768461
2005-06-17,32.21562957763672,41.83875274658203,41.962501525878906,38.39344024658203,38.39344024658203,8527110
2005-06-20,32.76786422729492,42.555938720703125,42.727500915527344,41.625003814697266,41.625003814697266,12147643
2005-06-21,32.754859924316406,42.5390625,43.30687713623047,42.243751525878906,42.58125305175781,13471785
2005-06-22,32.88263702392578,42.70500183105469,43.031253814697266,42.274688720703125,42.525001525878906,16437759
2005-06-23,32.76786422729492,42.555938720703125,42.86250305175781,42.30000305175781,42.468753814697266,8542897
2005-06-24,32.47549819946289,42.17625045776367,42.550315856933594,41.75437545776367,42.468753814697266,10505510
2005-06-27,32.674739837646484,42.435001373291016,42.806251525878906,42.15937805175781,42.17625045776367,10740497
2005-06-28,32.07919692993164,41.661563873291016,42.62906265258789,41.4056282043457,42.35625076293945,13015572
2005-06-29,32.864112854003906,42.39281463623047,42.64312744140625,40.89375305175781,41.61375045776367,15319412
2005-06-30,33.415740966796875,43.10437774658203,43.650001525878906,41.062503814697266,41.45625305175781,48429722
2005-07-01,32.47819519042969,41.89500045776367,42.750003814697266,41.13562774658203,42.187503814697266,11434061
2005-07-04,32.552330017089844,41.99062728881836,42.26625061035156,41.625003814697266,42.14531326293945,6909332
2005-07-05,32.09882354736328,41.4056282043457,42.63750076293945,41.28750228881836,42.468753814697266,8608479
2005-07-06,32.06175994873047,41.35781478881836,42.07500076293945,40.95000076293945,41.906253814697266,9785670
2005-07-07,30.982492446899414,39.96562576293945,43.031253814697266,39.375,42.01875305175781,16449368
2005-07-08,31.523218154907227,40.66312789916992,41.495628356933594,40.38750076293945,40.781253814697266,9182026
2005-07-11,31.255043029785156,40.31718826293945,41.625003814697266,40.2243766784668,41.400001525878906,7644604
2005-07-12,30.627099990844727,39.5071907043457,40.38750076293945,39.161251068115234,40.275001525878906,18483127
2005-07-13,30.925804138183594,39.89250183105469,40.31437683105469,39.3806266784668,39.54375076293945,13182772
2005-07-14,30.361103057861328,39.1640625,40.218753814697266,39.09375,39.9375,7205937
2005-07-15,30.718677520751953,39.62531280517578,39.82500076293945,38.930625915527344,39.82500076293945,6790879
2005-07-18,31.004302978515625,39.993751525878906,40.38750076293945,39.82500076293945,39.82500076293945,10495039
2005-07-19,31.159099578857422,40.19343948364258,40.43250274658203,39.95718765258789,40.43250274658203,7250275
2005-07-20,31.27901840209961,40.34812545776367,40.61250305175781,40.22156524658203,40.275001525878906,4901386
2005-07-21,31.030460357666016,40.02750015258789,40.66875076293945,39.712501525878906,40.61250305175781,4067822
2005-07-22,31.191797256469727,40.235626220703125,40.38750076293945,38.83500289916992,40.218753814697266,16861759
2005-07-25,31.1024227142334,40.12031555175781,40.49437713623047,39.65625,40.46906280517578,11690772
2005-07-26,30.89963722229004,39.85874938964844,40.230003356933594,39.5212516784668,39.65625,8948408
2005-07-27,31.739072799682617,40.94156265258789,41.062503814697266,39.65625,39.9375,8271821
2005-07-28,31.739072799682617,40.94156265258789,40.94156265258789,40.94156265258789,40.94156265258789,0
2005-07-29,32.10972213745117,41.4196891784668,41.906253814697266,40.556251525878906,40.556251525878906,12795323
2005-08-01,31.56027603149414,40.7109375,41.51250076293945,40.2243766784668,41.062503814697266,7691821
2005-08-02,31.579914093017578,40.73625183105469,42.15937805175781,40.500003814697266,42.15937805175781,5869421
2005-08-03,31.915672302246094,41.169376373291016,41.56875228881836,40.95000076293945,41.23125076293945,8791288
2005-08-04,31.902587890625,41.15250015258789,41.56875228881836,40.781253814697266,41.45625305175781,5820337
2005-08-05,31.473060607910156,40.59843826293945,41.28750228881836,40.500003814697266,41.28750228881836,6599181
2005-08-08,30.720849990844727,39.62812423706055,40.77000045776367,39.46781539916992,40.72500228881836,9189421
2005-08-09,31.224512100219727,40.27781295776367,40.500003814697266,39.39750289916992,40.20187759399414,9207341
2005-08-10,31.7303409576416,40.93031311035156,40.95000076293945,40.16250228881836,40.48875045776367,7742186
2005-08-11,31.96146583557129,41.22843933105469,41.394378662109375,40.781253814697266,40.95000076293945,7311644
2005-08-12,31.170000076293945,40.20750045776367,41.625003814697266,39.71812438964844,41.22843933105469,8416781
2005-08-16,31.41855812072754,40.52812576293945,41.04562759399414,40.230003356933594,40.77000045776367,7601990
2005-08-17,31.582077026367188,40.73906326293945,42.063751220703125,40.134376525878906,41.04562759399414,7508319
2005-08-18,31.78703498840332,41.003440856933594,41.118751525878906,40.5703125,40.837501525878906,7663039
2005-08-19,31.39893913269043,40.50281524658203,41.28187561035156,40.336875915527344,41.062503814697266,9022683
2005-08-22,31.61913299560547,40.7868766784668,42.806251525878906,40.500003814697266,41.45625305175781,9144506
2005-08-23,31.108957290649414,40.128753662109375,41.51250076293945,39.68437576293945,41.28750228881836,10078639
2005-08-24,30.808074951171875,39.74062728881836,40.781253814697266,39.48749923706055,40.781253814697266,5951075
2005-08-25,32.04649353027344,41.33812713623047,41.692501068115234,39.40875244140625,39.82500076293945,11533252
2005-08-26,31.357505798339844,40.44937515258789,41.61937713623047,39.954376220703125,41.2650032043457,7274604
2005-08-29,30.677249908447266,39.571876525878906,40.82062530517578,39.44812774658203,40.82062530517578,6457190
2005-08-30,31.30517578125,40.38187789916992,40.72500228881836,39.712501525878906,39.712501525878906,6490079
2005-08-31,31.80229949951172,41.023128509521484,41.163753509521484,39.622501373291016,40.275001525878906,7057875
2005-09-01,32.46075439453125,41.872501373291016,42.187503814697266,41.3493766784668,41.51250076293945,13741083
2005-09-02,32.64390563964844,42.1087532043457,42.35625076293945,41.214378356933594,41.85000228881836,11406710
2005-09-05,32.91862869262695,42.46312713623047,42.750003814697266,41.6868782043457,42.1087532043457,11091368
2005-09-06,32.96659469604492,42.525001525878906,42.73875045776367,42.187503814697266,42.58125305175781,7700799
2005-09-08,32.552330017089844,41.99062728881836,42.84000015258789,41.85000228881836,42.73875045776367,4836310
2005-09-09,32.39533996582031,41.78812789916992,42.6150016784668,41.3493766784668,42.6150016784668,5761466
2005-09-12,32.44767761230469,41.85562515258789,42.288753509521484,41.743125915527344,42.187503814697266,4764497
2005-09-13,32.52617263793945,41.956878662109375,42.525001525878906,41.65312576293945,42.187503814697266,10981528
2005-09-14,33.15846252441406,42.77250289916992,42.941253662109375,41.94000244140625,42.063751220703125,13778737
2005-09-15,33.35905838012695,43.031253814697266,43.29562759399414,42.77250289916992,42.77250289916992,6105217
2005-09-16,33.36341857910156,43.0368766784668,43.30687713623047,42.56437683105469,43.20000076293945,5486764
2005-09-19,33.13229751586914,42.73875045776367,43.30687713623047,42.64312744140625,43.20000076293945,6564124
2005-09-20,32.82269287109375,42.339378356933594,43.048126220703125,42.07500076293945,42.86250305175781,10691812
2005-09-21,32.58284378051758,42.03000259399414,42.74437713623047,41.625003814697266,42.187503814697266,7487741
2005-09-22,31.05225944519043,40.055625915527344,42.204376220703125,39.48749923706055,42.204376220703125,7529981
2005-09-23,31.204885482788086,40.25250244140625,40.81500244140625,39.65625,40.48312759399414,4174595
2005-09-26,32.595947265625,42.046878814697266,42.13125228881836,40.45500183105469,40.500003814697266,5831244
2005-09-27,32.80961227416992,42.32250213623047,42.63187789916992,41.73750305175781,42.07500076293945,7542790
2005-09-28,32.46511459350586,41.87812805175781,42.30000305175781,39.60000228881836,42.30000305175781,13251643
2005-09-29,32.78779983520508,42.294376373291016,42.73875045776367,41.73750305175781,41.93437576293945,34436851
2005-09-30,32.39533996582031,41.78812789916992,42.525001525878906,41.65875244140625,42.187503814697266,7156541
2005-10-03,33.145381927490234,42.7556266784668,42.97500228881836,42.07500076293945,42.21000289916992,8153501
2005-10-04,34.97248458862305,45.11250305175781,45.22500228881836,42.750003814697266,42.86250305175781,25635358
2005-10-05,35.26902389526367,45.49500274658203,46.5525016784668,45.22500228881836,45.337501525878906,18367714
2005-10-06,34.04365539550781,43.91437530517578,45.45000076293945,43.44187545776367,45.337501525878906,18039145
2005-10-07,33.86053466796875,43.67812728881836,44.57250213623047,43.02562713623047,43.98750305175781,13641990
2005-10-10,34.396888732910156,44.37000274658203,44.83125305175781,43.67250061035156,43.875003814697266,10645039
2005-10-11,34.802425384521484,44.89312744140625,45.45000076293945,43.67812728881836,44.88750076293945,11574301
2005-10-13,33.95646286010742,43.801876068115234,45.000003814697266,43.53187561035156,45.000003814697266,10023492
2005-10-14,33.65994644165039,43.419376373291016,44.20125198364258,42.991878509521484,44.10000228881836,8562230
2005-10-17,33.36341857910156,43.0368766784668,43.76250076293945,42.55875015258789,43.419376373291016,5144799
2005-10-18,32.55669403076172,41.99625015258789,43.62750244140625,41.65875244140625,43.413753509521484,8533821
2005-10-19,32.12062072753906,41.43375015258789,42.3900032043457,40.978126525878906,41.99625015258789,15562879
2005-10-20,32.1555061340332,41.47875213623047,43.087501525878906,41.062503814697266,42.3900032043457,11691074
2005-10-21,33.616329193115234,43.363128662109375,43.53750228881836,41.51250076293945,41.625003814697266,12693972
2005-10-24,32.50871276855469,41.93437576293945,44.10000228881836,41.85000228881836,44.10000228881836,7178630
2005-10-25,32.89681625366211,42.435001373291016,43.25625228881836,41.906253814697266,41.906253814697266,6537235
2005-10-26,32.85321044921875,42.378753662109375,42.73875045776367,41.906253814697266,42.435001373291016,5048924
2005-10-27,32.58284378051758,42.03000259399414,43.20000076293945,41.08500289916992,42.30000305175781,18400639
2005-10-28,31.12639045715332,40.15125274658203,42.01875305175781,39.9375,41.625003814697266,9085439
2005-10-31,31.797929763793945,41.01750183105469,41.51250076293945,40.02187728881836,41.51250076293945,4592693
2005-11-02,32.23836898803711,41.585628509521484,41.79375076293945,40.218753814697266,41.00625228881836,7237848
2005-11-04,32.23836898803711,41.585628509521484,41.585628509521484,41.585628509521484,41.585628509521484,0
2005-11-07,32.89247131347656,42.429378509521484,42.60375213623047,41.51250076293945,41.51250076293945,7669670
2005-11-08,34.0872802734375,43.97062683105469,44.437503814697266,42.21562576293945,42.750003814697266,11137750
2005-11-09,33.53348159790039,43.25625228881836,44.403751373291016,42.868125915527344,43.98750305175781,7586781
2005-11-10,33.62942123413086,43.380001068115234,43.650001525878906,42.91875076293945,43.3181266784668,7836479
2005-11-11,35.24720764160156,45.46687698364258,45.562503814697266,43.56562805175781,43.650001525878906,21685110
2005-11-14,35.26466369628906,45.489376068115234,46.23750305175781,44.5837516784668,46.23750305175781,9646195
2005-11-16,35.67456817626953,46.01812744140625,46.125003814697266,45.54562759399414,45.86625289916992,7014799
2005-11-17,36.036502838134766,46.48500061035156,46.80000305175781,45.16875076293945,46.125003814697266,9181092
2005-11-18,36.97404098510742,47.69437789916992,48.285003662109375,46.80000305175781,46.80000305175781,21217465
2005-11-21,36.73420333862305,47.38500213623047,48.26250076293945,46.80000305175781,48.26250076293945,10749252
2005-11-22,36.40715408325195,46.96312713623047,48.03187561035156,46.6087532043457,47.250003814697266,10414221
2005-11-23,37.623775482177734,48.532501220703125,48.88125228881836,46.9743766784668,47.025001525878906,13187421
2005-11-24,38.24735641479492,49.336875915527344,49.72500228881836,48.442501068115234,48.82500076293945,14016879
2005-11-25,38.334564208984375,49.44937515258789,49.82625198364258,48.9993782043457,49.43250274658203,8866559
2005-11-28,38.82732391357422,50.08500289916992,50.625003814697266,49.39875030517578,49.95000076293945,10088248
2005-11-29,38.71830749511719,49.94437789916992,50.28750228881836,48.9431266784668,50.08500289916992,7897412
2005-11-30,36.91298294067383,47.61562728881836,50.355003356933594,47.250003814697266,48.82500076293945,13349430
2005-12-01,37.75459671020508,48.70125198364258,48.937503814697266,47.13750076293945,47.790000915527344,19150763
2005-12-02,37.64994812011719,48.566253662109375,49.57312774658203,48.161251068115234,48.937503814697266,8528710
2005-12-05,36.869388580322266,47.55937576293945,48.915000915527344,47.32875061035156,48.70125198364258,7580968
2005-12-06,37.309818267822266,48.12750244140625,48.763126373291016,47.160003662109375,47.70000076293945,13845545
2005-12-07,38.05984115600586,49.095001220703125,49.48875045776367,48.03750228881836,48.20625305175781,9868061
2005-12-08,37.97264099121094,48.98250198364258,49.48312759399414,47.823753356933594,49.16812515258789,16678550
2005-12-09,38.50027847290039,49.66312789916992,49.82625198364258,48.813751220703125,49.05000305175781,7444461
2005-12-12,38.09908676147461,49.145626068115234,50.2650032043457,48.375003814697266,49.82625198364258,7502444
2005-12-13,39.145652770996094,50.495628356933594,50.625003814697266,48.79125213623047,49.16250228881836,14450763
2005-12-14,38.82296371459961,50.079376220703125,51.153751373291016,49.72500228881836,50.51250076293945,9505866
2005-12-15,38.234275817871094,49.320003509521484,50.51250076293945,49.01062774658203,50.079376220703125,13027830
2005-12-16,38.52642822265625,49.696876525878906,49.90500259399414,48.948753356933594,49.500003814697266,12101963
2005-12-19,39.76923370361328,51.30000305175781,51.45750045776367,49.90500259399414,49.90500259399414,16181750
2005-12-20,40.53232955932617,52.28437805175781,52.509376525878906,51.525001525878906,51.750003814697266,22560061
2005-12-21,39.978538513183594,51.570003509521484,52.650001525878906,51.013126373291016,52.42500305175781,9752399
2005-12-22,40.33174514770508,52.02562713623047,52.650001525878906,51.339378356933594,51.97500228881836,7114426
2005-12-23,40.59339141845703,52.363128662109375,52.875003814697266,43.312503814697266,52.21125030517578,13071821
2005-12-26,39.572998046875,51.046878814697266,52.54312515258789,50.883750915527344,52.54312515258789,8182168
2005-12-27,40.31430435180664,52.00312805175781,52.19437789916992,50.45625305175781,50.883750915527344,5918230
2005-12-28,39.804107666015625,51.345001220703125,52.53750228881836,50.85000228881836,52.20000076293945,6125901
2005-12-29,40.4058837890625,52.12125015258789,52.30687713623047,50.75437545776367,51.6150016784668,12984381
2005-12-30,40.410247802734375,52.12687683105469,52.53750228881836,51.41250228881836,52.07625198364258,9731030
2006-01-02,40.266334533691406,51.941253662109375,52.25625228881836,51.22125244140625,51.97500228881836,5739386
2006-01-03,41.25185012817383,53.212501525878906,53.55000305175781,51.570003509521484,51.86250305175781,10226186
2006-01-04,41.95828628540039,54.12375259399414,54.562503814697266,53.493751525878906,53.493751525878906,10237021
2006-01-05,41.34342575073242,53.33062744140625,54.45000076293945,53.12812805175781,54.22500228881836,7463430
2006-01-06,41.225685119628906,53.17875289916992,53.437503814697266,50.73750305175781,53.437503814697266,8838764
2006-01-09,40.200931549072266,51.856876373291016,53.730003356933594,50.87812805175781,53.437503814697266,7719617
2006-01-10,40.087562561035156,51.710628509521484,52.413753509521484,51.31687545776367,51.91875076293945,10229670
2006-01-12,40.235816955566406,51.901878356933594,52.312503814697266,50.4056282043457,51.07500076293945,8517679
2006-01-13,40.1224365234375,51.7556266784668,52.28437805175781,51.446250915527344,51.750003814697266,8085101
2006-01-16,40.11807632446289,51.750003814697266,52.72875213623047,51.536251068115234,52.312503814697266,4349093
2006-01-17,39.1020393371582,50.43937683105469,52.58812713623047,50.1243782043457,51.536251068115234,7715706
2006-01-18,40.209659576416016,51.868125915527344,53.88750076293945,43.312503814697266,43.312503814697266,15749448
2006-01-19,43.4365348815918,56.0306282043457,57.03750228881836,52.312503814697266,52.312503814697266,28156754
2006-01-20,43.497589111328125,56.109378814697266,61.650001525878906,55.76062774658203,56.025001525878906,18543927
2006-01-23,42.935054779052734,55.383750915527344,55.80000305175781,54.292503356933594,55.76062774658203,9638977
2006-01-24,43.07025146484375,55.558128356933594,56.34000015258789,55.282501220703125,55.462501525878906,6717617
2006-01-25,44.32175827026367,57.17250061035156,57.993751525878906,55.687503814697266,55.687503814697266,18013830
2006-01-27,44.05575180053711,56.829376220703125,58.466251373291016,56.37375259399414,57.60000228881836,6765004
2006-01-30,45.56017303466797,58.77000045776367,59.24250030517578,56.250003814697266,56.92500305175781,10866399
2006-01-31,46.196842193603516,59.591251373291016,60.01875305175781,58.61250305175781,58.72500228881836,11969643
2006-02-01,45.54709243774414,58.75312805175781,59.956878662109375,58.275001525878906,59.625003814697266,5414879
2006-02-02,46.00059127807617,59.33812713623047,60.435001373291016,58.0837516784668,58.75312805175781,15762496
2006-02-03,45.00201416015625,58.05000305175781,61.35750198364258,57.75187683105469,60.97500228881836,21026887
2006-02-06,44.87119674682617,57.88125228881836,58.466251373291016,56.94750213623047,57.937503814697266,9541715
2006-02-07,45.381385803222656,58.53937530517578,59.062503814697266,58.06125259399414,58.16250228881836,9965466
2006-02-08,44.26506423950195,57.0993766784668,58.500003814697266,56.823753356933594,58.500003814697266,10389217
2006-02-10,44.683685302734375,57.63937759399414,58.95000076293945,56.97562789916992,58.230003356933594,11449510
2006-02-13,44.09500503540039,56.880001068115234,57.88687515258789,56.70000076293945,57.74062728881836,6383350
2006-02-14,42.83913040161133,55.26000213623047,57.476253509521484,55.125003814697266,56.812503814697266,11388657
2006-02-15,43.21413803100586,55.743751525878906,56.812503814697266,55.136253356933594,56.671878814697266,6887501
2006-02-16,42.7475471496582,55.141876220703125,56.351253509521484,54.92812728881836,55.81125259399414,8042372
2006-02-17,43.528106689453125,56.14875030517578,56.92500305175781,55.35000228881836,55.67625045776367,11121981
2006-02-20,44.55723190307617,57.476253509521484,57.712501525878906,55.603126525878906,56.250003814697266,11591483
2006-02-21,44.727298736572266,57.69562530517578,59.05125045776367,57.493125915527344,58.466251373291016,10446977
2006-02-22,45.03255081176758,58.089378356933594,58.466251373291016,56.29500198364258,57.937503814697266,6935812
2006-02-23,45.56017303466797,58.77000045776367,59.040000915527344,57.633750915527344,57.633750915527344,17806790
2006-02-24,45.045616149902344,58.10625076293945,58.72500228881836,57.84187698364258,58.72500228881836,5540959
2006-02-27,45.368309020996094,58.52250289916992,58.66875076293945,57.937503814697266,58.477500915527344,5428853
2006-02-28,45.39012145996094,58.550628662109375,59.05125045776367,57.82500076293945,58.66875076293945,13262808
2006-03-01,46.08346176147461,59.445003509521484,60.26625442504883,57.55500030517578,58.500003814697266,18172639
2006-03-02,46.270965576171875,59.6868782043457,60.97500228881836,59.31562805175781,59.80500030517578,11502337
2006-03-03,46.196842193603516,59.591251373291016,59.85000228881836,58.75312805175781,59.85000228881836,8379679
2006-03-06,46.105262756347656,59.47312545776367,60.16500473022461,59.0681266784668,59.73750305175781,4354222
2006-03-07,45.60378646850586,58.82625198364258,59.625003814697266,58.511253356933594,59.625003814697266,8069075
2006-03-08,44.251991271972656,57.08250045776367,58.837501525878906,56.812503814697266,58.837501525878906,12197928
2006-03-09,44.605194091796875,57.53812789916992,57.82500076293945,55.94062805175781,57.375003814697266,10554443
2006-03-10,45.38574981689453,58.54500198364258,58.82625198364258,57.17812728881836,57.712501525878906,9647083
2006-03-13,46.432308197021484,59.89500045776367,60.07500457763672,54.41062545776367,58.61250305175781,13197386
2006-03-14,45.494773864746094,58.68562698364258,60.750003814697266,58.33125305175781,60.750003814697266,6979706
2006-03-16,45.124114990234375,58.20750045776367,59.05125045776367,57.9993782043457,59.05125045776367,7849581
2006-03-17,45.38574981689453,58.54500198364258,59.05125045776367,58.38750076293945,59.05125045776367,5213733
2006-03-20,47.47014236450195,61.2337532043457,61.509376525878906,58.72500228881836,58.95000076293945,16377270
2006-03-21,46.414878845214844,59.872501373291016,61.875003814697266,59.400001525878906,60.86250305175781,7340035
2006-03-22,45.56017303466797,58.77000045776367,60.87375259399414,58.34250259399414,59.625003814697266,9130817
2006-03-23,45.59941482543945,58.82062530517578,59.47875213623047,58.5056266784668,59.36625289916992,7027972
2006-03-24,46.34074401855469,59.776878356933594,60.17062759399414,58.73062515258789,59.400001525878906,4589733
2006-03-27,45.36395263671875,58.516876220703125,60.187503814697266,58.286251068115234,60.187503814697266,8206861
2006-03-28,46.1401481628418,59.51812744140625,59.962501525878906,58.76437759399414,59.17500305175781,7109590
2006-03-29,47.33061599731445,61.05375289916992,61.30125427246094,59.65312576293945,59.65312576293945,8044061
2006-03-30,49.698448181152344,64.1081314086914,65.91374969482422,61.53750228881836,61.53750228881836,27697447
2006-03-31,48.813232421875,62.966251373291016,64.6875,62.14500427246094,64.6875,6734186
2006-04-03,48.83940505981445,63.000003814697266,63.9900016784668,62.493751525878906,63.562503814697266,6226728
2006-04-04,48.813232421875,62.966251373291016,64.09687805175781,62.718753814697266,63.562503814697266,6248719
2006-04-05,48.68240737915039,62.79750442504883,63.97875213623047,62.55000305175781,63.97875213623047,4722790
2006-04-07,47.160545349121094,60.83437728881836,64.05750274658203,60.55312728881836,63.68625259399414,11942666
2006-04-10,46.807334899902344,60.378753662109375,61.841251373291016,59.43937683105469,61.841251373291016,11005715
2006-04-12,45.09359359741211,58.16812515258789,60.41250228881836,57.78562545776367,60.41250228881836,16627243
2006-04-13,44.94532775878906,57.97687530517578,58.95000076293945,57.26250076293945,58.61250305175781,11253341
2006-04-17,47.18671798706055,60.86812973022461,61.312503814697266,57.82500076293945,58.320003509521484,13052310
2006-04-18,49.79001998901367,64.22624969482422,64.63125610351562,60.980628967285156,61.312503814697266,21115936
2006-04-19,48.85683059692383,63.02250289916992,67.38750457763672,62.493751525878906,66.26250457763672,36141162
2006-04-20,48.3248291015625,62.33625411987305,63.562503814697266,61.91437911987305,63.562503814697266,17575785
2006-04-21,47.871334075927734,61.751251220703125,63.18562698364258,60.198753356933594,62.6456298828125,10259012
2006-04-24,46.432308197021484,59.89500045776367,62.31937789916992,59.18625259399414,62.31937789916992,12389697
2006-04-25,45.956993103027344,59.28187561035156,60.50250244140625,58.80375289916992,59.625003814697266,7942915
2006-04-26,47.871334075927734,61.751251220703125,62.03812789916992,58.7868766784668,59.28750228881836,12769537
2006-04-27,47.72742462158203,61.56562805175781,63.331878662109375,60.187503814697266,62.03812789916992,15131074
2006-04-28,46.84657287597656,60.429378509521484,61.21125411987305,51.86250305175781,60.750003814697266,6105679
2006-05-02,47.034080505371094,60.6712532043457,61.85250473022461,60.31125259399414,60.345001220703125,4040044
2006-05-03,47.02536392211914,60.660003662109375,61.312503814697266,60.187503814697266,61.312503814697266,4037119
2006-05-04,47.169254302978516,60.84562683105469,61.751251220703125,60.187503814697266,61.312503814697266,5199084
2006-05-05,47.047157287597656,60.68812942504883,62.454376220703125,60.525001525878906,61.875003814697266,5840746
2006-05-08,46.96430206298828,60.58125305175781,61.42500305175781,60.03562927246094,61.34062957763672,6260364
2006-05-09,46.98176574707031,60.60375213623047,60.750003814697266,59.062503814697266,60.750003814697266,4485626
2006-05-10,47.3218879699707,61.042503356933594,61.593753814697266,60.525001525878906,60.525001525878906,6853670
2006-05-11,47.51811218261719,61.29562759399414,61.86375427246094,60.69375228881836,61.312503814697266,8233368
2006-05-12,47.49195861816406,61.261878967285156,61.76250457763672,60.04125213623047,60.69375228881836,9883848
2006-05-15,46.62417984008789,60.14250183105469,61.312503814697266,59.073753356933594,61.312503814697266,16390443
2006-05-16,46.584938049316406,60.09187698364258,60.96375274658203,58.40437698364258,60.750003814697266,13824612
2006-05-17,47.43962478637695,61.19437789916992,61.312503814697266,60.187503814697266,60.187503814697266,4088853
2006-05-18,44.26506423950195,57.0993766784668,60.626251220703125,55.57500076293945,60.525001525878906,7425492
2006-05-19,42.53388214111328,54.86625289916992,59.37750244140625,53.015628814697266,58.500003814697266,14757501
2006-05-22,38.53078842163086,49.7025032043457,56.250003814697266,48.150001525878906,55.23750305175781,15042603
2006-05-23,41.352149963378906,53.34187698364258,54.528751373291016,45.000003814697266,45.000003814697266,14917519
2006-05-24,39.62968444824219,51.12000274658203,55.125003814697266,50.625003814697266,55.125003814697266,11761279
2006-05-25,42.40742111206055,54.703128814697266,55.653751373291016,48.937503814697266,50.625003814697266,26134914
2006-05-26,41.42627716064453,53.437503814697266,55.80000305175781,51.750003814697266,53.88750076293945,14051252
2006-05-29,41.04689407348633,52.94812774658203,54.900001525878906,52.650001525878906,54.540000915527344,6905244
2006-05-30,41.08613586425781,52.99875259399414,54.45000076293945,52.3181266784668,53.10000228881836,9511155
2006-05-31,39.219783782958984,50.591251373291016,52.42500305175781,49.05000305175781,52.42500305175781,10886052
2006-06-01,38.78371047973633,50.028751373291016,52.53750228881836,48.723751068115234,50.85000228881836,16035732
2006-06-02,40.981483459472656,52.86375045776367,53.32500076293945,49.477500915527344,50.29312515258789,10393715
2006-06-05,39.900054931640625,51.468753814697266,53.98875045776367,50.85000228881836,53.14500045776367,8948070
2006-06-06,38.82732391357422,50.08500289916992,52.82437515258789,49.07250213623047,51.187503814697266,16924221
2006-06-07,38.840396881103516,50.10187530517578,51.0525016784668,48.82500076293945,49.77000045776367,9834221
2006-06-08,36.59030532836914,47.19937515258789,49.72500228881836,46.462501525878906,49.61250305175781,9749475
2006-06-09,37.92902374267578,48.92625045776367,49.567501068115234,46.1306266784668,47.250003814697266,8541697
2006-06-12,36.83014678955078,47.508750915527344,49.16250228881836,47.14875030517578,48.61125183105469,8780052
2006-06-13,34.47538757324219,44.47125244140625,47.250003814697266,43.98750305175781,47.250003814697266,8763946
2006-06-14,33.969547271728516,43.81875228881836,47.36250305175781,42.890628814697266,43.98750305175781,19853545
2006-06-15,36.62955856323242,47.250003814697266,47.74500274658203,45.000003814697266,45.78750228881836,7987724
2006-06-16,38.41741943359375,49.556251525878906,51.45750045776367,47.812503814697266,47.812503814697266,12769661
2006-06-19,38.01187515258789,49.03312683105469,50.625003814697266,47.32312774658203,48.954376220703125,11280888
2006-06-20,36.79526138305664,47.46375274658203,48.82500076293945,47.04187774658203,48.60000228881836,7813101
2006-06-21,38.27787399291992,49.376251220703125,50.05125045776367,47.812503814697266,47.913753509521484,11883377
2006-06-22,39.285194396972656,50.675628662109375,51.750003814697266,50.062503814697266,50.062503814697266,7249759
2006-06-23,40.955318450927734,52.83000183105469,54.562503814697266,48.41437530517578,50.52375030517578,8493821
2006-06-26,40.45820617675781,52.188751220703125,54.11250305175781,51.750003814697266,54.000003814697266,7386292
2006-06-27,41.33034133911133,53.313751220703125,54.45000076293945,51.07500076293945,52.312503814697266,13471928
2006-06-28,42.22427749633789,54.46687698364258,55.125003814697266,51.446250915527344,52.650001525878906,14384985
2006-06-29,43.77084732055664,55.878753662109375,56.250003814697266,54.22500228881836,54.46687698364258,23430985
2006-06-30,45.23809814453125,57.75187683105469,58.38750076293945,56.261253356933594,56.261253356933594,12083021
2006-07-03,44.281951904296875,56.531253814697266,58.20750045776367,55.86750030517578,58.20750045776367,10854043
2006-07-04,44.11892318725586,56.32312774658203,57.89250183105469,56.13750076293945,56.92500305175781,6478888
2006-07-05,43.784061431884766,55.895626068115234,57.36375045776367,55.07437515258789,57.36375045776367,25909447
2006-07-06,43.27734375,55.24875259399414,56.01375198364258,54.6243782043457,55.57500076293945,15213394
2006-07-07,41.31660842895508,52.745628356933594,56.18250274658203,52.329376220703125,55.51875305175781,12608070
2006-07-10,43.51968765258789,55.558128356933594,56.070003509521484,52.312503814697266,53.0212516784668,10435795
2006-07-11,43.66508865356445,55.743751525878906,56.92500305175781,54.12375259399414,56.80687713623047,11478123
2006-07-12,45.506866455078125,58.095001220703125,58.25250244140625,54.11250305175781,55.687503814697266,20139696
2006-07-13,44.29077911376953,56.542503356933594,58.38750076293945,56.250003814697266,58.16250228881836,10911075
2006-07-14,43.101104736328125,55.02375030517578,56.250003814697266,54.106876373291016,56.025001525878906,12266781
2006-07-17,42.18462371826172,53.85375213623047,55.35000228881836,53.437503814697266,54.894378662109375,11165697
2006-07-18,42.76182174682617,54.59062576293945,54.900001525878906,52.98750305175781,53.55000305175781,9447395
2006-07-19,40.39131546020508,51.56437683105469,56.10375213623047,50.85000228881836,55.25437545776367,27013216
2006-07-20,41.413536071777344,52.86937713623047,53.820003509521484,52.312503814697266,52.875003814697266,20027225
2006-07-21,39.567344665527344,50.51250076293945,52.86375045776367,49.96125030517578,52.312503814697266,18085874
2006-07-24,41.325416564941406,52.75687789916992,53.156253814697266,49.758750915527344,50.400001525878906,20233510
2006-07-25,41.40031051635742,52.852500915527344,55.11375045776367,52.44750213623047,53.98875045776367,10721101
2006-07-26,41.97753143310547,53.589378356933594,53.775001525878906,52.380001068115234,52.99875259399414,20399047
2006-07-27,43.5108757019043,55.546878814697266,56.126251220703125,53.66250228881836,54.22500228881836,22499687
2006-07-28,42.572357177734375,54.348751068115234,55.57500076293945,54.000003814697266,55.125003814697266,6767226
2006-07-31,43.250911712646484,55.21500015258789,56.250003814697266,54.489376068115234,55.01250076293945,10327617
2006-08-01,43.63424301147461,55.704376220703125,56.00250244140625,54.472503662109375,55.125003814697266,6204248
2006-08-02,44.29077911376953,56.542503356933594,56.70000076293945,54.92812728881836,55.687503814697266,7392675
2006-08-03,44.7930793762207,57.18375015258789,57.656253814697266,56.531253814697266,56.92500305175781,16231688
2006-08-04,44.7534065246582,57.13312530517578,57.915000915527344,56.542503356933594,56.92500305175781,10960186
2006-08-07,43.53730392456055,55.58062744140625,57.13312530517578,55.35000228881836,56.250003814697266,8108799
2006-08-08,44.2422981262207,56.48062515258789,56.74500274658203,55.698753356933594,56.74500274658203,4039573
2006-08-09,44.59919357299805,56.93625259399414,57.60000228881836,55.15312576293945,56.250003814697266,8221848
2006-08-10,45.41434097290039,57.97687530517578,58.320003509521484,56.812503814697266,57.375003814697266,8059012
2006-08-11,44.49786376953125,56.80687713623047,58.235626220703125,56.266876220703125,58.05000305175781,10294248
2006-08-14,44.956092834472656,57.391876220703125,57.58875274658203,56.60437774658203,56.812503814697266,4956710
2006-08-16,45.357059478759766,57.903751373291016,59.040000915527344,57.526878356933594,58.16250228881836,11476674
2006-08-17,45.05303192138672,57.515628814697266,58.466251373291016,57.251251220703125,57.937503814697266,6008906
2006-08-18,45.136756896972656,57.622501373291016,57.9431266784668,57.211875915527344,57.937503814697266,4779466
2006-08-21,45.00897979736328,57.45937728881836,57.8025016784668,56.70000076293945,57.48750305175781,8979608
2006-08-22,45.13233184814453,57.616878509521484,58.275001525878906,56.98125076293945,56.98125076293945,12184177
2006-08-23,45.031009674072266,57.48750305175781,57.915000915527344,57.03750228881836,57.915000915527344,7437084
2006-08-24,45.41875076293945,57.98250198364258,58.500003814697266,56.812503814697266,56.812503814697266,13253741
2006-08-25,45.00897979736328,57.45937728881836,58.4212532043457,57.26250076293945,58.05000305175781,6907057
2006-08-28,45.229278564453125,57.74062728881836,58.16250228881836,57.22875213623047,57.375003814697266,5884426
2006-08-29,46.317604064941406,59.130001068115234,59.400001525878906,57.937503814697266,58.16250228881836,8230675
2006-08-30,46.383689880371094,59.214378356933594,60.03562927246094,58.86000061035156,59.343753814697266,13942168
2006-08-31,45.70515060424805,58.34812545776367,59.73750305175781,57.937503814697266,59.23125076293945,12999083
2006-09-01,45.67430114746094,58.30875015258789,58.59000015258789,57.63937759399414,58.38750076293945,6802204
2006-09-04,46.06644058227539,58.80937576293945,59.062503814697266,58.33125305175781,58.33125305175781,4083359
2006-09-05,45.43635559082031,58.005001068115234,59.062503814697266,57.898128509521484,58.80375289916992,5647795
2006-09-06,46.0532341003418,58.792503356933594,59.062503814697266,57.62812805175781,58.16250228881836,5690399
2006-09-07,45.12793731689453,57.61125183105469,58.71375274658203,57.375003814697266,58.71375274658203,5172488
2006-09-08,44.87238311767578,57.285003662109375,57.78562545776367,56.823753356933594,57.712501525878906,5422284
2006-09-11,44.03080368041992,56.210628509521484,57.60000228881836,55.687503814697266,57.375003814697266,9090132
2006-09-12,44.37008285522461,56.64375305175781,56.92500305175781,55.01250076293945,56.306251525878906,9984532
2006-09-13,45.24690628051758,57.763126373291016,58.05000305175781,56.812503814697266,57.48750305175781,5026088
2006-09-14,45.14555740356445,57.633750915527344,58.33125305175781,57.26812744140625,57.948753356933594,5329466
2006-09-15,44.845947265625,57.251251220703125,57.8025016784668,56.92500305175781,57.60000228881836,7224115
2006-09-18,45.27775192260742,57.8025016784668,58.16250228881836,57.27375030517578,57.27375030517578,5804924
2006-09-19,45.18522262573242,57.68437576293945,58.500003814697266,57.2962532043457,57.8025016784668,7545866
2006-09-20,45.61262512207031,58.230003356933594,58.466251373291016,56.868751525878906,57.431251525878906,4333795
2006-09-21,46.1413459777832,58.90500259399414,59.062503814697266,57.937503814697266,57.937503814697266,10419083
2006-09-22,45.75802230834961,58.415626525878906,59.062503814697266,58.24687576293945,59.062503814697266,7876764
2006-09-25,44.94289016723633,57.375003814697266,58.651878356933594,56.85187530517578,58.38750076293945,5836701
2006-09-26,46.383689880371094,59.214378356933594,59.33250045776367,57.41437530517578,57.82500076293945,12422746
2006-09-27,45.87698745727539,58.567501068115234,59.57437515258789,58.31437683105469,59.42250061035156,7880435
2006-09-28,45.982730865478516,58.7025032043457,59.27625274658203,58.500003814697266,58.82625198364258,6606310
2006-09-29,46.25592041015625,59.05125045776367,59.61375045776367,58.651878356933594,59.01187515258789,6195413
2006-10-03,45.78887176513672,58.45500183105469,59.05125045776367,58.01625061035156,59.05125045776367,3256275
2006-10-04,44.66529846191406,57.020626068115234,58.75312805175781,56.823753356933594,58.75312805175781,8113919
2006-10-05,45.899009704589844,58.59562683105469,58.837501525878906,57.50437545776367,57.937503814697266,6625288
2006-10-06,45.32181167602539,57.8587532043457,59.062503814697266,57.60000228881836,58.72500228881836,6176568
2006-10-09,45.44078063964844,58.01062774658203,58.25250244140625,57.375003814697266,57.82500076293945,5009759
2006-10-10,45.80649185180664,58.477500915527344,59.040000915527344,58.05000305175781,59.040000915527344,4998915
2006-10-11,46.60401153564453,59.495628356933594,60.30000305175781,59.062503814697266,59.062503814697266,16203670
2006-10-12,48.04922103881836,61.34062957763672,61.53750228881836,59.062503814697266,59.73750305175781,10009857
2006-10-13,49.13314437866211,62.7243766784668,62.98875427246094,61.53750228881836,61.875003814697266,13031368
2006-10-16,50.28315734863281,64.1925048828125,64.4625015258789,63.000003814697266,63.000003814697266,11731403
2006-10-17,50.68411636352539,64.70437622070312,66.90375518798828,63.93937683105469,66.90375518798828,12509901
2006-10-18,49.13314437866211,62.7243766784668,66.19499969482422,62.448753356933594,65.47500610351562,25214434
2006-10-19,48.520687103271484,61.9425048828125,64.60874938964844,61.5206298828125,64.60874938964844,28117545
2006-10-20,49.045013427734375,62.61187744140625,63.49500274658203,61.98750305175781,62.10000228881836,7061510
2006-10-23,48.22987747192383,61.57125473022461,62.775001525878906,61.188751220703125,62.589378356933594,6502933
2006-10-26,49.093482971191406,62.67375183105469,62.820003509521484,61.650001525878906,61.650001525878906,17107954
2006-10-27,49.63104248046875,63.36000442504883,63.562503814697266,62.38125228881836,62.769378662109375,7614461
2006-10-30,48.8687858581543,62.386878967285156,63.11250305175781,61.891876220703125,63.11250305175781,7953341
2006-10-31,47.436771392822266,60.558753967285156,62.775001525878906,60.31125259399414,62.55000305175781,10948319
2006-11-01,47.36626052856445,60.468753814697266,61.20000457763672,59.962501525878906,60.86250305175781,8262461
2006-11-02,46.98292922973633,59.97937774658203,61.087501525878906,59.765628814697266,60.30000305175781,10985492
2006-11-03,46.64365768432617,59.5462532043457,60.51375198364258,58.90500259399414,60.51375198364258,11781199
2006-11-06,46.88157653808594,59.85000228881836,60.63750457763672,59.636253356933594,60.63750457763672,5113333
2006-11-07,46.789066314697266,59.731876373291016,60.626251220703125,59.51250076293945,60.30000305175781,5662008
2006-11-08,47.172401428222656,60.22125244140625,60.41250228881836,55.63125228881836,59.73750305175781,5150541
2006-11-09,47.049034118652344,60.063751220703125,60.69375228881836,59.51250076293945,60.468753814697266,6178853
2006-11-10,47.29136657714844,60.37312698364258,60.525001525878906,59.400001525878906,60.35625457763672,4907110
2006-11-13,47.76723861694336,60.980628967285156,61.16625213623047,60.07500457763672,60.525001525878906,4328035
2006-11-14,48.062442779541016,61.35750198364258,61.92000198364258,60.980628967285156,61.42500305175781,5893555
2006-11-15,48.29597854614258,61.6556282043457,63.562503814697266,50.56875228881836,50.56875228881836,6603919
2006-11-16,48.789459228515625,62.28562927246094,62.437503814697266,61.453128814697266,61.6556282043457,11696426
2006-11-17,48.48984146118164,61.90312957763672,62.437503814697266,61.43062973022461,62.42625427246094,5335217
2006-11-20,48.86436080932617,62.38125228881836,62.775001525878906,60.88500213623047,61.875003814697266,5655510
2006-11-21,50.16859817504883,64.04624938964844,64.23188018798828,62.448753356933594,63.900001525878906,8912132
2006-11-22,51.560943603515625,65.8237533569336,66.60000610351562,63.562503814697266,63.562503814697266,15049030
2006-11-23,51.35385513305664,65.55937957763672,66.92625427246094,64.71000671386719,66.375,9413875
2006-11-24,52.00596237182617,66.39187622070312,66.70125579833984,63.151878356933594,65.8125,7095501
2006-11-27,52.98853302001953,67.64625549316406,68.04000091552734,65.36812591552734,66.36937713623047,9306559
2006-11-28,51.58296585083008,65.85187530517578,67.05562591552734,65.41875457763672,67.05562591552734,9558932
2006-11-29,51.362667083740234,65.57062530517578,66.59437561035156,65.390625,66.375,4626044
2006-11-30,52.86515808105469,67.48875427246094,75.375,65.60437774658203,67.5,14926968
2006-12-01,52.96650314331055,67.61812591552734,68.61375427246094,67.39312744140625,68.05687713623047,8308728
2006-12-04,52.0588493347168,66.45938110351562,67.72500610351562,66.1500015258789,67.61812591552734,5035990
2006-12-05,52.283546447753906,66.74625396728516,67.61250305175781,66.54375457763672,67.5,4080044
2006-12-06,51.98833465576172,66.36937713623047,67.61250305175781,66.06562805175781,66.82500457763672,4636061
2006-12-07,51.48602294921875,65.7281265258789,66.48750305175781,65.27812957763672,66.26250457763672,7783519
2006-12-08,50.84273147583008,64.90687561035156,65.7281265258789,64.49625396728516,65.7281265258789,7579226
2006-12-11,49.983524322509766,63.810001373291016,65.7281265258789,62.7806282043457,65.7281265258789,6567288
2006-12-12,49.21685791015625,62.83125305175781,64.65375518798828,62.10000228881836,64.11375427246094,7976799
2006-12-13,48.94808578491211,62.488128662109375,63.7650032043457,60.86250305175781,62.83125305175781,9250977
2006-12-14,50.19062042236328,64.07437896728516,64.67625427246094,61.20562744140625,63.11250305175781,6332470
2006-12-15,49.935054779052734,63.74812698364258,65.36250305175781,63.45000457763672,64.35000610351562,10926826
2006-12-18,51.37588119506836,65.5875015258789,65.92500305175781,58.68562698364258,58.68562698364258,6699590
2006-12-19,49.94387435913086,63.759376525878906,65.8125,62.4993782043457,65.70000457763672,9384079
2006-12-20,48.93045425415039,62.46562957763672,65.1206283569336,61.4587516784668,64.1812515258789,12040052
2006-12-21,49.1948356628418,62.80312728881836,63.562503814697266,61.323753356933594,62.66250228881836,7678399
2006-12-22,50.62683868408203,64.63125610351562,65.25,62.347503662109375,62.99437713623047,9264408
2006-12-26,52.65365982055664,67.21875,67.46625518798828,64.23750305175781,64.6875,7576772
2006-12-27,53.49965286254883,68.29875183105469,68.60250091552734,66.54375457763672,67.44375610351562,9731857
2006-12-28,53.61861801147461,68.45063018798828,68.94000244140625,67.61250305175781,68.51250457763672,10070426
2006-12-29,53.39390182495117,68.16374969482422,69.06375122070312,67.61250305175781,68.73750305175781,4224657
2007-01-02,53.89179992675781,68.79937744140625,69.16500091552734,67.75875091552734,67.8375015258789,4270390
2007-01-03,54.654075622558594,69.77250671386719,69.9581298828125,68.29875183105469,68.85000610351562,9654710
2007-01-04,53.446773529052734,68.23125457763672,69.97500610351562,68.0625,69.97500610351562,7675039
2007-01-05,52.70212173461914,67.28062438964844,68.625,66.9375,68.51250457763672,5543573
2007-01-08,50.979312896728516,65.08125305175781,67.33125305175781,64.80000305175781,67.05000305175781,7417777
2007-01-09,51.10268783569336,65.23875427246094,65.98125457763672,64.125,65.70000457763672,5961830
2007-01-10,51.99714660644531,66.38063049316406,67.05000305175781,63.151878356933594,65.8125,12217146
2007-01-11,54.5968017578125,69.69937896728516,69.97500610351562,65.25,66.375,15291874
2007-01-12,55.2048454284668,70.47563171386719,70.81875610351562,69.75,69.75,7758595
2007-01-15,55.248905181884766,70.53187561035156,71.26875305175781,69.97500610351562,71.03250122070312,5030346
2007-01-16,56.125736236572266,71.65125274658203,71.859375,70.33500671386719,70.875,7574390
2007-01-17,55.86136245727539,71.31375122070312,73.36125183105469,71.04375457763672,73.36125183105469,15857563
2007-01-18,56.53990173339844,72.18000030517578,72.9000015258789,71.4375,71.66250610351562,8374906
2007-01-19,54.6937255859375,69.82312774658203,72.3375015258789,69.13125610351562,71.66250610351562,7319448
2007-01-22,54.7906608581543,69.9468765258789,70.75688171386719,68.85000610351562,68.85000610351562,6143635
2007-01-23,54.7025260925293,69.83438110351562,70.31813049316406,69.2550048828125,70.3125,3753466
2007-01-24,55.77322769165039,71.20125579833984,71.4375,69.41250610351562,69.5250015258789,3565262
2007-01-25,57.39471435546875,73.27125549316406,75.9375,70.9987564086914,71.93250274658203,11754746
2007-01-29,55.54411315917969,70.90875244140625,73.44562530517578,70.09312438964844,73.27125549316406,5773546
2007-01-31,54.0416145324707,68.99063110351562,71.85375213623047,68.625,70.98750305175781,6201724
2007-02-01,54.8391227722168,70.00875091552734,70.59375,69.54187774658203,70.29000091552734,6945652
2007-02-02,56.672088623046875,72.3487548828125,73.125,70.42500305175781,70.875,13343065
2007-02-05,55.8569450378418,71.3081283569336,72.77625274658203,70.98750305175781,72.5625,3888746
2007-02-06,55.940670013427734,71.41500091552734,72.01687622070312,70.453125,71.32500457763672,3552950
2007-02-07,56.645668029785156,72.31500244140625,72.67500305175781,71.00437927246094,71.55000305175781,5163733
2007-02-08,55.99794006347656,71.48812866210938,72.55125427246094,71.24063110351562,72.31500244140625,2760817
2007-02-09,56.672088623046875,72.3487548828125,72.88312530517578,71.4375,71.88750457763672,4570666
2007-02-12,55.552913665771484,70.92000579833984,72.9000015258789,70.42500305175781,71.2800064086914,4609270
2007-02-13,56.20502853393555,71.75250244140625,73.01250457763672,70.20000457763672,70.76250457763672,6171155
2007-02-14,57.29777908325195,73.14750671386719,73.57500457763672,70.35187530517578,71.75250244140625,6224195
2007-02-15,59.65946960449219,76.16250610351562,76.86563110351562,73.125,73.125,9975172
2007-02-19,60.033992767333984,76.640625,77.73750305175781,76.12313079833984,76.61250305175781,6656844
2007-02-20,58.535892486572266,74.7281265258789,76.86563110351562,74.37937927246094,75.375,3502862
2007-02-21,58.90160369873047,75.19499969482422,76.21875,73.8112564086914,74.4581298828125,8107857
2007-02-22,57.26692199707031,73.1081314086914,76.71937561035156,72.140625,75.19499969482422,12888826
2007-02-23,54.92723846435547,70.12125396728516,75.03750610351562,69.75,75.03750610351562,8475128
2007-02-26,54.07244873046875,69.0300064086914,70.63875579833984,66.76875305175781,70.3125,11575092
2007-02-27,53.27494430541992,68.01187896728516,69.72750091552734,63.8493766784668,69.1875,9274906
2007-02-28,49.560546875,63.27000427246094,67.03874969482422,61.84687805175781,66.03750610351562,20334292
2007-03-01,52.124942779541016,66.54375457763672,67.38750457763672,60.750003814697266,64.99125671386719,20079616
2007-03-02,50.600406646728516,64.59750366210938,66.66188049316406,63.78750228881836,65.8125,9917999
2007-03-05,47.31779479980469,60.40687942504883,64.125,59.304378509521484,64.125,12728088
2007-03-06,50.96169662475586,65.05875396728516,65.52562713623047,60.750003814697266,60.750003814697266,13474852
2007-03-07,48.807090759277344,62.308128356933594,66.56625366210938,61.12687683105469,66.1500015258789,20155403
2007-03-08,50.45058059692383,64.40625,65.36250305175781,62.437503814697266,62.437503814697266,12941519
2007-03-09,49.84693908691406,63.63562774658203,65.80125427246094,63.18562698364258,65.0250015258789,7165164
2007-03-12,50.388885498046875,64.32749938964844,66.375,63.93937683105469,64.125,10298888
2007-03-13,51.45519256591797,65.68875122070312,65.91938018798828,64.2768783569336,64.91250610351562,5035724
2007-03-14,48.93045425415039,62.46562957763672,64.6875,61.875003814697266,64.6875,13189252
2007-03-15,49.55174255371094,63.25875473022461,67.24125671386719,62.820003509521484,64.35000610351562,7366764
2007-03-16,49.81169891357422,63.59062957763672,67.24125671386719,62.55562973022461,63.562503814697266,5744844
2007-03-19,50.95729446411133,65.05313110351562,65.36250305175781,63.562503814697266,64.125,4156595
2007-03-20,50.52989959716797,64.50749969482422,66.03750610351562,64.1925048828125,65.19375610351562,5781928
2007-03-21,51.26572799682617,65.4468765258789,66.375,61.90312957763672,61.90312957763672,4079928
2007-03-22,52.40693664550781,66.90375518798828,67.47750091552734,66.1500015258789,66.1500015258789,4991226
2007-03-23,52.63603973388672,67.19625091552734,68.56875610351562,66.51000213623047,66.94313049316406,8317635
2007-03-26,51.694053649902344,65.44125366210938,68.02875518798828,60.761253356933594,67.47750091552734,6310666
2007-03-28,49.68566131591797,62.89875411987305,65.66625213623047,62.437503814697266,65.66625213623047,12630772
2007-03-29,50.289947509765625,63.663753509521484,65.41313171386719,62.437503814697266,64.125,20233261
2007-03-30,49.712303161621094,62.93250274658203,65.21625518798828,62.60625457763672,64.125,6358977
2007-04-02,46.09986877441406,58.359378814697266,63.45000457763672,57.937503814697266,62.95500183105469,12450177
2007-04-03,47.477298736572266,60.103126525878906,60.49125289916992,58.359378814697266,58.38750076293945,9890817
2007-04-04,48.81918716430664,61.8018798828125,62.14500427246094,60.328128814697266,60.525001525878906,14131945
2007-04-05,49.1080207824707,62.167503356933594,62.60625457763672,60.766876220703125,62.11125183105469,7839297
2007-04-09,49.836734771728516,63.090003967285156,63.78750228881836,59.85000228881836,61.875003814697266,5094204
2007-04-10,48.67256546020508,61.61625289916992,63.562503814697266,61.42500305175781,63.562503814697266,5984408
2007-04-11,48.632572174072266,61.56562805175781,63.562503814697266,60.98625183105469,63.562503814697266,8121564
2007-04-12,48.028282165527344,60.800628662109375,61.312503814697266,60.3337516784668,61.312503814697266,6522959
2007-04-13,50.445472717285156,63.860626220703125,64.1812515258789,60.41250228881836,61.42500305175781,19178665
2007-04-16,52.04951477050781,65.89125061035156,66.26250457763672,64.125,64.125,9877021
2007-04-17,51.00533676147461,64.56938171386719,66.9375,64.125,66.9375,8837564
2007-04-18,52.06285095214844,65.90812683105469,66.20625305175781,64.23750305175781,64.23750305175781,6861910
2007-04-19,51.1741828918457,64.78312683105469,65.75625610351562,64.35000610351562,64.80000305175781,8799635
2007-04-20,50.765380859375,64.265625,68.04000091552734,63.12937927246094,65.8125,29287758
2007-04-23,50.42325210571289,63.83250427246094,66.375,63.69750213623047,66.375,9649066
2007-04-24,49.285736083984375,62.39250183105469,64.23750305175781,62.04375457763672,63.55687713623047,16219874
2007-04-25,49.392398834228516,62.527503967285156,62.84812927246094,61.312503814697266,61.323753356933594,11308212
2007-04-26,50.09000015258789,63.41062927246094,64.01250457763672,62.437503814697266,63.011253356933594,19608799
2007-04-27,50.276611328125,63.64687728881836,64.13063049316406,62.589378356933594,64.01250457763672,8273252
2007-04-30,50.796485900878906,64.30500030517578,64.65375518798828,63.11250305175781,63.562503814697266,5308924
2007-05-03,50.73427200317383,64.22624969482422,65.80687713623047,63.73125457763672,64.91250610351562,11052941
2007-05-04,50.414363861083984,63.82125473022461,71.4375,63.11250305175781,71.4375,7781430
2007-05-07,49.1080207824707,62.167503356933594,64.35000610351562,62.015628814697266,64.35000610351562,5459937
2007-05-08,48.64146423339844,61.57687759399414,62.7806282043457,61.368751525878906,61.875003814697266,9878515
2007-05-09,48.91694259643555,61.925628662109375,62.167503356933594,60.87375259399414,61.312503814697266,9182701
2007-05-10,49.121334075927734,62.18437957763672,63.6243782043457,60.890628814697266,62.403751373291016,17234665
2007-05-11,48.503719329833984,61.402503967285156,63.54000473022461,60.384376525878906,63.54000473022461,12691590
2007-05-14,48.348201751708984,61.20562744140625,62.8650016784668,61.02562713623047,62.015628814697266,7193137
2007-05-15,47.54838943481445,60.1931266784668,61.80750274658203,59.74875259399414,61.20000457763672,13846114
2007-05-16,48.037166595458984,60.8118782043457,61.16625213623047,59.625003814697266,60.30000305175781,11438203
2007-05-17,48.59702682495117,61.5206298828125,61.71750259399414,60.806251525878906,61.650001525878906,5708266
2007-05-18,48.281551361083984,61.121253967285156,62.06062698364258,60.97500228881836,61.312503814697266,7212950
2007-05-21,47.46397399902344,60.08625411987305,61.650001525878906,59.906253814697266,61.20000457763672,12495412
2007-05-22,47.29512023925781,59.872501373291016,60.97500228881836,59.51250076293945,60.187503814697266,9219981
2007-05-23,47.53951644897461,60.18187713623047,60.49125289916992,59.692501068115234,59.872501373291016,5030061
2007-05-24,47.31290054321289,59.89500045776367,60.73875427246094,59.411251068115234,59.74875259399414,5623404
2007-05-25,48.29043960571289,61.132503509521484,61.30125427246094,58.96125030517578,59.625003814697266,9755430
2007-05-28,47.96162033081055,60.716251373291016,63.41625213623047,60.30000305175781,62.437503814697266,9065830
2007-05-29,48.041603088378906,60.8175048828125,61.05375289916992,60.22125244140625,60.97500228881836,9108488
2007-05-30,47.68169403076172,60.36187744140625,60.72750473022461,59.906253814697266,60.72750473022461,8079759
2007-05-31,48.31709671020508,61.16625213623047,61.650001525878906,60.198753356933594,61.07625198364258,16769696
2007-06-01,48.365966796875,61.228126525878906,61.695003509521484,60.890628814697266,61.695003509521484,7491697
2007-06-04,47.44620132446289,60.063751220703125,61.86375427246094,59.85000228881836,61.86375427246094,3868213
2007-06-05,47.566165924072266,60.21562957763672,60.91875457763672,59.64750289916992,60.13125228881836,7498381
2007-06-06,47.299564361572266,59.87812805175781,61.312503814697266,59.675628662109375,61.312503814697266,10298337
2007-06-07,48.46817398071289,61.35750198364258,61.785003662109375,57.26250076293945,57.26250076293945,13272790
2007-06-08,48.66368865966797,61.605003356933594,62.353126525878906,60.2493782043457,60.750003814697266,15841403
2007-06-11,48.23711013793945,61.06500244140625,62.67375183105469,60.750003814697266,62.42625427246094,5638790
2007-06-12,47.872764587402344,60.60375213623047,61.42500305175781,60.00187683105469,61.0987548828125,2875590
2007-06-13,47.13960266113281,59.675628662109375,60.626251220703125,59.220001220703125,59.85000228881836,10608906
2007-06-14,47.31290054321289,59.89500045776367,70.57125091552734,59.79375076293945,60.86250305175781,3394506
2007-06-15,47.1440544128418,59.681251525878906,60.68250274658203,59.625003814697266,60.187503814697266,5324533
2007-06-18,46.48198699951172,58.8431282043457,61.86375427246094,58.67437744140625,61.86375427246094,3772604
2007-06-19,46.34868240356445,58.67437744140625,59.14687728881836,57.48750305175781,57.48750305175781,5892044
2007-06-20,46.46421432495117,58.82062530517578,59.45625305175781,58.500003814697266,58.837501525878906,8213270
2007-06-21,46.637508392333984,59.040000915527344,59.625003814697266,58.196250915527344,59.062503814697266,3789093
2007-06-22,45.97100067138672,58.196250915527344,59.400001525878906,57.937503814697266,59.040000915527344,6735004
2007-06-25,45.815486907958984,57.9993782043457,58.376251220703125,57.375003814697266,58.196250915527344,6857341
2007-06-26,45.211185455322266,57.234378814697266,58.38750076293945,56.812503814697266,57.60000228881836,4261804
2007-06-27,45.313377380371094,57.36375045776367,57.82500076293945,57.06562805175781,57.234378814697266,6153466
2007-06-28,45.8387336730957,57.915000915527344,58.359378814697266,57.03750228881836,57.82500076293945,12082079
2007-06-29,46.16373825073242,58.325626373291016,58.500003814697266,57.72937774658203,58.16250228881836,7470239
2007-07-02,45.6517448425293,57.67875289916992,58.72500228881836,57.20625305175781,57.937503814697266,4305333
2007-07-03,45.869895935058594,57.954376220703125,58.35375213623047,57.76875305175781,58.33125305175781,2409306
2007-07-04,45.30002975463867,57.234378814697266,58.179378509521484,56.99250030517578,57.375003814697266,7961981
2007-07-05,44.93495559692383,56.773128509521484,57.60000228881836,55.42875289916992,55.42875289916992,4614826
2007-07-06,46.266136169433594,58.45500183105469,58.61250305175781,56.728126525878906,56.94750213623047,15602274
2007-07-09,46.75141143798828,59.0681266784668,59.51250076293945,58.53375244140625,59.062503814697266,10574221
2007-07-10,46.23942565917969,58.4212532043457,59.681251525878906,58.16250228881836,59.17500305175781,8492497
2007-07-11,45.513729095458984,57.50437545776367,59.05125045776367,57.150001525878906,59.040000915527344,8845955
2007-07-12,45.549346923828125,57.54937744140625,57.915000915527344,57.26250076293945,57.656253814697266,5135830
2007-07-13,45.63838577270508,57.6618766784668,58.038753509521484,56.953128814697266,57.937503814697266,10068870
2007-07-16,44.73906326293945,56.52562713623047,57.712501525878906,56.086875915527344,57.70125198364258,8089670
2007-07-17,44.997291564941406,56.85187530517578,57.150001525878906,56.52000045776367,57.02625274658203,5876790
2007-07-18,45.086326599121094,56.964378356933594,57.22312545776367,56.60437774658203,57.03750228881836,4375297
2007-07-19,44.9794807434082,56.829376220703125,57.251251220703125,55.47937774658203,55.47937774658203,12069679
2007-07-20,44.98392868041992,56.83500289916992,57.58875274658203,56.70562744140625,56.92500305175781,12176070
2007-07-23,45.32228469848633,57.26250076293945,57.616878509521484,56.52562713623047,56.812503814697266,5978488
2007-07-24,45.010650634765625,56.868751525878906,57.375003814697266,56.60437774658203,57.31875228881836,4143190
2007-07-25,44.41851043701172,56.120628356933594,56.92500305175781,55.80000305175781,56.812503814697266,13056443
2007-07-26,45.767494201660156,57.82500076293945,59.85000228881836,55.698753356933594,56.351253509521484,16907830
2007-07-27,43.87091064453125,55.42875289916992,57.515628814697266,55.125003814697266,57.515628814697266,10465883
2007-07-30,43.94659423828125,55.524375915527344,55.687503814697266,54.69750213623047,55.42875289916992,4357910
2007-07-31,44.28494644165039,55.95187759399414,56.216251373291016,54.79875183105469,55.29375076293945,4958959
2007-08-01,42.43288040161133,53.61187744140625,55.45125198364258,53.04375076293945,55.23750305175781,12078692
2007-08-02,41.15068054199219,51.991878509521484,54.55687713623047,51.78375244140625,54.55687713623047,10004035
2007-08-03,41.86747360229492,52.89750289916992,57.36375045776367,52.20000076293945,57.36375045776367,12735954
2007-08-06,40.72774124145508,51.45750045776367,52.90875244140625,51.00187683105469,51.750003814697266,6529066
2007-08-07,40.93252944946289,51.716251373291016,54.528751373291016,51.41250228881836,52.84687805175781,11436559
2007-08-08,42.45068359375,53.634376525878906,54.45000076293945,52.39125061035156,52.39125061035156,17901519
2007-08-09,42.5352783203125,53.74125289916992,54.50625228881836,53.55000305175781,54.0056266784668,11348781
2007-08-10,42.762332916259766,54.02812576293945,54.337501525878906,51.525001525878906,53.403751373291016,10716275
2007-08-13,42.75788116455078,54.02250289916992,54.32625198364258,53.437503814697266,54.140628814697266,5603004
2007-08-14,42.86918640136719,54.16312789916992,54.49500274658203,53.67375183105469,54.45000076293945,3762195
2007-08-16,41.80067825317383,52.81312561035156,53.437503814697266,51.4743766784668,51.97500228881836,7311359
2007-08-17,42.24144744873047,53.37000274658203,54.22500228881836,50.062503814697266,52.53750228881836,13228150
2007-08-20,41.78288269042969,52.790626525878906,55.99125289916992,52.16625213623047,53.93250274658203,11455368
2007-08-21,39.78833770751953,50.270626068115234,54.337501525878906,49.500003814697266,54.337501525878906,12126897
2007-08-22,40.3626594543457,50.99625015258789,51.40125274658203,48.937503814697266,50.85000228881836,10790790
2007-08-23,39.95307159423828,50.47875213623047,52.841251373291016,49.38187789916992,52.841251373291016,4044995
2007-08-24,40.72774124145508,51.45750045776367,52.30125045776367,50.03437805175781,52.30125045776367,6478079
2007-08-27,41.351036071777344,52.24500274658203,52.53750228881836,50.88937759399414,51.750003814697266,4716097
2007-08-28,41.560264587402344,52.509376525878906,52.875003814697266,51.586875915527344,51.750003814697266,6629324
2007-08-29,41.849666595458984,52.875003814697266,53.10000228881836,50.9681282043457,52.031253814697266,7505155
2007-08-30,42.5352783203125,53.74125289916992,54.53437805175781,52.68937683105469,53.66250228881836,14690452
2007-08-31,42.949317932128906,54.26437759399414,54.92812728881836,53.437503814697266,53.88750076293945,6535928
2007-09-03,42.27261734008789,53.40937805175781,54.67500305175781,53.2181282043457,54.67500305175781,7096799
2007-09-04,41.489044189453125,52.419376373291016,54.87750244140625,51.98625183105469,54.22500228881836,7213724
2007-09-05,42.103424072265625,53.19562530517578,53.628753662109375,52.66687774658203,52.83000183105469,11693617
2007-09-06,42.56200408935547,53.775001525878906,53.977500915527344,52.42500305175781,52.42500305175781,6380541
2007-09-07,42.584251403808594,53.80312728881836,54.056251525878906,52.90875244140625,53.775001525878906,7101670
2007-09-10,41.41335678100586,52.323753356933594,53.37562561035156,52.20000076293945,52.98750305175781,6036790
2007-09-11,40.55410385131836,51.238128662109375,52.875003814697266,51.08625030517578,52.875003814697266,5034728
2007-09-12,40.295875549316406,50.9118766784668,51.79500198364258,50.636253356933594,51.69375228881836,3216133
2007-09-13,40.63868713378906,51.345001220703125,51.6150016784668,50.59687805175781,51.41250228881836,5457377
2007-09-14,40.09107971191406,50.65312576293945,51.97500228881836,50.17500305175781,51.97500228881836,3907537
2007-09-17,40.01539611816406,50.55750274658203,51.07500076293945,50.31562805175781,50.917503356933594,3731395
2007-09-18,39.5523796081543,49.972503662109375,50.83875274658203,49.837501525878906,50.83875274658203,10842088
2007-09-19,39.930809020996094,50.450626373291016,51.73875045776367,50.23125076293945,50.906253814697266,13439874
2007-09-20,38.70647430419922,48.903751373291016,50.625003814697266,48.7181282043457,50.17500305175781,7051839
2007-09-21,39.062644958496094,49.35375213623047,49.837501525878906,47.829376220703125,48.60000228881836,17872345
2007-09-24,39.47224426269531,49.87125015258789,50.343753814697266,48.6618766784668,49.500003814697266,17012719
2007-09-25,38.81333923339844,49.038753509521484,50.2650032043457,48.88125228881836,50.17500305175781,10043377
2007-09-26,40.46061325073242,51.12000274658203,53.4431266784668,49.500003814697266,49.500003814697266,17485296
2007-09-27,40.99485397338867,51.79500198364258,52.312503814697266,51.187503814697266,51.51375198364258,18486621
2007-09-28,40.981502532958984,51.77812576293945,52.76250076293945,51.41812515258789,52.53750228881836,10836008
2007-10-01,40.44725036621094,51.103126525878906,52.7400016784668,50.1243782043457,51.97500228881836,10854532
2007-10-03,41.88528060913086,52.92000198364258,53.437503814697266,51.31687545776367,51.31687545776367,17977341
2007-10-04,41.14176559448242,51.98062515258789,52.70625305175781,51.536251068115234,52.53750228881836,13220577
2007-10-05,40.97260665893555,51.766876220703125,52.30125045776367,51.01875305175781,52.30125045776367,9338577
2007-10-08,41.805145263671875,52.81875228881836,53.00437545776367,51.187503814697266,52.312503814697266,13184737
2007-10-09,43.54146194458008,55.01250076293945,55.33875274658203,51.78937530517578,52.76250076293945,19925127
2007-10-10,44.814754486083984,56.62125015258789,56.953128814697266,54.45562744140625,55.35562515258789,16082612
2007-10-11,43.45241165161133,54.900001525878906,56.812503814697266,53.578128814697266,56.70000076293945,18346941
2007-10-12,43.34556198120117,54.7650032043457,55.125003814697266,53.032501220703125,54.02812576293945,10575332
2007-10-15,43.82638931274414,55.372501373291016,56.250003814697266,53.33625030517578,54.78750228881836,13462701
2007-10-16,43.252071380615234,54.64687728881836,55.67062759399414,54.151878356933594,55.45125198364258,12489066
2007-10-17,43.4791145324707,54.93375015258789,55.125003814697266,52.087501525878906,52.875003814697266,7811626
2007-10-18,43.96885299682617,55.5525016784668,57.03750228881836,53.88750076293945,55.687503814697266,19437643
2007-10-19,44.516448974609375,56.24437713623047,57.375003814697266,53.786251068115234,56.47500228881836,14967297
2007-10-22,44.09796142578125,55.71562576293945,56.250003814697266,51.50812530517578,51.50812530517578,6605901
2007-10-23,43.857547760009766,55.4118766784668,56.683128356933594,54.562503814697266,56.250003814697266,7529892
2007-10-24,43.301048278808594,54.7087516784668,56.13750076293945,53.70187759399414,56.13750076293945,8710381
2007-10-25,44.42759704589844,55.90125274658203,56.250003814697266,53.67375183105469,55.125003814697266,13097901
2007-10-26,44.69135665893555,56.23312759399414,56.47500228881836,55.2712516784668,56.025001525878906,7355652
2007-10-29,45.585453033447266,57.35812759399414,57.763126373291016,54.6243782043457,54.6243782043457,8986061
2007-10-30,45.656982421875,57.44812774658203,58.095001220703125,56.070003509521484,57.937503814697266,7416915
2007-10-31,45.34404754638672,57.054378509521484,57.42000198364258,56.0306282043457,57.375003814697266,3859102
2007-11-01,44.651123046875,56.18250274658203,57.712501525878906,55.462501525878906,57.36937713623047,5310835
2007-11-02,43.97160720825195,55.3275032043457,56.025001525878906,54.22500228881836,54.22500228881836,3837537
2007-11-05,43.341278076171875,54.53437805175781,57.02625274658203,54.281253814697266,55.3275032043457,3827786
2007-11-06,43.53349685668945,54.77625274658203,55.11937713623047,54.247501373291016,54.45000076293945,4131013
2007-11-07,42.67069625854492,53.69062805175781,54.88875198364258,52.76250076293945,54.337501525878906,4893724
2007-11-08,42.16106414794922,53.04937744140625,53.31937789916992,50.641876220703125,50.641876220703125,3953057
2007-11-12,40.80651092529297,51.345001220703125,52.312503814697266,49.72500228881836,52.312503814697266,7887395
2007-11-13,39.53242874145508,49.741878509521484,51.30000305175781,49.39312744140625,50.625003814697266,9457537
2007-11-14,42.2862434387207,53.206878662109375,53.75250244140625,50.062503814697266,50.85000228881836,9401075
2007-11-15,40.87803649902344,51.435001373291016,53.46562576293945,51.13125228881836,53.454376220703125,6864177
2007-11-16,41.20439147949219,51.84562683105469,52.323753356933594,50.38875198364258,51.26625061035156,4945235
2007-11-19,41.00768280029297,51.59812545776367,52.58812713623047,51.32250213623047,51.84562683105469,4722257
2007-11-20,40.08229446411133,50.43375015258789,51.49125289916992,50.253753662109375,51.49125289916992,9543119
2007-11-21,39.04961395263672,49.134376525878906,50.675628662109375,48.937503814697266,50.51250076293945,8442612
2007-11-22,39.14796447753906,49.25812530517578,49.49437713623047,48.375003814697266,49.134376525878906,7619101
2007-11-23,39.469844818115234,49.66312789916992,50.05125045776367,48.948753356933594,50.05125045776367,4546879
2007-11-26,40.51593017578125,50.97937774658203,51.187503814697266,50.17500305175781,50.17500305175781,4312986
2007-11-27,40.93169021606445,51.50250244140625,51.716251373291016,50.062503814697266,50.400001525878906,3759750
2007-11-28,40.211944580078125,50.59687805175781,51.97500228881836,50.19187545776367,51.750003814697266,2639679
2007-11-29,40.06440734863281,50.411251068115234,52.312503814697266,49.95000076293945,51.429378509521484,8156621
2007-11-30,41.1865119934082,51.82312774658203,52.171878814697266,50.67000198364258,51.710628509521484,5016239
2007-12-03,43.998443603515625,55.36125183105469,56.13750076293945,51.86250305175781,52.312503814697266,15694390
2007-12-04,44.54383850097656,56.04750061035156,56.812503814697266,54.562503814697266,55.462501525878906,8763652
2007-12-05,44.59747314453125,56.1150016784668,56.4525032043457,55.35000228881836,56.4525032043457,3115590
2007-12-06,44.26666259765625,55.698753356933594,56.587501525878906,55.35000228881836,56.36250305175781,3157768
2007-12-07,44.99087905883789,56.61000061035156,56.80687713623047,50.625003814697266,56.250003814697266,4328915
2007-12-10,44.82546615600586,56.401878356933594,57.25687789916992,56.036251068115234,56.61000061035156,4987848
2007-12-11,45.20993423461914,56.88562774658203,57.150001525878906,56.13750076293945,56.47500228881836,4125386
2007-12-12,45.375343322753906,57.093753814697266,57.36375045776367,55.01250076293945,56.250003814697266,5752017
2007-12-13,44.744998931884766,56.300628662109375,56.812503814697266,55.63687515258789,56.812503814697266,5201564
2007-12-14,44.45442199707031,55.935001373291016,56.46375274658203,55.37812805175781,56.36250305175781,3183368
2007-12-17,43.64527130126953,54.91687774658203,56.250003814697266,54.562503814697266,56.250003814697266,5546977
2007-12-18,43.26081085205078,54.433128356933594,55.57500076293945,53.37000274658203,54.93937683105469,7088684
2007-12-19,43.25186538696289,54.421878814697266,55.67625045776367,53.66250228881836,55.67625045776367,2474808
2007-12-20,44.110191345214844,55.50187683105469,55.687503814697266,54.241878509521484,54.540000915527344,3457333
2007-12-24,47.8341064453125,60.187503814697266,60.716251373291016,55.85625076293945,55.85625076293945,21560576
2007-12-26,47.88327407836914,60.2493782043457,61.29000473022461,58.410003662109375,60.69375228881836,13357003
2007-12-27,49.13053512573242,61.81875228881836,62.10000228881836,59.52937698364258,60.750003814697266,12116114
2007-12-28,47.19482421875,59.38312530517578,60.97500228881836,56.88562774658203,60.4743766784668,6134968
2007-12-31,46.99812698364258,59.13562774658203,61.30125427246094,58.62375259399414,60.50250244140625,7540124
2008-01-01,46.13531494140625,58.05000305175781,59.51812744140625,57.937503814697266,59.51812744140625,2982764
2008-01-02,45.719566345214844,57.526878356933594,58.33125305175781,56.491878509521484,58.275001525878906,4986506
2008-01-03,44.36501693725586,55.82250213623047,57.526878356933594,55.57500076293945,57.526878356933594,7301795
2008-01-04,44.405242919921875,55.87312698364258,56.46375274658203,54.562503814697266,55.125003814697266,8101866
2008-01-07,43.1356315612793,54.27562713623047,55.57500076293945,54.000003814697266,55.23750305175781,6254950
2008-01-08,43.75703430175781,55.05750274658203,55.68187713623047,53.696250915527344,54.900001525878906,7558248
2008-01-09,43.882205963134766,55.21500015258789,56.52000045776367,54.562503814697266,55.80000305175781,6028399
2008-01-10,43.60502624511719,54.86625289916992,56.46375274658203,54.562503814697266,55.828128814697266,6402879
2008-01-11,43.707855224609375,54.995628356933594,55.968753814697266,54.000003814697266,55.968753814697266,5466666
2008-01-14,41.231197357177734,51.87937545776367,54.78750228881836,51.31687545776367,54.78750228881836,23835749
2008-01-15,41.13733673095703,51.761253356933594,53.88750076293945,51.21000289916992,53.88750076293945,6921279
2008-01-16,40.797569274902344,51.3337516784668,51.97500228881836,49.89375305175781,51.761253356933594,7674070
2008-01-17,41.35638427734375,52.0368766784668,52.86375045776367,50.073753356933594,51.41250228881836,2186017
2008-01-18,40.62321090698242,51.114376068115234,52.20000076293945,49.747501373291016,51.750003814697266,6969679
2008-01-21,39.29548645019531,49.44375228881836,51.51375198364258,48.18375015258789,50.962501525878906,8894292
2008-01-22,38.620445251464844,48.59437561035156,59.062503814697266,36.45000076293945,46.125003814697266,15644656
2008-01-23,38.57126998901367,48.532501220703125,51.063751220703125,45.000003814697266,48.937503814697266,8088684
2008-01-24,36.75625991821289,46.24875259399414,51.63750076293945,45.45000076293945,51.63750076293945,6200577
2008-01-25,38.620445251464844,48.59437561035156,49.601253509521484,46.687503814697266,47.266876220703125,4133893
2008-01-28,36.514862060546875,45.945003509521484,48.87000274658203,44.870628356933594,48.375003814697266,5183919
2008-01-29,36.88144302368164,46.406253814697266,47.70000076293945,46.125003814697266,47.13750076293945,2406719
2008-01-30,36.98426055908203,46.53562545776367,47.306251525878906,45.95625305175781,46.80000305175781,6094124
2008-01-31,37.797882080078125,47.55937576293945,50.163753509521484,44.4431266784668,46.57500076293945,10717866
2008-02-01,39.34467315673828,49.5056266784668,50.625003814697266,45.562503814697266,48.3806266784668,9428959
2008-02-04,41.530731201171875,52.25625228881836,53.32500076293945,50.51250076293945,50.625003814697266,7656835
2008-02-05,40.73945617675781,51.26062774658203,52.42500305175781,42.187503814697266,52.42500305175781,2794515
2008-02-06,37.99458694458008,47.80687713623047,50.040000915527344,47.13750076293945,49.500003814697266,6555315
2008-02-07,36.68921661376953,46.16437530517578,48.36375045776367,45.618751525878906,47.92500305175781,4335937
2008-02-08,37.739768981933594,47.48625183105469,47.80687713623047,45.804378509521484,46.23750305175781,4431546
2008-02-11,37.7889404296875,47.548126220703125,48.150001525878906,44.775001525878906,47.587501525878906,6015306
2008-02-12,37.83364486694336,47.60437774658203,48.60000228881836,46.95187759399414,48.150001525878906,6533733
2008-02-13,36.657920837402344,46.125003814697266,48.150001525878906,45.36562728881836,46.125003814697266,4968861
2008-02-14,37.225669860839844,46.839378356933594,47.46375274658203,46.02375030517578,47.025001525878906,4236097
2008-02-15,37.60565948486328,47.317501068115234,47.587501525878906,46.136253356933594,46.91250228881836,3449617
2008-02-18,37.10942077636719,46.6931266784668,48.431251525878906,46.14750289916992,47.812503814697266,3157937
2008-02-19,36.86803436279297,46.38937759399414,47.812503814697266,46.1306266784668,46.26000213623047,4246008
2008-02-20,36.74732971191406,46.23750305175781,47.250003814697266,45.900001525878906,47.216251373291016,3017270
2008-02-21,38.59809875488281,48.566253662109375,49.05000305175781,46.62000274658203,47.812503814697266,10595857
2008-02-22,38.15998458862305,48.0150032043457,49.38750076293945,47.36250305175781,49.38750076293945,3895750
2008-02-25,39.286563873291016,49.43250274658203,49.76437759399414,47.70000076293945,47.98125076293945,3804364
2008-02-26,39.809593200683594,50.09062576293945,50.355003356933594,48.60000228881836,50.062503814697266,3977235
2008-02-27,39.398319244384766,49.57312774658203,50.591251373291016,49.089378356933594,50.51250076293945,3145928
2008-02-28,40.00182342529297,50.33250045776367,50.681251525878906,48.82500076293945,49.48875045776367,7005866
2008-02-29,39.07643508911133,49.16812515258789,50.062503814697266,47.306251525878906,49.837501525878906,6316897
2008-03-03,37.681644439697266,47.41312789916992,48.35812759399414,46.805625915527344,48.35812759399414,6134168
2008-03-04,37.516239166259766,47.20500183105469,47.778751373291016,46.35000228881836,47.36250305175781,2705777
2008-03-05,39.063026428222656,49.15125274658203,49.500003814697266,46.91250228881836,48.375003814697266,3861804
2008-03-07,37.26590347290039,46.8900032043457,48.251251220703125,45.92812728881836,47.93625259399414,5262595
2008-03-10,35.98733901977539,45.281253814697266,49.230003356933594,44.775001525878906,45.78750228881836,5023893
2008-03-11,35.155826568603516,44.23500061035156,45.22500228881836,43.785003662109375,45.11250305175781,9435332
2008-03-12,34.8652458190918,43.86937713623047,47.126251220703125,43.650001525878906,47.109378814697266,6193786
2008-03-13,32.710479736328125,41.15812683105469,43.312503814697266,40.511253356933594,42.86250305175781,7667821
2008-03-14,33.01893997192383,41.5462532043457,42.73875045776367,40.741878509521484,41.15812683105469,8702444
2008-03-17,31.659915924072266,39.83625030517578,42.187503814697266,39.150001525878906,41.400001525878906,10897368
2008-03-18,32.124847412109375,40.4212532043457,41.962501525878906,39.712501525878906,39.9375,13628852
2008-03-19,33.83256912231445,42.570003509521484,43.81312561035156,41.625003814697266,41.625003814697266,10745350
2008-03-24,35.64757537841797,44.85375213623047,45.45000076293945,41.85000228881836,42.17625045776367,7435244
2008-03-25,38.98255920410156,49.05000305175781,49.370628356933594,45.68625259399414,45.68625259399414,8836230
2008-03-26,38.329872131347656,48.22875213623047,49.95000076293945,47.306251525878906,49.05000305175781,9502666
2008-03-27,38.396934509277344,48.31312561035156,48.92625045776367,47.458126068115234,47.812503814697266,12192977
2008-03-28,40.54723358154297,51.01875305175781,51.69375228881836,48.03750228881836,48.48750305175781,8672915
2008-03-31,38.63385772705078,48.61125183105469,50.58000183105469,46.23750305175781,50.58000183105469,8098879
2008-04-01,36.604270935058594,46.05750274658203,49.500003814697266,45.12375259399414,48.375003814697266,15272905
2008-04-02,37.127315521240234,46.71562576293945,48.92625045776367,46.16437530517578,47.13750076293945,6504159
2008-04-03,39.01385498046875,49.089378356933594,49.71375274658203,46.884376525878906,46.884376525878906,9395288
2008-04-04,37.09601974487305,46.67625045776367,49.275001525878906,46.37812805175781,49.05000305175781,5713661
2008-04-07,38.86185073852539,48.898128509521484,49.606876373291016,46.91250228881836,46.91250228881836,8548897
2008-04-08,37.0066032409668,46.563751220703125,48.82500076293945,46.265628814697266,48.375003814697266,7001572
2008-04-09,36.74283981323242,46.231876373291016,46.8900032043457,45.67500305175781,46.687503814697266,5035039
2008-04-10,36.41203308105469,45.81562805175781,47.18812561035156,45.562503814697266,47.18812561035156,6082755
2008-04-11,36.25556564331055,45.618751525878906,46.67625045776367,45.247501373291016,46.125003814697266,7343181
2008-04-15,37.90070343017578,47.688751220703125,49.35375213623047,45.348751068115234,46.125003814697266,17803670
2008-04-16,39.992889404296875,50.321250915527344,50.833126068115234,48.375003814697266,48.70125198364258,12007483
2008-04-17,41.06132507324219,51.665626525878906,52.30125045776367,49.275001525878906,51.187503814697266,17364239
2008-04-21,40.663455963134766,51.165000915527344,54.011253356933594,50.85000228881836,53.437503814697266,14660648
2008-04-22,38.553401947021484,48.51000213623047,50.85000228881836,47.728126525878906,50.625003814697266,13496079
2008-04-23,39.62183380126953,49.85437774658203,50.17500305175781,47.84625244140625,48.375003814697266,8602248
2008-04-24,40.207462310791016,50.591251373291016,51.626251220703125,49.72500228881836,51.626251220703125,10348452
2008-04-25,41.69613265991211,52.464378356933594,52.875003814697266,50.062503814697266,50.51812744140625,10178506
2008-04-28,40.95851516723633,51.536251068115234,52.875003814697266,50.625003814697266,51.97500228881836,4559555
2008-04-29,42.81822204589844,53.876251220703125,54.16875076293945,51.41250228881836,51.56437683105469,12502799
2008-04-30,43.69891357421875,54.984378814697266,55.406253814697266,53.13937759399414,53.88750076293945,10315839
2008-05-02,44.90594482421875,56.50312805175781,57.195003509521484,55.125003814697266,55.125003814697266,17379999
2008-05-05,43.83302307128906,55.15312576293945,56.92500305175781,54.821250915527344,56.92500305175781,8975297
2008-05-06,44.46783447265625,55.95187759399414,56.812503814697266,53.448753356933594,55.15312576293945,9787688
2008-05-07,44.552772521972656,56.05875015258789,57.375003814697266,55.687503814697266,56.13750076293945,15641421
2008-05-08,44.40971755981445,55.878753662109375,56.216251373291016,53.775001525878906,55.653751373291016,18809981
2008-05-09,44.78970718383789,56.356876373291016,56.75625228881836,54.703128814697266,56.250003814697266,17521634
2008-05-12,45.16522979736328,56.829376220703125,57.375003814697266,54.64687728881836,56.80687713623047,24180967
2008-05-13,44.061012268066406,55.44000244140625,57.375003814697266,55.181251525878906,57.36937713623047,9600337
2008-05-14,44.97747802734375,56.5931282043457,57.03750228881836,55.23750305175781,55.23750305175781,13639217
2008-05-15,45.64803695678711,57.4368782043457,58.03312683105469,55.91250228881836,55.91250228881836,13661883
2008-05-16,45.21887969970703,56.89687728881836,57.96562576293945,56.75625228881836,57.49875259399414,7735697
2008-05-20,44.42759704589844,55.90125274658203,56.80125045776367,55.38937759399414,56.250003814697266,6847412
2008-05-21,44.302433013916016,55.743751525878906,56.47500228881836,55.141876220703125,55.687503814697266,4738275
2008-05-22,43.71232604980469,55.001251220703125,55.90125274658203,54.69187545776367,55.125003814697266,6324266
2008-05-23,43.01493453979492,54.12375259399414,55.57500076293945,53.8650016784668,55.57500076293945,4287013
2008-05-26,42.81376266479492,53.870628356933594,54.88875198364258,52.89750289916992,53.57250213623047,7719688
2008-05-27,43.891143798828125,55.226253509521484,55.95750045776367,53.80875015258789,54.281253814697266,12083252
2008-05-28,45.384281158447266,57.105003356933594,57.64500045776367,55.16437530517578,55.57500076293945,22217590
2008-05-29,45.74638748168945,57.56062698364258,58.500003814697266,56.598751068115234,57.03750228881836,18151563
2008-05-30,45.53180694580078,57.290626525878906,57.90937805175781,56.36250305175781,57.48750305175781,7472266
2008-06-02,44.62430191040039,56.14875030517578,58.500003814697266,55.35000228881836,57.290626525878906,8677359
2008-06-03,45.16969299316406,56.83500289916992,57.150001525878906,54.11250305175781,55.372501373291016,6946337
2008-06-04,44.44548797607422,55.92375183105469,57.08812713623047,55.125003814697266,55.28812789916992,6722159
2008-06-05,47.30657196044922,59.52375030517578,59.84437561035156,54.92250061035156,55.687503814697266,13257083
2008-06-06,45.2054557800293,56.880001068115234,60.187503814697266,56.250003814697266,59.85000228881836,7458844
2008-06-09,42.94339370727539,54.03375244140625,56.13750076293945,53.42625045776367,56.13750076293945,9425368
2008-06-10,42.590232849121094,53.589378356933594,54.562503814697266,52.098751068115234,54.11250305175781,7991599
2008-06-11,42.585758209228516,53.5837516784668,54.281253814697266,52.931251525878906,54.000003814697266,7922079
2008-06-12,43.12668991088867,54.26437759399414,54.843753814697266,52.21125030517578,53.206878662109375,6689279
2008-06-13,42.73776626586914,53.775001525878906,54.995628356933594,53.10000228881836,53.786251068115234,9352986
2008-06-16,43.59162139892578,54.8493766784668,55.23750305175781,54.16875076293945,54.73125076293945,3098648
2008-06-17,44.195152282714844,55.6087532043457,56.109378814697266,54.011253356933594,54.78187561035156,5953964
2008-06-18,43.453041076660156,54.67500305175781,56.025001525878906,54.23625183105469,56.025001525878906,4206506
2008-06-19,43.88667678833008,55.22062683105469,55.653751373291016,52.891876220703125,52.891876220703125,5333910
2008-06-20,42.35777282714844,53.296878814697266,55.67625045776367,52.891876220703125,55.125003814697266,3072435
2008-06-23,42.795875549316406,53.84812545776367,54.69750213623047,52.14375305175781,52.875003814697266,5200088
2008-06-24,42.03589630126953,52.891876220703125,54.759376525878906,52.875003814697266,54.000003814697266,5960061
2008-06-25,40.58745574951172,51.06937789916992,52.42500305175781,50.52375030517578,51.87375259399414,7026150
2008-06-26,43.15352249145508,54.298126220703125,55.603126525878906,50.99062728881836,52.087501525878906,14620923
2008-06-27,39.732059478759766,49.57875061035156,51.63750076293945,48.48750305175781,51.63750076293945,8733972
2008-06-30,39.664451599121094,49.49437713623047,51.06937789916992,48.7181282043457,50.17500305175781,4305510
2008-07-01,37.39250183105469,46.65937805175781,50.51250076293945,46.125003814697266,49.275001525878906,6006897
2008-07-02,39.502166748046875,49.29187774658203,50.51250076293945,46.65937805175781,47.025001525878906,9023341
2008-07-03,38.79443359375,48.40875244140625,49.15125274658203,47.70000076293945,48.82500076293945,7196817
2008-07-04,38.555519104003906,48.110626220703125,49.30312728881836,47.823753356933594,48.375003814697266,3713030
2008-07-07,39.92139434814453,49.81500244140625,50.22562789916992,48.48750305175781,48.48750305175781,3191777
2008-07-08,37.93343734741211,47.33437728881836,49.05000305175781,46.603126525878906,48.386253356933594,6206195
2008-07-09,39.16407775878906,48.87000274658203,49.35375213623047,47.04187774658203,48.341251373291016,14725359
2008-07-10,38.89811706542969,48.53812789916992,49.95000076293945,47.88562774658203,48.82500076293945,11489510
2008-07-11,37.162593841552734,46.372501373291016,49.95000076293945,46.01812744140625,48.9993782043457,12352203
2008-07-14,36.3421745300293,45.348751068115234,46.687503814697266,44.67375183105469,46.372501373291016,7273581
2008-07-15,34.097259521484375,42.54750061035156,46.11375045776367,41.85000228881836,45.000003814697266,13629474
2008-07-16,33.38503646850586,41.65875244140625,43.38562774658203,41.163753509521484,42.806251525878906,8011697
2008-07-17,34.277591705322266,42.77250289916992,43.875003814697266,41.73750305175781,42.525001525878906,13284950
2008-07-18,33.01990509033203,41.203128814697266,43.86375045776367,40.05000305175781,42.97500228881836,21258425
2008-07-21,33.632957458496094,41.9681282043457,42.84562683105469,37.71562576293945,41.17500305175781,16512959
2008-07-22,35.5938606262207,44.415000915527344,44.775001525878906,41.85000228881836,42.187503814697266,11373723
2008-07-23,36.77041244506836,45.88312530517578,46.57500076293945,44.00437545776367,44.437503814697266,13749999
2008-07-24,36.75688934326172,45.86625289916992,46.462501525878906,43.00312805175781,46.125003814697266,13056523
2008-07-25,36.7208251953125,45.821250915527344,47.250003814697266,44.55000305175781,45.562503814697266,9392826
2008-07-28,36.765907287597656,45.87750244140625,46.57500076293945,45.22500228881836,45.562503814697266,5783546
2008-07-29,36.301597595214844,45.298126220703125,45.67500305175781,37.38937759399414,37.38937759399414,3765519
2008-07-30,38.10472869873047,47.548126220703125,47.812503814697266,43.54875183105469,44.437503814697266,6341928
2008-07-31,37.45109558105469,46.73250198364258,49.89375305175781,45.900001525878906,47.70000076293945,23018363
2008-08-01,39.114498138427734,48.808128356933594,48.96000289916992,45.78750228881836,46.125003814697266,8100035
2008-08-04,38.89811706542969,48.53812789916992,49.95000076293945,47.812503814697266,48.82500076293945,5679235
2008-08-05,40.34964370727539,50.3493766784668,50.625003814697266,47.48625183105469,48.375003814697266,13062470
2008-08-06,40.85000991821289,50.973751068115234,52.312503814697266,49.95000076293945,49.95000076293945,11793999
2008-08-07,40.534454345703125,50.58000183105469,51.84000015258789,50.19750213623047,51.243751525878906,10722488
2008-08-08,39.457088470458984,49.235626220703125,51.187503814697266,48.937503814697266,50.062503814697266,4529324
2008-08-11,39.91238021850586,49.80375289916992,50.625003814697266,48.49875259399414,50.625003814697266,5977937
2008-08-12,39.06490707397461,48.74625015258789,50.726253509521484,48.27937698364258,49.837501525878906,6016061
2008-08-13,39.006309509277344,48.673126220703125,49.25250244140625,47.812503814697266,47.812503814697266,5482426
2008-08-14,38.713294982910156,48.30750274658203,49.837501525878906,47.94750213623047,48.937503814697266,10342995
2008-08-18,38.947696685791016,48.60000228881836,49.45500183105469,47.829376220703125,47.92500305175781,6157484
2008-08-19,38.98826599121094,48.65062713623047,48.937503814697266,47.13750076293945,48.48750305175781,3915875
2008-08-20,39.09646224975586,48.78562545776367,49.24687576293945,48.26250076293945,48.65062713623047,4697039
2008-08-21,37.96048355102539,47.368125915527344,49.044376373291016,47.04750061035156,48.375003814697266,7976364
2008-08-22,37.75313186645508,47.109378814697266,48.093753814697266,46.265628814697266,46.687503814697266,5298239
2008-08-25,37.86581802368164,47.250003814697266,49.460628509521484,47.0306282043457,47.70000076293945,2599057
2008-08-26,38.704280853271484,48.2962532043457,48.375003814697266,47.0306282043457,47.250003814697266,3240195
2008-08-27,38.429290771484375,47.953128814697266,48.82500076293945,47.722503662109375,48.36937713623047,3615270
2008-08-28,37.33388900756836,46.58625030517578,48.58875274658203,45.93937683105469,48.03750228881836,16700896
2008-08-29,38.9837646484375,48.64500045776367,48.82500076293945,46.687503814697266,46.687503814697266,3249750
2008-09-01,39.13252258300781,48.83062744140625,49.48312759399414,47.64375305175781,48.375003814697266,4724524
2008-09-02,40.65617370605469,50.731876373291016,51.525001525878906,48.83062744140625,48.83062744140625,7718284
2008-09-04,40.40372848510742,50.41687774658203,50.625003814697266,49.52250289916992,50.09625244140625,5461324
2008-09-05,38.30308151245117,47.79562759399414,50.062503814697266,47.55937576293945,50.062503814697266,6398266
2008-09-08,39.10547637939453,48.796878814697266,50.400001525878906,48.532501220703125,48.74625015258789,12420559
2008-09-09,39.236202239990234,48.96000289916992,49.61250305175781,48.071250915527344,48.796878814697266,5690319
2008-09-10,38.938682556152344,48.58875274658203,49.81500244140625,48.26250076293945,48.937503814697266,9061537
2008-09-11,38.4788818359375,48.0150032043457,48.60000228881836,47.70000076293945,48.58875274658203,6426133
2008-09-12,37.83427047729492,47.210628509521484,48.16687774658203,46.62562561035156,48.150001525878906,10668275
2008-09-15,36.4142951965332,45.438751220703125,47.210628509521484,42.97500228881836,45.151878356933594,9761128
2008-09-16,35.30084991455078,44.04937744140625,44.876251220703125,41.66437530517578,41.66437530517578,9429688
2008-09-17,36.049171447753906,44.98312759399414,45.337501525878906,43.61625289916992,44.98875045776367,7822026
2008-09-18,35.82377624511719,44.70187759399414,46.23750305175781,42.65437698364258,43.98750305175781,12224452
2008-09-19,37.59083938598633,46.90687561035156,48.245628356933594,45.562503814697266,45.562503814697266,17921607
2008-09-22,37.38798141479492,46.653751373291016,50.36625289916992,46.125003814697266,50.36625289916992,8029795
2008-09-23,35.088985443115234,43.785003662109375,45.562503814697266,43.54312515258789,45.000003814697266,11012719
2008-09-24,33.3985595703125,41.675628662109375,44.313751220703125,41.073753356933594,41.923126220703125,22780541
2008-09-25,31.744176864624023,39.61125183105469,42.288753509521484,39.15562438964844,42.288753509521484,41881055
2008-09-26,31.036449432373047,38.728126525878906,40.21312713623047,38.368125915527344,39.34687423706055,15019839
2008-09-29,30.93277359008789,38.598751068115234,41.062503814697266,37.141876220703125,41.062503814697266,13575528
2008-09-30,30.644262313842773,38.23875045776367,39.82500076293945,36.01124954223633,38.13750076293945,12892852
2008-10-01,31.482728958129883,39.28499984741211,39.56624984741211,36.18000030517578,36.18000030517578,6697484
2008-10-03,30.806547164916992,38.44124984741211,40.99500274658203,37.91250228881836,40.99500274658203,4102355
2008-10-06,28.687868118286133,35.79750061035156,39.352500915527344,35.24625015258789,39.352500915527344,11545590
2008-10-07,27.795312881469727,34.68375015258789,37.181251525878906,33.1875,37.11375045776367,21335145
2008-10-08,25.491809844970703,31.809375762939453,34.21125030517578,29.91375160217285,34.21125030517578,31697385
2008-10-10,23.724740982055664,29.6043758392334,31.387500762939453,27.225000381469727,31.016250610351562,27715536
2008-10-13,25.622535705566406,31.972501754760742,32.310001373291016,29.700000762939453,30.150001525878906,20520185
2008-10-14,26.29871368408203,32.81624984741211,36.07875061035156,32.411251068115234,34.43625259399414,21321945
2008-10-15,24.94185447692871,31.123125076293945,33.12000274658203,30.48750114440918,31.51125144958496,14431145
2008-10-16,25.117664337158203,31.342500686645508,32.00625228881836,26.887500762939453,30.228750228881836,11476879
2008-10-17,23.215354919433594,28.968751907348633,32.61375045776367,28.597501754760742,31.500001907348633,9153759
2008-10-20,25.415180206298828,31.7137508392334,32.625,29.250001907348633,29.250001907348633,17467723
2008-10-21,26.763023376464844,33.395626068115234,33.75,31.781251907348633,32.625,16784283
2008-10-22,25.189788818359375,31.4325008392334,33.37874984741211,30.740625381469727,32.625,12258852
2008-10-23,24.53615379333496,30.61687660217285,33.75,29.137500762939453,30.228750228881836,18894594
2008-10-24,21.195846557617188,26.44875144958496,30.67875099182129,24.86250114440918,29.92500114440918,13863759
2008-10-27,19.798418045043945,24.705001831054688,26.313751220703125,20.295000076293945,25.61625099182129,31876798
2008-10-29,23.170278549194336,28.912500381469727,29.790000915527344,25.61625099182129,28.36687660217285,38377109
2008-10-31,24.581228256225586,30.673126220703125,32.95687484741211,29.373750686645508,29.373750686645508,26242754
2008-11-03,24.92833137512207,31.106250762939453,32.17499923706055,29.829376220703125,31.950000762939453,11750914
2008-11-04,23.702198028564453,29.576250076293945,31.500001907348633,28.158750534057617,31.275001525878906,28390869
2008-11-05,24.477548599243164,30.543750762939453,31.207500457763672,28.968751907348633,29.73375129699707,20424834
2008-11-06,22.814157485961914,28.46812629699707,30.864376068115234,27.236251831054688,29.812501907348633,16063848
2008-11-07,23.431730270385742,29.238750457763672,29.801250457763672,27.016876220703125,28.653751373291016,15076585
2008-11-10,24.283708572387695,30.301876068115234,30.825000762939453,29.497501373291016,30.150001525878906,9413341
2008-11-11,22.394929885864258,27.94500160217285,31.03875160217285,27.399375915527344,29.587501525878906,14384692
2008-11-12,22.327314376831055,27.860626220703125,29.45250129699707,26.904375076293945,27.787500381469727,16815154
2008-11-14,21.75481605529785,27.146251678466797,29.1825008392334,26.10562515258789,28.687501907348633,18926674
2008-11-17,22.733016967773438,28.36687660217285,28.676250457763672,25.89750099182129,27.540000915527344,14596505
2008-11-18,20.736047744750977,25.875001907348633,28.012500762939453,25.650001525878906,27.686250686645508,17072256
2008-11-19,20.06438446044922,25.036876678466797,26.775001525878906,24.755626678466797,26.775001525878906,13008026
2008-11-20,19.717275619506836,24.603750228881836,25.14375114440918,23.26500129699707,24.603750228881836,12555439
2008-11-21,20.713504791259766,25.84687614440918,26.426250457763672,23.96812629699707,24.243751525878906,17192292
2008-11-24,21.114709854125977,26.347501754760742,26.6512508392334,24.975000381469727,25.891876220703125,14998790
2008-11-25,20.609827041625977,25.717500686645508,28.653751373291016,25.312501907348633,27.000001907348633,15887572
2008-11-26,21.709739685058594,27.09000015258789,27.528751373291016,25.650001525878906,25.650001525878906,17198710
2008-11-27,21.709739685058594,27.09000015258789,27.09000015258789,27.09000015258789,27.09000015258789,0
2008-11-28,21.87652587890625,27.298126220703125,28.41750144958496,25.312501907348633,25.312501907348633,28483251
2008-12-01,21.069623947143555,26.291250228881836,28.125001907348633,25.77375030517578,26.49937629699707,16720025
2008-12-02,21.00651741027832,26.212501525878906,26.381250381469727,24.21000099182129,24.750001907348633,12787839
2008-12-03,20.06438446044922,25.036876678466797,26.752500534057617,24.446250915527344,26.26875114440918,17606079
2008-12-04,20.97496223449707,26.173126220703125,26.3700008392334,24.975000381469727,25.312501907348633,10087457
2008-12-05,20.492624282836914,25.571250915527344,26.291250228881836,25.21125030517578,26.173126220703125,10783635
2008-12-08,21.493358612060547,26.82000160217285,27.562501907348633,26.16750144958496,26.437501907348633,15050541
2008-12-10,23.557950973510742,29.396251678466797,29.700000762939453,26.887500762939453,27.326250076293945,15140772
2008-12-11,22.512130737304688,28.091251373291016,29.812501907348633,27.52312660217285,29.812501907348633,11017883
2008-12-12,21.443777084350586,26.75812530517578,27.46125030517578,25.98750114440918,27.46125030517578,12477083
2008-12-15,21.09667205810547,26.325000762939453,29.002500534057617,26.05500030517578,27.225000381469727,16621056
2008-12-16,21.597036361694336,26.94937515258789,27.095626831054688,25.908750534057617,26.223751068115234,9018763
2008-12-17,21.989221572875977,27.438751220703125,28.018125534057617,26.325000762939453,27.562501907348633,12123972
2008-12-18,22.530160903930664,28.113750457763672,29.08125114440918,27.337501525878906,27.787500381469727,17714612
2008-12-19,22.453527450561523,28.018125534057617,28.912500381469727,27.57375144958496,28.125001907348633,16679848
2008-12-22,22.25067901611328,27.76500129699707,28.51875114440918,27.236251831054688,28.125001907348633,9804061
2008-12-23,21.903575897216797,27.331876754760742,27.871875762939453,27.0731258392334,27.562501907348633,10301919
2008-12-24,20.956928253173828,26.150625228881836,28.665000915527344,25.576875686645508,27.67500114440918,31623198
2008-12-26,20.434017181396484,25.498125076293945,26.55000114440918,25.32375144958496,26.156251907348633,10895875
2008-12-29,20.452043533325195,25.520626068115234,25.852500915527344,24.075000762939453,25.762500762939453,11273857
2008-12-30,21.267969131469727,26.53875160217285,26.713125228881836,25.312501907348633,25.942501068115234,10290212
2008-12-31,21.04257583618164,26.25750160217285,26.9325008392334,25.98750114440918,26.763750076293945,8334755
2009-01-02,21.971193313598633,27.416250228881836,28.541250228881836,27.067501068115234,27.9168758392334,11567723
2009-01-05,22.156009674072266,27.646875381469727,28.231876373291016,27.196876525878906,27.787500381469727,11650950
2009-01-06,21.88103675842285,27.30375099182129,28.063125610351562,26.69062614440918,28.063125610351562,11400257
2009-01-07,22.05684471130371,27.52312660217285,28.125001907348633,25.70625114440918,27.787500381469727,19018274
2009-01-09,22.624828338623047,28.231876373291016,28.687501907348633,25.875001907348633,27.281251907348633,21692434
2009-01-12,20.50164031982422,25.582500457763672,27.562501907348633,24.986251831054688,27.562501907348633,35722282
2009-01-13,21.66465950012207,27.033750534057617,27.53437614440918,22.61250114440918,24.975000381469727,101380350
2009-01-14,21.980209350585938,27.427501678466797,28.55812644958496,26.7918758392334,27.562501907348633,36089580
2009-01-15,21.209365844726562,26.465625762939453,26.977500915527344,24.39000129699707,26.437501907348633,30802158
2009-01-16,21.488855361938477,26.814376831054688,27.337501525878906,25.77375030517578,26.915626525878906,14828399
2009-01-19,20.86226463317871,26.032501220703125,27.056251525878906,25.689376831054688,27.056251525878906,16461314
2009-01-20,20.569252014160156,25.6668758392334,26.190000534057617,25.177501678466797,25.762500762939453,10702417
2009-01-21,19.807435989379883,24.716251373291016,25.306875228881836,23.962501525878906,25.295625686645508,27801145
2009-01-22,19.6541690826416,24.525001525878906,25.728750228881836,24.024375915527344,24.95250129699707,16741883
2009-01-23,19.25296401977539,24.024375915527344,24.525001525878906,23.428125381469727,24.19875144958496,10670835
2009-01-27,20.37993049621582,25.430625915527344,25.723125457763672,24.22687530517578,24.30000114440918,13156630
2009-01-28,21.105690002441406,26.33625030517578,26.865001678466797,25.650001525878906,25.650001525878906,12112230
2009-01-29,20.488115310668945,25.56562614440918,26.437501907348633,24.873750686645508,26.437501907348633,17659359
2009-01-30,20.87578582763672,26.049375534057617,26.375625610351562,24.86250114440918,25.5262508392334,15529208
2009-02-02,19.838985443115234,24.755626678466797,25.762500762939453,24.373125076293945,25.762500762939453,8301404
2009-02-03,20.258214950561523,25.278751373291016,25.875001907348633,24.586875915527344,25.875001907348633,9691172
2009-02-04,20.199609756469727,25.205625534057617,26.100000381469727,24.99187660217285,25.486875534057617,7212426
2009-02-05,19.820951461791992,24.733125686645508,25.537500381469727,24.361875534057617,25.42500114440918,6539270
2009-02-06,20.217639923095703,25.228126525878906,25.593751907348633,24.86250114440918,24.86250114440918,9355368
2009-02-09,20.38894271850586,25.441875457763672,25.8075008392334,24.58125114440918,25.368751525878906,12496239
2009-02-10,20.361894607543945,25.408126831054688,25.863750457763672,25.020000457763672,25.537500381469727,9185386
2009-02-11,20.010282516479492,24.969375610351562,25.301250457763672,24.885000228881836,24.975000381469727,7359999
2009-02-12,20.046344757080078,25.014375686645508,25.19437599182129,24.586875915527344,24.975000381469727,5416301
2009-02-13,20.177072525024414,25.177501678466797,25.537500381469727,24.86250114440918,25.031251907348633,8847475
2009-02-16,19.478357315063477,24.305625915527344,25.2450008392334,24.10875129699707,24.975000381469727,5546204
2009-02-17,18.901351928710938,23.58562660217285,24.187501907348633,23.259376525878906,24.075000762939453,7188364
2009-02-18,18.860790252685547,23.535001754760742,23.940000534057617,23.17500114440918,23.343751907348633,5080346
2009-02-19,19.866029739379883,24.78937530517578,24.941251754760742,23.17500114440918,23.512500762939453,18676914
2009-02-20,19.406230926513672,24.215625762939453,24.705001831054688,23.63625144958496,24.446250915527344,10608372
2009-02-24,19.19436264038086,23.951250076293945,24.170625686645508,23.551876068115234,23.96812629699707,6493493
2009-02-25,19.618101119995117,24.48000144958496,24.626251220703125,23.850000381469727,24.187501907348633,9585670
2009-02-26,19.397216796875,24.204376220703125,24.750001907348633,23.86687660217285,24.187501907348633,15683136
2009-02-27,18.707517623901367,23.343751907348633,24.30000114440918,22.955625534057617,24.187501907348633,19257776
2009-03-02,18.337873458862305,22.88250160217285,23.056875228881836,22.106250762939453,23.006250381469727,12296532
2009-03-03,18.112485885620117,22.60125160217285,23.169376373291016,22.4325008392334,22.646251678466797,10970595
2009-03-04,18.567781448364258,23.169376373291016,23.287500381469727,22.528125762939453,22.7137508392334,7197608
2009-03-05,18.635393142700195,23.253751754760742,23.400001525878906,22.96125030517578,23.400001525878906,9207679
2009-03-06,19.23042869567871,23.99625015258789,24.243751525878906,22.831876754760742,23.051250457763672,11346683
2009-03-09,18.599334716796875,23.208751678466797,23.850000381469727,22.96125030517578,23.625001907348633,5436835
2009-03-12,19.117727279663086,23.85562515258789,24.30000114440918,23.321250915527344,24.30000114440918,11866799
2009-03-13,20.276243209838867,25.301250457763672,25.42500114440918,24.075000762939453,24.187501907348633,21071296
2009-03-16,20.591796875,25.69500160217285,25.762500762939453,24.783750534057617,25.312501907348633,12078408
2009-03-17,20.537696838378906,25.627500534057617,25.841251373291016,24.834375381469727,25.70625114440918,10721421
2009-03-18,20.785629272460938,25.93687629699707,26.763750076293945,25.576875686645508,25.98750114440918,9965421
2009-03-19,20.97045135498047,26.16750144958496,26.52750015258789,25.68375015258789,26.150625228881836,10798026
2009-03-20,20.830703735351562,25.993125915527344,26.341875076293945,25.593751907348633,25.98750114440918,10888959
2009-03-23,21.574499130249023,26.92125129699707,27.106876373291016,26.145000457763672,26.212501525878906,10806346
2009-03-24,21.93964195251465,27.376876831054688,28.0575008392334,26.887500762939453,27.286876678466797,17595030
2009-03-25,21.86751365661621,27.286876678466797,28.051876068115234,26.955001831054688,27.168750762939453,13222692
2009-03-26,23.035037994384766,28.743751525878906,29.677501678466797,27.2137508392334,27.286876678466797,23705678
2009-03-27,22.814157485961914,28.46812629699707,29.250001907348633,27.708751678466797,28.687501907348633,11722479
2009-03-30,21.732276916503906,27.118125915527344,28.08562660217285,26.701875686645508,27.900001525878906,11424452
2009-03-31,22.169536590576172,27.66375160217285,27.826875686645508,26.555625915527344,26.555625915527344,7013857
2009-04-01,22.755556106567383,28.395000457763672,28.653751373291016,27.016876220703125,27.67500114440918,6835581
2009-04-02,24.35133171081543,30.38625144958496,30.645000457763672,28.687501907348633,28.693126678466797,12664950
2009-04-06,24.2972354888916,30.318750381469727,31.387500762939453,29.514375686645508,30.600000381469727,13525119
2009-04-08,25.455745697021484,31.764375686645508,32.602500915527344,29.025001525878906,29.379375457763672,27571109
2009-04-09,24.743515014648438,30.875625610351562,32.484375,30.57750129699707,32.0625,17638221
2009-04-13,24.229618072509766,30.234376907348633,31.51125144958496,29.300626754760742,31.275001525878906,18339874
2009-04-15,24.247644424438477,30.25687599182129,30.594375610351562,28.158750534057617,29.250001907348633,27436283
2009-04-16,25.02750587463379,31.23000144958496,31.938751220703125,29.587501525878906,30.375001907348633,20614816
2009-04-17,24.78858757019043,30.931875228881836,32.883750915527344,30.41437530517578,31.52250099182129,23054496
2009-04-20,24.68039894104004,30.796876907348633,31.815000534057617,30.18375015258789,30.937501907348633,9989483
2009-04-21,24.748022079467773,30.881250381469727,31.719375610351562,29.90250015258789,30.375001907348633,7860115
2009-04-22,25.33854103088379,31.618125915527344,33.86249923706055,30.712501525878906,33.86249923706055,32723171
2009-04-23,28.210039138793945,35.20125198364258,35.93812561035156,31.725000381469727,31.725000381469727,43457535
2009-04-24,28.151430130004883,35.12812423706055,35.70750045776367,33.8962516784668,35.4375,21111518
2009-04-27,29.386577606201172,36.669376373291016,37.02937698364258,34.25062561035156,34.875,19702434
2009-04-28,28.4354305267334,35.48250198364258,37.125,35.212501525878906,37.125,14146337
2009-04-29,29.828350067138672,37.22062683105469,37.513126373291016,35.60625076293945,35.60625076293945,16878816
2009-04-30,29.828350067138672,37.22062683105469,37.22062683105469,37.22062683105469,37.22062683105469,0
2009-05-04,32.956787109375,41.1243782043457,41.501251220703125,37.14750289916992,37.14750289916992,19947714
2009-05-05,33.312904357910156,41.56875228881836,42.04125213623047,39.763126373291016,42.04125213623047,17580283
2009-05-06,32.40233612060547,40.43250274658203,42.063751220703125,39.83625030517578,41.625003814697266,26095785
2009-05-07,34.36322784423828,42.87937545776367,43.278751373291016,39.712501525878906,40.500003814697266,24901598
2009-05-08,32.014652252197266,39.94874954223633,43.14375305175781,39.65625,42.97500228881836,24525358
2009-05-11,31.51879119873047,39.33000183105469,40.500003814697266,38.26124954223633,40.16250228881836,10957510
2009-05-12,33.76368713378906,42.13125228881836,42.609378814697266,38.8125,39.150001525878906,20554736
2009-05-13,33.7681999206543,42.13687515258789,44.10000228881836,41.079376220703125,41.962501525878906,20172585
2009-05-14,32.76295471191406,40.882503509521484,41.84437561035156,40.055625915527344,40.49437713623047,13017092
2009-05-15,34.04317092895508,42.480003356933594,43.1775016784668,41.17500305175781,41.625003814697266,12686008
2009-05-18,37.59083938598633,46.90687561035156,51.74437713623047,45.000003814697266,45.000003814697266,355902
2009-05-19,34.74189376831055,43.35187530517578,49.38750076293945,42.761253356933594,47.401878356933594,42957028
2009-05-20,35.72459411621094,44.578128814697266,45.067501068115234,42.2493782043457,43.875003814697266,21949705
2009-05-21,33.885398864746094,42.28312683105469,44.47125244140625,41.99625015258789,44.212501525878906,9364532
2009-05-22,33.29937744140625,41.551876068115234,42.30000305175781,40.848751068115234,42.30000305175781,9537581
2009-05-25,33.08300018310547,41.28187561035156,42.114376068115234,39.993751525878906,41.625003814697266,9316790
2009-05-26,33.718605041503906,42.07500076293945,42.74437713623047,41.28750228881836,41.36625289916992,10558461
2009-05-27,34.19193649291992,42.665626525878906,43.61625289916992,41.73750305175781,43.61625289916992,12090790
2009-05-28,33.281341552734375,41.52937698364258,43.5150032043457,40.73625183105469,42.63750076293945,31297829
2009-05-29,34.462406158447266,43.00312805175781,43.290000915527344,41.73750305175781,42.35062789916992,11417439
2009-06-01,35.9635124206543,44.876251220703125,45.000003814697266,43.20000076293945,43.323753356933594,11200212
2009-06-02,35.314388275146484,44.066253662109375,46.01250076293945,43.67250061035156,45.562503814697266,13524648
2009-06-03,35.71107482910156,44.56125259399414,44.88750076293945,43.68375015258789,44.437503814697266,7251386
2009-06-04,35.2197151184082,43.94812774658203,44.74125289916992,43.453128814697266,44.32500076293945,8130390
2009-06-05,35.472164154052734,44.263126373291016,45.101253509521484,43.470001220703125,44.39250183105469,12065608
2009-06-08,36.57657241821289,45.64125061035156,46.282501220703125,44.32500076293945,44.74125289916992,15566212
2009-06-09,38.19038009643555,47.65500259399414,48.937503814697266,44.66250228881836,45.140628814697266,19824985
2009-06-10,38.97474670410156,48.633750915527344,51.187503814697266,47.65500259399414,47.812503814697266,27581056
2009-06-11,38.20841598510742,47.6775016784668,48.58875274658203,46.86750030517578,48.375003814697266,10813243
2009-06-12,36.964256286621094,46.125003814697266,48.25687789916992,45.58500289916992,47.812503814697266,7906719
2009-06-15,36.23849105834961,45.21937561035156,47.23875045776367,44.206878662109375,46.35000228881836,14459652
2009-06-16,35.747135162353516,44.60625076293945,45.191253662109375,43.571250915527344,43.875003814697266,13701528
2009-06-17,34.29561233520508,42.79500198364258,44.66250228881836,42.243751525878906,44.66250228881836,14705723
2009-06-18,33.9620361328125,42.378753662109375,43.96500015258789,41.2650032043457,41.2650032043457,14793785
2009-06-19,34.29111099243164,42.78937530517578,43.24500274658203,42.187503814697266,42.750003814697266,12401661
2009-06-22,34.20094680786133,42.676876068115234,43.852500915527344,42.114376068115234,42.97500228881836,15911856
2009-06-23,34.025146484375,42.45750045776367,42.941253662109375,41.743125915527344,41.782501220703125,16300754
2009-06-24,34.37224197387695,42.890628814697266,44.212501525878906,41.6868782043457,42.761253356933594,14635412
2009-06-25,33.7681999206543,42.13687515258789,43.61625289916992,41.28750228881836,43.30125045776367,38477900
2009-06-26,34.647220611572266,43.2337532043457,43.53750228881836,42.07500076293945,42.750003814697266,10793697
2009-06-29,34.54701232910156,42.660003662109375,43.312503814697266,42.36187744140625,43.312503814697266,8229030
2009-06-30,34.43312454223633,42.519378662109375,43.380001068115234,42.12562561035156,42.750003814697266,7663777
2009-07-01,34.556121826171875,42.6712532043457,43.25062561035156,41.7712516784668,42.525001525878906,12398381
2009-07-02,34.77933120727539,42.946876525878906,43.290000915527344,41.98500061035156,42.761253356933594,8945537
2009-07-03,35.1072998046875,43.35187530517578,43.53750228881836,42.32250213623047,42.97500228881836,11192808
2009-07-06,33.909271240234375,41.872501373291016,44.313751220703125,41.400001525878906,43.53750228881836,8976443
2009-07-07,34.49235153198242,42.59250259399414,43.24500274658203,41.625003814697266,41.625003814697266,9149697
2009-07-08,34.17802810668945,42.204376220703125,42.856876373291016,41.118751525878906,42.15937805175781,8453288
2009-07-09,34.009490966796875,41.99625015258789,42.96375274658203,41.23125076293945,42.21562576293945,5967688
2009-07-10,35.052642822265625,43.28437805175781,44.19562530517578,42.30000305175781,42.30000305175781,24092754
2009-07-13,35.435279846191406,43.75687789916992,44.39250183105469,42.77250289916992,43.312503814697266,10164097
2009-07-14,36.473876953125,45.03937530517578,45.770626068115234,43.81312561035156,44.10000228881836,9500790
2009-07-15,37.64457321166992,46.48500061035156,46.63125228881836,45.337501525878906,45.78750228881836,10431883
2009-07-16,37.95433044433594,46.86750030517578,47.90250015258789,46.687503814697266,46.85625076293945,11639083
2009-07-17,39.12504196166992,48.31312561035156,49.128753662109375,47.086875915527344,47.086875915527344,12197634
2009-07-20,41.89917755126953,51.73875045776367,54.540000915527344,48.526878356933594,48.526878356933594,36817767
2009-07-21,41.789859771728516,51.60375213623047,52.96500015258789,51.187503814697266,52.312503814697266,17417901
2009-07-22,41.10200881958008,50.75437545776367,53.8650016784668,50.23125076293945,51.806251525878906,32022487
2009-07-23,41.58942794799805,51.35625076293945,51.9525032043457,50.6868782043457,51.42375183105469,11406879
2009-07-24,41.96295166015625,51.817501068115234,52.02000045776367,50.2650032043457,51.187503814697266,5915457
2009-07-27,41.93562316894531,51.78375244140625,52.7400016784668,51.435001373291016,52.087501525878906,5478053
2009-07-28,42.26815414428711,52.19437789916992,52.70625305175781,50.76000213623047,51.86250305175781,10920737
2009-07-29,42.55513381958008,52.54875183105469,52.98750305175781,51.198753356933594,51.41250228881836,8250470
2009-07-30,44.390899658203125,54.81562805175781,55.76625061035156,51.97500228881836,51.97500228881836,24888958
2009-07-31,44.65510559082031,55.141876220703125,55.80000305175781,54.16875076293945,55.136253356933594,9185039
2009-08-03,44.727996826171875,55.231876373291016,55.687503814697266,54.51187515258789,55.67625045776367,6413057
2009-08-04,43.94904708862305,54.27000045776367,56.216251373291016,53.645626068115234,55.968753814697266,6745217
2009-08-05,45.38395309448242,56.04187774658203,56.75625228881836,54.11250305175781,54.22500228881836,11846603
2009-08-06,45.42494583129883,56.09250259399414,57.476253509521484,55.40062713623047,56.23875045776367,21304958
2009-08-07,45.534263610839844,56.227500915527344,57.36375045776367,55.2712516784668,55.687503814697266,17201181
2009-08-10,46.75962448120117,57.74062728881836,58.781253814697266,56.04187774658203,56.587501525878906,20614363
2009-08-11,46.36333084106445,57.251251220703125,58.72500228881836,56.306251525878906,57.375003814697266,11456132
2009-08-12,46.08545684814453,56.90812683105469,57.12750244140625,54.68625259399414,56.812503814697266,8411315
2009-08-13,47.069393157958984,58.12312698364258,58.35375213623047,57.060001373291016,57.150001525878906,7761430
2009-08-14,46.595638275146484,57.53812789916992,58.15687561035156,56.29500198364258,57.937503814697266,5512621
2009-08-17,45.27462387084961,55.90687561035156,57.53812789916992,55.49062728881836,56.812503814697266,7647315
2009-08-18,45.588932037353516,56.29500198364258,57.35812759399414,55.35000228881836,55.35000228881836,6657093
2009-08-19,45.08330154418945,55.67062759399414,56.97562789916992,54.73125076293945,56.13750076293945,7821475
2009-08-20,45.97157669067383,56.76750183105469,57.45375061035156,55.92375183105469,56.261253356933594,5626675
2009-08-21,46.736854553222656,57.712501525878906,58.038753509521484,55.946250915527344,56.587501525878906,7443181
2009-08-24,47.77089309692383,58.989376068115234,59.28750228881836,57.937503814697266,58.275001525878906,6878772
2009-08-25,49.538333892822266,61.171878814697266,61.76250457763672,58.61250305175781,58.71937561035156,18152327
2009-08-26,50.7454719543457,62.66250228881836,63.67500305175781,60.93000411987305,60.946876525878906,15366123
2009-08-27,51.811405181884766,63.97875213623047,64.49625396728516,62.04937744140625,63.000003814697266,26765056
2009-08-28,51.465206146240234,63.55125427246094,64.76625061035156,62.56687927246094,64.125,6662595
2009-08-31,50.10318374633789,61.86937713623047,62.75812911987305,61.650001525878906,62.75812911987305,5296364
2009-09-01,50.93223190307617,62.89312744140625,63.40500259399414,61.875003814697266,61.98750305175781,9283848
2009-09-02,50.5040397644043,62.3643798828125,63.562503814697266,62.122501373291016,62.437503814697266,7216941
2009-09-03,50.25351333618164,62.05500411987305,62.98875427246094,61.21125411987305,62.437503814697266,8651555
2009-09-04,50.31727600097656,62.13375473022461,62.55000305175781,61.53750228881836,62.156253814697266,7823759
2009-09-07,50.5040397644043,62.3643798828125,63.337501525878906,62.10000228881836,62.55000305175781,15386905
2009-09-08,50.1715202331543,61.95375442504883,62.97750473022461,61.790626525878906,62.66250228881836,7073368
2009-09-09,49.42900085449219,61.0368766784668,62.437503814697266,60.5362548828125,62.015628814697266,8877439
2009-09-10,49.52011489868164,61.14937973022461,62.0831298828125,60.68250274658203,61.42500305175781,8330977
2009-09-11,50.19428634643555,61.981876373291016,62.76375198364258,61.329376220703125,61.368751525878906,12536577
2009-09-14,50.786468505859375,62.71312713623047,63.31500244140625,61.650001525878906,61.875003814697266,9145288
2009-09-15,50.96868133544922,62.93812942504883,63.945003509521484,62.60625457763672,63.000003814697266,7720319
2009-09-16,50.55415725708008,62.42625427246094,63.523128509521484,62.11125183105469,63.523128509521484,7925181
2009-09-17,51.588191986083984,63.703128814697266,64.73250579833984,62.67375183105469,62.67375183105469,15628968
2009-09-18,51.852394104003906,64.02938079833984,64.39500427246094,63.22500228881836,63.39375305175781,10361279
2009-09-22,52.5721321105957,64.91812896728516,65.19375610351562,63.6300048828125,64.37250518798828,6638746
2009-09-23,51.642860412597656,63.7706298828125,65.47500610351562,63.25875473022461,64.77750396728516,9301466
2009-09-24,52.913780212402344,65.34000396728516,65.85750579833984,62.167503356933594,63.000003814697266,15471279
2009-09-25,51.59730529785156,63.714378356933594,65.70000457763672,63.40500259399414,65.34000396728516,8332781
2009-09-29,53.027652740478516,65.48062896728516,66.26250457763672,64.09125518798828,64.35000610351562,12808363
2009-09-30,54.854305267333984,67.73625183105469,68.16374969482422,65.53688049316406,65.53688049316406,23810238
2009-10-01,55.396385192871094,68.40562438964844,69.1875,66.62812805175781,67.95000457763672,16148692
2009-10-05,55.44194412231445,68.46187591552734,69.30000305175781,67.5,67.5,11021475
2009-10-06,54.62199783325195,67.44937896728516,69.69375610351562,66.45938110351562,68.81625366210938,13297812
2009-10-07,52.13027572631836,64.37250518798828,68.02875518798828,64.26000213623047,67.5,13308390
2009-10-08,51.487972259521484,63.579376220703125,65.25,63.12375259399414,65.0250015258789,12931394
2009-10-09,50.25351333618164,62.05500411987305,64.87875366210938,61.650001525878906,64.4625015258789,24391918
2009-10-12,52.24871063232422,64.51875305175781,64.78874969482422,62.23500442504883,62.55000305175781,9668168
2009-10-13,52.24871063232422,64.51875305175781,64.51875305175781,64.51875305175781,64.51875305175781,0
2009-10-14,52.99577331542969,65.44125366210938,66.1500015258789,64.71562957763672,64.71562957763672,8675324
2009-10-15,52.38080596923828,64.68187713623047,66.17250061035156,63.68625259399414,65.81813049316406,6799350
2009-10-16,52.14849090576172,64.39500427246094,65.79000091552734,64.125,64.94062805175781,9359501
2009-10-20,53.20530700683594,65.70000457763672,67.17937469482422,64.92375183105469,65.32312774658203,9821243
2009-10-21,53.4376335144043,65.98687744140625,67.44375610351562,65.8125,65.8125,10149821
2009-10-22,52.5721321105957,64.91812896728516,66.89812469482422,64.3893814086914,66.1500015258789,9055697
2009-10-23,53.64260482788086,66.24000549316406,66.87562561035156,65.2612533569336,66.03750610351562,8170648
2009-10-26,53.879486083984375,66.53250122070312,67.61250305175781,66.26250457763672,66.375,9589741
2009-10-27,55.1777229309082,68.13562774658203,69.5250015258789,66.9375,68.31000518798828,27113607
2009-10-28,57.0043830871582,70.39125061035156,70.81875610351562,67.8375015258789,68.88375091552734,18819385
2009-10-29,56.895057678222656,70.25625610351562,71.10000610351562,69.08625030517578,69.49125671386719,17659190
2009-10-30,55.20050048828125,68.16374969482422,71.93250274658203,66.96562957763672,71.10000610351562,22864772
2009-11-03,52.968441009521484,65.40750122070312,68.61375427246094,64.6987533569336,67.8375015258789,13659074
2009-11-04,54.44889831542969,67.23562622070312,68.17500305175781,65.4581298828125,65.47500610351562,9117341
2009-11-05,54.65388488769531,67.48875427246094,67.921875,65.0362548828125,67.15687561035156,7978639
2009-11-06,54.52178192138672,67.32563018798828,68.85000610351562,66.95437622070312,68.0625,9155421
2009-11-09,54.94542694091797,67.8487548828125,68.1187515258789,66.9487533569336,67.5,5946915
2009-11-10,54.08903121948242,66.79125213623047,68.79375457763672,66.39187622070312,68.51250457763672,9595590
2009-11-11,56.179893493652344,69.37313079833984,69.71625518798828,67.10625457763672,67.2750015258789,10585066
2009-11-12,56.895057678222656,70.25625610351562,70.96500396728516,69.2550048828125,69.41250610351562,17139394
2009-11-13,57.66034698486328,71.20125579833984,71.48250579833984,69.86250305175781,70.53750610351562,7129804
2009-11-16,58.09766387939453,71.74125671386719,72.22500610351562,70.42500305175781,70.875,6408301
2009-11-17,58.53495407104492,72.28125,73.10250091552734,71.46000671386719,71.74125671386719,10739715
2009-11-18,58.72627639770508,72.51750183105469,74.18250274658203,72.11250305175781,72.11250305175781,12161074
2009-11-19,58.86747741699219,72.69187927246094,73.62000274658203,72.02812957763672,72.45000457763672,9666621
2009-11-20,59.13169479370117,73.01812744140625,73.44000244140625,70.88063049316406,72.11250305175781,10284888
2009-11-23,58.75360107421875,72.55125427246094,74.77875518798828,72.45000457763672,72.69187927246094,7151315
2009-11-24,58.95859146118164,72.80437469482422,73.6706314086914,72.3375015258789,72.78750610351562,6047786
2009-11-25,58.808265686035156,72.6187515258789,73.64812469482422,72.3375015258789,72.3375015258789,8613030
2009-11-26,57.332374572753906,70.79624938964844,73.73250579833984,70.3125,72.79875183105469,12244541
2009-11-27,56.72196578979492,70.0425033569336,72.22500610351562,68.63063049316406,71.10000610351562,11315252
2009-11-30,57.30958557128906,70.76812744140625,71.88750457763672,70.42500305175781,71.07749938964844,10173519
2009-12-01,58.13864517211914,71.79187774658203,72.07875061035156,71.015625,71.015625,7596604
2009-12-02,57.669456481933594,71.2125015258789,72.22500610351562,70.875,72.22500610351562,6943812
2009-12-03,58.37096405029297,72.07875061035156,73.09125518798828,71.55000305175781,71.55000305175781,5468781
2009-12-04,58.11585998535156,71.76375579833984,73.80000305175781,71.55000305175781,71.96625518798828,11417394
2009-12-07,58.11131286621094,71.75812530517578,72.78750610351562,71.39250183105469,72.0,5445581
2009-12-08,58.99503707885742,72.84938049316406,73.23188018798828,71.4375,71.96625518798828,7261990
2009-12-09,59.641883850097656,73.64812469482422,74.13750457763672,72.3375015258789,72.3375015258789,12101234
2009-12-10,59.072479248046875,72.94499969482422,74.19375610351562,72.67500305175781,73.6875,5981439
2009-12-11,58.70804214477539,72.49500274658203,74.07563018798828,72.25312805175781,73.4625015258789,8494301
2009-12-14,59.99718475341797,74.08687591552734,74.39625549316406,72.50625610351562,72.6187515258789,9216479
2009-12-15,60.04730224609375,74.14875030517578,74.66625213623047,73.5581283569336,74.13750457763672,10816043
2009-12-16,61.13600540161133,75.49312591552734,75.9375,74.0250015258789,74.12625122070312,13712621
2009-12-17,61.186092376708984,75.55500030517578,77.16374969482422,75.20625305175781,76.05000305175781,14338674
2009-12-18,61.468536376953125,75.90375518798828,78.13687896728516,75.48750305175781,75.82500457763672,26300078
2009-12-21,61.709964752197266,76.2018814086914,77.85000610351562,75.9487533569336,76.48875427246094,19028070
2009-12-22,61.83295440673828,76.35375213623047,77.60250091552734,75.26250457763672,76.52812957763672,9794790
2009-12-23,63.18129348754883,78.01875305175781,78.1875,76.38750457763672,77.0625,13068408
2009-12-24,63.26331329345703,78.12000274658203,78.73875427246094,77.63063049316406,78.1875,9079092
2009-12-29,62.05162048339844,76.6237564086914,78.40687561035156,76.2018814086914,78.1875,11536426
2009-12-30,62.07438659667969,76.6518783569336,77.52938079833984,76.17375183105469,76.17375183105469,7675501
2009-12-31,61.95137405395508,76.5,77.47312927246094,76.12875366210938,76.5,12543359
2010-01-04,63.2086296081543,78.05250549316406,78.41250610351562,76.04438018798828,77.0625,6819252
2010-01-05,64.20624542236328,79.28437805175781,79.6500015258789,78.02437591552734,78.33375549316406,9959403
2010-01-06,62.90798568725586,77.6812515258789,79.875,77.28750610351562,79.42500305175781,9150061
2010-01-07,61.79197692871094,76.30313110351562,78.2437515258789,75.9375,78.1875,9165297
2010-01-08,60.8626823425293,75.15562438964844,76.5,74.92500305175781,76.38750457763672,5713679
2010-01-11,60.256839752197266,74.40750122070312,76.6237564086914,73.828125,75.03750610351562,11355777
2010-01-12,63.2086296081543,78.05250549316406,79.17750549316406,75.60000610351562,75.60000610351562,20789812
2010-01-13,65.19470977783203,80.5050048828125,81.00000762939453,77.45063018798828,78.40687561035156,22567181
2010-01-14,67.51791381835938,83.3737564086914,84.67875671386719,79.67250061035156,80.97750091552734,38960389
2010-01-15,67.04413604736328,82.78875732421875,83.99250030517578,81.22500610351562,81.3375015258789,29355509
2010-01-18,68.10098266601562,84.09375762939453,84.51000213623047,82.1362533569336,82.68750762939453,15998674
2010-01-19,67.32202911376953,83.13188171386719,85.03312683105469,82.1362533569336,85.03312683105469,8197119
2010-01-20,66.19232177734375,81.73687744140625,84.37500762939453,81.17437744140625,84.37500762939453,20839012
2010-01-21,64.63442993164062,79.81312561035156,83.13750457763672,79.4362564086914,81.9000015258789,17143625
2010-01-22,63.778045654296875,78.75563049316406,80.43750762939453,78.24937438964844,78.75,15268319
2010-01-25,63.327064514160156,78.1987533569336,79.20000457763672,77.15250396728516,78.1875,7986515
2010-01-27,59.710208892822266,73.73250579833984,77.64750671386719,73.15312957763672,77.625,16430416
2010-01-28,61.35466003417969,75.76313018798828,77.49000549316406,73.7437515258789,75.82500457763672,13614123
2010-01-29,59.031471252441406,72.89437866210938,74.92500305175781,71.04375457763672,74.8125,19649012
2010-02-01,60.88545227050781,75.18375396728516,75.90375518798828,71.2237548828125,72.421875,10881732
2010-02-02,59.509765625,73.48500061035156,78.07500457763672,73.23750305175781,77.4000015258789,8321955
2010-02-03,61.19065475463867,75.56063079833984,75.81375122070312,73.4625015258789,73.6987533569336,6842337
2010-02-04,59.691986083984375,73.71000671386719,75.54375457763672,73.23750305175781,74.92500305175781,6571679
2010-02-05,58.67616653442383,72.45562744140625,73.58062744140625,71.4487533569336,71.4487533569336,12625057
2010-02-08,57.96098327636719,71.57250213623047,73.125,70.89187622070312,72.39375305175781,9483101
2010-02-09,59.60999298095703,73.60874938964844,74.05875396728516,71.10000610351562,71.10000610351562,8888212
2010-02-10,59.00871276855469,72.86625671386719,74.70000457763672,72.4893798828125,74.25,6836790
2010-02-11,59.73752975463867,73.76625061035156,74.50312805175781,73.125,73.50187683105469,4258168
2010-02-15,60.12018585205078,74.23875427246094,74.92500305175781,73.57500457763672,73.57500457763672,5581430
2010-02-16,61.035797119140625,75.36937713623047,75.4312515258789,73.6031265258789,74.36250305175781,5691173
2010-02-17,61.16788101196289,75.53250122070312,76.5,74.48062896728516,76.5,7391341
2010-02-18,60.8490104675293,75.13875579833984,76.16250610351562,74.71125030517578,75.9375,4323768
2010-02-19,60.65769577026367,74.90250396728516,75.65625,74.0250015258789,74.47500610351562,12808008
2010-02-22,60.871803283691406,75.16687774658203,76.5562515258789,74.83500671386719,75.03750610351562,3946053
2010-02-23,61.618839263916016,76.0893783569336,76.41000366210938,74.36250305175781,75.02625274658203,4919981
2010-02-24,61.240779876708984,75.62250518798828,76.60688018798828,75.234375,76.2750015258789,7261652
2010-02-25,60.98566818237305,75.30750274658203,76.72500610351562,74.82937622070312,76.16250610351562,8538986
2010-02-26,61.72362518310547,76.21875,77.4112548828125,74.8125,75.4987564086914,6495706
2010-03-02,63.887359619140625,78.890625,79.0875015258789,75.9375,75.9375,9523919
2010-03-03,63.63682556152344,78.58125305175781,79.6500015258789,77.8893814086914,79.3125,7529697
2010-03-04,63.2041015625,78.046875,78.82875061035156,77.56875610351562,78.46875,8337839
2010-03-05,62.484344482421875,77.15812683105469,78.86250305175781,76.84312438964844,78.1875,5753786
2010-03-08,63.563961029052734,78.49125671386719,79.27312469482422,77.15812683105469,77.28750610351562,7363617
2010-03-09,63.960262298583984,78.98062896728516,80.15625762939453,78.75,78.97500610351562,6597235
2010-03-10,63.43641662597656,78.33375549316406,79.63875579833984,78.0300064086914,78.97500610351562,4676328
2010-03-11,64.62987518310547,79.80750274658203,80.32500457763672,78.63750457763672,78.97500610351562,10017466
2010-03-12,64.68909454345703,79.88063049316406,80.65125274658203,79.58250427246094,80.41500091552734,8515528
2010-03-15,66.3836441040039,81.97312927246094,82.23750305175781,79.6500015258789,80.43750762939453,11911234
2010-03-16,66.29710388183594,81.86625671386719,82.69313049316406,81.25312805175781,82.23750305175781,6906915
2010-03-17,67.335693359375,83.14875030517578,83.47500610351562,82.11375427246094,82.57500457763672,6027573
2010-03-18,66.41097259521484,82.00688171386719,84.37500762939453,81.47250366210938,83.81250762939453,4858968
2010-03-19,66.18778228759766,81.73125457763672,82.8112564086914,81.46125030517578,82.33875274658203,4731057
2010-03-22,66.32443237304688,81.9000015258789,82.60875701904297,80.43750762939453,80.96625518798828,4472853
2010-03-23,65.61836242675781,81.02812957763672,82.67625427246094,80.79187774658203,81.00000762939453,5315893
2010-03-25,65.51815795898438,80.90438079833984,81.56250762939453,79.875,80.43750762939453,9379768
2010-03-26,65.36783599853516,80.71875762939453,82.02938079833984,80.12812805175781,81.67500305175781,5355804
2010-03-29,65.19470977783203,80.5050048828125,81.3375015258789,79.81875610351562,80.7750015258789,5849466
2010-03-30,63.91924285888672,78.93000030517578,80.88750457763672,78.22687530517578,79.875,14737465
2010-03-31,64.40666961669922,79.53187561035156,79.86375427246094,78.68250274658203,78.97500610351562,15829785
2010-04-01,65.71857452392578,81.1518783569336,81.6187515258789,79.6500015258789,79.98750305175781,5714577
2010-04-05,65.79144287109375,81.24188232421875,81.76500701904297,80.21813201904297,81.3375015258789,3468799
2010-04-06,65.15829467773438,80.46000671386719,81.67500305175781,79.91437530517578,81.56250762939453,4106639
2010-04-07,65.1172866821289,80.40937805175781,81.00000762939453,79.53750610351562,81.00000762939453,7111706
2010-04-08,65.29949951171875,80.6343765258789,81.55125427246094,79.875,80.43750762939453,5580835
2010-04-09,64.73463439941406,79.93687438964844,81.23062896728516,79.67250061035156,80.7750015258789,9105875
2010-04-12,63.93293380737305,78.9468765258789,80.43750762939453,78.27750396728516,80.43750762939453,5442399
2010-04-13,65.57279968261719,80.97187805175781,81.39375305175781,78.75,78.97500610351562,12863270
2010-04-15,65.79144287109375,81.24188232421875,82.62000274658203,80.84812927246094,81.19125366210938,11608248
2010-04-16,65.78691101074219,81.23625183105469,81.65812683105469,80.7750015258789,81.24188232421875,4142533
2010-04-19,64.14702606201172,79.21125030517578,80.98875427246094,78.8737564086914,80.66250610351562,4150933
2010-04-20,63.37718963623047,78.26062774658203,80.37000274658203,77.8893814086914,79.53750610351562,8713128
2010-04-21,64.22901916503906,79.3125,79.6050033569336,77.4112548828125,78.69375610351562,6454364
2010-04-22,64.16069030761719,79.2281265258789,80.42625427246094,78.47438049316406,79.07625579833984,5497048
2010-04-23,63.0355339050293,77.83875274658203,82.06875610351562,77.6362533569336,80.46562957763672,43050264
2010-04-26,63.69147872924805,78.64875030517578,79.25625610351562,77.99625396728516,78.1875,8264835
2010-04-27,63.62771987915039,78.56999969482422,79.3125,78.13125610351562,79.3125,7863981
2010-04-28,62.935333251953125,77.71500396728516,78.1875,77.28750610351562,78.07500457763672,15492950
2010-04-29,62.84880447387695,77.6081314086914,77.9625015258789,76.74187469482422,77.9625015258789,11541003
2010-04-30,61.177001953125,75.54375457763672,78.27188110351562,75.375,78.1875,16536416
2010-05-03,61.463985443115234,75.89812469482422,76.359375,74.25,75.25125122070312,8842506
2010-05-04,60.1292839050293,74.25,76.65750122070312,73.95750427246094,76.65750122070312,4558746
2010-05-05,61.16788101196289,75.53250122070312,75.9375,72.83250427246094,73.6875,6147413
2010-05-06,60.079185485839844,74.18812561035156,77.0625,73.6875,75.48750305175781,5540888
2010-05-07,58.09766387939453,71.74125671386719,73.6875,70.98750305175781,73.125,9433643
2010-05-10,61.24988555908203,75.63375091552734,76.21875,72.01687622070312,73.01250457763672,12222914
2010-05-11,60.8626823425293,75.15562438964844,76.05000305175781,73.94062805175781,76.05000305175781,5592115
2010-05-12,62.03338623046875,76.60124969482422,76.87687683105469,74.953125,75.68437957763672,9876026
2010-05-13,61.34100341796875,75.74625396728516,77.92875671386719,75.29624938964844,77.38875579833984,9896017
2010-05-14,60.712364196777344,74.97000122070312,76.5,74.14875030517578,76.36500549316406,6250355
2010-05-17,58.8037223815918,72.61312866210938,74.25,71.66250610351562,73.35000610351562,12769572
2010-05-18,60.115631103515625,74.2331314086914,74.89125061035156,72.12937927246094,72.67500305175781,9031670
2010-05-19,59.190914154052734,73.09125518798828,73.6875,71.88750457763672,73.57500457763672,9592763
2010-05-20,59.59176254272461,73.58625030517578,74.56500244140625,72.45000457763672,73.14750671386719,15070843
2010-05-21,58.46207046508789,72.19125366210938,72.92250061035156,70.47000122070312,72.16875457763672,12193812
2010-05-24,59.031471252441406,72.89437866210938,73.71000671386719,71.60625457763672,73.35000610351562,5843608
2010-05-25,57.72867202758789,71.28562927246094,72.6187515258789,70.6500015258789,72.6187515258789,4875235
2010-05-26,59.236454010009766,73.14750671386719,73.4625015258789,71.63999938964844,71.79750061035156,6677590
2010-05-27,59.896968841552734,73.96312713623047,74.77875518798828,72.45000457763672,73.14750671386719,11863688
2010-05-28,60.47550582885742,74.67750549316406,74.92500305175781,73.71000671386719,74.8125,4980550
2010-05-31,61.0084342956543,75.33562469482422,76.0612564086914,73.96875,74.90250396728516,5011564
2010-06-01,59.97439193725586,74.05875396728516,75.90375518798828,73.6875,75.81375122070312,3667279
2010-06-02,59.213680267333984,73.11937713623047,74.8687515258789,72.78750610351562,74.25,6429795
2010-06-03,59.72842788696289,73.7550048828125,74.67750549316406,73.51313018798828,73.80000305175781,5393164
2010-06-04,59.714752197265625,73.73812866210938,74.12625122070312,73.26000213623047,73.6987533569336,2466035
2010-06-07,59.468780517578125,73.43437957763672,74.23875427246094,69.95249938964844,69.95249938964844,13229866
2010-06-08,58.52127456665039,72.2643814086914,74.13750457763672,72.0562515258789,73.6875,8246719
2010-06-09,57.332374572753906,70.79624938964844,72.67500305175781,70.53750610351562,72.55125427246094,11836390
2010-06-10,58.53952407836914,72.28688049316406,72.5625,70.3125,70.6500015258789,7566959
2010-06-11,58.98136520385742,72.83250427246094,73.56938171386719,72.5737533569336,73.125,7746195
2010-06-14,61.4229736328125,75.84750366210938,76.03874969482422,72.83250427246094,73.13063049316406,12259972
2010-06-15,62.538326263427734,76.53752136230469,79.20001983642578,75.76876831054688,79.20001983642578,7340451
2010-06-16,62.63024139404297,76.65001678466797,77.76564025878906,75.95626831054688,76.97814178466797,4167316
2010-06-17,63.33500671386719,77.51251983642578,77.98126983642578,75.60002136230469,76.80001831054688,5071705
2010-06-18,62.75281524658203,76.80001831054688,79.12501525878906,76.32189178466797,77.81251525878906,5824771
2010-06-21,63.64906311035156,77.89689636230469,78.37501525878906,76.89376831054688,77.25001525878906,4416473
2010-06-22,62.262569427490234,76.20001983642578,77.89689636230469,74.91564178466797,77.89689636230469,4767118
2010-06-23,62.02510070800781,75.90939331054688,76.68751525878906,75.06564331054688,76.12501525878906,6583246
2010-06-24,61.62675476074219,75.42189025878906,76.39689636230469,74.81251525878906,76.00314331054688,13296236
2010-06-25,59.64275360107422,72.99376678466797,75.93751525878906,72.56251525878906,75.93751525878906,9389117
2010-06-28,60.47006607055664,74.00627136230469,74.43751525878906,73.12501525878906,73.12501525878906,4882324
2010-06-29,59.696372985839844,73.05939483642578,74.60626983642578,72.53439331054688,74.08126831054688,5470979
2010-06-30,58.90737533569336,72.09376525878906,72.68439483642578,71.25001525878906,71.25001525878906,7927875
2010-07-01,57.47488784790039,70.34064483642578,72.00001525878906,69.76876831054688,72.00001525878906,6879747
2010-07-02,59.075904846191406,72.30001831054688,72.75001525878906,69.85314178466797,70.52814483642578,10941863
2010-07-05,59.757652282714844,73.13439178466797,73.38751983642578,71.96251678466797,72.37501525878906,3988831
2010-07-06,60.87603759765625,74.50314331054688,74.71876525878906,72.00001525878906,73.12501525878906,7622355
2010-07-07,60.25557327270508,73.74376678466797,74.75627136230469,73.12501525878906,74.62501525878906,3743444
2010-07-08,60.57731628417969,74.13751983642578,75.35626983642578,73.92189025878906,74.62501525878906,5022585
2010-07-09,61.46590042114258,75.22502136230469,75.49689483642578,74.33439636230469,74.62501525878906,5154601
2010-07-12,62.783447265625,76.83751678466797,77.25001525878906,75.33751678466797,75.56251525878906,6675112
2010-07-13,61.887210845947266,75.74064636230469,78.12189483642578,75.00939178466797,77.06251525878906,10933709
2010-07-14,61.15183639526367,74.84064483642578,76.68751525878906,74.06251525878906,75.93751525878906,5392611
2010-07-15,61.588462829589844,75.37501525878906,75.70314025878906,74.44689178466797,74.62501525878906,4326585
2010-07-16,61.62675476074219,75.42189025878906,76.87501525878906,74.64376831054688,75.56251525878906,6472014
2010-07-19,61.93317413330078,75.79689025878906,76.10626983642578,74.37189483642578,75.46876525878906,5917246
2010-07-20,62.50767517089844,76.50001525878906,76.78126525878906,75.58126831054688,75.93751525878906,5736878
2010-07-21,63.58778762817383,77.82189178466797,78.15939331054688,76.55626678466797,76.87501525878906,5904078
2010-07-22,63.641414642333984,77.88751983642578,78.71251678466797,77.09064483642578,78.18751525878906,5981763
2010-07-23,63.1894416809082,77.33439636230469,80.70939636230469,76.97814178466797,78.19689178466797,24232335
2010-07-26,63.3426628112793,77.52189636230469,78.39376831054688,77.18439483642578,77.83126831054688,6065043
2010-07-27,64.0473861694336,78.38439178466797,78.65626525878906,77.75627136230469,77.80314636230469,5463737
2010-07-28,63.54947280883789,77.77501678466797,78.91876983642578,77.41876983642578,78.56251525878906,2736057
2010-07-29,63.832916259765625,78.12189483642578,78.46876525878906,77.26876831054688,77.81251525878906,4504660
2010-07-30,63.166446685791016,77.30626678466797,78.18751525878906,76.59376525878906,77.81251525878906,4212244
2010-08-02,63.38861083984375,77.57814025878906,78.56251525878906,76.75314331054688,77.81251525878906,5558206
2010-08-03,63.11285400390625,77.24064636230469,78.41252136230469,77.06251525878906,78.18751525878906,2463828
2010-08-04,65.69435119628906,80.40001678466797,80.7187728881836,77.31564331054688,77.43751525878906,12225868
2010-08-05,66.06202697753906,80.85002136230469,81.55314636230469,79.79064178466797,80.3906478881836,8882040
2010-08-06,66.3301773071289,81.17814636230469,82.42501831054688,80.5312728881836,80.5781478881836,10607080
2010-08-09,66.94297790527344,81.92814636230469,82.2187728881836,80.2500228881836,81.1875228881836,7370478
2010-08-10,65.54114532470703,80.21251678466797,81.8437728881836,79.98751831054688,81.59064483642578,7296899
2010-08-11,64.18527221679688,78.55314636230469,81.1875228881836,78.20626831054688,81.1875228881836,4191401
2010-08-12,63.06687927246094,77.18439483642578,78.34689331054688,76.37814331054688,78.34689331054688,6071385
2010-08-13,63.580135345458984,77.81251525878906,79.10626983642578,77.35314178466797,77.46564483642578,3902607
2010-08-16,63.44990158081055,77.65314483642578,78.56251525878906,76.87501525878906,77.47502136230469,4157657
2010-08-17,63.09752655029297,77.22189331054688,78.46876525878906,76.88439178466797,77.62501525878906,6562883
2010-08-18,64.43805694580078,78.86251831054688,79.40626525878906,77.36251831054688,77.48439025878906,4301193
2010-08-19,64.27721405029297,78.66564178466797,79.59376525878906,78.00939178466797,79.12501525878906,3844655
2010-08-20,63.07455062866211,77.19377136230469,78.69377136230469,77.06251525878906,78.69377136230469,3000276
2010-08-23,63.26603698730469,77.42814636230469,77.94377136230469,77.20314025878906,77.62501525878906,2625103
2010-08-24,62.52302169799805,76.51876831054688,77.88751983642578,76.31251525878906,77.43751525878906,3821209
2010-08-25,61.213111877441406,74.91564178466797,76.50001525878906,74.52189636230469,76.50001525878906,4489438
2010-08-26,61.251407623291016,74.96251678466797,75.90001678466797,74.51251983642578,75.18751525878906,7083288
2010-08-27,60.814781188964844,74.42814636230469,75.00001525878906,73.85626983642578,75.00001525878906,3358121
2010-08-30,60.97563171386719,74.62501525878906,76.25627136230469,73.69689178466797,74.65314483642578,5318942
2010-08-31,61.320350646972656,75.04689025878906,75.37501525878906,73.75314331054688,74.55001831054688,5464222
2010-09-01,61.825923919677734,75.66564178466797,75.84376525878906,74.74689483642578,75.04689025878906,10371266
2010-09-02,61.81061935424805,75.64689636230469,76.47189331054688,75.22502136230469,76.31251525878906,3506420
2010-09-03,61.48121643066406,75.24376678466797,76.35002136230469,74.67189025878906,76.35002136230469,3712756
2010-09-06,62.086360931396484,75.98439025878906,76.45314025878906,75.25314331054688,75.37501525878906,5971502
2010-09-07,62.54598617553711,76.54689025878906,76.80939483642578,75.59064483642578,76.30314636230469,8435880
2010-09-08,62.89834976196289,76.97814178466797,77.93439483642578,75.65626525878906,76.46251678466797,7231246
2010-09-09,62.50767517089844,76.50001525878906,77.54064178466797,76.07814025878906,77.06251525878906,5541593
2010-09-13,61.77230453491211,75.60002136230469,77.25001525878906,75.11251831054688,76.87501525878906,7995166
2010-09-14,64.02439880371094,78.35626983642578,78.69377136230469,75.71251678466797,75.93751525878906,8415224
2010-09-15,65.57943725585938,80.25939178466797,80.54064178466797,78.48751831054688,78.56251525878906,10421976
2010-09-16,64.87470245361328,79.39689636230469,80.98126983642578,79.05001831054688,80.4375228881836,8198365
2010-09-17,64.38442993164062,78.79689025878906,80.7656478881836,78.39376831054688,79.68751525878906,4966414
2010-09-20,64.39976501464844,78.81564331054688,79.87501525878906,78.31877136230469,79.12501525878906,5185982
2010-09-21,66.6902084350586,81.61876678466797,82.01251983642578,79.12501525878906,79.12501525878906,13331138
2010-09-22,67.35662078857422,82.43439483642578,83.40001678466797,80.7187728881836,81.7500228881836,13427612
2010-09-23,67.89285278320312,83.09064483642578,83.4375228881836,81.1875228881836,82.4062728881836,9072979
2010-09-24,68.49034881591797,83.82189178466797,84.3750228881836,82.18126678466797,83.2500228881836,7818264
2010-09-27,68.11500549316406,83.36251831054688,84.7500228881836,83.05314636230469,84.0562744140625,5430691
2010-09-28,67.64005279541016,82.7812728881836,84.3750228881836,82.1250228881836,83.36251831054688,5180590
2010-09-29,67.770263671875,82.94064331054688,84.41252136230469,82.0312728881836,82.7812728881836,5951027
2010-09-30,68.85803985595703,84.27189636230469,85.20001983642578,82.15314483642578,83.4375228881836,8755704
2010-10-01,70.73479461669922,86.56877136230469,86.80314636230469,83.6250228881836,84.0000228881836,10721266
2010-10-04,71.13313293457031,87.0562744140625,88.5000228881836,86.4468994140625,87.0000228881836,7974280
2010-10-05,70.64288330078125,86.45626831054688,87.6562728881836,86.1656494140625,86.87814331054688,4162905
2010-10-06,71.22505187988281,87.16876983642578,88.11564636230469,86.4843978881836,87.0000228881836,2711508
2010-10-07,70.1219711303711,85.81877136230469,87.3750228881836,85.57501983642578,87.1875228881836,4297214
2010-10-08,70.85736083984375,86.7187728881836,87.7500228881836,85.1250228881836,86.0718994140625,5346601
2010-10-11,71.0335464477539,86.93439483642578,87.87189483642578,86.17501831054688,86.36251831054688,2593034
2010-10-12,71.00292205810547,86.89689636230469,88.5000228881836,86.26876831054688,87.3750228881836,7484835
2010-10-13,74.05936431884766,90.63751983642578,91.30314636230469,86.6250228881836,86.6250228881836,14037009
2010-10-14,75.13945770263672,91.95939636230469,93.7500228881836,90.62814331054688,91.5000228881836,12882471
2010-10-15,72.53496551513672,88.77189636230469,93.7031478881836,88.14376831054688,92.2500228881836,10849474
2010-10-18,71.67700958251953,87.72189331054688,89.0625228881836,86.4843978881836,88.70626831054688,13823751
2010-10-19,71.16378784179688,87.0937728881836,89.42814636230469,86.4375228881836,88.3125228881836,5106030
2010-10-20,71.0871810913086,87.0000228881836,88.5937728881836,86.2500228881836,86.4375228881836,4063988
2010-10-21,72.02937316894531,88.15314483642578,88.56564331054688,86.2500228881836,87.7500228881836,5074046
2010-10-22,68.77377319335938,84.16876983642578,86.94377136230469,83.27814483642578,86.94377136230469,20607248
2010-10-25,65.93180847167969,80.69064331054688,84.3750228881836,79.80939483642578,83.7187728881836,24662905
2010-10-26,65.9394760131836,80.70001983642578,82.2656478881836,79.81877136230469,79.88439178466797,25952046
2010-10-27,65.99311065673828,80.7656478881836,82.02189636230469,79.95001983642578,81.1875228881836,6545438
2010-10-28,65.42625427246094,80.07189178466797,81.7500228881836,79.03126525878906,81.5625228881836,17954598
2010-10-29,64.30784606933594,78.70314025878906,80.6250228881836,77.81251525878906,80.5312728881836,5174238
2010-11-01,64.91300201416016,79.44377136230469,80.2500228881836,79.13439178466797,80.2500228881836,5253145
2010-11-02,66.46805572509766,81.34689331054688,81.86251831054688,79.21876525878906,79.69689178466797,7691032
2010-11-03,66.59825897216797,81.50627136230469,82.20939636230469,80.9062728881836,81.77814483642578,5501961
2010-11-04,66.91230773925781,81.8906478881836,82.5000228881836,81.5625228881836,82.3125228881836,3697295
2010-11-08,66.06202697753906,80.85002136230469,82.7812728881836,80.6250228881836,82.7812728881836,3652468
2010-11-09,66.13096618652344,80.93439483642578,81.88127136230469,79.92189025878906,81.13127136230469,4901358
2010-11-10,66.88169860839844,81.85314178466797,82.3125228881836,81.0000228881836,81.5625228881836,5237801
2010-11-11,65.6713638305664,80.37189483642578,82.29376983642578,80.17501831054688,81.7500228881836,1795396
2010-11-12,65.14281463623047,79.72502136230469,81.0000228881836,79.14376831054688,81.0000228881836,3225892
2010-11-15,66.36845397949219,81.22502136230469,81.97502136230469,78.57189178466797,79.22814178466797,5424713
2010-11-16,64.6142578125,79.07814025878906,81.71251678466797,78.20626831054688,81.71251678466797,5591379
2010-11-18,64.10103607177734,78.45001983642578,80.23126983642578,77.85939025878906,80.23126983642578,6091294
2010-11-19,61.412261962890625,75.15939331054688,78.93751525878906,74.53126525878906,78.93751525878906,5943950
2010-11-22,64.08570098876953,78.43126678466797,78.75001525878906,75.15939331054688,75.93751525878906,11306370
2010-11-23,63.89419937133789,78.19689178466797,79.12501525878906,76.40626525878906,78.18751525878906,8733624
2010-11-24,62.768150329589844,76.81877136230469,78.37501525878906,76.14376831054688,78.37501525878906,3495593
2010-11-25,62.23957443237305,76.17189025878906,78.93751525878906,74.83126831054688,76.96876525878906,10500392
2010-11-26,62.43107986450195,76.40626525878906,77.25001525878906,74.71876525878906,76.31251525878906,6194025
2010-11-29,64.00141906738281,78.32814025878906,78.93751525878906,76.50001525878906,77.02501678466797,6019667
2010-11-30,64.28486633300781,78.67501831054688,79.63127136230469,77.29689025878906,78.18751525878906,10995133
2010-12-01,63.534141540527344,77.75627136230469,79.07814025878906,77.27814483642578,78.93751525878906,9370450
2010-12-02,65.27303314208984,79.88439178466797,80.88751983642578,78.32814025878906,78.93751525878906,16088726
2010-12-03,65.51051330566406,80.17501831054688,81.31877136230469,79.50001525878906,79.68751525878906,8699923
2010-12-06,65.97779083251953,80.74689483642578,81.86251831054688,80.41876983642578,80.6250228881836,7267358
2010-12-07,66.6365737915039,81.55314636230469,81.9375228881836,80.99064636230469,81.0000228881836,4539321
2010-12-08,66.6902084350586,81.61876678466797,82.49064636230469,81.0000228881836,81.88127136230469,7733891
2010-12-09,66.96595764160156,81.95626831054688,82.84689331054688,80.8125228881836,81.5625228881836,8175773
2010-12-10,69.08783721923828,84.55314636230469,85.10626983642578,81.19689178466797,81.9375228881836,11792871
2010-12-13,68.65885925292969,84.02814483642578,84.9375228881836,82.14376831054688,84.9375228881836,9045661
2010-12-14,69.61639404296875,85.20001983642578,85.62189483642578,83.41876983642578,84.35626983642578,9084200
2010-12-15,70.2292251586914,85.95001983642578,86.1562728881836,84.5625228881836,84.76876831054688,7994008
2010-12-16,72.01406860351562,88.1343994140625,89.1562728881836,85.71564483642578,86.00627136230469,17228187
2010-12-20,73.17076873779297,89.55001831054688,90.0000228881836,86.7656478881836,87.20626831054688,12656940
2010-12-21,74.38109588623047,91.0312728881836,92.7750244140625,89.8593978881836,90.0000228881836,21289280
2010-12-22,73.12479400634766,89.4937744140625,90.90939331054688,88.84689331054688,90.3750228881836,5792819
2010-12-23,73.46184539794922,89.9062728881836,91.25627136230469,89.3906478881836,90.3750228881836,6989907
2010-12-24,74.06700897216797,90.64689636230469,91.20939636230469,88.1250228881836,88.1250228881836,6555289
2010-12-27,74.3198013305664,90.95626831054688,91.25627136230469,90.01876831054688,90.01876831054688,4971028
2010-12-28,75.27733612060547,92.1281509399414,93.0468978881836,90.9375228881836,90.9375228881836,8527896
2010-12-29,74.84071350097656,91.5937728881836,92.2687759399414,91.1343994140625,92.0625228881836,3453263
2010-12-30,75.06285858154297,91.86564636230469,92.8125228881836,91.02189636230469,91.8750228881836,14624849
2010-12-31,75.26200866699219,92.1093978881836,92.55939483642578,91.1250228881836,91.5093994140625,4222105
2011-01-03,74.00572204589844,90.5718994140625,93.1500244140625,90.4312744140625,93.1500244140625,5221252
2011-01-04,74.2508544921875,90.87189483642578,91.85626983642578,90.58126831054688,90.76876831054688,7757976
2011-01-05,74.40406036376953,91.05939483642578,92.0250244140625,90.1875228881836,90.4781494140625,7435688
2011-01-06,74.51129913330078,91.19064331054688,91.86564636230469,89.47502136230469,90.81564331054688,6291630
2011-01-07,73.07117462158203,89.42814636230469,92.27814483642578,88.7343978881836,91.14376831054688,7085731
2011-01-10,71.17908477783203,87.11251831054688,89.23126983642578,86.38127136230469,89.0250244140625,8796179
2011-01-11,71.61573791503906,87.64689636230469,89.0625228881836,85.3593978881836,86.47502136230469,8810136
2011-01-12,71.6540298461914,87.69377136230469,88.62189483642578,85.6875228881836,88.62189483642578,6521395
2011-01-13,69.48619079589844,85.0406494140625,88.91252136230469,83.86876678466797,86.5312728881836,12213692
2011-01-14,70.94929504394531,86.83126831054688,87.7500228881836,84.6093978881836,84.6093978881836,10551720
2011-01-17,71.50849914550781,87.5156478881836,88.6875228881836,85.6031494140625,86.26876831054688,6262739
2011-01-18,73.3163070678711,89.7281494140625,90.7500228881836,88.35002136230469,88.35002136230469,8105160
2011-01-19,72.94095611572266,89.26876831054688,90.36564636230469,88.51876831054688,89.4375228881836,7748963
2011-01-20,73.15544128417969,89.5312728881836,90.40314483642578,87.2812728881836,89.03439331054688,9319304
2011-01-21,69.85387420654297,85.49064636230469,87.3750228881836,85.2187728881836,87.3750228881836,20853552
2011-01-24,68.00775146484375,83.23126983642578,85.1250228881836,81.6562728881836,84.97502136230469,12743020
2011-01-25,68.46736145019531,83.79376983642578,84.7031478881836,81.2343978881836,84.0000228881836,11654146
2011-01-27,67.50556182861328,82.24689483642578,84.3750228881836,81.38439178466797,84.3750228881836,15794801
2011-01-28,67.34394836425781,82.05001831054688,83.41876983642578,81.67501831054688,83.23126983642578,8651683
2011-01-31,67.42089080810547,82.14376831054688,83.79376983642578,79.61251831054688,79.68751525878906,9039645
2011-02-01,66.0743179321289,80.50314331054688,83.2500228881836,79.31251525878906,82.23751831054688,8167571
2011-02-02,67.38243103027344,82.09689331054688,82.93126678466797,80.6250228881836,80.94377136230469,6818275
2011-02-03,68.02108001708984,82.8750228881836,83.41876983642578,80.91564178466797,81.97502136230469,9068109
2011-02-04,67.20543670654297,81.88127136230469,83.25939178466797,80.6250228881836,82.7812728881836,9004232
2011-02-07,65.69725799560547,80.04376983642578,82.67814636230469,79.68751525878906,81.7031478881836,7515870
2011-02-08,65.52029418945312,79.82814025878906,80.87814331054688,78.93751525878906,80.2500228881836,7591331
2011-02-09,65.2663803100586,79.51876831054688,80.8125228881836,78.38439178466797,79.73439025878906,6771870
2011-02-10,64.3199234008789,78.36564636230469,79.70626831054688,77.82189178466797,79.50001525878906,6203225
2011-02-11,64.67387390136719,78.79689025878906,79.40626525878906,76.40626525878906,77.63439178466797,9018184
2011-02-14,65.31255340576172,79.57501983642578,80.21251678466797,78.01876831054688,79.03126525878906,7632984
2011-02-15,65.47412109375,79.77189636230469,80.13751983642578,78.18751525878906,79.68751525878906,5791721
2011-02-16,67.27469635009766,81.96564483642578,82.46251678466797,78.93751525878906,79.04064178466797,8146248
2011-02-17,66.48982238769531,81.00939178466797,82.49064636230469,80.36251831054688,82.49064636230469,6053923
2011-02-18,66.58985137939453,81.13127136230469,82.81877136230469,80.6250228881836,81.16876983642578,5362809
2011-02-21,69.41381072998047,84.5718994140625,85.06877136230469,81.21564483642578,81.21564483642578,9849010
2011-02-22,68.45197296142578,83.40001678466797,86.2500228881836,81.60002136230469,84.3750228881836,9396317
2011-02-23,67.2208251953125,81.90001678466797,83.60626983642578,81.26251983642578,83.49376678466797,5918094
2011-02-24,65.73575592041016,80.09064483642578,82.65001678466797,79.14376831054688,80.8125228881836,11963757
2011-02-25,66.64373779296875,81.19689178466797,81.69377136230469,79.33126831054688,81.1406478881836,8558365
2011-02-28,67.43627166748047,82.16252136230469,84.5250244140625,81.12189483642578,81.3750228881836,9696834
2011-03-01,68.24421691894531,83.14689636230469,83.4375228881836,81.1875228881836,82.5000228881836,6894963
2011-03-03,68.37503051757812,83.30626678466797,83.60626983642578,81.5625228881836,81.5625228881836,8655379
2011-03-04,67.9287338256836,82.76251983642578,84.82501983642578,82.5000228881836,84.0000228881836,3932425
2011-03-07,68.82902526855469,83.8593978881836,84.2812728881836,81.77814483642578,82.04064178466797,4566510
2011-03-08,69.09835052490234,84.1875228881836,84.7500228881836,83.46564483642578,84.2812728881836,5622963
2011-03-09,69.39842987060547,84.55314636230469,84.96564483642578,83.16564178466797,84.0000228881836,3794788
2011-03-10,69.99092864990234,85.2750244140625,85.5000228881836,83.5312728881836,84.1875228881836,6066297
2011-03-11,69.14449310302734,84.2437744140625,85.63127136230469,83.68126678466797,84.4781494140625,7766696
2011-03-14,70.2140884399414,85.5468978881836,85.8375244140625,83.4375228881836,83.4375228881836,6949651
2011-03-15,68.08263397216797,82.95001983642578,85.6875228881836,82.53752136230469,83.4375228881836,5620089
2011-03-16,68.5443115234375,83.51251983642578,84.1875228881836,82.74376678466797,83.4375228881836,5474281
2011-03-17,68.24421691894531,83.14689636230469,83.7187728881836,82.33126831054688,82.33126831054688,3125396
2011-03-18,67.69790649414062,82.48126983642578,83.68126678466797,81.45939636230469,83.2500228881836,4854649
2011-03-21,66.77454376220703,81.35626983642578,83.4375228881836,80.88751983642578,82.6875228881836,5736078
2011-03-22,66.85148620605469,81.45001983642578,82.3125228881836,81.1875228881836,81.86251831054688,1399626
2011-03-23,67.1900634765625,81.86251831054688,82.48126983642578,81.0000228881836,81.45001983642578,2534623
2011-03-24,67.65941619873047,82.43439483642578,83.55939483642578,82.05001831054688,82.05001831054688,4943545
2011-03-25,70.16020202636719,85.48126983642578,85.99689483642578,83.22189331054688,83.89689636230469,12249559
2011-03-28,71.08354187011719,86.60626983642578,87.02814483642578,85.0406494140625,85.0406494140625,9412328
2011-03-29,71.32978057861328,86.9062728881836,87.63751983642578,86.4375228881836,86.5312728881836,7706856
2011-03-30,72.76871490478516,88.65939331054688,89.0625228881836,86.7281494140625,86.7281494140625,4991609
2011-03-31,73.89979553222656,90.03752136230469,90.88127136230469,87.5625228881836,88.34064483642578,16940390
2011-04-01,73.26116943359375,89.2593994140625,89.92501831054688,88.1250228881836,89.4375228881836,3752735
2011-04-04,74.02294158935547,90.1875228881836,91.8750228881836,89.8593978881836,90.0000228881836,11645005
2011-04-05,74.02294158935547,90.1875228881836,90.9375228881836,88.5093994140625,90.4312744140625,7758995
2011-04-06,71.70684051513672,87.36564636230469,90.62814331054688,86.5312728881836,89.92501831054688,9027315
2011-04-07,72.7071304321289,88.58439636230469,88.8281478881836,85.99689483642578,87.17814636230469,5876334
2011-04-08,71.64527893066406,87.2906494140625,88.5000228881836,86.26876831054688,88.28439331054688,5007385
2011-04-11,70.79114532470703,86.2500228881836,87.1875228881836,85.6031494140625,87.1875228881836,5270457
2011-04-13,72.69944763183594,88.57501983642578,88.9687728881836,85.3125228881836,85.3125228881836,9665688
2011-04-15,69.22144317626953,84.3375244140625,88.5000228881836,84.0000228881836,87.7500228881836,11003837
2011-04-18,68.5443115234375,83.51251983642578,85.3125228881836,83.2500228881836,84.39376831054688,6568019
2011-04-19,69.1829833984375,84.2906494140625,84.7125244140625,82.4062728881836,83.2500228881836,3410409
2011-04-20,71.3528823852539,86.93439483642578,87.3375244140625,84.7500228881836,84.7500228881836,7672584
2011-04-21,71.27593994140625,86.84064483642578,88.44377136230469,86.26876831054688,86.7281494140625,9538045
2011-04-25,71.74530029296875,87.41252136230469,87.82501983642578,86.37189483642578,87.0000228881836,2401775
2011-04-26,71.51446533203125,87.13127136230469,87.7125244140625,85.1343994140625,87.1875228881836,3864025
2011-04-27,69.42149353027344,84.58126831054688,85.25627136230469,83.32501983642578,84.1500244140625,24369049
2011-04-28,68.72899627685547,83.73751831054688,85.2750244140625,83.4375228881836,85.1250228881836,8312424
2011-04-29,69.29839324951172,84.4312744140625,84.68439483642578,83.27814483642578,83.6250228881836,4605438
2011-05-02,68.88287353515625,83.92501831054688,85.10626983642578,83.0625228881836,84.3750228881836,2876804
2011-05-03,67.19773864746094,81.87189483642578,84.35626983642578,81.1875228881836,83.4375228881836,4359961
2011-05-04,67.25159454345703,81.9375228881836,82.65001678466797,80.2500228881836,82.19064331054688,5011038
2011-05-05,66.55908966064453,81.0937728881836,82.25627136230469,80.2500228881836,81.7500228881836,7146728
2011-05-06,68.09032440185547,82.95939636230469,84.91876983642578,81.60002136230469,81.9375228881836,6553353
2011-05-09,67.12078857421875,81.77814483642578,82.9687728881836,81.60002136230469,82.60314178466797,1535119
2011-05-10,67.14386749267578,81.80626678466797,82.95939636230469,81.03752136230469,81.58126831054688,1928591
2011-05-11,67.58248138427734,82.34064483642578,83.04376983642578,81.6093978881836,82.48126983642578,3745167
2011-05-12,66.68220520019531,81.24376678466797,82.46251678466797,80.92501831054688,81.40314483642578,2799092
2011-05-13,68.10569763183594,82.97814178466797,83.47502136230469,81.0937728881836,81.1875228881836,6307534
2011-05-16,67.70559692382812,82.49064636230469,83.38127136230469,81.59064483642578,83.38127136230469,3992975
2011-05-17,67.32855224609375,82.0312728881836,83.19377136230469,81.43126678466797,81.97502136230469,4192292
2011-05-18,68.65975189208984,83.65314483642578,84.3750228881836,82.1250228881836,82.1250228881836,4657300
2011-05-19,68.14418029785156,83.02501678466797,84.11251831054688,82.53752136230469,84.11251831054688,1519450
2011-05-20,68.84440612792969,83.87814331054688,84.15939331054688,82.5937728881836,83.77501678466797,1988698
2011-05-23,67.72100067138672,82.50939178466797,82.8750228881836,81.5625228881836,82.5000228881836,1793631
2011-05-24,67.69790649414062,82.48126983642578,83.42814636230469,82.22814178466797,82.22814178466797,3769844
2011-05-25,67.0361557006836,81.67501831054688,82.8750228881836,80.72814178466797,82.8750228881836,5071326
2011-05-26,66.9284439086914,81.54376983642578,82.47189331054688,81.1406478881836,81.95626831054688,9102765
2011-05-27,68.02876281738281,82.88439178466797,83.38127136230469,81.20626831054688,81.20626831054688,3184303
2011-05-30,67.99028778076172,82.83751678466797,83.74689483642578,82.43439483642578,82.79064178466797,3290473
2011-05-31,68.69818878173828,83.70001983642578,84.4687728881836,82.57501983642578,82.57501983642578,10183597
2011-06-01,68.9906005859375,84.0562744140625,84.54376983642578,83.45626831054688,83.45626831054688,2381775
2011-06-02,68.16727447509766,83.05314636230469,83.89689636230469,82.74376678466797,83.4375228881836,3303193
2011-06-03,68.19035339355469,83.08126831054688,84.35626983642578,82.3125228881836,82.3125228881836,2907887
2011-06-06,68.49044799804688,83.44689178466797,83.80314636230469,82.1250228881836,82.8750228881836,2080799
2011-06-07,67.80561828613281,82.61251831054688,83.3437728881836,82.41564178466797,82.9687728881836,5020889
2011-06-08,67.89796447753906,82.72502136230469,83.11876678466797,82.05001831054688,82.83751678466797,2351295
2011-06-09,67.52860260009766,82.27501678466797,82.97814178466797,81.6562728881836,82.5937728881836,4917545
2011-06-10,67.32086944580078,82.02189636230469,82.8750228881836,81.39376831054688,82.08751678466797,3831887
2011-06-13,67.0130844116211,81.64689636230469,82.2187728881836,81.11251831054688,81.45939636230469,3674804
2011-06-14,67.22853088378906,81.90939331054688,82.5000228881836,81.6562728881836,81.6562728881836,2436452
2011-06-15,65.31255340576172,79.57501983642578,82.20939636230469,79.15314483642578,81.9375228881836,11062242
2011-06-16,64.02753448486328,78.00939178466797,79.31251525878906,77.76564025878906,79.24689483642578,6021593
2011-06-17,62.919498443603516,76.65939331054688,78.54376983642578,76.50001525878906,77.55001831054688,3986703
2011-06-20,61.911495208740234,75.43126678466797,77.33439636230469,71.52188873291016,76.87501525878906,9757096
2011-06-21,61.92689514160156,75.45001983642578,76.03126525878906,74.15626525878906,75.48751831054688,5365075
2011-06-22,62.14232635498047,75.71251678466797,76.67814636230469,75.28126525878906,75.48751831054688,4461705
2011-06-23,63.08108139038086,76.85626983642578,77.25001525878906,75.42189025878906,75.42189025878906,4314436
2011-06-24,65.28176879882812,79.53752136230469,79.83751678466797,76.51876831054688,76.80001831054688,5971683
2011-06-27,65.04324340820312,79.24689483642578,80.30626678466797,78.43126678466797,79.20939636230469,4761310
2011-06-28,64.49689483642578,78.58126831054688,79.50001525878906,77.43751525878906,78.95626831054688,6996558
2011-06-29,65.34370422363281,78.85314178466797,79.25627136230469,78.32814025878906,78.50627136230469,4189118
2011-06-30,64.88533782958984,78.30001831054688,79.50939178466797,77.17501831054688,79.20939636230469,8295048
2011-07-01,65.74769592285156,79.34064483642578,79.67814636230469,78.37501525878906,79.46251678466797,5657507
2011-07-04,65.94192504882812,79.57501983642578,80.19377136230469,79.18126678466797,80.19377136230469,8695656
2011-07-05,66.50126647949219,80.2500228881836,80.7187728881836,79.21876525878906,79.24689483642578,5429070
2011-07-06,66.0118179321289,79.65939331054688,80.58751678466797,79.23751831054688,80.21251678466797,13376673
2011-07-07,66.97517395019531,80.82189178466797,81.07501983642578,78.75939178466797,79.50001525878906,4766868
2011-07-08,67.04509735107422,80.9062728881836,81.5625228881836,65.62501525878906,80.8125228881836,6159043
2011-07-11,65.39808654785156,78.91876983642578,80.4375228881836,78.25314331054688,80.11876678466797,2478591
2011-07-12,64.41920471191406,77.73751831054688,78.30939483642578,76.42501831054688,77.34376525878906,9046296
2011-07-13,64.248291015625,77.53126525878906,77.88751983642578,76.96876525878906,76.96876525878906,3558447
2011-07-14,63.93752670288086,77.15626525878906,77.79376983642578,76.88439178466797,77.09064483642578,3004265
2011-07-15,64.45030212402344,77.77501678466797,78.18751525878906,76.95001983642578,77.66252136230469,3040852
2011-07-18,64.27161407470703,77.55939483642578,78.05626678466797,76.93126678466797,77.27814483642578,2764937
2011-07-19,64.512451171875,77.85002136230469,78.18751525878906,76.99689483642578,77.78439331054688,4867422
2011-07-20,61.987571716308594,74.80314636230469,78.18751525878906,74.07189178466797,78.18751525878906,25016660
2011-07-21,62.321632385253906,75.20626831054688,75.52501678466797,73.67814636230469,74.62501525878906,4422654
2011-07-22,63.05965805053711,76.09689331054688,76.31251525878906,75.38439178466797,75.92814636230469,6737619
2011-07-25,63.727787017822266,76.90314483642578,77.17501831054688,75.33751678466797,76.12501525878906,3641625
2011-07-26,63.774417877197266,76.95939636230469,77.30626678466797,75.96564483642578,76.85626983642578,6123198
2011-07-27,62.546932220458984,75.47814178466797,76.85626983642578,75.27189636230469,76.50939178466797,6124499
2011-07-28,61.37382125854492,74.06251525878906,74.98126983642578,73.36876678466797,74.23126983642578,6436217
2011-07-29,60.488189697265625,72.99376678466797,75.00001525878906,72.75001525878906,73.41564178466797,5855806
2011-08-01,60.892173767089844,73.48126983642578,74.47502136230469,72.56251525878906,73.40626525878906,2656842
2011-08-02,59.5792236328125,71.89688873291016,73.48126983642578,71.64376831054688,73.32189178466797,4600814
2011-08-03,59.229618072509766,71.47501373291016,72.18751525878906,70.50001525878906,71.06251525878906,6747294
2011-08-04,58.37505340576172,70.44376373291016,71.93439483642578,70.31251525878906,71.18439483642578,5744729
2011-08-05,57.069881439208984,68.86876678466797,69.50626373291016,67.32189178466797,67.88439178466797,7163006
2011-08-08,55.60157775878906,67.09689331054688,67.57501220703125,63.18751525878906,66.56251525878906,15175121
2011-08-09,53.87690353393555,65.01564025878906,66.01876831054688,63.43126678466797,63.76876449584961,18650326
2011-08-10,55.143218994140625,66.54376220703125,67.18126678466797,65.46563720703125,66.18751525878906,11454087
2011-08-11,54.832462310791016,66.16876220703125,66.88126373291016,65.16564178466797,65.43751525878906,6614339
2011-08-12,53.286468505859375,64.30313873291016,67.06876373291016,63.18751525878906,66.75001525878906,9982973
2011-08-16,52.8902587890625,63.825016021728516,65.40939331054688,63.131263732910156,64.68751525878906,5105209
2011-08-17,53.49623107910156,64.55626678466797,66.04689025878906,63.37501525878906,63.37501525878906,8769683
2011-08-18,50.98689651489258,61.528141021728516,64.78126525878906,60.740638732910156,64.68751525878906,12779234
2011-08-19,49.774959564208984,60.06563949584961,61.490638732910156,58.21876525878906,60.00001525878906,8330568
2011-08-22,51.63947677612305,62.31563949584961,63.271888732910156,59.08126449584961,59.55001449584961,5572643
2011-08-23,51.732704162597656,62.428138732910156,63.37501525878906,60.131263732910156,62.81251525878906,6018718
2011-08-24,51.251033782958984,61.84688949584961,62.81251525878906,61.162513732910156,62.43751525878906,6812291
2011-08-25,50.994659423828125,61.537513732910156,62.418766021728516,60.98439025878906,62.21251678466797,9926408
2011-08-26,49.681739807128906,59.95314025878906,62.01564025878906,59.32501220703125,61.23751449584961,5362803
2011-08-29,51.103424072265625,61.668766021728516,62.95314025878906,60.590641021728516,60.590641021728516,6669902
2011-08-30,52.09007263183594,62.85939025878906,63.450016021728516,61.05001449584961,62.700016021728516,7372350
2011-09-02,51.95022964477539,62.69063949584961,66.17813873291016,61.61251449584961,64.70626831054688,8164787
2011-09-05,49.99248123168945,60.32814025878906,62.49376678466797,60.00001525878906,61.87501525878906,14572364
2011-09-06,50.19447326660156,60.57189178466797,61.87501525878906,58.5562629699707,60.00001525878906,10887117
2011-09-07,51.20441818237305,61.79064178466797,62.053138732910156,61.14376449584961,61.23751449584961,8159395
2011-09-08,52.5406608581543,63.403141021728516,64.50001525878906,61.88439178466797,61.88439178466797,11804343
2011-09-09,52.57173156738281,63.44063949584961,64.12501525878906,62.30626678466797,63.42189025878906,9626674
2011-09-12,50.528533935546875,60.975013732910156,62.30626678466797,60.56251525878906,61.68751525878906,9379149
2011-09-13,51.13450241088867,61.70626449584961,62.55001449584961,60.62813949584961,61.46251678466797,5932323
2011-09-14,53.201019287109375,64.20001220703125,64.95001220703125,61.19063949584961,61.89376449584961,11898551
2011-09-15,54.102195739746094,65.28751373291016,65.62501525878906,63.56251525878906,64.89376831054688,9918493
2011-09-16,52.633888244628906,63.51564025878906,66.44064331054688,63.32814025878906,65.47501373291016,8000440
2011-09-19,52.983482360839844,63.93751525878906,64.65001678466797,63.18751525878906,63.56251525878906,5113305
2011-09-20,54.529483795166016,65.80313873291016,66.56251525878906,63.787513732910156,64.11563873291016,11093421
2011-09-21,55.415122985839844,66.87188720703125,67.49063873291016,65.83126831054688,65.98126220703125,9111512
2011-09-22,52.882484436035156,63.81563949584961,66.13126373291016,63.215641021728516,65.76564025878906,8363629
2011-09-23,52.75041580200195,63.65626525878906,65.41876220703125,62.68126678466797,63.37501525878906,10475133
2011-09-26,52.835872650146484,63.75939178466797,64.96876525878906,63.225013732910156,63.81563949584961,8806051
2011-09-27,54.102195739746094,65.28751373291016,66.33751678466797,64.31251525878906,64.36876678466797,9855378
2011-09-28,54.00120544433594,65.16564178466797,67.20001220703125,64.71563720703125,65.88751220703125,9882925
2011-09-29,54.008975982666016,65.17501831054688,65.62501525878906,64.17189025878906,64.87501525878906,6924728
2011-09-30,52.952415466308594,63.90001678466797,66.15001678466797,62.83126449584961,65.34376525878906,6443081
2011-10-03,51.30541229248047,61.912513732910156,63.14064025878906,60.67501449584961,62.81251525878906,6815960
2011-10-04,51.82592010498047,62.54064178466797,63.37501525878906,61.00313949584961,61.22814178466797,6429545
2011-10-05,50.95581817626953,61.490638732910156,64.09689331054688,61.12501525878906,63.00939178466797,7177870
2011-10-07,51.86477279663086,62.58751678466797,64.68751525878906,61.87501525878906,63.37501525878906,9984712
2011-10-10,54.21095657348633,65.41876220703125,65.62501525878906,62.68126678466797,62.82189178466797,4069780
2011-10-11,53.09224319458008,64.06876373291016,66.36563873291016,63.496891021728516,66.05626678466797,5696590
2011-10-12,54.46733856201172,65.72814178466797,67.25626373291016,65.07189178466797,65.07189178466797,13322172
2011-10-13,54.304176330566406,65.53126525878906,66.56251525878906,65.34376525878906,66.18751525878906,5183502
2011-10-14,56.448394775390625,68.11876678466797,68.42813873291016,65.00626373291016,65.00626373291016,8850099
2011-10-17,55.438446044921875,66.90001678466797,68.70001983642578,66.51564025878906,68.25939178466797,5389187
2011-10-18,53.76813507080078,64.88439178466797,65.94376373291016,64.25626373291016,65.37188720703125,2882724
2011-10-19,55.562747955322266,67.05001831054688,67.29376220703125,65.02501678466797,65.02501678466797,5043838
2011-10-20,55.08884048461914,66.47814178466797,66.73126220703125,65.06251525878906,66.04689025878906,2596047
2011-10-21,55.01115036010742,66.38439178466797,67.12501525878906,65.67189025878906,66.82501220703125,3281076
2011-10-24,55.64043426513672,67.14376831054688,68.43751525878906,66.69376373291016,66.94689178466797,3478100
2011-10-25,57.82347106933594,69.77814483642578,71.61563873291016,66.41251373291016,67.60314178466797,14059889
2011-10-28,58.11867141723633,70.13439178466797,73.12501525878906,68.55939483642578,70.60314178466797,9060056
2011-10-31,56.96112823486328,68.73751831054688,72.18751525878906,68.13751983642578,70.31251525878906,18695723
2011-11-01,57.80793380737305,69.75939178466797,70.29376983642578,68.42813873291016,68.95314025878906,10610568
2011-11-02,58.13421630859375,70.15314483642578,70.68751525878906,68.35314178466797,69.36563873291016,7702526
2011-11-03,57.61370849609375,69.52501678466797,70.09689331054688,68.76564025878906,70.09689331054688,5493059
2011-11-04,57.7768669128418,69.72189331054688,70.68751525878906,69.09376525878906,69.97501373291016,5239465
2011-11-08,57.380645751953125,69.24376678466797,70.03126525878906,68.85001373291016,69.06564331054688,1999306
2011-11-09,58.49936294555664,70.59376525878906,71.34376525878906,69.24376678466797,69.24376678466797,6235667
2011-11-11,59.369468688964844,71.64376831054688,72.61876678466797,69.45938873291016,70.12501525878906,19978235
2011-11-14,60.19297409057617,72.63751983642578,73.02189636230469,71.69064331054688,71.69064331054688,8765789
2011-11-15,59.62583541870117,71.95314025878906,72.54376983642578,71.66251373291016,72.17814636230469,4719897
2011-11-16,58.13421630859375,70.15314483642578,72.01876831054688,69.04689025878906,71.62501525878906,7494558
2011-11-17,57.1242790222168,68.93439483642578,70.89376831054688,68.08126831054688,69.66564178466797,7882051
2011-11-18,58.11091232299805,70.12501525878906,70.68751525878906,67.50939178466797,68.45626831054688,10896018
2011-11-21,57.50495529174805,69.39376831054688,70.21876525878906,68.55939483642578,69.37501525878906,6821651
2011-11-22,58.70134353637695,70.83751678466797,71.25001525878906,69.04689025878906,69.39376831054688,7508611
2011-11-23,56.85236358642578,68.60626983642578,70.27501678466797,67.73439025878906,70.11563873291016,6319678
2011-11-24,57.59041213989258,69.49689483642578,70.20001983642578,67.85626220703125,68.11876678466797,8398952
2011-11-25,57.48163986206055,69.36563873291016,69.93751525878906,68.43751525878906,68.81251525878906,18398427
2011-11-28,57.80793380737305,69.75939178466797,70.65001678466797,69.22501373291016,70.27501678466797,11320893
2011-11-29,58.06430435180664,70.06876373291016,70.50001525878906,69.47814178466797,70.10626983642578,13632620
2011-11-30,58.60812759399414,70.72501373291016,71.62501525878906,69.71251678466797,70.10626983642578,16545409
2011-12-01,60.045372009277344,72.45939636230469,73.87501525878906,71.55939483642578,72.00001525878906,7552670
2011-12-02,60.87662887573242,73.46251678466797,75.00001525878906,71.07189178466797,72.15939331054688,26349593
2011-12-05,60.62025833129883,73.15314483642578,74.43751525878906,72.47814178466797,73.14376831054688,8393491
2011-12-07,62.787784576416016,75.76876831054688,76.05001831054688,72.75001525878906,73.12501525878906,17312785
2011-12-08,64.13175964355469,77.39064025878906,77.85939025878906,74.72814178466797,75.01876831054688,17071830
2011-12-09,62.91981887817383,75.92814636230469,77.41876983642578,75.29064178466797,76.59376525878906,7850750
2011-12-12,64.44254302978516,77.76564025878906,78.71251678466797,75.50627136230469,75.97502136230469,10878119
2011-12-13,64.10845184326172,77.36251831054688,78.91876983642578,75.98439025878906,77.56877136230469,10134008
2011-12-14,64.56683349609375,77.91564178466797,78.34689331054688,76.76251983642578,76.88439178466797,9080680
2011-12-15,63.17619705200195,76.23751831054688,78.37501525878906,75.46876525878906,77.81251525878906,23218330
2011-12-16,62.71782684326172,75.68439483642578,76.76251983642578,74.31564331054688,75.44064331054688,9400962
2011-12-19,62.77222442626953,75.75001525878906,75.96564483642578,73.55626678466797,74.82189178466797,5605523
2011-12-20,61.552520751953125,74.27814483642578,76.31251525878906,73.50001525878906,75.41252136230469,7377048
2011-12-21,63.26165008544922,76.34064483642578,77.23126983642578,73.76251983642578,75.54376983642578,11860743
2011-12-22,61.77006149291992,74.54064178466797,75.58126831054688,73.78126525878906,74.25939178466797,9848749
2011-12-23,63.08298110961914,76.12501525878906,76.68751525878906,74.20314025878906,75.18751525878906,6137865
2011-12-26,63.129581451416016,76.18126678466797,77.21251678466797,75.59064483642578,75.59064483642578,4881689
2011-12-27,63.215030670166016,76.28439331054688,77.19377136230469,75.75001525878906,76.50001525878906,3241673
2011-12-28,61.692352294921875,74.44689178466797,77.01564025878906,73.92189025878906,76.00314331054688,8841165
2011-12-29,61.894344329833984,74.69064331054688,75.07501983642578,73.96876525878906,74.25001525878906,7920979
2011-12-30,61.94873046875,74.75627136230469,75.46876525878906,74.10002136230469,74.10002136230469,6401763
2012-01-02,61.995330810546875,74.81251525878906,75.35626983642578,74.13751983642578,74.81251525878906,3416916
2012-01-03,64.71442413330078,78.09376525878906,78.35626983642578,75.25314331054688,75.44064331054688,11529794
2012-01-04,64.98633575439453,78.42189025878906,79.68751525878906,77.87814331054688,78.50627136230469,10151554
2012-01-05,64.47358703613281,77.80314636230469,79.29376983642578,77.10002136230469,77.94377136230469,6062915
2012-01-06,63.044124603271484,76.07814025878906,77.42814636230469,75.58126831054688,77.42814636230469,6655273
2012-01-09,62.32939147949219,75.21564483642578,76.59376525878906,75.00939178466797,76.31251525878906,4517460
2012-01-10,62.702301025390625,75.66564178466797,76.42501831054688,75.35626983642578,75.75939178466797,6348942
2012-01-11,62.35270690917969,75.24376678466797,76.30314636230469,74.88751983642578,75.70314025878906,5411849
2012-01-12,60.82224655151367,73.39689636230469,74.52189636230469,71.71876525878906,73.12501525878906,15578113
2012-01-13,62.306087493896484,75.18751525878906,75.90939331054688,73.25627136230469,73.95001983642578,5836995
2012-01-16,63.308284759521484,76.39689636230469,76.65001678466797,74.54064178466797,74.71876525878906,4096516
2012-01-17,64.50467681884766,77.84064483642578,78.56251525878906,76.10626983642578,76.12501525878906,9409133
2012-01-18,62.787784576416016,75.76876831054688,77.60626983642578,75.47814178466797,76.89376831054688,4433806
2012-01-19,62.79551696777344,75.77814483642578,76.76251983642578,74.85939025878906,76.12501525878906,7129022
2012-01-20,64.28714752197266,77.57814025878906,79.66876983642578,76.89376831054688,77.81251525878906,22967252
2012-01-23,64.60565948486328,77.96251678466797,78.84376525878906,77.01564025878906,77.01564025878906,7889315
2012-01-24,65.42534637451172,78.57189178466797,79.12501525878906,77.83126831054688,77.95314025878906,6343641
2012-01-25,65.50341033935547,78.66564178466797,79.29376983642578,78.00001525878906,78.57189178466797,6229811
2012-01-27,65.26141357421875,78.37501525878906,79.12501525878906,77.94377136230469,78.93751525878906,4237188
2012-01-30,63.98114776611328,76.83751678466797,79.12501525878906,76.50001525878906,77.83126831054688,6447774
2012-01-31,64.62128448486328,77.60626983642578,77.90626525878906,76.89376831054688,76.97814178466797,6709454
2012-02-01,64.30121612548828,77.22189331054688,77.73751831054688,76.87501525878906,77.43751525878906,5648073
2012-02-02,66.51822662353516,79.88439178466797,80.4375228881836,77.43751525878906,77.43751525878906,17576662
2012-02-03,66.73681640625,80.14689636230469,80.44689178466797,79.07814025878906,79.87501525878906,9915357
2012-02-06,66.68215942382812,80.08126831054688,81.02814483642578,79.23751831054688,80.61564636230469,4154532
2012-02-07,66.83048248291016,80.25939178466797,80.87814331054688,79.87501525878906,80.09064483642578,5023140
2012-02-08,67.85313415527344,81.48751831054688,82.2656478881836,80.30626678466797,80.31564331054688,8658296
2012-02-09,69.57052612304688,83.55001831054688,84.07501983642578,80.32501983642578,80.70939636230469,9806680
2012-02-10,70.15599060058594,84.25314331054688,84.45939636230469,82.69689178466797,83.4375228881836,5260004
2012-02-13,68.16539001464844,81.86251831054688,84.0000228881836,81.64689636230469,83.6250228881836,4092329
2012-02-14,67.9311752319336,81.58126831054688,82.4531478881836,81.0000228881836,81.54376983642578,3296889
2012-02-15,68.0873031616211,81.76876831054688,82.6406478881836,81.26251983642578,81.76876831054688,5686318
2012-02-16,68.5947265625,82.37814331054688,82.5937728881836,81.19689178466797,81.5625228881836,4186100
2012-02-17,70.07795715332031,84.15939331054688,84.9375228881836,82.1718978881836,83.4375228881836,7942830
2012-02-21,69.27388000488281,83.19377136230469,84.50627136230469,82.72502136230469,83.83126831054688,7495368
2012-02-22,69.13336944580078,83.02501678466797,84.5625228881836,82.50939178466797,83.19377136230469,7544648
2012-02-23,68.92259979248047,82.77189636230469,83.61564636230469,81.82501983642578,82.3593978881836,7007662
2012-02-24,68.36835479736328,82.10626983642578,83.96251678466797,81.62814331054688,82.51876831054688,3726025
2012-02-27,66.32307434082031,79.65001678466797,82.65001678466797,79.15314483642578,82.5000228881836,4164265
2012-02-28,65.61267852783203,78.79689025878906,80.79376983642578,78.46876525878906,79.66876983642578,6853854
2012-02-29,67.5018539428711,81.06564331054688,81.7968978881836,78.99376678466797,79.62189483642578,6167059
2012-03-01,66.33085632324219,79.65939331054688,81.1875228881836,78.54376983642578,81.1875228881836,5487769
2012-03-02,66.97881317138672,80.4375228881836,83.07189178466797,78.81564331054688,79.89376831054688,6099251
2012-03-05,67.34569549560547,80.87814331054688,81.45939636230469,79.12501525878906,79.68751525878906,2700745
2012-03-06,67.46280670166016,81.01876831054688,82.3125228881836,79.96876525878906,80.23126983642578,4829801
2012-03-07,68.68841552734375,82.49064636230469,83.2500228881836,80.36251831054688,80.40001678466797,11105554
2012-03-09,67.47842407226562,81.03752136230469,84.0093994140625,80.4843978881836,83.1562728881836,8435901
2012-03-12,68.34491729736328,82.0781478881836,82.52814483642578,80.5312728881836,81.58126831054688,9255704
2012-03-13,67.28326416015625,80.80314636230469,81.3750228881836,80.16564178466797,81.01876831054688,5624846
2012-03-14,66.51822662353516,79.88439178466797,80.99064636230469,79.01251983642578,80.91564178466797,6394291
2012-03-15,66.73681640625,80.14689636230469,80.96251678466797,78.85314178466797,79.09689331054688,7138771
2012-03-16,66.90855407714844,80.35314178466797,81.73126983642578,79.96876525878906,80.64376831054688,3770761
2012-03-19,66.82267761230469,80.2500228881836,80.4375228881836,78.74064636230469,79.71564483642578,5458985
2012-03-20,67.0724868774414,80.55001831054688,80.70001983642578,79.72502136230469,79.73439025878906,6445235
2012-03-21,66.76023864746094,80.17501831054688,81.36564636230469,79.35002136230469,80.3437728881836,4759412
2012-03-22,65.77662658691406,78.99376678466797,81.15001678466797,78.60939025878906,80.40001678466797,5730841
2012-03-23,66.39332580566406,79.73439025878906,80.17501831054688,78.76876831054688,78.79689025878906,9062083
2012-03-26,66.05766296386719,79.33126831054688,80.58751678466797,78.92814636230469,79.68751525878906,6650526
2012-03-27,66.88512420654297,80.32501983642578,80.56877136230469,78.04689025878906,79.50939178466797,8199683
2012-03-28,67.11151885986328,80.59689331054688,80.8125228881836,79.12501525878906,80.0625228881836,8356637
2012-03-29,68.19659423828125,81.90001678466797,82.3125228881836,79.04064178466797,80.40939331054688,16253313
2012-03-30,68.71183013916016,82.51876831054688,82.81877136230469,80.82189178466797,81.61876678466797,8091800
2012-04-02,69.18801879882812,83.09064483642578,83.2500228881836,81.80626678466797,82.05001831054688,6629209
2012-04-03,69.71105194091797,83.7187728881836,84.16876983642578,82.71564483642578,83.50314331054688,4076004
2012-04-04,69.28948974609375,83.21251678466797,84.69377136230469,82.5468978881836,83.0625228881836,5604537
2012-04-09,68.54788970947266,82.32189178466797,83.41876983642578,81.97502136230469,82.22814178466797,3251028
2012-04-10,69.53929138183594,83.51251983642578,84.2437744140625,82.36876678466797,82.36876678466797,7110995
2012-04-11,69.62516784667969,83.61564636230469,84.0000228881836,82.51876831054688,82.60314178466797,5333550
2012-04-12,68.55567169189453,82.33126831054688,83.64376831054688,82.02189636230469,83.11876678466797,1899871
2012-04-13,65.46436309814453,78.61876678466797,82.11564636230469,77.45626831054688,79.35002136230469,19089008
2012-04-16,65.72200012207031,78.92814636230469,80.18439483642578,77.47502136230469,78.56251525878906,12471026
2012-04-17,65.76102447509766,78.97502136230469,79.68751525878906,78.73126983642578,78.75001525878906,10814071
2012-04-18,66.72901916503906,80.13751983642578,80.5312728881836,79.62189483642578,79.72502136230469,3968468
2012-04-19,65.67515563964844,78.87189483642578,80.42814636230469,78.60002136230469,80.42814636230469,8542973
2012-04-20,66.32307434082031,79.65001678466797,80.23126983642578,78.88127136230469,78.91876983642578,5060756
2012-04-23,66.22159576416016,79.52814483642578,79.95939636230469,78.95626831054688,78.95626831054688,4303460
2012-04-24,69.00846099853516,82.8750228881836,83.26876831054688,80.04376983642578,80.04376983642578,9841501
2012-04-25,64.07481384277344,76.95001983642578,79.31251525878906,76.08751678466797,79.31251525878906,32140871
2012-04-26,62.864845275878906,75.49689483642578,77.37189483642578,74.71876525878906,77.25001525878906,24260703
2012-04-27,63.35664367675781,76.08751678466797,76.68751525878906,75.37501525878906,75.37501525878906,4885390
2012-04-30,63.23955154418945,75.94689178466797,76.65001678466797,75.37501525878906,75.95626831054688,4589273
2012-05-02,63.075618743896484,75.75001525878906,76.81877136230469,75.41252136230469,76.16252136230469,6152110
2012-05-03,64.3792724609375,77.31564331054688,77.55939483642578,75.50627136230469,75.71251678466797,9484509
2012-05-04,64.77739715576172,77.79376983642578,78.73126983642578,77.10939025878906,77.31564331054688,10624877
2012-05-07,64.61346435546875,77.59689331054688,78.84376525878906,76.31251525878906,76.85626983642578,5934905
2012-05-08,63.075618743896484,75.75001525878906,76.71564483642578,74.07189178466797,76.70626831054688,9687229
2012-05-09,63.426902770996094,76.17189025878906,76.82814025878906,74.87814331054688,75.23439025878906,6819635
2012-05-10,63.80160140991211,76.62189483642578,77.92501831054688,76.15314483642578,76.21876525878906,5233817
2012-05-11,62.59162521362305,75.16876983642578,77.17501831054688,74.46564483642578,75.93751525878906,4081614
2012-05-14,62.9975471496582,75.65626525878906,76.15314483642578,74.68126678466797,74.68126678466797,4356388
2012-05-15,63.11465072631836,75.79689025878906,76.85626983642578,74.69064331054688,74.69064331054688,5132462
2012-05-16,60.944480895996094,73.19064331054688,76.48126983642578,72.85314178466797,75.04689025878906,8174109
2012-05-17,61.006919860839844,73.26564025878906,74.22189331054688,72.33751678466797,73.32189178466797,8163448
2012-05-18,61.08499526977539,73.35939025878906,73.69689178466797,71.69064331054688,71.71876525878906,4661006
2012-05-21,59.82815170288086,71.85001373291016,73.85626983642578,71.25001525878906,72.75939178466797,5735518
2012-05-22,59.554931640625,71.52188873291016,72.67501831054688,71.28751373291016,72.15001678466797,4514692
2012-05-23,60.101383209228516,72.17814636230469,72.54376983642578,71.00626373291016,71.71876525878906,3535951
2012-05-24,61.2489128112793,73.55626678466797,73.81877136230469,71.26876831054688,72.18751525878906,4557385
2012-05-25,61.52995300292969,73.89376831054688,74.25001525878906,72.79689025878906,73.50001525878906,2633098
2012-05-28,62.427703857421875,74.97189331054688,75.34689331054688,73.95001983642578,74.06251525878906,3323812
2012-05-29,63.97333526611328,76.82814025878906,77.12814331054688,74.43751525878906,74.72814178466797,3911055
2012-05-30,64.34805297851562,77.27814483642578,77.81251525878906,75.99376678466797,75.99376678466797,4400174
2012-05-31,64.01238250732422,76.87501525878906,77.95314025878906,75.75001525878906,76.05001831054688,8777635
2012-06-01,62.68528366088867,75.28126525878906,75.95626831054688,74.62501525878906,75.82501983642578,6308377
2012-06-04,61.86562728881836,74.29689025878906,75.51564025878906,73.89376831054688,74.04376983642578,2719460
2012-06-05,62.23252487182617,74.73751831054688,75.82501983642578,73.95939636230469,74.27814483642578,4166313
2012-06-06,64.10604095458984,76.98751831054688,77.33439636230469,75.03752136230469,75.03752136230469,6886979
2012-06-07,62.57601547241211,75.15001678466797,77.79376983642578,74.82189178466797,76.89376831054688,6122750
2012-06-08,62.974124908447266,75.62814331054688,75.93751525878906,74.47502136230469,74.90626525878906,5622494
2012-06-11,62.49013137817383,75.04689025878906,76.40626525878906,74.46564483642578,75.75001525878906,3897913
2012-06-12,61.38163375854492,73.71564483642578,74.51251983642578,72.56251525878906,74.25001525878906,11893730
2012-06-13,61.912471771240234,74.35314178466797,74.70939636230469,73.74376678466797,73.87501525878906,4865950
2012-06-14,61.56897735595703,73.94064331054688,74.77501678466797,73.51876831054688,74.77501678466797,4545924
2012-06-15,62.13102722167969,74.61564636230469,75.18751525878906,74.17501831054688,74.43751525878906,4039460
2012-06-18,61.71730041503906,74.11876678466797,75.50627136230469,72.59064483642578,74.67189025878906,5802809
2012-06-19,62.38084411621094,74.91564178466797,75.18751525878906,73.87501525878906,73.87501525878906,3869503
2012-06-20,62.451114654541016,75.00001525878906,75.35626983642578,74.49376678466797,74.91564178466797,6817971
2012-06-21,62.72431945800781,75.32814025878906,75.65626525878906,74.29689025878906,74.45626831054688,6401022
2012-06-22,62.45891189575195,75.00939178466797,75.84376525878906,73.68751525878906,73.68751525878906,5996457
2012-06-25,62.45891189575195,75.00939178466797,75.45001983642578,74.53126525878906,74.86876678466797,3166479
2012-06-26,62.615055084228516,75.19689178466797,75.48751831054688,74.47502136230469,74.65314483642578,2772820
2012-06-27,62.32621765136719,74.85002136230469,75.88127136230469,74.64376831054688,75.40314483642578,2260644
2012-06-28,62.89394760131836,74.77501678466797,74.97189331054688,74.28752136230469,74.54064178466797,4247236
2012-06-29,63.067413330078125,74.98126983642578,76.82814025878906,74.67189025878906,75.26251983642578,9836088
2012-07-02,63.12262725830078,75.04689025878906,75.55314636230469,74.71876525878906,75.22502136230469,4752809
2012-07-03,63.16204833984375,75.09376525878906,75.84376525878906,74.71876525878906,75.18751525878906,5540585
2012-07-04,62.25522232055664,74.01564025878906,75.71251678466797,73.50001525878906,75.21564483642578,7251934
2012-07-05,62.39716720581055,74.18439483642578,74.40939331054688,73.32189178466797,74.01564025878906,7332643
2012-07-06,61.845184326171875,73.52814483642578,74.07189178466797,72.94689178466797,73.98751831054688,7485539
2012-07-09,60.85952377319336,72.35626983642578,73.45314025878906,72.01876831054688,72.94689178466797,6578083
2012-07-10,60.63872528076172,72.09376525878906,73.30314636230469,71.90626525878906,72.71251678466797,7958600
2012-07-11,59.03010177612305,70.18126678466797,72.17814636230469,69.65626525878906,72.00001525878906,24174249
2012-07-12,56.656612396240234,67.35939025878906,69.18751525878906,66.66564178466797,69.00001525878906,25391252
2012-07-13,56.5935173034668,67.28439331054688,68.38126373291016,66.93751525878906,67.78126525878906,9527389
2012-07-16,56.10462188720703,66.70314025878906,67.78126525878906,66.41251373291016,67.12501525878906,5662515
2012-07-17,57.19280242919922,67.99688720703125,68.31564331054688,66.22501373291016,66.93751525878906,8116445
2012-07-18,57.460914611816406,68.31564331054688,68.81251525878906,68.07189178466797,68.43751525878906,9843970
2012-07-19,58.123294830322266,69.10314178466797,69.31876373291016,68.48439025878906,68.67189025878906,5215630
2012-07-20,57.295326232910156,68.11876678466797,69.75001525878906,67.93126678466797,69.17813873291016,3355209
2012-07-23,56.21501159667969,66.83438873291016,67.81876373291016,66.18751525878906,67.61251831054688,4051017
2012-07-24,54.55118942260742,64.85626220703125,66.18751525878906,63.86251449584961,66.18751525878906,19284731
2012-07-25,53.40781021118164,63.496891021728516,65.60626220703125,62.68126678466797,64.87501525878906,17183371
2012-07-26,52.03575134277344,61.865638732910156,64.03126525878906,61.37813949584961,63.65626525878906,10289608
2012-07-27,52.73755645751953,62.700016021728516,63.225013732910156,62.193763732910156,62.44689178466797,8059032
2012-07-30,52.469451904296875,62.381263732910156,63.38439178466797,60.99376678466797,62.81251525878906,13946759
2012-07-31,53.628597259521484,63.75939178466797,64.38751220703125,63.075016021728516,63.075016021728516,9344205
2012-08-01,53.54975128173828,63.66564178466797,64.03126525878906,62.934391021728516,63.787513732910156,3582724
2012-08-02,53.628597259521484,63.75939178466797,64.03126525878906,63.20626449584961,63.37501525878906,2848809
2012-08-03,54.74831771850586,65.09063720703125,65.29689025878906,63.00001525878906,63.46876525878906,5954691
2012-08-06,54.535423278808594,64.83751678466797,66.18751525878906,64.41564178466797,65.62501525878906,6112227
2012-08-07,54.945465087890625,65.32501220703125,65.77501678466797,64.68751525878906,65.16564178466797,9079416
2012-08-08,55.28453826904297,65.72814178466797,66.09376525878906,65.12814331054688,65.62501525878906,4552654
2012-08-09,54.50388717651367,64.80001831054688,66.56251525878906,64.59376525878906,65.81251525878906,4239204
2012-08-10,55.15048599243164,65.56876373291016,66.00001525878906,64.36876678466797,64.53751373291016,3220281
2012-08-13,56.08095932006836,66.67501831054688,66.87188720703125,65.12814331054688,65.25001525878906,3566207
2012-08-14,56.065181732177734,66.65626525878906,67.04064178466797,66.07501220703125,66.75001525878906,2932633
2012-08-16,55.10316467285156,65.51251220703125,66.50626373291016,65.06251525878906,66.41251373291016,5917657
2012-08-17,55.74977493286133,66.28126525878906,66.46876525878906,64.96876525878906,65.51251220703125,5719715
2012-08-21,56.10462188720703,66.70314025878906,67.21876525878906,65.74688720703125,65.74688720703125,6029694
2012-08-22,55.9074821472168,66.46876525878906,67.02188873291016,65.67189025878906,66.56251525878906,8668600
2012-08-23,57.26376724243164,68.08126831054688,68.76564025878906,66.68438720703125,66.68438720703125,9705912
2012-08-24,57.579193115234375,68.45626831054688,68.71876525878906,67.54689025878906,68.05313873291016,5996542
2012-08-27,56.97200012207031,67.73439025878906,68.78439331054688,67.50939178466797,68.71876525878906,3219455
2012-08-28,57.35050964355469,68.18439483642578,68.43751525878906,67.31251525878906,67.59376525878906,4156841
2012-08-29,57.42937088012695,68.27814483642578,69.18751525878906,67.78126525878906,68.25001525878906,6192163
2012-08-30,58.19423294067383,69.18751525878906,69.37501525878906,67.89376831054688,68.25001525878906,8312696
2012-08-31,57.18492126464844,67.98751831054688,69.84376525878906,67.60314178466797,69.18751525878906,8815304
2012-09-03,57.4372444152832,68.28751373291016,69.84376525878906,67.80938720703125,68.04376983642578,5342275
2012-09-04,57.25589370727539,68.07189178466797,68.62501525878906,67.57501220703125,68.06251525878906,2983625
2012-09-05,57.10606384277344,67.89376831054688,68.25001525878906,67.06876373291016,67.68751525878906,3684121
2012-09-06,59.52688217163086,70.77188873291016,71.06251525878906,67.63126373291016,67.96876525878906,10376674
2012-09-07,59.58207321166992,70.83751678466797,72.15001678466797,70.66876983642578,71.53126525878906,6131321
2012-09-10,59.369178771972656,70.58438873291016,71.68126678466797,70.31251525878906,71.25001525878906,3768388
2012-09-11,59.11683654785156,70.28439331054688,70.68751525878906,69.76876831054688,70.03126525878906,2977567
2012-09-12,60.646610260009766,72.10314178466797,72.37501525878906,70.36876678466797,70.73439025878906,5354910
2012-09-13,61.17494201660156,72.73126983642578,73.00314331054688,72.28126525878906,72.58126831054688,3624041
2012-09-14,61.75057601928711,73.41564178466797,74.24064636230469,72.66564178466797,74.24064636230469,11206130
2012-09-17,60.68604278564453,72.15001678466797,74.05314636230469,71.34376525878906,73.76251983642578,5736963
2012-09-18,58.30464553833008,69.31876373291016,72.18751525878906,69.12189483642578,72.03752136230469,12077436
2012-09-20,58.832950592041016,69.94689178466797,70.31251525878906,69.00001525878906,69.37501525878906,10749565
2012-09-21,59.613624572753906,70.87501525878906,71.72814178466797,69.75001525878906,70.20001983642578,8321661
2012-09-24,60.000003814697266,71.33438873291016,71.93439483642578,69.58126831054688,70.36876678466797,11284066
2012-09-25,59.49533462524414,70.73439025878906,71.81251525878906,70.41564178466797,71.28751373291016,6629139
2012-09-26,59.90538787841797,71.22189331054688,71.53126525878906,70.52814483642578,70.52814483642578,2869839
2012-09-27,59.250885009765625,70.44376373291016,71.30626678466797,69.00001525878906,71.23126983642578,10881069
2012-09-28,60.09461975097656,71.44689178466797,71.93439483642578,70.87501525878906,70.87501525878906,11267538
2012-10-01,60.354854583740234,71.75626373291016,72.45001983642578,70.78126525878906,71.06251525878906,7247640
2012-10-03,59.96846389770508,71.29689025878906,72.60939025878906,71.10001373291016,72.04689025878906,11374018
2012-10-04,60.386375427246094,71.79376983642578,72.18751525878906,70.97814178466797,71.62501525878906,7612600
2012-10-05,58.86451721191406,69.98439025878906,72.11251831054688,67.96876525878906,71.91564178466797,10319800
2012-10-08,57.62649917602539,68.51251983642578,69.91876983642578,68.20314025878906,69.75001525878906,5128340
2012-10-09,57.902488708496094,68.84064483642578,69.05626678466797,67.58438873291016,68.81251525878906,5820457
2012-10-10,56.9089241027832,67.65939331054688,68.60626983642578,67.50001525878906,68.40939331054688,8180552
2012-10-11,56.49887466430664,67.17189025878906,68.34376525878906,67.04064178466797,67.87501525878906,15790908
2012-10-12,55.52110290527344,66.00939178466797,66.73126220703125,65.44689178466797,66.56251525878906,13801351
2012-10-15,55.49744415283203,65.98126220703125,66.30938720703125,65.76564025878906,65.81251525878906,3180585
2012-10-16,55.56052017211914,66.05626678466797,67.01251220703125,65.81251525878906,66.20626831054688,3950772
2012-10-17,55.52110290527344,66.00939178466797,66.65626525878906,65.57814025878906,66.29064178466797,5650275
2012-10-18,54.582740783691406,64.89376831054688,66.13126373291016,64.61251831054688,66.07501220703125,11659773
2012-10-19,54.33829116821289,64.60314178466797,65.53126525878906,64.31251525878906,65.17501831054688,7658254
2012-10-22,54.18846893310547,64.42501831054688,65.14688873291016,64.08751678466797,65.06251525878906,5580718
2012-10-23,54.07807540893555,64.29376220703125,64.68751525878906,63.95626449584961,64.13439178466797,5960131
2012-10-25,53.63649368286133,63.76876449584961,65.26876831054688,63.600013732910156,64.59376525878906,20299637
2012-10-29,54.38560485839844,64.65939331054688,64.86563873291016,63.37501525878906,63.75001525878906,9539469
2012-10-30,54.81141662597656,65.16564178466797,65.44689178466797,64.04064178466797,64.73439025878906,14855553
2012-10-31,55.30030822753906,65.74688720703125,66.60939025878906,65.26876831054688,65.26876831054688,10483677
2012-11-01,56.97200012207031,67.73439025878906,68.62501525878906,65.25001525878906,65.25001525878906,36283388
2012-11-02,57.500343322753906,68.36251831054688,69.92813873291016,67.18126678466797,69.37501525878906,27223662
2012-11-05,57.16914367675781,67.96876525878906,68.90626525878906,67.58438873291016,68.42813873291016,4603364
2012-11-06,57.721134185791016,68.62501525878906,68.87814331054688,67.50001525878906,67.96876525878906,6640073
2012-11-07,58.01288986206055,68.97189331054688,69.56251525878906,68.54064178466797,68.62501525878906,5931203
2012-11-08,59.20358657836914,70.38751983642578,70.59376525878906,68.15626525878906,68.41876983642578,12551874
2012-11-09,58.478118896484375,69.52501678466797,70.88439178466797,69.23439025878906,70.39688873291016,4985289
2012-11-12,58.15482711791992,69.14064025878906,69.95626831054688,68.82189178466797,69.41251373291016,3834169
2012-11-15,57.050865173339844,67.82814025878906,69.25314331054688,67.54689025878906,69.03751373291016,3013177
2012-11-16,56.632938385009766,67.33126831054688,68.58751678466797,67.12501525878906,67.68751525878906,3073380
2012-11-19,56.483116149902344,67.15313720703125,67.95001220703125,66.59063720703125,67.19064331054688,3334916
2012-11-20,57.050865173339844,67.82814025878906,68.21251678466797,66.78751373291016,67.68751525878906,3553881
2012-11-21,57.847286224365234,68.77501678466797,69.00001525878906,67.66876220703125,67.80001831054688,3540612
2012-11-22,58.478118896484375,69.52501678466797,69.86251831054688,68.68126678466797,69.02814483642578,3810223
2012-11-23,57.855186462402344,68.78439331054688,70.43439483642578,68.43751525878906,69.75001525878906,3817129
2012-11-26,59.211463928222656,70.39688873291016,70.63126373291016,68.81251525878906,69.00001525878906,7435758
2012-11-27,59.76343536376953,71.05313873291016,71.37189483642578,70.43439483642578,70.50001525878906,9874418
2012-11-29,60.930477142333984,72.44064331054688,73.09689331054688,70.73439025878906,70.79064178466797,15358300
2012-11-30,62.0186653137207,73.73439025878906,74.25001525878906,72.15939331054688,72.24376678466797,10424909
2012-12-03,62.231571197509766,73.98751831054688,74.52189636230469,73.68751525878906,73.70626831054688,6359102
2012-12-04,61.20647048950195,72.76876831054688,74.99064636230469,72.29064178466797,74.08126831054688,5643849
2012-12-05,60.078861236572266,71.42813873291016,73.34064483642578,71.04376983642578,72.85314178466797,7427454
2012-12-06,59.90538787841797,71.22189331054688,71.81251525878906,70.35001373291016,71.74689483642578,5475758
2012-12-07,59.960575103759766,71.28751373291016,71.74689483642578,70.96876525878906,71.74689483642578,4505630
2012-12-10,60.260231018066406,71.64376831054688,73.12501525878906,71.43751525878906,73.09689331054688,6464473
2012-12-11,59.858055114746094,71.16564178466797,72.73126983642578,70.18126678466797,72.09376525878906,6431758
2012-12-12,59.10895919799805,70.27501678466797,72.28126525878906,69.69376373291016,71.51251983642578,8516243
2012-12-13,58.91971206665039,70.05001831054688,71.13751983642578,69.89064025878906,70.27501678466797,5523715
2012-12-14,59.290313720703125,70.49063873291016,70.81876373291016,69.81564331054688,69.81564331054688,4117817
2012-12-17,58.38349533081055,69.41251373291016,70.87501525878906,68.70001983642578,70.68751525878906,6110585
2012-12-18,59.2745475769043,70.47189331054688,71.15626525878906,68.99063873291016,69.51564025878906,6503678
2012-12-19,60.89895248413086,72.40314483642578,72.58126831054688,70.22814178466797,70.69689178466797,4991513
2012-12-20,60.252342224121094,71.63439178466797,73.31251525878906,71.09064483642578,72.65626525878906,6335950
2012-12-21,59.8422966003418,71.14688873291016,71.98126983642578,70.70626831054688,70.93126678466797,4364713
2012-12-24,60.86739730834961,72.36564636230469,72.54376983642578,71.27814483642578,71.27814483642578,3053033
2012-12-26,60.725460052490234,72.19689178466797,72.34689331054688,71.54064178466797,72.01876831054688,3819225
2012-12-27,60.79642105102539,72.28126525878906,72.75001525878906,71.67189025878906,72.65626525878906,7196264
2012-12-28,61.82941818237305,73.50939178466797,73.67814636230469,72.40314483642578,72.40314483642578,4168004
2012-12-31,62.21579360961914,73.96876525878906,74.71876525878906,73.61251831054688,73.81877136230469,12416551
2013-01-01,62.59431076049805,74.41876983642578,74.81251525878906,73.34064483642578,74.25939178466797,4247486
2013-01-02,62.0975341796875,73.82814025878906,74.85939025878906,73.44377136230469,74.68126678466797,4566377
2013-01-03,62.736244201660156,74.58751678466797,74.81251525878906,73.84689331054688,74.15626525878906,9293000
2013-01-04,63.65884017944336,75.68439483642578,75.91876983642578,74.55939483642578,74.79376983642578,9062813
2013-01-07,63.86385726928711,75.92814636230469,76.59376525878906,75.57189178466797,75.70314025878906,6664707
2013-01-08,62.79145050048828,74.65314483642578,75.89064025878906,74.17501831054688,75.54376983642578,5838542
2013-01-09,62.61796188354492,74.44689178466797,75.16876983642578,73.79064178466797,74.67189025878906,7672520
2013-01-10,62.3892822265625,74.17501831054688,76.08751678466797,73.78126525878906,74.77501678466797,9906248
2013-01-11,66.22946166992188,78.74064636230469,79.27501678466797,75.85314178466797,76.12501525878906,24040265
2013-01-14,66.10330963134766,78.59064483642578,79.66876983642578,78.25314331054688,79.32189178466797,8431784
2013-01-15,66.3871841430664,78.92814636230469,79.42501831054688,78.18751525878906,79.03126525878906,5210345
2013-01-16,66.22946166992188,78.74064636230469,79.68751525878906,78.05626678466797,78.93751525878906,8225720
2013-01-17,67.92485046386719,80.75627136230469,81.8437728881836,79.20001983642578,79.50001525878906,20826538
2013-01-18,62.66526794433594,74.50314331054688,82.42501831054688,74.10939025878906,82.1250228881836,42738767
2013-01-21,62.696815490722656,74.54064178466797,75.33751678466797,73.73439025878906,75.19689178466797,15348870
2013-01-22,62.886070251464844,74.76564025878906,75.60939025878906,74.23126983642578,74.65314483642578,11873794
2013-01-23,63.67858123779297,75.32814025878906,75.55314636230469,74.42814636230469,74.48439025878906,8255341
2013-01-24,64.185791015625,75.92814636230469,76.50001525878906,75.33751678466797,75.37501525878906,7883939
2013-01-25,64.61373901367188,76.43439483642578,76.57501983642578,75.11251831054688,75.75001525878906,6788739
2013-01-28,65.54889678955078,77.54064178466797,78.23439025878906,76.03126525878906,76.48126983642578,7647518
2013-01-29,64.77224731445312,76.62189483642578,77.43751525878906,76.02189636230469,76.92189025878906,6541902
2013-01-30,65.75496673583984,77.78439331054688,78.16876983642578,75.96564483642578,76.46251678466797,5489075
2013-01-31,65.2319107055664,77.16564178466797,77.90626525878906,76.23751831054688,77.26876831054688,7239480
2013-02-01,64.60581970214844,76.42501831054688,77.52189636230469,76.32189178466797,76.87501525878906,5916670
2013-02-04,64.68506622314453,76.51876831054688,76.94064331054688,76.09689331054688,76.55626678466797,5443982
2013-02-05,64.51070404052734,76.31251525878906,76.49064636230469,75.48751831054688,76.12501525878906,4271070
2013-02-06,64.29673767089844,76.05939483642578,76.86564636230469,75.39376831054688,76.63127136230469,4441545
2013-02-07,64.3046646118164,76.06877136230469,76.42501831054688,75.18751525878906,75.56251525878906,2552730
2013-02-08,65.36663818359375,77.32501983642578,77.90626525878906,75.60939025878906,76.50001525878906,5678441
2013-02-11,64.90696716308594,76.78126525878906,78.90939331054688,76.51876831054688,77.62501525878906,7882200
2013-02-12,65.27946472167969,77.22189331054688,77.56877136230469,75.98439025878906,76.87501525878906,4508100
2013-02-13,64.89905548095703,76.77189636230469,77.98126983642578,76.20001983642578,77.29689025878906,5857619
2013-02-14,62.735496520996094,74.21251678466797,76.12501525878906,73.87501525878906,75.97502136230469,15573505
2013-02-15,63.282318115234375,74.85939025878906,75.45001983642578,72.20626831054688,74.06251525878906,8234408
2013-02-18,63.860843658447266,75.54376983642578,75.75001525878906,73.80939483642578,74.57814025878906,6106590
2013-02-19,65.1051025390625,77.01564025878906,77.26876831054688,75.11251831054688,75.75939178466797,5049097
2013-02-20,65.35078430175781,77.30626678466797,77.88751983642578,76.65939331054688,77.06251525878906,5471689
2013-02-21,64.32052612304688,76.08751678466797,78.10314178466797,75.72189331054688,76.90314483642578,7125859
2013-02-22,65.92932891845703,77.99064636230469,78.45939636230469,75.59064483642578,75.84376525878906,11582722
2013-02-25,66.42860412597656,78.58126831054688,79.83751678466797,78.03752136230469,78.03752136230469,9877752
2013-02-26,65.92138671875,77.98126983642578,78.85314178466797,77.40939331054688,78.17814636230469,7714451
2013-02-27,66.33351135253906,78.46876525878906,79.24689483642578,77.46564483642578,78.37501525878906,8253384
2013-02-28,66.00064086914062,78.07501983642578,79.78126525878906,77.15626525878906,78.75001525878906,15345996
2013-03-01,66.8407211303711,79.06877136230469,79.78126525878906,78.45001983642578,78.75001525878906,7007246
2013-03-04,66.49199676513672,78.65626525878906,79.65001678466797,78.40314483642578,78.75939178466797,7096424
2013-03-05,68.63973236083984,81.19689178466797,81.49689483642578,78.56251525878906,78.75939178466797,13619329
2013-03-06,70.04247283935547,82.85626983642578,83.6250228881836,81.27189636230469,81.2812728881836,10632306
2013-03-07,71.22331237792969,84.25314331054688,84.9000244140625,83.08126831054688,83.08126831054688,14614545
2013-03-08,70.58930969238281,83.50314331054688,85.5000228881836,83.30626678466797,84.16876983642578,13742364
2013-03-11,69.66999053955078,82.41564178466797,84.27189636230469,82.05001831054688,83.0156478881836,8375491
2013-03-12,69.52734375,82.24689483642578,83.19377136230469,81.43126678466797,82.51876831054688,5993385
2013-03-13,69.63037109375,82.36876678466797,83.4843978881836,81.63751983642578,82.10626983642578,6780771
2013-03-14,69.50359344482422,82.2187728881836,83.2031478881836,81.45001983642578,82.36876678466797,5521177
2013-03-15,69.89188385009766,82.67814636230469,83.00627136230469,81.77814483642578,82.29376983642578,4308702
2013-03-18,68.7348403930664,81.30939483642578,82.65939331054688,81.0000228881836,82.20001983642578,2711092
2013-03-19,68.7348403930664,81.30939483642578,82.29376983642578,80.56877136230469,81.5625228881836,3878665
2013-03-20,68.14837646484375,80.61564636230469,81.7031478881836,79.95001983642578,81.25314331054688,8053789
2013-03-21,68.9091796875,81.5156478881836,81.9843978881836,80.12814331054688,80.7187728881836,5378206
2013-03-22,69.05975341796875,81.69377136230469,82.39689636230469,80.46564483642578,81.61876678466797,6314115
2013-03-25,68.3702621459961,80.87814331054688,82.57501983642578,80.54064178466797,82.36876678466797,8500989
2013-03-26,69.41637420654297,82.11564636230469,82.70626831054688,79.96876525878906,80.9062728881836,6408339
2013-03-28,69.28958129882812,81.96564483642578,82.85626983642578,80.88751983642578,81.36564636230469,17910528
2013-04-01,68.31480407714844,80.8125228881836,82.8281478881836,80.26876831054688,81.99376678466797,4669486
2013-04-02,71.27086639404297,84.30939483642578,84.60002136230469,80.19377136230469,80.8125228881836,10150754
2013-04-03,71.10443878173828,84.11251831054688,85.25627136230469,83.6250228881836,83.83126831054688,10462632
2013-04-04,70.54967498779297,83.45626831054688,84.7031478881836,82.7812728881836,83.8125228881836,8704264
2013-04-05,72.05545806884766,85.23751831054688,86.8125228881836,82.2656478881836,82.7812728881836,9640178
2013-04-08,71.13614654541016,84.1500244140625,85.5000228881836,80.54064178466797,84.6562728881836,32723490
2013-04-09,62.40263748168945,73.81877136230469,78.37501525878906,73.17189025878906,76.31251525878906,37791035
2013-04-10,63.75782012939453,75.42189025878906,75.90001678466797,74.08126831054688,74.08126831054688,13002327
2013-04-11,63.868778228759766,75.55314636230469,76.50001525878906,74.81251525878906,76.38751983642578,6829688
2013-04-12,60.83344650268555,71.96251678466797,73.12501525878906,71.07189178466797,73.10626983642578,20673728
2013-04-15,60.08848190307617,71.08126831054688,73.62189483642578,70.55626678466797,71.98126983642578,8408424
2013-04-16,60.44511032104492,71.50314331054688,71.83126831054688,70.63126373291016,70.96876525878906,3664047
2013-04-17,59.36729049682617,70.22814178466797,72.27189636230469,69.60001373291016,72.18751525878906,6061310
2013-04-18,58.49553298950195,69.19689178466797,70.85626983642578,67.93126678466797,69.98439025878906,13580647
2013-04-22,53.795921325683594,63.637516021728516,65.25001525878906,61.40626525878906,64.93126678466797,47731097
2013-04-23,54.326904296875,64.26564025878906,65.23126220703125,63.76876449584961,64.17189025878906,9254973
2013-04-25,53.17774963378906,62.90626525878906,64.67813873291016,62.381263732910156,64.31251525878906,12929346
2013-04-26,52.33768081665039,61.912513732910156,63.56251525878906,61.45314025878906,63.037513732910156,7893091
2013-04-29,54.20802688598633,64.12501525878906,64.29376220703125,61.350013732910156,62.06251525878906,9223384
2013-04-30,55.21451950073242,65.31564331054688,65.62501525878906,63.60939025878906,64.52813720703125,8185005
2013-05-02,55.83267593383789,66.04689025878906,66.65626525878906,64.39688873291016,65.25001525878906,8254989
2013-05-03,56.308189392089844,66.60939025878906,67.09689331054688,65.47501373291016,65.74688720703125,6784664
2013-05-06,56.64105224609375,67.00314331054688,67.77188873291016,66.31876373291016,66.91876220703125,6123710
2013-05-07,55.60285568237305,65.77501678466797,67.50001525878906,65.44689178466797,67.12501525878906,12478951
2013-05-08,55.642486572265625,65.82189178466797,66.45001220703125,65.10939025878906,66.00001525878906,5604766
2013-05-09,56.23686599731445,66.52501678466797,66.93751525878906,66.00001525878906,66.07501220703125,6729496
2013-05-10,56.26856231689453,66.56251525878906,66.96563720703125,66.11251831054688,66.85314178466797,8036909
2013-05-13,55.15111541748047,65.24063873291016,66.67501831054688,64.91251373291016,66.56251525878906,7147128
2013-05-14,55.10355758666992,65.18438720703125,65.71876525878906,64.61251831054688,65.25001525878906,2786095
2013-05-15,54.865806579589844,64.90313720703125,65.90626525878906,64.03126525878906,65.10939025878906,8203171
2013-05-16,54.913360595703125,64.95938873291016,65.12814331054688,64.22814178466797,64.96876525878906,10250744
2013-05-17,54.525028228759766,64.50001525878906,65.51251220703125,63.48751449584961,64.87501525878906,5854782
2013-05-20,53.566078186035156,63.365638732910156,64.09689331054688,62.653141021728516,63.98439025878906,24495289
2013-05-21,53.71666717529297,63.543766021728516,64.45314025878906,63.00939178466797,63.38439178466797,8092355
2013-05-22,54.215946197509766,64.13439178466797,64.42501831054688,63.58126449584961,63.637516021728516,7688840
2013-05-23,53.431365966796875,63.20626449584961,64.22814178466797,62.21251678466797,63.94689178466797,11497879
2013-05-24,53.28870391845703,63.037513732910156,64.20001220703125,62.40001678466797,63.47814178466797,3572532
2013-05-27,53.93064498901367,63.79689025878906,64.12501525878906,62.43751525878906,63.18751525878906,6575123
2013-05-28,53.9068717956543,63.76876449584961,64.39688873291016,63.00001525878906,63.506263732910156,7072712
2013-05-29,53.78799057006836,63.62813949584961,64.55626678466797,63.00939178466797,63.56251525878906,9132840
2013-05-30,53.27285385131836,63.01876449584961,64.18126678466797,62.71876525878906,63.29064178466797,6241134
2013-05-31,51.93350601196289,61.434391021728516,63.72188949584961,59.03438949584961,63.32814025878906,14529015
2013-06-03,51.50554656982422,60.928138732910156,62.62501525878906,60.58126449584961,61.89376449584961,7860963
2013-06-04,52.44864273071289,62.043766021728516,62.59688949584961,61.19063949584961,61.19063949584961,5117950
2013-06-05,51.51346969604492,60.93751525878906,62.381263732910156,60.75939178466797,62.25001525878906,5368905
2013-06-06,52.305992126464844,61.87501525878906,62.10939025878906,60.58126449584961,60.75001525878906,7252190
2013-06-07,53.08266067504883,62.793766021728516,63.56251525878906,61.50001525878906,61.50001525878906,4358180
2013-06-10,54.406150817871094,64.35939025878906,64.66876220703125,63.15001678466797,63.18751525878906,5570099
2013-06-11,54.69145202636719,64.69689178466797,65.06251525878906,59.98126220703125,64.51876831054688,12429842
2013-06-12,54.580509185791016,64.56564331054688,64.87501525878906,63.93751525878906,64.82814025878906,5936179
2013-06-13,53.89100646972656,63.75001525878906,63.93751525878906,62.25001525878906,63.75001525878906,3621769
2013-06-14,53.502689361572266,63.29064178466797,64.27501678466797,61.92189025878906,61.92189025878906,6451801
2013-06-17,53.58193588256836,63.38439178466797,63.75001525878906,62.25001525878906,63.30001449584961,2874084
2013-06-18,54.08122634887695,63.975013732910156,64.12501525878906,63.225013732910156,63.39376449584961,2349263
2013-06-19,54.44577407836914,64.40626525878906,64.63126373291016,63.28126525878906,64.12501525878906,5025870
2013-06-20,55.07979965209961,65.15626525878906,65.51251220703125,64.01251220703125,64.50001525878906,21359919
2013-06-21,55.222442626953125,65.32501220703125,65.81251525878906,64.66876220703125,64.85626220703125,19434245
2013-06-24,54.92921447753906,64.97814178466797,65.60626220703125,62.053138732910156,65.25001525878906,6936616
2013-06-25,54.48540115356445,64.45314025878906,64.87501525878906,63.00001525878906,64.87501525878906,7327880
2013-06-26,55.174888610839844,65.26876831054688,65.51251220703125,63.75001525878906,64.36876678466797,6610163
2013-06-27,55.81814956665039,65.08126831054688,65.94376373291016,64.31251525878906,65.25001525878906,10136573
2013-06-28,56.12369155883789,65.43751525878906,66.00001525878906,63.93751525878906,65.98126220703125,10161992
2013-07-01,56.485511779785156,65.85939025878906,66.00001525878906,64.78126525878906,65.43751525878906,4449449
2013-07-02,56.75889205932617,66.17813873291016,66.50626373291016,65.46563720703125,66.00001525878906,9998157
2013-07-03,55.21510314941406,64.37814331054688,66.35626220703125,64.03126525878906,66.00001525878906,5189076
2013-07-04,56.228214263916016,65.55938720703125,65.79376220703125,64.68751525878906,64.87501525878906,5692889
2013-07-05,56.43727111816406,65.80313873291016,65.98126220703125,65.25001525878906,65.84063720703125,8578813
2013-07-08,57.16896057128906,66.65626525878906,67.06876373291016,64.92189025878906,64.92189025878906,8464083
2013-07-09,57.91674041748047,67.52813720703125,67.68751525878906,66.56251525878906,66.60001373291016,6110414
2013-07-10,58.672576904296875,68.40939331054688,68.50314331054688,67.50001525878906,67.50001525878906,8635667
2013-07-11,58.535865783691406,68.25001525878906,69.15001678466797,67.98751831054688,68.78439331054688,6650921
2013-07-12,60.401309967041016,70.42501831054688,71.25001525878906,68.95314025878906,69.37501525878906,11080599
2013-07-15,61.414432525634766,71.60626983642578,71.88751983642578,70.29376983642578,70.29376983642578,6401038
2013-07-16,60.36915588378906,70.38751983642578,72.17814636230469,69.56251525878906,70.42501831054688,6085438
2013-07-17,62.250675201416016,72.58126831054688,73.19064331054688,70.34064483642578,70.50001525878906,7067315
2013-07-18,62.04964065551758,72.34689331054688,73.87501525878906,71.73751831054688,72.41252136230469,5903017
2013-07-19,62.942142486572266,73.38751983642578,73.68751525878906,72.57189178466797,73.12501525878906,6813294
2013-07-22,63.191410064697266,73.67814636230469,73.96876525878906,72.33751678466797,73.31251525878906,5353091
2013-07-23,61.7843132019043,72.03752136230469,74.53126525878906,71.59689331054688,73.64064025878906,7519112
2013-07-24,63.09493637084961,73.56564331054688,73.95939636230469,71.25001525878906,71.62501525878906,8424109
2013-07-25,60.50583267211914,70.54689025878906,73.86564636230469,69.24376678466797,73.50001525878906,13929740
2013-07-26,61.422454833984375,71.61563873291016,72.68439483642578,69.00001525878906,71.26876831054688,13517468
2013-07-29,65.61970520019531,76.50939178466797,78.37501525878906,73.42501831054688,75.18751525878906,34070892
2013-07-30,67.34842681884766,78.52501678466797,79.31251525878906,76.50939178466797,76.87501525878906,17077126
2013-07-31,70.43605041503906,82.1250228881836,82.6875228881836,78.75001525878906,78.75001525878906,19267024
2013-08-01,70.17874908447266,81.82501983642578,83.21251678466797,80.1562728881836,82.1250228881836,10489213
2013-08-02,70.54859924316406,82.25627136230469,84.69377136230469,81.45001983642578,81.7968978881836,10865618
2013-08-05,72.24519348144531,84.2343978881836,84.5625228881836,81.47814178466797,82.1250228881836,13347063
2013-08-06,72.57483673095703,84.6187744140625,86.94377136230469,83.85002136230469,83.8593978881836,17975488
2013-08-07,72.53466033935547,84.5718994140625,86.75627136230469,83.5781478881836,84.3750228881836,17483051
2013-08-08,71.907470703125,83.84064483642578,84.3750228881836,81.16876983642578,84.0000228881836,10745789
2013-08-12,73.1216049194336,85.25627136230469,85.3218994140625,83.0625228881836,83.0625228881836,8818557
2013-08-13,75.19609069824219,87.67501831054688,88.02189636230469,85.1250228881836,85.1250228881836,10606802
2013-08-14,73.989990234375,86.26876831054688,88.66876983642578,85.14376831054688,87.4218978881836,7544360
2013-08-16,73.41107177734375,85.5937728881836,87.73126983642578,85.00314331054688,85.63127136230469,14038679
2013-08-19,73.40302276611328,85.58439636230469,87.0000228881836,84.7125244140625,85.3687744140625,7117651
2013-08-20,72.08438110351562,84.0468978881836,86.2500228881836,82.83751678466797,84.97502136230469,10978274
2013-08-21,71.07124328613281,82.86564636230469,84.90939331054688,82.08751678466797,83.92501831054688,8338141
2013-08-22,71.51348876953125,83.38127136230469,84.15939331054688,81.6562728881836,82.5000228881836,7859187
2013-08-23,72.07632446289062,84.03752136230469,84.5625228881836,82.04064178466797,83.27814483642578,13972924
2013-08-26,73.82917785644531,86.08126831054688,87.3750228881836,84.2812728881836,84.2812728881836,14138503
2013-08-27,73.16180419921875,85.30314636230469,87.30001831054688,84.67501831054688,86.1656494140625,12558247
2013-08-28,75.81522369384766,88.39689636230469,88.8843994140625,85.8750228881836,85.95939636230469,25402484
2013-08-29,76.13684844970703,88.77189636230469,89.98126983642578,86.6718978881836,88.5000228881836,24565935
2013-08-30,77.76908111572266,90.67501831054688,92.8125228881836,87.8531494140625,89.1093978881836,57848236
2013-09-02,77.90577697753906,90.83439636230469,91.80001831054688,90.1406478881836,90.5718994140625,12144546
2013-09-03,77.08564758300781,89.87814331054688,93.8625259399414,88.7812728881836,90.9843978881836,14590503
2013-09-04,77.39923858642578,90.2437744140625,92.3437728881836,89.3437728881836,90.2343978881836,18598630
2013-09-05,75.40514373779297,87.91876983642578,90.7500228881836,87.0000228881836,90.30939483642578,16353921
2013-09-06,75.34082794189453,87.8437728881836,90.73126983642578,87.16876983642578,87.77814483642578,23097146
2013-09-10,75.9117202758789,88.5093994140625,90.7500228881836,87.4312744140625,88.80939483642578,22058021
2013-09-11,76.3861083984375,89.0625228881836,90.54376983642578,88.1812744140625,88.56564331054688,23817796
2013-09-12,75.8875732421875,88.48126983642578,89.92501831054688,87.77814483642578,88.8750228881836,23976378
2013-09-13,73.25027465820312,85.4062728881836,88.8750228881836,84.55314636230469,88.8750228881836,18149504
2013-09-16,72.63916778564453,84.69377136230469,85.8750228881836,83.79376983642578,85.5562744140625,13683767
2013-09-17,76.3780746459961,89.05314636230469,90.0000228881836,84.9843978881836,85.09689331054688,14682204
2013-09-18,77.302734375,90.13127136230469,90.9375228881836,88.6406478881836,89.0625228881836,13467575
2013-09-19,75.9036636352539,88.5000228881836,90.68439483642578,87.86251831054688,89.6250228881836,8463027
2013-09-20,76.37002563476562,89.04376983642578,90.2437744140625,88.3125228881836,88.3125228881836,8775544
2013-09-23,77.75300598144531,90.6562728881836,91.85626983642578,88.8750228881836,89.2500228881836,13790561
2013-09-24,76.84442901611328,89.59689331054688,91.95001983642578,88.7343978881836,91.1250228881836,9078483
2013-09-25,76.47456359863281,89.1656494140625,91.0406494140625,88.89376831054688,90.0000228881836,10174274
2013-09-26,76.90876007080078,89.6718978881836,91.85626983642578,88.8750228881836,88.9218978881836,27649262
2013-09-27,76.5228042602539,89.22189331054688,90.91876983642578,88.5937728881836,90.3750228881836,11529287
2013-09-30,76.0725326538086,88.6968994140625,90.91876983642578,88.14376831054688,89.2593994140625,8114451
2013-10-01,75.87955474853516,88.47189331054688,89.9062728881836,88.1343994140625,89.23126983642578,6187171
2013-10-03,78.01032257080078,90.95626831054688,91.6875228881836,88.85626983642578,88.8750228881836,16783713
2013-10-04,77.6645736694336,90.55314636230469,92.0625228881836,89.87814331054688,90.7593994140625,6945736
2013-10-07,77.51181030273438,90.3750228881836,91.2187728881836,90.1875228881836,90.8437728881836,5585155
2013-10-08,77.74497985839844,90.64689636230469,92.4375228881836,90.03752136230469,90.9375228881836,10509016
2013-10-09,76.74794006347656,89.4843978881836,91.10626983642578,89.23126983642578,90.0093994140625,14322401
2013-10-10,77.21429443359375,90.02814483642578,90.8531494140625,89.6250228881836,90.0000228881836,12540220
2013-10-11,78.51688385009766,91.5468978881836,93.5625228881836,90.7500228881836,92.0625228881836,18845216
2013-10-14,80.58332061767578,93.9562759399414,95.2500228881836,91.9687728881836,92.0250244140625,19727968
2013-10-15,82.11104583740234,95.7375259399414,97.4531478881836,94.5187759399414,94.6875228881836,28878302
2013-10-17,79.60237121582031,92.8125228881836,96.8437728881836,92.1562728881836,96.0187759399414,19074107
2013-10-18,81.43563842773438,94.95001983642578,95.98126983642578,92.7187728881836,93.9375228881836,16425889
2013-10-21,81.37130737304688,94.8750228881836,96.5250244140625,93.9937744140625,95.6250228881836,21759754
2013-10-22,82.78646850585938,96.5250244140625,97.06877136230469,95.4375228881836,96.5625228881836,22418207
2013-10-23,79.19229125976562,92.33439636230469,95.79376983642578,90.41252136230469,95.7750244140625,36558038
2013-10-24,75.7187271118164,88.28439331054688,92.66252136230469,87.96564483642578,92.33439636230469,25279913
2013-10-25,77.3670654296875,90.20626831054688,90.68439483642578,87.69377136230469,88.1250228881836,19774731
2013-10-28,77.80931091308594,90.72189331054688,91.05001831054688,89.38127136230469,90.67501831054688,10396685
2013-10-29,78.24351501464844,91.2281494140625,91.5093994140625,90.1875228881836,91.06877136230469,12220855
2013-10-30,76.66753387451172,89.3906478881836,91.48126983642578,88.70626831054688,91.48126983642578,13194322
2013-10-31,76.82030487060547,89.56877136230469,91.09689331054688,89.0625228881836,89.08126831054688,20131578
2013-11-01,77.60025787353516,90.4781494140625,90.9000244140625,89.4843978881836,89.4843978881836,6951635
2013-11-05,77.20625305175781,90.01876831054688,90.74064636230469,89.0625228881836,90.4218978881836,7261886
2013-11-06,77.57611846923828,90.45001983642578,91.47189331054688,89.88751983642578,90.5625228881836,9420525
2013-11-07,77.5037612915039,90.36564636230469,91.6875228881836,89.6250228881836,90.9375228881836,13290967
2013-11-08,77.4394302368164,90.2906494140625,91.29376983642578,89.6250228881836,90.88127136230469,5562675
2013-11-11,77.44747161865234,90.30001831054688,91.3218994140625,89.8218994140625,90.0093994140625,12039452
2013-11-12,77.60828399658203,90.48751831054688,91.80939483642578,89.55001831054688,90.9000244140625,23802026
2013-11-13,77.56005096435547,90.4312744140625,91.3125228881836,89.99064636230469,90.5625228881836,8408899
2013-11-14,78.20329284667969,91.1812744140625,92.0250244140625,90.11251831054688,90.9375228881836,12361095
2013-11-18,79.152099609375,92.28752136230469,93.31877136230469,91.6875228881836,91.6875228881836,12432066
2013-11-19,78.48472595214844,91.5093994140625,92.6250228881836,91.3593978881836,92.4843978881836,8811144
2013-11-20,77.68064880371094,90.5718994140625,92.5312728881836,90.0468978881836,90.9843978881836,7871187
2013-11-21,76.93287658691406,89.70001983642578,91.30314636230469,89.2125244140625,90.3843994140625,11852498
2013-11-22,76.86051177978516,89.61564636230469,90.54376983642578,89.45626831054688,90.0937728881836,4989849
2013-11-25,77.00523376464844,89.78439331054688,90.67501831054688,89.55939483642578,89.8125228881836,8448189
2013-11-26,76.37002563476562,89.04376983642578,89.92501831054688,88.3687744140625,89.45626831054688,11722813
2013-11-27,75.5499038696289,88.0875244140625,89.12814331054688,87.82501983642578,88.7343978881836,8338461
2013-11-28,76.0001449584961,88.61251831054688,89.0625228881836,88.2187728881836,88.3125228881836,10678834
2013-11-29,75.7107162475586,88.2750244140625,89.3906478881836,88.10626983642578,89.3906478881836,9333373
2013-12-02,77.39119720458984,90.2343978881836,90.7500228881836,87.49689483642578,88.8750228881836,11770327
2013-12-03,77.58416748046875,90.45939636230469,91.1812744140625,90.1500244140625,90.7500228881836,8176627
2013-12-04,79.01539611816406,92.1281509399414,92.7750244140625,89.83126831054688,90.12189483642578,11581639
2013-12-05,79.26465606689453,92.41876983642578,93.5156478881836,91.1343994140625,93.0000228881836,10593906
2013-12-06,79.40939331054688,92.5875244140625,93.3750228881836,91.1250228881836,91.80001831054688,7008184
2013-12-09,81.56427764892578,95.10002136230469,95.4375228881836,91.98751831054688,93.3750228881836,8338381
2013-12-10,83.09199523925781,96.88127136230469,97.99690246582031,94.2375259399414,95.0812759399414,18993717
2013-12-11,83.39756774902344,97.2375259399414,97.7812728881836,95.6250228881836,96.1875228881836,9574333
2013-12-12,82.11907958984375,95.74689483642578,96.8437728881836,95.3062744140625,96.5625228881836,4802777
2013-12-13,83.42167663574219,97.2656478881836,97.5562744140625,95.14689636230469,95.60626983642578,5603230
2013-12-16,84.28202056884766,98.2687759399414,98.6437759399414,96.6093978881836,97.5000228881836,12102967
2013-12-17,83.28497314453125,97.10627746582031,99.36564636230469,96.6093978881836,98.4843978881836,6769656
2013-12-18,83.89607238769531,97.81877136230469,98.23127746582031,96.17814636230469,97.10627746582031,5437811
2013-12-19,85.09413146972656,99.21565246582031,100.91252136230469,97.1812744140625,97.9218978881836,12461634
2013-12-20,88.2701644897461,102.91877746582031,103.63127136230469,99.4406509399414,100.20002746582031,14152076
2013-12-23,88.76869201660156,103.5000228881836,104.41877746582031,102.1031494140625,103.0406494140625,8871725
2013-12-24,86.85502624511719,101.2687759399414,103.8750228881836,101.0625228881836,103.24690246582031,3912036
2013-12-26,88.2219467163086,102.8625259399414,103.5000228881836,100.62190246582031,101.4843978881836,11375442
2013-12-27,89.2672119140625,104.0812759399414,104.51252746582031,102.5625228881836,103.1250228881836,6188483
2013-12-30,88.69634246826172,103.4156494140625,104.61565399169922,102.40315246582031,104.1187744140625,4672638
2013-12-31,89.92655181884766,104.85002899169922,105.2812728881836,102.9843978881836,104.0625228881836,3756287
2014-01-01,88.88127899169922,103.63127136230469,105.7500228881836,103.3312759399414,105.7500228881836,2362703
2014-01-02,88.92147064208984,103.67814636230469,104.4000244140625,102.40315246582031,103.63127136230469,4882590
2014-01-03,89.5084457397461,104.3625259399414,104.70002746582031,102.4312744140625,102.5625228881836,5907534
2014-01-06,89.73357391357422,104.6250228881836,105.9000244140625,104.0625228881836,104.98127746582031,9896413
2014-01-07,88.47923278808594,103.16252136230469,104.75627899169922,102.1875228881836,104.6250228881836,6572222
2014-01-08,87.98876190185547,102.59065246582031,103.29377746582031,101.89689636230469,102.9375228881836,5747161
2014-01-09,86.9836654663086,101.41877746582031,103.8281478881836,100.7906494140625,102.5625228881836,8731480
2014-01-10,88.98577117919922,103.7531509399414,104.41877746582031,99.6750259399414,101.8312759399414,14175420
2014-01-13,90.28838348388672,105.27190399169922,106.5000228881836,104.0625228881836,104.0625228881836,10086509
2014-01-14,89.02599334716797,103.8000259399414,105.5625228881836,103.0500259399414,105.4781494140625,7789176
2014-01-15,90.16777801513672,105.13127899169922,105.7500228881836,103.44377136230469,104.4843978881836,6949390
2014-01-16,91.91259002685547,107.1656494140625,107.5969009399414,104.0625228881836,104.0625228881836,9157779
2014-01-17,88.88127899169922,103.63127136230469,107.98127746582031,102.9937744140625,107.8125228881836,13427479
2014-01-20,92.15380859375,107.4468994140625,108.31877899169922,103.5187759399414,103.6125259399414,25131145
2014-01-21,91.91259002685547,107.1656494140625,108.37503051757812,106.57502746582031,107.7656478881836,11808637
2014-01-22,93.43222045898438,108.36565399169922,109.2844009399414,106.5093994140625,106.8750228881836,11182482
2014-01-23,93.52113342285156,108.46878051757812,108.8156509399414,105.9375228881836,108.00003051757812,10879074
2014-01-24,92.60773468017578,107.4094009399414,110.06253051757812,106.95940399169922,107.9250259399414,11475341
2014-01-27,92.23593139648438,106.9781494140625,108.56253051757812,106.06877899169922,106.8750228881836,10395826
2014-01-28,91.7590103149414,106.4250259399414,107.41877746582031,105.7687759399414,106.6500244140625,6148830
2014-01-29,92.38949584960938,107.1562728881836,107.9625244140625,105.9375228881836,105.9375228881836,6084537
2014-01-30,92.34098815917969,107.10002899169922,107.7750244140625,105.30940246582031,106.5000228881836,10363080
2014-01-31,92.96338653564453,107.8218994140625,108.68440246582031,106.8375244140625,107.23127746582031,5582318
2014-02-03,91.49227142333984,106.11565399169922,107.6250228881836,105.40315246582031,105.60002899169922,6035459
2014-02-04,89.82716369628906,104.18440246582031,105.31877899169922,102.0000228881836,105.31877899169922,11247314
2014-02-05,90.59505462646484,105.07502746582031,106.02190399169922,103.2750244140625,104.6250228881836,8453357
2014-02-06,91.91259765625,106.6031494140625,107.19377899169922,104.0625228881836,104.8312759399414,14235009
2014-02-07,90.79713439941406,105.30940246582031,107.5969009399414,104.3531494140625,106.86565399169922,7360232
2014-02-10,91.04769897460938,105.60002899169922,106.8000259399414,105.2062759399414,105.5625228881836,5573545
2014-02-11,91.03962707519531,105.59065246582031,107.13752746582031,105.0562744140625,106.1250228881836,7277715
2014-02-12,90.92647552490234,105.45940399169922,107.10002899169922,104.6343994140625,105.8531494140625,7565582
2014-02-13,89.75440979003906,104.10002899169922,106.1250228881836,103.0875244140625,105.9375228881836,5810537
2014-02-14,91.14469909667969,105.7125244140625,106.1718978881836,103.63127136230469,104.3531494140625,6368686
2014-02-17,90.69205474853516,105.1875228881836,106.7812728881836,104.4375228881836,105.9375228881836,4568244
2014-02-18,90.05349731445312,104.4468994140625,105.91877746582031,103.95939636230469,104.8593978881836,4919684
2014-02-19,91.42759704589844,106.0406494140625,106.5000228881836,104.2500228881836,104.2500228881836,3981935
2014-02-20,91.37103271484375,105.97502899169922,106.99690246582031,105.2062759399414,105.92815399169922,5843662
2014-02-21,92.39757537841797,107.1656494140625,107.8125228881836,106.0312728881836,106.0312728881836,7218552
2014-02-24,93.38371276855469,108.30940246582031,109.11565399169922,106.8750228881836,107.4562759399414,5553262
2014-02-25,96.39061737060547,111.79690551757812,112.12503051757812,108.75003051757812,108.75003051757812,8808392
2014-02-26,97.48989868164062,113.0718994140625,114.56253051757812,111.31877899169922,111.75003051757812,14611623
2014-02-28,96.55227661132812,111.98440551757812,113.43753051757812,110.53128051757812,113.06253051757812,9710274
2014-03-03,94.71742248535156,109.85627746582031,112.50003051757812,109.3312759399414,112.50003051757812,4983902
2014-03-04,95.08924102783203,110.28752899169922,111.5250244140625,109.71565246582031,109.87503051757812,7483320
2014-03-05,95.46107482910156,110.71878051757812,111.75003051757812,109.95940399169922,111.2062759399414,8959256
2014-03-06,94.54768371582031,109.6594009399414,111.5344009399414,109.40628051757812,111.00003051757812,6639689
2014-03-07,91.39525604248047,106.0031509399414,110.25003051757812,104.99065399169922,110.25003051757812,10568786
2014-03-10,90.0858154296875,104.4843978881836,107.2031478881836,104.0812759399414,105.7687759399414,11057661
2014-03-11,90.50614166259766,104.9719009399414,106.2281494140625,103.76252746582031,104.4375228881836,9583357
2014-03-12,91.62159729003906,106.2656478881836,106.8750228881836,104.8125228881836,104.98127746582031,6463502
2014-03-13,91.11237335205078,105.6750259399414,107.7750244140625,103.2375259399414,105.3750228881836,10502872
2014-03-14,88.52578735351562,102.6750259399414,105.7500228881836,102.1125259399414,105.7500228881836,11916583
2014-03-18,87.36988067626953,101.33439636230469,103.3125228881836,100.7343978881836,103.1250228881836,9710850
2014-03-19,88.12165832519531,102.2062759399414,103.11564636230469,99.13127136230469,101.3531494140625,11407527
2014-03-20,89.2936782836914,103.5656509399414,104.9625244140625,102.3750228881836,102.5625228881836,9020099
2014-03-21,91.85601806640625,106.53752899169922,108.28128051757812,103.8750228881836,104.74690246582031,18198139
2014-03-24,90.98304748535156,105.5250244140625,107.8125228881836,105.21565246582031,107.0625228881836,5577475
2014-03-25,88.67127227783203,102.8437728881836,104.99065399169922,102.40315246582031,104.5031509399414,12271442
2014-03-26,88.19438171386719,102.2906494140625,104.56877899169922,102.0000228881836,103.29377746582031,7171944
2014-03-27,89.46341705322266,103.76252746582031,104.99065399169922,101.2500228881836,102.3750228881836,11772455
2014-03-28,89.24520111083984,103.5093994140625,104.89690399169922,103.20939636230469,103.8843994140625,6043870
2014-03-31,87.81446838378906,101.85002136230469,103.8937759399414,100.9687728881836,103.5000228881836,14219916
2014-04-01,90.70014190673828,105.1968994140625,105.5625228881836,102.55314636230469,102.5625228881836,10062365
2014-04-02,91.48417663574219,106.10627746582031,107.3437728881836,104.8125228881836,105.8437728881836,9579730
2014-04-03,90.68397521972656,105.17815399169922,106.5093994140625,104.55940246582031,105.9375228881836,4926777
2014-04-04,89.46341705322266,103.76252746582031,106.67815399169922,103.39689636230469,105.9375228881836,5485662
2014-04-07,90.02922821044922,104.41877746582031,105.1125259399414,103.39689636230469,103.6875228881836,6074761
2014-04-09,89.63316345214844,103.95939636230469,105.45940399169922,103.0312728881836,104.8125228881836,7705870
2014-04-10,90.7243881225586,105.22502899169922,105.91877746582031,103.2187728881836,104.0625228881836,7707032
2014-04-11,91.83984375,106.5187759399414,107.0250244140625,103.3125228881836,104.1750259399414,9419266
2014-04-15,95.14582824707031,110.3531494140625,110.8781509399414,105.9468994140625,105.9468994140625,12562215
2014-04-16,92.48648071289062,107.2687759399414,111.50627899169922,106.5187759399414,111.50627899169922,10558973
2014-04-17,94.70933532714844,109.8469009399414,110.5406494140625,107.5406494140625,108.16877746582031,10124914
2014-04-21,88.29945373535156,102.41252136230469,106.5562744140625,102.0093994140625,106.1250228881836,30447885
2014-04-22,85.76946258544922,99.4781494140625,104.04377746582031,98.6250228881836,102.9375228881836,22678964
2014-04-23,84.82374572753906,98.38127136230469,101.00627136230469,97.6875228881836,99.9375228881836,24026852
2014-04-24,84.82374572753906,98.38127136230469,98.38127136230469,98.38127136230469,98.38127136230469,0
2014-04-25,83.94270324707031,97.3593978881836,99.12190246582031,96.9375228881836,98.9062728881836,16380214
2014-04-28,85.61589050292969,99.3000259399414,99.6750259399414,97.1250228881836,97.5093994140625,17001873
2014-04-29,84.83990478515625,98.4000244140625,100.5937728881836,98.0625228881836,99.5625228881836,12142039
2014-04-30,84.44383239746094,97.9406509399414,99.35627746582031,97.0500259399414,99.1875228881836,12933250
2014-05-02,85.43804168701172,99.0937728881836,99.5250244140625,97.16252136230469,97.16252136230469,11406002
2014-05-05,84.18517303466797,97.6406478881836,99.1875228881836,97.3218994140625,98.2500228881836,9324157
2014-05-06,83.23136901855469,96.5344009399414,98.4375228881836,96.30940246582031,97.3125228881836,6864216
2014-05-07,81.81683349609375,94.8937759399414,96.49690246582031,93.7500228881836,95.6437759399414,19753024
2014-05-08,82.60089111328125,95.80314636230469,96.69377136230469,94.0500259399414,94.80939483642578,8245048
2014-05-09,83.08586120605469,96.36564636230469,97.10627746582031,95.2500228881836,95.2500228881836,7870920
2014-05-12,82.7625503540039,95.99064636230469,96.7500228881836,94.0781478881836,96.2531509399414,15789041
2014-05-13,85.55122375488281,99.22502136230469,99.45002746582031,96.0937728881836,96.5625228881836,10280002
2014-05-14,84.79949951171875,98.3531494140625,99.74064636230469,97.8937759399414,99.5625228881836,7430344
2014-05-15,83.49811553955078,96.8437728881836,98.80314636230469,96.1875228881836,98.4937744140625,7792808
2014-05-16,81.28336334228516,94.2750244140625,99.5625228881836,93.2812728881836,97.6875228881836,25742985
2014-05-19,77.92887878417969,90.3843994140625,94.6594009399414,89.00627136230469,94.3593978881836,19265787
2014-05-20,79.9657974243164,92.74689483642578,93.50627136230469,90.63751983642578,91.1250228881836,16365750
2014-05-21,79.71524047851562,92.4562759399414,93.3937759399414,91.16252136230469,93.0000228881836,12196572
2014-05-22,78.16328430175781,90.6562728881836,93.1875228881836,90.3843994140625,92.79376983642578,12029212
2014-05-23,79.2140884399414,91.8750228881836,92.5312728881836,90.08439636230469,90.69377136230469,14296044
2014-05-26,81.8006591796875,94.8750228881836,95.60626983642578,91.89376831054688,92.4375228881836,14282455
2014-05-27,82.15631866455078,95.28752136230469,97.24690246582031,94.3593978881836,95.94377136230469,11082119
2014-05-28,83.1343765258789,96.4218978881836,96.69377136230469,94.3593978881836,96.0000228881836,10316232
2014-05-29,80.79837036132812,93.7125244140625,96.4312744140625,92.8218994140625,96.3750228881836,13870204
2014-05-30,81.8330078125,94.91252136230469,95.51251983642578,90.9375228881836,93.7500228881836,12537148
2014-06-02,80.68519592285156,93.5812759399414,95.0625228881836,93.3750228881836,95.00627136230469,6344137
2014-06-03,79.89306640625,92.66252136230469,94.48126983642578,92.2687759399414,94.48126983642578,9857490
2014-06-04,79.54550170898438,92.2593994140625,93.1968994140625,90.97502136230469,93.0000228881836,9311779
2014-06-05,80.98426818847656,93.92814636230469,94.2187728881836,91.94064331054688,92.5312728881836,11030386
2014-06-06,82.3099136352539,95.46564483642578,95.75627136230469,92.8125228881836,94.5000228881836,11962813
2014-06-09,82.730224609375,95.9531478881836,96.7687759399414,94.7062759399414,95.6250228881836,8521507
2014-06-10,84.87223815917969,98.4375228881836,98.6812744140625,95.9625244140625,95.9625244140625,16908369
2014-06-11,85.3087158203125,98.94377136230469,100.7812728881836,98.19377136230469,98.70002746582031,15362652
2014-06-12,86.02811431884766,99.77815246582031,100.11564636230469,98.0156478881836,99.7593994140625,10738871
2014-06-13,85.74520874023438,99.45002746582031,100.43440246582031,98.4375228881836,99.7968978881836,8781208
2014-06-16,86.66668701171875,100.5187759399414,100.8750228881836,99.1968994140625,99.63752746582031,10475762
2014-06-17,86.66668701171875,100.5187759399414,101.6250228881836,100.06877136230469,101.0625228881836,8907992
2014-06-18,85.76138305664062,99.4687728881836,101.1093978881836,99.02815246582031,100.8469009399414,7503672
2014-06-19,86.844482421875,100.72502136230469,101.24064636230469,98.9719009399414,99.0000228881836,9614216
2014-06-20,86.77985382080078,100.6500244140625,101.8687744140625,99.60002136230469,101.3437728881836,6430521
2014-06-23,85.9068832397461,99.63752746582031,100.6875228881836,99.1875228881836,100.1437759399414,5227870
2014-06-24,85.89070129394531,99.6187744140625,100.1250228881836,98.85002136230469,100.1250228881836,5683054
2014-06-25,85.54313659667969,99.21565246582031,100.1250228881836,98.6250228881836,99.5812759399414,6327177
2014-06-26,86.56159973144531,100.39689636230469,101.23127746582031,99.2062759399414,99.5625228881836,15367004
2014-06-27,88.25904083251953,102.36564636230469,102.9375228881836,100.5562744140625,101.2500228881836,9975757
2014-06-30,88.33180236816406,102.45002746582031,103.6875228881836,101.93440246582031,102.92814636230469,7637256
2014-07-01,87.00617218017578,100.91252136230469,102.73127746582031,100.5000228881836,102.73127746582031,7511603
2014-07-02,87.43456268310547,101.4094009399414,102.87190246582031,100.95002746582031,101.6250228881836,8601720
2014-07-03,89.80290222167969,104.1562728881836,104.6343994140625,102.02815246582031,102.5625228881836,11954487
2014-07-04,88.38838958740234,102.5156478881836,104.9156494140625,101.98127746582031,104.9062728881836,6069662
2014-07-07,90.14238739013672,104.5500259399414,104.8125228881836,102.9375228881836,102.9375228881836,10440258
2014-07-08,88.87335205078125,103.0781478881836,104.7844009399414,102.7500228881836,104.6250228881836,6899800
2014-07-09,88.15396118164062,102.2437744140625,104.04377746582031,101.4937744140625,102.9843978881836,5230830
2014-07-10,88.06507110595703,102.1406478881836,104.6250228881836,101.2500228881836,102.3750228881836,8830440
2014-07-11,89.37451934814453,103.6594009399414,104.38127899169922,102.5718994140625,103.1906509399414,8164419
2014-07-14,87.1031723022461,101.0250244140625,104.0625228881836,100.6875228881836,103.5000228881836,7536115
2014-07-15,86.62625885009766,100.4719009399414,101.70002746582031,100.16252136230469,100.90315246582031,5002286
2014-07-16,86.537353515625,100.3687744140625,101.19377136230469,99.8906478881836,101.19377136230469,4709188
2014-07-17,86.86876678466797,100.7531509399414,102.12190246582031,100.1250228881836,100.4719009399414,8838776
2014-07-18,88.4368667602539,102.5718994140625,104.0625228881836,102.03752136230469,102.2062759399414,18881307
2014-07-21,88.91001892089844,102.17814636230469,103.76252746582031,101.7187728881836,103.1343994140625,10758551
2014-07-22,91.16150665283203,104.7656478881836,105.1875228881836,101.7375259399414,102.02815246582031,9952509
2014-07-23,93.14382934570312,107.04377746582031,107.38127899169922,103.95002746582031,104.9062728881836,11906023
2014-07-24,94.11457824707031,108.1594009399414,108.75003051757812,105.3000259399414,107.6250228881836,16010123
2014-07-25,89.90524291992188,103.3218994140625,104.0625228881836,99.3750228881836,99.3750228881836,37826694
2014-07-28,90.8841781616211,104.4468994140625,104.7750244140625,102.1875228881836,103.52815246582031,8974499
2014-07-30,89.85631561279297,103.2656478881836,104.4562759399414,102.9375228881836,104.41877746582031,10444200
2014-07-31,88.82028198242188,102.07502746582031,103.3125228881836,101.4468994140625,103.1343994140625,19032640
2014-08-01,87.44979858398438,100.5000228881836,102.40315246582031,100.3125228881836,102.0000228881836,9160120
2014-08-04,89.51368713378906,102.87190246582031,103.1250228881836,100.5000228881836,100.53752136230469,13701191
2014-08-05,89.6605224609375,103.0406494140625,103.43440246582031,101.9531478881836,103.0875244140625,5606233
2014-08-06,89.96235656738281,103.38752746582031,103.6031494140625,102.3375244140625,102.3375244140625,10141154
2014-08-07,90.16630554199219,103.62190246582031,103.9687728881836,100.3125228881836,102.5625228881836,11688173
2014-08-08,89.415771484375,102.7593994140625,103.4250259399414,101.4562759399414,103.29377746582031,5295833
2014-08-11,88.58370208740234,101.80314636230469,103.2187728881836,101.28752136230469,103.16252136230469,7036227
2014-08-12,88.71422576904297,101.9531478881836,102.2812728881836,101.4562759399414,102.1875228881836,6273417
2014-08-13,89.77472686767578,103.1718978881836,103.4156494140625,101.75627136230469,101.8312759399414,7116979
2014-08-14,89.07316589355469,102.36564636230469,103.5187759399414,101.9062728881836,103.44377136230469,5863006
2014-08-18,89.35052490234375,102.68440246582031,102.88127136230469,101.46565246582031,102.1875228881836,6409262
2014-08-19,89.30974578857422,102.63752746582031,103.57502746582031,102.0000228881836,102.5250244140625,6288387
2014-08-20,90.08470916748047,103.52815246582031,104.0625228881836,102.63752746582031,102.63752746582031,5953427
2014-08-21,89.92156219482422,103.34065246582031,103.85627746582031,102.69377136230469,103.38752746582031,6576259
2014-08-22,90.86784362792969,104.42815399169922,104.6343994140625,102.8062744140625,103.3593978881836,7688910
2014-08-25,90.60681915283203,104.1281509399414,105.22502899169922,103.8843994140625,104.46565246582031,8394749
2014-08-26,89.88076782226562,103.29377746582031,105.0468978881836,102.40315246582031,104.75627899169922,6642617
2014-08-27,91.12889862060547,104.7281494140625,105.1500244140625,102.7500228881836,102.7500228881836,7728291
2014-08-28,92.22200775146484,105.9843978881836,106.5093994140625,104.7281494140625,104.7281494140625,16372438
2014-09-01,92.31990814208984,106.0969009399414,107.4468994140625,105.6656494140625,106.1250228881836,5776318
2014-09-02,91.52862548828125,105.1875228881836,106.43440246582031,104.8312759399414,106.3125228881836,7273342
2014-09-03,94.17169189453125,108.22502899169922,108.75003051757812,105.0562744140625,105.74065399169922,15111425
2014-09-04,94.16351318359375,108.21565246582031,109.1906509399414,107.2687759399414,108.74065399169922,6938174
2014-09-05,94.9384994506836,109.10627746582031,109.4625244140625,107.9062728881836,108.93753051757812,6107427
2014-09-08,96.70054626464844,111.13127899169922,111.56253051757812,108.3843994140625,109.29377746582031,6592137
2014-09-09,95.93373107910156,110.25003051757812,111.37503051757812,109.10627746582031,111.1968994140625,4390430
2014-09-10,94.897705078125,109.05940246582031,110.62503051757812,108.84378051757812,110.25003051757812,5302196
2014-09-11,93.64959716796875,107.6250228881836,110.0250244140625,107.18440246582031,109.68753051757812,7183838
2014-09-12,93.812744140625,107.8125228881836,108.54377746582031,106.7343978881836,107.9062728881836,6343166
2014-09-15,92.71146392822266,106.5468978881836,108.00003051757812,105.4687728881836,107.8125228881836,6813182
2014-09-16,91.27574157714844,104.89690399169922,107.80315399169922,104.2500228881836,106.8750228881836,8629875
2014-09-17,92.56463623046875,106.3781509399414,107.1750259399414,104.70940399169922,105.3750228881836,7400472
2014-09-18,94.92218017578125,109.0875244140625,109.66877746582031,105.8437728881836,105.9843978881836,8558883
2014-09-19,95.99900817871094,110.32502746582031,111.16877746582031,108.1594009399414,109.10627746582031,9152573
2014-09-22,94.87324523925781,109.03128051757812,109.76252746582031,108.2062759399414,109.76252746582031,4569012
2014-09-23,95.06903076171875,109.25627899169922,111.28128051757812,108.00003051757812,108.60940551757812,10665090
2014-09-24,96.70870971679688,111.14065551757812,111.75003051757812,109.8937759399414,110.25003051757812,11015709
2014-09-25,95.0445556640625,109.2281494140625,112.05940246582031,108.07502746582031,111.00003051757812,9049005
2014-09-26,96.03163146972656,110.3625259399414,110.81253051757812,108.18753051757812,109.50003051757812,5670969
2014-09-29,96.72502136230469,111.1594009399414,112.29377746582031,109.5562744140625,110.28752899169922,5676633
2014-09-30,97.36947631835938,111.9000244140625,112.31253051757812,110.28752899169922,112.31253051757812,13164455
2014-10-01,100.46122741699219,115.45315551757812,115.80940246582031,112.1437759399414,112.1437759399414,14933617
2014-10-07,100.90990447998047,115.96878051757812,116.60627746582031,114.5718994140625,115.12503051757812,11137186
2014-10-08,96.8392333984375,111.2906494140625,116.0344009399414,110.46565246582031,115.68753051757812,12409324
2014-10-09,95.81139373779297,110.10940551757812,112.85627746582031,109.31253051757812,111.89065551757812,14277697
2014-10-10,95.39533996582031,109.63127899169922,112.3687744140625,108.78752899169922,108.78752899169922,21075376
2014-10-13,95.37086486816406,109.6031494140625,109.87503051757812,106.1437759399414,109.4625244140625,12509735
2014-10-14,94.63667297363281,108.7593994140625,111.18753051757812,108.42190551757812,110.62503051757812,10770471
2014-10-15,94.63667297363281,108.7593994140625,108.7593994140625,108.7593994140625,108.7593994140625,0
2014-10-16,93.535400390625,107.4937744140625,109.6125259399414,106.05940246582031,108.74065399169922,11741991
2014-10-17,92.32804870605469,106.10627746582031,109.03128051757812,105.0187759399414,107.8687744140625,17418992
2014-10-20,90.77812194824219,104.32502746582031,107.8125228881836,103.76252746582031,106.3125228881836,8591699
2014-10-21,93.535400390625,107.4937744140625,107.8125228881836,104.5875244140625,104.8125228881836,8013187
2014-10-22,95.2240219116211,109.43440246582031,110.01565551757812,108.00003051757812,109.2750244140625,6701528
2014-10-27,90.51707458496094,104.0250244140625,104.7187728881836,102.59065246582031,103.1250228881836,15869937
2014-10-28,90.33760070800781,103.81877136230469,105.8437728881836,103.1343994140625,104.13752746582031,12304604
2014-10-29,90.84336853027344,104.4000244140625,105.0468978881836,103.9875259399414,104.18440246582031,8714024
2014-10-30,91.40625,105.0468978881836,105.60002899169922,104.60627746582031,104.6250228881836,16102619
2014-10-31,91.96912384033203,105.69377899169922,106.3125228881836,104.93440246582031,105.9375228881836,15541249
2014-11-03,92.16490173339844,105.91877746582031,106.8750228881836,105.26252746582031,106.8750228881836,17221563
2014-11-05,91.20230865478516,104.8125228881836,106.6875228881836,104.4000244140625,106.6875228881836,20365973
2014-11-07,90.29682159423828,103.77189636230469,105.5625228881836,102.82502746582031,105.50627899169922,16182107
2014-11-10,91.17784118652344,104.7844009399414,105.0000228881836,103.5093994140625,103.8750228881836,9631533
2014-11-11,90.9249496459961,104.4937744140625,105.1875228881836,104.0344009399414,105.0937728881836,6780963
2014-11-12,90.72100830078125,104.2593994140625,105.1968994140625,103.6500244140625,103.8750228881836,9857442
2014-11-13,91.169677734375,104.7750244140625,105.82502746582031,103.8843994140625,104.8125228881836,10238813
2014-11-14,92.00174713134766,105.73127746582031,106.5000228881836,105.13127899169922,105.35627746582031,11654013
2014-11-17,92.04254150390625,105.77815246582031,106.1250228881836,104.8125228881836,105.7687759399414,8023832
2014-11-18,92.38517761230469,106.1718978881836,106.5000228881836,105.4312744140625,105.92815399169922,10522589
2014-11-19,92.16490173339844,105.91877746582031,107.0625228881836,105.0562744140625,106.6875228881836,8782771
2014-11-20,93.30697631835938,107.23127746582031,107.8125228881836,105.59065246582031,106.6875228881836,7056403
2014-11-21,93.33961486816406,107.2687759399414,108.12190246582031,106.34065246582031,107.4375228881836,9837416
2014-11-24,94.52245330810547,108.6281509399414,109.24690246582031,107.28752899169922,107.3906478881836,7734355
2014-11-25,94.88140106201172,109.0406494140625,110.13752746582031,108.2437744140625,109.50003051757812,21391759
2014-11-26,94.59586334228516,108.7125244140625,109.50003051757812,107.5312728881836,109.50003051757812,7530686
2014-11-27,94.95481872558594,109.12503051757812,109.68753051757812,108.56253051757812,108.70315551757812,10689266
2014-11-28,95.57482147216797,109.8375244140625,110.62503051757812,108.77815246582031,109.78128051757812,10470797
2014-12-01,96.6842269897461,111.1125259399414,112.66877746582031,110.0718994140625,110.25003051757812,16086603
2014-12-02,96.41503143310547,110.80315399169922,111.56253051757812,109.40628051757812,111.56253051757812,4880788
2014-12-03,96.88819122314453,111.3469009399414,111.75003051757812,109.7437744140625,110.9250259399414,6027475
2014-12-04,96.70054626464844,111.13127899169922,111.74065399169922,110.56877899169922,111.32815551757812,5007316
2014-12-05,94.44088745117188,108.5344009399414,110.81253051757812,108.13127899169922,110.81253051757812,5534057
2014-12-08,92.72779083251953,106.5656509399414,108.79690551757812,106.02190399169922,108.37503051757812,5169513
2014-12-09,90.85968780517578,104.41877746582031,107.9531478881836,104.1656494140625,106.6875228881836,8176680
2014-12-10,90.08470916748047,103.52815246582031,104.8593978881836,103.38752746582031,104.2500228881836,6930787
2014-12-11,89.13028717041016,102.4312744140625,103.8750228881836,102.13127136230469,103.48127746582031,7026376
2014-12-12,88.61634826660156,101.84065246582031,103.85627746582031,101.0625228881836,102.4312744140625,5749913
2014-12-15,88.35530090332031,101.5406494140625,102.35627746582031,98.4094009399414,100.76252746582031,7921518
2014-12-16,87.5721664428711,100.6406478881836,103.06877136230469,100.3125228881836,101.0625228881836,9925832
2014-12-17,87.31111907958984,100.34065246582031,101.8125228881836,98.93440246582031,100.3125228881836,11679591
2014-12-18,87.76795196533203,100.86564636230469,101.2593994140625,99.5625228881836,100.85627746582031,7240270
2014-12-19,89.82366943359375,103.2281494140625,103.9781494140625,102.0000228881836,102.07502746582031,9080637
2014-12-22,90.57417297363281,104.09065246582031,104.42815399169922,102.9094009399414,104.2500228881836,8270136
2014-12-23,90.12548828125,103.57502746582031,104.3437728881836,102.91877746582031,104.3437728881836,7233075
2014-12-24,88.999755859375,102.2812728881836,104.0250244140625,101.2687759399414,103.57502746582031,10663885
2014-12-26,89.30974578857422,102.63752746582031,102.8437728881836,101.4562759399414,102.4875259399414,3878548
2014-12-29,89.75841522216797,103.15315246582031,103.57502746582031,102.63752746582031,102.7500228881836,5040377
2014-12-30,90.14997863769531,103.6031494140625,104.04377746582031,102.7687759399414,103.1250228881836,4333129
2014-12-31,90.58233642578125,104.10002899169922,104.3437728881836,103.16252136230469,103.5000228881836,3576239
2015-01-01,90.12548828125,103.57502746582031,103.95002746582031,103.2187728881836,103.6031494140625,1082549
2015-01-02,90.9249496459961,104.4937744140625,105.0468978881836,103.6875228881836,103.76252746582031,4198953
2015-01-05,91.08811950683594,104.6812744140625,105.9375228881836,104.1562728881836,104.4468994140625,3838601
2015-01-06,88.95896911621094,102.2343978881836,104.32502746582031,101.6437759399414,104.0625228881836,12396695
2015-01-07,88.2818832397461,101.4562759399414,102.1875228881836,100.9406509399414,101.85002136230469,8305581
2015-01-08,88.91817474365234,102.1875228881836,104.79377746582031,101.85002136230469,104.27815246582031,7792131
2015-01-09,90.30496978759766,103.7812728881836,105.0000228881836,101.8593978881836,102.97502136230469,13587116
2015-01-12,90.72100830078125,104.2593994140625,104.8125228881836,102.69377136230469,103.1250228881836,4421790
2015-01-13,91.93649291992188,105.6562728881836,106.25627899169922,104.0625228881836,104.4562759399414,6312675
2015-01-14,90.05208587646484,103.49064636230469,106.7812728881836,103.1250228881836,106.1250228881836,9723858
2015-01-15,91.28388977050781,104.9062728881836,105.7500228881836,103.3593978881836,105.0000228881836,6993422
2015-01-16,90.55785369873047,104.0718994140625,105.63752746582031,103.66877746582031,105.1500244140625,8304680
2015-01-19,95.31375885009766,109.53752899169922,112.21878051757812,109.1906509399414,110.8312759399414,32334205
2015-01-20,96.32530975341797,110.70002746582031,111.37503051757812,109.29377746582031,109.8937759399414,13390593
2015-01-21,96.04794311523438,110.38127899169922,111.56253051757812,108.12190246582031,110.5500259399414,17701408
2015-01-22,97.83330535888672,111.4781494140625,112.06877899169922,109.63127899169922,110.62503051757812,19458651
2015-01-23,99.02630615234375,112.8375244140625,113.25003051757812,110.67190551757812,112.35002899169922,19277835
2015-01-27,98.49152374267578,112.2281494140625,113.57815551757812,111.56253051757812,112.95002746582031,15764550
2015-01-28,99.92310333251953,113.85940551757812,114.75003051757812,111.70315551757812,111.75003051757812,16769969
2015-01-29,99.17440032958984,113.00627899169922,115.21878051757812,112.4625244140625,114.00003051757812,13488321
2015-01-30,99.80791473388672,113.7281494140625,114.3843994140625,111.96565246582031,113.79377746582031,9393192
2015-02-02,102.8603286743164,117.2062759399414,117.69377899169922,114.18753051757812,114.75003051757812,15948657
2015-02-03,102.27618408203125,116.54065704345703,117.75940704345703,115.82815551757812,117.00003051757812,8465539
2015-02-04,101.88948059082031,116.10002899169922,118.10627746582031,115.54690551757812,116.85002899169922,8923261
2015-02-05,105.02417755126953,119.67190551757812,120.58128356933594,116.41877746582031,116.42815399169922,12263607
2015-02-06,105.84690856933594,120.60940551757812,122.75627899169922,119.25003051757812,119.62503051757812,11074311
2015-02-09,106.59561920166016,121.46253204345703,121.87503051757812,119.1750259399414,119.98127746582031,6794574
2015-02-10,105.73995971679688,120.48753356933594,122.25003051757812,119.5031509399414,120.18753051757812,11140578
2015-02-11,105.0488510131836,119.70002746582031,121.68753051757812,118.71565246582031,121.12503051757812,14166503
2015-02-12,106.43106079101562,121.27503204345703,122.43753051757812,120.23440551757812,120.65628051757812,9639757
2015-02-13,108.71830749511719,123.88127899169922,124.48127746582031,121.27503204345703,121.50003051757812,9239165
2015-02-16,108.84994506835938,124.03128051757812,125.10940551757812,123.75003051757812,123.91877746582031,5117465
2015-02-18,110.08406829833984,125.43753051757812,125.81253051757812,122.90628051757812,124.12503051757812,6045571
2015-02-19,108.5208511352539,123.65628051757812,125.43753051757812,122.81253051757812,125.43753051757812,7382040
2015-02-20,106.95762634277344,121.87503051757812,123.93753051757812,121.40628051757812,123.65628051757812,4849774
2015-02-23,106.9164810180664,121.82815551757812,123.37503051757812,120.66565704345703,121.87503051757812,5689865
2015-02-24,107.45127868652344,122.43753051757812,123.71253204345703,121.80003356933594,122.34378051757812,8433603
2015-02-25,109.22840881347656,124.46253204345703,124.80003356933594,122.26878356933594,122.54065704345703,9829069
2015-02-26,108.25757598876953,123.35627746582031,125.41877746582031,122.13752746582031,124.46253204345703,10478408
2015-02-27,107.66519165039062,122.68128204345703,123.48753356933594,121.63127899169922,123.18753051757812,12264620
2015-03-02,109.3436050415039,124.59378051757812,126.45002746582031,122.62503051757812,123.76878356933594,9859640
2015-03-03,110.65177917480469,126.08440399169922,126.93753051757812,124.31253051757812,124.68753051757812,9609805
2015-03-04,108.5208511352539,123.65628051757812,126.32815551757812,123.05628204345703,126.04690551757812,8693384
2015-03-05,109.88661193847656,125.21253204345703,125.60627746582031,122.85940551757812,123.73127746582031,7213278
2015-03-09,108.61958312988281,123.76878356933594,125.06253051757812,123.00940704345703,125.06253051757812,7593752
2015-03-10,107.66519165039062,122.68128204345703,124.08753204345703,120.93753051757812,122.06253051757812,9328397
2015-03-11,107.73924255371094,122.76565551757812,127.05003356933594,121.96878051757812,123.29065704345703,12190748
2015-03-12,107.82975006103516,122.86878204345703,123.17815399169922,121.21878051757812,122.96253204345703,6275689
2015-03-13,105.1886978149414,119.85940551757812,123.45002746582031,118.49065399169922,123.45002746582031,10007634
2015-03-16,106.34054565429688,121.17190551757812,122.05315399169922,119.3625259399414,120.22502899169922,8820568
2015-03-17,105.87158966064453,120.63752746582031,122.13752746582031,119.85940551757812,121.87503051757812,7882840
2015-03-18,103.89698791503906,118.38752746582031,121.50003051757812,117.89065551757812,121.31253051757812,8925624
2015-03-19,104.49761199951172,119.07190704345703,120.50627899169922,118.59378051757812,119.56877899169922,7848403
2015-03-20,107.39368438720703,122.37190246582031,123.13127899169922,119.37190246582031,119.75627899169922,12037719
2015-03-23,106.15133666992188,120.95628356933594,123.84378051757812,120.22502899169922,122.38127899169922,6133273
2015-03-24,107.32786560058594,122.29690551757812,123.46878051757812,120.58128356933594,120.93753051757812,7011000
2015-03-25,108.78413391113281,123.95628356933594,124.49065399169922,121.22815704345703,122.06253051757812,5859475
2015-03-26,103.97926330566406,118.48127746582031,123.35627746582031,117.22502899169922,123.35627746582031,12227282
2015-03-27,100.7293930053711,114.77815246582031,120.30003356933594,114.1031494140625,119.94377899169922,13652951
2015-03-30,102.58059692382812,116.88752746582031,117.17815399169922,115.53752899169922,116.25003051757812,6814467
2015-03-31,103.4773941040039,117.9094009399414,118.9875259399414,115.91252899169922,116.82190704345703,9010840
2015-04-01,104.19318389892578,118.72502899169922,119.33440399169922,116.28752899169922,116.88752746582031,6354889
2015-04-06,102.21035766601562,116.46565246582031,117.92815399169922,115.76252746582031,117.92815399169922,7872158
2015-04-07,101.20659637451172,115.3218994140625,117.73127746582031,114.21565246582031,116.88752746582031,9890882
2015-04-08,101.41228485107422,115.5562744140625,116.81253051757812,114.9562759399414,115.12503051757812,9541026
2015-04-09,101.55216979980469,115.71565246582031,117.05628204345703,114.7593994140625,116.53128051757812,7049918
2015-04-10,101.64263916015625,115.81877899169922,116.60627746582031,115.2281494140625,116.29690551757812,5738526
2015-04-13,102.71221923828125,117.03752899169922,117.32815551757812,115.2844009399414,116.04377746582031,4619465
2015-04-15,99.82437133789062,113.74690246582031,116.81253051757812,112.64065551757812,116.81253051757812,7315918
2015-04-16,99.05099487304688,112.86565399169922,114.03752899169922,110.6343994140625,113.81253051757812,13076860
2015-04-17,96.56626892089844,110.0344009399414,111.88127899169922,109.68753051757812,111.7593994140625,8342621
2015-04-20,94.68216705322266,107.88752746582031,110.8218994140625,106.9687728881836,110.0344009399414,7922147
2015-04-21,95.13469696044922,108.40315246582031,110.32502746582031,103.2281494140625,106.5000228881836,21048960
2015-04-22,89.60581970214844,102.1031494140625,105.6093978881836,101.6250228881836,105.3750228881836,33440956
2015-04-23,87.91091918945312,100.1718978881836,102.92814636230469,99.8531494140625,102.92814636230469,16233670
2015-04-24,86.0926513671875,98.10002136230469,100.99690246582031,96.0937728881836,100.4156494140625,19017589
2015-04-27,87.8368911743164,100.0875244140625,100.4531478881836,97.15315246582031,99.1125259399414,9816226
2015-04-28,87.58183288574219,99.7968978881836,100.7906494140625,98.4375228881836,99.9375228881836,16379558
2015-04-29,89.12860107421875,101.55940246582031,102.50627136230469,99.41252136230469,99.9375228881836,15025078
2015-04-30,88.62674713134766,100.9875259399414,101.6343994140625,100.0781478881836,100.6968994140625,16950219
2015-05-04,89.04632568359375,101.46565246582031,102.1125259399414,100.2281494140625,101.0812759399414,5264457
2015-05-05,89.66342163085938,102.16877746582031,102.8156509399414,101.4843978881836,102.1968994140625,8626659
2015-05-06,87.59830474853516,99.8156509399414,101.9531478881836,99.27189636230469,101.9531478881836,14824806
2015-05-07,88.55268096923828,100.90315246582031,101.75627136230469,98.4562759399414,99.5625228881836,12131047
2015-05-08,88.93936920166016,101.3437728881836,102.0937728881836,100.5187759399414,101.4562759399414,8303757
2015-05-11,89.10391998291016,101.5312728881836,102.0562744140625,100.7062759399414,101.80314636230469,11205821
2015-05-12,87.8451156616211,100.0969009399414,102.07502746582031,99.49690246582031,101.7187728881836,7637918
2015-05-13,89.22734832763672,101.6718978881836,101.88752746582031,99.30940246582031,100.3125228881836,8023000
2015-05-14,88.28116607666016,100.5937728881836,101.7750244140625,99.9468994140625,101.7750244140625,5469907
2015-05-15,88.6020278930664,100.95939636230469,101.5500259399414,100.3125228881836,100.5000228881836,5391273
2015-05-18,89.55644226074219,102.0468978881836,102.1875228881836,100.38752746582031,101.0625228881836,5679331
2015-05-19,90.93041229248047,103.6125259399414,104.0156478881836,101.9250259399414,102.1875228881836,12356226
2015-05-20,92.80628967285156,105.7500228881836,105.91877746582031,103.62190246582031,104.0156478881836,7847779
2015-05-21,92.84745025634766,105.7968978881836,106.1437759399414,104.7187728881836,106.1250228881836,7785822
2015-05-22,92.2303695678711,105.0937728881836,105.54377746582031,103.9875259399414,105.1031494140625,10580120
2015-05-25,92.65819549560547,105.5812759399414,106.0312728881836,104.5312728881836,105.1875228881836,8279640
2015-05-26,91.86013793945312,104.6718978881836,105.7125244140625,104.2687759399414,105.1031494140625,6425326
2015-05-27,90.8893051147461,103.5656509399414,104.56877899169922,102.3843994140625,104.2968978881836,8946008
2015-05-28,91.25131225585938,103.9781494140625,104.56877899169922,101.4843978881836,103.7812728881836,12361740
2015-05-29,92.42784881591797,105.31877899169922,105.9375228881836,103.9875259399414,103.9875259399414,17654976
2015-06-01,92.73225402832031,105.6656494140625,106.49065399169922,104.7656478881836,105.0000228881836,4461161
2015-06-02,90.3051528930664,102.9000244140625,105.3750228881836,102.3843994140625,105.36565399169922,5428366
2015-06-03,89.77857208251953,102.3000259399414,104.6718978881836,102.0093994140625,103.1718978881836,9938402
2015-06-04,90.94689178466797,103.63127136230469,105.16877746582031,102.5625228881836,102.5625228881836,12418162
2015-06-05,91.45698547363281,104.2125244140625,105.92815399169922,103.2375259399414,103.9312744140625,9048973
2015-06-08,91.3253402709961,104.0625228881836,105.31877899169922,103.2187728881836,104.2125244140625,6071763
2015-06-09,89.44125366210938,101.9156494140625,104.5031509399414,101.3625259399414,103.72502136230469,6360473
2015-06-10,92.6006088256836,105.5156478881836,106.30315399169922,101.56877136230469,101.7187728881836,9516498
2015-06-11,89.8526382446289,102.3843994140625,106.1250228881836,101.8218994140625,105.9375228881836,10654536
2015-06-12,88.42105102539062,100.7531509399414,103.95002746582031,99.1875228881836,102.3843994140625,11815543
2015-06-15,89.00519561767578,101.41877746582031,102.7500228881836,99.7219009399414,100.5000228881836,5508510
2015-06-16,88.90646362304688,101.3062744140625,102.45939636230469,100.3218994140625,101.8125228881836,6020206
2015-06-17,89.93490600585938,102.4781494140625,103.86564636230469,101.4562759399414,101.6250228881836,7280782
2015-06-18,91.50635528564453,104.2687759399414,105.07502746582031,102.13127136230469,102.6562728881836,9528344
2015-06-19,92.40316009521484,105.2906494140625,108.32815551757812,104.4000244140625,104.70940399169922,27555342
2015-06-22,92.1810073852539,105.03752899169922,105.6656494140625,103.6968994140625,104.98127746582031,8081059
2015-06-23,91.72027587890625,104.51252746582031,105.7500228881836,104.0625228881836,105.7500228881836,5694782
2015-06-24,93.03668975830078,106.01252746582031,106.5000228881836,104.4375228881836,104.6250228881836,7592163
2015-06-25,90.85639953613281,103.52815246582031,105.73127746582031,103.0781478881836,105.6562728881836,11733234
2015-06-26,91.92597198486328,104.74690246582031,105.2531509399414,103.8937759399414,103.8937759399414,4171246
2015-06-29,90.89753723144531,103.57502746582031,104.05315399169922,101.6718978881836,103.7062759399414,4477214
2015-06-30,89.9595718383789,102.50627136230469,103.9781494140625,102.1875228881836,103.5000228881836,8373885
2015-07-01,90.95511627197266,103.6406478881836,104.2500228881836,101.4843978881836,102.0093994140625,6424723
2015-07-02,91.44876098632812,104.2031478881836,105.0937728881836,102.9468994140625,104.24065399169922,5362553
2015-07-03,90.42855834960938,103.0406494140625,103.95002746582031,102.7500228881836,103.76252746582031,4578990
2015-07-06,90.51082611083984,103.1343994140625,103.4531478881836,101.94377136230469,102.1031494140625,3867641
2015-07-07,91.12789154052734,103.8375244140625,105.4312744140625,103.63127136230469,103.7812728881836,4165118
2015-07-08,90.95511627197266,103.6406478881836,104.7656478881836,102.9375228881836,103.3312759399414,5195982
2015-07-09,89.66342163085938,102.16877746582031,104.33440399169922,101.8593978881836,103.63127136230469,3664431
2015-07-10,90.28044891357422,102.87190246582031,103.95002746582031,102.2906494140625,103.1250228881836,5939475
2015-07-13,92.09051513671875,104.93440246582031,105.3750228881836,102.9562759399414,102.9562759399414,4831150
2015-07-14,93.03668975830078,106.01252746582031,106.38752746582031,104.23127746582031,104.5312728881836,3293913
2015-07-15,95.06887817382812,108.32815551757812,108.7125244140625,106.2281494140625,106.5000228881836,8716285
2015-07-16,94.66571807861328,107.8687744140625,109.12503051757812,107.28752899169922,108.54377746582031,4637732
2015-07-17,93.52210235595703,106.5656509399414,108.73127746582031,105.97502899169922,108.18753051757812,5034174
2015-07-20,94.72997283935547,106.6125259399414,107.38127899169922,105.3750228881836,105.7500228881836,3991263
2015-07-21,96.06277465820312,108.1125259399414,109.7062759399414,106.3781509399414,106.4156494140625,8343864
2015-07-22,97.39559173583984,109.6125259399414,110.3625259399414,108.00003051757812,108.75003051757812,5474926
2015-07-23,98.1369857788086,110.4468994140625,111.3375244140625,107.74690246582031,110.1750259399414,11890199
2015-07-24,94.42174530029297,106.2656478881836,109.87503051757812,105.97502899169922,109.3218994140625,12045388
2015-07-27,93.57209777832031,105.30940246582031,106.8281478881836,104.9531478881836,105.9375228881836,5267502
2015-07-28,92.73905944824219,104.37190246582031,105.4218978881836,103.7812728881836,105.2812728881836,8265859
2015-07-29,94.10520935058594,105.9094009399414,106.5000228881836,104.42815399169922,104.4375228881836,6008291
2015-07-30,93.63038635253906,105.3750228881836,106.81877899169922,104.19377899169922,106.5000228881836,5578062
2015-07-31,94.93821716308594,106.8469009399414,107.2500228881836,105.55315399169922,105.5625228881836,7047102
2015-08-03,95.02985382080078,106.95002746582031,107.98127746582031,106.6875228881836,107.0625228881836,3455284
2015-08-04,93.27218627929688,104.9719009399414,107.04377746582031,104.5312728881836,107.04377746582031,7786595
2015-08-05,95.85452270507812,107.8781509399414,108.37503051757812,104.9719009399414,105.2343978881836,5696430
2015-08-06,95.22977447509766,107.1750259399414,108.70315551757812,106.6875228881836,108.56253051757812,5022969
2015-08-07,94.8132553100586,106.7062759399414,107.98127746582031,106.1343994140625,107.1750259399414,4219929
2015-08-10,93.8719711303711,105.64690399169922,107.52190399169922,105.0187759399414,106.5093994140625,3854564
2015-08-11,94.32179260253906,106.15315246582031,106.39690399169922,104.0718994140625,106.1250228881836,6672931
2015-08-12,96.2543716430664,108.32815551757812,108.9937744140625,105.4218978881836,105.4218978881836,7323971
2015-08-13,95.16313171386719,107.10002899169922,108.65628051757812,106.0875244140625,108.2906494140625,5510921
2015-08-14,95.8378677368164,107.8593978881836,108.3375244140625,106.24690246582031,107.10002899169922,4568222
2015-08-17,95.9378433227539,107.9719009399414,108.56253051757812,106.6594009399414,107.9625244140625,2212863
2015-08-18,95.1548080444336,107.09065246582031,110.15628051757812,106.5937728881836,108.31877899169922,7479918
2015-08-19,97.42059326171875,109.64065551757812,110.01565551757812,107.2500228881836,107.56877899169922,5814979
2015-08-20,96.08778381347656,108.14065551757812,109.9406509399414,107.5781478881836,109.68753051757812,6423955
2015-08-21,95.96281433105469,108.00003051757812,108.18753051757812,105.69377899169922,107.7750244140625,7385267
2015-08-24,90.68987274169922,102.0656509399414,107.6250228881836,100.5187759399414,106.67815399169922,11884861
2015-08-25,90.18172454833984,101.4937744140625,103.4062728881836,99.0562744140625,103.0031509399414,15297276
2015-08-26,91.78942108154297,103.30314636230469,104.3625259399414,101.8312759399414,102.16877746582031,11044007
2015-08-27,91.85608673095703,103.3781509399414,104.52190399169922,102.4875259399414,104.52190399169922,12857543
2015-08-28,93.89696502685547,105.6750259399414,106.02190399169922,103.5656509399414,103.9312744140625,5714915
2015-08-31,95.26309204101562,107.2125244140625,107.8125228881836,105.13127899169922,105.6750259399414,8954392
2015-09-01,93.98858642578125,105.77815246582031,107.2500228881836,105.0000228881836,107.1187744140625,7103043
2015-09-02,92.33922576904297,103.9218978881836,106.72502899169922,102.97502136230469,106.15315246582031,6572206
2015-09-03,94.48838806152344,106.34065246582031,106.5000228881836,104.7281494140625,104.8125228881836,3285449
2015-09-04,92.29756927490234,103.8750228881836,107.1750259399414,102.60002136230469,106.5000228881836,7928355
2015-09-07,91.98103332519531,103.5187759399414,104.4000244140625,102.02815246582031,103.85627746582031,5709214
2015-09-08,93.89696502685547,105.6750259399414,106.1250228881836,103.1250228881836,103.1812744140625,4094153
2015-09-09,93.48045349121094,105.2062759399414,107.5406494140625,104.66252899169922,106.2750244140625,4099134
2015-09-10,91.98103332519531,103.5187759399414,104.9531478881836,103.1906509399414,104.0625228881836,8775869
2015-09-11,93.1472396850586,104.8312759399414,105.5344009399414,104.0250244140625,104.0625228881836,4084660
2015-09-14,95.23810577392578,107.18440246582031,107.56877899169922,104.85002899169922,105.1875228881836,10684962
2015-09-15,95.1464614868164,107.0812759399414,107.6250228881836,106.1343994140625,106.6875228881836,4937700
2015-09-16,96.72086334228516,108.8531494140625,109.12503051757812,107.14690399169922,107.60627746582031,9941709
2015-09-18,98.62846374511719,111.00003051757812,111.56253051757812,108.75003051757812,108.88127899169922,9898909
2015-09-21,98.66177368164062,111.03752899169922,111.93753051757812,109.59378051757812,110.5875244140625,11840733
2015-09-22,99.27819061279297,111.73127746582031,113.29690551757812,110.62503051757812,111.00003051757812,18028038
2015-09-23,98.42021179199219,110.76565551757812,111.82502746582031,109.15315246582031,110.4562759399414,7529166
2015-09-24,100.46942138671875,113.0718994140625,113.41877746582031,110.06253051757812,111.37503051757812,11094738
2015-09-28,98.7867202758789,111.17815399169922,112.87503051757812,110.6343994140625,112.87503051757812,5322644
2015-09-29,98.01203155517578,110.3062744140625,112.10627746582031,109.68753051757812,109.8000259399414,8118296
2015-09-30,99.60307312011719,112.0969009399414,112.30315399169922,111.00003051757812,111.3937759399414,9590429
2015-10-01,99.91961669921875,112.45315551757812,114.9937744140625,112.0031509399414,112.1343994140625,18667659
2015-10-05,100.01126098632812,112.5562744140625,114.35627746582031,111.9562759399414,112.57502746582031,9100269
2015-10-06,99.85298919677734,112.3781509399414,114.37503051757812,112.16252899169922,112.95002746582031,8106115
2015-10-07,98.10365295410156,110.4094009399414,112.4625244140625,109.68753051757812,112.4625244140625,4985700
2015-10-08,98.26192474365234,110.5875244140625,111.92815399169922,109.80940246582031,110.9250259399414,5878542
2015-10-09,98.68675994873047,111.0656509399414,111.87190246582031,109.72502899169922,111.69377899169922,7196840
2015-10-12,97.28730773925781,109.49065399169922,112.50003051757812,109.12503051757812,112.50003051757812,5656995
2015-10-13,97.52055358886719,109.7531509399414,111.31877899169922,109.43440246582031,109.68753051757812,5195476
2015-10-14,97.11238098144531,109.29377746582031,111.45940399169922,108.9468994140625,109.1437759399414,5600910
2015-10-15,96.14607238769531,108.2062759399414,110.24065399169922,108.0187759399414,110.24065399169922,4486078
2015-10-16,96.12109375,108.17815399169922,109.15315246582031,106.0500259399414,108.56253051757812,4888068
2015-10-19,96.2210464477539,108.2906494140625,109.54690551757812,107.0812759399414,109.10627746582031,5330665
2015-10-20,95.26309204101562,107.2125244140625,108.73127746582031,106.8750228881836,108.56253051757812,7156819
2015-10-21,96.27104949951172,108.3469009399414,108.65628051757812,107.10002899169922,107.7750244140625,5404803
2015-10-23,94.58836364746094,106.4531478881836,107.5875244140625,105.87190246582031,107.5875244140625,9916189
2015-10-26,94.804931640625,106.6968994140625,107.6812744140625,106.06877899169922,106.9875259399414,5681966
2015-10-27,95.8128890991211,107.8312759399414,108.26252746582031,106.1250228881836,106.9218978881836,15674230
2015-10-28,96.29602813720703,108.37503051757812,108.98440551757812,106.8281478881836,107.79377746582031,7496963
2015-10-29,95.72957611083984,107.7375259399414,108.73127746582031,107.0625228881836,108.5718994140625,8150157
2015-10-30,95.43802642822266,107.4094009399414,108.5718994140625,106.71565246582031,107.3437728881836,6049662
2015-11-02,95.82120513916016,107.84065246582031,108.2531509399414,106.5937728881836,107.5312728881836,9695048
2015-11-03,95.6712646484375,107.6718978881836,108.68440246582031,107.1281509399414,107.84065246582031,5637257
2015-11-04,95.47132873535156,107.4468994140625,108.55315399169922,107.14690399169922,108.2062759399414,4350852
2015-11-05,95.10481262207031,107.0344009399414,107.79377746582031,106.7531509399414,107.4843978881836,3277977
2015-11-06,94.95487976074219,106.86565399169922,107.37190246582031,106.25627899169922,106.5468978881836,3659753
2015-11-09,93.3388442993164,105.0468978881836,106.3125228881836,104.28752899169922,105.6562728881836,7082536
2015-11-10,92.63910675048828,104.2593994140625,105.3375244140625,103.39689636230469,105.17815399169922,7630478
2015-11-13,91.88107299804688,103.4062728881836,104.1093978881836,103.20002746582031,103.8750228881836,3326617
2015-11-16,92.21427917480469,103.7812728881836,104.61565399169922,101.6718978881836,103.10627746582031,5924403
2015-11-17,92.6058120727539,104.2219009399414,104.4375228881836,103.3125228881836,104.4375228881836,7816195
2015-11-18,92.35589599609375,103.9406509399414,104.4094009399414,103.34065246582031,103.7812728881836,6561801
2015-11-19,92.75572204589844,104.3906478881836,105.3750228881836,103.62190246582031,104.14690399169922,5367129
2015-11-20,94.91323852539062,106.81877899169922,107.8125228881836,104.6250228881836,105.31877899169922,9887773
2015-11-23,94.97989654541016,106.8937759399414,108.02815246582031,106.4156494140625,107.61565399169922,5929566
2015-11-24,93.93861389160156,105.7219009399414,108.26252746582031,105.4687728881836,107.47502899169922,5441907
2015-11-26,94.87989807128906,106.7812728881836,107.42815399169922,104.8125228881836,104.8125228881836,10273112
2015-11-27,94.95487976074219,106.86565399169922,106.95002746582031,105.91877746582031,106.7812728881836,7137918
2015-11-30,94.95487976074219,106.86565399169922,107.9531478881836,106.35002899169922,106.6875228881836,22234597
2015-12-01,96.95410919189453,109.11565399169922,110.14690399169922,108.60002899169922,108.60002899169922,9200387
2015-12-02,96.2543716430664,108.32815551757812,109.76252746582031,108.0093994140625,109.6500244140625,3787604
2015-12-03,95.38805389404297,107.3531494140625,109.68753051757812,106.7437744140625,109.68753051757812,6974419
2015-12-04,94.8465805053711,106.7437744140625,107.3156509399414,105.41252899169922,107.3156509399414,5513331
2015-12-07,95.97113800048828,108.0093994140625,108.26252746582031,106.48127746582031,107.2219009399414,6213411
2015-12-08,94.41342163085938,106.25627899169922,108.54377746582031,105.8156509399414,107.66252899169922,3736804
2015-12-09,94.18017578125,105.9937744140625,107.5969009399414,105.4781494140625,105.7500228881836,4223545
2015-12-10,94.14685821533203,105.9562759399414,106.8750228881836,104.93440246582031,106.3218994140625,6014387
2015-12-11,94.28014373779297,106.10627746582031,106.4531478881836,105.1125259399414,106.3125228881836,3691311
2015-12-14,94.47173309326172,106.3218994140625,106.8750228881836,105.0000228881836,105.60002899169922,3973023
2015-12-15,93.11392974853516,104.79377746582031,106.8750228881836,104.32502746582031,106.57502746582031,6393961
2015-12-16,92.45584106445312,104.05315399169922,104.7844009399414,103.5468978881836,103.5468978881836,10970066
2015-12-17,92.6474380493164,104.2687759399414,104.70002746582031,103.7062759399414,104.5312728881836,10163672
2015-12-18,92.33088684082031,103.91252136230469,104.5031509399414,103.20939636230469,103.8750228881836,14961660
2015-12-21,92.6058120727539,104.2219009399414,104.8593978881836,102.8437728881836,103.8375244140625,6207683
2015-12-22,92.5391616821289,104.14690399169922,104.5312728881836,103.6875228881836,104.0250244140625,6653875
2015-12-23,92.6807632446289,104.3062744140625,105.0000228881836,103.8750228881836,105.0000228881836,4221929
2015-12-24,92.83070373535156,104.47502899169922,104.9625244140625,103.9687728881836,104.3437728881836,2154842
2015-12-28,93.53875732421875,105.27190399169922,105.7500228881836,104.1656494140625,104.1656494140625,5220702
2015-12-29,93.971923828125,105.7593994140625,106.53752899169922,104.80315399169922,105.35627746582031,4268569
2015-12-30,92.98064422607422,104.6437759399414,106.5000228881836,104.2500228881836,106.10627746582031,2678249
2015-12-31,93.28052520751953,104.98127746582031,105.63752746582031,104.4375228881836,104.6250228881836,7054776
2016-01-01,92.70575714111328,104.33440399169922,104.9625244140625,103.8937759399414,104.9625244140625,3165524
2016-01-04,92.91400146484375,104.56877899169922,105.0000228881836,104.2500228881836,104.4375228881836,3431636
2016-01-05,92.78073120117188,104.41877746582031,105.9375228881836,103.9218978881836,105.3750228881836,4687529
2016-01-06,92.48084259033203,104.0812759399414,104.9625244140625,103.6875228881836,104.4375228881836,6123539
2016-01-07,91.60616302490234,103.0969009399414,104.52190399169922,102.5812759399414,103.6875228881836,11168290
2016-01-08,92.59745025634766,104.2125244140625,104.5969009399414,103.0406494140625,103.5187759399414,4648302
2016-01-11,89.5403060913086,100.77189636230469,103.86564636230469,100.20002746582031,103.5000228881836,9954184
2016-01-12,91.4478988647461,102.91877746582031,103.3125228881836,99.60002136230469,100.5937728881836,6982168
2016-01-13,91.04806518554688,102.4687728881836,103.48127746582031,101.33439636230469,102.5625228881836,3587567
2016-01-14,90.83980560302734,102.2343978881836,103.10627746582031,100.5000228881836,102.1875228881836,5838665
2016-01-15,90.48161315917969,101.8312759399414,102.9094009399414,100.6875228881836,102.4875259399414,3334175
2016-01-18,91.1563491821289,102.59065246582031,103.2750244140625,99.5156478881836,100.6875228881836,9031923
2016-01-19,90.29833984375,101.6250228881836,103.5000228881836,100.8750228881836,102.7500228881836,5106281
2016-01-20,90.38997650146484,101.7281494140625,103.48127746582031,99.97502136230469,101.0718994140625,6238110
2016-01-21,91.76445770263672,103.2750244140625,104.0625228881836,101.5406494140625,101.5406494140625,9300264
2016-01-22,91.6478271484375,103.1437759399414,104.19377899169922,102.5812759399414,104.19377899169922,4445262
2016-01-25,91.97566986083984,102.5718994140625,103.0875244140625,101.9625244140625,102.73127746582031,4242825
2016-01-27,92.90039825439453,103.6031494140625,104.05315399169922,101.9156494140625,103.1250228881836,11160519
2016-01-28,92.00929260253906,102.6093978881836,103.81877136230469,102.07502746582031,103.72502136230469,6459529
2016-01-29,94.62374114990234,105.5250244140625,106.06877899169922,102.8625259399414,102.8625259399414,7734574
2016-02-01,95.52322387695312,106.52815246582031,107.60627746582031,104.4937744140625,106.0500259399414,8037187
2016-02-02,95.37191009521484,106.3593978881836,107.1656494140625,105.78752899169922,106.8937759399414,6855160
2016-02-03,93.78307342529297,104.5875244140625,106.2187728881836,103.8843994140625,106.2187728881836,3213476
2016-02-04,94.1445541381836,104.99065399169922,105.30940246582031,103.81877136230469,105.0562744140625,5609982
2016-02-05,93.7999038696289,104.60627746582031,106.0875244140625,104.13752746582031,105.0000228881836,5742094
2016-02-08,91.63101196289062,102.1875228881836,105.03752899169922,101.8687744140625,104.6343994140625,4384750
2016-02-09,90.15986633300781,100.5468978881836,101.23127746582031,100.1250228881836,101.23127746582031,4267924
2016-02-10,89.31079864501953,99.60002136230469,100.62190246582031,99.0000228881836,100.5468978881836,5157374
2016-02-11,86.9570083618164,96.97502136230469,99.8062744140625,96.2062759399414,99.60002136230469,5269476
2016-02-12,86.97381591796875,96.9937744140625,99.27189636230469,95.2968978881836,98.4000244140625,9598621
2016-02-15,88.39449310302734,98.5781478881836,98.9250259399414,97.15315246582031,98.04377746582031,5214324
2016-02-16,88.53742218017578,98.7375259399414,99.4687728881836,97.71565246582031,98.8125228881836,3685887
2016-02-17,88.59625244140625,98.80314636230469,99.36564636230469,96.9843978881836,98.0625228881836,5763710
2016-02-18,91.00891876220703,101.4937744140625,101.9625244140625,99.0187759399414,99.0187759399414,4740372
2016-02-19,92.02611541748047,102.6281509399414,103.0312728881836,100.90315246582031,101.51252746582031,5768537
2016-02-22,91.25271606445312,101.7656478881836,102.7687759399414,100.5937728881836,102.60002136230469,4520996
2016-02-23,90.7819595336914,101.24064636230469,101.94377136230469,100.4250259399414,101.65315246582031,5036873
2016-02-24,89.77316284179688,100.11564636230469,101.6718978881836,99.4687728881836,101.2687759399414,5189321
2016-02-25,89.75636291503906,100.0969009399414,101.0156478881836,97.8937759399414,100.20002746582031,5119049
2016-02-26,89.19312286376953,99.4687728881836,101.60627746582031,98.75627136230469,101.28752136230469,5250574
2016-02-29,87.46977996826172,97.5468978881836,99.7219009399414,95.23126983642578,99.1875228881836,11091282
2016-03-01,90.02537536621094,100.39689636230469,101.0625228881836,98.14689636230469,98.4375228881836,9201448
2016-03-02,90.71470642089844,101.1656494140625,101.5969009399414,99.40315246582031,101.2500228881836,9548461
2016-03-03,91.24430847167969,101.75627136230469,102.83439636230469,100.3593978881836,101.27815246582031,6511139
2016-03-04,90.2775650024414,100.67814636230469,102.30940246582031,100.3312759399414,102.16877746582031,8533469
2016-03-08,91.03414916992188,101.52189636230469,101.9062728881836,100.16252136230469,100.81877136230469,8277325
2016-03-09,90.47932434082031,100.90315246582031,101.6250228881836,99.9843978881836,101.6250228881836,10597186
2016-03-10,90.09262084960938,100.4719009399414,101.23127746582031,99.88127136230469,101.0718994140625,6464851
2016-03-11,90.62222290039062,101.0625228881836,101.2125244140625,100.44377136230469,100.4625244140625,5963203
2016-03-14,90.93328094482422,101.4094009399414,101.8125228881836,100.5937728881836,101.8125228881836,5552606
2016-03-15,89.64706420898438,99.97502136230469,101.8125228881836,99.07502746582031,101.5312728881836,10384866
2016-03-16,90.52973937988281,100.95939636230469,101.3437728881836,99.3843994140625,100.3312759399414,10071645
2016-03-17,90.65586853027344,101.10002136230469,101.99064636230469,100.4250259399414,101.5500259399414,9839474
2016-03-18,92.68183135986328,103.3593978881836,103.8375244140625,101.3437728881836,101.3531494140625,13512583
2016-03-21,93.55610656738281,104.33440399169922,105.45002746582031,101.5875244140625,103.95002746582031,5891875
2016-03-22,92.95084381103516,103.6594009399414,104.3625259399414,103.3312759399414,104.3437728881836,7905422
2016-03-23,93.43839263916016,104.2031478881836,104.85002899169922,102.3375244140625,103.1437759399414,7693379
2016-03-28,93.50568389892578,104.27815246582031,105.6750259399414,102.9937744140625,104.7281494140625,7775976
2016-03-29,93.00127410888672,103.71565246582031,104.8125228881836,102.7500228881836,104.4375228881836,8018333
2016-03-30,94.48081970214844,105.36565399169922,105.68440246582031,103.3593978881836,103.63127136230469,7883464
2016-03-31,94.86750030517578,105.7968978881836,106.8750228881836,104.47502899169922,105.3469009399414,20671520
2016-04-01,94.51445770263672,105.40315246582031,107.3437728881836,104.47502899169922,106.3125228881836,7355416
2016-04-04,95.20377349853516,106.1718978881836,107.0812759399414,105.59065246582031,106.29377746582031,3719124
2016-04-05,93.98481750488281,104.8125228881836,106.2375259399414,104.4843978881836,106.1718978881836,4395422
2016-04-06,93.8503189086914,104.66252899169922,105.3750228881836,103.6406478881836,105.0000228881836,5808793
2016-04-07,92.77429962158203,103.4625244140625,105.0000228881836,103.1906509399414,104.6250228881836,3246500
2016-04-08,92.3960189819336,103.0406494140625,103.38752746582031,102.4687728881836,102.7500228881836,5016142
2016-04-11,95.11971282958984,106.0781478881836,106.6125259399414,101.66252136230469,102.9375228881836,5949523
2016-04-12,95.75861358642578,106.7906494140625,107.2031478881836,105.2062759399414,105.9937744140625,4493886
2016-04-13,98.33941650390625,109.66877746582031,110.98127746582031,108.8531494140625,109.31253051757812,10674994
2016-04-18,98.96150207519531,110.3625259399414,111.46878051757812,108.78752899169922,110.43753051757812,13105324
2016-04-20,101.08834075927734,112.73440551757812,113.81253051757812,110.5500259399414,112.12503051757812,25034223
2016-04-21,93.95960998535156,104.7844009399414,107.93440246582031,104.4094009399414,106.8750228881836,30976914
2016-04-22,93.80830383300781,104.61565399169922,105.49690246582031,104.0812759399414,105.0000228881836,11492685
2016-04-25,92.88359069824219,103.58439636230469,105.3281478881836,103.3312759399414,104.6437759399414,9151325
2016-04-26,93.21985626220703,103.95939636230469,104.6250228881836,103.16252136230469,103.57502746582031,9657501
2016-04-27,94.1529541015625,105.0000228881836,105.2343978881836,103.5468978881836,103.5468978881836,4790110
2016-04-28,92.99286651611328,103.7062759399414,105.7500228881836,103.3125228881836,104.9062728881836,14505825
2016-04-29,93.20304107666016,103.9406509399414,104.4000244140625,102.8156509399414,104.0625228881836,6830286
2016-05-02,92.21946716308594,102.8437728881836,103.67814636230469,102.2437744140625,103.3125228881836,5296409
2016-05-03,91.43766784667969,101.9719009399414,103.0781478881836,101.0718994140625,102.9375228881836,9210403
2016-05-04,90.79035949707031,101.2500228881836,101.88752746582031,100.6875228881836,101.7187728881836,6997112
2016-05-05,91.31157684326172,101.8312759399414,102.2437744140625,100.6875228881836,101.0625228881836,5824718
2016-05-06,89.63026428222656,99.9562759399414,102.50627136230469,99.6750259399414,102.50627136230469,6870419
2016-05-09,90.62222290039062,101.0625228881836,101.2687759399414,99.6562728881836,99.92814636230469,5356158
2016-05-10,90.56339263916016,100.99690246582031,101.6437759399414,100.20939636230469,101.0156478881836,5211513
2016-05-11,90.42048645019531,100.8375244140625,101.14689636230469,99.9562759399414,100.20002746582031,3859455
2016-05-12,91.17707061767578,101.6812744140625,101.8593978881836,100.44377136230469,100.8750228881836,5328180
2016-05-13,90.73151397705078,101.18440246582031,101.75627136230469,100.6875228881836,101.75627136230469,4528516
2016-05-16,90.92486572265625,101.4000244140625,101.9062728881836,100.53752136230469,101.38127136230469,6225662
2016-05-17,90.81558227539062,101.27815246582031,101.70002746582031,100.8843994140625,101.6250228881836,6809208
2016-05-18,90.71470642089844,101.1656494140625,101.4094009399414,100.3125228881836,101.04377746582031,7621128
2016-05-19,91.28633117675781,101.80314636230469,101.99064636230469,100.7343978881836,101.2500228881836,6685262
2016-05-20,91.36200714111328,101.88752746582031,102.74064636230469,101.7187728881836,101.88752746582031,4706510
2016-05-23,90.76515197753906,101.2219009399414,102.08439636230469,100.9312744140625,102.0000228881836,4875689
2016-05-24,90.39525604248047,100.80940246582031,101.32502746582031,100.4156494140625,101.2219009399414,5286206
2016-05-25,91.8159408569336,102.3937759399414,102.55314636230469,101.0625228881836,101.2500228881836,6641075
2016-05-26,91.62260437011719,102.17814636230469,102.9000244140625,101.8125228881836,102.3937759399414,6586563
2016-05-27,91.6982650756836,102.26252746582031,103.3125228881836,101.8125228881836,101.84065246582031,6460681
2016-05-30,92.49687957763672,103.15315246582031,103.5937728881836,102.08439636230469,102.60002136230469,5706643
2016-05-31,91.7066650390625,102.27189636230469,103.5000228881836,101.8781509399414,103.3125228881836,11040471
2016-06-01,93.22824096679688,103.9687728881836,104.2125244140625,102.3000259399414,102.3000259399414,5452990
2016-06-02,90.85761260986328,101.32502746582031,104.80315399169922,100.20939636230469,104.2500228881836,13762753
2016-06-03,90.92486572265625,101.4000244140625,101.9062728881836,101.0625228881836,101.5312728881836,7088563
2016-06-06,89.9665298461914,100.3312759399414,101.60627746582031,100.01252746582031,101.4375228881836,10304205
2016-06-07,90.76515197753906,101.2219009399414,101.46565246582031,100.72502136230469,101.2500228881836,10313858
2016-06-08,91.56375122070312,102.1125259399414,102.1968994140625,101.2500228881836,101.4375228881836,8129181
2016-06-09,91.59738159179688,102.1500244140625,102.5812759399414,101.66252136230469,102.5812759399414,9430088
2016-06-10,91.6898422241211,102.2531509399414,102.59065246582031,101.8125228881836,102.0937728881836,6359182
2016-06-13,90.99210357666016,101.47502136230469,102.13127136230469,101.0344009399414,101.3625259399414,3480377
2016-06-14,91.31157684326172,101.8312759399414,102.0000228881836,101.2500228881836,101.47502136230469,5602446
2016-06-15,91.97566986083984,102.5718994140625,102.7031478881836,101.6812744140625,102.3375244140625,2263231
2016-06-16,92.45484924316406,103.10627746582031,103.3125228881836,101.5406494140625,102.31877136230469,3681988
2016-06-17,92.81633758544922,103.5093994140625,103.8750228881836,102.9375228881836,103.3687744140625,8613805
2016-06-20,93.656982421875,104.4468994140625,104.7844009399414,102.2062759399414,103.1250228881836,7409230
2016-06-21,94.32109832763672,105.1875228881836,105.5344009399414,103.76252746582031,104.56877899169922,5277033
2016-06-22,94.68256378173828,105.59065246582031,105.7500228881836,104.9062728881836,105.3843994140625,7391587
2016-06-23,94.7750473022461,105.69377899169922,105.9094009399414,104.8781509399414,105.5625228881836,3580004
2016-06-24,93.33753967285156,104.09065246582031,104.5781478881836,102.6187744140625,103.7343978881836,7210062
2016-06-27,92.13540649414062,102.7500228881836,104.05315399169922,102.60002136230469,104.05315399169922,5685011
2016-06-28,91.1938705444336,101.70002746582031,102.5156478881836,101.4843978881836,102.17814636230469,5295833
2016-06-29,93.23665618896484,103.9781494140625,104.4375228881836,101.6250228881836,102.07502746582031,4993854
2016-06-30,93.80830383300781,104.61565399169922,105.40315246582031,104.0718994140625,104.56877899169922,7785230
2016-07-01,93.96800994873047,104.79377746582031,105.9375228881836,104.4468994140625,104.9531478881836,2872943
2016-07-04,94.43879699707031,105.31877899169922,105.9375228881836,105.0000228881836,105.3750228881836,5305017
2016-07-05,94.9852066040039,105.92815399169922,106.6875228881836,104.2593994140625,105.30940246582031,4831470
2016-07-07,94.08572387695312,104.9250259399414,106.49065399169922,104.5406494140625,106.3125228881836,7614019
2016-07-08,94.43038177490234,105.30940246582031,105.64690399169922,104.0718994140625,104.9250259399414,4648377
2016-07-11,95.81150817871094,106.6594009399414,107.0625228881836,105.49690246582031,105.9375228881836,5509102
2016-07-12,96.13994598388672,107.0250244140625,107.23127746582031,105.9375228881836,106.2187728881836,3498900
2016-07-13,96.67050170898438,107.61565399169922,108.3375244140625,106.8375244140625,107.60627746582031,5638382
2016-07-14,96.10626983642578,106.9875259399414,107.61565399169922,106.0312728881836,106.7906494140625,2713977
2016-07-15,93.39453125,103.9687728881836,107.79377746582031,103.72502136230469,106.85627746582031,18280203
2016-07-18,92.96502685546875,103.49064636230469,103.86564636230469,102.1500244140625,103.7812728881836,8784787
2016-07-19,92.51026153564453,102.9843978881836,103.8281478881836,102.0000228881836,102.1875228881836,14877681
2016-07-20,90.75859832763672,101.0344009399414,101.4843978881836,97.1250228881836,97.1250228881836,50777299
2016-07-21,91.28915405273438,101.6250228881836,102.1500244140625,101.04377746582031,101.04377746582031,7703480
2016-07-22,90.57332611083984,100.8281478881836,101.4375228881836,100.3125228881836,101.2500228881836,7330024
2016-07-25,91.43233489990234,101.7844009399414,101.94377136230469,100.3125228881836,100.81877136230469,3908543
2016-07-26,91.9797134399414,102.3937759399414,103.2656478881836,101.42814636230469,101.6250228881836,8752205
2016-07-27,92.49342346191406,102.96565246582031,103.6406478881836,101.7281494140625,102.3937759399414,7535086
2016-07-28,93.27664184570312,103.8375244140625,104.3906478881836,102.0000228881836,102.6187744140625,6127465
2016-07-29,91.8028793334961,102.1968994140625,103.6875228881836,101.74690246582031,103.5562744140625,7435123
2016-08-01,93.93350219726562,104.56877899169922,105.3281478881836,102.1875228881836,102.1968994140625,12123703
2016-08-02,92.56922149658203,103.0500259399414,104.8125228881836,102.7500228881836,104.6250228881836,6216329
2016-08-03,92.29132080078125,102.74064636230469,104.09065246582031,102.5250244140625,102.7500228881836,7703918
2016-08-04,92.33342742919922,102.78752136230469,103.5000228881836,102.2531509399414,102.7125244140625,6132105
2016-08-05,92.16498565673828,102.60002136230469,103.5937728881836,102.3000259399414,102.36564636230469,3108623
2016-08-08,92.46817016601562,102.9375228881836,103.6594009399414,102.4218978881836,102.4218978881836,5468510
2016-08-09,92.8639907836914,103.3781509399414,103.5937728881836,102.4312744140625,102.69377136230469,4676916
2016-08-10,91.39864349365234,101.74690246582031,103.3125228881836,101.2593994140625,103.1250228881836,3369775
2016-08-11,91.45756530761719,101.8125228881836,102.6656494140625,101.2500228881836,101.41877746582031,2665604
2016-08-12,91.58390808105469,101.9531478881836,103.0312728881836,101.3437728881836,101.3437728881836,4163470
2016-08-16,90.36278533935547,100.5937728881836,102.3750228881836,100.2750244140625,101.9531478881836,4939065
2016-08-17,88.89744567871094,98.9625244140625,100.90315246582031,98.7375259399414,100.63127136230469,5300457
2016-08-18,88.44268035888672,98.4562759399414,99.3843994140625,98.10002136230469,99.36564636230469,4851732
2016-08-19,87.60054016113281,97.5187759399414,99.3375244140625,97.3218994140625,98.79377746582031,5503785
2016-08-22,86.82575988769531,96.6562728881836,97.5000228881836,96.4687728881836,97.1250228881836,5422857
2016-08-23,87.51631927490234,97.4250259399414,97.5937728881836,96.5625228881836,96.6093978881836,6156019
2016-08-24,87.52474975585938,97.43440246582031,97.8750228881836,96.9468994140625,97.5187759399414,5587134
2016-08-25,84.88880157470703,94.5000228881836,97.7343978881836,94.1718978881836,97.6875228881836,25798062
2016-08-26,82.53076934814453,91.8750228881836,94.8843994140625,91.5000228881836,94.5000228881836,17698571
2016-08-29,80.64437103271484,89.7750244140625,92.1656494140625,89.45626831054688,92.0625228881836,27176665
2016-08-30,82.43814849853516,91.77189636230469,91.95939636230469,89.65314483642578,89.79376983642578,24165572
2016-08-31,82.8086929321289,92.18439483642578,93.0000228881836,91.1718978881836,92.2125244140625,14992145
2016-09-01,81.51176452636719,90.74064636230469,91.81877136230469,90.2812728881836,91.81877136230469,10604872
2016-09-02,81.45282745361328,90.67501831054688,91.0406494140625,89.8687744140625,90.7500228881836,8611208
2016-09-06,81.33493041992188,90.54376983642578,91.01251983642578,90.0000228881836,90.9375228881836,8491053
2016-09-07,81.14122009277344,90.3281478881836,91.8281478881836,90.0093994140625,91.4625244140625,11453063
2016-09-08,79.82747650146484,88.86564636230469,89.93439483642578,88.16252136230469,89.4375228881836,11891858
2016-09-09,80.95596313476562,90.12189483642578,90.5625228881836,88.9312744140625,89.55001831054688,10113106
2016-09-12,80.91385650634766,90.07501983642578,90.63751983642578,88.52814483642578,89.0250244140625,10068429
2016-09-14,80.51805114746094,89.6343994140625,90.92814636230469,89.22189331054688,90.8437728881836,9826386
2016-09-15,80.58541870117188,89.70939636230469,89.9625244140625,88.9218978881836,89.9625244140625,9677981
2016-09-16,80.74542999267578,89.88751983642578,90.4312744140625,89.6250228881836,90.2437744140625,12324284
2016-09-19,80.83806610107422,89.99064636230469,90.36564636230469,89.28752136230469,90.0000228881836,11299922
2016-09-20,81.0233383178711,90.1968994140625,90.4687728881836,89.64376831054688,90.4687728881836,5829321
2016-09-21,81.49494171142578,90.72189331054688,90.8437728881836,90.0468978881836,90.55314636230469,8668616
2016-09-22,81.14122009277344,90.3281478881836,90.97502136230469,89.92501831054688,90.9375228881836,7633032
2016-09-23,80.88018798828125,90.03752136230469,90.69377136230469,89.8218994140625,90.6093978881836,12300882
2016-09-26,80.72859191894531,89.8687744140625,90.1875228881836,89.26876831054688,90.07501983642578,11939239
2016-09-27,81.55388641357422,90.78752136230469,90.9375228881836,89.8125228881836,90.06564331054688,9878285
2016-09-28,81.46968078613281,90.69377136230469,90.88127136230469,90.06564331054688,90.82501983642578,4245028
2016-09-29,79.53273010253906,88.53752136230469,90.74064636230469,88.1250228881836,90.69377136230469,26351076
2016-09-30,80.66963195800781,89.80314636230469,90.0000228881836,88.6875228881836,88.6875228881836,11216973
2016-10-03,80.66963195800781,89.80314636230469,90.01876831054688,88.9312744140625,90.0000228881836,5336686
2016-10-04,81.14966583251953,90.3375244140625,90.92814636230469,89.8125228881836,89.8125228881836,7095976
2016-10-05,80.77069091796875,89.9156494140625,90.59064483642578,89.37189483642578,90.3375244140625,7538366
2016-10-06,80.5096206665039,89.6250228881836,90.11251831054688,89.4468994140625,90.0000228881836,7396014
2016-10-07,80.33275604248047,89.42814636230469,89.94377136230469,89.17501831054688,89.6250228881836,5566297
2016-10-10,80.34119415283203,89.4375228881836,89.9531478881836,89.26876831054688,89.47502136230469,3538004
2016-10-13,80.5517349243164,89.6718978881836,89.8125228881836,88.95001983642578,89.4375228881836,7329358
2016-10-14,80.00432586669922,89.0625228881836,90.22502136230469,88.9312744140625,89.5875244140625,6884195
2016-10-17,79.5243148803711,88.52814483642578,89.18439483642578,88.42501831054688,89.0718994140625,8298392
2016-10-18,81.30965423583984,90.5156478881836,90.76876831054688,88.6875228881836,88.70626831054688,5801342
2016-10-19,83.3729248046875,92.8125228881836,93.16876983642578,90.7031478881836,90.9375228881836,12378636
2016-10-20,83.44031524658203,92.88751983642578,93.96564483642578,92.28752136230469,93.35626983642578,6252382
2016-10-21,84.08033752441406,93.60002136230469,93.9375228881836,92.4937744140625,93.7219009399414,10617160
2016-10-24,81.51176452636719,90.74064636230469,91.8750228881836,89.55001831054688,91.8750228881836,18579446
2016-10-25,81.08229064941406,90.26251983642578,90.86251831054688,89.85002136230469,90.7500228881836,18599248
2016-10-26,79.42324829101562,88.4156494140625,90.1406478881836,88.2281494140625,90.1406478881836,7329390
2016-10-27,77.76421356201172,86.56877136230469,88.80939483642578,86.2500228881836,88.3687744140625,10042829
2016-10-28,77.83158874511719,86.64376831054688,87.45001983642578,85.14376831054688,86.56877136230469,12320247
2016-11-01,77.60420227050781,86.3906478881836,87.45939636230469,86.2500228881836,87.1968994140625,3786724
2016-11-02,77.12417602539062,85.85626983642578,86.40939331054688,84.82501983642578,85.81877136230469,7523630
2016-11-03,75.38933563232422,83.92501831054688,86.24064636230469,83.63439178466797,85.8750228881836,8053976
2016-11-04,76.21466064453125,84.8437728881836,85.0781478881836,83.28752136230469,83.9531478881836,6547449
2016-11-07,75.79357147216797,84.3750228881836,85.39689636230469,84.08439636230469,85.3125228881836,7134574
2016-11-08,76.08834075927734,84.7031478881836,85.48126983642578,83.70939636230469,84.9375228881836,6916238
2016-11-09,75.27144622802734,83.79376983642578,84.45939636230469,76.51876831054688,79.68751525878906,11558738
2016-11-10,74.94300842285156,83.42814636230469,84.63751983642578,82.51876831054688,84.59064483642578,8316376
2016-11-11,74.50508880615234,82.94064331054688,83.27814483642578,81.38439178466797,82.85626983642578,10485629
2016-11-15,75.44830322265625,83.99064636230469,84.63751983642578,82.41564178466797,82.7812728881836,37705734
2016-11-16,75.001953125,83.49376678466797,85.2187728881836,82.89376831054688,84.1875228881836,8829107
2016-11-17,73.83979034423828,82.20001983642578,83.42814636230469,81.33751678466797,83.08126831054688,11076418
2016-11-18,73.62923431396484,81.96564483642578,82.8750228881836,81.11251831054688,82.49064636230469,5763107
2016-11-21,74.41244506835938,82.83751678466797,83.2031478881836,81.97502136230469,82.0312728881836,8909576
2016-11-22,75.86095428466797,84.45001983642578,84.9375228881836,82.33126831054688,82.8750228881836,5891539
2016-11-23,75.60830688476562,84.16876983642578,84.72189331054688,82.89376831054688,84.45001983642578,6756803
2016-11-24,75.9198989868164,84.5156478881836,85.29376983642578,83.73751831054688,84.08439636230469,7374200
2016-11-25,78.2779312133789,87.1406478881836,87.5625228881836,84.5625228881836,84.9375228881836,6822590
2016-11-28,77.57892608642578,86.36251831054688,87.7500228881836,85.42501831054688,87.7500228881836,6135518
2016-11-29,78.34528350830078,87.21564483642578,87.4687728881836,86.3437728881836,86.51251983642578,3333673
2016-11-30,78.36215209960938,87.2343978881836,88.30314636230469,86.6250228881836,87.1875228881836,11587709
2016-12-01,78.8758544921875,87.8062744140625,88.30314636230469,87.0468978881836,88.06877136230469,3302127
2016-12-02,77.54525756835938,86.32501983642578,88.3125228881836,85.9687728881836,88.2187728881836,4041268
2016-12-05,76.91363525390625,85.62189483642578,86.2500228881836,84.9468994140625,86.2500228881836,3176116
2016-12-06,77.10734558105469,85.8375244140625,86.78439331054688,85.48126983642578,85.5000228881836,3357785
2016-12-07,76.35782623291016,85.00314331054688,86.2031478881836,84.7500228881836,85.95001983642578,3144911
2016-12-08,77.24208068847656,85.98751831054688,86.14689636230469,85.14376831054688,85.3125228881836,5596430
2016-12-09,77.15785217285156,85.89376831054688,86.47502136230469,85.5937728881836,85.89376831054688,5430270
2016-12-12,76.3915023803711,85.0406494140625,85.48126983642578,84.6562728881836,85.3125228881836,3831332
2016-12-13,78.10950469970703,86.9531478881836,87.0093994140625,85.3218994140625,85.5937728881836,6269049
2016-12-14,78.53898620605469,87.4312744140625,87.81564331054688,86.8593978881836,87.02814483642578,5507907
2016-12-15,78.50530242919922,87.39376831054688,88.48126983642578,86.36251831054688,86.36251831054688,5511310
2016-12-16,78.06739807128906,86.9062728881836,88.15314483642578,86.24064636230469,87.4312744140625,8818851
2016-12-19,78.07579803466797,86.9156494140625,87.4687728881836,86.70939636230469,86.7656478881836,4144553
2016-12-20,78.59793853759766,87.49689483642578,88.10626983642578,86.55939483642578,87.54376983642578,4334313
2016-12-21,77.89053344726562,86.70939636230469,88.2187728881836,86.47502136230469,87.8437728881836,5486622
2016-12-22,77.76421356201172,86.56877136230469,87.41252136230469,86.1187744140625,86.73751831054688,4312617
2016-12-23,77.26734161376953,86.0156478881836,87.1875228881836,85.38751983642578,87.12189483642578,3585124
2016-12-26,76.82097625732422,85.51876831054688,86.3437728881836,84.9937744140625,85.95001983642578,3316809
2016-12-27,78.35369873046875,87.22502136230469,87.3750228881836,85.14376831054688,85.3125228881836,2952121
2016-12-28,79.05270385742188,88.00314331054688,89.14689636230469,87.1968994140625,87.3750228881836,6353966
2016-12-29,79.55797576904297,88.56564331054688,89.4375228881836,87.0093994140625,87.9375228881836,10907890
2016-12-30,79.91170501708984,88.95939636230469,89.3437728881836,88.3218994140625,88.80939483642578,2779631
2017-01-02,79.42324829101562,88.4156494140625,89.70001983642578,88.2187728881836,89.0718994140625,2460948
2017-01-03,78.65689086914062,87.5625228881836,88.89376831054688,87.31877136230469,88.6875228881836,3686937
2017-01-04,80.10540008544922,89.17501831054688,89.55001831054688,87.39376831054688,87.5625228881836,6050638
2017-01-05,80.91385650634766,90.07501983642578,91.10626983642578,89.45626831054688,89.45626831054688,5216996
2017-01-06,79.15377044677734,88.11564636230469,90.01876831054688,87.9375228881836,89.7187728881836,8381720
2017-01-09,79.4990463256836,88.5000228881836,88.95939636230469,86.5875244140625,87.9375228881836,3922249
2017-01-10,80.2569808959961,89.3437728881836,89.78439331054688,88.3593978881836,88.61251831054688,3528383
2017-01-11,80.20645141601562,89.28752136230469,90.2812728881836,89.0625228881836,89.60626983642578,4507028
2017-01-12,81.38546752929688,90.60002136230469,90.7968978881836,88.9218978881836,89.2500228881836,3741476
2017-01-13,81.62968444824219,90.87189483642578,91.20939636230469,90.06564331054688,90.95626831054688,4322788
2017-01-16,81.64652252197266,90.8906478881836,91.44377136230469,89.9625244140625,90.54376983642578,3227332
2017-01-17,81.25071716308594,90.45001983642578,91.44377136230469,90.0937728881836,91.00314331054688,2948943
2017-01-18,81.3433609008789,90.55314636230469,91.3125228881836,90.0000228881836,90.45001983642578,2863620
2017-01-19,80.67803955078125,89.8125228881836,90.83439636230469,89.1093978881836,90.63751983642578,4785278
2017-01-20,80.4927749633789,89.60626983642578,89.9625244140625,89.0625228881836,89.3531494140625,4077220
2017-01-23,80.80437469482422,89.9531478881836,90.8062744140625,88.4531478881836,88.6031494140625,6108473
2017-01-24,81.09913635253906,90.2812728881836,90.5625228881836,89.2500228881836,90.49689483642578,3921167
2017-01-25,79.78536987304688,88.81877136230469,90.7500228881836,88.35002136230469,90.3750228881836,10906509
2017-01-27,78.41265869140625,87.2906494140625,88.81877136230469,87.0562744140625,88.0312728881836,10272157
2017-01-30,78.44634246826172,87.3281478881836,87.7500228881836,85.7812728881836,87.0000228881836,9853933
2017-01-31,77.14100646972656,85.8750228881836,87.3375244140625,83.50314331054688,87.3375244140625,14628407
2017-02-01,76.80415344238281,85.5000228881836,86.4375228881836,84.3750228881836,86.4375228881836,8750755
2017-02-02,77.08330535888672,85.43439483642578,85.86564636230469,83.64376831054688,85.5000228881836,8171731
2017-02-03,77.43856048583984,85.8281478881836,86.17501831054688,85.14376831054688,85.5000228881836,4682452
2017-02-06,78.0052719116211,86.45626831054688,86.7750244140625,85.2187728881836,85.99689483642578,6599518
2017-02-07,77.57389831542969,85.9781494140625,86.6250228881836,85.4156494140625,86.6250228881836,4459769
2017-02-08,77.90379333496094,86.3437728881836,87.21564483642578,85.70626831054688,85.94064331054688,7007704
2017-02-09,78.83422088623047,87.3750228881836,87.53439331054688,85.75314331054688,85.9312744140625,5274137
2017-02-10,79.384033203125,87.9843978881836,88.53752136230469,87.07501983642578,87.62814331054688,4093449
2017-02-13,80.26373291015625,88.95939636230469,89.2500228881836,87.6093978881836,87.7500228881836,4523470
2017-02-14,80.64436340332031,89.38127136230469,89.56877136230469,88.53752136230469,89.46564483642578,4619060
2017-02-15,80.30602264404297,89.00627136230469,89.8687744140625,87.86251831054688,89.3531494140625,5640489
2017-02-16,81.33798217773438,90.1500244140625,90.35626983642578,88.6875228881836,88.6875228881836,5667011
2017-02-17,80.4159927368164,89.12814331054688,90.68439483642578,88.8843994140625,90.3750228881836,4210692
2017-02-20,80.46672821044922,89.18439483642578,89.51251983642578,88.6968994140625,89.0625228881836,3054543
2017-02-21,80.49211120605469,89.2125244140625,90.1406478881836,88.90314483642578,89.0625228881836,6829411
2017-02-22,80.27217864990234,88.9687728881836,89.5406494140625,88.16252136230469,89.08126831054688,5558777
2017-02-23,82.23458099365234,91.14376831054688,91.7343978881836,88.4156494140625,88.9687728881836,8693864
2017-02-27,82.85206604003906,91.8281478881836,92.3625259399414,89.93439483642578,90.0000228881836,7528200
2017-02-28,82.69134521484375,91.6500244140625,92.28752136230469,91.3218994140625,91.8750228881836,5401139
2017-03-01,82.6490707397461,91.6031494140625,92.84064483642578,91.0875244140625,91.5000228881836,5426302
2017-03-02,82.92819213867188,91.91252136230469,92.89689636230469,91.51876831054688,92.6250228881836,5423075
2017-03-03,83.5456771850586,92.5969009399414,92.93439483642578,91.35002136230469,92.0250244140625,3947295
2017-03-06,83.21578216552734,92.23126983642578,92.37189483642578,91.61251831054688,92.1187744140625,3143300
2017-03-07,83.76558685302734,92.84064483642578,93.6750259399414,92.23126983642578,92.5312728881836,8801080
2017-03-08,83.75713348388672,92.8312759399414,93.03752136230469,91.7437744140625,92.74689483642578,3064671
2017-03-09,81.96391296386719,90.8437728881836,92.4375228881836,90.62814331054688,92.4375228881836,3759439
2017-03-10,82.39530181884766,91.3218994140625,91.67814636230469,90.67501831054688,90.95626831054688,2914404
2017-03-14,84.8144760131836,94.0031509399414,94.6125259399414,91.76251983642578,91.8750228881836,6553246
2017-03-15,83.7063980102539,92.7750244140625,94.85626983642578,92.32501983642578,94.81877136230469,9607608
2017-03-16,84.67911529541016,93.8531494140625,94.29376983642578,92.8125228881836,93.2437744140625,8848888
2017-03-17,85.3050765991211,94.5468978881836,95.0625228881836,93.55314636230469,94.5000228881836,8875816
2017-03-20,84.16313934326172,93.2812728881836,94.5468978881836,92.85002136230469,94.5000228881836,3751881
2017-03-21,84.35769653320312,93.49689483642578,94.1250228881836,92.4562759399414,92.4562759399414,5951390
2017-03-22,84.67911529541016,93.8531494140625,94.38751983642578,92.2500228881836,92.5312728881836,10620082
2017-03-23,86.2778091430664,95.6250228881836,96.0000228881836,93.91876983642578,94.3125228881836,14922870
2017-03-24,86.82760620117188,96.2343978881836,96.3750228881836,95.52189636230469,95.52189636230469,8062056
2017-03-27,85.26275634765625,94.5000228881836,96.08439636230469,94.2750244140625,95.3156509399414,5232713
2017-03-28,85.86331939697266,95.1656494140625,95.8125228881836,94.25627136230469,94.6875228881836,3323252
2017-03-29,86.658447265625,96.0468978881836,96.35627746582031,94.16252136230469,95.33439636230469,5380707
2017-03-30,87.28437805175781,96.74064636230469,97.25627136230469,94.95001983642578,95.7656478881836,14290321
2017-03-31,87.24208068847656,96.69377136230469,97.05940246582031,95.5875244140625,96.03752136230469,8061645
2017-04-03,85.7872085571289,95.0812759399414,96.8437728881836,94.80939483642578,96.83439636230469,4160286
2017-04-05,86.38776397705078,95.74689483642578,96.0000228881836,94.1437759399414,94.8750228881836,6502814
2017-04-06,87.07290649414062,96.50627136230469,96.6656494140625,94.95939636230469,95.0812759399414,7980291
2017-04-07,86.5992202758789,95.98126983642578,96.2812728881836,95.41876983642578,96.26252746582031,12196978
2017-04-10,85.33042907714844,94.57501983642578,97.0875244140625,94.2187728881836,96.55314636230469,13798807
2017-04-11,86.30317687988281,95.65314483642578,95.88751983642578,93.78752136230469,94.4625244140625,6303993
2017-04-12,84.71295928955078,93.8906478881836,95.5969009399414,93.6187744140625,95.56877136230469,7258323
2017-04-13,83.8078842163086,92.88751983642578,94.49064636230469,92.3062744140625,93.8906478881836,9674765
2017-04-17,83.28346252441406,92.3062744140625,92.9531478881836,91.89376831054688,92.9531478881836,7798259
2017-04-18,83.57106018066406,92.6250228881836,93.3281478881836,91.98751831054688,92.0625228881836,6285310
2017-04-19,84.2900161743164,93.4218978881836,93.6656494140625,91.9312744140625,93.2812728881836,6543459
2017-04-20,84.5438003540039,93.7031478881836,94.7062759399414,93.0093994140625,93.3750228881836,5025646
2017-04-21,83.10581970214844,92.1093978881836,94.38751983642578,90.5625228881836,93.7500228881836,8445800
2017-04-24,83.15657806396484,92.1656494140625,92.8125228881836,90.86251831054688,91.38751983642578,6887352
2017-04-25,83.62178802490234,92.6812744140625,93.7500228881836,91.71564483642578,92.5312728881836,11770706
2017-04-26,83.03816223144531,92.0344009399414,96.0937728881836,91.61251831054688,94.3125228881836,60514032
2017-04-27,83.9178466796875,93.0093994140625,93.40314483642578,91.57501983642578,92.60626983642578,19864101
2017-04-28,83.61332702636719,92.6718978881836,93.31877136230469,91.8843994140625,93.1875228881836,12086663
2017-05-02,83.72329711914062,92.79376983642578,93.36564636230469,92.5500259399414,93.02814483642578,5568494
2017-05-03,83.98551177978516,93.08439636230469,93.69377136230469,92.6718978881836,93.3937759399414,4065380
2017-05-04,84.5776138305664,93.74064636230469,93.9937744140625,92.60626983642578,93.21564483642578,4048926
2017-05-05,84.4676513671875,93.6187744140625,93.9375228881836,93.0656509399414,93.69377136230469,2722905
2017-05-08,84.97517395019531,94.1812744140625,94.5562744140625,93.0187759399414,93.7500228881836,5002041
2017-05-09,86.09170532226562,95.41876983642578,95.5781478881836,93.8531494140625,94.5000228881836,7581832
2017-05-10,84.5268783569336,93.68439483642578,95.65314483642578,93.49689483642578,95.13751983642578,4459065
2017-05-11,85.37271881103516,94.62189483642578,94.8281478881836,93.82501983642578,94.2844009399414,3393796
2017-05-12,85.77873229980469,95.0718994140625,95.2125244140625,94.53752136230469,94.80939483642578,6031102
2017-05-15,85.65187072753906,94.9312744140625,95.6250228881836,94.05939483642578,95.6250228881836,3549668
2017-05-16,87.18287658691406,96.6281509399414,96.78752136230469,94.7812728881836,94.7812728881836,7146846
2017-05-17,86.370849609375,95.7281494140625,97.0312728881836,95.2500228881836,96.9375228881836,7362627
2017-05-18,88.883056640625,98.51252746582031,98.9719009399414,94.8375244140625,95.05314636230469,17123643
2017-05-19,87.92723846435547,97.4531478881836,98.9719009399414,97.1343994140625,98.8125228881836,5097614
2017-05-22,88.17253112792969,97.72502136230469,98.1281509399414,94.9781494140625,97.81877136230469,5733070
2017-05-23,89.0522232055664,98.70002746582031,99.1875228881836,97.53752136230469,97.8750228881836,8735341
2017-05-24,88.81538391113281,98.4375228881836,99.78752136230469,97.4719009399414,98.94377136230469,6636990
2017-05-25,90.75241088867188,100.58439636230469,101.00627136230469,98.55940246582031,98.55940246582031,20100101
2017-05-26,91.18377685546875,101.0625228881836,102.16877746582031,99.6750259399414,100.1250228881836,7765843
2017-05-29,90.43944549560547,100.2375259399414,101.0718994140625,99.3750228881836,101.0625228881836,3166943
2017-05-30,90.70166015625,100.52815246582031,101.2500228881836,99.26252746582031,99.3750228881836,6637379
2017-05-31,90.5916976928711,100.4062728881836,101.2500228881836,99.9375228881836,100.7906494140625,15642998
2017-06-01,91.54751586914062,101.46565246582031,102.1875228881836,100.2375259399414,100.39689636230469,4250820
2017-06-02,93.3238296508789,103.43440246582031,103.85627746582031,101.4000244140625,101.8218994140625,6428073
2017-06-05,93.98359680175781,104.1656494140625,104.60627746582031,102.4781494140625,103.4156494140625,9633970
2017-06-06,94.8294448852539,105.1031494140625,106.5000228881836,103.4156494140625,104.2500228881836,11049943
2017-06-07,92.94318389892578,103.01252746582031,105.2812728881836,100.3593978881836,105.03752899169922,13762215
2017-06-08,92.35108184814453,102.35627746582031,103.6875228881836,101.55940246582031,103.10627746582031,8001795
2017-06-09,90.83699035644531,100.67814636230469,102.0093994140625,99.6750259399414,102.0093994140625,9384610
2017-06-12,89.04376983642578,98.6906509399414,100.4250259399414,97.62190246582031,100.4250259399414,12396076
2017-06-13,87.63116455078125,97.1250228881836,100.01252746582031,96.2812728881836,97.5000228881836,8946043
2017-06-14,86.64997863769531,96.03752136230469,97.9875259399414,94.6125259399414,97.9875259399414,8080517
2017-06-15,88.25711822509766,97.81877136230469,98.2125244140625,95.6437759399414,97.5000228881836,8317803
2017-06-16,86.3624038696289,95.7187728881836,98.66252136230469,94.8000259399414,97.53752136230469,8030288
2017-06-19,86.12554931640625,95.4562759399414,96.7125244140625,95.00627136230469,96.0000228881836,3891671
2017-06-20,86.02404022216797,95.3437728881836,96.13127136230469,95.0625228881836,95.6250228881836,2063458
2017-06-21,86.58232116699219,95.9625244140625,96.1875228881836,94.5000228881836,95.3437728881836,4895705
2017-06-22,86.29471588134766,95.6437759399414,97.06877136230469,94.95001983642578,96.0000228881836,3843239
2017-06-23,86.90374755859375,96.31877136230469,97.4625244140625,94.8750228881836,95.2500228881836,6051953
2017-06-27,86.80223083496094,96.2062759399414,96.7687759399414,95.04376983642578,95.8125228881836,9540496
2017-06-28,87.42816925048828,96.9000244140625,97.2750244140625,95.3437728881836,96.7500228881836,4448070
2017-06-29,87.73268127441406,97.2375259399414,97.8375244140625,96.0187759399414,97.5000228881836,12944967
2017-06-30,87.41126251220703,96.88127136230469,97.81877136230469,96.07502746582031,96.3000259399414,7242552
2017-07-03,87.83417510986328,97.35002136230469,97.6500244140625,94.5000228881836,97.5000228881836,5572713
2017-07-04,87.96952056884766,97.5000228881836,97.85627746582031,95.6250228881836,96.7500228881836,5868339
2017-07-05,87.22516632080078,96.6750259399414,97.6500244140625,96.16877746582031,97.5000228881836,5030668
2017-07-06,87.20824432373047,96.6562728881836,97.5187759399414,95.94377136230469,96.6750259399414,4398852
2017-07-07,87.19134521484375,96.63752746582031,96.8437728881836,95.6250228881836,95.66252136230469,3889807
2017-07-10,90.76085662841797,100.5937728881836,100.85627746582031,97.5937728881836,97.5937728881836,1769468
2017-07-11,89.0522232055664,98.70002746582031,102.5625228881836,98.28752136230469,99.82502746582031,10827743
2017-07-12,89.25523376464844,98.9250259399414,99.6750259399414,97.9875259399414,98.88752746582031,3170908
2017-07-13,89.33981323242188,99.0187759399414,99.69377136230469,98.04377746582031,98.9625244140625,4331508
2017-07-14,87.91876220703125,97.44377136230469,99.35627746582031,97.1250228881836,99.0562744140625,6545345
2017-07-17,90.28717803955078,100.06877136230469,102.7500228881836,99.2062759399414,99.9000244140625,20717986
2017-07-18,91.01463317871094,100.8750228881836,102.2437744140625,99.9375228881836,100.2375259399414,7342675
2017-07-19,91.72515106201172,101.66252136230469,102.0187759399414,100.2375259399414,101.2500228881836,7928152
2017-07-20,91.06537628173828,100.9312744140625,102.8437728881836,100.5937728881836,101.5312728881836,7137662
2017-07-21,96.78338623046875,107.2687759399414,109.0875244140625,105.0937728881836,106.4625244140625,43712663
2017-07-24,98.64427185058594,109.3312759399414,110.06253051757812,108.46878051757812,108.82502746582031,17479614
2017-07-25,97.96759033203125,108.5812759399414,109.85627746582031,108.37503051757812,109.81877899169922,8993269
2017-07-26,97.89993286132812,108.50627899169922,109.31253051757812,107.9250259399414,108.75003051757812,7921576
2017-07-27,98.01835632324219,108.63752746582031,109.96878051757812,107.7187728881836,108.75003051757812,15748342
2017-07-28,97.79842376708984,108.3937759399414,109.06877899169922,107.9625244140625,108.75003051757812,6488043
2017-07-31,97.59542846679688,108.16877746582031,108.93753051757812,107.7750244140625,108.75003051757812,6801080
2017-08-01,99.74390411376953,110.5500259399414,110.98127746582031,108.37503051757812,108.37503051757812,10760455
2017-08-02,99.40555572509766,110.1750259399414,111.63752746582031,109.87503051757812,110.25003051757812,6469635
2017-08-03,97.81534576416016,108.41252899169922,110.7750244140625,108.22502899169922,110.51252746582031,9722197
2017-08-04,97.91683959960938,108.5250244140625,109.95002746582031,108.37503051757812,108.6750259399414,6796056
2017-08-07,97.35857391357422,107.9062728881836,108.7125244140625,107.66252899169922,108.60002899169922,3921329
2017-08-08,97.24015808105469,107.7750244140625,109.3312759399414,106.8375244140625,109.2375259399414,7279766
2017-08-09,96.93565368652344,107.4375228881836,108.2062759399414,107.2125244140625,107.66252899169922,2906265
2017-08-10,97.49391174316406,108.0562744140625,108.54377746582031,107.1562728881836,107.2500228881836,7222248
2017-08-11,98.01835632324219,108.63752746582031,110.4562759399414,107.88752746582031,108.00003051757812,9466389
2017-08-14,97.61234283447266,108.18753051757812,109.0875244140625,107.7187728881836,108.7687759399414,4292153
2017-08-16,98.10294342041016,108.73127746582031,108.78752899169922,108.00003051757812,108.5250244140625,5363422
2017-08-17,97.56158447265625,108.13127899169922,109.12503051757812,108.00003051757812,109.0875244140625,7032915
2017-08-18,97.47700500488281,108.03752899169922,109.12503051757812,107.9625244140625,108.0187759399414,7948899
2017-08-21,97.34165954589844,107.88752746582031,109.20002746582031,107.7375259399414,108.50627899169922,7613358
2017-08-22,98.20442962646484,108.84378051757812,109.87503051757812,108.3375244140625,108.93753051757812,7238720
2017-08-23,98.11986541748047,108.75003051757812,109.4250259399414,108.60002899169922,109.16252899169922,6223409
2017-08-24,97.91683959960938,108.5250244140625,109.12503051757812,108.3000259399414,108.91877746582031,7413579
2017-08-28,98.35669708251953,109.01252746582031,109.4250259399414,108.63752746582031,108.75003051757812,5715785
2017-08-29,98.37361145019531,109.03128051757812,109.50003051757812,108.78752899169922,109.0500259399414,4691806
2017-08-30,98.52587127685547,109.20002746582031,109.50003051757812,108.97502899169922,109.29377746582031,4899684
2017-08-31,101.19879150390625,112.16252899169922,112.68753051757812,110.28752899169922,110.62503051757812,27585715
2017-09-01,100.30216979980469,111.16877746582031,111.8625259399414,110.9250259399414,111.75003051757812,8535629
2017-09-04,100.58976745605469,111.4875259399414,111.75003051757812,110.88752746582031,111.35627746582031,8020043
2017-09-05,100.5728530883789,111.46878051757812,111.9000244140625,111.1500244140625,111.5250244140625,7789014
2017-09-06,100.55592346191406,111.45002746582031,111.7125244140625,111.03752899169922,111.37503051757812,8243296
2017-09-07,101.1480484008789,112.10627746582031,112.4625244140625,111.56253051757812,111.75003051757812,8910077
2017-09-08,101.67247009277344,112.68753051757812,113.13752746582031,111.93753051757812,112.50003051757812,12046586
2017-09-11,101.89238739013672,112.9312744140625,113.7750244140625,112.59378051757812,113.0250244140625,14275591
2017-09-12,100.86044311523438,111.78752899169922,113.5875244140625,111.56253051757812,113.28752899169922,20911485
2017-09-13,100.1160888671875,110.9625244140625,112.38752746582031,110.7375259399414,111.78752899169922,17684075
2017-09-14,95.9037094116211,106.29377746582031,108.3375244140625,105.45002746582031,105.5625228881836,15503769
2017-09-15,96.681884765625,107.1562728881836,107.7187728881836,105.6187744140625,107.6250228881836,15001278
2017-09-18,97.88300323486328,108.4875259399414,108.75003051757812,106.3125228881836,106.3125228881836,4860657
2017-09-19,97.86609649658203,108.46878051757812,109.29377746582031,107.8125228881836,108.4875259399414,4557233
2017-09-20,98.76270294189453,109.4625244140625,109.5562744140625,107.3437728881836,108.31877899169922,5712945
2017-09-21,98.76270294189453,109.4625244140625,109.8375244140625,108.63752746582031,108.97502899169922,4954436
2017-09-22,99.6254653930664,110.41877746582031,110.60627746582031,108.91877746582031,108.9937744140625,8097163
2017-09-25,98.76270294189453,109.4625244140625,110.4562759399414,108.78752899169922,109.95002746582031,3578780
2017-09-26,98.20442962646484,108.84378051757812,109.6125259399414,108.3937759399414,109.12503051757812,4138670
2017-09-27,97.54466247558594,108.1125259399414,109.0500259399414,107.7375259399414,108.9937744140625,6102854
2017-09-28,96.7326431274414,107.2125244140625,108.84378051757812,106.8375244140625,108.6187744140625,10644440
2017-09-29,94.82101440429688,105.0937728881836,107.9625244140625,104.70002746582031,107.7187728881836,4236150
2017-10-03,95.7345199584961,106.10627746582031,107.1187744140625,105.0937728881836,105.5250244140625,3430145
2017-10-04,95.66685485839844,106.0312728881836,107.3437728881836,105.60002899169922,106.0875244140625,2334927
2017-10-05,95.9544448852539,106.35002899169922,106.8750228881836,105.73127746582031,106.35002899169922,1547076
2017-10-06,96.96949005126953,107.47502899169922,107.6250228881836,106.4062728881836,106.8750228881836,3982263
2017-10-09,97.03715515136719,107.5500259399414,107.7375259399414,106.7062759399414,107.23127746582031,1350306
2017-10-10,97.10481262207031,107.6250228881836,108.1125259399414,106.8750228881836,107.5500259399414,2435394
2017-10-11,98.33977508544922,108.9937744140625,109.44377899169922,107.32502746582031,107.60627746582031,5113769
2017-10-12,99.2871322631836,110.04377746582031,110.62503051757812,108.7125244140625,109.12503051757812,4607998
2017-10-13,98.76270294189453,109.4625244140625,110.90628051757812,109.0500259399414,110.4562759399414,4222649
2017-10-16,98.35669708251953,109.01252746582031,109.66877746582031,107.7187728881836,109.4625244140625,6938446
2017-10-17,98.06910705566406,108.69377899169922,109.7437744140625,107.3062744140625,109.50003051757812,9840952
2017-10-18,99.72699737548828,110.53128051757812,112.16252899169922,108.60002899169922,108.60002899169922,14532324
2017-10-19,98.81346130371094,109.5187759399414,110.5500259399414,109.16252899169922,110.5500259399414,739517
2017-10-23,100.45442199707031,111.3375244140625,111.5250244140625,109.6125259399414,109.76252746582031,7465974
2017-10-24,100.42059326171875,111.3000259399414,112.0875244140625,110.66252899169922,111.16877746582031,3978687
2017-10-25,101.13111114501953,112.0875244140625,113.19377899169922,111.00003051757812,111.4875259399414,4602841
2017-10-26,102.28148651123047,113.3625259399414,113.98127746582031,111.4312744140625,111.6750259399414,10070656
2017-10-27,100.47134399414062,111.35627746582031,112.48127746582031,110.62503051757812,112.2750244140625,3277807
2017-10-30,99.21947479248047,109.96878051757812,111.1125259399414,109.5187759399414,111.1125259399414,3809919
2017-10-31,99.49015045166016,110.2687759399414,111.16877746582031,109.76252746582031,109.96878051757812,2886132
2017-11-01,99.32098388671875,110.0812759399414,111.2437744140625,109.8937759399414,111.00003051757812,2277490
2017-11-02,99.21947479248047,109.96878051757812,110.88752746582031,109.85627746582031,110.06253051757812,2564335
2017-11-03,99.65933227539062,110.4562759399414,110.94377899169922,110.10002899169922,110.15628051757812,2107524
2017-11-06,101.45252990722656,112.44377899169922,112.87503051757812,110.04377746582031,110.2125244140625,3876529
2017-11-07,102.26457214355469,113.34378051757812,115.78128051757812,111.84378051757812,112.44377899169922,15161185
2017-11-08,102.31532287597656,113.4000244140625,114.97502899169922,112.8937759399414,113.90628051757812,5255548
2017-11-09,102.34915924072266,113.43753051757812,114.16877746582031,112.35002899169922,113.62503051757812,2553036
2017-11-10,102.39990234375,113.4937744140625,114.00003051757812,111.84378051757812,113.4562759399414,4214004
2017-11-13,101.02961730957031,111.97502899169922,114.1500244140625,111.7687759399414,112.6125259399414,2073570
2017-11-14,100.99577331542969,111.93753051757812,112.5562744140625,110.79377746582031,112.4250259399414,3545721
2017-11-15,100.319091796875,111.18753051757812,112.40628051757812,110.28752899169922,111.93753051757812,3918684
2017-11-16,100.70817565917969,111.6187744140625,112.1812744140625,110.51252746582031,111.75003051757812,4846150
2017-11-17,99.8623275756836,110.6812744140625,112.06877899169922,110.43753051757812,111.82502746582031,4640212
2017-11-20,99.5916519165039,110.38127899169922,111.3375244140625,109.6500244140625,110.66252899169922,5142518
2017-11-21,99.47322845458984,110.25003051757812,111.75003051757812,109.9312744140625,111.4312744140625,5494382
2017-11-22,99.5747299194336,110.3625259399414,110.88752746582031,109.87503051757812,110.88752746582031,3391791
2017-11-23,99.32098388671875,110.0812759399414,110.70002746582031,109.91252899169922,110.70002746582031,1803850
2017-11-24,99.03339385986328,109.76252746582031,110.4000244140625,109.12503051757812,110.4000244140625,4289313
2017-11-27,99.74390411376953,110.5500259399414,110.75627899169922,109.12503051757812,109.21878051757812,2796903
2017-11-28,99.76083374023438,110.56877899169922,110.9625244140625,109.9875259399414,110.62503051757812,4009460
2017-11-29,101.04651641845703,111.9937744140625,112.20002746582031,110.06253051757812,110.62503051757812,6735475
2017-11-30,98.76270294189453,109.4625244140625,112.66877746582031,108.50627899169922,112.25627899169922,18265488
2017-12-01,97.91683959960938,108.5250244140625,110.19377899169922,108.0187759399414,109.50003051757812,3808745
2017-12-04,98.10294342041016,108.73127746582031,109.16252899169922,106.0312728881836,107.60627746582031,8790643
2017-12-05,95.9037094116211,106.29377746582031,108.22502899169922,106.01252746582031,108.22502899169922,4956230
2017-12-06,95.58226776123047,105.9375228881836,106.66877746582031,105.22502899169922,106.2375259399414,5759926
2017-12-07,95.14241790771484,105.45002746582031,106.7812728881836,105.0000228881836,106.3312759399414,6731998
2017-12-08,95.71759033203125,106.0875244140625,107.2500228881836,105.60002899169922,106.01252746582031,4843796
2017-12-11,97.91683959960938,108.5250244140625,108.75003051757812,106.57502746582031,106.57502746582031,4125876
2017-12-12,97.37548828125,107.9250259399414,109.25627899169922,106.95002746582031,108.93753051757812,3314548
2017-12-13,97.1724853515625,107.70002746582031,108.54377746582031,106.9687728881836,108.1500244140625,2911417
2017-12-14,97.64617156982422,108.22502899169922,108.93753051757812,105.88127899169922,108.1500244140625,3375145
2017-12-15,98.01835632324219,108.63752746582031,109.03128051757812,107.51252746582031,108.22502899169922,4930972
2017-12-18,100.0822525024414,110.9250259399414,111.65628051757812,106.5937728881836,107.6250228881836,6890507
2017-12-19,98.93186950683594,109.6500244140625,111.35627746582031,108.9562759399414,110.62503051757812,10183834
2017-12-20,100.319091796875,111.18753051757812,111.93753051757812,109.6500244140625,110.56877899169922,7081611
2017-12-21,100.74201965332031,111.65628051757812,112.12503051757812,110.4000244140625,110.9250259399414,3711281
2017-12-22,102.04463195800781,113.10002899169922,113.7750244140625,111.0187759399414,111.75003051757812,4689556
2017-12-26,102.48448181152344,113.5875244140625,115.12503051757812,111.8062744140625,112.96878051757812,4948094
2017-12-27,103.73637390136719,114.97502899169922,115.50003051757812,112.5187759399414,113.9625244140625,4841953
2017-12-28,104.21005249023438,115.50003051757812,116.21253204345703,113.43753051757812,114.7125244140625,13459388
2017-12-29,106.32471466064453,117.84378051757812,118.65003204345703,113.62503051757812,114.5250244140625,10069992
2018-01-01,107.10289764404297,118.7062759399414,120.00003051757812,116.04377746582031,116.81253051757812,8934389
2018-01-02,107.83033752441406,119.51252746582031,121.50003051757812,117.91877746582031,118.44377899169922,7665379
2018-01-03,104.86982727050781,116.23127746582031,120.15003204345703,115.78128051757812,120.15003204345703,5860470
2018-01-04,105.44500732421875,116.86878204345703,117.37503051757812,115.29377746582031,116.28752899169922,3905556
2018-01-05,104.73448944091797,116.0812759399414,117.71253204345703,115.38752746582031,117.37503051757812,4301878
2018-01-08,105.27584075927734,116.68128204345703,117.33753204345703,115.91252899169922,116.25003051757812,4760660
2018-01-09,107.32282257080078,118.95002746582031,120.00003051757812,114.9000244140625,117.22502899169922,12201522
2018-01-10,110.53709411621094,122.51252746582031,122.94377899169922,118.16252899169922,118.65003204345703,10163032
2018-01-11,108.64234924316406,120.41252899169922,122.26878356933594,119.62503051757812,121.33128356933594,5643897
2018-01-12,107.86416625976562,119.5500259399414,121.40628051757812,118.95002746582031,120.37503051757812,8433768
2018-01-15,106.5784683227539,118.12503051757812,121.59378051757812,117.52503204345703,119.56877899169922,3187225
2018-01-16,112.31338500976562,124.48127746582031,125.25003051757812,118.50003051757812,118.83753204345703,16443849
2018-01-17,110.19873046875,122.13752746582031,125.06253051757812,121.87503051757812,124.87503051757812,8113347
2018-01-18,110.080322265625,122.00627899169922,123.09378051757812,120.80628204345703,122.62503051757812,4722081
2018-01-19,111.2983627319336,123.35627746582031,123.75003051757812,120.18753051757812,122.62503051757812,4288268
2018-01-22,108.79460906982422,120.58128356933594,123.35627746582031,118.87503051757812,118.87503051757812,12193514
2018-01-23,106.66303253173828,118.21878051757812,121.10627746582031,117.52503204345703,120.78752899169922,8613403
2018-01-24,106.22319793701172,117.73127746582031,121.27503204345703,117.07502746582031,118.68753051757812,17542056
2018-01-25,105.5465087890625,116.98127746582031,119.25003051757812,115.78128051757812,118.38752746582031,22129831
2018-01-29,105.27584075927734,116.68128204345703,118.53752899169922,116.10002899169922,117.78752899169922,9397269
2018-01-30,103.97322082519531,115.2375259399414,117.1125259399414,114.26252746582031,116.0812759399414,6079993
2018-01-31,103.43009948730469,114.26252746582031,115.85627746582031,113.0812759399414,114.78752899169922,7530432
2018-02-01,102.08927917480469,112.78128051757812,115.91252899169922,112.50003051757812,114.3937759399414,5872873
2018-02-02,102.0383529663086,112.72502899169922,113.41877746582031,110.70002746582031,112.2375259399414,6713662
2018-02-05,101.4103775024414,112.03128051757812,114.5812759399414,110.98127746582031,111.75003051757812,5851054
2018-02-06,100.01861572265625,110.4937744140625,111.0562744140625,108.78752899169922,109.38752746582031,6489310
2018-02-07,98.21955108642578,108.50627899169922,111.82502746582031,108.00003051757812,111.82502746582031,6662763
2018-02-08,98.37230682373047,108.6750259399414,110.4937744140625,107.6437759399414,108.78752899169922,14125508
2018-02-09,96.74295043945312,106.8750228881836,108.37503051757812,106.5000228881836,108.37503051757812,8405269
2018-02-12,98.08377075195312,108.35627746582031,109.10627746582031,107.2125244140625,107.9625244140625,6722288
2018-02-14,99.61128997802734,110.04377746582031,111.28128051757812,108.5812759399414,108.75003051757812,8063123
2018-02-15,99.288818359375,109.68753051757812,110.85002899169922,108.91877746582031,110.85002899169922,4415065
2018-02-16,98.77964782714844,109.12503051757812,110.9625244140625,108.7687759399414,109.85627746582031,8209045
2018-02-19,98.42322540283203,108.73127746582031,109.87503051757812,108.3000259399414,109.87503051757812,4420870
2018-02-20,98.9323959350586,109.29377746582031,109.96878051757812,108.41252899169922,108.75003051757812,9160624
2018-02-21,99.18697357177734,109.57502746582031,110.56877899169922,108.9562759399414,110.25003051757812,13748271
2018-02-22,99.3397216796875,109.7437744140625,110.34378051757812,109.1437759399414,109.8375244140625,12838500
2018-02-23,100.13744354248047,110.62503051757812,110.98127746582031,109.6125259399414,110.81253051757812,9779768
2018-02-26,98.98331451416016,109.35002899169922,110.88752746582031,108.9000244140625,110.5500259399414,13418935
2018-02-27,99.03422546386719,109.40628051757812,110.38127899169922,109.1812744140625,109.66877746582031,10467034
2018-02-28,99.39065551757812,109.8000259399414,110.1750259399414,108.37503051757812,109.87503051757812,13724575
2018-03-01,99.288818359375,109.68753051757812,110.28752899169922,109.20002746582031,109.8000259399414,10895423
2018-03-05,98.7626724243164,109.10627746582031,110.15628051757812,108.6750259399414,110.10002899169922,9996650
2018-03-06,97.40486907958984,107.60627746582031,109.48127746582031,107.3062744140625,109.21878051757812,12604231
2018-03-07,96.86176300048828,107.00627899169922,109.06877899169922,106.6125259399414,108.16877746582031,4868340
2018-03-08,96.81083679199219,106.95002746582031,107.9062728881836,106.1812744140625,107.41877746582031,5387353
2018-03-09,96.75992584228516,106.8937759399414,107.9625244140625,106.53752899169922,106.8750228881836,2681455
2018-03-12,98.67780303955078,109.01252746582031,109.50003051757812,107.28752899169922,107.3625259399414,4658262
2018-03-13,100.68055725097656,111.22502899169922,112.2750244140625,109.68753051757812,109.68753051757812,8546243
2018-03-14,99.7470703125,110.19377899169922,111.22502899169922,109.87503051757812,110.62503051757812,5547337
2018-03-15,99.59432220458984,110.0250244140625,113.25003051757812,109.50003051757812,110.79377746582031,13181140
2018-03-16,100.39202117919922,110.90628051757812,111.4312744140625,109.1437759399414,110.62503051757812,12891090
2018-03-19,97.98193359375,108.2437744140625,111.18753051757812,107.47502899169922,110.0812759399414,3963271
2018-03-20,99.66221618652344,110.10002899169922,110.70002746582031,106.7437744140625,107.5875244140625,8064555
2018-03-21,100.22230529785156,110.71878051757812,111.1125259399414,109.20002746582031,110.43753051757812,8382829
2018-03-22,97.91404724121094,108.16877746582031,110.62503051757812,107.6812744140625,110.1750259399414,5036841
2018-03-23,96.62413787841797,106.7437744140625,107.85002899169922,106.1437759399414,106.5187759399414,8771707
2018-03-26,93.00900268554688,102.7500228881836,107.10002899169922,102.13127136230469,106.72502899169922,18744243
2018-03-27,93.02599334716797,102.7687759399414,105.3000259399414,102.4687728881836,104.60627746582031,14239615
2018-03-28,95.4360580444336,105.4312744140625,106.3125228881836,102.3750228881836,102.7500228881836,13853121
2018-04-02,98.32137298583984,108.6187744140625,109.0500259399414,104.5500259399414,106.3125228881836,6543819
2018-04-03,96.36954498291016,106.4625244140625,107.75627899169922,106.1437759399414,107.7375259399414,4300609
2018-04-04,95.58881378173828,105.60002899169922,107.4375228881836,105.0000228881836,106.8750228881836,4358041
2018-04-05,97.16725158691406,107.3437728881836,107.51252746582031,106.1250228881836,106.1250228881836,2813628
2018-04-06,96.38652038574219,106.48127746582031,107.2500228881836,106.2375259399414,107.2500228881836,1802274
2018-04-09,96.75992584228516,106.8937759399414,107.2687759399414,106.2187728881836,106.76252746582031,2986425
2018-04-10,97.0823974609375,107.2500228881836,108.1500244140625,104.1562728881836,105.22502899169922,11673823
2018-04-11,96.98056030273438,107.13752746582031,108.45002746582031,106.44377899169922,108.00003051757812,3468465
2018-04-12,97.37092590332031,107.56877899169922,108.93753051757812,106.91252899169922,107.3625259399414,5989886
2018-04-13,99.84889221191406,110.3062744140625,110.60627746582031,107.56877899169922,108.56253051757812,8491437
2018-04-16,98.40623474121094,108.7125244140625,110.25003051757812,107.79377746582031,108.37503051757812,6256147
2018-04-17,96.65807342529297,106.7812728881836,108.3000259399414,106.2375259399414,108.03752899169922,5854046
2018-04-18,99.3397216796875,109.7437744140625,110.1750259399414,107.4375228881836,108.07502746582031,7066675
2018-04-19,99.27184295654297,109.66877746582031,110.1750259399414,108.6187744140625,109.87503051757812,2552252
2018-04-20,101.17276000976562,111.7687759399414,112.50003051757812,110.2125244140625,110.5500259399414,8937349
2018-04-23,100.93515014648438,111.50627899169922,112.87503051757812,110.1750259399414,112.4250259399414,10660490
2018-04-24,97.40486907958984,107.60627746582031,110.8687744140625,107.3062744140625,110.4000244140625,9443424
2018-04-25,97.47276306152344,107.6812744140625,110.1750259399414,106.1812744140625,107.9625244140625,17195110
2018-04-26,95.50395965576172,105.50627899169922,106.1250228881836,102.7500228881836,103.1250228881836,25550129
2018-04-27,93.73882293701172,103.5562744140625,104.7375259399414,102.88127136230469,103.6500244140625,6519427
2018-04-30,94.62137603759766,104.5312728881836,105.88127899169922,103.53752136230469,103.5562744140625,5648769
2018-05-02,93.53514099121094,103.3312759399414,104.6250228881836,102.88127136230469,104.6250228881836,6354939
2018-05-03,92.14341735839844,101.79377746582031,103.4062728881836,101.0812759399414,103.1250228881836,8949440
2018-05-04,91.61726379394531,101.2125244140625,102.2437744140625,99.0187759399414,102.1875228881836,8256123
2018-05-07,93.26359558105469,103.0312728881836,103.3687744140625,100.20002746582031,101.2500228881836,5265878
2018-05-08,92.58470153808594,102.2812728881836,103.48127746582031,101.2500228881836,103.20002746582031,5221180
2018-05-09,91.736083984375,101.3437728881836,102.9000244140625,101.10002136230469,102.3750228881836,5165820
2018-05-10,91.803955078125,101.41877746582031,101.85002136230469,100.6500244140625,101.5875244140625,4808846
2018-05-11,92.55074310302734,102.2437744140625,102.60002136230469,100.6125259399414,101.8125228881836,4066852
2018-05-14,92.44891357421875,102.13127136230469,102.73127746582031,101.2500228881836,101.7750244140625,4104721
2018-05-15,91.99064636230469,101.6250228881836,102.69377136230469,100.5562744140625,102.3000259399414,4501617
2018-05-16,93.24662780761719,103.01252746582031,104.60627746582031,101.2500228881836,101.5875244140625,8413891
2018-05-17,94.4856185913086,104.38127899169922,105.3000259399414,102.88127136230469,103.1250228881836,6949715
2018-05-18,91.27782440185547,100.8375244140625,103.6875228881836,100.5187759399414,103.6875228881836,12844244
2018-05-21,89.90304565429688,99.31877136230469,101.04377746582031,99.03752136230469,100.91252136230469,8120387
2018-05-22,89.93700408935547,99.35627746582031,100.10627746582031,98.66252136230469,99.0000228881836,3966732
2018-05-23,89.42782592773438,98.79377746582031,99.63752746582031,98.47502136230469,99.5812759399414,9401189
2018-05-24,89.73332214355469,99.13127136230469,99.7500228881836,98.23127746582031,99.03752136230469,6267787
2018-05-25,89.81818389892578,99.22502136230469,99.6187744140625,98.8687744140625,99.3750228881836,6265014
2018-05-28,89.37691497802734,98.7375259399414,99.2812728881836,98.4937744140625,98.4937744140625,3131052
2018-05-29,89.27507781982422,98.6250228881836,99.1875228881836,98.1187744140625,98.1187744140625,4768596
2018-05-30,88.54524230957031,97.81877136230469,98.79377746582031,96.9562759399414,98.5875244140625,7799451
2018-05-31,88.90167236328125,98.2125244140625,99.1875228881836,96.7500228881836,98.1750259399414,13729428
2018-06-01,88.46039581298828,97.72502136230469,99.1875228881836,97.1437759399414,98.60627746582031,3800052
2018-06-04,88.30764770507812,97.5562744140625,98.41877746582031,96.7687759399414,98.04377746582031,4223321
2018-06-05,86.64434051513672,95.7187728881836,98.2500228881836,95.2500228881836,97.57502746582031,6572043
2018-06-06,88.00214385986328,97.2187728881836,97.6875228881836,95.0625228881836,96.4312744140625,5079518
2018-06-07,89.81818389892578,99.22502136230469,99.69377136230469,96.7687759399414,96.7687759399414,5339491
2018-06-08,89.61451721191406,99.0000228881836,99.3750228881836,98.4375228881836,99.22502136230469,5026132
2018-06-11,89.75029754638672,99.1500244140625,99.8437728881836,98.7187728881836,99.1875228881836,5541131
2018-06-12,90.44617462158203,99.91877746582031,100.9312744140625,99.5812759399414,100.0312728881836,6065963
2018-06-13,91.24386596679688,100.8000259399414,101.2500228881836,100.06877136230469,100.8750228881836,4100905
2018-06-14,90.42919921875,99.9000244140625,100.91252136230469,99.2437744140625,100.1812744140625,6231142
2018-06-15,90.59893035888672,100.0875244140625,100.7812728881836,99.3750228881836,100.7812728881836,12894495
2018-06-18,90.20854187011719,99.6562728881836,100.8750228881836,98.9625244140625,100.8750228881836,8318768
2018-06-19,88.59617614746094,97.8750228881836,99.73127746582031,97.53752136230469,99.73127746582031,9780146
2018-06-20,88.15489959716797,97.38752746582031,98.4562759399414,96.88127136230469,97.9875259399414,5125212
2018-06-21,87.79847717285156,96.9937744140625,97.9875259399414,96.41252136230469,97.8750228881836,10174400
2018-06-22,87.66268157958984,96.8437728881836,97.35002136230469,95.6250228881836,97.0312728881836,6965470
2018-06-25,87.40808868408203,96.5625228881836,97.9687728881836,96.0000228881836,96.7125244140625,4371876
2018-06-26,87.44205474853516,96.60002136230469,97.48127746582031,96.0562744140625,96.5625228881836,5289660
2018-06-27,86.9158935546875,96.0187759399414,97.4625244140625,95.32501983642578,97.16252136230469,8530568
2018-06-28,87.27233123779297,96.41252136230469,97.10627746582031,95.88751983642578,96.1500244140625,10412698
2018-06-29,88.76589965820312,98.0625228881836,98.4375228881836,95.6250228881836,97.1250228881836,9652752
2018-07-02,88.46039581298828,97.72502136230469,98.3437728881836,96.78752136230469,97.76252746582031,10055613
2018-07-03,88.90167236328125,98.2125244140625,98.5500259399414,96.9562759399414,98.04377746582031,10490968
2018-07-04,88.91864776611328,98.23127746582031,98.4562759399414,96.78752136230469,98.2687759399414,10224848
2018-07-05,89.64847564697266,99.03752136230469,99.3000259399414,97.5562744140625,98.4375228881836,12472818
2018-07-06,89.20718383789062,98.5500259399414,99.1500244140625,98.0625228881836,98.6250228881836,7580592
2018-07-09,89.93700408935547,99.35627746582031,99.4687728881836,98.3062744140625,98.7375259399414,5832667
2018-07-10,91.85488891601562,101.47502136230469,102.1125259399414,98.88752746582031,99.7500228881836,13242228
2018-07-11,92.36405944824219,102.03752136230469,103.0500259399414,101.0250244140625,102.35627746582031,10556522
2018-07-12,94.85901641845703,104.79377746582031,105.5625228881836,101.19377136230469,102.16877746582031,11900279
2018-07-13,95.3342514038086,105.31877899169922,108.6750259399414,104.3437728881836,104.9250259399414,20625128
2018-07-16,96.09800720214844,106.16252899169922,107.6250228881836,104.56877899169922,104.7187728881836,12543791
2018-07-17,96.36954498291016,106.4625244140625,108.35627746582031,105.6562728881836,106.1250228881836,14471569
2018-07-18,96.67506408691406,106.8000259399414,107.7375259399414,106.3687744140625,107.2500228881836,6125915
2018-07-19,97.01451873779297,107.1750259399414,108.13127899169922,105.60002899169922,107.2500228881836,7434390
2018-07-20,96.06404113769531,106.1250228881836,108.97502899169922,105.1875228881836,107.8125228881836,13966393
2018-07-23,93.84066009521484,103.66877746582031,105.9375228881836,98.75627136230469,105.9375228881836,23582642
2018-07-24,92.65259552001953,102.35627746582031,104.4375228881836,100.95002746582031,104.32502746582031,9224277
2018-07-25,93.24662780761719,103.01252746582031,103.76252746582031,102.22502136230469,103.1250228881836,6629507
2018-07-26,92.1264419555664,101.7750244140625,103.16252136230469,101.1187744140625,102.5250244140625,11554893
2018-07-27,93.1787338256836,102.9375228881836,103.3125228881836,102.0000228881836,102.0000228881836,4829553
2018-07-30,92.72047424316406,102.4312744140625,102.7500228881836,101.0625228881836,102.6750259399414,7272923
2018-07-31,93.82368469238281,103.6500244140625,103.9687728881836,101.70002746582031,102.5625228881836,7436176
2018-08-01,94.14616394042969,104.00627899169922,104.4375228881836,102.63752746582031,103.5000228881836,4219572
2018-08-02,94.74020385742188,104.66252899169922,105.3000259399414,102.97502136230469,103.8750228881836,8010016
2018-08-03,94.3667984008789,104.2500228881836,105.16877746582031,103.91252136230469,105.16877746582031,4362841
2018-08-06,94.04434204101562,103.8937759399414,104.88752746582031,103.2187728881836,104.6250228881836,4540062
2018-08-07,94.18011474609375,104.04377746582031,104.8125228881836,103.35002136230469,103.35002136230469,4592433
2018-08-08,94.5365219116211,104.4375228881836,104.79377746582031,102.9000244140625,104.79377746582031,3821153
2018-08-09,94.60442352294922,104.51252746582031,105.13127899169922,103.3312759399414,104.28752899169922,6388521
2018-08-10,94.65534210205078,104.56877899169922,104.9625244140625,103.6875228881836,104.9625244140625,3598180
2018-08-13,95.6736831665039,105.69377899169922,106.66877746582031,104.0625228881836,104.2500228881836,6481139
2018-08-14,96.75992584228516,106.8937759399414,107.6250228881836,105.3750228881836,106.8750228881836,5241916
2018-08-16,94.85901641845703,104.79377746582031,106.8750228881836,104.2687759399414,106.8750228881836,6015278
2018-08-17,95.06268310546875,105.0187759399414,105.3750228881836,104.04377746582031,104.7750244140625,7277246
2018-08-20,96.75992584228516,106.8937759399414,107.4000244140625,105.0000228881836,105.3000259399414,4291894
2018-08-21,98.08377075195312,108.35627746582031,110.43753051757812,106.5000228881836,106.81877899169922,16189619
2018-08-23,98.35533905029297,108.65628051757812,109.91252899169922,108.1500244140625,108.75003051757812,7277960
2018-08-24,99.17000579833984,109.5562744140625,110.56877899169922,107.5875244140625,108.26252746582031,11267031
2018-08-27,100.42597198486328,110.94377899169922,111.4875259399414,109.1437759399414,109.50003051757812,6811390
2018-08-28,100.34111785888672,110.85002899169922,111.75003051757812,110.28752899169922,111.28128051757812,4051198
2018-08-29,100.73148345947266,111.28128051757812,111.5812759399414,109.91252899169922,111.2062759399414,4285462
2018-08-30,101.478271484375,112.10627746582031,112.50003051757812,110.25003051757812,111.56253051757812,9067763
2018-08-31,102.25900268554688,112.96878051757812,114.93753051757812,112.31253051757812,112.50003051757812,18087318
2018-09-03,104.66908264160156,115.63127899169922,122.62503051757812,114.8625259399414,122.62503051757812,68625769
2018-09-04,106.3663101196289,117.50627899169922,118.12503051757812,115.9875259399414,116.41877746582031,21828613
2018-09-05,108.2332992553711,119.56877899169922,120.00003051757812,117.93753051757812,117.9562759399414,30871477
2018-09-06,109.03099822998047,120.45002746582031,120.93753051757812,119.25003051757812,120.00003051757812,26924326
2018-09-07,110.21906280517578,121.76252746582031,123.09378051757812,119.66252899169922,120.71253204345703,22940730
2018-09-10,110.32091522216797,121.87503051757812,123.00003051757812,121.20002746582031,121.65003204345703,16966961
2018-09-11,109.9644775390625,121.48127746582031,123.00003051757812,121.18128204345703,122.60627746582031,12710847
2018-09-12,111.59384155273438,123.28128051757812,123.93753051757812,121.89378356933594,121.89378356933594,16704169
2018-09-14,112.08605194091797,123.82502746582031,124.87503051757812,121.57502746582031,123.28128051757812,11404741
2018-09-17,111.98420715332031,123.71253204345703,126.00003051757812,123.03752899169922,124.59378051757812,12352938
2018-09-18,112.88374328613281,124.70628356933594,125.08128356933594,121.87503051757812,123.52503204345703,7248678
2018-09-19,112.9346694946289,124.76252746582031,125.08128356933594,122.64378356933594,125.02503204345703,7797531
2018-09-21,113.78328704833984,125.70002746582031,126.71253204345703,123.00003051757812,124.46253204345703,17700584
2018-09-24,112.9346694946289,124.76252746582031,126.75003051757812,123.84378051757812,123.84378051757812,9975645
2018-09-25,111.44110870361328,123.11253356933594,125.58753204345703,122.34378051757812,124.87503051757812,9037680
2018-09-26,108.36907196044922,119.71878051757812,123.35627746582031,118.65003204345703,123.07502746582031,20972861
2018-09-27,108.26722717285156,119.60627746582031,121.36878204345703,118.76252746582031,120.71253204345703,47992758
2018-09-28,109.9814453125,121.50003051757812,122.49378204345703,118.27503204345703,119.62503051757812,18433179
2018-10-01,112.0690689086914,123.80628204345703,124.66877746582031,121.12503051757812,121.50003051757812,10879266
2018-10-03,111.16954040527344,122.81253051757812,123.75003051757812,120.93753051757812,123.50627899169922,9550589
2018-10-04,110.54155731201172,122.11878204345703,123.90003204345703,120.60002899169922,121.91252899169922,12296495
2018-10-05,110.42274475097656,121.98753356933594,122.98127746582031,120.45002746582031,121.80003356933594,8937680
2018-10-08,107.77503967285156,119.06253051757812,121.27503204345703,117.26252746582031,120.52503204345703,9465389
2018-10-09,109.18374633789062,120.61878204345703,121.05003356933594,116.88752746582031,118.87503051757812,9932090
2018-10-10,107.2488784790039,118.48127746582031,120.28128051757812,116.30628204345703,120.15003204345703,9764277
2018-10-11,106.26448059082031,117.3937759399414,118.29377746582031,114.31877899169922,115.50003051757812,7138056
2018-10-12,107.36769104003906,118.6125259399414,119.98127746582031,116.06253051757812,118.55628204345703,8960733
2018-10-15,108.606689453125,119.98127746582031,120.76878356933594,117.80628204345703,119.00627899169922,8342805
2018-10-16,108.30116271972656,119.6437759399414,120.26252746582031,118.53752899169922,120.00003051757812,8320912
2018-10-17,109.69292449951172,121.18128204345703,123.41252899169922,118.68753051757812,121.01252746582031,12641962
2018-10-19,109.69292449951172,121.18128204345703,122.28752899169922,119.06253051757812,121.25627899169922,7051648
2018-10-22,109.37044525146484,120.82502746582031,122.71878051757812,120.00003051757812,121.72502899169922,4842137
2018-10-23,104.92366790771484,115.91252899169922,120.09378051757812,114.41252899169922,119.58753204345703,10176672
2018-10-24,104.82183074951172,115.8000259399414,116.86878204345703,112.50003051757812,115.95002746582031,12479882
2018-10-25,108.13145446777344,119.4562759399414,121.18128204345703,111.00003051757812,111.00003051757812,37804166
2018-10-26,108.82733154296875,120.22502899169922,120.93753051757812,118.50003051757812,119.5500259399414,11805695
2018-10-29,111.84842681884766,123.56253051757812,124.57502746582031,118.74378204345703,119.62503051757812,6600369
2018-10-30,111.16954040527344,122.81253051757812,125.49378204345703,122.11878204345703,123.37503051757812,9880349
2018-10-31,112.42549133300781,124.20002746582031,125.15628051757812,120.78752899169922,123.07502746582031,8013245
2018-11-01,111.89933013916016,123.61878204345703,124.85627746582031,120.93753051757812,124.85627746582031,6681864
2018-11-02,108.08053588867188,119.40003204345703,124.35002899169922,118.8937759399414,123.37503051757812,9761930
2018-11-05,110.01538848876953,121.53752899169922,122.06253051757812,117.78752899169922,118.16252899169922,6810854
2018-11-06,110.28695678710938,121.83753204345703,122.56877899169922,120.41252899169922,121.80003356933594,6109153
2018-11-07,110.43971252441406,122.00627899169922,122.90628051757812,121.70628356933594,122.02503204345703,380109
2018-11-09,110.2699966430664,121.81877899169922,123.00003051757812,119.11878204345703,123.00003051757812,12329274
2018-11-12,109.76081848144531,121.25627899169922,122.43753051757812,120.67503356933594,121.78128051757812,6897542
2018-11-13,110.71127319335938,122.30628204345703,122.88752746582031,120.37503051757812,121.31253051757812,6101731
2018-11-14,110.16817474365234,121.70628356933594,122.28752899169922,119.49378204345703,121.87503051757812,4883777
2018-11-15,109.69292449951172,121.18128204345703,123.93753051757812,120.61878204345703,121.55628204345703,8942797
2018-11-16,110.72825622558594,122.32502746582031,123.90003204345703,121.31253051757812,121.31253051757812,7275846
2018-11-19,112.98558044433594,124.81877899169922,125.77503204345703,120.56253051757812,122.06253051757812,7513344
2018-11-20,109.06494903564453,120.48753356933594,124.08753204345703,120.03752899169922,124.08753204345703,6907315
2018-11-21,106.63789367675781,117.80628204345703,120.00003051757812,117.46878051757812,120.00003051757812,6943816
2018-11-22,104.2447738647461,115.16252899169922,119.5500259399414,114.75003051757812,118.12503051757812,8239488
2018-11-26,108.0975112915039,119.41877746582031,119.96253204345703,113.4937744140625,113.7750244140625,18657115
2018-11-27,105.92503356933594,117.0187759399414,120.86253356933594,116.62503051757812,118.81877899169922,11458234
2018-11-28,105.33099365234375,116.3625259399414,118.3312759399414,115.96878051757812,117.73127746582031,16926705
2018-11-29,106.8924789428711,118.08753204345703,118.74378204345703,116.10002899169922,117.75003051757812,7793384
2018-11-30,110.20209503173828,121.74378204345703,122.40003204345703,117.63752746582031,118.1437759399414,16991251
2018-12-03,111.42411041259766,123.09378051757812,123.56253051757812,121.14378356933594,121.87503051757812,7115262
2018-12-04,113.69841003417969,125.60627746582031,127.96878051757812,122.13752746582031,123.09378051757812,15925097
2018-12-05,114.20759582519531,126.16877746582031,127.01252746582031,123.05628204345703,124.87503051757812,10264210
2018-12-06,112.5782470703125,124.36878204345703,126.16877746582031,123.37503051757812,124.96878051757812,6232265
2018-12-07,113.13834381103516,124.98753356933594,126.13127899169922,121.66877746582031,124.80003356933594,9264269
2018-12-10,110.86402130126953,122.47502899169922,126.18753051757812,121.91252899169922,123.11253356933594,8528293
2018-12-11,111.33924102783203,123.00003051757812,125.17503356933594,121.80003356933594,122.02503204345703,11795237
2018-12-12,112.0351333618164,123.76878356933594,124.50003051757812,122.98127746582031,123.67503356933594,7028448
2018-12-13,114.95439147949219,126.99378204345703,128.9812774658203,123.37503051757812,124.12503051757812,13728244
2018-12-14,113.0704345703125,124.91252899169922,128.62503051757812,124.61253356933594,127.12503051757812,12792082
2018-12-17,115.27684783935547,127.35002899169922,128.15628051757812,125.40003204345703,125.98127746582031,9162003
2018-12-18,113.73236846923828,125.64378356933594,126.90003204345703,124.70628356933594,125.71878051757812,9864405
2018-12-19,115.65025329589844,127.76252746582031,128.34378051757812,124.27503204345703,125.64378356933594,9978008
2018-12-20,113.12136840820312,124.96878051757812,127.50003051757812,124.63127899169922,126.09378051757812,6421739
2018-12-21,109.33650970458984,120.78752899169922,125.55003356933594,120.28128051757812,124.95002746582031,26209361
2018-12-24,110.89796447753906,122.51252746582031,123.93753051757812,120.52503204345703,121.01252746582031,11285031
2018-12-26,110.71127319335938,122.30628204345703,122.73753356933594,119.75627899169922,122.13752746582031,6281385
2018-12-27,111.15254211425781,122.79377746582031,124.25627899169922,121.50003051757812,122.92503356933594,13527065
2018-12-28,112.0351333618164,123.76878356933594,124.83753204345703,122.17503356933594,122.32502746582031,5945206
2018-12-31,112.30668640136719,124.06877899169922,125.17503356933594,123.39378356933594,124.12503051757812,5696321
2019-01-01,110.88098907470703,122.49378204345703,124.78128051757812,122.02503204345703,124.03128051757812,4036542
2019-01-02,110.50761413574219,122.08128356933594,124.23753356933594,121.12503051757812,123.30003356933594,8822139
2019-01-03,110.49063110351562,122.06253051757812,122.98127746582031,121.14378356933594,122.62503051757812,9446080
2019-01-04,110.13420104980469,121.66877746582031,122.56877899169922,119.86878204345703,121.68753051757812,6414073
2019-01-07,110.06629943847656,121.59378051757812,122.53128051757812,120.86253356933594,122.28752899169922,5076276
2019-01-08,110.50761413574219,122.08128356933594,122.81253051757812,120.97502899169922,121.87503051757812,5559089
2019-01-09,111.67871856689453,123.37503051757812,124.72502899169922,121.70628356933594,121.70628356933594,10474346
2019-01-10,110.57548522949219,122.15628051757812,124.14378356933594,121.12503051757812,124.05003356933594,8265043
2019-01-11,111.57684326171875,123.26252746582031,123.71253204345703,121.31253051757812,122.10002899169922,4263836
2019-01-14,106.09475708007812,117.2062759399414,124.16252899169922,116.75627899169922,123.76878356933594,18435523
2019-01-15,111.95026397705078,123.67503356933594,124.61253356933594,118.1437759399414,119.62503051757812,40188776
2019-01-16,114.24153137207031,126.20628356933594,127.42503356933594,123.39378356933594,124.42503356933594,26390100
2019-01-17,113.8511734008789,125.77503204345703,126.97502899169922,124.35002899169922,126.37503051757812,14104487
2019-01-18,117.500244140625,129.8062744140625,130.31253051757812,125.02503204345703,126.00003051757812,26911902
2019-01-21,114.66585540771484,126.67503356933594,129.3375244140625,124.95002746582031,127.50003051757812,41658250
2019-01-22,117.61906433105469,129.93753051757812,131.10003662109375,126.00003051757812,126.30003356933594,17817926
2019-01-23,119.33328247070312,131.83128356933594,133.42503356933594,130.50003051757812,130.7437744140625,26499796
2019-01-24,119.40116882324219,131.90628051757812,132.37503051757812,129.93753051757812,131.3250274658203,11281453
2019-01-25,119.97821044921875,132.5437774658203,134.38128662109375,130.50003051757812,130.59378051757812,13964137
2019-01-28,120.55529022216797,133.18128967285156,136.0125274658203,132.84378051757812,132.88128662109375,18399880
2019-01-29,122.34244537353516,134.77503967285156,135.30003356933594,132.39378356933594,133.50003051757812,12320260
2019-01-30,123.65299987792969,136.21878051757812,137.86878967285156,134.25003051757812,134.62503051757812,19757160
2019-01-31,125.67842864990234,138.4500274658203,139.27503967285156,136.23753356933594,137.25003051757812,20517517
2019-02-01,126.4783935546875,139.33128356933594,139.6687774658203,136.31253051757812,138.78753662109375,8977608
2019-02-04,126.37626647949219,139.21878051757812,140.5125274658203,138.03753662109375,138.75003051757812,8383256
2019-02-05,125.4231185913086,138.1687774658203,139.5750274658203,137.17503356933594,138.75003051757812,6550401
2019-02-06,126.69965362548828,139.5750274658203,140.6062774658203,138.28128051757812,138.43128967285156,5811361
2019-02-07,127.17623901367188,140.10003662109375,140.43753051757812,138.61878967285156,139.50003051757812,5982481
2019-02-08,126.8698501586914,139.7625274658203,140.58753967285156,138.2625274658203,139.31253051757812,3735809
2019-02-11,126.98897552490234,139.89378356933594,141.52503967285156,138.6375274658203,139.08753967285156,7927406
2019-02-12,127.65276336669922,140.62503051757812,141.09378051757812,138.13128662109375,140.30628967285156,7939320
2019-02-14,127.68683624267578,140.66253662109375,141.90003967285156,140.2312774658203,141.15003967285156,8199603
2019-02-15,128.02725219726562,141.03753662109375,141.50628662109375,138.80628967285156,140.71878051757812,9393792
2019-02-18,127.8570327758789,140.85003662109375,142.05003356933594,139.03128051757812,142.05003356933594,9280197
2019-02-19,123.72109985351562,136.2937774658203,140.77503967285156,135.8250274658203,139.70628356933594,8171619
2019-02-20,126.69965362548828,139.5750274658203,140.25003051757812,135.4500274658203,136.2000274658203,11761287
2019-02-21,127.49961853027344,140.45628356933594,141.30003356933594,139.05003356933594,139.80003356933594,6861558
2019-02-22,128.92930603027344,142.03128051757812,142.50003051757812,140.06253051757812,140.62503051757812,8519101
2019-02-25,131.1930389404297,144.52503967285156,145.01254272460938,142.21878051757812,142.80003356933594,12475916
2019-02-26,131.95892333984375,145.36878967285156,145.85629272460938,142.96878051757812,144.18753051757812,10140096
2019-02-27,127.44852447509766,140.40003967285156,143.94378662109375,139.65003967285156,142.59378051757812,21357373
2019-02-28,125.57632446289062,138.33753967285156,141.2625274658203,137.47503662109375,140.58753967285156,25142033
2019-03-01,127.89104461669922,140.8875274658203,141.88128662109375,137.06253051757812,139.08753967285156,18763773
2019-03-05,123.77213287353516,136.35003662109375,140.49378967285156,135.75003051757812,140.25003051757812,36042630
2019-03-06,125.92801666259766,138.72500610351562,142.9499969482422,136.5500030517578,137.1999969482422,43014120
2019-03-07,122.02470397949219,134.4250030517578,140.14999389648438,133.75,140.0,16200268
2019-03-08,116.96397399902344,128.85000610351562,131.125,128.27499389648438,130.5500030517578,54689738
2019-03-11,117.89441680908203,129.875,130.4499969482422,128.72500610351562,129.5,14708454
2019-03-12,118.6206283569336,130.6750030517578,131.6750030517578,130.0749969482422,130.5,12580708
2019-03-13,117.05473327636719,128.9499969482422,132.8000030517578,128.10000610351562,131.25,14439446
2019-03-14,116.57817077636719,128.4250030517578,129.85000610351562,127.5,129.6750030517578,8978946
2019-03-15,119.57373809814453,131.72500610351562,132.125,128.60000610351562,129.0,17440194
2019-03-18,116.9185791015625,128.8000030517578,132.375,128.02499389648438,132.375,11497228
2019-03-19,116.85050201416016,128.72500610351562,129.4499969482422,127.55000305175781,128.89999389648438,10103694
2019-03-20,118.71138000488281,130.77499389648438,131.5,129.1999969482422,129.1999969482422,12229124
2019-03-22,118.25751495361328,130.27499389648438,131.875,129.25,131.22500610351562,6396058
2019-03-25,116.41932678222656,128.25,131.0,128.0,131.0,6747924
2019-03-26,115.73849487304688,127.5,129.3000030517578,126.69999694824219,128.5500030517578,7701032
2019-03-27,115.53424835205078,127.2750015258789,128.1999969482422,126.875,127.5999984741211,6715462
2019-03-28,115.62503814697266,127.375,128.9499969482422,127.05000305175781,127.94999694824219,14209672
2019-04-01,118.75678253173828,130.8249969482422,131.9499969482422,127.9749984741211,128.0,14133132
2019-04-02,118.75678253173828,130.8249969482422,131.9499969482422,129.60000610351562,131.6999969482422,7413134
2019-04-03,118.75678253173828,130.8249969482422,131.5500030517578,129.10000610351562,131.1999969482422,7538708
2019-04-04,117.57669830322266,129.52499389648438,131.125,127.4749984741211,130.5,12838396
2019-04-05,118.9610366821289,131.0500030517578,131.9250030517578,129.75,130.5,7229104
2019-04-08,119.68722534179688,131.85000610351562,132.75,130.375,131.85000610351562,7274928
2019-04-09,124.27137756347656,136.89999389648438,137.5,131.6750030517578,131.75,27982768
2019-04-10,127.53926849365234,140.5,140.89999389648438,137.5,139.0,37061332
2019-04-11,127.67545318603516,140.64999389648438,142.3000030517578,140.0749969482422,141.75,18883256
2019-04-12,128.6285858154297,141.6999969482422,142.35000610351562,140.6999969482422,141.1999969482422,11578108
2019-04-15,130.58026123046875,143.85000610351562,144.75,142.0749969482422,142.5,14134384
2019-04-16,127.49390411376953,140.4499969482422,145.72500610351562,139.0,145.6750030517578,40734118
2019-04-18,129.26400756835938,142.39999389648438,144.77499389648438,140.10000610351562,144.5,54851156
2019-04-22,130.82989501953125,144.125,144.5,142.5500030517578,142.75,16824108
2019-04-23,132.12344360351562,145.5500030517578,145.9250030517578,143.35000610351562,144.85000610351562,12355568
2019-04-24,133.0084991455078,146.52499389648438,147.14999389648438,145.10000610351562,146.02499389648438,18298138
2019-04-25,133.9843292236328,147.60000610351562,147.97500610351562,146.4250030517578,146.52499389648438,20781632
2019-04-26,133.8027801513672,147.39999389648438,148.3249969482422,146.75,148.1999969482422,12393102
2019-04-30,135.5048370361328,149.27499389648438,149.72500610351562,147.5,147.5,14679834
2019-05-02,133.2808380126953,146.8249969482422,149.4250030517578,146.3249969482422,149.27499389648438,9078250
2019-05-03,132.0326690673828,145.4499969482422,146.85000610351562,144.27499389648438,146.75,14816616
2019-05-06,132.00999450683594,145.4250030517578,146.89999389648438,144.60000610351562,144.9499969482422,8608690
2019-05-07,133.37161254882812,146.9250030517578,147.47500610351562,145.14999389648438,146.3249969482422,8707688
2019-05-08,132.00999450683594,145.4250030517578,147.125,145.02499389648438,147.125,7904232
2019-05-09,132.10072326660156,145.52499389648438,146.5500030517578,145.14999389648438,145.89999389648438,7497994
2019-05-10,131.78305053710938,145.1750030517578,146.1999969482422,145.0,145.75,6133344
2019-05-13,131.21568298339844,144.5500030517578,146.75,144.125,145.25,8563900
2019-05-14,129.1732177734375,142.3000030517578,144.5,141.5500030517578,144.5,16740848
2019-05-15,128.44705200195312,141.5,142.97500610351562,141.14999389648438,142.75,8631244
2019-05-16,129.51364135742188,142.6750030517578,143.5,141.9250030517578,141.9250030517578,7191096
2019-05-17,129.99021911621094,143.1999969482422,144.9499969482422,142.64999389648438,143.25,6713562
2019-05-20,131.73764038085938,145.125,145.75,143.6999969482422,144.75,8366922
2019-05-21,130.2171630859375,143.4499969482422,145.5,143.0,145.3000030517578,5029334
2019-05-22,128.49244689941406,141.5500030517578,143.75,140.5,143.5,15300108
2019-05-23,128.0839385986328,141.10000610351562,142.9499969482422,140.75,142.8000030517578,9712568
2019-05-24,128.4016571044922,141.4499969482422,142.10000610351562,140.0,141.9499969482422,9855298
2019-05-27,127.31234741210938,140.25,142.0500030517578,140.10000610351562,142.0,10900622
2019-05-28,128.42437744140625,141.47500610351562,142.875,139.8249969482422,140.5,88274856
2019-05-29,129.67250061035156,142.85000610351562,144.25,141.75,142.25,11011746
2019-05-30,130.71641540527344,144.0,145.0,142.75,143.0,23151914
2019-05-31,129.99021911621094,143.1999969482422,145.0,142.5,144.0749969482422,14648962
2019-06-03,132.2141876220703,145.64999389648438,146.02499389648438,143.625,144.25,11706676
2019-06-04,133.3262176513672,146.875,147.97500610351562,145.39999389648438,147.0,22163334
2019-06-06,132.30502319335938,145.75,147.3000030517578,145.5,147.0,17201760
2019-06-07,133.91624450683594,147.52499389648438,147.9499969482422,146.0,146.25,13569768
2019-06-10,134.84669494628906,148.5500030517578,149.0,147.75,147.875,14963786
2019-06-11,135.1190185546875,148.85000610351562,149.75,148.0500030517578,148.5,14468168
2019-06-12,135.25518798828125,149.0,149.39999389648438,148.4250030517578,148.75,12445080
2019-06-13,135.43673706054688,149.1999969482422,149.4499969482422,148.5749969482422,149.0,10004562
2019-06-14,135.6182861328125,149.39999389648438,150.8000030517578,149.0,149.375,15931606
2019-06-17,135.77713012695312,149.5749969482422,150.375,149.4250030517578,150.0,12357208
2019-06-18,135.25518798828125,149.0,150.25,148.0,149.75,16803584
2019-06-19,133.46238708496094,147.02499389648438,149.60000610351562,146.0749969482422,149.5,23805922
2019-06-20,130.23985290527344,143.47500610351562,143.89999389648438,141.1999969482422,142.02499389648438,19120844
2019-06-21,129.74058532714844,142.9250030517578,145.0,142.10000610351562,143.5,12954516
2019-06-24,128.8555450439453,141.9499969482422,143.8000030517578,141.5749969482422,142.75,6343478
2019-06-25,129.49093627929688,142.64999389648438,143.14999389648438,140.9250030517578,142.0,5619496
2019-06-26,129.87673950195312,143.0749969482422,144.0,142.27499389648438,142.5749969482422,4663538
2019-06-27,128.03854370117188,141.0500030517578,143.89999389648438,140.35000610351562,143.6750030517578,10178400
2019-06-28,127.31234741210938,140.25,141.89999389648438,140.0,141.89999389648438,6298778
2019-07-01,127.99315643310547,141.0,141.6999969482422,140.47500610351562,140.8000030517578,3471842
2019-07-02,129.01438903808594,142.125,142.5,140.85000610351562,141.22500610351562,5218738
2019-07-03,128.37899780273438,141.4250030517578,142.8000030517578,141.02499389648438,142.4499969482422,2516552
2019-07-04,128.83285522460938,141.9250030517578,142.4499969482422,141.0,141.5,3256662
2019-07-05,123.38632202148438,135.9250030517578,142.27499389648438,135.5,142.0,9170926
2019-07-08,121.1396255493164,133.4499969482422,135.625,133.02499389648438,133.875,7149570
2019-07-09,120.50419616699219,132.75,135.375,132.125,133.75,5240124
2019-07-10,121.16232299804688,133.47500610351562,134.75,131.64999389648438,132.35000610351562,5561126
2019-07-11,121.52542877197266,133.875,135.0,133.0500030517578,133.75,5383786
2019-07-12,117.53131866455078,129.47500610351562,134.3249969482422,129.02499389648438,134.0,15190556
2019-07-15,117.96249389648438,129.9499969482422,131.0,127.94999694824219,130.0,9494898
2019-07-16,118.00788116455078,130.0,131.35000610351562,128.125,129.5,9723314
2019-07-17,117.82633972167969,129.8000030517578,131.39999389648438,129.0500030517578,131.0,11637538
2019-07-18,122.13815307617188,134.5500030517578,137.0749969482422,129.77499389648438,130.5,42054706
2019-07-19,120.14110565185547,132.35000610351562,134.8249969482422,131.75,134.5500030517578,8459390
2019-07-22,120.18648529052734,132.39999389648438,133.14999389648438,131.1999969482422,132.8000030517578,8839780
2019-07-23,120.05032348632812,132.25,135.0,131.89999389648438,132.4499969482422,9361236
2019-07-24,119.9141616821289,132.10000610351562,132.9250030517578,131.0,132.25,4498944
2019-07-25,119.02910614013672,131.125,132.72500610351562,130.75,132.72500610351562,9982362
2019-07-26,119.641845703125,131.8000030517578,132.375,130.39999389648438,131.10000610351562,5438744
2019-07-29,119.09717559814453,131.1999969482422,133.5749969482422,130.125,131.5,5764526
2019-07-30,119.0517807006836,131.14999389648438,132.39999389648438,130.5,131.4499969482422,4830174
2019-07-31,120.41342163085938,132.64999389648438,133.14999389648438,130.27499389648438,131.25,5698432
2019-08-01,122.72819519042969,135.1999969482422,138.0749969482422,134.27499389648438,135.75,35302414
2019-08-02,119.66453552246094,131.8249969482422,135.4499969482422,130.85000610351562,134.9499969482422,9957332
2019-08-05,118.91564178466797,131.0,132.6999969482422,130.14999389648438,130.5749969482422,7665468
2019-08-06,117.50861358642578,129.4499969482422,131.35000610351562,128.89999389648438,131.0,7906452
2019-08-07,119.1652603149414,131.27499389648438,132.125,129.5,129.5,7992066
2019-08-08,120.61767578125,132.875,133.5,130.6750030517578,131.5,7250870
2019-08-09,119.596435546875,131.75,134.35000610351562,131.4250030517578,133.0,7060998
2019-08-13,117.32706451416016,129.25,132.4499969482422,129.0,132.4499969482422,4380900
2019-08-14,113.94569396972656,125.5250015258789,130.0500030517578,125.125,129.89999389648438,8706726
2019-08-16,113.10601806640625,124.5999984741211,125.5,122.5250015258789,125.0,9944870
2019-08-19,114.42224884033203,126.05000305175781,126.5999984741211,125.0,125.1500015258789,5540152
2019-08-20,114.96691131591797,126.6500015258789,129.5500030517578,126.0999984741211,126.6500015258789,15930242
2019-08-21,114.55842590332031,126.19999694824219,127.44999694824219,125.55000305175781,126.75,6826530
2019-08-22,114.39956665039062,126.0250015258789,126.75,124.25,126.0,6739804
2019-08-23,114.10455322265625,125.69999694824219,128.5500030517578,124.7750015258789,126.4749984741211,9793938
2019-08-26,113.06063079833984,124.55000305175781,126.4749984741211,123.92500305175781,126.19999694824219,6529420
2019-08-27,113.51451110839844,125.05000305175781,125.82499694824219,123.55000305175781,124.3499984741211,8045102
2019-08-28,113.12870025634766,124.625,126.5999984741211,124.05000305175781,125.05000305175781,5363314
2019-08-29,112.9244613647461,124.4000015258789,125.125,123.5250015258789,123.5250015258789,5438102
2019-08-30,115.46617126464844,127.19999694824219,127.625,124.57499694824219,125.05000305175781,8368026
2019-09-03,115.12576293945312,126.82499694824219,127.67500305175781,126.2750015258789,127.05000305175781,4411118
2019-09-04,116.21507263183594,128.02499389648438,128.4250030517578,125.6500015258789,125.75,6606662
2019-09-05,116.01081848144531,127.80000305175781,129.4499969482422,127.25,129.4499969482422,8811234
2019-09-06,114.37686920166016,126.0,128.64999389648438,124.4000015258789,127.67500305175781,22872104
2019-09-09,116.01081848144531,127.80000305175781,128.0500030517578,125.17500305175781,125.69999694824219,11581912
2019-09-11,112.62944030761719,124.07499694824219,127.5,123.67500305175781,127.0,19598224
2019-09-12,110.99549102783203,122.2750015258789,124.25,122.0,122.8499984741211,9329514
2019-09-13,111.35860443115234,122.67500305175781,123.69999694824219,121.5999984741211,122.5,7620240
2019-09-16,112.15287017822266,123.55000305175781,123.92500305175781,122.05000305175781,122.55000305175781,7950382
2019-09-17,110.81393432617188,122.07499694824219,123.69999694824219,121.8499984741211,123.4749984741211,6329530
2019-09-18,110.88202667236328,122.1500015258789,122.9749984741211,121.6500015258789,122.69999694824219,5052560
2019-09-19,109.61116027832031,120.75,122.92500305175781,120.125,122.625,5137674
2019-09-20,111.63092041015625,122.9749984741211,124.3499984741211,120.25,120.94999694824219,12392500
2019-09-23,108.63533782958984,119.67500305175781,124.0,118.25,123.8499984741211,13553962
2019-09-24,109.24806213378906,120.3499984741211,121.4749984741211,119.75,120.44999694824219,11536662
2019-09-25,108.38569641113281,119.4000015258789,120.67500305175781,119.0,120.25,7209996
2019-09-26,107.6141128540039,118.55000305175781,120.2249984741211,118.2750015258789,119.5999984741211,10777480
2019-09-27,107.3871841430664,118.30000305175781,119.5,117.9000015258789,118.69999694824219,6383350
2019-09-30,108.8395767211914,119.9000015258789,120.32499694824219,117.875,118.5,6597906
2019-10-01,105.98015594482422,116.75,120.2249984741211,116.0999984741211,120.0,8754660
2019-10-03,107.0467758178711,117.92500305175781,119.80000305175781,116.2750015258789,117.0999984741211,9570460
2019-10-04,107.88643646240234,118.8499984741211,120.44999694824219,118.125,119.0,5951042
2019-10-07,107.5914306640625,118.5250015258789,121.19999694824219,118.0999984741211,119.0250015258789,4447336
2019-10-09,107.90913391113281,118.875,119.80000305175781,118.19999694824219,119.625,4556276
2019-10-10,108.5672378540039,119.5999984741211,119.80000305175781,117.9000015258789,118.875,4135724
2019-10-11,108.68073272705078,119.7249984741211,120.19999694824219,118.25,118.5,5316578
2019-10-14,110.49623107910156,121.7249984741211,122.42500305175781,119.0,119.9000015258789,7184274
2019-10-15,110.58699798583984,121.82499694824219,122.75,119.625,122.4749984741211,17103786
2019-10-16,112.9698486328125,124.44999694824219,125.8499984741211,122.0,122.94999694824219,32571658
2019-10-17,112.49327850341797,123.92500305175781,125.07499694824219,123.30000305175781,124.44999694824219,10324480
2019-10-18,112.9698486328125,124.44999694824219,125.3499984741211,123.92500305175781,123.92500305175781,5528778
2019-10-22,115.08037567138672,126.7750015258789,127.2249984741211,123.55000305175781,124.5,12546576
2019-10-23,115.4434814453125,127.17500305175781,127.7750015258789,125.0250015258789,126.4000015258789,5348508
2019-10-24,113.28758239746094,124.80000305175781,127.0999984741211,124.5999984741211,126.94999694824219,7834196
2019-10-25,114.83074951171875,126.5,126.75,124.375,126.0250015258789,6530578
2019-10-27,115.12576293945312,126.82499694824219,127.625,126.5,127.2750015258789,630698
2019-10-29,115.82926940917969,127.5999984741211,127.94999694824219,126.0999984741211,126.82499694824219,6382884
2019-10-30,115.62503814697266,127.375,130.4499969482422,126.69999694824219,129.0,8119090
2019-10-31,117.69017028808594,129.64999389648438,130.0,126.9000015258789,127.0,6992524
2019-11-01,117.3724594116211,129.3000030517578,130.5,128.375,130.10000610351562,5061842
2019-11-04,116.4646987915039,128.3000030517578,130.35000610351562,127.875,129.64999389648438,3841070
2019-11-05,117.32706451416016,129.25,129.6999969482422,127.3499984741211,128.64999389648438,3169448
2019-11-06,116.57817077636719,128.4250030517578,129.72500610351562,128.02499389648438,129.5,3255238
2019-11-07,117.84901428222656,129.8249969482422,130.25,128.3000030517578,128.5,4253934
2019-11-08,116.37391662597656,128.1999969482422,130.39999389648438,127.875,130.0749969482422,3079708
2019-11-11,116.39662170410156,128.22500610351562,128.75,126.69999694824219,128.60000610351562,3804758
2019-11-13,114.87613677978516,126.55000305175781,129.5,126.07499694824219,128.64999389648438,3722946
2019-11-14,114.7172622680664,126.375,127.375,125.69999694824219,127.0,5796412
2019-11-15,114.62651062011719,126.2750015258789,127.0999984741211,125.82499694824219,127.0,2425834
2019-11-18,113.21949768066406,124.7249984741211,126.25,124.1500015258789,126.25,5756874
2019-11-19,113.65067291259766,125.19999694824219,125.57499694824219,123.8499984741211,124.0999984741211,4061312
2019-11-20,112.9698486328125,124.44999694824219,125.875,124.19999694824219,125.875,2988298
2019-11-21,112.35711669921875,123.7750015258789,124.75,123.5,124.19999694824219,3488196
2019-11-22,110.33737182617188,121.55000305175781,122.82499694824219,121.05000305175781,121.6500015258789,8183112
2019-11-25,110.2919692993164,121.5,121.9000015258789,120.6500015258789,121.5250015258789,3782394
2019-11-26,107.818359375,118.7750015258789,122.30000305175781,118.25,122.0999984741211,15380804
2019-11-27,108.95304870605469,120.0250015258789,120.44999694824219,119.0250015258789,119.5,3894494
2019-11-28,108.8395767211914,119.9000015258789,120.25,119.125,119.9749984741211,3198740
2019-11-29,107.88643646240234,118.8499984741211,120.5999984741211,118.42500305175781,120.0250015258789,5333922
2019-12-02,108.29492950439453,119.30000305175781,119.8499984741211,117.7750015258789,119.125,7259920
2019-12-03,107.47795104980469,118.4000015258789,119.25,117.69999694824219,119.25,5730370
2019-12-04,109.92887115478516,121.0999984741211,121.375,118.25,118.30000305175781,6671932
2019-12-05,110.60971069335938,121.8499984741211,122.44999694824219,120.55000305175781,121.3499984741211,5226290
2019-12-06,109.38421630859375,120.5,122.25,120.17500305175781,121.8499984741211,2735116
2019-12-09,109.11190032958984,120.19999694824219,120.82499694824219,119.30000305175781,120.4000015258789,2414590
2019-12-10,108.09068298339844,119.07499694824219,120.19999694824219,118.55000305175781,120.19999694824219,4411226
2019-12-11,108.95304870605469,120.0250015258789,120.4000015258789,118.17500305175781,118.82499694824219,4775320
2019-12-12,108.68073272705078,119.7249984741211,120.625,119.3499984741211,120.17500305175781,2811896
2019-12-13,110.67778015136719,121.92500305175781,122.42500305175781,120.0,121.0,8623666
2019-12-16,110.36005401611328,121.57499694824219,123.19999694824219,121.30000305175781,121.94999694824219,5685154
2019-12-17,111.08626556396484,122.375,122.9749984741211,121.7750015258789,122.125,4422758
2019-12-18,112.69751739501953,124.1500015258789,124.94999694824219,122.75,122.92500305175781,10598214
2019-12-19,113.10601806640625,124.5999984741211,125.32499694824219,123.82499694824219,124.30000305175781,4968422
2019-12-20,114.28609466552734,125.9000015258789,126.9000015258789,123.6500015258789,124.0,10423252
2019-12-23,115.21653747558594,126.92500305175781,127.3499984741211,125.80000305175781,126.4000015258789,3701304
2019-12-24,114.4903335571289,126.125,126.9749984741211,125.55000305175781,126.5,3088960
2019-12-26,113.60527801513672,125.1500015258789,126.19999694824219,124.7750015258789,126.0,4052868
2019-12-27,112.35711669921875,123.7750015258789,125.375,123.17500305175781,125.0,5022240
2019-12-30,112.99253845214844,124.4749984741211,124.7750015258789,123.30000305175781,124.2249984741211,4333614
2019-12-31,111.5628433227539,122.9000015258789,124.30000305175781,122.6500015258789,123.8499984741211,4329828
2020-01-01,112.42520904541016,123.8499984741211,124.32499694824219,123.0999984741211,123.25,2827732
2020-01-02,112.69751739501953,124.1500015258789,124.94999694824219,123.17500305175781,123.30000305175781,2887932
2020-01-03,113.9683837890625,125.55000305175781,126.3499984741211,123.67500305175781,124.75,6762808
2020-01-06,114.44493865966797,126.07499694824219,127.2249984741211,125.07499694824219,125.5,9133390
2020-01-07,115.82926940917969,127.5999984741211,128.1750030517578,125.0999984741211,126.625,8805574
2020-01-08,115.6477279663086,127.4000015258789,128.0749969482422,126.2750015258789,127.0,5588820
2020-01-09,115.12576293945312,126.82499694824219,128.25,126.32499694824219,127.125,4990046
2020-01-10,114.26339721679688,125.875,127.5999984741211,125.5,126.9749984741211,4113154
2020-01-13,115.6477279663086,127.4000015258789,128.9499969482422,126.42500305175781,127.0,13927198
2020-01-14,116.7370376586914,128.60000610351562,129.1750030517578,127.2750015258789,128.4250030517578,14593554
2020-01-15,112.67484283447266,124.125,128.0,123.30000305175781,127.0,20280902
2020-01-16,113.6733627319336,125.2249984741211,126.30000305175781,123.5,124.0,17623672
2020-01-17,113.9683837890625,125.55000305175781,126.94999694824219,124.82499694824219,126.0,8281636
2020-01-20,112.56137084960938,124.0,125.4000015258789,123.5999984741211,125.4000015258789,3817166
2020-01-21,112.15287017822266,123.55000305175781,124.0999984741211,123.0,123.94999694824219,3015884
2020-01-22,111.58553314208984,122.92500305175781,125.9749984741211,122.69999694824219,124.30000305175781,6800848
2020-01-23,112.87906646728516,124.3499984741211,124.55000305175781,122.67500305175781,123.2249984741211,3393088
2020-01-24,112.83351135253906,123.80000305175781,124.7249984741211,123.125,124.32499694824219,3421554
2020-01-27,111.80817413330078,122.67500305175781,123.94999694824219,122.375,123.94999694824219,3306994
2020-01-28,111.21574401855469,122.0250015258789,123.05000305175781,120.9000015258789,122.94999694824219,4272362
2020-01-29,112.44617462158203,123.375,123.69999694824219,121.625,122.30000305175781,4009378
2020-01-30,109.68911743164062,120.3499984741211,123.80000305175781,120.0999984741211,123.80000305175781,4294930
2020-01-31,107.91185760498047,118.4000015258789,119.57499694824219,117.5,119.0,11107276
2020-02-03,108.18527221679688,118.69999694824219,120.07499694824219,117.625,118.8499984741211,8463660
2020-02-04,109.48404693603516,120.125,120.625,118.94999694824219,119.5,6329512
2020-02-05,110.39546966552734,121.125,121.5,118.6500015258789,120.80000305175781,7751206
2020-02-06,111.03345489501953,121.82499694824219,122.9749984741211,120.82499694824219,121.375,6112396
2020-02-07,111.17017364501953,121.9749984741211,123.5,121.4749984741211,123.5,5519024
2020-02-10,109.78025817871094,120.44999694824219,122.82499694824219,119.7249984741211,122.69999694824219,4517992
2020-02-11,109.93975067138672,120.625,121.44999694824219,119.9000015258789,120.2750015258789,5460620
2020-02-12,111.39803314208984,122.2249984741211,123.57499694824219,120.8499984741211,120.8499984741211,6838800
2020-02-13,111.07903289794922,121.875,122.9000015258789,121.25,122.9000015258789,4829910
2020-02-14,110.69168090820312,121.44999694824219,122.67500305175781,121.0,121.9000015258789,3619586
2020-02-17,111.10181427001953,121.9000015258789,122.5,120.9749984741211,121.44999694824219,2035556
2020-02-18,111.21574401855469,122.0250015258789,122.42500305175781,120.625,121.875,2505274
2020-02-19,112.83351135253906,123.80000305175781,124.17500305175781,122.25,122.25,3570768
2020-02-20,111.96765899658203,122.8499984741211,124.2750015258789,122.55000305175781,124.0,4241614
2020-02-24,111.28410339355469,122.0999984741211,123.9000015258789,121.19999694824219,122.5,7043950
2020-02-25,111.238525390625,122.05000305175781,123.32499694824219,121.2249984741211,122.07499694824219,5059572
2020-02-26,109.3245620727539,119.94999694824219,121.7249984741211,119.19999694824219,121.5250015258789,7988388
2020-02-27,105.54216766357422,115.80000305175781,119.4749984741211,115.25,119.4749984741211,9733628
2020-02-28,100.91673278808594,110.7249984741211,114.75,109.8499984741211,114.25,11274618
2020-03-02,100.6205062866211,110.4000015258789,113.5,109.19999694824219,112.9000015258789,11532350
2020-03-03,101.94206237792969,111.8499984741211,112.9000015258789,110.30000305175781,112.0,10346226
2020-03-04,104.28897094726562,114.42500305175781,114.875,111.2249984741211,112.44999694824219,9036356
2020-03-05,104.67631530761719,114.8499984741211,116.94999694824219,114.32499694824219,114.5250015258789,5941556
2020-03-06,101.87370300292969,111.7750015258789,113.0,111.2750015258789,112.5,5868566
2020-03-09,97.70398712158203,107.19999694824219,110.5,106.5,110.0999984741211,17462228
2020-03-11,97.11155700683594,106.55000305175781,107.19999694824219,101.8499984741211,101.8499984741211,12270332
2020-03-12,90.73163604736328,99.55000305175781,103.4749984741211,98.75,102.0,10764010
2020-03-13,89.9569091796875,98.69999694824219,102.2249984741211,84.625,99.5,13043196
2020-03-16,81.91365051269531,89.875,96.9749984741211,89.2750015258789,96.9749984741211,11201148
2020-03-17,78.88319396972656,86.55000305175781,92.7750015258789,85.375,89.2750015258789,12175374
2020-03-18,77.44772338867188,84.9749984741211,89.25,84.25,88.3499984741211,12733198
2020-03-19,73.98432922363281,81.17500305175781,85.67500305175781,79.69999694824219,82.5,11980172
2020-03-20,81.66302490234375,89.5999984741211,92.9000015258789,81.25,81.55000305175781,20319490
2020-03-23,77.53885650634766,85.07499694824219,88.5,82.5,82.5,10720786
2020-03-24,80.36425018310547,88.17500305175781,90.875,84.0250015258789,84.25,12061562
2020-03-25,79.58954620361328,87.32499694824219,94.0,85.0999984741211,88.69999694824219,13456292
2020-03-26,83.2124252319336,91.30000305175781,93.4000015258789,86.25,88.4749984741211,10247690
2020-03-27,83.62257385253906,91.75,94.75,90.75,91.57499694824219,13535120
2020-03-30,83.91879272460938,92.07499694824219,93.69999694824219,89.67500305175781,90.55000305175781,7334804
2020-03-31,89.63793182373047,98.3499984741211,99.9000015258789,92.82499694824219,93.5,10615252
2020-04-01,86.35681915283203,94.75,97.8499984741211,93.5,97.8499984741211,9875668
2020-04-03,82.02759552001953,90.0,94.80000305175781,88.875,94.0,13147474
2020-04-07,87.45052337646484,95.94999694824219,96.3499984741211,91.5250015258789,94.125,9562862
2020-04-08,87.90623474121094,96.44999694824219,100.0,94.4000015258789,95.75,10275308
2020-04-09,89.63793182373047,98.3499984741211,101.4749984741211,97.5250015258789,99.19999694824219,6930346
2020-04-13,86.22012329101562,94.5999984741211,99.0,91.44999694824219,99.0,12384376
2020-04-15,85.01248931884766,93.2750015258789,96.80000305175781,92.9000015258789,95.0250015258789,22652006
2020-04-16,85.60490417480469,93.92500305175781,94.875,90.0,90.0,43380846
2020-04-17,85.2175521850586,93.5,96.875,92.7750015258789,96.25,13212894
2020-04-20,82.52888488769531,90.55000305175781,94.5,90.07499694824219,94.5,16203026
2020-04-21,81.13896179199219,89.0250015258789,89.94999694824219,86.9000015258789,89.5,18086618
2020-04-22,81.36680603027344,89.2750015258789,89.75,87.5250015258789,88.5,10621898
2020-04-23,82.43771362304688,90.44999694824219,91.30000305175781,88.55000305175781,89.69999694824219,11104460
2020-04-24,81.00224304199219,88.875,90.4000015258789,88.57499694824219,89.9749984741211,9282278
2020-04-27,82.9617919921875,91.0250015258789,91.44999694824219,87.75,90.0,18283250
2020-04-28,81.890869140625,89.8499984741211,91.4749984741211,89.0,91.05000305175781,13329834
2020-04-29,82.32379913330078,90.32499694824219,91.2249984741211,89.69999694824219,90.05000305175781,10060582
2020-04-30,87.01760864257812,95.4749984741211,96.30000305175781,91.7750015258789,92.5,17667854
2020-05-04,86.60746002197266,95.0250015258789,95.6500015258789,91.5250015258789,92.25,17140740
2020-05-05,83.94157409667969,92.0999984741211,97.0,91.0999984741211,95.7249984741211,13864778
2020-05-06,85.2403564453125,93.5250015258789,94.0,90.5,92.8499984741211,10885580
2020-05-07,83.89600372314453,92.05000305175781,92.69999694824219,90.5999984741211,92.0,11402138
2020-05-08,83.85041809082031,92.0,93.0,91.2750015258789,92.5999984741211,8227344
2020-05-11,84.16942596435547,92.3499984741211,94.9749984741211,92.05000305175781,92.5,8787666
2020-05-12,85.2403564453125,93.5250015258789,94.0,91.30000305175781,92.0999984741211,7030818
2020-05-13,86.44795989990234,94.8499984741211,95.75,92.57499694824219,95.75,10560968
2020-05-14,84.76183319091797,93.0,93.67500305175781,91.55000305175781,92.375,10324394
2020-05-15,83.75928497314453,91.9000015258789,93.0,91.32499694824219,93.0,6849030
2020-05-18,83.03014373779297,91.0999984741211,92.5,89.80000305175781,91.0250015258789,14454486
2020-05-19,84.03270721435547,92.19999694824219,93.0,89.0,91.125,11486668
2020-05-20,84.28333282470703,92.4749984741211,92.94999694824219,91.0999984741211,92.5,15415706
2020-05-21,86.1745376586914,94.55000305175781,95.8499984741211,91.69999694824219,91.69999694824219,14258230
2020-05-22,86.12896728515625,94.5,95.42500305175781,93.2249984741211,94.5250015258789,9177652
2020-05-26,86.03783416748047,94.4000015258789,96.5999984741211,92.8499984741211,94.5,11822268
2020-05-27,91.71141052246094,100.625,102.75,93.8499984741211,94.80000305175781,36165936
2020-05-28,90.8455581665039,99.67500305175781,101.75,98.0250015258789,101.75,24695246
2020-05-29,96.9748306274414,106.4000015258789,107.44999694824219,98.07499694824219,99.67500305175781,61260422
2020-06-01,98.00018310546875,107.5250015258789,110.5,106.69999694824219,107.75,26749248
2020-06-02,98.36476135253906,107.92500305175781,109.2750015258789,105.4749984741211,107.55000305175781,12812554
2020-06-03,96.3140640258789,105.67500305175781,108.7249984741211,105.2750015258789,108.05000305175781,16844202
2020-06-04,98.54702758789062,108.125,109.9749984741211,105.07499694824219,105.67500305175781,14794936
2020-06-05,99.6863021850586,109.375,110.125,107.5,110.0,14491168
2020-06-08,103.19526672363281,113.2249984741211,113.6500015258789,107.92500305175781,109.5,24427392
2020-06-09,99.5040283203125,109.17500305175781,113.1500015258789,108.57499694824219,112.05000305175781,15690504
2020-06-10,98.8888168334961,108.5,110.5250015258789,107.80000305175781,110.0,14787292
2020-06-11,97.0204086303711,106.44999694824219,108.82499694824219,106.17500305175781,108.5,12497490
2020-06-12,94.74186706542969,103.94999694824219,104.75,103.1500015258789,104.0,12418688
2020-06-15,97.43054962158203,106.9000015258789,108.94999694824219,104.07499694824219,105.9749984741211,28511450
2020-06-16,96.79254913330078,106.19999694824219,108.94999694824219,104.80000305175781,108.7249984741211,15921712
2020-06-17,99.25337982177734,108.9000015258789,109.375,105.5250015258789,106.0,27938908
2020-06-18,99.41287994384766,109.07499694824219,109.6500015258789,107.32499694824219,108.4000015258789,12408426
2020-06-19,101.19014739990234,111.0250015258789,112.05000305175781,107.5,109.0,22447354
2020-06-22,99.3673095703125,109.0250015258789,110.875,108.4000015258789,110.57499694824219,12961806
2020-06-23,100.52937316894531,110.30000305175781,111.1500015258789,106.5,107.5,14850298
2020-06-24,99.43567657470703,109.0999984741211,112.0,108.7750015258789,112.0,16492172
2020-06-25,99.43567657470703,109.0999984741211,111.0,107.6500015258789,108.4749984741211,10193692
2020-06-26,102.73955535888672,112.7249984741211,115.0,109.1500015258789,109.6500015258789,38389012
2020-06-29,100.11922454833984,109.8499984741211,112.94999694824219,109.3499984741211,111.0250015258789,13374148
2020-06-30,100.09644317626953,109.82499694824219,110.9749984741211,109.0,109.80000305175781,11001386
2020-07-01,99.82301330566406,109.5250015258789,111.19999694824219,109.17500305175781,110.5,7905234
2020-07-02,102.169921875,112.0999984741211,112.7249984741211,109.7750015258789,110.5,14359882
2020-07-03,102.44334411621094,112.4000015258789,114.25,111.32499694824219,112.0999984741211,10838912
2020-07-06,101.46357727050781,111.32499694824219,113.625,110.80000305175781,112.94999694824219,15175628
2020-07-07,102.4889144897461,112.44999694824219,114.19999694824219,111.0,111.5999984741211,18235138
2020-07-08,101.66864013671875,111.55000305175781,113.8499984741211,111.25,113.32499694824219,14152368
2020-07-09,100.98507690429688,110.80000305175781,112.30000305175781,109.82499694824219,112.125,13417996
2020-07-10,101.21293640136719,111.05000305175781,111.7249984741211,109.75,110.5,9097518
2020-07-13,103.71932220458984,113.80000305175781,114.5,111.2750015258789,111.9749984741211,24694620
2020-07-14,102.53449249267578,112.5,115.8499984741211,112.05000305175781,114.19999694824219,27877134
2020-07-15,119.73751068115234,131.375,134.35000610351562,117.5,118.0,260735176
2020-07-16,119.35015106201172,130.9499969482422,134.22500610351562,127.5250015258789,131.25,104555854
2020-07-17,119.09951782226562,130.6750030517578,131.9250030517578,128.5,129.3000030517578,37713024
2020-07-20,123.40595245361328,135.39999389648438,136.77499389648438,129.5,130.6750030517578,42789980
2020-07-21,123.6566162109375,135.6750030517578,140.8000030517578,134.6999969482422,139.25,65998100
2020-07-22,121.21855926513672,133.0,136.4250030517578,131.8249969482422,136.22500610351562,25167708
2020-07-23,121.49198150634766,133.3000030517578,134.22500610351562,131.27499389648438,134.14999389648438,20736656
2020-07-24,123.2920150756836,135.27499389648438,135.89999389648438,132.77499389648438,133.5,44244246
2020-07-27,122.517333984375,134.4250030517578,136.60000610351562,133.5749969482422,135.27499389648438,27980494
2020-07-28,125.52498626708984,137.72500610351562,138.375,134.64999389648438,134.64999389648438,28087614
2020-07-29,126.23133087158203,138.5,139.0,136.1750030517578,136.89999389648438,21567278
2020-07-30,129.4668731689453,142.0500030517578,143.39999389648438,140.0500030517578,140.0500030517578,51694590
2020-07-31,128.03143310546875,140.47500610351562,145.39999389648438,139.3000030517578,144.8000030517578,33401320
2020-08-03,128.30479431152344,140.77499389648438,142.39999389648438,139.75,141.5,17817526
2020-08-04,128.07696533203125,140.52499389648438,141.6750030517578,139.125,140.77499389648438,16239042
2020-08-05,126.7782211303711,139.10000610351562,142.22500610351562,138.6999969482422,140.625,14690906
2020-08-06,127.43896484375,139.8249969482422,142.125,138.875,140.35000610351562,20305210
2020-08-07,126.41364288330078,138.6999969482422,140.9250030517578,138.1999969482422,140.52499389648438,14642400
2020-08-10,126.41364288330078,138.6999969482422,140.60000610351562,138.3000030517578,140.0,12621492
2020-08-11,127.43896484375,139.8249969482422,142.3249969482422,139.14999389648438,139.5,20157816
2020-08-12,125.8667984008789,138.10000610351562,140.35000610351562,137.27499389648438,140.1999969482422,17807334
2020-08-13,126.23133087158203,138.5,140.9250030517578,137.39999389648438,138.9499969482422,19307912
2020-08-14,126.00348663330078,138.25,140.375,137.9499969482422,139.25,13163422
2020-08-17,128.4871368408203,140.97500610351562,143.1999969482422,138.8249969482422,139.3000030517578,29094008
2020-08-18,128.82888793945312,141.35000610351562,143.6999969482422,140.85000610351562,142.375,24108414
2020-08-19,127.48454284667969,139.875,142.97500610351562,139.625,142.75,18745042
2020-08-20,124.95537567138672,137.10000610351562,139.5,136.60000610351562,139.5,19783530
2020-08-21,124.56803894042969,136.6750030517578,139.47500610351562,136.35000610351562,139.47500610351562,15939272
2020-08-24,124.27178955078125,136.35000610351562,137.22500610351562,135.9499969482422,136.75,12309628
2020-08-25,123.01861572265625,134.97500610351562,137.35000610351562,134.6750030517578,137.1750030517578,15592276
2020-08-26,123.97557830810547,136.02499389648438,137.35000610351562,134.0,134.97500610351562,19265334
2020-08-27,124.11231994628906,136.1750030517578,137.60000610351562,135.75,136.5,12380336
2020-08-28,123.97557830810547,136.02499389648438,137.5,135.64999389648438,137.35000610351562,15199568
2020-08-31,123.63380432128906,135.64999389648438,141.0,134.0,137.0,41141934
2020-09-01,123.77053833007812,135.8000030517578,139.6999969482422,134.5,135.5,24586106
2020-09-02,124.7275161743164,136.85000610351562,138.25,135.60000610351562,136.4499969482422,16863810
2020-09-03,128.89727783203125,141.4250030517578,143.9250030517578,137.25,137.75,49790330
2020-09-04,125.775634765625,138.0,139.75,137.5500030517578,139.35000610351562,21415428
2020-09-07,127.0288314819336,139.375,139.75,135.75,138.25,16651534
2020-09-08,128.76052856445312,141.27499389648438,143.47500610351562,139.25,141.10000610351562,44589722
2020-09-09,128.89727783203125,141.4250030517578,144.72500610351562,139.25,139.89999389648438,45588720
2020-09-10,129.67193603515625,142.27499389648438,143.4250030517578,140.5500030517578,143.3249969482422,19035804
2020-09-11,133.65940856933594,146.64999389648438,149.22500610351562,141.25,141.25,83871852
2020-09-14,139.99375915527344,153.60000610351562,154.27499389648438,146.5749969482422,146.625,76179084
2020-09-15,140.06210327148438,153.6750030517578,155.625,151.375,153.60000610351562,56312624
2020-09-16,142.24952697753906,156.0749969482422,156.75,152.02499389648438,153.5,29986974
2020-09-17,142.04444885253906,155.85000610351562,158.35000610351562,153.60000610351562,153.625,53623304
2020-09-18,144.23184204101562,158.25,159.5,156.125,157.0,36975462
2020-09-21,142.1355743408203,155.9499969482422,162.25,154.97500610351562,157.9499969482422,45477692
2020-09-22,142.2950897216797,156.125,158.375,151.97500610351562,157.6999969482422,47020668
2020-09-23,143.4799041748047,157.4250030517578,160.89999389648438,155.5749969482422,157.5,44278872
2020-09-24,138.85447692871094,152.35000610351562,156.6999969482422,151.22500610351562,156.6999969482422,35838302
2020-09-25,143.0469970703125,156.9499969482422,157.625,152.10000610351562,153.14999389648438,44013790
2020-09-28,141.97608947753906,155.77499389648438,158.5,154.8000030517578,157.5,24921524
2020-09-29,141.95330810546875,155.75,159.27499389648438,155.25,157.5,29660738
2020-09-30,142.88751220703125,156.77499389648438,157.9250030517578,154.8000030517578,156.0,24786634
2020-10-01,142.65965270996094,156.52499389648438,158.9250030517578,156.02499389648438,158.1999969482422,18514618
2020-10-05,152.18397521972656,166.97500610351562,168.0,157.60000610351562,157.60000610351562,77811262
2020-10-06,150.4066925048828,165.02499389648438,167.64999389648438,161.5,167.5,55159848
2020-10-07,152.79917907714844,167.64999389648438,168.27499389648438,162.75,163.5,35479916
2020-10-08,163.80453491210938,179.72500610351562,183.875,173.22500610351562,175.5,214540492
2020-10-09,170.4351043701172,187.0,188.0500030517578,178.625,181.0,110861504
2020-10-12,172.03009033203125,188.75,189.89999389648438,184.5500030517578,188.5,105931918
2020-10-13,171.32376098632812,187.97500610351562,190.85000610351562,186.47500610351562,188.64999389648438,72176286
2020-10-14,159.7031707763672,175.22500610351562,182.5,174.14999389648438,182.5,148263902
2020-10-15,155.67015075683594,170.8000030517578,177.125,169.47500610351562,175.5,77922358
2020-10-16,154.781494140625,169.8249969482422,174.0500030517578,169.3000030517578,171.4499969482422,50488458
2020-10-19,156.39927673339844,171.60000610351562,173.25,169.3249969482422,171.22500610351562,25693748
2020-10-20,158.0170440673828,173.375,174.75,170.9250030517578,172.375,33993548
2020-10-21,156.51319885253906,171.72500610351562,175.0500030517578,169.5500030517578,174.8000030517578,19934922
2020-10-22,156.9689178466797,172.22500610351562,174.10000610351562,170.4250030517578,170.5,19082496
2020-10-23,156.03469848632812,171.1999969482422,173.5500030517578,170.64999389648438,173.4499969482422,17346096
2020-10-26,154.84988403320312,169.89999389648438,172.4499969482422,168.35000610351562,171.85000610351562,17390338
2020-10-27,152.22952270507812,167.02499389648438,169.875,165.52499389648438,169.14999389648438,19821156
2020-10-28,152.9586639404297,167.8249969482422,169.9250030517578,167.1999969482422,167.875,17969178
2020-10-29,153.77894592285156,168.72500610351562,170.0,165.5749969482422,166.8249969482422,14479922
2020-10-30,155.26002502441406,170.35000610351562,172.5,169.22500610351562,169.625,22991068
2020-11-02,152.57131958007812,167.39999389648438,170.875,166.85000610351562,170.875,9662266
2020-11-03,152.9586639404297,167.8249969482422,169.72500610351562,166.3249969482422,167.75,9515596
2020-11-04,156.2853546142578,171.47500610351562,175.77499389648438,168.75,169.0,30763800
2020-11-05,157.40187072753906,172.6999969482422,174.5,172.02499389648438,173.97500610351562,11204872
2020-11-06,157.56130981445312,172.875,174.5,171.6999969482422,173.0749969482422,10915586
2020-11-09,160.38674926757812,175.97500610351562,176.39999389648438,173.5,175.0,14214570
2020-11-10,155.98912048339844,171.14999389648438,175.375,170.5749969482422,175.375,18099240
2020-11-11,158.0170440673828,173.375,173.875,170.75,172.25,15275758
2020-11-12,157.47019958496094,172.77499389648438,175.35000610351562,172.14999389648438,174.0,10228848
2020-11-13,156.83218383789062,172.0749969482422,173.125,171.35000610351562,172.25,9455776
2020-11-14,157.42462158203125,172.72500610351562,173.77499389648438,171.5500030517578,173.5749969482422,1498484
2020-11-17,158.90567016601562,174.35000610351562,175.25,171.85000610351562,173.5,13307668
2020-11-18,157.35626220703125,172.64999389648438,176.1750030517578,170.89999389648438,174.875,14815616
2020-11-19,156.1258544921875,171.3000030517578,174.75,170.8000030517578,173.85000610351562,22113702
2020-11-20,157.8119659423828,173.14999389648438,174.25,171.02499389648438,171.89999389648438,12362786
2020-11-23,162.16400146484375,177.9250030517578,178.6999969482422,173.0,174.0,20666694
2020-11-24,162.00448608398438,177.75,180.6999969482422,177.5,179.5,20184882
2020-11-25,159.49810791015625,175.0,179.39999389648438,174.77499389648438,178.9499969482422,13624676
2020-11-26,161.7082977294922,177.4250030517578,178.1999969482422,173.60000610351562,175.5,14732740
2020-11-27,159.7259521484375,175.25,178.75,173.9250030517578,177.4250030517578,24804168
2020-12-01,160.79685974121094,176.4250030517578,176.9499969482422,173.125,176.35000610351562,21387134
2020-12-02,163.5539093017578,179.4499969482422,180.14999389648438,177.10000610351562,177.22500610351562,18868154
2020-12-03,164.19189453125,180.14999389648438,182.0,179.0,182.0,21394090
2020-12-04,164.41973876953125,180.39999389648438,181.1999969482422,179.5,180.5500030517578,14854786
2020-12-07,163.3488311767578,179.22500610351562,181.375,178.75,181.0,16784766
2020-12-08,165.74131774902344,181.85000610351562,182.5,179.1999969482422,180.14999389648438,23626602
2020-12-09,163.82730102539062,179.75,183.875,178.75,183.875,36275376
2020-12-10,162.186767578125,177.9499969482422,179.0,176.375,178.10000610351562,13794794
2020-12-11,161.09307861328125,176.75,180.0,176.3249969482422,178.6999969482422,11727232
2020-12-14,159.20187377929688,174.6750030517578,177.27499389648438,173.5500030517578,176.75,23003678
2020-12-15,160.72850036621094,176.35000610351562,176.9499969482422,173.75,174.64999389648438,14463562
2020-12-16,163.3260498046875,179.1999969482422,179.47500610351562,176.60000610351562,176.9499969482422,13332544
2020-12-17,162.6425018310547,178.4499969482422,179.625,177.75,179.1999969482422,8330742
2020-12-18,165.67294311523438,181.77499389648438,182.89999389648438,178.75,179.47500610351562,34796162
2020-12-21,161.29815673828125,176.97500610351562,183.72500610351562,174.1750030517578,181.25,19330126
2020-12-22,165.96914672851562,182.10000610351562,182.85000610351562,174.72500610351562,177.0,16372078
2020-12-23,175.69854736328125,192.77499389648438,193.8000030517578,185.85000610351562,187.0,89748866
2020-12-24,174.1719207763672,191.10000610351562,193.35000610351562,189.3249969482422,193.22500610351562,24480344
2020-12-28,174.4909210205078,191.4499969482422,193.1999969482422,191.0,191.72500610351562,9451758
2020-12-29,175.44789123535156,192.5,195.25,191.5500030517578,192.0,22918252
2020-12-30,175.17449951171875,192.1999969482422,193.3000030517578,191.39999389648438,192.5,14376870
2020-12-31,176.0175323486328,193.125,193.8000030517578,190.60000610351562,190.60000610351562,12789210
2021-01-01,176.860595703125,194.0500030517578,195.375,192.52499389648438,192.52499389648438,10084672
2021-01-04,180.6429901123047,198.1999969482422,198.97500610351562,193.89999389648438,195.0,19511442
2021-01-05,185.1544952392578,203.14999389648438,204.89999389648438,196.75,197.0500030517578,50313494
2021-01-06,185.20005798339844,203.1999969482422,208.6999969482422,201.64999389648438,202.5,44972600
2021-01-07,185.3595733642578,203.375,206.5,201.9250030517578,206.125,24689510
2021-01-08,196.0459442138672,215.10000610351562,216.3249969482422,203.625,203.75,81986460
2021-01-11,203.6107177734375,223.39999389648438,225.5,217.5,218.0,94668036
2021-01-12,208.57794189453125,228.85000610351562,230.375,221.1999969482422,223.97500610351562,44268930
2021-01-13,209.17034912109375,229.5,233.72500610351562,226.39999389648438,230.5,58380386
2021-01-14,207.0513153076172,227.1750030517578,233.0,215.0,226.0,143103614
2021-01-15,199.85110473632812,219.27499389648438,229.6999969482422,218.3000030517578,227.375,50615558
2021-01-18,196.6611328125,215.77499389648438,222.5,214.5500030517578,220.5,43021174
2021-01-19,196.0687255859375,215.125,219.77499389648438,213.85000610351562,216.5,31355580
2021-01-20,202.7676544189453,222.47500610351562,223.9250030517578,216.5,217.0,48839358
2021-01-21,203.15499877929688,222.89999389648438,226.72500610351562,221.14999389648438,225.8000030517578,31822754
2021-01-22,203.1321563720703,222.375,226.0,220.22500610351562,223.72500610351562,22797624
2021-01-25,199.70664978027344,218.625,225.5,217.5749969482422,222.5749969482422,14760338
2021-01-27,203.9086151123047,223.22500610351562,227.375,218.625,219.0,59180420
2021-01-28,197.2631378173828,215.9499969482422,224.3000030517578,213.64999389648438,221.625,29624870
2021-01-29,190.8688507080078,208.9499969482422,218.85000610351562,207.77499389648438,218.6999969482422,31264842
2021-02-01,192.5131072998047,210.75,211.89999389648438,204.10000610351562,208.0500030517578,30163704
2021-02-02,195.64175415039062,214.1750030517578,217.77499389648438,211.8249969482422,214.0,26620996
2021-02-03,197.993896484375,216.75,219.97500610351562,215.10000610351562,215.10000610351562,19795332
2021-02-04,196.3496856689453,214.9499969482422,218.4499969482422,214.125,216.75,14386598
2021-02-05,194.3628692626953,212.77499389648438,216.6999969482422,210.27499389648438,216.0,17358052
2021-02-08,198.81602478027344,217.64999389648438,218.85000610351562,213.14999389648438,215.1750030517578,25032680
2021-02-09,200.6658172607422,219.6750030517578,225.875,217.60000610351562,220.125,58949660
2021-02-10,200.50595092773438,219.5,222.0749969482422,217.5,221.0,21215470
2021-02-11,199.59246826171875,218.5,220.25,216.6999969482422,219.5,18474052
2021-02-12,201.87615966796875,221.0,224.60000610351562,219.8000030517578,220.0,38561668
2021-02-15,200.82566833496094,219.85000610351562,222.4499969482422,218.39999389648438,222.3000030517578,15689754
2021-02-16,199.84368896484375,218.77499389648438,223.89999389648438,216.89999389648438,223.0,24907596
2021-02-17,196.48670959472656,215.10000610351562,219.5,214.25,217.9499969482422,14780384
2021-02-18,197.74269104003906,216.47500610351562,218.3249969482422,214.6750030517578,215.14999389648438,16771472
2021-02-19,196.37252807617188,214.97500610351562,217.875,213.0500030517578,216.5749969482422,16957332
2021-02-22,191.23426818847656,209.35000610351562,216.4250030517578,208.0,215.35000610351562,21332174
2021-02-23,189.77272033691406,207.75,213.0,207.14999389648438,209.85000610351562,17984706
2021-02-24,193.24391174316406,211.5500030517578,212.89999389648438,207.375,208.85000610351562,10120594
2021-02-25,192.42176818847656,210.64999389648438,214.5,210.22500610351562,211.5500030517578,18220784
2021-02-26,187.39768981933594,205.14999389648438,209.9250030517578,204.0,208.97500610351562,23463882
2021-03-01,189.27029418945312,207.1999969482422,209.35000610351562,204.60000610351562,205.5,12843392
2021-03-02,196.57803344726562,215.1999969482422,216.5500030517578,209.125,209.85000610351562,29750468
2021-03-03,198.90737915039062,217.75,218.3249969482422,214.125,216.5,17564904
2021-03-04,200.41461181640625,219.39999389648438,222.14999389648438,213.75,214.4499969482422,25927594
2021-03-05,192.21624755859375,210.4250030517578,220.0,208.5,220.0,87862344
2021-03-08,190.41213989257812,208.4499969482422,212.5749969482422,207.77499389648438,212.5500030517578,24709676
2021-03-09,191.462646484375,209.60000610351562,211.39999389648438,205.02499389648438,209.89999389648438,23811258
2021-03-10,194.88812255859375,213.35000610351562,215.35000610351562,211.5,213.0500030517578,34582736
2021-03-12,194.20303344726562,212.60000610351562,216.39999389648438,211.0500030517578,215.75,17920252
2021-03-15,194.72828674316406,213.1750030517578,214.3000030517578,208.89999389648438,212.39999389648438,15034204
2021-03-16,196.0756378173828,214.64999389648438,217.47500610351562,212.8249969482422,213.625,21347294
2021-03-17,191.66815185546875,209.8249969482422,217.75,208.85000610351562,214.5,24269624
2021-03-18,187.32919311523438,205.0749969482422,212.0749969482422,202.14999389648438,211.625,20165862
2021-03-19,187.48902893066406,205.25,206.8249969482422,199.72500610351562,204.47500610351562,33750804
2021-03-22,189.29315185546875,207.22500610351562,208.125,205.10000610351562,205.52499389648438,13245968
2021-03-23,189.77272033691406,207.75,211.6999969482422,206.35000610351562,208.85000610351562,23150388
2021-03-24,187.71739196777344,205.5,207.72500610351562,204.60000610351562,205.6750030517578,10280694
2021-03-25,182.53346252441406,199.8249969482422,205.85000610351562,198.875,205.35000610351562,25474258
2021-03-26,184.474609375,201.9499969482422,203.85000610351562,200.3249969482422,202.39999389648438,18066738
2021-03-30,190.960205078125,209.0500030517578,210.22500610351562,202.5,202.5,26339126
2021-03-31,189.15611267089844,207.0749969482422,209.89999389648438,206.6750030517578,209.89999389648438,14890268
2021-04-01,190.18377685546875,208.1999969482422,211.4250030517578,207.1750030517578,209.4250030517578,15193886
2021-04-05,194.31719970703125,212.72500610351562,213.9499969482422,208.10000610351562,208.22500610351562,42432790
2021-04-06,195.0936737060547,213.5749969482422,214.4499969482422,211.1750030517578,213.97500610351562,16641040
2021-04-07,200.0491943359375,219.0,219.5,211.6999969482422,212.5,27735300
2021-04-08,201.92181396484375,221.0500030517578,222.97500610351562,220.0,220.97500610351562,25833228
2021-04-09,205.57569885253906,225.0500030517578,225.6750030517578,220.0,221.4499969482422,23398770
2021-04-12,197.58287048339844,216.3000030517578,225.0500030517578,214.6999969482422,225.0,30172534
2021-04-13,191.3484344482422,209.47500610351562,218.77499389648438,206.3000030517578,216.0,40840640
2021-04-15,196.715087890625,215.35000610351562,217.22500610351562,207.5,209.4499969482422,53517782
2021-04-16,214.29931640625,234.60000610351562,236.8249969482422,218.0,220.85000610351562,218723272
2021-04-19,215.9207000732422,236.375,238.97500610351562,230.5500030517578,231.5,87619710
2021-04-20,214.7103729248047,235.0500030517578,238.77499389648438,233.89999389648438,238.0,35461382
2021-04-22,222.26930236816406,243.3249969482422,247.25,235.8000030517578,235.8000030517578,85241858
2021-04-23,217.26806640625,237.85000610351562,243.6750030517578,237.1750030517578,241.77499389648438,27192006
2021-04-26,219.36903381347656,240.14999389648438,241.9250030517578,238.5,239.6999969482422,18629288
2021-04-27,221.5384979248047,242.52499389648438,243.5,240.5,240.6999969482422,14418934
2021-04-28,223.47962951660156,244.64999389648438,246.60000610351562,240.625,242.9250030517578,19231068
2021-04-29,223.73085021972656,244.9250030517578,246.39999389648438,242.85000610351562,246.35000610351562,15282266
2021-04-30,225.05535888671875,246.375,255.89999389648438,244.64999389648438,245.75,58231142
2021-05-03,222.58900451660156,243.6750030517578,248.0,241.625,243.97500610351562,17199462
2021-05-04,220.12265014648438,240.97500610351562,244.14999389648438,238.89999389648438,243.64999389648438,16204858
2021-05-05,224.07337951660156,245.3000030517578,248.0,241.64999389648438,242.39999389648438,23713182
2021-05-06,233.98448181152344,256.1499938964844,257.3999938964844,243.625,246.85000610351562,48827088
2021-05-07,235.33187866210938,257.625,258.2749938964844,253.75,257.0,29333162
2021-05-10,240.21893310546875,262.9750061035156,264.25,256.625,258.79998779296875,25088944
2021-05-11,236.77059936523438,259.20001220703125,261.6499938964844,257.0249938964844,258.9750061035156,15298998
2021-05-12,231.83786010742188,253.8000030517578,261.2749938964844,252.4250030517578,259.9750061035156,15742214
2021-05-14,227.65875244140625,249.22500610351562,254.1999969482422,246.375,253.75,13599758
2021-05-17,228.2753143310547,249.89999389648438,251.85000610351562,247.5,249.22500610351562,11505300
2021-05-18,232.04339599609375,254.02499389648438,257.3999938964844,250.4499969482422,251.0,18761492
2021-05-19,233.6876220703125,255.8249969482422,258.8999938964844,252.5749969482422,254.14999389648438,14980792
2021-05-20,232.13470458984375,254.125,258.5,251.8000030517578,258.0,12584608
2021-05-21,234.16722106933594,256.3500061035156,257.95001220703125,254.5749969482422,255.0,10395006
2021-05-24,235.17201232910156,257.45001220703125,259.25,254.8249969482422,255.9499969482422,14873624
2021-05-25,236.3823699951172,258.7749938964844,262.42498779296875,257.8500061035156,258.70001220703125,15909128
2021-05-26,240.81271362304688,263.625,265.2250061035156,257.375,257.45001220703125,17646380
2021-05-27,247.04710388183594,270.45001220703125,272.5,262.5249938964844,263.625,58822252
2021-05-28,246.04226684570312,269.3500061035156,270.1499938964844,266.32501220703125,269.5,11757252
2021-05-31,246.20211791992188,269.5249938964844,270.2749938964844,265.5249938964844,269.3500061035156,10772410
2021-06-01,247.91485595703125,271.3999938964844,273.5,269.82501220703125,270.95001220703125,11930088
2021-06-02,248.00621032714844,271.5,272.5,266.5,270.9750061035156,9427136
2021-06-03,246.20211791992188,269.5249938964844,274.95001220703125,269.1499938964844,272.8500061035156,11275982
2021-06-04,247.18409729003906,270.6000061035156,272.75,270.2250061035156,271.75,9543432
2021-06-07,250.404052734375,274.125,275.6000061035156,271.3500061035156,272.3500061035156,8696866
2021-06-08,251.4774169921875,275.29998779296875,277.75,274.57501220703125,275.0,10859468
2021-06-09,248.5543212890625,272.1000061035156,276.625,271.1000061035156,276.5,12413798
2021-06-10,253.14447021484375,277.125,277.75,272.7749938964844,272.7749938964844,11441488
2021-06-11,253.16732788085938,277.1499938964844,279.4750061035156,275.75,277.5,11224718
2021-06-14,256.5014343261719,280.79998779296875,281.3999938964844,276.5,276.95001220703125,11904318
2021-06-15,254.81158447265625,278.95001220703125,282.0,278.5,280.75,7674490
2021-06-16,253.60121154785156,277.625,281.2749938964844,276.75,279.95001220703125,10994538
2021-06-17,255.1769561767578,279.3500061035156,280.75,274.7749938964844,276.25,8798696
2021-06-18,251.11199951171875,274.8999938964844,280.9750061035156,273.0249938964844,280.0,20014232
2021-06-21,247.6179962158203,271.07501220703125,272.375,267.6000061035156,272.375,10781642
2021-06-22,254.19496154785156,278.2749938964844,279.9750061035156,271.1499938964844,272.625,11505842
2021-06-23,246.70452880859375,270.07501220703125,280.42498779296875,269.20001220703125,280.0,22485404
2021-06-24,250.76943969726562,274.5249938964844,275.2749938964844,269.6000061035156,270.95001220703125,17337360
2021-06-25,250.0615234375,273.75,275.5,270.25,274.92498779296875,10079644
2021-06-28,250.01585388183594,273.70001220703125,275.3999938964844,272.125,274.875,6519660
2021-06-29,247.8235321044922,271.29998779296875,276.875,270.5,273.8999938964844,15855760
2021-06-30,249.21656799316406,272.82501220703125,274.0,271.0,272.42498779296875,8586644
2021-07-01,246.33914184570312,269.67498779296875,272.95001220703125,269.0,272.5,8658748
2021-07-02,245.99658203125,269.29998779296875,271.1499938964844,266.79998779296875,270.04998779296875,8314614
2021-07-05,244.96893310546875,268.17498779296875,271.45001220703125,267.7749938964844,271.45001220703125,6878338
2021-07-06,243.2561798095703,266.29998779296875,269.1499938964844,265.92498779296875,268.2749938964844,8386882
2021-07-07,243.05067443847656,266.07501220703125,268.20001220703125,262.54998779296875,267.0249938964844,10755374
2021-07-08,242.52540588378906,265.5,268.4750061035156,264.0,266.95001220703125,9131020
2021-07-09,240.15040588378906,262.8999938964844,265.4750061035156,261.625,263.70001220703125,11449216
2021-07-12,240.17320251464844,262.92498779296875,266.07501220703125,261.6000061035156,265.375,7731112
2021-07-13,239.7164764404297,262.42498779296875,264.75,261.29998779296875,264.0,8344716
2021-07-14,256.547119140625,280.8500061035156,281.6499938964844,262.79998779296875,263.125,58696166
2021-07-15,263.0327453613281,287.95001220703125,289.82501220703125,279.5,280.5,62132402
2021-07-16,263.877685546875,288.875,294.625,284.1499938964844,290.0,73815654
2021-07-19,262.0736083984375,286.8999938964844,292.0,285.0,286.2749938964844,21715702
2021-07-20,259.4701843261719,284.04998779296875,289.07501220703125,280.7749938964844,287.8500061035156,21047054
2021-07-22,266.8236389160156,292.1000061035156,292.5,285.5,288.54998779296875,24086770
2021-07-23,273.65179443359375,299.57501220703125,300.8999938964844,291.8500061035156,293.25,28114910
2021-07-26,269.6781921386719,295.2250061035156,300.25,294.125,300.04998779296875,12199806
2021-07-27,270.13494873046875,295.7250061035156,297.32501220703125,292.07501220703125,294.45001220703125,7966274
2021-07-28,270.3633117675781,295.9750061035156,296.67498779296875,291.5,295.4750061035156,9147860
2021-07-29,269.6781921386719,295.2250061035156,299.0,293.95001220703125,296.79998779296875,11668940
2021-07-30,268.1710205078125,293.57501220703125,296.5,292.5,294.42498779296875,6356412
2021-08-02,270.5003662109375,296.125,297.70001220703125,291.125,294.1000061035156,9247796
2021-08-03,273.7659606933594,299.70001220703125,302.0,297.07501220703125,302.0,10331214
2021-08-04,272.5784606933594,298.3999938964844,302.0,297.1499938964844,301.75,9018712
2021-08-05,274.4511413574219,300.45001220703125,307.25,298.75,298.75,22588728
2021-08-06,273.1265563964844,299.0,303.20001220703125,298.1499938964844,301.875,10540400
2021-08-09,272.5784606933594,298.3999938964844,303.0,297.75,300.0,9293502
2021-08-10,275.79840087890625,301.92498779296875,304.4750061035156,296.54998779296875,299.20001220703125,14055564
2021-08-11,274.6109619140625,300.625,303.25,299.2250061035156,300.95001220703125,8565026
2021-08-12,276.7119140625,302.92498779296875,304.45001220703125,300.32501220703125,301.0,7905016
2021-08-13,281.119384765625,307.75,310.2250061035156,303.0,303.0,16729368
2021-08-16,280.4571228027344,307.0249938964844,310.45001220703125,305.25,308.04998779296875,7144852
2021-08-17,289.98004150390625,317.45001220703125,318.5249938964844,305.6000061035156,306.875,23645544
2021-08-18,287.468017578125,314.70001220703125,319.6000061035156,312.29998779296875,317.875,13847154
2021-08-20,283.197509765625,310.0249938964844,315.9750061035156,309.0,311.25,12341386
2021-08-23,287.21673583984375,314.42498779296875,318.4750061035156,311.75,313.0,14072750
2021-08-24,289.3634033203125,316.7749938964844,318.0,312.04998779296875,318.0,8967436
2021-08-25,288.49560546875,315.82501220703125,321.3999938964844,314.7749938964844,317.5,12815436
2021-08-26,287.2624206542969,314.4750061035156,319.25,313.0,316.1000061035156,8416702
2021-08-27,290.00286865234375,317.4750061035156,318.0,312.6499938964844,314.75,8743108
2021-08-30,288.86102294921875,316.2250061035156,319.75,315.2749938964844,317.9750061035156,8743710
2021-08-31,292.7432556152344,320.4750061035156,321.2749938964844,314.45001220703125,317.29998779296875,15591816
2021-09-01,293.2456359863281,321.0249938964844,323.67498779296875,317.625,321.8999938964844,9450444
2021-09-02,297.5389709472656,325.7250061035156,328.5,320.375,322.5,9077556
2021-09-03,299.2060546875,327.54998779296875,328.3500061035156,324.75,326.5,7549940
2021-09-06,313.5246276855469,343.2250061035156,344.3500061035156,328.32501220703125,328.32501220703125,24676832
2021-09-07,307.95245361328125,337.125,345.0,336.375,345.0,12812218
2021-09-08,302.4488220214844,331.1000061035156,337.70001220703125,330.0,337.70001220703125,13432462
2021-09-09,302.5173034667969,331.17498779296875,332.2749938964844,327.0,330.45001220703125,11611460
2021-09-13,306.3538818359375,335.375,335.92498779296875,328.92498779296875,331.17498779296875,11177578
2021-09-14,307.58709716796875,336.7250061035156,337.8500061035156,335.0,335.5,7322676
2021-09-15,307.8611145019531,337.0249938964844,340.2749938964844,335.0,337.0,8290832
2021-09-16,305.0294189453125,333.92498779296875,340.375,332.5,339.875,9315692
2021-09-17,303.84185791015625,332.625,337.20001220703125,331.375,335.70001220703125,10815562
2021-09-20,302.58587646484375,331.25,335.25,326.70001220703125,328.875,9092860
2021-09-21,304.91522216796875,333.79998779296875,334.5,328.54998779296875,330.25,7367102
2021-09-22,305.1663818359375,334.07501220703125,337.25,331.5,334.5,9583304
2021-09-23,307.9753112792969,337.1499938964844,338.5,335.70001220703125,336.45001220703125,6462586
2021-09-24,308.9801330566406,338.25,349.57501220703125,337.5,340.25,24253176
2021-09-27,298.6579284667969,326.95001220703125,339.17498779296875,325.5,339.0249938964844,16798164
2021-09-28,292.12664794921875,319.79998779296875,326.95001220703125,317.625,326.95001220703125,16224924
2021-09-29,292.6518859863281,320.375,323.25,313.67498779296875,314.9750061035156,17679132
2021-09-30,289.6146545410156,317.04998779296875,323.375,316.2749938964844,319.375,12027918
2021-10-01,290.5965881347656,318.125,319.875,315.1000061035156,317.3999938964844,8417708
2021-10-04,292.7889099121094,320.5249938964844,321.79998779296875,317.9750061035156,319.95001220703125,10494244
2021-10-05,295.43798828125,323.42498779296875,324.75,317.0249938964844,318.2250061035156,10912148
2021-10-06,290.3681945800781,317.875,325.2250061035156,317.20001220703125,325.20001220703125,9673198
2021-10-07,293.6567077636719,321.4750061035156,324.2749938964844,318.45001220703125,319.5,7448686
2021-10-08,301.96923828125,330.57501220703125,333.7749938964844,322.5,323.07501220703125,22091966
2021-10-11,298.15557861328125,326.3999938964844,333.1499938964844,317.5,324.4750061035156,20422932
2021-10-12,301.032958984375,329.54998779296875,331.20001220703125,321.2749938964844,326.0,18680432
2021-10-13,307.1988525390625,336.29998779296875,337.3500061035156,328.0,332.5,18925882
2021-10-14,323.4814453125,354.125,369.92498779296875,347.5,348.5,118377606
2021-10-18,324.16650390625,354.875,360.3999938964844,351.20001220703125,359.5,21198892
2021-10-19,324.9886169433594,355.7749938964844,364.9750061035156,354.0,358.54998779296875,21865148
2021-10-20,320.6039733886719,350.9750061035156,361.375,347.875,356.79998779296875,16108782
2021-10-21,318.0234375,348.1499938964844,354.5,340.8500061035156,354.4750061035156,15916912
2021-10-22,311.6748352050781,341.20001220703125,352.75,339.125,350.875,10758302
2021-10-25,304.96087646484375,333.8500061035156,342.1000061035156,330.3999938964844,341.375,17621916
2021-10-26,305.1663818359375,334.07501220703125,339.3999938964844,332.5,335.5249938964844,12193966
2021-10-27,306.5137023925781,335.54998779296875,337.2749938964844,331.7250061035156,334.07501220703125,12631178
2021-10-28,300.0281677246094,328.45001220703125,335.79998779296875,327.5,335.5,10357542
2021-10-29,295.392333984375,323.375,329.70001220703125,322.125,329.125,13522634
2021-11-01,299.3658752441406,327.7250061035156,328.4750061035156,323.75,325.54998779296875,8802466
2021-11-02,298.6122741699219,326.8999938964844,330.5,325.54998779296875,328.5,8079378
2021-11-03,298.0185546875,326.25,330.92498779296875,325.1000061035156,329.70001220703125,6871182
2021-11-04,298.56658935546875,326.8500061035156,328.82501220703125,323.70001220703125,327.5,1565810
2021-11-08,300.6904296875,329.17498779296875,330.5,323.75,326.4750061035156,9504460
2021-11-09,300.736083984375,329.2250061035156,333.125,328.3500061035156,331.54998779296875,8284130
2021-11-10,298.064208984375,326.29998779296875,329.5,325.7749938964844,327.95001220703125,8091390
2021-11-11,293.1314392089844,320.8999938964844,324.875,318.3999938964844,324.875,12067796
2021-11-12,301.46685791015625,330.0249938964844,331.25,322.8999938964844,324.0,12126506
2021-11-15,300.9416198730469,329.45001220703125,333.0,328.57501220703125,330.7749938964844,9435996
2021-11-16,302.1062927246094,330.7250061035156,334.375,327.32501220703125,329.20001220703125,11327094
2021-11-17,302.2661437988281,330.8999938964844,334.0,329.0,330.7250061035156,8854994
2021-11-18,297.5389709472656,325.7250061035156,332.9750061035156,322.625,331.70001220703125,7842498
2021-11-22,294.1590881347656,322.0249938964844,330.2250061035156,319.0,329.0,11582434
2021-11-23,293.5881652832031,321.3999938964844,324.4750061035156,313.0249938964844,321.3500061035156,9134924
2021-11-24,290.7107849121094,318.25,323.79998779296875,316.54998779296875,322.1499938964844,7985552
2021-11-25,290.8021545410156,318.3500061035156,320.8999938964844,316.5,318.5,6661362
2021-11-26,283.8370361328125,310.7250061035156,317.20001220703125,309.82501220703125,316.0,8277074
2021-11-29,288.01605224609375,315.29998779296875,316.42498779296875,301.9750061035156,308.2749938964844,10376060
2021-11-30,291.0533142089844,318.625,322.75,315.25,315.29998779296875,26850200
2021-12-01,289.9342956542969,317.3999938964844,322.9750061035156,316.625,321.29998779296875,9453644
2021-12-02,295.41510009765625,323.3999938964844,324.04998779296875,314.5,318.45001220703125,10210456
2021-12-03,292.6518859863281,320.375,326.9750061035156,319.95001220703125,322.375,13405010
2021-12-06,285.22998046875,312.25,322.1000061035156,311.57501220703125,318.625,9409906
2021-12-07,288.83819580078125,316.20001220703125,317.2749938964844,311.5,314.0,8557090
2021-12-08,293.0858154296875,320.8500061035156,326.5,319.125,319.5,15360658
2021-12-09,293.7709045410156,321.6000061035156,323.79998779296875,318.92498779296875,320.875,6865604
2021-12-10,291.510009765625,319.125,322.95001220703125,317.54998779296875,321.07501220703125,8525212
2021-12-13,294.7757568359375,322.70001220703125,328.2749938964844,320.1000061035156,321.75,13123680
2021-12-14,295.4607849121094,323.45001220703125,325.95001220703125,319.625,323.0,8609412
2021-12-15,290.66510009765625,318.20001220703125,323.3500061035156,317.67498779296875,323.3500061035156,7123544
2021-12-16,294.27325439453125,322.1499938964844,324.95001220703125,319.70001220703125,322.0,12437240
2021-12-17,306.3767395019531,335.3999938964844,338.3999938964844,325.04998779296875,330.0,104600018
2021-12-20,304.1615905761719,332.9750061035156,338.75,331.5,333.7749938964844,26298202
2021-12-21,315.5114440917969,345.3999938964844,348.54998779296875,335.5,338.0,27362096
2021-12-22,313.15924072265625,342.82501220703125,347.95001220703125,340.6000061035156,347.95001220703125,12327754
2021-12-23,317.22418212890625,347.2749938964844,351.0,344.54998779296875,345.04998779296875,12944908
2021-12-24,319.00543212890625,349.2250061035156,351.20001220703125,345.07501220703125,348.875,13182426
2021-12-27,319.5306396484375,349.79998779296875,350.5,345.57501220703125,349.92498779296875,10188656
2021-12-28,322.2025451660156,352.7250061035156,353.75,350.7749938964844,351.5,10158044
2021-12-29,321.4032287597656,351.8500061035156,355.0,350.0249938964844,352.625,7898416
2021-12-30,326.1532897949219,357.04998779296875,359.95001220703125,352.0,352.54998779296875,18087350
2021-12-31,326.7242126464844,357.67498779296875,359.3999938964844,354.54998779296875,357.8999938964844,8549558
2022-01-03,328.2542724609375,359.3500061035156,363.3999938964844,358.0,359.0,9280810
2022-01-04,329.5330810546875,360.75,361.54998779296875,355.7749938964844,361.375,10228800
2022-01-05,325.8793029785156,356.75,360.42498779296875,351.5,360.0,14711264
2022-01-06,322.33953857421875,352.875,356.125,349.9750061035156,352.8999938964844,12883220
2022-01-07,324.96575927734375,355.75,360.75,353.79998779296875,354.0,13120326
2022-01-10,316.7445983886719,346.75,354.5,345.0,354.5,27537820
2022-01-11,317.0414733886719,347.07501220703125,349.2250061035156,344.5,347.5,15487458
2022-01-12,315.7626037597656,345.67498779296875,350.875,341.6000061035156,350.0,23460682
2022-01-13,296.76251220703125,324.875,333.0,324.0,331.6000061035156,61505934
2022-01-14,292.2179870605469,319.8999938964844,324.625,318.25,324.625,26514548
2022-01-17,295.3466796875,323.32501220703125,325.82501220703125,316.5249938964844,319.75,20457876
2022-01-18,289.2492370605469,316.6499938964844,325.0,315.57501220703125,324.45001220703125,14329980
2022-01-19,283.699951171875,310.57501220703125,315.82501220703125,309.5,315.5,17382766
2022-01-20,280.9823303222656,307.6000061035156,311.20001220703125,305.25,310.32501220703125,16827124
2022-01-21,276.79644775390625,302.5249938964844,305.5,300.3999938964844,305.0,19646694
2022-01-24,262.0199279785156,286.375,302.75,284.2250061035156,302.75,26150716
2022-01-25,257.4223327636719,281.3500061035156,286.0,275.3500061035156,281.25,34712370
2022-01-27,249.2106170654297,272.375,278.45001220703125,268.6000061035156,277.5,31351744
2022-01-28,252.5959014892578,276.07501220703125,282.4750061035156,273.32501220703125,275.04998779296875,29899780
2022-01-31,261.9513244628906,286.29998779296875,287.20001220703125,281.2749938964844,284.5,26252174
2022-02-01,263.80413818359375,288.32501220703125,291.20001220703125,283.2250061035156,289.95001220703125,20920202
2022-02-02,268.9964904785156,294.0,295.0,287.5,291.0,16368826
2022-02-03,264.5360107421875,289.125,294.3999938964844,288.07501220703125,292.3500061035156,14082780
2022-02-04,261.5624694824219,285.875,288.8999938964844,284.0249938964844,288.5,13633558
2022-02-07,254.81466674804688,278.5,286.8999938964844,277.79998779296875,285.95001220703125,15091358
2022-02-08,256.3014831542969,280.125,282.8999938964844,277.2250061035156,280.70001220703125,13953814
2022-02-09,260.28155517578125,284.4750061035156,285.375,281.6499938964844,282.20001220703125,10207476
2022-02-10,262.43170166015625,286.82501220703125,287.375,283.1000061035156,286.20001220703125,11603824
2022-02-11,256.8504333496094,280.7250061035156,283.0,278.54998779296875,283.0,15442458
2022-02-14,247.81532287597656,270.8500061035156,278.57501220703125,270.0,275.0,16241546
2022-02-15,257.7196350097656,281.67498779296875,282.625,271.625,272.79998779296875,13676992
2022-02-16,257.9713134765625,281.95001220703125,285.1499938964844,278.7749938964844,282.57501220703125,14607822
2022-02-17,258.4287414550781,282.45001220703125,286.20001220703125,280.57501220703125,286.0,14228840
2022-02-18,257.3079528808594,281.2250061035156,282.8500061035156,277.67498779296875,279.5,13411838
2022-02-21,261.1278991699219,285.3999938964844,286.3500061035156,277.70001220703125,277.875,17534002
2022-02-22,258.08563232421875,282.07501220703125,284.5,278.04998779296875,278.125,21490124
2022-02-23,259.4351806640625,283.54998779296875,285.45001220703125,281.32501220703125,284.6000061035156,14408512
2022-02-24,245.73377990722656,268.57501220703125,278.45001220703125,265.57501220703125,274.0,26953888
2022-02-25,254.0140838623047,277.625,279.375,273.75,274.0,15922624
2022-02-28,254.26571655273438,277.8999938964844,280.04998779296875,272.04998779296875,275.5,18316874
2022-03-02,253.99119567871094,277.6000061035156,279.1499938964844,275.20001220703125,277.5,16354110
2022-03-03,260.5560302734375,284.7749938964844,287.9750061035156,280.17498779296875,281.5,25911326
2022-03-04,263.1865234375,287.6499938964844,290.0,277.0249938964844,280.5,26948372
2022-03-07,261.60821533203125,285.92498779296875,289.82501220703125,281.125,281.5,21112334
2022-03-08,268.744873046875,293.7250061035156,295.375,286.0,286.0,22039998
2022-03-09,267.8528137207031,292.75,298.20001220703125,291.07501220703125,294.0,23527232
2022-03-10,269.11083984375,294.125,298.25,292.29998779296875,297.5,16161966
2022-03-11,268.1730041503906,293.1000061035156,295.0,291.20001220703125,293.5,9927188
2022-03-14,273.639892578125,299.07501220703125,300.3999938964844,293.0,293.20001220703125,15006442
2022-03-15,268.8592224121094,293.8500061035156,301.8500061035156,292.1499938964844,301.8500061035156,13853244
2022-03-16,273.68560791015625,299.125,299.7250061035156,296.25,297.625,11150296
2022-03-17,275.0351867675781,300.6000061035156,305.5,299.5,302.5,16881290
2022-03-21,274.4861755371094,300.0,308.0,299.0,302.54998779296875,15592952
2022-03-22,279.0838317871094,305.0249938964844,305.5,298.07501220703125,301.70001220703125,15580500
2022-03-23,279.60992431640625,305.6000061035156,307.5,303.8500061035156,306.9750061035156,11393836
2022-03-24,279.31256103515625,305.2749938964844,306.8999938964844,302.8999938964844,303.5,7751490
2022-03-25,276.0187072753906,301.67498779296875,307.0,298.625,305.5,11986194
2022-03-28,274.5777282714844,300.1000061035156,304.5,298.54998779296875,304.0,11476810
2022-03-29,275.6299133300781,301.25,302.67498779296875,299.57501220703125,301.5,9402006
2022-03-30,274.8521423339844,300.3999938964844,304.6499938964844,299.75,302.54998779296875,15488764
2022-03-31,270.7806396484375,295.95001220703125,301.6499938964844,295.1000061035156,300.0,14476178
2022-04-01,275.30963134765625,300.8999938964844,301.70001220703125,294.6499938964844,295.8500061035156,8567994
2022-04-04,277.04803466796875,302.79998779296875,303.25,299.5,302.5,8855948
2022-04-05,276.3792419433594,299.57501220703125,304.75,299.0249938964844,302.7250061035156,12862488
2022-04-06,273.7959899902344,296.7749938964844,299.0,295.5,299.0,8235902
2022-04-07,267.9376525878906,290.42498779296875,296.0,288.75,296.0,15721530
2022-04-08,269.2292785644531,291.82501220703125,293.5,290.25,293.0,8636632
2022-04-11,263.4400939941406,285.54998779296875,292.125,284.04998779296875,292.0,17164216
2022-04-12,257.7202453613281,279.3500061035156,284.0,278.1000061035156,284.0,16338532
2022-04-13,257.9508361816406,279.6000061035156,282.75,277.29998779296875,280.0,11204576
2022-04-18,248.44834899902344,269.29998779296875,274.92498779296875,268.0,274.92498779296875,18930062
2022-04-19,244.6888885498047,265.2250061035156,272.7749938964844,263.0249938964844,272.0,13286008
2022-04-20,247.4796600341797,268.25,270.2749938964844,265.67498779296875,268.0,8660976
2022-04-21,248.7251434326172,269.6000061035156,271.25,268.67498779296875,270.5,13388782
2022-04-22,248.03321838378906,268.8500061035156,270.42498779296875,265.32501220703125,267.5,9782424
2022-04-25,244.1814727783203,264.67498779296875,265.57501220703125,261.6499938964844,264.9750061035156,9473768
2022-04-26,244.13536071777344,264.625,268.875,263.54998779296875,268.5,8718740
2022-04-27,239.38409423828125,259.4750061035156,263.5,257.25,263.5,16275078
2022-04-28,241.04470825195312,261.2749938964844,263.32501220703125,258.0,262.0,13241338
2022-04-29,234.70204162597656,254.39999389648438,264.25,253.5,264.25,24151260
2022-05-02,228.3363037109375,247.5,259.5,246.3000030517578,257.75,43822854
2022-05-04,226.83712768554688,245.875,251.9250030517578,244.625,250.0,17267854
2022-05-05,231.1732177734375,250.5749969482422,251.85000610351562,248.14999389648438,250.5,10869532
2022-05-06,223.7695770263672,242.5500030517578,245.4499969482422,240.5,245.0,18441782
2022-05-09,222.8700714111328,241.5749969482422,244.6750030517578,237.3000030517578,241.0,16675250
2022-05-10,220.3330078125,238.8249969482422,241.875,238.0749969482422,241.5,14969534
2022-05-11,217.68060302734375,235.9499969482422,240.97500610351562,231.27499389648438,240.02499389648438,21029342
2022-05-12,218.5570526123047,236.89999389648438,238.0,231.0749969482422,234.0500030517578,14573000
2022-05-13,216.1814422607422,234.3249969482422,239.75,233.5,239.75,16775318
2022-05-16,215.881591796875,234.0,237.1750030517578,232.5,237.0,7314066
2022-05-17,224.48458862304688,243.3249969482422,244.5,234.14999389648438,235.5,11321450
2022-05-18,221.99363708496094,240.625,247.625,240.3000030517578,245.4499969482422,15390968
2022-05-19,208.10891723632812,225.5749969482422,236.89999389648438,225.0,233.0749969482422,22945978
2022-05-20,212.00682067871094,229.8000030517578,231.10000610351562,227.5,231.0,12731912
2022-05-23,214.9590301513672,233.0,233.89999389648438,228.75,231.89999389648438,14111568
2022-05-24,212.1682586669922,229.97500610351562,234.8000030517578,229.0,234.22500610351562,13779460
2022-05-25,205.20285034179688,222.4250030517578,230.4250030517578,221.60000610351562,230.0749969482422,15481506
2022-05-26,209.12379455566406,226.6750030517578,227.35000610351562,222.0,223.0,11583082
2022-05-27,215.39724731445312,233.47500610351562,233.97500610351562,228.125,230.0,11414472
2022-05-30,219.6872100830078,238.125,240.75,236.5749969482422,236.5749969482422,12291148
2022-05-31,220.5175323486328,239.02499389648438,240.375,235.1999969482422,237.9499969482422,31587004
2022-06-01,217.150146484375,235.375,239.47500610351562,234.25,239.47500610351562,10514566
2022-06-02,218.71852111816406,237.0749969482422,238.22500610351562,234.0500030517578,235.89999389648438,10535040
2022-06-03,219.34124755859375,237.75,244.0,237.25,239.8249969482422,23269778
2022-06-06,218.28030395507812,236.60000610351562,237.75,232.10000610351562,236.0,13791156
2022-06-07,215.7201690673828,233.8249969482422,235.375,232.5749969482422,235.0,4701342
2022-06-08,216.98867797851562,235.1999969482422,236.0,232.14999389648438,235.52499389648438,5627652
2022-06-09,219.1336669921875,237.52499389648438,238.0749969482422,232.125,233.52499389648438,7402238
2022-06-10,212.62954711914062,230.47500610351562,233.60000610351562,228.14999389648438,233.60000610351562,17453098
2022-06-13,205.77944946289062,223.0500030517578,226.5,222.5,225.02499389648438,14130822
2022-06-14,205.68719482421875,222.9499969482422,226.85000610351562,219.0,220.0,13056384
2022-06-15,203.01173400878906,220.0500030517578,225.3249969482422,219.64999389648438,224.22500610351562,11391596
2022-06-16,194.80084228515625,211.14999389648438,223.375,209.875,223.0,17944686
2022-06-17,186.91287231445312,202.60000610351562,209.375,201.02499389648438,208.0,41550546
2022-06-20,191.27203369140625,207.3249969482422,208.9499969482422,202.0749969482422,204.5,20750838
2022-06-21,196.1155242919922,212.5749969482422,213.375,208.3249969482422,210.0,12187804
2022-06-22,189.70364379882812,205.625,211.35000610351562,205.14999389648438,211.35000610351562,16202862
2022-06-23,193.30166625976562,209.52499389648438,210.39999389648438,205.64999389648438,206.25,19655010
2022-06-24,193.1632843017578,209.375,213.0,207.875,210.5,15362102
2022-06-27,196.0001983642578,212.4499969482422,215.375,212.0,213.5,12447870
2022-06-28,197.08421325683594,213.625,214.5500030517578,207.85000610351562,211.0,12091828
2022-06-29,194.0858612060547,210.375,212.39999389648438,208.6999969482422,210.0,16684176
2022-06-30,191.91781616210938,208.02499389648438,211.5,207.5,210.9499969482422,12123284
2022-07-01,194.66246032714844,211.0,211.60000610351562,205.6999969482422,207.5,8907248
2022-07-04,193.8782958984375,210.14999389648438,210.875,208.0,210.47500610351562,6372716
2022-07-05,190.78768920898438,206.8000030517578,211.52499389648438,206.52499389648438,210.5500030517578,11513210
2022-07-06,191.91781616210938,208.02499389648438,209.3000030517578,206.5500030517578,209.3000030517578,10522910
2022-07-07,194.10891723632812,210.39999389648438,211.97500610351562,208.60000610351562,210.0,10706024
2022-07-08,193.32473754882812,209.5500030517578,212.35000610351562,208.27499389648438,212.0,9535432
2022-07-11,189.68060302734375,205.60000610351562,207.5,202.77499389648438,207.375,16689574
2022-07-12,188.73495483398438,204.5749969482422,207.4250030517578,204.0,204.5,9777472
2022-07-13,187.6048126220703,203.35000610351562,206.0,202.6750030517578,206.0,11956780
2022-07-14,185.18307495117188,200.72500610351562,205.3000030517578,200.25,205.3000030517578,13161242
2022-07-15,181.6772918701172,196.9250030517578,202.0500030517578,195.5,200.47500610351562,22328354
2022-07-18,186.70529174804688,202.375,202.85000610351562,198.3249969482422,199.5,13632394
2022-07-19,187.12045288085938,202.8249969482422,203.89999389648438,200.60000610351562,201.5,12897178
2022-07-20,190.0957489013672,206.0500030517578,208.75,203.5500030517578,205.39999389648438,25237412
2022-07-21,190.97219848632812,207.0,208.75,201.3000030517578,204.4250030517578,45382342
2022-07-22,189.51914978027344,205.4250030517578,208.6999969482422,204.52499389648438,207.875,15468542
2022-07-25,191.34120178222656,207.39999389648438,207.8249969482422,204.27499389648438,205.25,12535662
2022-07-26,186.91287231445312,202.60000610351562,207.6999969482422,202.14999389648438,207.39999389648438,15186298
2022-07-27,187.5817413330078,203.3249969482422,203.6999969482422,200.97500610351562,202.47500610351562,14084158
2022-07-28,191.894775390625,208.0,208.5,205.4499969482422,205.89999389648438,15898464
2022-07-29,195.4466552734375,211.85000610351562,212.14999389648438,208.89999389648438,210.3000030517578,15919784
2022-08-01,197.89146423339844,214.5,215.4499969482422,211.3000030517578,213.10000610351562,10365748
2022-08-02,198.16824340820312,214.8000030517578,215.8249969482422,212.3249969482422,214.47500610351562,16912426
2022-08-03,199.43678283691406,216.1750030517578,216.5,213.75,214.5,12034938
2022-08-04,200.88983154296875,217.75,220.14999389648438,213.5500030517578,218.52499389648438,17789134
2022-08-05,202.96560668945312,220.0,221.0,218.0749969482422,218.0749969482422,12967586
2022-08-08,201.05128479003906,217.9250030517578,221.39999389648438,217.60000610351562,221.39999389648438,9557496
2022-08-10,198.4219207763672,215.0749969482422,218.0,213.14999389648438,217.5,11329742
2022-08-11,202.25064086914062,219.22500610351562,221.0,218.14999389648438,219.0,9154644
2022-08-12,201.16659545898438,218.0500030517578,219.25,217.5,218.5500030517578,7092398
2022-08-16,201.6278839111328,218.5500030517578,219.89999389648438,218.3000030517578,219.25,4774208
2022-08-17,204.3725128173828,221.52499389648438,222.4499969482422,218.3249969482422,218.625,10401476
2022-08-18,200.68223571777344,217.52499389648438,220.875,217.02499389648438,220.875,16888260
2022-08-19,199.48291015625,216.22500610351562,221.25,215.5,219.47500610351562,17253908
2022-08-22,193.73988342285156,210.0,215.4499969482422,209.52499389648438,215.4499969482422,12900580
2022-08-23,192.19459533691406,208.3249969482422,209.25,205.0,207.5,17028776
2022-08-24,191.96395874023438,208.0749969482422,209.75,207.1750030517578,208.89999389648438,7429170
2022-08-25,191.52574157714844,207.60000610351562,210.0500030517578,207.47500610351562,209.64999389648438,8753902
2022-08-26,192.47137451171875,208.625,211.25,208.14999389648438,209.25,7904194
2022-08-29,186.5207977294922,202.1750030517578,203.1750030517578,199.5,202.5,23519514
2022-08-30,190.76461791992188,206.77499389648438,207.97500610351562,203.125,204.5749969482422,19750992
2022-09-01,189.33462524414062,205.22500610351562,205.8249969482422,202.4250030517578,204.9499969482422,11778706
2022-09-02,188.06610107421875,203.85000610351562,206.375,203.5500030517578,206.27499389648438,9815080
2022-09-05,187.05126953125,202.75,204.0,202.0,203.5,18018508
2022-09-06,186.56690979003906,202.22500610351562,203.6750030517578,200.625,203.5,18226162
2022-09-07,187.95077514648438,203.72500610351562,204.4250030517578,200.5,201.0500030517578,12248532
2022-09-08,190.41864013671875,206.39999389648438,207.1750030517578,204.8000030517578,205.0,14064948
2022-09-09,192.4252166748047,208.5749969482422,209.72500610351562,205.6750030517578,208.5,14671342
2022-09-12,194.66246032714844,211.0,212.1999969482422,209.02499389648438,209.9250030517578,11678424
2022-09-13,194.96231079101562,211.3249969482422,213.0,210.75,212.4499969482422,9408334
2022-09-14,192.0331268310547,208.14999389648438,211.35000610351562,204.5,204.5,17583964
2022-09-15,191.45652770996094,207.52499389648438,210.4499969482422,206.625,209.85000610351562,10640314
2022-09-16,185.27529907226562,200.8249969482422,206.375,200.10000610351562,206.375,20192486
2022-09-19,185.41371154785156,200.97500610351562,203.10000610351562,198.5,202.5,13584188
2022-09-20,186.7744903564453,202.4499969482422,204.6999969482422,202.22500610351562,203.0,8989822
2022-09-21,184.8601531982422,200.375,202.9499969482422,199.75,202.9499969482422,19290112
2022-09-22,183.5685577392578,198.97500610351562,200.1750030517578,197.5,199.0,16500324
2022-09-23,181.90792846679688,197.1750030517578,199.6999969482422,196.8249969482422,199.0500030517578,13966710
2022-09-26,182.115478515625,197.39999389648438,199.60000610351562,192.3000030517578,196.0,18994144
2022-09-27,183.77613830566406,199.1999969482422,200.6999969482422,196.0,198.39999389648438,12454694
2022-09-28,183.61468505859375,199.02499389648438,200.25,197.6750030517578,198.0,8921590
2022-09-29,181.1929168701172,196.39999389648438,200.9499969482422,195.77499389648438,200.5,11883068
2022-09-30,181.86181640625,197.125,198.35000610351562,193.75,196.22500610351562,13570530
2022-10-03,181.97714233398438,197.25,199.0,195.3000030517578,196.9499969482422,8140834
2022-10-04,187.05126953125,202.75,203.0,199.5,199.97500610351562,12591696
2022-10-06,189.19622802734375,205.0749969482422,206.5,203.72500610351562,204.6750030517578,11203878
2022-10-07,188.2506103515625,204.0500030517578,205.875,203.125,204.89999389648438,7580186
2022-10-10,189.72669982910156,205.64999389648438,206.75,199.875,200.14999389648438,18714926
2022-10-11,186.54383850097656,202.1999969482422,208.9499969482422,201.14999389648438,207.4499969482422,22723292
2022-10-12,188.18142700195312,203.97500610351562,204.8000030517578,200.8000030517578,202.125,12610118
2022-10-13,174.8733367919922,189.5500030517578,196.1750030517578,189.0500030517578,193.5,84896212
2022-10-14,174.0430145263672,188.64999389648438,193.75,188.125,193.5,27864794
2022-10-17,173.0281982421875,187.5500030517578,189.47500610351562,186.1999969482422,188.64999389648438,16909538
2022-10-18,174.96559143066406,189.64999389648438,192.125,189.1999969482422,191.85000610351562,22328480
2022-10-19,174.3889617919922,189.02499389648438,190.60000610351562,188.52499389648438,190.60000610351562,10198278
2022-10-20,175.98040771484375,190.75,191.3000030517578,188.0,188.5,11868814
2022-10-21,176.46473693847656,191.27499389648438,191.64999389648438,190.10000610351562,191.25,8931540
2022-10-24,177.45652770996094,192.35000610351562,193.1999969482422,192.0,193.1999969482422,3472470
2022-10-25,177.43345642089844,192.3249969482422,193.22500610351562,191.8249969482422,193.22500610351562,5783256
2022-10-27,176.51087951660156,191.3249969482422,193.47500610351562,190.5500030517578,193.0,11723118
2022-10-28,176.78765869140625,191.625,192.9250030517578,191.0,191.39999389648438,7609676
2022-10-31,178.3098907470703,193.27499389648438,194.1999969482422,192.375,193.27499389648438,6638382
2022-11-01,181.0084228515625,196.1999969482422,196.5,193.3000030517578,194.0,11540196
2022-11-02,181.72340393066406,196.97500610351562,197.4250030517578,195.3249969482422,196.4250030517578,6716614
2022-11-03,179.2094268798828,194.25,196.875,192.77499389648438,194.875,10312476
2022-11-04,180.15504455566406,195.27499389648438,196.1999969482422,192.8249969482422,194.25,9023630
2022-11-07,180.59327697753906,195.75,197.4250030517578,193.8000030517578,196.5,8252598
2022-11-09,180.33958435058594,195.47500610351562,197.1999969482422,194.5749969482422,197.02499389648438,6862546
2022-11-10,179.3939208984375,194.4499969482422,195.5500030517578,193.5,194.39999389648438,5494908
2022-11-11,184.37579345703125,199.85000610351562,202.9250030517578,198.625,199.25,28417046
2022-11-14,182.9227752685547,198.27499389648438,201.3249969482422,197.77499389648438,201.3249969482422,17623428
2022-11-15,183.19952392578125,198.5749969482422,199.77499389648438,197.0,199.02499389648438,12462712
2022-11-16,183.70693969726562,199.125,200.85000610351562,198.10000610351562,199.5,11039528
2022-11-17,183.01499938964844,198.375,199.0,197.5,198.9499969482422,6057616
2022-11-18,181.6772918701172,196.9250030517578,199.4499969482422,196.39999389648438,198.9250030517578,9546202
2022-11-21,179.27859497070312,194.3249969482422,197.22500610351562,193.8000030517578,196.9250030517578,7904612
2022-11-22,179.34779357910156,194.39999389648438,194.6999969482422,192.25,194.5,8410828
2022-11-23,179.32470703125,194.375,195.97500610351562,194.0,195.375,6717760
2022-11-24,183.70693969726562,199.125,199.875,194.5749969482422,194.9499969482422,13370266
2022-11-25,185.80577087402344,201.39999389648438,202.1999969482422,197.9499969482422,199.5,13648550
2022-11-28,187.12045288085938,202.8249969482422,204.72500610351562,201.0,201.39999389648438,13679200
2022-11-29,186.8898162841797,202.5749969482422,204.4499969482422,201.4499969482422,201.5,9102602
2022-11-30,187.69705200195312,203.4499969482422,204.0,201.3249969482422,203.4499969482422,13892346
2022-12-01,190.8338165283203,206.85000610351562,208.1750030517578,205.8249969482422,206.4250030517578,15852984
2022-12-02,190.234130859375,206.1999969482422,206.9499969482422,204.52499389648438,206.89999389648438,11726622
2022-12-05,190.21107482910156,206.1750030517578,207.47500610351562,205.3249969482422,206.625,9947062
2022-12-06,189.74977111816406,205.6750030517578,206.3000030517578,203.89999389648438,205.25,8832518
2022-12-07,187.4202880859375,203.14999389648438,204.75,202.64999389648438,204.5,6568616
2022-12-08,186.22093200683594,201.85000610351562,204.0,201.64999389648438,203.625,8940712
2022-12-09,181.76953125,197.02499389648438,203.0,195.625,203.0,15423336
2022-12-12,182.8304901123047,198.1750030517578,198.75,194.0,196.4499969482422,10365880
2022-12-13,183.47628784179688,198.875,199.6750030517578,198.0,199.1750030517578,6813842
2022-12-14,184.53726196289062,200.02499389648438,202.25,199.625,200.39999389648438,9995152
2022-12-15,182.30003356933594,197.60000610351562,199.875,197.02499389648438,199.875,7766926
2022-12-16,179.7860107421875,194.875,197.39999389648438,194.02499389648438,195.6999969482422,18012634
2022-12-19,179.46310424804688,194.52499389648438,195.25,192.85000610351562,194.22500610351562,8838046
2022-12-20,179.41700744628906,194.47500610351562,194.9499969482422,191.5,194.39999389648438,8778558
2022-12-21,179.6707000732422,194.75,196.625,193.9250030517578,195.4499969482422,10215214
2022-12-22,179.32470703125,194.375,195.97500610351562,193.0,195.0500030517578,9093800
2022-12-23,174.20445251464844,188.8249969482422,192.9250030517578,188.5,192.0,12120710
2022-12-26,175.51910400390625,190.25,190.8000030517578,188.14999389648438,189.0,7261148
2022-12-27,178.3329620361328,193.3000030517578,193.6750030517578,190.125,191.25,7685840
2022-12-28,178.88650512695312,193.89999389648438,194.77499389648438,191.625,192.5,7676002
2022-12-29,180.24729919433594,195.375,196.0500030517578,192.39999389648438,193.125,9485398
2022-12-30,181.1698760986328,196.375,198.14999389648438,195.77499389648438,196.5,8256556
2023-01-02,181.30824279785156,196.52499389648438,196.9499969482422,195.25,196.5,5559512
2023-01-03,183.1533966064453,198.52499389648438,198.875,195.85000610351562,196.52499389648438,5994422
2023-01-04,179.76295471191406,194.85000610351562,198.75,194.3000030517578,198.75,8926522
2023-01-05,178.4713592529297,193.4499969482422,196.10000610351562,191.875,195.0,9568980
2023-01-06,176.2110595703125,191.0,194.39999389648438,190.6999969482422,193.5,8484754
2023-01-09,180.7316436767578,195.89999389648438,196.5,192.5500030517578,193.0,7347432
2023-01-10,181.30824279785156,196.52499389648438,196.9499969482422,193.6750030517578,196.0,7879496
2023-01-11,181.6772918701172,196.9250030517578,198.0,195.75,196.5,7656600
2023-01-12,181.97714233398438,197.25,198.9499969482422,195.25,197.875,9510500
2023-01-13,181.70033264160156,196.9499969482422,198.3000030517578,193.25,198.0,13621860
2023-01-16,183.86839294433594,199.3000030517578,200.5,194.5,195.0,23867444
2023-01-17,182.8304901123047,198.1750030517578,201.02499389648438,196.875,200.02499389648438,14310032
2023-01-18,185.99029541015625,201.60000610351562,201.9250030517578,199.0,199.25,16080426
2023-01-19,186.0825653076172,201.6999969482422,202.0,199.375,201.0500030517578,9447456
2023-01-20,185.9672393798828,201.5749969482422,202.6999969482422,200.64999389648438,201.77499389648438,9265614
2023-01-23,187.74317932128906,203.5,203.875,201.25,202.60000610351562,8815290
2023-01-24,188.02064514160156,203.3000030517578,205.10000610351562,202.5749969482422,204.1999969482422,9552640
2023-01-25,185.68539428710938,200.77499389648438,202.9499969482422,200.0,202.5,6355554
2023-01-27,184.06695556640625,199.02499389648438,201.8000030517578,197.10000610351562,200.77499389648438,7410134
2023-01-30,186.0091094970703,201.125,202.39999389648438,197.52499389648438,199.02499389648438,7261256
2023-01-31,184.43687438964844,199.4250030517578,201.27499389648438,198.85000610351562,201.14999389648438,9566846
2023-02-01,186.07847595214844,201.1999969482422,201.9499969482422,199.1750030517578,200.75,7029896
2023-02-02,189.33856201171875,204.72500610351562,205.0,201.1999969482422,201.1999969482422,10835460
2023-02-03,188.6217803955078,203.9499969482422,206.5,203.0749969482422,206.27499389648438,8850236
2023-02-06,187.11892700195312,202.3249969482422,203.10000610351562,200.8000030517578,202.6999969482422,5958022
2023-02-07,185.1998748779297,200.25,202.75,199.52499389648438,202.75,6683580
2023-02-08,188.08999633789062,203.375,203.8000030517578,200.5,200.5,8300976
2023-02-09,188.8067626953125,204.14999389648438,204.47500610351562,201.77499389648438,203.375,5277374
2023-02-10,187.65069580078125,202.89999389648438,203.5,201.39999389648438,203.5,5160140
2023-02-13,185.24610900878906,200.3000030517578,202.8249969482422,199.60000610351562,202.8249969482422,4825356
2023-02-14,187.32701110839844,202.5500030517578,203.22500610351562,200.75,201.5,4638822
2023-02-15,188.39059448242188,203.6999969482422,203.9250030517578,200.1750030517578,201.35000610351562,5227672
2023-02-16,189.546630859375,204.9499969482422,206.625,204.27499389648438,204.39999389648438,11189362
2023-02-17,187.8819122314453,203.14999389648438,204.0,202.0,203.4250030517578,5616244
2023-02-20,188.22872924804688,203.52499389648438,203.89999389648438,201.10000610351562,202.64999389648438,6497188
2023-02-21,186.2403106689453,201.375,204.0,201.0500030517578,203.6999969482422,5761172
2023-02-22,182.7259063720703,197.5749969482422,200.1750030517578,197.22500610351562,199.75,6883372
2023-02-23,182.17100524902344,196.97500610351562,199.35000610351562,196.6999969482422,197.89999389648438,6078322
2023-02-24,181.87042236328125,196.64999389648438,198.25,196.27499389648438,197.97500610351562,5106634
2023-02-27,180.5063018798828,195.1750030517578,196.64999389648438,192.72500610351562,196.375,5554710
2023-02-28,178.9803009033203,193.52499389648438,196.60000610351562,192.85000610351562,195.9250030517578,10061602
2023-03-01,180.7837677001953,195.47500610351562,195.875,193.64999389648438,194.0500030517578,4542612
2023-03-02,179.4427032470703,194.02499389648438,195.1750030517578,193.64999389648438,194.35000610351562,4438972
2023-03-03,180.5525665283203,195.22500610351562,195.72500610351562,194.5500030517578,195.3000030517578,4393936
2023-03-06,182.0785369873047,196.875,198.3249969482422,196.0500030517578,196.22500610351562,6727722
2023-03-08,181.5467529296875,196.3000030517578,196.5,194.4250030517578,195.8249969482422,4908842
2023-03-09,180.39068603515625,195.0500030517578,196.9250030517578,194.8000030517578,196.39999389648438,4157054
2023-03-10,179.92825317382812,194.5500030517578,194.9499969482422,193.3000030517578,193.9499969482422,4567396
2023-03-13,178.2404327392578,192.72500610351562,196.3000030517578,191.875,194.5,5982520
2023-03-14,175.4658966064453,189.72500610351562,193.5749969482422,188.6750030517578,193.27499389648438,8094852
2023-03-15,173.75494384765625,187.875,191.85000610351562,187.4499969482422,191.85000610351562,7687926
2023-03-16,172.41390991210938,186.4250030517578,188.35000610351562,185.0,187.6750030517578,7686620
2023-03-17,174.10174560546875,188.25,189.1750030517578,186.9250030517578,188.60000610351562,9044282
2023-03-20,169.7781219482422,183.5749969482422,187.97500610351562,182.5749969482422,187.5,8184754
2023-03-21,169.43130493164062,183.1999969482422,185.125,182.72500610351562,184.5,7211152
2023-03-22,169.43130493164062,183.1999969482422,185.0,182.9250030517578,183.9250030517578,5374846
2023-03-23,167.16543579101562,180.75,182.4499969482422,180.1750030517578,182.4499969482422,9485192
2023-03-24,167.2810516357422,180.875,183.4250030517578,180.5,181.6750030517578,7906696
2023-03-27,167.04981994628906,180.625,182.0,179.60000610351562,180.875,6227714
2023-03-28,164.71458435058594,178.10000610351562,182.02499389648438,177.6999969482422,181.5,7813096
2023-03-29,166.03250122070312,179.52499389648438,180.375,177.5,179.0,8823840
2023-03-31,168.89952087402344,182.625,182.875,180.64999389648438,181.6750030517578,7914212
2023-04-03,170.14804077148438,183.97500610351562,184.1999969482422,182.5749969482422,183.97500610351562,4053500
2023-04-05,170.98040771484375,184.875,185.9499969482422,183.60000610351562,184.85000610351562,6443110
2023-04-06,169.54690551757812,183.3249969482422,185.22500610351562,182.9250030517578,184.5,6429614
2023-04-10,172.62200927734375,186.64999389648438,187.1999969482422,183.8000030517578,184.0,5624940
2023-04-11,171.2116241455078,185.125,187.4250030517578,184.3000030517578,186.75,6784354
2023-04-12,172.0902099609375,186.0749969482422,186.72500610351562,184.6750030517578,185.3000030517578,5578210
2023-04-13,170.3098907470703,184.14999389648438,184.9499969482422,183.0,184.9499969482422,6724634
2023-04-17,167.0960693359375,180.6750030517578,180.97500610351562,176.0,179.97500610351562,13603290
2023-04-18,170.1249237060547,183.9499969482422,184.4499969482422,179.625,181.72500610351562,8024898
2023-04-19,166.8417205810547,180.39999389648438,183.9499969482422,180.1999969482422,183.9499969482422,7475944
2023-04-20,167.7897186279297,181.4250030517578,181.85000610351562,179.5,180.25,4423266
2023-04-21,170.19430541992188,184.02499389648438,184.35000610351562,181.8249969482422,182.0500030517578,5299988
2023-04-24,174.77227783203125,188.97500610351562,189.3000030517578,185.27499389648438,187.5,17779044
2023-04-25,173.7086944580078,187.8249969482422,189.4499969482422,187.0500030517578,189.10000610351562,7528552
2023-04-26,173.20001220703125,187.27499389648438,188.8249969482422,186.6999969482422,188.8249969482422,7008146
2023-04-27,173.13067626953125,187.1999969482422,188.3000030517578,186.02499389648438,188.1999969482422,8491700
2023-04-28,178.0323486328125,192.5,194.0,190.0,190.0,27709406
2023-05-02,179.5814666748047,194.1750030517578,196.0749969482422,193.72500610351562,194.5,9746608
2023-05-03,178.07858276367188,192.5500030517578,194.1750030517578,191.02499389648438,194.1750030517578,4828488
2023-05-04,177.43118286132812,191.85000610351562,193.0749969482422,191.52499389648438,192.375,6253358
2023-05-05,175.44276428222656,189.6999969482422,192.1999969482422,189.5,191.375,7902194
2023-05-08,175.88209533691406,190.1750030517578,191.5,189.8000030517578,190.5,9613544
2023-05-09,176.78379821777344,191.14999389648438,191.72500610351562,190.02499389648438,191.25,5716698
2023-05-10,177.45431518554688,191.875,192.27499389648438,191.0,192.0,3670402
2023-05-11,177.8704833984375,192.3249969482422,193.4250030517578,191.5500030517578,192.85000610351562,4049964
2023-05-12,177.2230987548828,191.625,192.625,190.77499389648438,192.3000030517578,4580358
2023-05-15,178.37916564941406,192.875,193.5,191.25,191.625,5089694
2023-05-16,178.93406677246094,193.47500610351562,194.39999389648438,193.25,193.75,4059352
2023-05-17,176.78379821777344,191.14999389648438,193.6750030517578,190.6750030517578,193.10000610351562,5376102
2023-05-18,176.9225311279297,191.3000030517578,192.6750030517578,191.125,192.60000610351562,4237016
2023-05-19,178.58726501464844,193.10000610351562,194.10000610351562,191.75,192.39999389648438,7281582
2023-05-22,183.0033721923828,197.875,198.3000030517578,192.6999969482422,193.25,12197390
2023-05-23,183.88197326660156,198.8249969482422,201.0500030517578,198.02499389648438,198.5,12725634
2023-05-24,184.82994079589844,199.85000610351562,200.22500610351562,196.6750030517578,197.25,8256974
2023-05-25,182.24038696289062,197.0500030517578,199.5,196.3249969482422,199.5,13605054
2023-05-26,185.75479125976562,200.85000610351562,201.27499389648438,197.5,197.5749969482422,7926180
2023-05-29,184.87619018554688,199.89999389648438,203.0,199.6750030517578,202.0,7959308
2023-05-30,186.1247100830078,201.25,201.9250030517578,199.72500610351562,200.0,7378972
2023-05-31,186.65650939941406,201.8249969482422,202.39999389648438,200.25,200.875,11783582
2023-06-01,188.27499389648438,203.5749969482422,204.0,202.02499389648438,202.5,7065484
2023-06-02,187.25765991210938,202.47500610351562,204.89999389648438,202.0,204.35000610351562,6320754
2023-06-05,186.9108428955078,202.10000610351562,204.875,201.85000610351562,204.4499969482422,7252860
2023-06-06,184.945556640625,199.97500610351562,201.6750030517578,197.77499389648438,201.6750030517578,13707400
2023-06-07,186.263427734375,201.39999389648438,201.8000030517578,200.5,201.1999969482422,8215860
2023-06-08,184.7605743408203,199.77499389648438,202.375,199.375,202.0500030517578,10615052
2023-06-09,183.72012329101562,198.64999389648438,200.1750030517578,198.02499389648438,199.72500610351562,12018232
2023-06-12,182.93402099609375,197.8000030517578,199.89999389648438,197.3000030517578,199.89999389648438,11973622
2023-06-13,182.910888671875,197.77499389648438,199.25,197.25,198.97500610351562,13016186
2023-06-14,183.32705688476562,198.22500610351562,198.5749969482422,196.35000610351562,198.14999389648438,18512564
2023-06-15,179.85891723632812,194.47500610351562,198.72500610351562,194.125,198.5500030517578,28702320
2023-06-16,176.3213653564453,190.64999389648438,194.3249969482422,189.5749969482422,192.77499389648438,41110648
2023-06-19,175.7895965576172,190.0749969482422,191.0,188.5500030517578,191.0,10629440
2023-06-20,176.87628173828125,191.25,192.47500610351562,190.3000030517578,190.89999389648438,11802658
2023-06-21,178.26356506347656,192.75,193.625,191.5500030517578,192.125,8829264
2023-06-22,176.78379821777344,191.14999389648438,193.0,190.8000030517578,193.0,9356174
2023-06-23,175.69711303710938,189.97500610351562,191.5,189.0500030517578,191.14999389648438,6470406
2023-06-26,176.13641357421875,190.4499969482422,190.9499969482422,189.52499389648438,190.0,4100400
2023-06-27,176.9225311279297,191.3000030517578,192.125,190.75,192.125,5880750
2023-06-28,176.50634765625,190.85000610351562,191.875,190.39999389648438,191.875,7140112
2023-06-30,179.9513702392578,194.5749969482422,194.875,191.5,192.5,9070810
2023-07-03,181.08433532714844,195.8000030517578,196.9499969482422,194.75,196.9499969482422,9036924
2023-07-04,183.09585571289062,197.97500610351562,198.6750030517578,196.5,196.875,12617234
2023-07-05,182.1479034423828,196.9499969482422,197.6999969482422,195.9250030517578,197.0500030517578,12366958
2023-07-06,183.21145629882812,198.10000610351562,198.47500610351562,196.5749969482422,197.25,9037242
2023-07-07,183.04962158203125,197.9250030517578,198.72500610351562,196.60000610351562,197.5,9065220
2023-07-10,180.3213348388672,194.97500610351562,197.9250030517578,194.8249969482422,197.9250030517578,5630400
2023-07-11,181.29238891601562,196.02499389648438,196.39999389648438,193.9250030517578,195.0,9634838
2023-07-12,181.19993591308594,195.9250030517578,196.97500610351562,195.1750030517578,196.9499969482422,6848220
2023-07-13,182.3328399658203,197.14999389648438,199.3000030517578,195.625,195.9250030517578,13595726
2023-07-14,187.3038787841797,202.52499389648438,202.75,196.1750030517578,197.375,31366784
2023-07-17,192.02059936523438,207.625,212.47500610351562,202.89999389648438,203.5,45759860
2023-07-18,192.92233276367188,208.60000610351562,210.14999389648438,206.125,209.0,17769026
2023-07-19,193.26914978027344,208.97500610351562,210.5,207.0749969482422,210.0,10830990
2023-07-20,193.13040161132812,208.8249969482422,210.0,207.3249969482422,209.25,8255710
2023-07-21,187.14205932617188,202.35000610351562,207.1750030517578,200.5,202.5,23514212
2023-07-24,186.84146118164062,202.02499389648438,204.0,201.75,203.14999389648438,6808460
2023-07-25,185.15362548828125,200.1999969482422,202.75,200.0,202.75,6458200
2023-07-26,186.2403106689453,201.375,201.8000030517578,200.6999969482422,201.75,5329662
2023-07-27,184.945556640625,199.97500610351562,203.3000030517578,199.5,202.0,8948358
2023-07-28,184.39064025878906,199.375,201.4250030517578,198.27499389648438,200.52499389648438,6760060
2023-07-31,187.3038787841797,202.52499389648438,203.0,199.47500610351562,199.875,6762180
2023-08-01,188.18247985839844,203.47500610351562,204.0,202.02499389648438,202.75,7181804
2023-08-02,186.263427734375,201.39999389648438,202.9499969482422,199.5,202.9499969482422,5399618
2023-08-03,184.80679321289062,199.8249969482422,201.0,198.52499389648438,201.0,6821698
2023-08-04,189.0611114501953,204.4250030517578,205.0,200.14999389648438,200.4250030517578,12481540
2023-08-07,190.12464904785156,205.5749969482422,206.5,204.02499389648438,204.97500610351562,8822866
2023-08-08,192.5292510986328,208.1750030517578,208.75,204.97500610351562,206.1999969482422,15724284
2023-08-09,193.19976806640625,208.89999389648438,209.25,206.27499389648438,207.75,9309388
2023-08-10,193.59283447265625,209.3249969482422,210.39999389648438,207.77499389648438,208.5500030517578,9901644
2023-08-11,191.0032501220703,206.52499389648438,211.0749969482422,206.1750030517578,209.3249969482422,7571468
2023-08-14,191.97434997558594,207.5749969482422,208.10000610351562,204.75,206.625,5792180
2023-08-16,193.59283447265625,209.3249969482422,210.10000610351562,207.0,207.0749969482422,8131780
2023-08-17,193.0841522216797,208.77499389648438,210.1999969482422,207.25,209.3249969482422,6340960
2023-08-18,190.37899780273438,205.85000610351562,208.1750030517578,204.0,207.52499389648438,10602392
2023-08-21,191.7200164794922,207.3000030517578,208.6750030517578,205.8249969482422,205.89999389648438,7334260
2023-08-22,192.87606811523438,208.5500030517578,209.0500030517578,206.375,207.5,6350240
2023-08-23,192.02059936523438,207.625,208.97500610351562,207.3000030517578,208.625,6134234
2023-08-24,190.8414306640625,206.35000610351562,210.0,206.0,209.375,5776956
2023-08-25,189.45416259765625,204.85000610351562,205.64999389648438,203.5500030517578,205.0,6598510
2023-08-28,188.69114685058594,204.02499389648438,206.22500610351562,203.8249969482422,205.72500610351562,3401974
2023-08-29,188.7142791748047,204.0500030517578,205.9499969482422,203.5500030517578,204.8249969482422,3998562
2023-08-30,188.298095703125,203.60000610351562,205.10000610351562,203.3249969482422,205.0,4018182
2023-08-31,188.85301208496094,204.1999969482422,205.0,203.22500610351562,204.0,22061952
2023-09-01,192.5292510986328,208.1750030517578,208.875,203.75,203.97500610351562,8476130
2023-09-04,200.7372589111328,217.0500030517578,218.25,208.0,209.0,27634648
2023-09-05,199.69680786132812,215.9250030517578,218.75,215.14999389648438,217.89999389648438,17973426
2023-09-06,198.51760864257812,214.64999389648438,217.77499389648438,212.9499969482422,216.875,13531912
2023-09-07,200.15924072265625,216.4250030517578,216.85000610351562,213.375,214.97500610351562,9322650
2023-09-08,198.84130859375,215.0,216.72500610351562,214.64999389648438,216.72500610351562,5748410
2023-09-11,201.0840606689453,217.4250030517578,218.75,215.0500030517578,216.5,8253314
2023-09-12,201.1534423828125,217.5,220.75,213.4499969482422,218.5500030517578,14545328
2023-09-13,201.47711181640625,217.85000610351562,218.97500610351562,215.75,217.47500610351562,7445670
2023-09-14,201.8239288330078,218.22500610351562,221.625,217.64999389648438,219.1999969482422,14895010
2023-09-15,203.95106506347656,220.52499389648438,221.875,219.125,219.89999389648438,19835876
2023-09-18,201.66207885742188,218.0500030517578,220.52499389648438,217.60000610351562,220.52499389648438,6025196
2023-09-20,198.88755798339844,215.0500030517578,218.4250030517578,214.52499389648438,217.125,9102700
2023-09-21,198.3557891845703,214.47500610351562,215.625,211.52499389648438,214.9499969482422,8893070
2023-09-22,193.52345275878906,209.25,213.375,208.3000030517578,212.1999969482422,19818260
2023-09-25,191.4888153076172,207.0500030517578,209.875,206.0,209.25,9301132
2023-09-26,190.93389892578125,206.4499969482422,208.39999389648438,205.85000610351562,208.39999389648438,6480566
2023-09-27,192.20556640625,207.8249969482422,208.27499389648438,205.14999389648438,206.125,7773994
2023-09-28,187.442626953125,202.6750030517578,208.25,202.0,208.25,16876116
2023-09-29,187.7663116455078,203.02499389648438,204.625,200.75,202.5,12780272
2023-10-03,187.4888458251953,202.72500610351562,204.0500030517578,201.8000030517578,203.22500610351562,5728104
2023-10-04,187.23452758789062,202.4499969482422,202.72500610351562,200.3249969482422,201.35000610351562,6905870
2023-10-05,188.11312866210938,203.39999389648438,205.1999969482422,202.5,203.97500610351562,8125304
2023-10-06,188.5986785888672,203.9250030517578,204.89999389648438,203.47500610351562,204.0,6365004
2023-10-09,187.5582275390625,202.8000030517578,205.5,201.6999969482422,202.10000610351562,6030450
2023-10-10,188.55242919921875,203.875,204.375,203.10000610351562,203.1999969482422,5128014
2023-10-11,194.74887084960938,210.5749969482422,211.97500610351562,204.5,204.5,19092228
2023-10-12,192.87606811523438,208.5500030517578,210.9499969482422,207.35000610351562,210.875,10234398
2023-10-13,190.07839965820312,205.52499389648438,207.1999969482422,204.52499389648438,205.9499969482422,10914054
2023-10-16,189.68536376953125,205.10000610351562,205.9499969482422,204.0749969482422,205.5,5277652
2023-10-17,190.24026489257812,205.6999969482422,206.9250030517578,205.52499389648438,205.85000610351562,5979388
2023-10-18,188.41371154785156,203.72500610351562,206.8249969482422,203.5,204.5,4881066
2023-10-19,182.79527282714844,197.64999389648438,198.375,195.0500030517578,195.97500610351562,25629102
2023-10-20,181.19993591308594,195.9250030517578,198.02499389648438,195.5,197.52499389648438,8429336
2023-10-23,177.17686462402344,191.5749969482422,196.5,191.10000610351562,195.4250030517578,8837826
2023-10-25,176.5757293701172,190.9250030517578,193.85000610351562,190.5500030517578,192.1999969482422,6678294
2023-10-26,174.91098022460938,189.125,190.27499389648438,187.52499389648438,189.39999389648438,10995582
2023-10-27,176.8069305419922,191.1750030517578,192.1750030517578,189.52499389648438,189.52499389648438,6202812
2023-10-30,176.64508056640625,191.0,192.1750030517578,190.1999969482422,192.0,4688744
2023-10-31,176.55258178710938,190.89999389648438,192.0500030517578,189.5749969482422,191.60000610351562,6153536
2023-11-01,176.1595458984375,190.47500610351562,192.77499389648438,190.0749969482422,191.9250030517578,4241952
2023-11-02,177.40805053710938,191.8249969482422,192.5749969482422,191.0500030517578,191.89999389648438,4742730
2023-11-03,177.36181640625,191.77499389648438,193.35000610351562,191.3249969482422,193.0,5291528
2023-11-06,177.8704833984375,192.3249969482422,193.22500610351562,191.5,193.0,4939936
2023-11-07,177.2462158203125,191.64999389648438,193.5,191.4250030517578,192.4499969482422,5692178
2023-11-08,176.73756408691406,191.10000610351562,192.9250030517578,190.75,192.3000030517578,7102052
2023-11-09,176.11329650878906,190.4250030517578,192.0,189.85000610351562,191.5,9231126
2023-11-10,175.3965301513672,189.64999389648438,190.89999389648438,188.5,190.14999389648438,10710700
2023-11-13,176.48321533203125,190.8249969482422,191.4499969482422,190.0,191.3000030517578,3585902
2023-11-15,181.10743713378906,195.8249969482422,196.125,192.125,192.77499389648438,10792518
2023-11-16,183.6276397705078,198.5500030517578,199.75,194.64999389648438,195.8249969482422,13843576
2023-11-17,182.8415069580078,197.6999969482422,199.5,197.25,199.0,7886928
2023-11-20,185.06117248535156,200.10000610351562,200.5500030517578,196.60000610351562,196.60000610351562,8610496
2023-11-21,185.26922607421875,200.3249969482422,201.3000030517578,200.02499389648438,201.3000030517578,5440248
2023-11-22,185.08425903320312,200.125,201.3000030517578,199.5500030517578,201.25,5318582
2023-11-23,186.1247100830078,201.25,202.5,200.25,200.25,9677360
2023-11-24,183.11898803710938,198.0,201.75,197.77499389648438,201.25,6250566
2023-11-28,183.5120391845703,198.4250030517578,199.375,196.5500030517578,198.5,8145314
2023-11-29,187.8588104248047,203.125,204.27499389648438,199.0,199.0,15544086
2023-11-30,191.0032501220703,206.52499389648438,207.25,202.02499389648438,203.47500610351562,19825958
2023-12-01,188.5061798095703,203.8249969482422,206.875,203.25,206.875,9830426
2023-12-04,188.41371154785156,203.72500610351562,206.5,203.375,206.35000610351562,10662472
2023-12-05,186.98020935058594,202.1750030517578,204.5,201.0500030517578,203.6999969482422,11165368
2023-12-06,193.63905334472656,209.375,210.1999969482422,202.97500610351562,203.375,22082070
2023-12-07,193.40785217285156,209.125,210.75,208.3249969482422,210.0,11250552
2023-12-08,195.41940307617188,211.3000030517578,212.25,207.5,209.39999389648438,15479122
2023-12-11,194.4945526123047,210.3000030517578,211.10000610351562,208.625,210.0,10084242
2023-12-12,195.23443603515625,211.10000610351562,213.9499969482422,210.0749969482422,210.35000610351562,11903364
2023-12-13,194.0552520751953,209.8249969482422,212.14999389648438,207.5,211.77499389648438,9696816
2023-12-14,200.87594604492188,217.1999969482422,218.0,211.625,211.75,24681376
2023-12-15,206.494384765625,223.27499389648438,224.75,216.75,218.02499389648438,41567234
2023-12-18,205.8932342529297,222.625,226.75,221.0,223.0,20182072
2023-12-19,202.8643798828125,219.35000610351562,223.6750030517578,217.5,222.8000030517578,16064694
2023-12-20,199.7430419921875,215.97500610351562,224.75,214.6750030517578,221.0,26449942
2023-12-21,200.6909942626953,217.0,218.25,213.60000610351562,214.4499969482422,10663008
2023-12-22,213.9393768310547,231.3249969482422,233.14999389648438,217.0,217.64999389648438,46080814
2023-12-26,217.38442993164062,235.0500030517578,237.89999389648438,224.1750030517578,227.0,54628644
2023-12-27,217.77748107910156,235.47500610351562,237.6999969482422,232.0500030517578,234.25,25262992
2023-12-28,217.0838623046875,234.72500610351562,238.6999969482422,233.8249969482422,236.27499389648438,16839956
2023-12-29,217.93930053710938,235.64999389648438,237.6750030517578,233.0500030517578,235.47500610351562,15961140
2024-01-01,220.64450073242188,238.5749969482422,241.75,234.14999389648438,236.5,20347278
2024-01-02,216.96824645996094,234.60000610351562,239.0,232.14999389648438,239.0,14282514
2024-01-03,210.81805419921875,227.9499969482422,231.9499969482422,227.5,231.9499969482422,19534364
2024-01-04,209.19955444335938,226.1999969482422,229.9250030517578,225.6999969482422,228.5,15170336
2024-01-05,211.14173889160156,228.3000030517578,231.5,226.75,227.52499389648438,16889130
2024-01-08,208.25157165527344,225.1750030517578,230.0,224.52499389648438,228.75,10082886
2024-01-09,208.4365692138672,225.375,231.25,224.97500610351562,229.0,14465048
2024-01-10,209.75445556640625,226.8000030517578,228.0,224.5,225.72500610351562,8874676
2024-01-11,207.25738525390625,224.10000610351562,228.4499969482422,223.35000610351562,227.47500610351562,8638818
2024-01-12,215.2341766357422,232.72500610351562,234.5,227.5,227.5,36086734
2024-01-15,228.71376037597656,247.3000030517578,264.5,244.5749969482422,255.97500610351562,127844264
2024-01-16,224.27450561523438,242.5,247.5,240.25,247.5,25912492
2024-01-17,223.07220458984375,241.1999969482422,245.75,236.0,237.5749969482422,28668932
2024-01-18,223.1878204345703,241.3249969482422,244.5,234.1999969482422,241.1999969482422,26144924
2024-01-19,224.29762268066406,242.52499389648438,246.6750030517578,241.8000030517578,244.0,15498620
2024-01-23,217.29193115234375,234.9499969482422,243.0,233.52499389648438,239.02499389648438,19972336
2024-01-24,221.53211975097656,239.02499389648438,239.5,234.02499389648438,235.5,11708750
2024-01-25,217.8016815185547,235.0,239.6750030517578,234.27499389648438,239.02499389648438,12852980
2024-01-29,219.19190979003906,236.5,238.5,235.0,235.0,10051300
2024-01-30,218.960205078125,236.25,241.4499969482422,235.75,237.1999969482422,11828014
2024-01-31,221.57847595214844,239.0749969482422,239.9499969482422,234.5,236.25,10584480
2024-02-01,218.4272918701172,235.6750030517578,238.85000610351562,235.3000030517578,238.77499389648438,7828120
2024-02-02,223.89549255371094,241.5749969482422,243.25,237.5,237.5,16296222
2024-02-05,223.5247802734375,241.1750030517578,244.75,239.5749969482422,241.5,11566604
2024-02-06,231.54173278808594,249.8249969482422,250.89999389648438,241.5500030517578,242.35000610351562,29024038
2024-02-07,229.47958374023438,247.60000610351562,250.85000610351562,246.27499389648438,250.47500610351562,9103534
2024-02-08,226.5369415283203,244.4250030517578,250.0500030517578,242.5500030517578,247.9499969482422,11303840
2024-02-09,227.27838134765625,245.22500610351562,247.375,241.375,245.4499969482422,7893788
2024-02-12,232.37588500976562,250.72500610351562,255.39999389648438,245.5,245.5,48873500
2024-02-13,237.0794677734375,255.8000030517578,256.5,245.85000610351562,251.5500030517578,22373576
2024-02-14,238.42333984375,257.25,258.5,248.52499389648438,251.97500610351562,22594656
2024-02-15,240.2769775390625,259.25,261.42498779296875,256.5249938964844,258.4750061035156,14570776
2024-02-16,251.6304473876953,271.5,272.5,260.4750061035156,261.25,34942644
2024-02-19,248.36343383789062,267.9750061035156,272.95001220703125,265.67498779296875,272.95001220703125,18602758
2024-02-20,246.50979614257812,265.9750061035156,269.07501220703125,263.125,267.8999938964844,10374126
2024-02-21,241.620849609375,260.70001220703125,268.1499938964844,259.75,267.95001220703125,13115574
2024-02-22,246.0927276611328,265.5249938964844,266.5,260.7250061035156,261.3999938964844,14596482
2024-02-23,248.4561309814453,268.07501220703125,270.625,266.6499938964844,267.5,19860994
2024-02-26,246.95005798339844,266.45001220703125,268.25,263.0249938964844,268.125,8820636
2024-02-27,246.27810668945312,265.7250061035156,268.70001220703125,263.7749938964844,267.0,10399260
2024-02-28,239.90625,258.8500061035156,265.4750061035156,257.5,265.0,12789056
2024-02-29,240.3232879638672,259.29998779296875,262.125,256.6000061035156,258.6499938964844,14462764
2024-03-01,240.55499267578125,259.54998779296875,262.6000061035156,258.7749938964844,261.20001220703125,9420630
2024-03-04,241.20379638671875,260.25,263.20001220703125,259.2749938964844,261.4750061035156,5662370
2024-03-05,237.86724853515625,256.6499938964844,260.25,255.3249969482422,258.875,10521548
2024-03-06,237.79774475097656,256.57501220703125,257.42498779296875,250.0,256.8500061035156,11091922
2024-03-07,238.88674926757812,257.75,260.20001220703125,255.25,256.875,9707982
2024-03-11,238.44650268554688,257.2749938964844,259.4750061035156,256.1499938964844,258.70001220703125,11131512
2024-03-12,236.73190307617188,255.4250030517578,261.25,253.875,256.375,11652760
2024-03-13,233.74290466308594,252.1999969482422,259.3500061035156,248.39999389648438,256.8999938964844,13580480
2024-03-14,240.0220947265625,258.9750061035156,259.45001220703125,247.5749969482422,250.5749969482422,12825472
2024-03-15,239.5818634033203,258.5,259.125,253.1999969482422,257.375,13649086
2024-03-18,236.43069458007812,255.10000610351562,259.2749938964844,254.5,259.0,6393960
2024-03-19,229.3173828125,247.4250030517578,254.5,246.5749969482422,254.5,9617386
2024-03-20,228.69178771972656,246.75,250.625,244.60000610351562,248.02499389648438,8385344
2024-03-21,231.9124755859375,250.22500610351562,252.64999389648438,249.22500610351562,249.8249969482422,11644580
2024-03-22,225.72596740722656,243.5500030517578,245.375,239.77499389648438,244.625,28646502
2024-03-26,222.3662567138672,239.9250030517578,245.47500610351562,239.52499389648438,243.0,18273346
2024-03-27,218.8675079345703,236.14999389648438,240.47500610351562,235.625,239.85000610351562,14320668
2024-03-28,222.4821014404297,240.0500030517578,241.52499389648438,237.64999389648438,238.35000610351562,15455150
2024-04-01,224.72962951660156,242.47500610351562,243.1999969482422,240.77499389648438,241.85000610351562,6041008
2024-04-02,222.9918670654297,240.60000610351562,241.35000610351562,239.8000030517578,240.97500610351562,6932654
2024-04-03,223.91867065429688,241.60000610351562,243.85000610351562,237.97500610351562,240.0,13794516
2024-04-04,225.86497497558594,243.6999969482422,245.97500610351562,239.8000030517578,242.89999389648438,16004046
2024-04-05,224.77597045898438,242.52499389648438,243.5749969482422,241.27499389648438,243.25,6414344
2024-04-08,222.38941955566406,239.9499969482422,245.8000030517578,239.10000610351562,245.0,26640770
2024-04-09,220.48944091796875,237.89999389648438,242.625,237.60000610351562,241.97500610351562,15801250
2024-04-10,221.1845703125,238.64999389648438,239.72500610351562,236.5500030517578,238.75,10771534
2024-04-12,218.1492462158203,235.375,240.0,235.0,237.5,13170046
2024-04-15,212.8664093017578,229.6750030517578,234.1750030517578,229.10000610351562,233.22500610351562,12176472
2024-04-16,207.76890563964844,224.1750030517578,229.25,222.39999389648438,226.52499389648438,21439424
2024-04-18,205.91529846191406,222.1750030517578,227.72500610351562,221.4250030517578,226.25,21986258
2024-04-19,209.80792236328125,226.375,226.9499969482422,218.5,220.0,20470106
2024-04-22,214.09442138671875,231.0,233.0749969482422,225.0,226.375,18881740
2024-04-23,214.14077758789062,231.0500030517578,233.39999389648438,230.10000610351562,233.39999389648438,10322712
2024-04-24,213.1212615966797,229.9499969482422,232.3249969482422,229.3000030517578,231.9499969482422,5915168
2024-04-25,213.63101196289062,230.5,231.27499389648438,227.89999389648438,229.4499969482422,11805090
2024-04-26,215.29930114746094,232.3000030517578,237.89999389648438,230.8000030517578,230.9499969482422,21478294
2024-04-29,214.53465270996094,231.47500610351562,234.0,230.8000030517578,233.8249969482422,7249940
2024-04-30,214.27978515625,231.1999969482422,233.375,230.75,231.5,8902956
2024-05-02,211.96275329589844,228.6999969482422,231.5,227.72500610351562,231.1999969482422,14937276
2024-05-03,211.9395751953125,228.6750030517578,231.0,226.60000610351562,230.1999969482422,9730626
2024-05-06,212.54202270507812,229.3249969482422,231.3000030517578,228.0,229.39999389648438,6918126
2024-05-07,214.9748992919922,231.9499969482422,232.6750030517578,227.0,230.89999389648438,9278528
2024-05-08,214.6505126953125,231.60000610351562,233.1999969482422,230.64999389648438,232.5,8205680
2024-05-09,211.2676544189453,227.9499969482422,232.1999969482422,227.02499389648438,230.875,9233484
2024-05-10,209.39083862304688,225.9250030517578,228.75,225.14999389648438,228.02499389648438,6654714
2024-05-13,209.43719482421875,225.97500610351562,226.625,222.5,225.9250030517578,7111608
2024-05-14,211.47616577148438,228.1750030517578,229.9499969482422,226.10000610351562,226.35000610351562,4909420
2024-05-15,212.37982177734375,229.14999389648438,229.875,227.3249969482422,228.1750030517578,4793424
2024-05-16,215.2297821044922,232.22500610351562,233.75,228.0500030517578,231.0,14621472
2024-05-17,213.63101196289062,230.5,232.1999969482422,230.02499389648438,232.1999969482422,6876820
2024-05-21,213.58465576171875,230.4499969482422,232.39999389648438,229.85000610351562,231.5,8467448
2024-05-22,213.77003479003906,230.64999389648438,231.72500610351562,229.4250030517578,231.4499969482422,7765884
2024-05-23,215.85537719726562,232.89999389648438,234.0,230.875,231.25,13171332
2024-05-24,214.85903930664062,231.8249969482422,235.25,231.0,233.5,8205526
2024-05-27,209.66888427734375,226.22500610351562,231.0749969482422,225.8000030517578,231.0,40983758
2024-05-28,211.33714294433594,228.02499389648438,228.625,226.5500030517578,227.0,15778126
2024-05-29,208.90426635742188,225.39999389648438,227.75,224.75,227.0,9756036
2024-05-30,202.48606872558594,218.47500610351562,224.75,217.5500030517578,224.5,20724568
2024-05-31,203.06532287597656,219.10000610351562,221.0749969482422,217.75,218.77499389648438,21438004
2024-06-03,205.79942321777344,222.0500030517578,225.27499389648438,220.77499389648438,225.10000610351562,8964424
2024-06-04,203.0421600341797,219.0749969482422,222.9499969482422,208.5,222.9499969482422,17730732
2024-06-05,209.2286376953125,225.75,227.5,219.52499389648438,219.85000610351562,12267428
2024-06-06,213.63101196289062,230.5,231.0,226.3000030517578,227.47500610351562,15425568
2024-06-07,224.5442657470703,242.27499389648438,243.1999969482422,234.14999389648438,235.0,72672440
2024-06-10,220.23458862304688,237.625,244.1999969482422,236.6750030517578,244.1999969482422,18311752
2024-06-11,220.60531616210938,238.02499389648438,239.60000610351562,237.1750030517578,239.60000610351562,9371714
2024-06-12,220.9991912841797,238.4499969482422,242.1999969482422,237.77499389648438,239.0,13875116
2024-06-13,223.64064025878906,241.3000030517578,242.6750030517578,239.0749969482422,240.0,12995932
2024-06-14,221.27725219726562,238.75,242.8000030517578,238.10000610351562,242.5,11322596
2024-06-18,227.92713928222656,245.9250030517578,246.5,240.02499389648438,240.5,31870984
2024-06-19,229.73443603515625,247.875,248.5749969482422,243.375,246.125,20880284
2024-06-20,227.25518798828125,245.1999969482422,248.75,244.125,248.75,12571126
2024-06-21,227.32472229003906,245.27499389648438,250.47500610351562,244.5500030517578,248.97500610351562,95171176
2024-06-24,227.32472229003906,245.27499389648438,247.4499969482422,244.72500610351562,245.0500030517578,9934518
2024-06-25,230.2441864013672,248.4250030517578,249.0,244.64999389648438,245.27499389648438,9258210
2024-06-26,229.47958374023438,247.60000610351562,249.9499969482422,246.89999389648438,248.4250030517578,12812090
2024-06-27,236.70872497558594,255.39999389648438,255.97500610351562,244.60000610351562,246.0749969482422,42137138
2024-06-28,238.5855255126953,257.42498779296875,258.1499938964844,252.9250030517578,256.0,16405832
2024-07-01,244.37811279296875,263.67498779296875,267.8999938964844,257.04998779296875,258.95001220703125,30757528
2024-07-02,249.40609741210938,269.1000061035156,272.5,264.1499938964844,264.6499938964844,36276968
2024-07-03,249.7768096923828,269.5,272.7250061035156,267.75,270.95001220703125,16049384
2024-07-04,245.9305419921875,265.3500061035156,274.3999938964844,264.54998779296875,270.70001220703125,19524632
2024-07-05,247.96954345703125,267.54998779296875,268.25,264.7250061035156,265.67498779296875,10376090
2024-07-08,250.79635620117188,270.6000061035156,271.5,267.5,267.9750061035156,12176360
2024-07-09,250.70362854003906,270.5,272.4750061035156,268.79998779296875,272.0,8681444
2024-07-10,248.17808532714844,267.7749938964844,271.67498779296875,265.875,270.5,9233748
2024-07-11,247.50611877441406,267.04998779296875,269.7749938964844,265.0,268.3500061035156,8807618
2024-07-12,259.57794189453125,280.07501220703125,282.3999938964844,270.7749938964844,272.5,54186042
2024-07-15,259.3693542480469,279.8500061035156,283.45001220703125,278.07501220703125,283.45001220703125,16099478
2024-07-16,259.3693542480469,279.8500061035156,281.29998779296875,278.20001220703125,280.92498779296875,11239032
2024-07-18,265.6253967285156,286.6000061035156,287.20001220703125,278.17498779296875,278.2749938964844,25019786
2024-07-19,258.2108459472656,278.6000061035156,289.95001220703125,277.3500061035156,289.95001220703125,26523490
2024-07-22,234.3916778564453,252.89999389648438,263.375,250.77499389648438,260.5,76014568
2024-07-23,231.95880126953125,250.27499389648438,254.0,243.1750030517578,254.0,25847632
2024-07-24,231.75027465820312,250.0500030517578,253.1750030517578,249.9250030517578,251.25,12240276
2024-07-25,234.87826538085938,253.4250030517578,253.75,246.64999389648438,248.0,21887890
2024-07-26,243.19644165039062,262.3999938964844,264.2749938964844,254.25,255.0,26153996
2024-07-29,243.01107788085938,262.20001220703125,265.2749938964844,261.42498779296875,264.0,12011554
2024-07-30,241.66717529296875,260.75,263.4750061035156,259.875,262.20001220703125,10816526
2024-07-31,241.89889526367188,261.0,262.45001220703125,259.7250061035156,260.8999938964844,7758508
2024-08-01,241.6903533935547,260.7749938964844,263.3999938964844,258.75,261.5,10759752
2024-08-02,232.7002410888672,251.0749969482422,259.625,250.5,257.5,15652228
2024-08-05,224.7528076171875,242.5,247.9250030517578,240.125,245.0,21938080
2024-08-06,226.838134765625,244.75,249.6750030517578,243.3000030517578,244.875,11271584
2024-08-07,230.4990692138672,248.6999969482422,250.0500030517578,246.3249969482422,249.35000610351562,7079826
2024-08-08,225.81863403320312,243.64999389648438,247.0,243.1750030517578,247.0,13160570
2024-08-09,227.67227172851562,245.64999389648438,248.22500610351562,244.8249969482422,247.6750030517578,6065948
2024-08-12,226.62960815429688,244.52499389648438,247.0,243.6999969482422,245.77499389648438,7338468
2024-08-13,227.30154418945312,245.25,246.35000610351562,243.5749969482422,244.52499389648438,6289418
2024-08-14,229.45640563964844,247.5749969482422,248.4250030517578,245.22500610351562,246.5,11121756
2024-08-16,239.2342987060547,258.125,258.7250061035156,248.97500610351562,250.5,25931140
2024-08-19,240.85623168945312,259.875,261.6000061035156,256.8500061035156,258.0,11466562
2024-08-20,243.12692260742188,262.32501220703125,263.79998779296875,259.82501220703125,259.95001220703125,9543812
2024-08-21,243.91470336914062,263.17498779296875,264.04998779296875,260.5249938964844,261.70001220703125,6454402
2024-08-22,240.5086669921875,259.5,265.2749938964844,259.0249938964844,263.8999938964844,11496506
2024-08-23,237.4501953125,256.20001220703125,260.7250061035156,255.6750030517578,259.95001220703125,11277706
2024-08-26,240.97207641601562,260.0,262.3999938964844,257.9750061035156,258.0,17351380
2024-08-27,239.65138244628906,258.57501220703125,261.625,258.0,260.0,7965796
2024-08-28,247.73782348632812,267.29998779296875,269.04998779296875,258.92498779296875,260.0,34375566
2024-08-29,249.63778686523438,269.3500061035156,270.9750061035156,267.0249938964844,267.5,25685318
2024-08-30,249.49880981445312,269.20001220703125,271.0,267.8500061035156,270.8500061035156,19434804
2024-09-02,246.7415008544922,266.2250061035156,271.0,265.92498779296875,269.20001220703125,15735982
2024-09-03,248.40977478027344,268.0249938964844,270.42498779296875,264.75,266.5,15056686
2024-09-04,240.57818603515625,259.57501220703125,264.125,258.375,264.0,20402128
2024-09-05,243.2196044921875,262.42498779296875,263.0,259.75,260.6000061035156,12069118
2024-09-06,241.2501220703125,260.29998779296875,264.95001220703125,259.2250061035156,262.42498779296875,14579954
2024-09-09,238.5855255126953,257.42498779296875,260.875,256.7250061035156,258.54998779296875,11919540
2024-09-10,243.6366729736328,262.875,264.0,257.0,258.3999938964844,10287272
2024-09-11,238.3538360595703,257.17498779296875,263.125,256.625,262.5,8261524
2024-09-12,245.6293487548828,265.0249938964844,266.0,258.875,260.2250061035156,15779474
2024-09-13,255.15234375,275.29998779296875,276.25,265.42498779296875,266.8999938964844,35919706
2024-09-16,255.7548065185547,275.95001220703125,278.42498779296875,274.5,276.5,11088578
2024-09-17,255.7548065185547,275.95001220703125,277.45001220703125,273.5249938964844,274.5,8728238
2024-09-18,249.38294982910156,269.07501220703125,274.5249938964844,266.32501220703125,274.5249938964844,16665520
2024-09-19,247.1585693359375,266.67498779296875,275.7250061035156,264.57501220703125,272.1000061035156,20969182
2024-09-20,249.8231964111328,269.54998779296875,270.375,265.5,268.95001220703125,16664232
2024-09-23,247.8768768310547,267.45001220703125,270.20001220703125,266.0,269.54998779296875,8544290
2024-09-24,250.03167724609375,269.7749938964844,270.95001220703125,264.67498779296875,266.1000061035156,12355694
2024-09-25,248.4792938232422,268.1000061035156,269.70001220703125,265.375,269.3999938964844,8065196
2024-09-26,251.12074279785156,270.95001220703125,271.54998779296875,267.8500061035156,269.3500061035156,11403400
2024-09-27,251.07437133789062,270.8999938964844,279.45001220703125,270.3500061035156,274.45001220703125,26462384
2024-09-30,250.91217041015625,270.7250061035156,272.25,267.0,269.0,8199446
2024-10-01,253.36827087402344,273.375,274.79998779296875,270.1000061035156,270.1000061035156,9411274
2024-10-03,245.67568969726562,265.07501220703125,271.20001220703125,263.125,270.04998779296875,14035368
2024-10-04,247.2512664794922,266.7749938964844,270.9750061035156,264.0249938964844,264.0249938964844,11922754
2024-10-07,246.27810668945312,265.7250061035156,270.8500061035156,262.9750061035156,269.0,9878074
2024-10-08,244.19277954101562,263.4750061035156,266.8999938964844,260.1499938964844,265.7749938964844,11502804
2024-10-09,246.1390838623047,265.57501220703125,269.3500061035156,264.25,264.8999938964844,8841688
2024-10-10,243.28912353515625,262.5,268.79998779296875,261.7250061035156,267.5,12620244
2024-10-11,244.818359375,264.1499938964844,267.20001220703125,260.17498779296875,260.17498779296875,8436982
2024-10-14,254.66578674316406,274.7749938964844,275.92498779296875,268.1499938964844,269.3500061035156,33136266
2024-10-15,246.9732208251953,266.4750061035156,276.42498779296875,265.42498779296875,276.42498779296875,21601252
2024-10-16,246.6024932861328,266.07501220703125,269.3999938964844,264.5,266.5,12553622
2024-10-17,245.02691650390625,264.375,269.0,262.5249938964844,267.4750061035156,23755278
2024-10-18,254.2487335205078,274.32501220703125,279.20001220703125,262.3999938964844,266.0,74653054
2024-10-21,253.99383544921875,274.04998779296875,280.95001220703125,273.5,275.79998779296875,23966964
2024-10-22,252.76583862304688,272.7250061035156,277.75,271.92498779296875,274.8999938964844,18478300
2024-10-23,253.5767822265625,273.6000061035156,277.25,271.1000061035156,273.75,12698576
2024-10-24,253.43775939941406,273.45001220703125,275.25,272.57501220703125,273.6000061035156,9576604
2024-10-25,251.83901977539062,271.7250061035156,276.0,270.25,274.875,10124540
2024-10-28,258.8596496582031,279.29998779296875,279.8999938964844,271.3500061035156,271.7250061035156,11185858
2024-10-29,260.52789306640625,281.1000061035156,281.70001220703125,276.625,279.8999938964844,12055630
2024-10-30,261.9412841796875,282.625,289.375,280.54998779296875,281.25,20755492
2024-10-31,255.70848083496094,275.8999938964844,283.1499938964844,274.1499938964844,282.3999938964844,15680094
2024-11-01,255.49990844726562,275.67498779296875,277.45001220703125,275.0,275.8500061035156,1962810
2024-11-04,250.61093139648438,270.3999938964844,276.2250061035156,267.1000061035156,275.5,9855560
2024-11-05,251.95486450195312,271.8500061035156,272.67498779296875,270.20001220703125,271.5,6862260
2024-11-06,261.3157043457031,281.95001220703125,282.92498779296875,270.5,273.7250061035156,19554884
2024-11-07,261.0840148925781,281.70001220703125,284.8500061035156,277.2250061035156,283.0,11997142
2024-11-08,263.6790771484375,284.5,289.3999938964844,282.5,282.5,20852658
2024-11-11,265.7643737792969,286.75,291.6000061035156,283.0249938964844,284.5,16139444
2024-11-12,264.4436950683594,285.32501220703125,289.8500061035156,284.5249938964844,287.5,11260890
2024-11-13,263.6790771484375,284.5,286.79998779296875,282.7749938964844,285.0,11391200
2024-11-14,262.6132507324219,283.3500061035156,287.2749938964844,282.1000061035156,284.4750061035156,9783520
2024-11-18,256.1950378417969,276.42498779296875,283.3500061035156,270.1499938964844,283.3500061035156,15289764
2024-11-19,260.4352111816406,281.0,284.8999938964844,277.3500061035156,278.0,12919778
2024-11-21,258.1877136230469,278.57501220703125,283.79998779296875,277.6499938964844,281.0,11672608
2024-11-22,264.9071044921875,285.82501220703125,286.79998779296875,278.95001220703125,280.9750061035156,14733232
2024-11-25,269.91192626953125,291.2250061035156,293.7749938964844,286.95001220703125,287.75,23297474
2024-11-26,272.9472351074219,294.5,295.17498779296875,289.6499938964844,292.5,15771340
2024-11-27,270.1204528808594,291.45001220703125,298.0,290.95001220703125,295.75,13659676
2024-11-28,265.1619567871094,286.1000061035156,293.0,285.2749938964844,292.875,11896556
2024-11-29,267.78021240234375,288.92498779296875,290.375,285.79998779296875,287.5,8540112
2024-12-02,270.8850402832031,292.2749938964844,292.7749938964844,289.1000061035156,291.2250061035156,11194000
2024-12-03,270.3057556152344,291.6499938964844,296.20001220703125,289.29998779296875,295.3500061035156,15445286
2024-12-04,272.4838562011719,294.0,297.0,291.79998779296875,294.6499938964844,14036431
2024-12-05,277.39593505859375,299.29998779296875,300.8999938964844,293.8999938964844,295.0,13487264
2024-12-06,275.5886535644531,297.3500061035156,299.1499938964844,296.20001220703125,299.1499938964844,7894350
2024-12-09,281.5202941894531,303.75,305.70001220703125,293.75,295.0,9285213
2024-12-10,285.5519104003906,308.1000061035156,311.0,303.45001220703125,306.0,17028502
2024-12-11,286.38604736328125,309.0,309.8999938964844,305.54998779296875,308.1499938964844,8608406
2024-12-12,286.4787292480469,309.1000061035156,313.79998779296875,307.45001220703125,308.0,12958440
2024-12-13,287.2665710449219,309.95001220703125,311.04998779296875,304.20001220703125,309.1000061035156,7382211
2024-12-16,286.5714416503906,309.20001220703125,311.3999938964844,307.1000061035156,310.0,7221189
2024-12-17,286.2470397949219,308.8500061035156,312.25,307.29998779296875,311.0,10568517
2024-12-18,289.72259521484375,312.6000061035156,313.25,308.54998779296875,309.0,10965226
2024-12-19,289.8616027832031,312.75,313.3999938964844,301.1499938964844,306.3500061035156,12405595
2024-12-20,282.8641357421875,305.20001220703125,320.0,304.3999938964844,315.5,22214824
2024-12-23,285.3665771484375,307.8999938964844,310.6499938964844,305.0,306.6000061035156,6693583
2024-12-24,282.9568176269531,305.29998779296875,309.20001220703125,302.79998779296875,307.5,8837902
2024-12-26,282.7251281738281,305.04998779296875,306.95001220703125,304.0,305.3999938964844,6516148
2024-12-27,286.4787292480469,309.1000061035156,310.8999938964844,304.70001220703125,305.20001220703125,8063921
2024-12-30,281.47393798828125,303.70001220703125,309.3999938964844,302.6499938964844,309.1000061035156,13709891
2024-12-31,279.75933837890625,301.8500061035156,303.0,295.25,300.95001220703125,9337030
2025-01-01,278.3227233886719,300.29998779296875,303.3500061035156,298.95001220703125,300.0,7878201
2025-01-02,281.56658935546875,303.79998779296875,304.45001220703125,297.1499938964844,298.0,8800435
2025-01-03,272.90087890625,294.45001220703125,303.79998779296875,294.0,303.29998779296875,12535720
2025-01-06,272.7618408203125,294.29998779296875,297.79998779296875,290.54998779296875,295.0,9173687
2025-01-07,272.5301513671875,294.04998779296875,297.5,291.29998779296875,294.29998779296875,7381943
2025-01-08,275.77398681640625,297.54998779296875,298.45001220703125,289.29998779296875,293.0,7937785
2025-01-09,270.908203125,292.29998779296875,298.0,291.3500061035156,297.0,7964702
2025-01-10,278.554443359375,300.54998779296875,303.25,294.29998779296875,294.29998779296875,19505556
2025-01-13,270.4911804199219,291.8500061035156,299.25,290.25,298.95001220703125,9541248
2025-01-14,271.4179992675781,292.8500061035156,294.54998779296875,286.54998779296875,291.79998779296875,7670070
2025-01-15,271.2325744628906,292.6499938964844,294.70001220703125,289.70001220703125,293.0,4662694
2025-01-16,266.9692687988281,288.04998779296875,296.5,286.70001220703125,295.8999938964844,10345666
2025-01-17,261.3157043457031,281.95001220703125,287.79998779296875,280.5,287.79998779296875,9358955
2025-01-20,278.27642822265625,300.25,305.3999938964844,296.95001220703125,302.0,39380165
2025-01-21,276.5154724121094,298.3500061035156,305.8500061035156,297.79998779296875,302.3999938964844,15619474
2025-01-22,286.4787292480469,309.1000061035156,310.0,299.3500061035156,299.3500061035156,30859317
2025-01-23,294.4493408203125,317.70001220703125,324.6000061035156,310.6499938964844,311.1000061035156,39904371
2025-01-24,296.6737060546875,320.1000061035156,322.5,316.6000061035156,319.0,17479586
2025-01-27,285.41290283203125,307.95001220703125,319.1499938964844,306.75,317.79998779296875,12372895
2025-01-28,286.9725341796875,303.6000061035156,307.6000061035156,301.54998779296875,304.0,12077491
2025-01-29,295.33782958984375,312.45001220703125,314.70001220703125,305.04998779296875,305.04998779296875,16338112
2025-01-30,292.0767517089844,309.0,313.70001220703125,305.95001220703125,311.0,9984186
2025-01-31,294.81793212890625,311.8999938964844,315.70001220703125,309.54998779296875,311.70001220703125,15597644
2025-02-01,288.1068115234375,304.79998779296875,313.25,303.3500061035156,312.54998779296875,6046117
2025-02-03,296.42486572265625,313.6000061035156,314.0,300.29998779296875,303.0,14877076
2025-02-04,298.9297180175781,316.25,318.8500061035156,313.3500061035156,318.0,15366864
2025-02-05,299.733154296875,317.1000061035156,321.45001220703125,314.8999938964844,317.79998779296875,9628027
2025-02-06,300.53662109375,317.95001220703125,323.6000061035156,314.54998779296875,320.0,15062390
2025-02-07,300.5838623046875,318.0,319.0,314.0,319.0,8589587
2025-02-10,301.5763854980469,319.04998779296875,321.0,315.8500061035156,318.79998779296875,12304840
2025-02-11,295.85772705078125,313.0,320.3999938964844,311.6000061035156,319.5,10627890
2025-02-12,293.2110900878906,310.20001220703125,315.75,309.3500061035156,313.45001220703125,9668342
2025-02-13,291.65142822265625,308.54998779296875,313.6499938964844,306.95001220703125,310.29998779296875,8832731
2025-02-14,291.22607421875,308.1000061035156,312.3999938964844,304.54998779296875,310.04998779296875,7371341
2025-02-17,288.6266784667969,305.3500061035156,310.29998779296875,302.0,308.1000061035156,7507772
2025-02-18,295.10150146484375,312.20001220703125,312.75,305.3500061035156,305.3500061035156,10368789
2025-02-19,296.8974914550781,314.1000061035156,316.5,308.29998779296875,311.25,7835672
2025-02-20,296.1412658691406,313.29998779296875,314.29998779296875,310.25,311.20001220703125,7697134
2025-02-21,289.5718994140625,306.3500061035156,312.79998779296875,305.04998779296875,312.79998779296875,8722925
2025-02-24,278.8907775878906,295.04998779296875,303.29998779296875,293.3500061035156,302.95001220703125,12600963
2025-02-25,275.34613037109375,291.29998779296875,296.29998779296875,290.1000061035156,294.3500061035156,10810040
2025-02-27,278.37091064453125,294.5,295.79998779296875,291.3500061035156,294.0,15555649
2025-02-28,262.4437561035156,277.6499938964844,294.0,277.0,294.0,17458839
2025-03-03,268.0206298828125,283.54998779296875,286.3500061035156,279.29998779296875,279.45001220703125,11471554
2025-03-04,264.6650390625,280.0,283.1000061035156,276.29998779296875,279.0,9331785
2025-03-05,269.4857177734375,285.1000061035156,286.95001220703125,278.6499938964844,281.3999938964844,10285712
2025-03-06,270.2419128417969,285.8999938964844,292.0,283.5,288.45001220703125,9782051
2025-03-07,269.2021484375,284.79998779296875,287.70001220703125,282.8999938964844,287.3999938964844,8097300
2025-03-10,265.5157470703125,280.8999938964844,285.6499938964844,277.95001220703125,284.45001220703125,8165123
2025-03-11,262.53826904296875,277.75,279.29998779296875,273.20001220703125,277.0,8602609
2025-03-12,253.84214782714844,268.54998779296875,277.70001220703125,262.20001220703125,277.70001220703125,18584311
2025-03-13,249.5413360595703,264.0,271.1000061035156,263.3500061035156,268.54998779296875,8683943
2025-03-17,245.61862182617188,259.8500061035156,265.20001220703125,258.8999938964844,264.0,12697926
2025-03-18,245.61862182617188,259.8500061035156,259.8500061035156,259.8500061035156,259.8500061035156,0
2025-03-19,251.1482391357422,265.70001220703125,266.5,256.25,262.0,14044300
2025-03-20,253.32223510742188,268.0,273.95001220703125,267.5,269.20001220703125,17038774
2025-03-21,249.82489013671875,264.29998779296875,269.54998779296875,260.20001220703125,264.0,22659168
2025-03-24,254.6455535888672,269.3999938964844,271.6499938964844,265.3999938964844,267.04998779296875,9269617
2025-03-25,256.157958984375,271.0,274.70001220703125,269.3500061035156,272.0,12563930
2025-03-26,252.755126953125,267.3999938964844,272.25,266.75,272.0,7308412
2025-03-27,257.292236328125,272.20001220703125,273.54998779296875,269.6000061035156,270.0,14783522
2025-03-28,247.88717651367188,262.25,271.8500061035156,261.6000061035156,271.0,14283389
2025-04-01,248.218017578125,262.6000061035156,263.0,258.5,260.3500061035156,8388635
2025-04-02,249.1632537841797,263.6000061035156,265.54998779296875,261.1000061035156,262.79998779296875,7136992
2025-04-03,242.310302734375,256.3500061035156,260.5,255.3000030517578,259.8999938964844,12262561
2025-04-04,232.8107147216797,246.3000030517578,253.9499969482422,244.85000610351562,253.0,14639785
2025-04-07,229.596923828125,242.89999389648438,243.85000610351562,228.0,231.0500030517578,13011904
2025-04-08,233.7086944580078,247.25,249.5,243.85000610351562,244.75,13806651
2025-04-09,223.68922424316406,236.64999389648438,242.3000030517578,234.0,240.6999969482422,19063559
2025-04-11,226.61944580078125,239.75,245.0,238.35000610351562,245.0,11205821
2025-04-15,230.6366729736328,244.0,245.0500030517578,241.35000610351562,245.0500030517578,10694621
2025-04-16,234.08676147460938,247.64999389648438,248.4499969482422,241.1999969482422,244.0,16203319
2025-04-17,223.92552185058594,236.89999389648438,237.8000030517578,232.14999389648438,235.0,54875421
2025-04-21,225.39064025878906,238.4499969482422,240.8000030517578,237.39999389648438,237.39999389648438,16298364
2025-04-22,221.32614135742188,234.14999389648438,239.0,233.5,238.4499969482422,18367713
2025-04-23,230.25860595703125,243.60000610351562,245.35000610351562,236.10000610351562,237.1999969482422,31898042
2025-04-24,229.4551544189453,242.75,245.14999389648438,241.5,244.8000030517578,23000820
2025-04-25,227.70645141601562,240.89999389648438,246.14999389648438,238.0500030517578,243.9499969482422,16620430
2025-04-28,227.32835388183594,240.5,241.9499969482422,238.75,240.5,14218414
2025-04-29,228.17906188964844,241.39999389648438,243.60000610351562,239.85000610351562,241.60000610351562,16647246
2025-04-30,228.2736053466797,241.5,243.39999389648438,239.1999969482422,241.5500030517578,14206640
2025-05-02,228.4437255859375,241.67999267578125,245.8000030517578,240.75,242.0399932861328,10822257
2025-05-05,230.23023986816406,243.57000732421875,246.8699951171875,242.6999969482422,244.0,12170446
2025-05-06,227.9805908203125,241.19000244140625,245.89999389648438,240.61000061035156,244.5,8869045
2025-05-07,230.6744842529297,244.0399932861328,244.4499969482422,236.00999450683594,236.00999450683594,9130056
2025-05-08,228.3397674560547,241.57000732421875,245.8300018310547,239.30999755859375,243.11000061035156,11434833
2025-05-09,228.7556610107422,242.00999450683594,242.9499969482422,236.5,236.60000610351562,10582438
2025-05-12,243.18936157226562,257.2799987792969,257.94000244140625,244.8800048828125,245.08999633789062,19791711
2025-05-13,237.79208374023438,251.57000732421875,256.95001220703125,250.6199951171875,256.95001220703125,11714159
2025-05-14,239.08705139160156,252.94000244140625,253.69000244140625,250.75,251.57000732421875,8839105
2025-05-15,242.51824951171875,256.57000732421875,257.1000061035156,250.6199951171875,253.1999969482422,12083645
2025-05-16,240.38201904296875,254.30999755859375,257.0,253.52999877929688,257.0,6640387
2025-05-19,237.9622344970703,251.75,254.74000549316406,251.27999877929688,254.30999755859375,6788784
2025-05-20,236.03396606445312,249.7100067138672,254.60000610351562,249.30999755859375,253.0,9366429
2025-05-21,237.1776885986328,250.9199981689453,252.11000061035156,248.10000610351562,249.7100067138672,5313593
2025-05-22,232.47042846679688,245.94000244140625,249.88999938964844,245.0,249.0,11469037
2025-05-23,233.8126678466797,247.36000061035156,250.49000549316406,245.60000610351562,246.10000610351562,7437642
2025-05-26,236.53494262695312,250.24000549316406,250.85000610351562,248.1999969482422,248.49000549316406,3690751
2025-05-27,234.6539306640625,248.25,250.99000549316406,247.99000549316406,250.99000549316406,6861143
2025-05-28,233.87881469726562,247.42999267578125,250.13999938964844,246.9600067138672,249.58999633789062,6205160
2025-05-29,236.44039916992188,250.13999938964844,251.74000549316406,248.10000610351562,249.64999389648438,11785042
2025-05-30,235.9961395263672,249.6699981689453,251.11000061035156,248.52000427246094,250.0,13858429
2025-06-02,234.11512756347656,247.67999267578125,248.4199981689453,246.1999969482422,247.60000610351562,5846259
2025-06-03,232.73509216308594,246.22000122070312,249.5,245.72999572753906,248.0,8573438
2025-06-04,233.34005737304688,246.86000061035156,249.80999755859375,246.50999450683594,246.50999450683594,6698150
2025-06-05,234.36090087890625,247.94000244140625,249.49000549316406,246.8800048828125,246.89999389648438,6468060
2025-06-06,234.9752960205078,248.58999633789062,249.97999572753906,247.10000610351562,247.10000610351562,4445411
2025-06-09,237.5274200439453,251.2899932861328,253.39999389648438,249.22000122070312,249.60000610351562,9193904
2025-06-10,240.91136169433594,254.8699951171875,255.8000030517578,251.8300018310547,252.89999389648438,10739851
2025-06-11,244.73956298828125,258.9200134277344,261.6000061035156,254.10000610351562,256.0199890136719,17268454
2025-06-12,245.39173889160156,259.6099853515625,263.0,256.32000732421875,260.0,14528657
2025-06-13,245.95889282226562,260.2099914550781,262.25,254.0,255.0,8692116
2025-06-16,248.49212646484375,262.8900146484375,265.30999755859375,258.0,260.0,10935361
2025-06-17,248.51104736328125,262.9100036621094,265.45001220703125,261.6600036621094,262.8900146484375,7528454
2025-06-18,247.26332092285156,261.5899963378906,265.6000061035156,261.0299987792969,262.8999938964844,5016660
2025-06-19,251.03477478027344,265.5799865722656,266.44000244140625,261.80999755859375,262.8500061035156,14184486
2025-06-20,251.9422149658203,266.5400085449219,267.20001220703125,262.8699951171875,266.0,12904674
2025-06-23,248.82293701171875,263.239990234375,265.20001220703125,261.80999755859375,264.0,6214062
2025-06-24,250.45822143554688,264.9700012207031,268.6499938964844,264.7099914550781,265.5,6319428
2025-06-25,254.65504455566406,269.4100036621094,269.9599914550781,265.8500061035156,265.8999938964844,5331739
2025-06-26,253.8137969970703,268.5199890136719,271.29998779296875,267.19000244140625,269.1000061035156,8564099
2025-06-27,250.5338134765625,265.04998779296875,270.0,264.5,269.0,8906108
2025-06-30,251.4128875732422,265.9800109863281,266.739990234375,262.8999938964844,266.1000061035156,7119563
2025-07-01,250.06118774414062,264.54998779296875,268.3500061035156,263.70001220703125,265.5,3886095
2025-07-02,252.37701416015625,267.0,268.70001220703125,264.45001220703125,265.0,8750887
2025-07-03,252.42428588867188,267.04998779296875,270.8500061035156,266.45001220703125,268.3999938964844,9357962
2025-07-04,255.25997924804688,270.04998779296875,271.3999938964844,267.5,268.29998779296875,7141779
2025-07-07,253.0859375,267.75,270.54998779296875,267.29998779296875,270.04998779296875,4849218
2025-07-08,254.8818817138672,269.6499938964844,270.29998779296875,267.3500061035156,267.79998779296875,5519016
2025-07-09,253.13320922851562,267.79998779296875,269.3999938964844,264.8500061035156,268.0,11564433
2025-07-10,250.5338134765625,265.04998779296875,267.54998779296875,263.1499938964844,267.54998779296875,6911031
2025-07-11,244.1534881591797,258.29998779296875,262.04998779296875,257.75,261.0,13109857
2025-07-14,240.32530212402344,254.25,259.54998779296875,251.64999389648438,258.29998779296875,10388421
2025-07-15,243.3027801513672,257.3999938964844,259.8500061035156,252.8000030517578,254.0,8750149
2025-07-16,248.4070281982422,262.79998779296875,264.0,256.04998779296875,257.3999938964844,12179338
2025-07-17,246.32754516601562,260.6000061035156,264.3500061035156,258.0,263.8500061035156,7484171
2025-07-18,252.32977294921875,266.95001220703125,271.8999938964844,265.6000061035156,268.6000061035156,30319126
2025-07-21,246.0912322998047,260.3500061035156,267.1499938964844,259.20001220703125,266.95001220703125,12190000
2025-07-22,245.47683715820312,259.70001220703125,262.1499938964844,258.75,261.70001220703125,6724044
2025-07-23,247.08370971679688,261.3999938964844,261.75,258.1499938964844,260.25,6510321
2025-07-24,247.50909423828125,261.8500061035156,263.3999938964844,260.25,262.0,8139900
2025-07-25,245.0042266845703,259.20001220703125,262.04998779296875,256.04998779296875,261.79998779296875,8427780
2025-07-28,241.0043487548828,250.0500030517578,254.0,249.0,254.0,8998911
2025-07-29,242.6910400390625,251.8000030517578,252.6999969482422,247.25,249.1999969482422,12923128
2025-07-30,241.14891052246094,250.1999969482422,252.5,249.1999969482422,251.4499969482422,6057152
2025-07-31,239.31765747070312,248.3000030517578,250.14999389648438,246.0500030517578,248.10000610351562,7338764
2025-08-01,233.9684295654297,242.75,246.89999389648438,242.1999969482422,246.5,7436999
2025-08-04,237.1490478515625,246.0500030517578,246.4199981689453,241.10000610351562,242.75,5234393
2025-08-05,237.0141143798828,245.91000366210938,246.9499969482422,244.52999877929688,246.0500030517578,7383968
2025-08-06,231.27935791015625,239.9600067138672,246.0,239.30999755859375,246.0,7700190
2025-08-07,233.55398559570312,242.32000732421875,243.17999267578125,238.61000061035156,239.11000061035156,6190830
2025-08-08,230.4022674560547,239.0500030517578,243.25,238.39999389648438,242.39999389648438,8922847
2025-08-11,232.87928771972656,241.6199951171875,244.75,238.6199951171875,239.0500030517578,3047287
2025-08-12,232.97567749023438,241.72000122070312,246.2899932861328,241.10000610351562,242.6999969482422,8101435
2025-08-13,232.908203125,241.64999389648438,242.88999938964844,240.1199951171875,242.88999938964844,5820844
2025-08-14,237.88156127929688,246.80999755859375,248.42999267578125,242.41000366210938,243.10000610351562,12857225
2025-08-18,236.33944702148438,245.2100067138672,249.00999450683594,244.75999450683594,248.63999938964844,5789317
2025-08-19,238.02613830566406,246.9600067138672,247.5,244.77999877929688,245.4600067138672,4090961
2025-08-20,241.76577758789062,250.83999633789062,252.88999938964844,245.3000030517578,245.3000030517578,10099384
2025-08-21,240.86941528320312,249.91000366210938,252.74000549316406,249.61000061035156,252.74000549316406,7607486
2025-08-22,239.64535522460938,248.63999938964844,253.0,247.61000061035156,252.0,13572686
2025-08-25,244.6572265625,253.83999633789062,257.2900085449219,250.60000610351562,250.60000610351562,16391069
2025-08-26,242.9127197265625,252.02999877929688,254.82000732421875,251.30999755859375,253.0,15797327
2025-08-28,241.5826416015625,250.64999389648438,252.35000610351562,249.0800018310547,252.02000427246094,5851451
2025-08-29,240.38751220703125,249.41000366210938,253.10000610351562,248.66000366210938,250.5,10117017
2025-09-01,241.30313110351562,250.36000061035156,252.99000549316406,249.39999389648438,249.4199981689453,3198345
2025-09-02,241.85250854492188,250.92999267578125,253.14999389648438,249.60000610351562,250.36000061035156,5046939
2025-09-03,240.53207397460938,249.55999755859375,252.39999389648438,249.1199951171875,251.89999389648438,3862765
2025-09-04,236.1081085205078,244.97000122070312,250.33999633789062,244.44000244140625,249.5,5021036
2025-09-05,234.85513305664062,243.6699981689453,247.32000732421875,241.27000427246094,246.10000610351562,6233782
2025-09-08,233.7467498779297,242.52000427246094,246.99000549316406,242.1999969482422,244.36000061035156,6596932
2025-09-09,240.13690185546875,249.14999389648438,249.85000610351562,245.0,245.0,12836972
2025-09-10,246.49815368652344,255.75,257.1700134277344,249.25,249.3000030517578,15261331
2025-09-11,244.72471618652344,253.91000366210938,255.6999969482422,252.1699981689453,255.6999969482422,5865301
2025-09-12,242.8259735107422,251.94000244140625,255.89999389648438,250.82000732421875,254.8800048828125,5345794
2025-09-15,242.18984985351562,251.27999877929688,251.7899932861328,249.60000610351562,251.5,3700703
2025-09-16,244.8210906982422,254.00999450683594,254.5,250.1999969482422,252.0,7316998
2025-09-17,244.95602416992188,254.14999389648438,255.5,252.85000610351562,253.3000030517578,7339871
2025-09-18,247.6354522705078,256.92999267578125,259.79998779296875,256.0,257.0,10498239
2025-09-19,246.6234588623047,255.8800048828125,257.6600036621094,254.6999969482422,257.0,10741757
2025-09-22,241.2742156982422,250.3300018310547,251.77999877929688,247.2100067138672,248.5500030517578,15784007
2025-09-23,240.59954833984375,249.6300048828125,252.0,248.75,250.22000122070312,8674114
2025-09-24,235.7418670654297,244.58999633789062,249.1199951171875,244.25,248.3300018310547,7888797
2025-09-25,233.2455596923828,242.0,245.63999938964844,241.27999877929688,245.4499969482422,7957740
2025-09-26,227.22164916992188,235.75,241.5500030517578,235.00999450683594,241.4499969482422,16999628
2025-09-29,230.97093200683594,239.63999938964844,240.7899932861328,236.2899932861328,236.8800048828125,8894412
2025-09-30,230.71070861816406,239.3699951171875,241.5,239.0,239.92999267578125,5590909
2025-10-01,232.3491973876953,241.07000732421875,243.57000732421875,237.83999633789062,240.0,9479378
2025-10-03,232.262451171875,240.97999572753906,241.39999389648438,238.05999755859375,240.97999572753906,10968346
2025-10-06,233.37086486816406,242.1300048828125,242.9600067138672,239.32000732421875,240.0,6064946
2025-10-07,234.72021484375,243.52999877929688,245.0,242.13999938964844,242.89999389648438,6587728
2025-10-08,235.43344116210938,244.27000427246094,246.35000610351562,242.57000732421875,243.25,7360563
2025-10-09,237.4863739013672,246.39999389648438,246.8000030517578,243.16000366210938,243.99000549316406,4629760
2025-10-10,239.70318603515625,248.6999969482422,251.25,246.25,248.0,7070200
2025-10-13,236.2623291015625,245.1300048828125,247.6999969482422,244.50999450683594,246.05999755859375,6717589
2025-10-14,239.4333038330078,248.4199981689453,250.14999389648438,245.11000061035156,245.8000030517578,7888607
2025-10-15,241.1585693359375,250.2100067138672,252.1300048828125,248.5399932861328,250.0,13278925
2025-10-16,244.62832641601562,253.80999755859375,254.07000732421875,248.8000030517578,250.39999389648438,10661302
2025-10-17,232.1853485107422,240.89999389648438,250.0,239.11000061035156,250.0,43802251
2025-10-20,232.5130615234375,241.24000549316406,241.94000244140625,239.27000427246094,240.89999389648438,9871824
2025-10-21,232.6287078857422,241.36000061035156,242.16000366210938,240.36000061035156,241.0,2082336
2025-10-23,235.4623565673828,244.3000030517578,247.8000030517578,243.3699951171875,244.8000030517578,18964626
2025-10-24,234.1901092529297,242.97999572753906,245.8800048828125,242.16000366210938,245.0,6803979
2025-10-27,235.0864715576172,243.91000366210938,245.72999572753906,243.05999755859375,243.2899932861328,9550336
2025-10-28,233.61181640625,242.3800048828125,244.6999969482422,241.39999389648438,243.66000366210938,8780789
2025-10-29,233.5154266357422,242.27999877929688,243.60000610351562,241.63999938964844,243.60000610351562,8776917
2025-10-30,233.16844177246094,241.9199981689453,244.77000427246094,240.5,242.88999938964844,8344622
2025-10-31,231.96368408203125,240.6699981689453,243.19000244140625,240.5,242.11000061035156,5659566
2025-11-03,231.79981994628906,240.5,241.2899932861328,239.5,240.6699981689453,4902693
2025-11-04,229.3131561279297,237.9199981689453,240.83999633789062,237.52000427246094,240.5,6848284
2025-11-06,231.36610412597656,240.0500030517578,240.6199951171875,238.3699951171875,240.0,7141517
2025-11-07,227.9348907470703,236.49000549316406,239.25,236.0,238.6999969482422,5520619
2025-11-10,231.1636962890625,239.83999633789062,241.5500030517578,237.02000427246094,237.44000244140625,8566758
2025-11-11,232.94677734375,241.69000244140625,242.0500030517578,238.80999755859375,241.10000610351562,8831094
2025-11-12,236.3490753173828,245.22000122070312,246.3000030517578,242.10000610351562,242.75,13152546
2025-11-13,236.45509338378906,245.3300018310547,246.0,244.0,246.0,6211124
2025-11-14,235.52981567382812,244.3699951171875,245.89999389648438,242.14999389648438,243.9199981689453,6841554
2025-11-17,235.22140502929688,244.0500030517578,244.77999877929688,242.69000244140625,243.97000122070312,6559062
2025-11-18,232.1853485107422,240.89999389648438,244.0,240.3000030517578,242.92999267578125,4730012
2025-11-19,237.16831970214844,246.07000732421875,246.85000610351562,240.5399932861328,241.1999969482422,13298452
2025-11-20,237.35145568847656,246.25999450683594,247.8000030517578,245.7100067138672,247.5,6705862
2025-11-21,235.64549255371094,244.49000549316406,247.25,243.61000061035156,245.0,5516450
2025-11-24,238.32492065429688,247.27000427246094,249.3800048828125,245.02000427246094,245.02000427246094,19711070
2025-11-25,236.75389099121094,245.63999938964844,248.0,244.0,248.0,8188793
2025-11-26,241.13929748535156,250.19000244140625,250.5500030517578,245.6199951171875,246.0,8202096
2025-11-27,240.53207397460938,249.55999755859375,251.9199981689453,247.69000244140625,250.39999389648438,5268129
2025-11-28,240.50315856933594,249.52999877929688,251.99000549316406,248.60000610351562,251.0,7049965
2025-12-01,241.2260284423828,250.27999877929688,250.75,248.86000061035156,250.10000610351562,3865446
2025-12-02,241.1199951171875,250.1699981689453,251.4499969482422,248.8699951171875,250.0,8535708
2025-12-03,245.4764862060547,254.69000244140625,257.1300048828125,250.5500030517578,250.60000610351562,17215454
2025-12-04,247.6354522705078,256.92999267578125,258.79998779296875,255.5,256.0,10687381
2025-12-05,250.50767517089844,259.9100036621094,261.1000061035156,257.70001220703125,258.20001220703125,7886562
2025-12-08,251.9244842529297,261.3800048828125,263.07000732421875,259.7099914550781,260.010009765625,9684253
2025-12-09,248.09811401367188,257.4100036621094,261.82000732421875,257.04998779296875,261.3800048828125,8560580
2025-12-10,248.64749145507812,257.9800109863281,260.3699951171875,257.25,258.010009765625,7944200
2025-12-11,249.8715362548828,259.25,259.9800109863281,257.7200012207031,258.30999755859375,6473376
2025-12-12,251.1726837158203,260.6000061035156,260.82000732421875,257.3599853515625,259.5,4008271
2025-12-15,252.27145385742188,261.739990234375,262.5,258.5400085449219,259.989990234375,4023911
2025-12-16,249.84262084960938,259.2200012207031,261.75,258.79998779296875,261.739990234375,2982041
2025-12-17,251.6931915283203,261.1400146484375,262.1300048828125,258.30999755859375,259.0,4923276
2025-12-18,254.3051300048828,263.8500061035156,264.989990234375,261.0,261.17999267578125,9008412
2025-12-19,254.88343811035156,264.45001220703125,267.0,263.29998779296875,267.0,12750745
2025-12-22,262.8060607910156,272.6700134277344,273.1000061035156,266.79998779296875,267.510009765625,14651313
2025-12-23,261.5820007324219,271.3999938964844,272.4800109863281,270.2099914550781,272.0,7572420
2025-12-24,258.3628234863281,268.05999755859375,270.9800109863281,267.20001220703125,270.94000244140625,4694861
2025-12-26,256.6664733886719,266.29998779296875,268.8800048828125,265.739990234375,267.20001220703125,2899112
2025-12-29,254.68101501464844,264.239990234375,267.3900146484375,263.6000061035156,265.989990234375,3755074
2025-12-30,254.11236572265625,263.6499938964844,264.7200012207031,263.0199890136719,264.0,5117699
2025-12-31,253.75575256347656,263.2799987792969,264.6000061035156,261.260009765625,264.0,5705044
2026-01-01,257.67852783203125,267.3500061035156,268.04998779296875,263.75,264.5,3639755
2026-01-02,259.268798828125,269.0,272.3999938964844,266.1499938964844,267.3500061035156,8286204
2026-01-05,253.77499389648438,263.29998779296875,269.6499938964844,261.70001220703125,269.45001220703125,7006599
2026-01-06,255.9918212890625,265.6000061035156,266.1000061035156,262.95001220703125,263.29998779296875,4083654
2026-01-07,261.0036926269531,270.79998779296875,272.5,264.5,265.0,10242615
2026-01-08,252.71481323242188,262.20001220703125,270.8999938964844,261.3500061035156,270.8999938964844,9269522
2026-01-09,252.473876953125,261.95001220703125,263.95001220703125,260.45001220703125,261.3500061035156,4735387
2026-01-12,253.58224487304688,263.1000061035156,264.5,259.04998779296875,260.70001220703125,3802164
2026-01-13,254.64247131347656,264.20001220703125,264.8500061035156,261.29998779296875,263.45001220703125,6931244
2026-01-14,250.78717041015625,260.20001220703125,264.0,259.6000061035156,264.0,5625861
2026-01-15,250.78717041015625,260.20001220703125,260.20001220703125,260.20001220703125,260.20001220703125,0
2026-01-16,257.77490234375,267.45001220703125,269.79998779296875,263.0,263.25,12028289
2026-01-19,237.0526580810547,245.9499969482422,252.0,241.5500030517578,252.0,65833247
2026-01-20,231.2215118408203,239.89999389648438,246.0,239.39999389648438,245.9499969482422,16796201
2026-01-21,230.88418579101562,239.5500030517578,242.60000610351562,237.60000610351562,239.89999389648438,14397792
2026-01-22,231.9443817138672,240.64999389648438,242.89999389648438,239.1999969482422,242.0,8537915
2026-01-23,229.77577209472656,238.39999389648438,243.5500030517578,237.85000610351562,242.3000030517578,13546802
2026-01-27,232.148681640625,234.8000030517578,236.39999389648438,231.75,235.1999969482422,15677537
2026-01-28,234.66989135742188,237.35000610351562,238.10000610351562,234.9499969482422,235.5,10155128
2026-01-29,237.09222412109375,239.8000030517578,240.89999389648438,235.4499969482422,236.1999969482422,12201949
2026-01-30,234.22496032714844,236.89999389648438,238.0,235.3000030517578,238.0,11362317
2026-02-02,239.56399536132812,242.3000030517578,244.0800018310547,239.2899932861328,244.0,12335721
2026-02-03,239.94960021972656,242.69000244140625,259.8900146484375,242.27999877929688,259.2099914550781,25915412
2026-02-04,230.70516967773438,233.33999633789062,235.9199981689453,226.25999450683594,235.91000366210938,25995324
2026-02-05,230.75460815429688,233.38999938964844,235.57000732421875,231.6999969482422,233.33999633789062,10102736
2026-02-06,228.11476135253906,230.72000122070312,232.92999267578125,228.60000610351562,232.92999267578125,12279085
2026-02-09,227.4819793701172,230.0800018310547,232.92999267578125,229.61000061035156,231.85000610351562,9112474
2026-02-10,228.85629272460938,231.47000122070312,232.86000061035156,227.1999969482422,229.97999572753906,12435622
2026-02-11,227.21502685546875,229.80999755859375,233.0,229.5,231.47000122070312,7874912
2026-02-12,216.606201171875,219.0800018310547,226.25999450683594,218.5,226.1999969482422,40899346
2026-02-13,211.6725311279297,214.08999633789062,216.47999572753906,209.00999450683594,210.64999389648438,23721186
2026-02-16,210.85189819335938,213.25999450683594,216.91000366210938,210.11000061035156,214.6199951171875,20754327
2026-02-17,213.2544708251953,215.69000244140625,219.38999938964844,212.25999450683594,213.25999450683594,26941553
2026-02-18,209.55670166015625,211.9499969482422,216.39999389648438,210.25999450683594,216.1999969482422,22679760
2026-02-19,208.82505798339844,211.2100067138672,215.44000244140625,210.39999389648438,214.0,14151588
2026-02-20,207.4903106689453,209.86000061035156,211.9600067138672,208.25,209.6999969482422,17690420
2026-02-23,203.56512451171875,205.88999938964844,211.74000549316406,204.27999877929688,210.36000061035156,20946229
2026-02-24,197.8800506591797,200.13999938964844,203.2899932861328,199.36000061035156,203.0,25036686
2026-02-25,199.63995361328125,201.9199981689453,205.47999572753906,201.30999755859375,201.30999755859375,13979068
2026-02-26,198.8094482421875,201.0800018310547,204.6300048828125,199.1199951171875,203.7100067138672,14378069
2026-02-27,198.69081115722656,200.9600067138672,204.0,200.0500030517578,204.0,13288519
2026-03-02,196.32778930664062,198.57000732421875,200.36000061035156,194.6999969482422,195.0,10486866
2026-03-04,193.34188842773438,195.5500030517578,197.1199951171875,194.50999450683594,196.00999450683594,19562075
2026-03-05,193.4704132080078,195.67999267578125,196.97000122070312,193.22000122070312,196.39999389648438,13149281
2026-03-06,193.19357299804688,195.39999389648438,198.92999267578125,195.0,195.60000610351562,9022914
2026-03-09,196.50575256347656,198.75,199.5,193.02999877929688,194.0,25862728
2026-03-10,198.6611328125,200.92999267578125,201.30999755859375,197.4199981689453,200.5,12982340
2026-03-11,199.9464569091797,202.22999572753906,205.9499969482422,201.5800018310547,202.69000244140625,29199002
2026-03-12,200.22329711914062,202.50999450683594,203.8000030517578,199.6999969482422,201.05999755859375,19042475
2026-03-13,195.34896850585938,197.5800018310547,202.07000732421875,196.0399932861328,200.60000610351562,12629652
2026-03-16,192.9068603515625,195.11000061035156,198.2899932861328,192.77000427246094,196.24000549316406,12631649
2026-03-17,189.15965270996094,191.32000732421875,195.11000061035156,188.25,195.0,21778468
2026-03-18,192.1060028076172,194.3000030517578,198.0,192.69000244140625,193.0,24529164
2026-03-19,186.2825164794922,188.41000366210938,192.7899932861328,187.67999267578125,191.97999572753906,13685195
2026-03-20,188.744384765625,190.89999389648438,192.3000030517578,188.41000366210938,191.19000244140625,24395304
2026-03-23,185.42233276367188,187.5399932861328,190.6199951171875,187.0,189.41000366210938,12014988
2026-03-24,186.60879516601562,188.74000549316406,191.5,187.8000030517578,191.5,11843191
2026-03-25,186.915283203125,189.0500030517578,190.6199951171875,187.89999389648438,189.0,13862888
2026-03-27,189.43649291992188,191.60000610351562,192.2899932861328,187.89999389648438,189.0500030517578,26269256
2026-03-30,185.52120971679688,187.63999938964844,191.6300048828125,186.5,189.99000549316406,27946986
2026-04-01,189.02122497558594,191.17999267578125,194.49000549316406,190.41000366210938,191.50999450683594,11769673
2026-04-02,192.70912170410156,194.91000366210938,195.33999633789062,188.5800018310547,190.5,16623045
2026-04-06,195.06224060058594,197.2899932861328,201.17999267578125,196.11000061035156,197.0,23282287
2026-04-07,202.40834045410156,204.72000122070312,205.27000427246094,197.00999450683594,197.00999450683594,24771466
2026-04-08,201.12301635742188,203.4199981689453,209.0,202.8000030517578,207.6999969482422,22084158
2026-04-09,200.5792236328125,202.8699951171875,204.16000366210938,201.6300048828125,203.7100067138672,14540807
2026-04-10,202.56654357910156,204.8800048828125,208.6999969482422,200.6199951171875,208.6999969482422,51219565
2026-04-13,200.6781005859375,202.97000122070312,203.39999389648438,200.30999755859375,203.00999450683594,21930624
2026-04-15,207.3815460205078,209.75,210.49000549316406,205.10000610351562,206.5,27890080
2026-04-16,207.88577270507812,210.25999450683594,212.97999572753906,208.2100067138672,212.97999572753906,36305074
2026-04-17,202.0128631591797,204.32000732421875,206.4499969482422,202.5,205.0,80542603
2026-04-20,200.19363403320312,202.47999572753906,205.1999969482422,202.0,204.5,27927164
2026-04-21,202.695068359375,205.00999450683594,205.6999969482422,202.47999572753906,203.0,21530723
2026-04-22,201.69647216796875,204.0,205.3800048828125,202.1999969482422,203.5,21790433
2026-04-23,200.47047424316406,202.75999450683594,204.89999389648438,202.3000030517578,204.0,20307250
2026-04-24,197.10887145996094,199.36000061035156,202.75,197.8800048828125,202.75,39363394
2026-04-27,202.734619140625,205.0500030517578,205.25,199.36000061035156,199.36000061035156,42632215
2026-04-28,199.30380249023438,201.5800018310547,205.67999267578125,201.02000427246094,204.55999755859375,23455983
2026-04-29,198.41395568847656,200.67999267578125,203.60000610351562,200.3000030517578,201.5800018310547,15667662
2026-04-30,198.38429260253906,200.64999389648438,202.14999389648438,200.0,200.88999938964844,15300274
2026-05-01,198.38429260253906,200.64999389648438,200.64999389648438,200.64999389648438,200.64999389648438,0
2026-05-04,198.48316955566406,200.75,203.3699951171875,200.05999755859375,202.39999389648438,8446995
2026-05-05,197.5241241455078,199.77999877929688,202.3000030517578,199.60000610351562,200.0,8899200
2026-05-06,196.87156677246094,199.1199951171875,201.1300048828125,198.25,200.50999450683594,13166683
2026-05-07,195.13145446777344,197.36000061035156,200.27999877929688,197.19000244140625,199.5,19303572
2026-05-08,195.6752471923828,197.91000366210938,198.94000244140625,196.6999969482422,198.0,15970687
2026-05-11,194.45912170410156,196.67999267578125,198.24000549316406,196.14999389648438,197.8800048828125,9199527
2026-05-12,187.42941284179688,189.57000732421875,196.13999938964844,189.10000610351562,196.10000610351562,27435195
2026-05-13,185.6793975830078,187.8000030517578,191.3000030517578,187.30999755859375,190.6699981689453,17242394
2026-05-14,186.1737518310547,188.3000030517578,190.17999267578125,187.0,188.25,18280387
2026-05-15,187.85455322265625,190.0,191.89999389648438,188.8000030517578,189.89999389648438,17902610
2026-05-18,190.0000457763672,192.1699981689453,192.75,189.1999969482422,190.99000549316406,16327369
2026-05-19,192.96617126464844,195.1699981689453,198.0,192.39999389648438,192.39999389648438,20534622
2026-05-20,194.89414978027344,197.1199951171875,197.94000244140625,194.00999450683594,194.61000061035156,16201692
2026-05-21,197.4845733642578,199.74000549316406,200.0399932861328,197.5,198.5,18980608
2026-05-22,200.8165283203125,203.11000061035156,205.39999389648438,198.8300018310547,200.0,40014399
2026-05-25,204.50439453125,206.83999633789062,209.5500030517578,204.05999755859375,207.0,72041558
2026-05-26,201.4295196533203,203.72999572753906,208.69000244140625,202.94000244140625,206.99000549316406,46458415
2026-05-27,199.30380249023438,201.5800018310547,205.99000549316406,200.1999969482422,203.85000610351562,39465643
2026-05-28,199.30380249023438,201.5800018310547,201.5800018310547,201.5800018310547,201.5800018310547,0
2026-05-29,201.9436492919922,204.25,211.0,203.64999389648438,211.0,82734524
2026-06-01,204.0792694091797,206.41000366210938,207.75,205.10000610351562,205.10000610351562,26491139
2026-06-02,207.47052001953125,209.83999633789062,210.17999267578125,206.50999450683594,208.0,42476874
2026-06-03,201.79534912109375,204.10000610351562,208.39999389648438,202.0,208.0,62282204
2026-06-04,202.0128631591797,204.32000732421875,205.08999633789062,202.10000610351562,203.0,40659957
2026-06-05,196.13003540039062,198.3699951171875,199.0,188.14999389648438,191.52000427246094,43539069
2026-06-08,179.7075958251953,181.75999450683594,193.88999938964844,181.0,193.38999938964844,75164049
2026-06-09,179.61862182617188,181.6699981689453,184.35000610351562,180.60000610351562,183.97000122070312,28381665
2026-06-10,176.9095458984375,178.92999267578125,182.2899932861328,178.5,182.10000610351562,16935979
2026-06-11,175.36717224121094,177.3699951171875,178.1999969482422,175.8300018310547,176.97000122070312,14468882
2026-06-12,178.10589599609375,180.13999938964844,180.4499969482422,177.57000732421875,178.64999389648438,13850153
2026-06-15,179.33189392089844,181.3800048828125,183.0,180.91000366210938,183.0,13870660
2026-06-16,180.60733032226562,182.6699981689453,183.3800048828125,181.6300048828125,182.38999938964844,11706020
2026-06-17,182.3870086669922,184.47000122070312,185.25,183.5800018310547,184.0,16131548
2026-06-18,180.77540588378906,182.83999633789062,184.75999450683594,181.7100067138672,184.47000122070312,18165845
2026-06-19,178.75843811035156,180.8000030517578,181.47999572753906,174.88999938964844,176.75999450683594,37469436
2026-06-22,178.1454315185547,180.17999267578125,182.39999389648438,180.0,180.83999633789062,10368112
2026-06-23,172.5196990966797,174.49000549316406,179.5,174.0,179.5,23954730
2026-06-24,172.50979614257812,174.47999572753906,175.49000549316406,171.49000549316406,171.5,56627728
2026-06-25,173.02394104003906,175.0,176.38999938964844,172.69000244140625,176.0,21544904
2026-06-26,173.02394104003906,175.0,175.0,175.0,175.0,0
2026-06-29,173.49850463867188,175.47999572753906,176.69000244140625,174.60000610351562,176.27999877929688,24484011
2026-06-30,168.4659881591797,170.38999938964844,175.39999389648438,170.0500030517578,175.0,26845383
2026-07-01,168.20892333984375,170.1300048828125,172.14999389648438,169.25,171.0,34638511
2026-07-02,172.0352325439453,174.0,174.97000122070312,169.0,169.49000549316406,43447174
2026-07-03,174.09173583984375,176.0800018310547,178.13999938964844,174.58999633789062,176.1999969482422,29538753
2026-07-06,172.35162353515625,174.32000732421875,176.3000030517578,173.57000732421875,176.0800018310547,8304046
2026-07-07,171.04652404785156,173.0,176.1999969482422,172.77000427246094,173.89999389648438,18837725
2026-07-08,170.76968383789062,172.72000122070312,175.39999389648438,172.24000549316406,173.0,16482564
2026-07-09,170.80921936035156,172.75999450683594,174.2899932861328,171.64999389648438,173.0,10270117
2026-07-10,173.47874450683594,175.4600067138672,177.22000122070312,175.0,175.22999572753906,16249590
