{
  "method": "standard",
  "columns": [
    "rolling_var_10",
    "dist_sma_50",
    "vma_20",
    "dist_sma_20",
    "price_diff",
    "high_low_range",
    "rolling_var_20",
    "return_lag_10",
    "bb_pct",
    "volume_lag_3",
    "vma_10",
    "day_of_week_sin",
    "volume_ratio_5",
    "volume_ratio_20",
    "volume_change_ratio",
    "obv",
    "open_close_diff",
    "roc_10",
    "dist_sma_5",
    "bb_width",
    "macd_hist",
    "atr",
    "volume_ratio_10",
    "day_of_month",
    "month_sin",
    "return_lag_1",
    "volume_lag_20",
    "rolling_vol_10",
    "log_return",
    "momentum_5",
    "vma_5",
    "dist_sma_200",
    "roc_20",
    "volume_lag_10",
    "return_lag_3",
    "volume_lag_5",
    "return_lag_20",
    "Volume",
    "rsi",
    "return_lag_5"
  ],
  "mean_": [
    202.55503063331113,
    0.026504193247747672,
    841231.1836817036,
    0.010260969443014321,
    0.4940495955279376,
    0.027986527084540986,
    387.6477481861889,
    0.001070409041181501,
    0.5836301322931805,
    831625.1483328665,
    840752.2153757357,
    0.35450000227821876,
    1.0071127787305783,
    0.9937608817674142,
    1.5173207417531778,
    179836023.93244046,
    -0.00013215754455599198,
    0.011932102838365133,
    0.0022231727882055267,
    0.11162993535069786,
    -0.017030537095975226,
    14.332584359332731,
    1.0052430249992883,
    15.831325301204819,
    0.006389422128689642,
    0.001119155797007181,
    823350.332137854,
    0.24995752274372812,
    0.0011255621270007507,
    2.3111196919935852,
    839426.3253258617,
    0.1144080364738424,
    0.023448346101909455,
    827823.3643597648,
    0.0011142969715241082,
    830087.4739142619,
    0.0010364653404408696,
    830547.0237825721,
    54.405437729911995,
    0.0010738664127093755
  ],
  "scale_": [
    440.1635672075836,
    0.06260682382076808,
    458569.72515782696,
    0.03996442097296846,
    9.784829570985542,
    0.017119527371184898,
    828.0685290783546,
    0.016195935139165382,
    0.3153124179800181,
    729496.6189833788,
    500013.6850888805,
    0.5133248002908041,
    0.6139200089856074,
    0.8069562389348501,
    2.065822296371184,
    93644284.47263286,
    0.017245001849452084,
    0.05165524917074294,
    0.017254154525711687,
    0.06107821423083327,
    3.393544212517179,
    11.293201373108458,
    0.7492994144286637,
    8.765147523249224,
    0.7013085269178027,
    0.01622015579229836,
    723127.061431712,
    0.11593717433122132,
    0.016192445265499417,
    21.69892246927622,
    554540.9493273897,
    0.12524932984666146,
    0.07192993394709878,
    726732.4232497995,
    0.016209527053493385,
    727895.467081677,
    0.016031784336246517,
    725443.7752257355,
    16.379730681785418,
    0.016178261307713975
  ]
}