{
  "method": "standard",
  "columns": [
    "dist_sma_100",
    "roc_10",
    "atr",
    "dist_sma_50",
    "volume_lag_1",
    "volume_lag_3",
    "momentum_10",
    "volume_change_ratio",
    "sma_200",
    "volume_ratio_10",
    "return_lag_5",
    "dist_sma_5",
    "week",
    "open_close_diff",
    "month_sin",
    "roc_20",
    "return_lag_20",
    "rolling_vol_5",
    "pct_change_1d",
    "rolling_var_20",
    "bb_pct",
    "high_low_range",
    "day_of_week_sin",
    "vma_10",
    "macd_hist",
    "macd",
    "day_of_month",
    "bb_width",
    "volume_lag_10",
    "atr_pct",
    "return_lag_10",
    "obv",
    "momentum_20",
    "rsi",
    "volume_change",
    "volume_ratio_20",
    "return_lag_3",
    "vma_20",
    "rolling_vol_20",
    "volume_lag_5"
  ],
  "mean_": [
    0.029992378197565825,
    0.008747535088146852,
    8.630292230371879,
    0.0151795830681563,
    3050399.5051943813,
    3038077.7403462925,
    1.7728173815164254,
    1.211043062616377,
    219.8470778767207,
    1.0111157511607165,
    0.0006237091973538943,
    0.0014579516370526768,
    26.641620385494935,
    -0.0008890312273248279,
    -0.00788978604854982,
    0.016734541425942356,
    0.0005312269021227713,
    0.345836430638535,
    0.0009706652919392516,
    102.34078408740186,
    0.539706416110219,
    0.03724141210396622,
    0.35587764529116744,
    3075174.7799346615,
    0.049846047902901716,
    1.086342591439402,
    15.785364260045737,
    0.16018282383238888,
    3006343.8770336495,
    0.03856137594089619,
    0.0006156516728548749,
    396776653.2520091,
    3.3217700790011464,
    52.12990869156749,
    -14829.391310029323,
    1.0098042507926703,
    0.0006535230551223153,
    3067886.3958281605,
    0.3758619125805416,
    3024160.198497223
  ],
  "scale_": [
    0.12837285062688733,
    0.07328525020309329,
    3.8506727961420455,
    0.0911517681909025,
    2645099.7094771657,
    2639131.7701436933,
    16.191552902173967,
    0.8953066177417998,
    103.0645498820657,
    0.5688347955630755,
    0.023530337579016077,
    0.025599160992448015,
    15.252335338486708,
    0.022714872455911625,
    0.6999812049224935,
    0.10397888717509408,
    0.023573953584155035,
    0.18300224594465947,
    0.023579355156987114,
    154.20616367956055,
    0.32017174406794946,
    0.020393758026746714,
    0.5132567909646094,
    1969096.8636012143,
    1.7511626205412918,
    5.708895302493877,
    8.76865136469608,
    0.08138526318332394,
    2560690.2235696516,
    0.013404219249427283,
    0.023572579578447442,
    171607255.4048275,
    22.936370552034646,
    16.56309082570153,
    2241049.4694936327,
    0.6413709538218476,
    0.023616343133238182,
    1787247.932182483,
    0.13544974453799533,
    2597574.2308721542
  ]
}