{
  "method": "standard",
  "columns": [
    "high_low_range",
    "vma_5",
    "volume_ratio_20",
    "obv",
    "High",
    "volume_lag_1",
    "vma_20",
    "rolling_vol_20",
    "return_lag_3",
    "momentum_5",
    "macd_signal",
    "volume_momentum",
    "rolling_vol_10",
    "volume_lag_10",
    "dist_sma_200",
    "roc_10",
    "volume_ratio_10",
    "return_lag_1",
    "volume_lag_20",
    "price_diff",
    "volume_change_ratio",
    "bb_pct",
    "rsi",
    "momentum_20",
    "rolling_var_5",
    "volume_lag_3",
    "month_sin",
    "volume_change",
    "roc_5",
    "rolling_vol_5",
    "volume_lag_5",
    "vma_10",
    "volume_ratio_5",
    "dist_sma_10",
    "macd",
    "dist_sma_50",
    "dist_sma_20",
    "dist_sma_5",
    "log_return",
    "bb_width"
  ],
  "mean_": [
    0.02504262624149698,
    10131043.709724851,
    0.997421587046903,
    248855672.965021,
    410.98904052323945,
    10028421.955393668,
    10212800.984007284,
    0.2819441906192683,
    0.0005505540549305402,
    0.7487638256001397,
    0.9788731116267243,
    1.0008224372512393,
    0.27222693654183744,
    10036663.705665454,
    0.05771013654777386,
    0.006385073074646174,
    1.0004836880298769,
    0.0005766037084553624,
    10035453.760302607,
    0.1571388357071093,
    1.1218494247970825,
    0.5575221549172941,
    53.123131907672644,
    2.9027397818016256,
    29.842763846806406,
    10017465.46582236,
    0.006389422128689642,
    -140923.6355954048,
    0.0031598240180648195,
    0.2581661946418263,
    10027935.511493417,
    10191349.197611656,
    1.0020492091365063,
    0.002319398026385792,
    0.990844117821131,
    0.012943382619412103,
    0.004962211947684786,
    0.0010071710535672943,
    0.000538603695750716,
    0.11636530173258537
  ],
  "scale_": [
    0.01514381908283336,
    4850990.005450101,
    0.5208089244111129,
    323073272.8273867,
    172.54123589665295,
    6292117.7800971065,
    3608928.214636635,
    0.13068291143423388,
    0.0173773533385793,
    11.136120427250933,
    4.8583612530148494,
    0.30878810775631393,
    0.145083659393332,
    6328179.306070542,
    0.1362128500510256,
    0.0541503617260586,
    0.45931291839402266,
    0.01744485884353311,
    6327942.491579162,
    4.946390142040971,
    0.6050363266614586,
    0.3172001148202735,
    15.785812444838328,
    20.944397716217743,
    63.06971735504799,
    6304475.975475945,
    0.7013085269178027,
    5895212.596649967,
    0.0383293784254903,
    0.16009706638077315,
    6321762.080551856,
    4275066.881569522,
    0.3776322637127114,
    0.028732875770670095,
    5.139115011127071,
    0.06714558130345775,
    0.042051783635743106,
    0.019041993526064536,
    0.017381030224670246,
    0.06542921393171734
  ]
}