{
  "method": "standard",
  "columns": [
    "momentum_20",
    "vma_20",
    "momentum_10",
    "volume_ratio_5",
    "month_cos",
    "trading_day_number",
    "macd_hist",
    "dist_sma_10",
    "momentum_5",
    "macd",
    "vma_10",
    "dist_sma_50",
    "bb_width",
    "return_lag_20",
    "obv",
    "return_lag_5",
    "high_low_range",
    "day_of_month",
    "dist_sma_5",
    "rsi",
    "roc_10",
    "open_close_diff",
    "volume_ratio_10",
    "atr",
    "volume_lag_1",
    "rolling_vol_10",
    "atr_pct",
    "month_sin",
    "Volume",
    "volume_lag_3",
    "dist_sma_100",
    "week",
    "roc_20",
    "return_lag_10",
    "log_return",
    "volume_lag_20",
    "bb_pct",
    "volume_change_ratio",
    "roc_5",
    "volume_ratio_20"
  ],
  "mean_": [
    0.9426316319944215,
    8370963.020249931,
    0.5920020056639318,
    1.00515124402158,
    0.007264836993632733,
    1988.0599607733259,
    0.010048596814373081,
    0.005441301522097405,
    0.26710465532753397,
    0.33854503440965916,
    8291106.965316896,
    0.030969992382585142,
    0.23702660858410413,
    0.001103038691001828,
    1893370337.564763,
    0.0011665379564609396,
    0.04660708703922857,
    15.831325301204819,
    0.0023435281131696426,
    51.95683108548876,
    0.016995730476750022,
    -0.0006315184471931515,
    1.0093909466476845,
    3.0884937884783445,
    8063353.044449429,
    0.4480851530672159,
    0.04849864097261522,
    0.006389422128689642,
    8048067.951672739,
    8052497.278094707,
    0.06742276218779052,
    26.38582235920426,
    0.03610251848444305,
    0.0011841291938749449,
    0.0011389454121554096,
    8068097.617719251,
    0.5341413788880036,
    1.2542279866171726,
    0.008409496527712713,
    1.0120847068626873
  ],
  "scale_": [
    10.981429896033227,
    7354991.119926662,
    7.200842195063236,
    0.5005983778809711,
    0.712792219023678,
    1031.4387277682322,
    0.8188026575113114,
    0.060415613017459055,
    4.786648741211323,
    2.914903616172687,
    7678393.679006244,
    0.1741902911902452,
    0.16628858823617482,
    0.02971179957882213,
    1429386892.7681808,
    0.02977449406474995,
    0.026668313044462093,
    8.765147523249224,
    0.03632872987854945,
    19.382535665746207,
    0.11905475909047791,
    0.02880461329851625,
    0.6212818978480485,
    2.2811462359433867,
    8982320.835873725,
    0.2266317728681959,
    0.01707651306837189,
    0.7013085269178027,
    8983435.736200692,
    8977541.561778575,
    0.26255998951327997,
    15.182256187575941,
    0.19162358897753404,
    0.029830267023093476,
    0.02982503756440814,
    8979013.746325593,
    0.33422082587049706,
    1.1069707622149962,
    0.07956081146167476,
    0.7348419466860691
  ]
}